timestamp,blocknumber,sqrtPriceX96,tick,observationIndex,observationCardinality,observationCardinalityNext,feeProtocol,unlocked
1723075199,20480141,1859900508583806602115144173068,63122,484,600,600,0,True
1723075211,20480142,1859900508583806602115144173068,63122,484,600,600,0,True
1723075223,20480143,1859900508583806602115144173068,63122,484,600,600,0,True
1723075235,20480144,1859900508583806602115144173068,63122,484,600,600,0,True
1723075247,20480145,1859900508583806602115144173068,63122,484,600,600,0,True
1723075259,20480146,1859900508583806602115144173068,63122,484,600,600,0,True
1723075271,20480147,1859900508583806602115144173068,63122,484,600,600,0,True
1723075283,20480148,1859900508583806602115144173068,63122,484,600,600,0,True
1723075295,20480149,1859900508583806602115144173068,63122,484,600,600,0,True
1723075307,20480150,1859900508583806602115144173068,63122,484,600,600,0,True
1723075319,20480151,1859900508583806602115144173068,63122,484,600,600,0,True
1723075331,20480152,1859900508583806602115144173068,63122,484,600,600,0,True
1723075343,20480153,1859900508583806602115144173068,63122,484,600,600,0,True
1723075355,20480154,1859900508583806602115144173068,63122,484,600,600,0,True
1723075367,20480155,1860213800909590569227660752527,63125,485,600,600,0,True
1723075379,20480156,1860213800909590569227660752527,63125,485,600,600,0,True
1723075391,20480157,1860213800909590569227660752527,63125,485,600,600,0,True
1723075403,20480158,1860693597116697352457466937344,63130,486,600,600,0,True
1723075415,20480159,1860693597116697352457466937344,63130,486,600,600,0,True
1723075427,20480160,1860693597116697352457466937344,63130,486,600,600,0,True
1723075439,20480161,1860693597116697352457466937344,63130,486,600,600,0,True
1723075451,20480162,1860693597116697352457466937344,63130,486,600,600,0,True
1723075463,20480163,1860693597116697352457466937344,63130,486,600,600,0,True
1723075475,20480164,1860693597116697352457466937344,63130,486,600,600,0,True
1723075487,20480165,1860693597116697352457466937344,63130,486,600,600,0,True
1723075499,20480166,1860693597116697352457466937344,63130,486,600,600,0,True
1723075511,20480167,1860693597116697352457466937344,63130,486,600,600,0,True
1723075523,20480168,1860693597116697352457466937344,63130,486,600,600,0,True
1723075535,20480169,1860693597116697352457466937344,63130,486,600,600,0,True
1723075547,20480170,1860693597116697352457466937344,63130,486,600,600,0,True
1723075559,20480171,1860693597116697352457466937344,63130,486,600,600,0,True
1723075571,20480172,1860693597116697352457466937344,63130,486,600,600,0,True
1723075583,20480173,1860693597116697352457466937344,63130,486,600,600,0,True
1723075595,20480174,1860693597116697352457466937344,63130,486,600,600,0,True
1723075607,20480175,1860693597116697352457466937344,63130,486,600,600,0,True
1723075619,20480176,1860693597116697352457466937344,63130,486,600,600,0,True
1723075631,20480177,1860693597116697352457466937344,63130,486,600,600,0,True
1723075643,20480178,1860693597116697352457466937344,63130,486,600,600,0,True
1723075655,20480179,1860693597116697352457466937344,63130,486,600,600,0,True
1723075667,20480180,1860693597116697352457466937344,63130,486,600,600,0,True
1723075679,20480181,1860693597116697352457466937344,63130,486,600,600,0,True
1723075691,20480182,1860693597116697352457466937344,63130,486,600,600,0,True
1723075703,20480183,1861158276350619373278518049264,63135,487,600,600,0,True
1723075715,20480184,1861158276350619373278518049264,63135,487,600,600,0,True
1723075727,20480185,1862108989875607823207025946659,63145,488,600,600,0,True
1723075739,20480186,1862108989875607823207025946659,63145,488,600,600,0,True
1723075751,20480187,1862108989875607823207025946659,63145,488,600,600,0,True
1723075763,20480188,1862108989875607823207025946659,63145,488,600,600,0,True
1723075775,20480189,1862108989875607823207025946659,63145,489,600,600,0,True
1723075787,20480190,1862108989875607823207025946659,63145,489,600,600,0,True
1723075799,20480191,1862108989875607823207025946659,63145,489,600,600,0,True
1723075811,20480192,1862108989875607823207025946659,63145,489,600,600,0,True
1723075823,20480193,1862108989875607823207025946659,63145,489,600,600,0,True
1723075835,20480194,1862108989875607823207025946659,63145,489,600,600,0,True
1723075847,20480195,1862108989875607823207025946659,63145,489,600,600,0,True
1723075859,20480196,1862108989875607823207025946659,63145,489,600,600,0,True
1723075871,20480197,1862108989875607823207025946659,63145,489,600,600,0,True
1723075883,20480198,1862108989875607823207025946659,63145,489,600,600,0,True
1723075895,20480199,1862108989875607823207025946659,63145,489,600,600,0,True
1723075907,20480200,1862108989875607823207025946659,63145,489,600,600,0,True
1723075919,20480201,1862108989875607823207025946659,63145,489,600,600,0,True
1723075931,20480202,1862108989875607823207025946659,63145,489,600,600,0,True
1723075943,20480203,1862108989875607823207025946659,63145,489,600,600,0,True
1723075955,20480204,1862108989875607823207025946659,63145,489,600,600,0,True
1723075967,20480205,1862108989875607823207025946659,63145,489,600,600,0,True
1723075991,20480206,1862108989875607823207025946659,63145,489,600,600,0,True
1723076003,20480207,1862108989875607823207025946659,63145,489,600,600,0,True
1723076015,20480208,1862108989875607823207025946659,63145,489,600,600,0,True
1723076027,20480209,1862108989875607823207025946659,63145,489,600,600,0,True
1723076039,20480210,1862108989875607823207025946659,63145,489,600,600,0,True
1723076051,20480211,1862108989875607823207025946659,63145,489,600,600,0,True
1723076063,20480212,1862108989875607823207025946659,63145,489,600,600,0,True
1723076075,20480213,1862108989875607823207025946659,63145,489,600,600,0,True
1723076087,20480214,1862108989875607823207025946659,63145,489,600,600,0,True
1723076099,20480215,1862108989875607823207025946659,63145,489,600,600,0,True
1723076111,20480216,1862108989875607823207025946659,63145,489,600,600,0,True
1723076123,20480217,1862108989875607823207025946659,63145,489,600,600,0,True
1723076135,20480218,1862108989875607823207025946659,63145,489,600,600,0,True
1723076147,20480219,1862108989875607823207025946659,63145,489,600,600,0,True
1723076159,20480220,1862108989875607823207025946659,63145,489,600,600,0,True
1723076171,20480221,1862108989875607823207025946659,63145,489,600,600,0,True
1723076183,20480222,1862108989875607823207025946659,63145,489,600,600,0,True
1723076195,20480223,1862108989875607823207025946659,63145,489,600,600,0,True
1723076207,20480224,1862108989875607823207025946659,63145,489,600,600,0,True
1723076219,20480225,1862108989875607823207025946659,63145,489,600,600,0,True
1723076231,20480226,1862108989875607823207025946659,63145,489,600,600,0,True
1723076243,20480227,1862108989875607823207025946659,63145,489,600,600,0,True
1723076255,20480228,1862108989875607823207025946659,63145,489,600,600,0,True
1723076267,20480229,1862108989875607823207025946659,63145,489,600,600,0,True
1723076279,20480230,1862108989875607823207025946659,63145,489,600,600,0,True
1723076291,20480231,1862108989875607823207025946659,63145,489,600,600,0,True
1723076303,20480232,1862108989875607823207025946659,63145,489,600,600,0,True
1723076315,20480233,1862108989875607823207025946659,63145,489,600,600,0,True
1723076327,20480234,1862108989875607823207025946659,63145,489,600,600,0,True
1723076339,20480235,1862108989875607823207025946659,63145,489,600,600,0,True
1723076351,20480236,1862108989875607823207025946659,63145,489,600,600,0,True
1723076363,20480237,1862108989875607823207025946659,63145,489,600,600,0,True
1723076375,20480238,1862108989875607823207025946659,63145,489,600,600,0,True
1723076387,20480239,1862108989875607823207025946659,63145,489,600,600,0,True
1723076399,20480240,1862108989875607823207025946659,63145,489,600,600,0,True
1723076411,20480241,1862108989875607823207025946659,63145,489,600,600,0,True
1723076423,20480242,1862108989875607823207025946659,63145,489,600,600,0,True
1723076435,20480243,1862108989875607823207025946659,63145,489,600,600,0,True
1723076447,20480244,1862108989875607823207025946659,63145,489,600,600,0,True
1723076459,20480245,1862108989875607823207025946659,63145,489,600,600,0,True
1723076471,20480246,1861801514688846328995213942092,63142,490,600,600,0,True
1723076483,20480247,1861478829502731728146208590248,63139,491,600,600,0,True
1723076495,20480248,1861478829502731728146208590248,63139,491,600,600,0,True
1723076507,20480249,1861478829502731728146208590248,63139,491,600,600,0,True
1723076519,20480250,1861478829502731728146208590248,63139,491,600,600,0,True
1723076531,20480251,1861095528300907535159812685824,63134,492,600,600,0,True
1723076543,20480252,1861095528300907535159812685824,63134,492,600,600,0,True
1723076555,20480253,1861095528300907535159812685824,63134,492,600,600,0,True
1723076567,20480254,1861095528300907535159812685824,63134,492,600,600,0,True
1723076579,20480255,1861095528300907535159812685824,63134,492,600,600,0,True
1723076591,20480256,1861095528300907535159812685824,63134,492,600,600,0,True
1723076603,20480257,1861095528300907535159812685824,63134,492,600,600,0,True
1723076615,20480258,1861095528300907535159812685824,63134,492,600,600,0,True
1723076627,20480259,1860501584612789127565285159971,63128,493,600,600,0,True
1723076651,20480260,1860435244182923205178104678316,63127,494,600,600,0,True
1723076663,20480261,1860327723218596642528532282018,63126,495,600,600,0,True
1723076675,20480262,1860327723218596642528532282018,63126,495,600,600,0,True
1723076687,20480263,1860303413558096532634302770148,63126,495,600,600,0,True
1723076699,20480264,1860303413558096532634302770148,63126,495,600,600,0,True
1723076711,20480265,1860303413558096532634302770148,63126,495,600,600,0,True
1723076723,20480266,1860229162009704005151077093128,63125,496,600,600,0,True
1723076735,20480267,1860229162009704005151077093128,63125,496,600,600,0,True
1723076747,20480268,1860229162009704005151077093128,63125,496,600,600,0,True
1723076759,20480269,1860229162009704005151077093128,63125,496,600,600,0,True
1723076771,20480270,1860229162009704005151077093128,63125,496,600,600,0,True
1723076783,20480271,1860229162009704005151077093128,63125,496,600,600,0,True
1723076795,20480272,1860229162009704005151077093128,63125,496,600,600,0,True
1723076807,20480273,1860229162009704005151077093128,63125,496,600,600,0,True
1723076819,20480274,1860229162009704005151077093128,63125,496,600,600,0,True
1723076831,20480275,1860229162009704005151077093128,63125,496,600,600,0,True
1723076843,20480276,1859859567656515529363670226811,63121,497,600,600,0,True
1723076855,20480277,1859678697163939858793755652177,63119,498,600,600,0,True
1723076867,20480278,1859678697163939858793755652177,63119,498,600,600,0,True
1723076879,20480279,1859678697163939858793755652177,63119,498,600,600,0,True
1723076891,20480280,1859678697163939858793755652177,63119,498,600,600,0,True
1723076903,20480281,1859678697163939858793755652177,63119,498,600,600,0,True
1723076915,20480282,1859678697163939858793755652177,63119,498,600,600,0,True
1723076927,20480283,1859678697163939858793755652177,63119,498,600,600,0,True
1723076939,20480284,1859678697163939858793755652177,63119,498,600,600,0,True
1723076951,20480285,1859678697163939858793755652177,63119,498,600,600,0,True
1723076963,20480286,1859678697163939858793755652177,63119,498,600,600,0,True
1723076975,20480287,1859678697163939858793755652177,63119,498,600,600,0,True
1723076987,20480288,1859678697163939858793755652177,63119,498,600,600,0,True
1723076999,20480289,1859384923707500454845152335372,63116,499,600,600,0,True
1723077011,20480290,1859384923707500454845152335372,63116,499,600,600,0,True
1723077023,20480291,1859384923707500454845152335372,63116,499,600,600,0,True
1723077035,20480292,1859384923707500454845152335372,63116,499,600,600,0,True
1723077047,20480293,1859384923707500454845152335372,63116,499,600,600,0,True
1723077059,20480294,1859253555312538807466283865306,63115,500,600,600,0,True
1723077071,20480295,1859253555312538807466283865306,63115,500,600,600,0,True
1723077083,20480296,1859253555312538807466283865306,63115,500,600,600,0,True
1723077095,20480297,1859253555312538807466283865306,63115,500,600,600,0,True
1723077107,20480298,1859253555312538807466283865306,63115,500,600,600,0,True
1723077119,20480299,1859253555312538807466283865306,63115,500,600,600,0,True
1723077131,20480300,1859253555312538807466283865306,63115,500,600,600,0,True
1723077143,20480301,1859253555312538807466283865306,63115,500,600,600,0,True
1723077155,20480302,1859253555312538807466283865306,63115,500,600,600,0,True
1723077167,20480303,1859253555312538807466283865306,63115,500,600,600,0,True
1723077179,20480304,1859253555312538807466283865306,63115,500,600,600,0,True
1723077191,20480305,1859253555312538807466283865306,63115,500,600,600,0,True
1723077203,20480306,1859253555312538807466283865306,63115,500,600,600,0,True
1723077215,20480307,1859253555312538807466283865306,63115,500,600,600,0,True
1723077227,20480308,1859253555312538807466283865306,63115,500,600,600,0,True
1723077239,20480309,1859253555312538807466283865306,63115,500,600,600,0,True
1723077251,20480310,1858941991794517675735431127663,63111,501,600,600,0,True
1723077263,20480311,1858941991794517675735431127663,63111,501,600,600,0,True
1723077275,20480312,1858547575422981479742614536192,63107,502,600,600,0,True
1723077287,20480313,1858547575422981479742614536192,63107,502,600,600,0,True
1723077299,20480314,1858547575422981479742614536192,63107,502,600,600,0,True
1723077311,20480315,1858547575422981479742614536192,63107,502,600,600,0,True
1723077323,20480316,1858547575422981479742614536192,63107,502,600,600,0,True
1723077335,20480317,1858547575422981479742614536192,63107,502,600,600,0,True
1723077347,20480318,1858547575422981479742614536192,63107,502,600,600,0,True
1723077359,20480319,1858547575422981479742614536192,63107,502,600,600,0,True
1723077371,20480320,1858547575422981479742614536192,63107,502,600,600,0,True
1723077383,20480321,1858547575422981479742614536192,63107,502,600,600,0,True
1723077395,20480322,1858547575422981479742614536192,63107,502,600,600,0,True
1723077407,20480323,1858547575422981479742614536192,63107,502,600,600,0,True
1723077419,20480324,1858547575422981479742614536192,63107,502,600,600,0,True
1723077431,20480325,1858547575422981479742614536192,63107,502,600,600,0,True
1723077443,20480326,1858547575422981479742614536192,63107,502,600,600,0,True
1723077455,20480327,1858547575422981479742614536192,63107,502,600,600,0,True
1723077467,20480328,1858547575422981479742614536192,63107,502,600,600,0,True
1723077479,20480329,1858547575422981479742614536192,63107,502,600,600,0,True
1723077491,20480330,1858547575422981479742614536192,63107,502,600,600,0,True
1723077503,20480331,1858547575422981479742614536192,63107,502,600,600,0,True
1723077515,20480332,1858547575422981479742614536192,63107,502,600,600,0,True
1723077527,20480333,1858547575422981479742614536192,63107,502,600,600,0,True
1723077539,20480334,1858547575422981479742614536192,63107,502,600,600,0,True
1723077551,20480335,1858547575422981479742614536192,63107,502,600,600,0,True
1723077563,20480336,1858547575422981479742614536192,63107,502,600,600,0,True
1723077575,20480337,1857281908321515209454277099520,63093,503,600,600,0,True
1723077587,20480338,1857281908321515209454277099520,63093,503,600,600,0,True
1723077599,20480339,1857281908321515209454277099520,63093,503,600,600,0,True
1723077611,20480340,1857281908321515209454277099520,63093,503,600,600,0,True
1723077623,20480341,1857281908321515209454277099520,63093,503,600,600,0,True
1723077635,20480342,1857281908321515209454277099520,63093,503,600,600,0,True
1723077647,20480343,1857281908321515209454277099520,63093,503,600,600,0,True
1723077659,20480344,1857281908321515209454277099520,63093,503,600,600,0,True
1723077671,20480345,1857281908321515209454277099520,63093,503,600,600,0,True
1723077683,20480346,1857281908321515209454277099520,63093,503,600,600,0,True
1723077695,20480347,1857281908321515209454277099520,63093,503,600,600,0,True
1723077707,20480348,1857129429684554762955421851863,63092,504,600,600,0,True
1723077719,20480349,1857129429684554762955421851863,63092,504,600,600,0,True
1723077731,20480350,1857129429684554762955421851863,63092,504,600,600,0,True
1723077743,20480351,1857129429684554762955421851863,63092,504,600,600,0,True
1723077755,20480352,1857129429684554762955421851863,63092,504,600,600,0,True
1723077767,20480353,1857129429684554762955421851863,63092,504,600,600,0,True
1723077779,20480354,1857129429684554762955421851863,63092,504,600,600,0,True
1723077791,20480355,1857129429684554762955421851863,63092,504,600,600,0,True
1723077803,20480356,1857129429684554762955421851863,63092,504,600,600,0,True
1723077815,20480357,1857129429684554762955421851863,63092,504,600,600,0,True
1723077827,20480358,1857129429684554762955421851863,63092,504,600,600,0,True
1723077839,20480359,1857129429684554762955421851863,63092,504,600,600,0,True
1723077851,20480360,1857129429684554762955421851863,63092,504,600,600,0,True
1723077863,20480361,1857129429684554762955421851863,63092,504,600,600,0,True
1723077875,20480362,1857129429684554762955421851863,63092,504,600,600,0,True
1723077887,20480363,1857129429684554762955421851863,63092,504,600,600,0,True
1723077899,20480364,1857129429684554762955421851863,63092,504,600,600,0,True
1723077911,20480365,1857129429684554762955421851863,63092,504,600,600,0,True
1723077923,20480366,1857129429684554762955421851863,63092,504,600,600,0,True
1723077935,20480367,1857129429684554762955421851863,63092,504,600,600,0,True
1723077947,20480368,1857129429684554762955421851863,63092,504,600,600,0,True
1723077959,20480369,1857129429684554762955421851863,63092,504,600,600,0,True
1723077971,20480370,1857465015538120494854785615008,63095,505,600,600,0,True
1723077983,20480371,1858456935012824722306494365696,63106,506,600,600,0,True
1723077995,20480372,1858456935012824722306494365696,63106,506,600,600,0,True
1723078007,20480373,1858456935012824722306494365696,63106,506,600,600,0,True
1723078019,20480374,1858456935012824722306494365696,63106,506,600,600,0,True
1723078031,20480375,1858522477122835913541994937201,63107,507,600,600,0,True
1723078043,20480376,1858522477122835913541994937201,63107,507,600,600,0,True
1723078055,20480377,1858522477122835913541994937201,63107,507,600,600,0,True
1723078067,20480378,1858655229999612404289018827395,63108,508,600,600,0,True
1723078079,20480379,1859164253256517981853652896450,63114,509,600,600,0,True
1723078091,20480380,1859164253256517981853652896450,63114,509,600,600,0,True
1723078103,20480381,1859164253256517981853652896450,63114,509,600,600,0,True
1723078115,20480382,1859164253256517981853652896450,63114,509,600,600,0,True
1723078127,20480383,1859602079681630133024941356283,63118,510,600,600,0,True
1723078139,20480384,1859602079681630133024941356283,63118,510,600,600,0,True
1723078151,20480385,1859602079681630133024941356283,63118,510,600,600,0,True
1723078163,20480386,1859602079681630133024941356283,63118,510,600,600,0,True
1723078175,20480387,1859602079681630133024941356283,63118,510,600,600,0,True
1723078187,20480388,1859602079681630133024941356283,63118,510,600,600,0,True
1723078199,20480389,1859602079681630133024941356283,63118,510,600,600,0,True
1723078211,20480390,1859602079681630133024941356283,63118,510,600,600,0,True
1723078223,20480391,1859602079681630133024941356283,63118,510,600,600,0,True
1723078235,20480392,1859602079681630133024941356283,63118,510,600,600,0,True
1723078247,20480393,1859602079681630133024941356283,63118,510,600,600,0,True
1723078259,20480394,1859602079681630133024941356283,63118,510,600,600,0,True
1723078271,20480395,1859602079681630133024941356283,63118,510,600,600,0,True
1723078283,20480396,1859602079681630133024941356283,63118,510,600,600,0,True
1723078295,20480397,1859602079681630133024941356283,63118,510,600,600,0,True
1723078307,20480398,1859602079681630133024941356283,63118,510,600,600,0,True
1723078319,20480399,1859602079681630133024941356283,63118,510,600,600,0,True
1723078331,20480400,1860012017054131652900638091681,63123,511,600,600,0,True
1723078343,20480401,1860444376758296670030232750758,63127,512,600,600,0,True
1723078355,20480402,1860444376758296670030232750758,63127,512,600,600,0,True
1723078367,20480403,1860444376758296670030232750758,63127,512,600,600,0,True
1723078379,20480404,1860444376758296670030232750758,63127,512,600,600,0,True
1723078391,20480405,1860444376758296670030232750758,63127,512,600,600,0,True
1723078403,20480406,1860444376758296670030232750758,63127,512,600,600,0,True
1723078415,20480407,1860444376758296670030232750758,63127,512,600,600,0,True
1723078427,20480408,1860444376758296670030232750758,63127,512,600,600,0,True
1723078439,20480409,1860444376758296670030232750758,63127,512,600,600,0,True
1723078451,20480410,1860444376758296670030232750758,63127,512,600,600,0,True
1723078463,20480411,1860444376758296670030232750758,63127,512,600,600,0,True
1723078475,20480412,1863290969000804731482314180751,63158,513,600,600,0,True
1723078487,20480413,1863290969000804731482314180751,63158,513,600,600,0,True
1723078499,20480414,1863290969000804731482314180751,63158,513,600,600,0,True
1723078511,20480415,1863290969000804731482314180751,63158,513,600,600,0,True
1723078523,20480416,1863290969000804731482314180751,63158,513,600,600,0,True
1723078535,20480417,1863290969000804731482314180751,63158,513,600,600,0,True
1723078547,20480418,1863290969000804731482314180751,63158,513,600,600,0,True
1723078559,20480419,1863290969000804731482314180751,63158,513,600,600,0,True
1723078571,20480420,1863290969000804731482314180751,63158,513,600,600,0,True
1723078583,20480421,1863290969000804731482314180751,63158,513,600,600,0,True
1723078595,20480422,1863290969000804731482314180751,63158,513,600,600,0,True
1723078607,20480423,1863290969000804731482314180751,63158,513,600,600,0,True
1723078619,20480424,1863290969000804731482314180751,63158,513,600,600,0,True
1723078631,20480425,1863290969000804731482314180751,63158,513,600,600,0,True
1723078643,20480426,1863290969000804731482314180751,63158,513,600,600,0,True
1723078655,20480427,1863290969000804731482314180751,63158,513,600,600,0,True
1723078667,20480428,1863290969000804731482314180751,63158,513,600,600,0,True
1723078679,20480429,1863290969000804731482314180751,63158,513,600,600,0,True
1723078691,20480430,1863290969000804731482314180751,63158,513,600,600,0,True
1723078703,20480431,1863290969000804731482314180751,63158,513,600,600,0,True
1723078715,20480432,1863290969000804731482314180751,63158,513,600,600,0,True
1723078727,20480433,1863290969000804731482314180751,63158,513,600,600,0,True
1723078739,20480434,1863290969000804731482314180751,63158,513,600,600,0,True
1723078751,20480435,1863290969000804731482314180751,63158,513,600,600,0,True
1723078763,20480436,1863290969000804731482314180751,63158,513,600,600,0,True
1723078775,20480437,1863290969000804731482314180751,63158,513,600,600,0,True
1723078787,20480438,1863290969000804731482314180751,63158,513,600,600,0,True
1723078799,20480439,1863290969000804731482314180751,63158,513,600,600,0,True
1723078811,20480440,1863290969000804731482314180751,63158,513,600,600,0,True
1723078823,20480441,1863290969000804731482314180751,63158,513,600,600,0,True
1723078835,20480442,1863290969000804731482314180751,63158,513,600,600,0,True
1723078847,20480443,1863290969000804731482314180751,63158,513,600,600,0,True
1723078859,20480444,1863290969000804731482314180751,63158,513,600,600,0,True
1723078883,20480445,1863290969000804731482314180751,63158,513,600,600,0,True
1723078895,20480446,1863290969000804731482314180751,63158,513,600,600,0,True
1723078907,20480447,1863290969000804731482314180751,63158,513,600,600,0,True
1723078919,20480448,1863290969000804731482314180751,63158,513,600,600,0,True
1723078931,20480449,1863290969000804731482314180751,63158,513,600,600,0,True
1723078943,20480450,1863290969000804731482314180751,63158,513,600,600,0,True
1723078955,20480451,1863290969000804731482314180751,63158,513,600,600,0,True
1723078967,20480452,1863290969000804731482314180751,63158,513,600,600,0,True
1723078979,20480453,1863290969000804731482314180751,63158,513,600,600,0,True
1723078991,20480454,1863290969000804731482314180751,63158,513,600,600,0,True
1723079003,20480455,1863290969000804731482314180751,63158,513,600,600,0,True
1723079015,20480456,1863290969000804731482314180751,63158,513,600,600,0,True
1723079027,20480457,1863290969000804731482314180751,63158,513,600,600,0,True
1723079039,20480458,1863290969000804731482314180751,63158,513,600,600,0,True
1723079051,20480459,1863290969000804731482314180751,63158,513,600,600,0,True
1723079063,20480460,1863748303565313443940841244928,63163,514,600,600,0,True
1723079075,20480461,1863748303565313443940841244928,63163,514,600,600,0,True
1723079087,20480462,1863748303565313443940841244928,63163,514,600,600,0,True
1723079099,20480463,1863748303565313443940841244928,63163,514,600,600,0,True
1723079111,20480464,1863748303565313443940841244928,63163,514,600,600,0,True
1723079123,20480465,1863748303565313443940841244928,63163,514,600,600,0,True
1723079135,20480466,1863748303565313443940841244928,63163,514,600,600,0,True
1723079147,20480467,1863748303565313443940841244928,63163,514,600,600,0,True
1723079159,20480468,1863748303565313443940841244928,63163,514,600,600,0,True
1723079171,20480469,1863748303565313443940841244928,63163,514,600,600,0,True
1723079183,20480470,1863748303565313443940841244928,63163,514,600,600,0,True
1723079195,20480471,1863748303565313443940841244928,63163,514,600,600,0,True
1723079207,20480472,1863748303565313443940841244928,63163,514,600,600,0,True
1723079219,20480473,1863748303565313443940841244928,63163,514,600,600,0,True
1723079231,20480474,1863748303565313443940841244928,63163,514,600,600,0,True
1723079243,20480475,1863748303565313443940841244928,63163,514,600,600,0,True
1723079255,20480476,1863748303565313443940841244928,63163,514,600,600,0,True
1723079267,20480477,1864152828303102372757801777868,63167,515,600,600,0,True
1723079279,20480478,1864152828303102372757801777868,63167,515,600,600,0,True
1723079291,20480479,1864152828303102372757801777868,63167,515,600,600,0,True
1723079303,20480480,1864152828303102372757801777868,63167,515,600,600,0,True
1723079315,20480481,1864152828303102372757801777868,63167,515,600,600,0,True
1723079327,20480482,1864152828303102372757801777868,63167,515,600,600,0,True
1723079339,20480483,1864152828303102372757801777868,63167,515,600,600,0,True
1723079351,20480484,1864152828303102372757801777868,63167,515,600,600,0,True
1723079363,20480485,1864152828303102372757801777868,63167,515,600,600,0,True
1723079375,20480486,1864152828303102372757801777868,63167,515,600,600,0,True
1723079387,20480487,1864152828303102372757801777868,63167,515,600,600,0,True
1723079399,20480488,1864191828260602853907476963165,63168,516,600,600,0,True
1723079411,20480489,1864191828260602853907476963165,63168,516,600,600,0,True
1723079423,20480490,1864191828260602853907476963165,63168,516,600,600,0,True
1723079435,20480491,1864191828260602853907476963165,63168,516,600,600,0,True
1723079447,20480492,1865201156023067429744152674304,63179,517,600,600,0,True
1723079459,20480493,1865201156023067429744152674304,63179,517,600,600,0,True
1723079471,20480494,1865201156023067429744152674304,63179,517,600,600,0,True
1723079483,20480495,1865201156023067429744152674304,63179,517,600,600,0,True
1723079495,20480496,1865201156023067429744152674304,63179,517,600,600,0,True
1723079507,20480497,1865201156023067429744152674304,63179,517,600,600,0,True
1723079519,20480498,1865201156023067429744152674304,63179,517,600,600,0,True
1723079531,20480499,1865558271001428208567985124632,63182,518,600,600,0,True
1723079543,20480500,1866641593030166216002081597356,63194,519,600,600,0,True
1723079555,20480501,1867551945465138910840432983243,63204,520,600,600,0,True
1723079567,20480502,1868805338300681681725789683332,63217,521,600,600,0,True
1723079579,20480503,1869318174015689767558029436290,63223,522,600,600,0,True
1723079591,20480504,1870282581099882726945105094090,63233,523,600,600,0,True
1723079603,20480505,1871543041503286514220876835070,63246,524,600,600,0,True
1723079615,20480506,1871543041503286514220876835070,63246,524,600,600,0,True
1723079627,20480507,1871838733674578248558797366706,63250,525,600,600,0,True
1723079639,20480508,1871838733674578248558797366706,63250,525,600,600,0,True
1723079651,20480509,1872299785318250591913709863628,63254,526,600,600,0,True
1723079663,20480510,1872299785318250591913709863628,63254,526,600,600,0,True
1723079675,20480511,1872299785318250591913709863628,63254,526,600,600,0,True
1723079687,20480512,1872299785318250591913709863628,63254,526,600,600,0,True
1723079699,20480513,1872299785318250591913709863628,63254,526,600,600,0,True
1723079711,20480514,1872299785318250591913709863628,63254,526,600,600,0,True
1723079723,20480515,1872299785318250591913709863628,63254,526,600,600,0,True
1723079735,20480516,1872299785318250591913709863628,63254,526,600,600,0,True
1723079747,20480517,1872299785318250591913709863628,63254,526,600,600,0,True
1723079759,20480518,1872299785318250591913709863628,63254,526,600,600,0,True
1723079771,20480519,1872299785318250591913709863628,63254,526,600,600,0,True
1723079783,20480520,1872299785318250591913709863628,63254,526,600,600,0,True
1723079795,20480521,1872508835060505814717457673084,63257,527,600,600,0,True
1723079807,20480522,1872508835060505814717457673084,63257,527,600,600,0,True
1723079819,20480523,1872508835060505814717457673084,63257,527,600,600,0,True
1723079831,20480524,1872508835060505814717457673084,63257,527,600,600,0,True
1723079843,20480525,1872508835060505814717457673084,63257,527,600,600,0,True
1723079855,20480526,1872508835060505814717457673084,63257,527,600,600,0,True
1723079867,20480527,1872508835060505814717457673084,63257,527,600,600,0,True
1723079879,20480528,1872508835060505814717457673084,63257,527,600,600,0,True
1723079891,20480529,1872508835060505814717457673084,63257,527,600,600,0,True
1723079903,20480530,1872508835060505814717457673084,63257,527,600,600,0,True
1723079915,20480531,1872508835060505814717457673084,63257,527,600,600,0,True
1723079927,20480532,1872508835060505814717457673084,63257,527,600,600,0,True
1723079939,20480533,1872508835060505814717457673084,63257,527,600,600,0,True
1723079951,20480534,1872508835060505814717457673084,63257,527,600,600,0,True
1723079963,20480535,1872508835060505814717457673084,63257,527,600,600,0,True
1723079975,20480536,1872508835060505814717457673084,63257,527,600,600,0,True
1723079987,20480537,1872508835060505814717457673084,63257,527,600,600,0,True
1723079999,20480538,1872508835060505814717457673084,63257,527,600,600,0,True
1723080011,20480539,1872508835060505814717457673084,63257,527,600,600,0,True
1723080023,20480540,1872508835060505814717457673084,63257,527,600,600,0,True
1723080035,20480541,1872508835060505814717457673084,63257,527,600,600,0,True
1723080047,20480542,1872508835060505814717457673084,63257,527,600,600,0,True
1723080059,20480543,1872508835060505814717457673084,63257,527,600,600,0,True
1723080071,20480544,1872508835060505814717457673084,63257,527,600,600,0,True
1723080083,20480545,1872508835060505814717457673084,63257,527,600,600,0,True
1723080095,20480546,1872508835060505814717457673084,63257,527,600,600,0,True
1723080107,20480547,1872508835060505814717457673084,63257,527,600,600,0,True
1723080119,20480548,1872508835060505814717457673084,63257,527,600,600,0,True
1723080131,20480549,1872508835060505814717457673084,63257,527,600,600,0,True
1723080143,20480550,1872508835060505814717457673084,63257,527,600,600,0,True
1723080155,20480551,1872508835060505814717457673084,63257,527,600,600,0,True
1723080167,20480552,1872508835060505814717457673084,63257,527,600,600,0,True
1723080179,20480553,1872508835060505814717457673084,63257,527,600,600,0,True
1723080191,20480554,1872508835060505814717457673084,63257,527,600,600,0,True
1723080203,20480555,1872508835060505814717457673084,63257,527,600,600,0,True
1723080215,20480556,1872508835060505814717457673084,63257,527,600,600,0,True
1723080227,20480557,1872508835060505814717457673084,63257,527,600,600,0,True
1723080239,20480558,1872508835060505814717457673084,63257,527,600,600,0,True
1723080251,20480559,1872508835060505814717457673084,63257,527,600,600,0,True
1723080263,20480560,1872508835060505814717457673084,63257,527,600,600,0,True
1723080275,20480561,1872508835060505814717457673084,63257,527,600,600,0,True
1723080287,20480562,1872508835060505814717457673084,63257,527,600,600,0,True
1723080299,20480563,1872508835060505814717457673084,63257,527,600,600,0,True
1723080311,20480564,1872508835060505814717457673084,63257,527,600,600,0,True
1723080323,20480565,1872508835060505814717457673084,63257,527,600,600,0,True
1723080335,20480566,1872508835060505814717457673084,63257,527,600,600,0,True
1723080347,20480567,1872508835060505814717457673084,63257,527,600,600,0,True
1723080359,20480568,1872508835060505814717457673084,63257,527,600,600,0,True
1723080371,20480569,1872508835060505814717457673084,63257,527,600,600,0,True
1723080383,20480570,1872508835060505814717457673084,63257,527,600,600,0,True
1723080395,20480571,1872508835060505814717457673084,63257,527,600,600,0,True
1723080407,20480572,1872508835060505814717457673084,63257,527,600,600,0,True
1723080419,20480573,1872508835060505814717457673084,63257,527,600,600,0,True
1723080431,20480574,1872508835060505814717457673084,63257,527,600,600,0,True
1723080443,20480575,1872508835060505814717457673084,63257,527,600,600,0,True
1723080455,20480576,1872508835060505814717457673084,63257,527,600,600,0,True
1723080467,20480577,1872508835060505814717457673084,63257,527,600,600,0,True
1723080479,20480578,1872508835060505814717457673084,63257,527,600,600,0,True
1723080491,20480579,1872508835060505814717457673084,63257,527,600,600,0,True
1723080503,20480580,1872508835060505814717457673084,63257,527,600,600,0,True
1723080515,20480581,1872508835060505814717457673084,63257,527,600,600,0,True
1723080527,20480582,1872508835060505814717457673084,63257,527,600,600,0,True
1723080539,20480583,1872508835060505814717457673084,63257,527,600,600,0,True
1723080551,20480584,1872508835060505814717457673084,63257,527,600,600,0,True
1723080563,20480585,1872140665181367641632038511734,63253,528,600,600,0,True
1723080575,20480586,1872140665181367641632038511734,63253,528,600,600,0,True
1723080587,20480587,1872140665181367641632038511734,63253,528,600,600,0,True
1723080599,20480588,1872140665181367641632038511734,63253,528,600,600,0,True
1723080611,20480589,1872140665181367641632038511734,63253,528,600,600,0,True
1723080623,20480590,1872140665181367641632038511734,63253,528,600,600,0,True
1723080635,20480591,1872140665181367641632038511734,63253,528,600,600,0,True
1723080647,20480592,1872140665181367641632038511734,63253,528,600,600,0,True
1723080659,20480593,1872140665181367641632038511734,63253,528,600,600,0,True
1723080671,20480594,1872140665181367641632038511734,63253,528,600,600,0,True
1723080683,20480595,1872140665181367641632038511734,63253,528,600,600,0,True
1723080695,20480596,1872140665181367641632038511734,63253,528,600,600,0,True
1723080707,20480597,1872140665181367641632038511734,63253,528,600,600,0,True
1723080719,20480598,1872140665181367641632038511734,63253,528,600,600,0,True
1723080731,20480599,1872140665181367641632038511734,63253,528,600,600,0,True
1723080743,20480600,1872140665181367641632038511734,63253,528,600,600,0,True
1723080755,20480601,1872140665181367641632038511734,63253,528,600,600,0,True
1723080767,20480602,1872140665181367641632038511734,63253,528,600,600,0,True
1723080779,20480603,1872140665181367641632038511734,63253,528,600,600,0,True
1723080791,20480604,1872140665181367641632038511734,63253,528,600,600,0,True
1723080803,20480605,1872140665181367641632038511734,63253,528,600,600,0,True
1723080815,20480606,1872140665181367641632038511734,63253,528,600,600,0,True
1723080827,20480607,1872140665181367641632038511734,63253,528,600,600,0,True
1723080839,20480608,1872140665181367641632038511734,63253,528,600,600,0,True
1723080851,20480609,1872140665181367641632038511734,63253,528,600,600,0,True
1723080863,20480610,1872140665181367641632038511734,63253,528,600,600,0,True
1723080875,20480611,1872140665181367641632038511734,63253,528,600,600,0,True
1723080887,20480612,1872140665181367641632038511734,63253,528,600,600,0,True
1723080899,20480613,1872140665181367641632038511734,63253,528,600,600,0,True
1723080911,20480614,1872140665181367641632038511734,63253,528,600,600,0,True
1723080923,20480615,1872140665181367641632038511734,63253,528,600,600,0,True
1723080935,20480616,1872140665181367641632038511734,63253,528,600,600,0,True
1723080947,20480617,1872140665181367641632038511734,63253,528,600,600,0,True
1723080959,20480618,1872140665181367641632038511734,63253,528,600,600,0,True
1723080971,20480619,1872140665181367641632038511734,63253,528,600,600,0,True
1723080983,20480620,1872140665181367641632038511734,63253,528,600,600,0,True
1723080995,20480621,1872140665181367641632038511734,63253,528,600,600,0,True
1723081007,20480622,1872140665181367641632038511734,63253,528,600,600,0,True
1723081019,20480623,1872140665181367641632038511734,63253,528,600,600,0,True
1723081031,20480624,1872140665181367641632038511734,63253,528,600,600,0,True
1723081043,20480625,1872140665181367641632038511734,63253,528,600,600,0,True
1723081055,20480626,1872272394222416882590584939426,63254,529,600,600,0,True
1723081067,20480627,1872272394222416882590584939426,63254,529,600,600,0,True
1723081079,20480628,1872272394222416882590584939426,63254,529,600,600,0,True
1723081091,20480629,1872272394222416882590584939426,63254,529,600,600,0,True
1723081103,20480630,1872272394222416882590584939426,63254,529,600,600,0,True
1723081115,20480631,1872272394222416882590584939426,63254,529,600,600,0,True
1723081127,20480632,1872272394222416882590584939426,63254,529,600,600,0,True
1723081139,20480633,1872272394222416882590584939426,63254,529,600,600,0,True
1723081151,20480634,1872272394222416882590584939426,63254,529,600,600,0,True
1723081163,20480635,1872272394222416882590584939426,63254,529,600,600,0,True
1723081175,20480636,1872272394222416882590584939426,63254,529,600,600,0,True
1723081187,20480637,1872272394222416882590584939426,63254,529,600,600,0,True
1723081199,20480638,1872272394222416882590584939426,63254,529,600,600,0,True
1723081211,20480639,1872272394222416882590584939426,63254,529,600,600,0,True
1723081223,20480640,1872272394222416882590584939426,63254,529,600,600,0,True
1723081235,20480641,1872272394222416882590584939426,63254,529,600,600,0,True
1723081247,20480642,1872272394222416882590584939426,63254,529,600,600,0,True
1723081259,20480643,1872272394222416882590584939426,63254,529,600,600,0,True
1723081271,20480644,1872272394222416882590584939426,63254,529,600,600,0,True
1723081283,20480645,1872272394222416882590584939426,63254,529,600,600,0,True
1723081295,20480646,1872272394222416882590584939426,63254,529,600,600,0,True
1723081307,20480647,1872272394222416882590584939426,63254,529,600,600,0,True
1723081319,20480648,1872272394222416882590584939426,63254,529,600,600,0,True
1723081331,20480649,1872272394222416882590584939426,63254,529,600,600,0,True
1723081343,20480650,1872502965670667578182545032953,63257,530,600,600,0,True
1723081355,20480651,1872502965670667578182545032953,63257,530,600,600,0,True
1723081367,20480652,1872502965670667578182545032953,63257,530,600,600,0,True
1723081379,20480653,1872502965670667578182545032953,63257,530,600,600,0,True
1723081391,20480654,1872502965670667578182545032953,63257,530,600,600,0,True
1723081403,20480655,1872707548278037629750069374091,63259,531,600,600,0,True
1723081415,20480656,1872707548278037629750069374091,63259,531,600,600,0,True
1723081427,20480657,1873646686164718427230689563153,63269,532,600,600,0,True
1723081439,20480658,1873646686164718427230689563153,63269,532,600,600,0,True
1723081451,20480659,1873666599112636994456276942490,63269,532,600,600,0,True
1723081463,20480660,1874209466840398514812786634736,63275,533,600,600,0,True
1723081475,20480661,1875445713016648342157462670697,63288,534,600,600,0,True
1723081487,20480662,1876181798300581917223092879404,63296,535,600,600,0,True
1723081499,20480663,1887942485583009279575141232174,63421,536,600,600,0,True
1723081511,20480664,1888007218439068804222521069156,63422,537,600,600,0,True
1723081523,20480665,1888007218439068804222521069156,63422,537,600,600,0,True
1723081535,20480666,1888790172857561394304333643776,63430,538,600,600,0,True
1723081547,20480667,1889321532673147874553700024320,63435,539,600,600,0,True
1723081559,20480668,1889321532673147874553700024320,63435,539,600,600,0,True
1723081571,20480669,1889321532673147874553700024320,63435,539,600,600,0,True
1723081583,20480670,1889320858274047270943175128316,63435,539,600,600,0,True
1723081595,20480671,1889320858274047270943175128316,63435,539,600,600,0,True
1723081607,20480672,1889550031571590511141034724124,63438,540,600,600,0,True
1723081619,20480673,1889550031571590511141034724124,63438,540,600,600,0,True
1723081631,20480674,1889550031571590511141034724124,63438,540,600,600,0,True
1723081643,20480675,1889524994530676491976249130808,63438,540,600,600,0,True
1723081655,20480676,1889524994530676491976249130808,63438,540,600,600,0,True
1723081667,20480677,1889357115533187043476330237824,63436,541,600,600,0,True
1723081679,20480678,1888958593737969276210604879996,63432,542,600,600,0,True
1723081691,20480679,1888619705556103688168233970578,63428,543,600,600,0,True
1723081703,20480680,1888619705556103688168233970578,63428,543,600,600,0,True
1723081715,20480681,1888619705556103688168233970578,63428,543,600,600,0,True
1723081727,20480682,1888619705556103688168233970578,63428,543,600,600,0,True
1723081739,20480683,1888619705556103688168233970578,63428,543,600,600,0,True
1723081751,20480684,1888619705556103688168233970578,63428,543,600,600,0,True
1723081763,20480685,1888619705556103688168233970578,63428,543,600,600,0,True
1723081775,20480686,1888610043663939804199122860544,63428,543,600,600,0,True
1723081787,20480687,1888610043663939804199122860544,63428,543,600,600,0,True
1723081799,20480688,1888610043663939804199122860544,63428,543,600,600,0,True
1723081811,20480689,1888610043663939804199122860544,63428,543,600,600,0,True
1723081823,20480690,1888610043663939804199122860544,63428,543,600,600,0,True
1723081835,20480691,1888610043663939804199122860544,63428,543,600,600,0,True
1723081847,20480692,1888610043663939804199122860544,63428,543,600,600,0,True
1723081859,20480693,1888610043663939804199122860544,63428,543,600,600,0,True
1723081871,20480694,1888610043663939804199122860544,63428,543,600,600,0,True
1723081883,20480695,1888385124529079202172822419337,63426,544,600,600,0,True
1723081895,20480696,1888385124529079202172822419337,63426,544,600,600,0,True
1723081907,20480697,1888065853585398663656057944489,63422,545,600,600,0,True
1723081919,20480698,1888065853585398663656057944489,63422,545,600,600,0,True
1723081931,20480699,1888065853585398663656057944489,63422,545,600,600,0,True
1723081943,20480700,1888065853585398663656057944489,63422,545,600,600,0,True
1723081955,20480701,1888065853585398663656057944489,63422,545,600,600,0,True
1723081967,20480702,1888065853585398663656057944489,63422,545,600,600,0,True
1723081979,20480703,1888065853585398663656057944489,63422,545,600,600,0,True
1723081991,20480704,1888065853585398663656057944489,63422,545,600,600,0,True
1723082003,20480705,1888065853585398663656057944489,63422,545,600,600,0,True
1723082015,20480706,1888065853585398663656057944489,63422,545,600,600,0,True
1723082027,20480707,1888065853585398663656057944489,63422,545,600,600,0,True
1723082039,20480708,1888065853585398663656057944489,63422,545,600,600,0,True
1723082051,20480709,1888065853585398663656057944489,63422,545,600,600,0,True
1723082063,20480710,1888065853585398663656057944489,63422,545,600,600,0,True
1723082075,20480711,1888065853585398663656057944489,63422,545,600,600,0,True
1723082087,20480712,1888065853585398663656057944489,63422,545,600,600,0,True
1723082099,20480713,1888065853585398663656057944489,63422,545,600,600,0,True
1723082111,20480714,1888065853585398663656057944489,63422,545,600,600,0,True
1723082123,20480715,1888065853585398663656057944489,63422,545,600,600,0,True
1723082135,20480716,1888065853585398663656057944489,63422,545,600,600,0,True
1723082147,20480717,1888065853585398663656057944489,63422,545,600,600,0,True
1723082159,20480718,1888065853585398663656057944489,63422,545,600,600,0,True
1723082171,20480719,1888065853585398663656057944489,63422,545,600,600,0,True
1723082183,20480720,1888065853585398663656057944489,63422,545,600,600,0,True
1723082195,20480721,1888065853585398663656057944489,63422,545,600,600,0,True
1723082207,20480722,1888295875204360523049619920879,63425,546,600,600,0,True
1723082219,20480723,1888295875204360523049619920879,63425,546,600,600,0,True
1723082231,20480724,1888295875204360523049619920879,63425,546,600,600,0,True
1723082243,20480725,1888295875204360523049619920879,63425,546,600,600,0,True
1723082255,20480726,1888295875204360523049619920879,63425,546,600,600,0,True
1723082267,20480727,1888295875204360523049619920879,63425,546,600,600,0,True
1723082279,20480728,1888295875204360523049619920879,63425,546,600,600,0,True
1723082291,20480729,1888295875204360523049619920879,63425,546,600,600,0,True
1723082303,20480730,1888295875204360523049619920879,63425,546,600,600,0,True
1723082315,20480731,1888295875204360523049619920879,63425,546,600,600,0,True
1723082327,20480732,1888295875204360523049619920879,63425,546,600,600,0,True
1723082339,20480733,1888295875204360523049619920879,63425,546,600,600,0,True
1723082351,20480734,1888295875204360523049619920879,63425,546,600,600,0,True
1723082363,20480735,1888295875204360523049619920879,63425,546,600,600,0,True
1723082375,20480736,1888295875204360523049619920879,63425,546,600,600,0,True
1723082387,20480737,1888295875204360523049619920879,63425,546,600,600,0,True
1723082399,20480738,1888295875204360523049619920879,63425,546,600,600,0,True
1723082411,20480739,1888295875204360523049619920879,63425,546,600,600,0,True
1723082423,20480740,1888295875204360523049619920879,63425,546,600,600,0,True
1723082435,20480741,1888295875204360523049619920879,63425,546,600,600,0,True
1723082447,20480742,1888295875204360523049619920879,63425,546,600,600,0,True
1723082459,20480743,1888295875204360523049619920879,63425,546,600,600,0,True
1723082471,20480744,1888295875204360523049619920879,63425,546,600,600,0,True
1723082483,20480745,1888295875204360523049619920879,63425,546,600,600,0,True
1723082495,20480746,1888295875204360523049619920879,63425,546,600,600,0,True
1723082507,20480747,1888295875204360523049619920879,63425,546,600,600,0,True
1723082519,20480748,1888295875204360523049619920879,63425,546,600,600,0,True
1723082531,20480749,1888295875204360523049619920879,63425,546,600,600,0,True
1723082543,20480750,1888295875204360523049619920879,63425,546,600,600,0,True
1723082567,20480751,1888295875204360523049619920879,63425,546,600,600,0,True
1723082579,20480752,1889328326676885195873931996352,63436,547,600,600,0,True
1723082591,20480753,1889489009880871464380083919138,63437,548,600,600,0,True
1723082603,20480754,1890045990006738738692637638795,63443,549,600,600,0,True
1723082615,20480755,1890045990006738738692637638795,63443,549,600,600,0,True
1723082627,20480756,1890045990006738738692637638795,63443,549,600,600,0,True
1723082639,20480757,1890045990006738738692637638795,63443,549,600,600,0,True
1723082651,20480758,1890045990006738738692637638795,63443,549,600,600,0,True
1723082663,20480759,1890045990006738738692637638795,63443,549,600,600,0,True
1723082675,20480760,1891866668151069891517485154304,63462,550,600,600,0,True
1723082687,20480761,1892021012952385627373631791642,63464,551,600,600,0,True
1723082699,20480762,1892021012952385627373631791642,63464,551,600,600,0,True
1723082711,20480763,1892021012952385627373631791642,63464,551,600,600,0,True
1723082723,20480764,1892045945552103406399003969572,63464,551,600,600,0,True
1723082735,20480765,1892045945552103406399003969572,63464,551,600,600,0,True
1723082747,20480766,1892045945552103406399003969572,63464,551,600,600,0,True
1723082759,20480767,1892045945552103406399003969572,63464,551,600,600,0,True
1723082771,20480768,1892444916462237654496866992128,63469,552,600,600,0,True
1723082783,20480769,1892444916462237654496866992128,63469,552,600,600,0,True
1723082795,20480770,1892862651556638110231282281871,63473,553,600,600,0,True
1723082807,20480771,1892862651556638110231282281871,63473,553,600,600,0,True
1723082819,20480772,1892862651556638110231282281871,63473,553,600,600,0,True
1723082831,20480773,1892862651556638110231282281871,63473,553,600,600,0,True
1723082843,20480774,1892862651556638110231282281871,63473,553,600,600,0,True
1723082855,20480775,1892862651556638110231282281871,63473,553,600,600,0,True
1723082867,20480776,1892862651556638110231282281871,63473,553,600,600,0,True
1723082879,20480777,1892862651556638110231282281871,63473,553,600,600,0,True
1723082891,20480778,1892862651556638110231282281871,63473,553,600,600,0,True
1723082903,20480779,1892862651556638110231282281871,63473,553,600,600,0,True
1723082915,20480780,1892862651556638110231282281871,63473,553,600,600,0,True
1723082927,20480781,1892862651556638110231282281871,63473,553,600,600,0,True
1723082939,20480782,1892862651556638110231282281871,63473,553,600,600,0,True
1723082951,20480783,1892862651556638110231282281871,63473,553,600,600,0,True
1723082963,20480784,1892862651556638110231282281871,63473,553,600,600,0,True
1723082975,20480785,1892862651556638110231282281871,63473,553,600,600,0,True
1723082987,20480786,1892862651556638110231282281871,63473,553,600,600,0,True
1723082999,20480787,1892862651556638110231282281871,63473,553,600,600,0,True
1723083011,20480788,1892862651556638110231282281871,63473,553,600,600,0,True
1723083023,20480789,1892862651556638110231282281871,63473,553,600,600,0,True
1723083035,20480790,1892862651556638110231282281871,63473,553,600,600,0,True
1723083047,20480791,1892862651556638110231282281871,63473,553,600,600,0,True
1723083059,20480792,1892862651556638110231282281871,63473,553,600,600,0,True
1723083071,20480793,1892862651556638110231282281871,63473,553,600,600,0,True
1723083083,20480794,1892862651556638110231282281871,63473,553,600,600,0,True
1723083095,20480795,1892862651556638110231282281871,63473,553,600,600,0,True
1723083107,20480796,1892862651556638110231282281871,63473,553,600,600,0,True
1723083119,20480797,1892862651556638110231282281871,63473,553,600,600,0,True
1723083131,20480798,1892862651556638110231282281871,63473,553,600,600,0,True
1723083143,20480799,1892862651556638110231282281871,63473,553,600,600,0,True
1723083155,20480800,1892862651556638110231282281871,63473,553,600,600,0,True
1723083167,20480801,1892862651556638110231282281871,63473,553,600,600,0,True
1723083179,20480802,1892862651556638110231282281871,63473,553,600,600,0,True
1723083191,20480803,1892862651556638110231282281871,63473,553,600,600,0,True
1723083203,20480804,1892862651556638110231282281871,63473,553,600,600,0,True
1723083215,20480805,1892862651556638110231282281871,63473,553,600,600,0,True
1723083227,20480806,1892862651556638110231282281871,63473,553,600,600,0,True
1723083239,20480807,1892862651556638110231282281871,63473,553,600,600,0,True
1723083251,20480808,1892862651556638110231282281871,63473,553,600,600,0,True
1723083263,20480809,1892862651556638110231282281871,63473,553,600,600,0,True
1723083275,20480810,1892862651556638110231282281871,63473,553,600,600,0,True
1723083287,20480811,1892862651556638110231282281871,63473,553,600,600,0,True
1723083299,20480812,1892862651556638110231282281871,63473,553,600,600,0,True
1723083311,20480813,1892862651556638110231282281871,63473,553,600,600,0,True
1723083323,20480814,1892862651556638110231282281871,63473,553,600,600,0,True
1723083335,20480815,1892862651556638110231282281871,63473,553,600,600,0,True
1723083347,20480816,1892862651556638110231282281871,63473,553,600,600,0,True
1723083359,20480817,1893425341913420185189086825627,63479,554,600,600,0,True
1723083371,20480818,1893425341913420185189086825627,63479,554,600,600,0,True
1723083383,20480819,1893425341913420185189086825627,63479,554,600,600,0,True
1723083395,20480820,1893425341913420185189086825627,63479,554,600,600,0,True
1723083407,20480821,1893425341913420185189086825627,63479,554,600,600,0,True
1723083419,20480822,1893425341913420185189086825627,63479,554,600,600,0,True
1723083431,20480823,1893425341913420185189086825627,63479,554,600,600,0,True
1723083443,20480824,1893425341913420185189086825627,63479,554,600,600,0,True
1723083455,20480825,1893425341913420185189086825627,63479,554,600,600,0,True
1723083467,20480826,1893425341913420185189086825627,63479,554,600,600,0,True
1723083479,20480827,1893425341913420185189086825627,63479,554,600,600,0,True
1723083491,20480828,1893425341913420185189086825627,63479,554,600,600,0,True
1723083503,20480829,1893425341913420185189086825627,63479,554,600,600,0,True
1723083515,20480830,1893425341913420185189086825627,63479,554,600,600,0,True
1723083527,20480831,1893425341913420185189086825627,63479,554,600,600,0,True
1723083539,20480832,1893425341913420185189086825627,63479,554,600,600,0,True
1723083551,20480833,1893425341913420185189086825627,63479,554,600,600,0,True
1723083563,20480834,1893425341913420185189086825627,63479,554,600,600,0,True
1723083575,20480835,1893425341913420185189086825627,63479,554,600,600,0,True
1723083587,20480836,1893425341913420185189086825627,63479,554,600,600,0,True
1723083599,20480837,1893425341913420185189086825627,63479,554,600,600,0,True
1723083611,20480838,1893425341913420185189086825627,63479,554,600,600,0,True
1723083623,20480839,1893873403993122632311083026967,63484,555,600,600,0,True
1723083635,20480840,1894023768275480517510285290759,63485,556,600,600,0,True
1723083647,20480841,1894762095357593374744276618438,63493,557,600,600,0,True
1723083659,20480842,1894762095357593374744276618438,63493,557,600,600,0,True
1723083671,20480843,1894762095357593374744276618438,63493,557,600,600,0,True
1723083683,20480844,1895562344443838338891620867271,63501,558,600,600,0,True
1723083695,20480845,1895971342493435517743175971083,63506,559,600,600,0,True
1723083707,20480846,1895971342493435517743175971083,63506,559,600,600,0,True
1723083719,20480847,1895971342493435517743175971083,63506,559,600,600,0,True
1723083731,20480848,1896451328132273358169133384151,63511,560,600,600,0,True
1723083743,20480849,1896451328132273358169133384151,63511,560,600,600,0,True
1723083755,20480850,1896451328132273358169133384151,63511,560,600,600,0,True
1723083767,20480851,1896451328132273358169133384151,63511,560,600,600,0,True
1723083779,20480852,1896451328132273358169133384151,63511,560,600,600,0,True
1723083791,20480853,1896451328132273358169133384151,63511,560,600,600,0,True
1723083803,20480854,1897099585015812168263499216637,63518,561,600,600,0,True
1723083815,20480855,1897641234796962855333653474007,63523,562,600,600,0,True
1723083827,20480856,1897641234796962855333653474007,63523,562,600,600,0,True
1723083839,20480857,1897641234796962855333653474007,63523,562,600,600,0,True
1723083851,20480858,1897975706251786408815910188475,63527,563,600,600,0,True
1723083863,20480859,1897975706251786408815910188475,63527,563,600,600,0,True
1723083875,20480860,1898197733137096881495653553479,63529,564,600,600,0,True
1723083887,20480861,1898197733137096881495653553479,63529,564,600,600,0,True
1723083899,20480862,1898197733137096881495653553479,63529,564,600,600,0,True
1723083911,20480863,1898436988516706564439141996869,63532,565,600,600,0,True
1723083923,20480864,1898436988516706564439141996869,63532,565,600,600,0,True
1723083935,20480865,1898436988516706564439141996869,63532,565,600,600,0,True
1723083947,20480866,1898436988516706564439141996869,63532,565,600,600,0,True
1723083959,20480867,1898436988516706564439141996869,63532,565,600,600,0,True
1723083971,20480868,1898436988516706564439141996869,63532,565,600,600,0,True
1723083983,20480869,1898436988516706564439141996869,63532,565,600,600,0,True
1723083995,20480870,1898436988516706564439141996869,63532,565,600,600,0,True
1723084007,20480871,1898994440941412486909569854316,63538,566,600,600,0,True
1723084019,20480872,1898994440941412486909569854316,63538,566,600,600,0,True
1723084031,20480873,1898994440941412486909569854316,63538,566,600,600,0,True
1723084043,20480874,1898994440941412486909569854316,63538,566,600,600,0,True
1723084055,20480875,1898994440941412486909569854316,63538,566,600,600,0,True
1723084067,20480876,1898994440941412486909569854316,63538,566,600,600,0,True
1723084079,20480877,1898994440941412486909569854316,63538,566,600,600,0,True
1723084091,20480878,1898994440941412486909569854316,63538,566,600,600,0,True
1723084103,20480879,1898994440941412486909569854316,63538,566,600,600,0,True
1723084115,20480880,1898994440941412486909569854316,63538,566,600,600,0,True
1723084127,20480881,1898994440941412486909569854316,63538,566,600,600,0,True
1723084139,20480882,1898994440941412486909569854316,63538,566,600,600,0,True
1723084151,20480883,1898994440941412486909569854316,63538,566,600,600,0,True
1723084163,20480884,1899169996476891396241745842064,63539,567,600,600,0,True
1723084175,20480885,1899169996476891396241745842064,63539,567,600,600,0,True
1723084187,20480886,1899169996476891396241745842064,63539,567,600,600,0,True
1723084199,20480887,1899169996476891396241745842064,63539,567,600,600,0,True
1723084211,20480888,1899734120928832363764062863981,63545,568,600,600,0,True
1723084223,20480889,1899734120928832363764062863981,63545,568,600,600,0,True
1723084235,20480890,1900042223899252222493683571965,63549,569,600,600,0,True
1723084247,20480891,1900042223899252222493683571965,63549,569,600,600,0,True
1723084259,20480892,1900042223899252222493683571965,63549,569,600,600,0,True
1723084271,20480893,1900042223899252222493683571965,63549,569,600,600,0,True
1723084283,20480894,1900042223899252222493683571965,63549,569,600,600,0,True
1723084295,20480895,1900042223899252222493683571965,63549,569,600,600,0,True
1723084307,20480896,1900042223899252222493683571965,63549,569,600,600,0,True
1723084319,20480897,1900042223899252222493683571965,63549,569,600,600,0,True
1723084331,20480898,1900042223899252222493683571965,63549,569,600,600,0,True
1723084343,20480899,1900042223899252222493683571965,63549,569,600,600,0,True
1723084355,20480900,1900042223899252222493683571965,63549,569,600,600,0,True
1723084367,20480901,1900042223899252222493683571965,63549,569,600,600,0,True
1723084379,20480902,1900042223899252222493683571965,63549,569,600,600,0,True
1723084391,20480903,1900042223899252222493683571965,63549,569,600,600,0,True
1723084403,20480904,1900042223899252222493683571965,63549,569,600,600,0,True
1723084415,20480905,1900042223899252222493683571965,63549,569,600,600,0,True
1723084427,20480906,1900042223899252222493683571965,63549,569,600,600,0,True
1723084439,20480907,1900042223899252222493683571965,63549,569,600,600,0,True
1723084451,20480908,1900042223899252222493683571965,63549,569,600,600,0,True
1723084463,20480909,1900042223899252222493683571965,63549,569,600,600,0,True
1723084475,20480910,1900042223899252222493683571965,63549,569,600,600,0,True
1723084487,20480911,1900042223899252222493683571965,63549,569,600,600,0,True
1723084499,20480912,1900042223899252222493683571965,63549,569,600,600,0,True
1723084511,20480913,1900042223899252222493683571965,63549,569,600,600,0,True
1723084523,20480914,1899818442840524818980155437274,63546,570,600,600,0,True
1723084535,20480915,1899364420226437992151597029289,63542,571,600,600,0,True
1723084547,20480916,1899364420226437992151597029289,63542,571,600,600,0,True
1723084559,20480917,1899364420226437992151597029289,63542,571,600,600,0,True
1723084571,20480918,1899364420226437992151597029289,63542,571,600,600,0,True
1723084583,20480919,1899364420226437992151597029289,63542,571,600,600,0,True
1723084595,20480920,1899364420226437992151597029289,63542,571,600,600,0,True
1723084607,20480921,1899364420226437992151597029289,63542,571,600,600,0,True
1723084619,20480922,1899364420226437992151597029289,63542,571,600,600,0,True
1723084631,20480923,1899364420226437992151597029289,63542,571,600,600,0,True
1723084643,20480924,1899364420226437992151597029289,63542,571,600,600,0,True
1723084655,20480925,1899364420226437992151597029289,63542,571,600,600,0,True
1723084667,20480926,1899364420226437992151597029289,63542,571,600,600,0,True
1723084679,20480927,1899364420226437992151597029289,63542,571,600,600,0,True
1723084691,20480928,1899364420226437992151597029289,63542,571,600,600,0,True
1723084703,20480929,1899364420226437992151597029289,63542,571,600,600,0,True
1723084715,20480930,1899364420226437992151597029289,63542,571,600,600,0,True
1723084727,20480931,1899364420226437992151597029289,63542,571,600,600,0,True
1723084739,20480932,1899364420226437992151597029289,63542,571,600,600,0,True
1723084751,20480933,1899364420226437992151597029289,63542,571,600,600,0,True
1723084763,20480934,1899364420226437992151597029289,63542,571,600,600,0,True
1723084775,20480935,1899364420226437992151597029289,63542,571,600,600,0,True
1723084787,20480936,1899364420226437992151597029289,63542,571,600,600,0,True
1723084799,20480937,1899364420226437992151597029289,63542,571,600,600,0,True
1723084811,20480938,1899364420226437992151597029289,63542,571,600,600,0,True
1723084823,20480939,1899364420226437992151597029289,63542,571,600,600,0,True
1723084835,20480940,1899364420226437992151597029289,63542,571,600,600,0,True
1723084847,20480941,1899364420226437992151597029289,63542,571,600,600,0,True
1723084859,20480942,1899364420226437992151597029289,63542,571,600,600,0,True
1723084871,20480943,1899364420226437992151597029289,63542,571,600,600,0,True
1723084883,20480944,1899364420226437992151597029289,63542,571,600,600,0,True
1723084895,20480945,1899364420226437992151597029289,63542,571,600,600,0,True
1723084907,20480946,1899364420226437992151597029289,63542,571,600,600,0,True
1723084919,20480947,1899364420226437992151597029289,63542,571,600,600,0,True
1723084931,20480948,1899364420226437992151597029289,63542,571,600,600,0,True
1723084943,20480949,1899364420226437992151597029289,63542,571,600,600,0,True
1723084955,20480950,1899364420226437992151597029289,63542,571,600,600,0,True
1723084967,20480951,1899364420226437992151597029289,63542,571,600,600,0,True
1723084979,20480952,1899364420226437992151597029289,63542,571,600,600,0,True
1723084991,20480953,1899364420226437992151597029289,63542,571,600,600,0,True
1723085003,20480954,1899056488178392699319011648572,63538,572,600,600,0,True
1723085015,20480955,1899030729475897079373339892692,63538,573,600,600,0,True
1723085027,20480956,1899030729475897079373339892692,63538,573,600,600,0,True
1723085039,20480957,1899030729475897079373339892692,63538,573,600,600,0,True
1723085051,20480958,1899030729475897079373339892692,63538,573,600,600,0,True
1723085063,20480959,1899030729475897079373339892692,63538,573,600,600,0,True
1723085075,20480960,1899030729475897079373339892692,63538,573,600,600,0,True
1723085087,20480961,1899030729475897079373339892692,63538,573,600,600,0,True
1723085099,20480962,1899030729475897079373339892692,63538,573,600,600,0,True
1723085111,20480963,1899030729475897079373339892692,63538,573,600,600,0,True
1723085123,20480964,1899030729475897079373339892692,63538,573,600,600,0,True
1723085135,20480965,1899030729475897079373339892692,63538,573,600,600,0,True
1723085147,20480966,1899030729475897079373339892692,63538,573,600,600,0,True
1723085159,20480967,1899030729475897079373339892692,63538,573,600,600,0,True
1723085171,20480968,1899030729475897079373339892692,63538,573,600,600,0,True
1723085183,20480969,1899030729475897079373339892692,63538,573,600,600,0,True
1723085195,20480970,1899030729475897079373339892692,63538,573,600,600,0,True
1723085207,20480971,1899030729475897079373339892692,63538,573,600,600,0,True
1723085219,20480972,1899030729475897079373339892692,63538,573,600,600,0,True
1723085231,20480973,1898519332204658767347444778563,63533,574,600,600,0,True
1723085243,20480974,1898519332204658767347444778563,63533,574,600,600,0,True
1723085255,20480975,1898519332204658767347444778563,63533,574,600,600,0,True
1723085267,20480976,1898519332204658767347444778563,63533,574,600,600,0,True
1723085279,20480977,1898519332204658767347444778563,63533,574,600,600,0,True
1723085291,20480978,1898519332204658767347444778563,63533,574,600,600,0,True
1723085303,20480979,1898519332204658767347444778563,63533,574,600,600,0,True
1723085315,20480980,1898519332204658767347444778563,63533,574,600,600,0,True
1723085327,20480981,1898519332204658767347444778563,63533,574,600,600,0,True
1723085339,20480982,1898519332204658767347444778563,63533,574,600,600,0,True
1723085351,20480983,1898519332204658767347444778563,63533,574,600,600,0,True
1723085363,20480984,1898519332204658767347444778563,63533,574,600,600,0,True
1723085375,20480985,1898519332204658767347444778563,63533,574,600,600,0,True
1723085387,20480986,1898519332204658767347444778563,63533,574,600,600,0,True
1723085399,20480987,1898519332204658767347444778563,63533,574,600,600,0,True
1723085411,20480988,1898519332204658767347444778563,63533,574,600,600,0,True
1723085423,20480989,1898519332204658767347444778563,63533,574,600,600,0,True
1723085435,20480990,1898519332204658767347444778563,63533,574,600,600,0,True
1723085447,20480991,1898519332204658767347444778563,63533,574,600,600,0,True
1723085459,20480992,1898519332204658767347444778563,63533,574,600,600,0,True
1723085471,20480993,1898519332204658767347444778563,63533,574,600,600,0,True
1723085483,20480994,1898519332204658767347444778563,63533,574,600,600,0,True
1723085495,20480995,1898519332204658767347444778563,63533,574,600,600,0,True
1723085507,20480996,1898519332204658767347444778563,63533,574,600,600,0,True
1723085519,20480997,1898519332204658767347444778563,63533,574,600,600,0,True
1723085531,20480998,1898519332204658767347444778563,63533,574,600,600,0,True
1723085543,20480999,1898519332204658767347444778563,63533,574,600,600,0,True
1723085555,20481000,1898519332204658767347444778563,63533,574,600,600,0,True
1723085567,20481001,1898519332204658767347444778563,63533,574,600,600,0,True
1723085579,20481002,1898519332204658767347444778563,63533,574,600,600,0,True
1723085591,20481003,1898519332204658767347444778563,63533,574,600,600,0,True
1723085603,20481004,1898519332204658767347444778563,63533,574,600,600,0,True
1723085615,20481005,1898519332204658767347444778563,63533,574,600,600,0,True
1723085627,20481006,1898519332204658767347444778563,63533,574,600,600,0,True
1723085639,20481007,1898519332204658767347444778563,63533,574,600,600,0,True
1723085651,20481008,1898519332204658767347444778563,63533,574,600,600,0,True
1723085663,20481009,1898519332204658767347444778563,63533,574,600,600,0,True
1723085675,20481010,1898519332204658767347444778563,63533,574,600,600,0,True
1723085687,20481011,1898519332204658767347444778563,63533,574,600,600,0,True
1723085699,20481012,1898519332204658767347444778563,63533,574,600,600,0,True
1723085711,20481013,1898519332204658767347444778563,63533,574,600,600,0,True
1723085723,20481014,1898519332204658767347444778563,63533,574,600,600,0,True
1723085735,20481015,1898519332204658767347444778563,63533,574,600,600,0,True
1723085747,20481016,1898519332204658767347444778563,63533,574,600,600,0,True
1723085759,20481017,1898519332204658767347444778563,63533,574,600,600,0,True
1723085771,20481018,1898519332204658767347444778563,63533,574,600,600,0,True
1723085783,20481019,1898519332204658767347444778563,63533,574,600,600,0,True
1723085795,20481020,1898519332204658767347444778563,63533,574,600,600,0,True
1723085807,20481021,1898519332204658767347444778563,63533,574,600,600,0,True
1723085819,20481022,1898519332204658767347444778563,63533,574,600,600,0,True
1723085831,20481023,1898519332204658767347444778563,63533,574,600,600,0,True
1723085843,20481024,1898519332204658767347444778563,63533,574,600,600,0,True
1723085855,20481025,1898519332204658767347444778563,63533,574,600,600,0,True
1723085867,20481026,1898519332204658767347444778563,63533,574,600,600,0,True
1723085879,20481027,1898519332204658767347444778563,63533,574,600,600,0,True
1723085891,20481028,1898519332204658767347444778563,63533,574,600,600,0,True
1723085903,20481029,1898519332204658767347444778563,63533,574,600,600,0,True
1723085915,20481030,1898519332204658767347444778563,63533,574,600,600,0,True
1723085927,20481031,1898519332204658767347444778563,63533,574,600,600,0,True
1723085939,20481032,1898519332204658767347444778563,63533,574,600,600,0,True
1723085951,20481033,1898519332204658767347444778563,63533,574,600,600,0,True
1723085963,20481034,1898519332204658767347444778563,63533,574,600,600,0,True
1723085975,20481035,1898519332204658767347444778563,63533,574,600,600,0,True
1723085987,20481036,1898519332204658767347444778563,63533,574,600,600,0,True
1723085999,20481037,1898519332204658767347444778563,63533,574,600,600,0,True
1723086011,20481038,1898519332204658767347444778563,63533,574,600,600,0,True
1723086023,20481039,1898519332204658767347444778563,63533,574,600,600,0,True
1723086035,20481040,1898519332204658767347444778563,63533,574,600,600,0,True
1723086047,20481041,1898519332204658767347444778563,63533,574,600,600,0,True
1723086059,20481042,1898519332204658767347444778563,63533,574,600,600,0,True
1723086071,20481043,1898519332204658767347444778563,63533,574,600,600,0,True
1723086083,20481044,1898519332204658767347444778563,63533,574,600,600,0,True
1723086095,20481045,1898519332204658767347444778563,63533,574,600,600,0,True
1723086107,20481046,1898519332204658767347444778563,63533,574,600,600,0,True
1723086119,20481047,1898519332204658767347444778563,63533,574,600,600,0,True
1723086131,20481048,1898519332204658767347444778563,63533,574,600,600,0,True
1723086143,20481049,1898519332204658767347444778563,63533,574,600,600,0,True
1723086155,20481050,1898519332204658767347444778563,63533,574,600,600,0,True
1723086167,20481051,1898519332204658767347444778563,63533,574,600,600,0,True
1723086179,20481052,1898519332204658767347444778563,63533,574,600,600,0,True
1723086191,20481053,1898519332204658767347444778563,63533,574,600,600,0,True
1723086203,20481054,1898519332204658767347444778563,63533,574,600,600,0,True
1723086215,20481055,1898519332204658767347444778563,63533,574,600,600,0,True
1723086227,20481056,1898519332204658767347444778563,63533,574,600,600,0,True
1723086239,20481057,1898519332204658767347444778563,63533,574,600,600,0,True
1723086251,20481058,1898519332204658767347444778563,63533,574,600,600,0,True
1723086263,20481059,1898519332204658767347444778563,63533,574,600,600,0,True
1723086275,20481060,1898519332204658767347444778563,63533,574,600,600,0,True
1723086287,20481061,1898519332204658767347444778563,63533,574,600,600,0,True
1723086299,20481062,1898519332204658767347444778563,63533,574,600,600,0,True
1723086311,20481063,1898519332204658767347444778563,63533,574,600,600,0,True
1723086323,20481064,1898519332204658767347444778563,63533,574,600,600,0,True
1723086335,20481065,1898519332204658767347444778563,63533,574,600,600,0,True
1723086347,20481066,1898519332204658767347444778563,63533,574,600,600,0,True
1723086359,20481067,1898519332204658767347444778563,63533,574,600,600,0,True
1723086371,20481068,1898519332204658767347444778563,63533,574,600,600,0,True
1723086383,20481069,1898800204972698508564070010565,63536,575,600,600,0,True
1723086395,20481070,1898800204972698508564070010565,63536,575,600,600,0,True
1723086407,20481071,1899076583319263497095135979902,63539,576,600,600,0,True
1723086419,20481072,1899076583319263497095135979902,63539,577,600,600,0,True
1723086431,20481073,1899076583319263497095135979902,63539,577,600,600,0,True
1723086443,20481074,1899076583319263497095135979902,63539,577,600,600,0,True
1723086455,20481075,1899076583319263497095135979902,63539,577,600,600,0,True
1723086467,20481076,1899076583319263497095135979902,63539,577,600,600,0,True
1723086479,20481077,1899076583319263497095135979902,63539,577,600,600,0,True
1723086491,20481078,1899076583319263497095135979902,63539,577,600,600,0,True
1723086503,20481079,1899076583319263497095135979902,63539,577,600,600,0,True
1723086515,20481080,1899076583319263497095135979902,63539,577,600,600,0,True
1723086527,20481081,1899076583319263497095135979902,63539,577,600,600,0,True
1723086539,20481082,1899076583319263497095135979902,63539,577,600,600,0,True
1723086551,20481083,1899076583319263497095135979902,63539,577,600,600,0,True
1723086563,20481084,1899076583319263497095135979902,63539,577,600,600,0,True
1723086575,20481085,1899076583319263497095135979902,63539,577,600,600,0,True
1723086587,20481086,1899076583319263497095135979902,63539,577,600,600,0,True
1723086599,20481087,1899076583319263497095135979902,63539,577,600,600,0,True
1723086611,20481088,1899076583319263497095135979902,63539,577,600,600,0,True
1723086623,20481089,1899076583319263497095135979902,63539,577,600,600,0,True
1723086635,20481090,1899076583319263497095135979902,63539,577,600,600,0,True
1723086647,20481091,1899076583319263497095135979902,63539,577,600,600,0,True
1723086659,20481092,1899076583319263497095135979902,63539,577,600,600,0,True
1723086671,20481093,1899076583319263497095135979902,63539,577,600,600,0,True
1723086683,20481094,1899076583319263497095135979902,63539,577,600,600,0,True
1723086695,20481095,1899076583319263497095135979902,63539,577,600,600,0,True
1723086707,20481096,1899076583319263497095135979902,63539,577,600,600,0,True
1723086719,20481097,1899076583319263497095135979902,63539,577,600,600,0,True
1723086731,20481098,1899076583319263497095135979902,63539,577,600,600,0,True
1723086743,20481099,1898964744199754190562151171413,63537,578,600,600,0,True
1723086755,20481100,1898964744199754190562151171413,63537,578,600,600,0,True
1723086767,20481101,1898964744199754190562151171413,63537,578,600,600,0,True
1723086779,20481102,1898964744199754190562151171413,63537,578,600,600,0,True
1723086791,20481103,1898964744199754190562151171413,63537,578,600,600,0,True
1723086803,20481104,1898964744199754190562151171413,63537,578,600,600,0,True
1723086815,20481105,1898964744199754190562151171413,63537,578,600,600,0,True
1723086827,20481106,1898964744199754190562151171413,63537,578,600,600,0,True
1723086839,20481107,1898964744199754190562151171413,63537,578,600,600,0,True
1723086851,20481108,1898964744199754190562151171413,63537,578,600,600,0,True
1723086863,20481109,1898964744199754190562151171413,63537,578,600,600,0,True
1723086875,20481110,1898964744199754190562151171413,63537,578,600,600,0,True
1723086887,20481111,1898964744199754190562151171413,63537,578,600,600,0,True
1723086899,20481112,1898964744199754190562151171413,63537,578,600,600,0,True
1723086911,20481113,1898964744199754190562151171413,63537,578,600,600,0,True
1723086923,20481114,1898964744199754190562151171413,63537,578,600,600,0,True
1723086935,20481115,1898964744199754190562151171413,63537,578,600,600,0,True
1723086947,20481116,1898964744199754190562151171413,63537,578,600,600,0,True
1723086959,20481117,1898964744199754190562151171413,63537,578,600,600,0,True
1723086971,20481118,1898964744199754190562151171413,63537,578,600,600,0,True
1723086983,20481119,1898964744199754190562151171413,63537,578,600,600,0,True
1723086995,20481120,1898964744199754190562151171413,63537,578,600,600,0,True
1723087007,20481121,1898964744199754190562151171413,63537,578,600,600,0,True
1723087019,20481122,1898964744199754190562151171413,63537,578,600,600,0,True
1723087031,20481123,1898964744199754190562151171413,63537,578,600,600,0,True
1723087043,20481124,1898964744199754190562151171413,63537,578,600,600,0,True
1723087055,20481125,1898964744199754190562151171413,63537,578,600,600,0,True
1723087067,20481126,1898964744199754190562151171413,63537,578,600,600,0,True
1723087079,20481127,1898964744199754190562151171413,63537,578,600,600,0,True
1723087091,20481128,1898964744199754190562151171413,63537,578,600,600,0,True
1723087103,20481129,1898964744199754190562151171413,63537,578,600,600,0,True
1723087115,20481130,1898964744199754190562151171413,63537,578,600,600,0,True
1723087127,20481131,1898964744199754190562151171413,63537,578,600,600,0,True
1723087139,20481132,1898964744199754190562151171413,63537,578,600,600,0,True
1723087151,20481133,1898964744199754190562151171413,63537,578,600,600,0,True
1723087163,20481134,1898964744199754190562151171413,63537,578,600,600,0,True
1723087175,20481135,1898964744199754190562151171413,63537,578,600,600,0,True
1723087187,20481136,1898964744199754190562151171413,63537,578,600,600,0,True
1723087199,20481137,1898964744199754190562151171413,63537,578,600,600,0,True
1723087211,20481138,1898964744199754190562151171413,63537,578,600,600,0,True
1723087223,20481139,1898964744199754190562151171413,63537,578,600,600,0,True
1723087235,20481140,1898964744199754190562151171413,63537,578,600,600,0,True
1723087247,20481141,1898964744199754190562151171413,63537,578,600,600,0,True
1723087259,20481142,1898964744199754190562151171413,63537,578,600,600,0,True
1723087271,20481143,1898964744199754190562151171413,63537,578,600,600,0,True
1723087283,20481144,1898964744199754190562151171413,63537,578,600,600,0,True
1723087295,20481145,1898964744199754190562151171413,63537,578,600,600,0,True
1723087307,20481146,1898964744199754190562151171413,63537,578,600,600,0,True
1723087319,20481147,1898964744199754190562151171413,63537,578,600,600,0,True
1723087331,20481148,1898964744199754190562151171413,63537,578,600,600,0,True
1723087343,20481149,1898964744199754190562151171413,63537,578,600,600,0,True
1723087355,20481150,1898964744199754190562151171413,63537,578,600,600,0,True
1723087367,20481151,1898964744199754190562151171413,63537,578,600,600,0,True
1723087379,20481152,1898964744199754190562151171413,63537,578,600,600,0,True
1723087391,20481153,1898964744199754190562151171413,63537,578,600,600,0,True
1723087403,20481154,1898964744199754190562151171413,63537,578,600,600,0,True
1723087415,20481155,1898964744199754190562151171413,63537,578,600,600,0,True
1723087427,20481156,1898964744199754190562151171413,63537,578,600,600,0,True
1723087439,20481157,1898964744199754190562151171413,63537,578,600,600,0,True
1723087451,20481158,1898964744199754190562151171413,63537,578,600,600,0,True
1723087463,20481159,1898964744199754190562151171413,63537,578,600,600,0,True
1723087475,20481160,1898964744199754190562151171413,63537,578,600,600,0,True
1723087487,20481161,1898964744199754190562151171413,63537,578,600,600,0,True
1723087499,20481162,1898964744199754190562151171413,63537,578,600,600,0,True
1723087511,20481163,1898964744199754190562151171413,63537,578,600,600,0,True
1723087523,20481164,1898964744199754190562151171413,63537,578,600,600,0,True
1723087535,20481165,1898964744199754190562151171413,63537,578,600,600,0,True
1723087547,20481166,1898964744199754190562151171413,63537,578,600,600,0,True
1723087559,20481167,1898964744199754190562151171413,63537,578,600,600,0,True
1723087571,20481168,1898964744199754190562151171413,63537,578,600,600,0,True
1723087583,20481169,1898964744199754190562151171413,63537,578,600,600,0,True
1723087595,20481170,1898964744199754190562151171413,63537,578,600,600,0,True
1723087607,20481171,1898964744199754190562151171413,63537,578,600,600,0,True
1723087619,20481172,1898964744199754190562151171413,63537,578,600,600,0,True
1723087631,20481173,1898964744199754190562151171413,63537,578,600,600,0,True
1723087643,20481174,1898964744199754190562151171413,63537,578,600,600,0,True
1723087655,20481175,1898964744199754190562151171413,63537,578,600,600,0,True
1723087667,20481176,1898964744199754190562151171413,63537,578,600,600,0,True
1723087679,20481177,1898964744199754190562151171413,63537,578,600,600,0,True
1723087691,20481178,1898964744199754190562151171413,63537,578,600,600,0,True
1723087703,20481179,1898964744199754190562151171413,63537,578,600,600,0,True
1723087715,20481180,1898964744199754190562151171413,63537,578,600,600,0,True
1723087727,20481181,1898964744199754190562151171413,63537,578,600,600,0,True
1723087739,20481182,1898964744199754190562151171413,63537,578,600,600,0,True
1723087751,20481183,1898964744199754190562151171413,63537,578,600,600,0,True
1723087763,20481184,1898964744199754190562151171413,63537,578,600,600,0,True
1723087775,20481185,1898964744199754190562151171413,63537,578,600,600,0,True
1723087787,20481186,1898964744199754190562151171413,63537,578,600,600,0,True
1723087799,20481187,1898964744199754190562151171413,63537,578,600,600,0,True
1723087811,20481188,1898964744199754190562151171413,63537,578,600,600,0,True
1723087823,20481189,1898964744199754190562151171413,63537,578,600,600,0,True
1723087835,20481190,1898964744199754190562151171413,63537,578,600,600,0,True
1723087847,20481191,1898964744199754190562151171413,63537,578,600,600,0,True
1723087859,20481192,1898964744199754190562151171413,63537,578,600,600,0,True
1723087871,20481193,1898964744199754190562151171413,63537,578,600,600,0,True
1723087883,20481194,1898964744199754190562151171413,63537,578,600,600,0,True
1723087895,20481195,1898964744199754190562151171413,63537,578,600,600,0,True
1723087907,20481196,1898964744199754190562151171413,63537,578,600,600,0,True
1723087919,20481197,1898964744199754190562151171413,63537,578,600,600,0,True
1723087931,20481198,1898964744199754190562151171413,63537,578,600,600,0,True
1723087943,20481199,1898964744199754190562151171413,63537,578,600,600,0,True
1723087955,20481200,1898964744199754190562151171413,63537,578,600,600,0,True
1723087967,20481201,1898964744199754190562151171413,63537,578,600,600,0,True
1723087979,20481202,1898964744199754190562151171413,63537,578,600,600,0,True
1723087991,20481203,1898964744199754190562151171413,63537,578,600,600,0,True
1723088003,20481204,1898964744199754190562151171413,63537,578,600,600,0,True
1723088015,20481205,1898964744199754190562151171413,63537,578,600,600,0,True
1723088027,20481206,1898964744199754190562151171413,63537,578,600,600,0,True
1723088039,20481207,1898964744199754190562151171413,63537,578,600,600,0,True
1723088051,20481208,1898964744199754190562151171413,63537,578,600,600,0,True
1723088063,20481209,1898964744199754190562151171413,63537,578,600,600,0,True
1723088075,20481210,1898964744199754190562151171413,63537,578,600,600,0,True
1723088087,20481211,1898964744199754190562151171413,63537,578,600,600,0,True
1723088099,20481212,1898964744199754190562151171413,63537,578,600,600,0,True
1723088111,20481213,1898964744199754190562151171413,63537,578,600,600,0,True
1723088123,20481214,1898964744199754190562151171413,63537,578,600,600,0,True
1723088135,20481215,1898964744199754190562151171413,63537,578,600,600,0,True
1723088147,20481216,1898964744199754190562151171413,63537,578,600,600,0,True
1723088159,20481217,1898964744199754190562151171413,63537,578,600,600,0,True
1723088171,20481218,1898964744199754190562151171413,63537,578,600,600,0,True
1723088183,20481219,1898964744199754190562151171413,63537,578,600,600,0,True
1723088195,20481220,1898964744199754190562151171413,63537,578,600,600,0,True
1723088207,20481221,1898964744199754190562151171413,63537,578,600,600,0,True
1723088219,20481222,1898964744199754190562151171413,63537,578,600,600,0,True
1723088231,20481223,1898964744199754190562151171413,63537,578,600,600,0,True
1723088243,20481224,1898964744199754190562151171413,63537,578,600,600,0,True
1723088255,20481225,1898964744199754190562151171413,63537,578,600,600,0,True
1723088267,20481226,1898964744199754190562151171413,63537,578,600,600,0,True
1723088279,20481227,1898964744199754190562151171413,63537,578,600,600,0,True
1723088291,20481228,1898964744199754190562151171413,63537,578,600,600,0,True
1723088303,20481229,1898964744199754190562151171413,63537,578,600,600,0,True
1723088315,20481230,1898964744199754190562151171413,63537,578,600,600,0,True
1723088327,20481231,1898964744199754190562151171413,63537,578,600,600,0,True
1723088339,20481232,1898964744199754190562151171413,63537,578,600,600,0,True
1723088351,20481233,1898964744199754190562151171413,63537,578,600,600,0,True
1723088363,20481234,1898964744199754190562151171413,63537,578,600,600,0,True
1723088375,20481235,1898964744199754190562151171413,63537,578,600,600,0,True
1723088387,20481236,1898964744199754190562151171413,63537,578,600,600,0,True
1723088399,20481237,1898964744199754190562151171413,63537,578,600,600,0,True
1723088411,20481238,1898964744199754190562151171413,63537,578,600,600,0,True
1723088423,20481239,1898964744199754190562151171413,63537,578,600,600,0,True
1723088435,20481240,1898882341294132531597741851124,63536,579,600,600,0,True
1723088447,20481241,1898882341294132531597741851124,63536,579,600,600,0,True
1723088459,20481242,1898882341294132531597741851124,63536,579,600,600,0,True
1723088471,20481243,1898882341294132531597741851124,63536,579,600,600,0,True
1723088483,20481244,1898882341294132531597741851124,63536,579,600,600,0,True
1723088495,20481245,1898882341294132531597741851124,63536,579,600,600,0,True
1723088507,20481246,1898882341294132531597741851124,63536,579,600,600,0,True
1723088519,20481247,1898882341294132531597741851124,63536,579,600,600,0,True
1723088531,20481248,1898882341294132531597741851124,63536,579,600,600,0,True
1723088543,20481249,1898882341294132531597741851124,63536,579,600,600,0,True
1723088555,20481250,1898882341294132531597741851124,63536,579,600,600,0,True
1723088567,20481251,1898882341294132531597741851124,63536,579,600,600,0,True
1723088579,20481252,1898882341294132531597741851124,63536,579,600,600,0,True
1723088591,20481253,1898861845198805858745259572381,63536,579,600,600,0,True
1723088603,20481254,1898861845198805858745259572381,63536,579,600,600,0,True
1723088615,20481255,1898861845198805858745259572381,63536,579,600,600,0,True
1723088627,20481256,1898861845198805858745259572381,63536,579,600,600,0,True
1723088639,20481257,1898861845198805858745259572381,63536,579,600,600,0,True
1723088651,20481258,1898861845198805858745259572381,63536,579,600,600,0,True
1723088663,20481259,1898861845198805858745259572381,63536,579,600,600,0,True
1723088675,20481260,1898861845198805858745259572381,63536,579,600,600,0,True
1723088687,20481261,1898861845198805858745259572381,63536,579,600,600,0,True
1723088699,20481262,1898861845198805858745259572381,63536,579,600,600,0,True
1723088711,20481263,1898861845198805858745259572381,63536,579,600,600,0,True
1723088723,20481264,1898861845198805858745259572381,63536,579,600,600,0,True
1723088735,20481265,1898861845198805858745259572381,63536,579,600,600,0,True
1723088747,20481266,1898861845198805858745259572381,63536,579,600,600,0,True
1723088759,20481267,1898861845198805858745259572381,63536,579,600,600,0,True
1723088771,20481268,1898861845198805858745259572381,63536,579,600,600,0,True
1723088783,20481269,1898861845198805858745259572381,63536,579,600,600,0,True
1723088795,20481270,1898861845198805858745259572381,63536,579,600,600,0,True
1723088807,20481271,1898861845198805858745259572381,63536,579,600,600,0,True
1723088819,20481272,1898861845198805858745259572381,63536,579,600,600,0,True
1723088831,20481273,1898861845198805858745259572381,63536,579,600,600,0,True
1723088843,20481274,1898861845198805858745259572381,63536,579,600,600,0,True
1723088855,20481275,1898861845198805858745259572381,63536,579,600,600,0,True
1723088867,20481276,1898861845198805858745259572381,63536,579,600,600,0,True
1723088879,20481277,1898861845198805858745259572381,63536,579,600,600,0,True
1723088891,20481278,1898861845198805858745259572381,63536,579,600,600,0,True
1723088903,20481279,1898861845198805858745259572381,63536,579,600,600,0,True
1723088915,20481280,1898861845198805858745259572381,63536,579,600,600,0,True
1723088927,20481281,1898861845198805858745259572381,63536,579,600,600,0,True
1723088939,20481282,1898861845198805858745259572381,63536,579,600,600,0,True
1723088951,20481283,1898861845198805858745259572381,63536,579,600,600,0,True
1723088963,20481284,1898861845198805858745259572381,63536,579,600,600,0,True
1723088975,20481285,1898861845198805858745259572381,63536,579,600,600,0,True
1723088987,20481286,1898861845198805858745259572381,63536,579,600,600,0,True
1723088999,20481287,1898861845198805858745259572381,63536,579,600,600,0,True
1723089011,20481288,1898861845198805858745259572381,63536,579,600,600,0,True
1723089023,20481289,1898861845198805858745259572381,63536,579,600,600,0,True
1723089035,20481290,1898561505420064390663670230214,63533,580,600,600,0,True
1723089047,20481291,1898561505420064390663670230214,63533,580,600,600,0,True
1723089059,20481292,1898441139144578945615307438600,63532,581,600,600,0,True
1723089071,20481293,1898441139144578945615307438600,63532,581,600,600,0,True
1723089083,20481294,1898441139144578945615307438600,63532,581,600,600,0,True
1723089095,20481295,1898441139144578945615307438600,63532,581,600,600,0,True
1723089119,20481296,1898441139144578945615307438600,63532,581,600,600,0,True
1723089131,20481297,1898441139144578945615307438600,63532,581,600,600,0,True
1723089143,20481298,1898441139144578945615307438600,63532,581,600,600,0,True
1723089155,20481299,1898441139144578945615307438600,63532,581,600,600,0,True
1723089167,20481300,1898441139144578945615307438600,63532,581,600,600,0,True
1723089179,20481301,1898441139144578945615307438600,63532,581,600,600,0,True
1723089191,20481302,1898441139144578945615307438600,63532,581,600,600,0,True
1723089203,20481303,1898213555850534786139637239915,63529,582,600,600,0,True
1723089215,20481304,1898213555850534786139637239915,63529,582,600,600,0,True
1723089227,20481305,1897616172834849679120537747456,63523,583,600,600,0,True
1723089239,20481306,1897616172834849679120537747456,63523,583,600,600,0,True
1723089251,20481307,1897616172834849679120537747456,63523,583,600,600,0,True
1723089263,20481308,1897616172834849679120537747456,63523,583,600,600,0,True
1723089275,20481309,1897616172834849679120537747456,63523,583,600,600,0,True
1723089287,20481310,1897616172834849679120537747456,63523,583,600,600,0,True
1723089299,20481311,1897616172834849679120537747456,63523,583,600,600,0,True
1723089311,20481312,1897616172834849679120537747456,63523,583,600,600,0,True
1723089323,20481313,1897616172834849679120537747456,63523,583,600,600,0,True
1723089335,20481314,1897616172834849679120537747456,63523,583,600,600,0,True
1723089347,20481315,1897616172834849679120537747456,63523,583,600,600,0,True
1723089359,20481316,1897616172834849679120537747456,63523,583,600,600,0,True
1723089371,20481317,1897616172834849679120537747456,63523,583,600,600,0,True
1723089383,20481318,1897616172834849679120537747456,63523,583,600,600,0,True
1723089395,20481319,1897491738825924693366693975133,63522,584,600,600,0,True
1723089407,20481320,1896916301642708322518453303731,63516,585,600,600,0,True
1723089419,20481321,1896916301642708322518453303731,63516,585,600,600,0,True
1723089431,20481322,1896916301642708322518453303731,63516,585,600,600,0,True
1723089443,20481323,1896916301642708322518453303731,63516,585,600,600,0,True
1723089455,20481324,1896916301642708322518453303731,63516,585,600,600,0,True
1723089467,20481325,1896916301642708322518453303731,63516,585,600,600,0,True
1723089479,20481326,1896916301642708322518453303731,63516,585,600,600,0,True
1723089491,20481327,1896916301642708322518453303731,63516,585,600,600,0,True
1723089503,20481328,1896916301642708322518453303731,63516,585,600,600,0,True
1723089515,20481329,1896916301642708322518453303731,63516,585,600,600,0,True
1723089527,20481330,1896778420285664104220926011346,63514,586,600,600,0,True
1723089539,20481331,1896778420285664104220926011346,63514,586,600,600,0,True
1723089551,20481332,1896722845288046995956055936755,63514,586,600,600,0,True
1723089563,20481333,1896275889496665593140788330496,63509,587,600,600,0,True
1723089575,20481334,1896275889496665593140788330496,63509,587,600,600,0,True
1723089587,20481335,1896275889496665593140788330496,63509,587,600,600,0,True
1723089599,20481336,1896041192227079611261075779588,63507,588,600,600,0,True
1723089611,20481337,1896041192227079611261075779588,63507,588,600,600,0,True
1723089623,20481338,1896041192227079611261075779588,63507,588,600,600,0,True
1723089635,20481339,1896041192227079611261075779588,63507,588,600,600,0,True
1723089647,20481340,1896041192227079611261075779588,63507,588,600,600,0,True
1723089659,20481341,1896041192227079611261075779588,63507,588,600,600,0,True
1723089671,20481342,1896041192227079611261075779588,63507,588,600,600,0,True
1723089683,20481343,1896041192227079611261075779588,63507,588,600,600,0,True
1723089695,20481344,1896041192227079611261075779588,63507,588,600,600,0,True
1723089707,20481345,1896041192227079611261075779588,63507,588,600,600,0,True
1723089719,20481346,1896041192227079611261075779588,63507,588,600,600,0,True
1723089731,20481347,1896041192227079611261075779588,63507,588,600,600,0,True
1723089743,20481348,1895935578736069715533281626866,63505,589,600,600,0,True
1723089755,20481349,1895935578736069715533281626866,63505,589,600,600,0,True
1723089767,20481350,1895935578736069715533281626866,63505,589,600,600,0,True
1723089779,20481351,1895935578736069715533281626866,63505,589,600,600,0,True
1723089791,20481352,1895935578736069715533281626866,63505,589,600,600,0,True
1723089803,20481353,1895935578736069715533281626866,63505,589,600,600,0,True
1723089815,20481354,1895935578736069715533281626866,63505,589,600,600,0,True
1723089827,20481355,1895935578736069715533281626866,63505,589,600,600,0,True
1723089839,20481356,1895935578736069715533281626866,63505,589,600,600,0,True
1723089851,20481357,1895935578736069715533281626866,63505,589,600,600,0,True
1723089863,20481358,1895935578736069715533281626866,63505,589,600,600,0,True
1723089875,20481359,1895935578736069715533281626866,63505,589,600,600,0,True
1723089887,20481360,1895935578736069715533281626866,63505,589,600,600,0,True
1723089899,20481361,1895697302321402445087056319596,63503,590,600,600,0,True
1723089911,20481362,1894802594267892527612865386464,63493,591,600,600,0,True
1723089923,20481363,1894802594267892527612865386464,63493,591,600,600,0,True
1723089935,20481364,1894802594267892527612865386464,63493,591,600,600,0,True
1723089947,20481365,1894802594267892527612865386464,63493,591,600,600,0,True
1723089959,20481366,1894802594267892527612865386464,63493,591,600,600,0,True
1723089971,20481367,1894802594267892527612865386464,63493,591,600,600,0,True
1723089983,20481368,1894742115209006207014946854836,63493,591,600,600,0,True
1723089995,20481369,1893088562582672119965981046908,63475,592,600,600,0,True
1723090007,20481370,1893088562582672119965981046908,63475,592,600,600,0,True
1723090019,20481371,1892780994161659779080475959566,63472,593,600,600,0,True
1723090031,20481372,1892780994161659779080475959566,63472,593,600,600,0,True
1723090043,20481373,1892780994161659779080475959566,63472,593,600,600,0,True
1723090055,20481374,1892743816547603505611501962573,63472,593,600,600,0,True
1723090067,20481375,1892235287039557231190405153424,63466,594,600,600,0,True
1723090079,20481376,1892235287039557231190405153424,63466,594,600,600,0,True
1723090091,20481377,1892235287039557231190405153424,63466,594,600,600,0,True
1723090103,20481378,1892235287039557231190405153424,63466,594,600,600,0,True
1723090115,20481379,1892235287039557231190405153424,63466,594,600,600,0,True
1723090139,20481380,1892235287039557231190405153424,63466,594,600,600,0,True
1723090151,20481381,1892235287039557231190405153424,63466,594,600,600,0,True
1723090163,20481382,1892235287039557231190405153424,63466,594,600,600,0,True
1723090175,20481383,1892235287039557231190405153424,63466,594,600,600,0,True
1723090187,20481384,1892235287039557231190405153424,63466,595,600,600,0,True
1723090199,20481385,1892235287039557231190405153424,63466,595,600,600,0,True
1723090223,20481386,1892235287039557231190405153424,63466,595,600,600,0,True
1723090235,20481387,1892235287039557231190405153424,63466,595,600,600,0,True
1723090247,20481388,1892235287039557231190405153424,63466,595,600,600,0,True
1723090259,20481389,1892235287039557231190405153424,63466,595,600,600,0,True
1723090271,20481390,1892235287039557231190405153424,63466,595,600,600,0,True
1723090283,20481391,1892235287039557231190405153424,63466,595,600,600,0,True
1723090295,20481392,1892235287039557231190405153424,63466,595,600,600,0,True
1723090307,20481393,1892235287039557231190405153424,63466,595,600,600,0,True
1723090319,20481394,1892517109905985955721040338694,63469,596,600,600,0,True
1723090331,20481395,1892517109905985955721040338694,63469,596,600,600,0,True
1723090343,20481396,1892517109905985955721040338694,63469,596,600,600,0,True
1723090355,20481397,1892517109905985955721040338694,63469,596,600,600,0,True
1723090367,20481398,1892517109905985955721040338694,63469,596,600,600,0,True
1723090379,20481399,1892517109905985955721040338694,63469,596,600,600,0,True
1723090391,20481400,1892517109905985955721040338694,63469,596,600,600,0,True
1723090403,20481401,1892517109905985955721040338694,63469,596,600,600,0,True
1723090415,20481402,1892517109905985955721040338694,63469,596,600,600,0,True
1723090427,20481403,1892517109905985955721040338694,63469,596,600,600,0,True
1723090439,20481404,1892517109905985955721040338694,63469,596,600,600,0,True
1723090451,20481405,1892517109905985955721040338694,63469,596,600,600,0,True
1723090463,20481406,1893044430481855220894553604096,63475,597,600,600,0,True
1723090475,20481407,1893044430481855220894553604096,63475,597,600,600,0,True
1723090487,20481408,1893044430481855220894553604096,63475,597,600,600,0,True
1723090499,20481409,1893044430481855220894553604096,63475,597,600,600,0,True
1723090511,20481410,1893044430481855220894553604096,63475,597,600,600,0,True
1723090523,20481411,1893044430481855220894553604096,63475,597,600,600,0,True
1723090535,20481412,1893044430481855220894553604096,63475,597,600,600,0,True
1723090547,20481413,1893044430481855220894553604096,63475,597,600,600,0,True
1723090559,20481414,1893044430481855220894553604096,63475,597,600,600,0,True
1723090571,20481415,1893044430481855220894553604096,63475,597,600,600,0,True
1723090583,20481416,1893044430481855220894553604096,63475,597,600,600,0,True
1723090595,20481417,1893044430481855220894553604096,63475,597,600,600,0,True
1723090607,20481418,1893044430481855220894553604096,63475,597,600,600,0,True
1723090619,20481419,1893044430481855220894553604096,63475,597,600,600,0,True
1723090631,20481420,1893044430481855220894553604096,63475,597,600,600,0,True
1723090643,20481421,1893044430481855220894553604096,63475,597,600,600,0,True
1723090655,20481422,1893044430481855220894553604096,63475,597,600,600,0,True
1723090667,20481423,1893044430481855220894553604096,63475,597,600,600,0,True
1723090679,20481424,1893044430481855220894553604096,63475,597,600,600,0,True
1723090691,20481425,1893044430481855220894553604096,63475,597,600,600,0,True
1723090703,20481426,1893044430481855220894553604096,63475,597,600,600,0,True
1723090715,20481427,1893044430481855220894553604096,63475,597,600,600,0,True
1723090727,20481428,1893044430481855220894553604096,63475,597,600,600,0,True
1723090739,20481429,1893052788344679677251152353620,63475,597,600,600,0,True
1723090751,20481430,1893052788344679677251152353620,63475,597,600,600,0,True
1723090763,20481431,1893052788344679677251152353620,63475,597,600,600,0,True
1723090775,20481432,1893052788344679677251152353620,63475,597,600,600,0,True
1723090787,20481433,1893052788344679677251152353620,63475,597,600,600,0,True
1723090799,20481434,1893052788344679677251152353620,63475,597,600,600,0,True
1723090811,20481435,1893052788344679677251152353620,63475,597,600,600,0,True
1723090823,20481436,1893052788344679677251152353620,63475,597,600,600,0,True
1723090835,20481437,1893052788344679677251152353620,63475,597,600,600,0,True
1723090847,20481438,1893052788344679677251152353620,63475,597,600,600,0,True
1723090859,20481439,1893052788344679677251152353620,63475,597,600,600,0,True
1723090871,20481440,1893052788344679677251152353620,63475,597,600,600,0,True
1723090883,20481441,1893052788344679677251152353620,63475,597,600,600,0,True
1723090895,20481442,1893052788344679677251152353620,63475,597,600,600,0,True
1723090907,20481443,1893052788344679677251152353620,63475,597,600,600,0,True
1723090919,20481444,1893052788344679677251152353620,63475,597,600,600,0,True
1723090931,20481445,1893052788344679677251152353620,63475,597,600,600,0,True
1723090943,20481446,1893052788344679677251152353620,63475,597,600,600,0,True
1723090955,20481447,1893052788344679677251152353620,63475,597,600,600,0,True
1723090967,20481448,1893052788344679677251152353620,63475,597,600,600,0,True
1723090979,20481449,1893052788344679677251152353620,63475,597,600,600,0,True
1723090991,20481450,1893052788344679677251152353620,63475,597,600,600,0,True
1723091003,20481451,1893052788344679677251152353620,63475,597,600,600,0,True
1723091015,20481452,1893052788344679677251152353620,63475,597,600,600,0,True
1723091027,20481453,1893052788344679677251152353620,63475,597,600,600,0,True
1723091039,20481454,1893052788344679677251152353620,63475,597,600,600,0,True
1723091051,20481455,1893052788344679677251152353620,63475,597,600,600,0,True
1723091063,20481456,1893052788344679677251152353620,63475,597,600,600,0,True
1723091075,20481457,1893052788344679677251152353620,63475,597,600,600,0,True
1723091087,20481458,1893052788344679677251152353620,63475,597,600,600,0,True
1723091099,20481459,1893052788344679677251152353620,63475,597,600,600,0,True
1723091111,20481460,1893052788344679677251152353620,63475,597,600,600,0,True
1723091123,20481461,1893052788344679677251152353620,63475,597,600,600,0,True
1723091135,20481462,1893052788344679677251152353620,63475,597,600,600,0,True
1723091147,20481463,1893052788344679677251152353620,63475,597,600,600,0,True
1723091159,20481464,1893052788344679677251152353620,63475,597,600,600,0,True
1723091171,20481465,1893052788344679677251152353620,63475,597,600,600,0,True
1723091183,20481466,1893052788344679677251152353620,63475,597,600,600,0,True
1723091195,20481467,1893052788344679677251152353620,63475,597,600,600,0,True
1723091207,20481468,1893052788344679677251152353620,63475,597,600,600,0,True
1723091219,20481469,1893052788344679677251152353620,63475,597,600,600,0,True
1723091231,20481470,1893052788344679677251152353620,63475,597,600,600,0,True
1723091243,20481471,1893052788344679677251152353620,63475,597,600,600,0,True
1723091255,20481472,1893052788344679677251152353620,63475,597,600,600,0,True
1723091267,20481473,1893052788344679677251152353620,63475,597,600,600,0,True
1723091279,20481474,1893052788344679677251152353620,63475,597,600,600,0,True
1723091291,20481475,1893052788344679677251152353620,63475,597,600,600,0,True
1723091303,20481476,1893052788344679677251152353620,63475,597,600,600,0,True
1723091315,20481477,1893052788344679677251152353620,63475,597,600,600,0,True
1723091327,20481478,1893052788344679677251152353620,63475,597,600,600,0,True
1723091339,20481479,1893052788344679677251152353620,63475,597,600,600,0,True
1723091351,20481480,1893052788344679677251152353620,63475,597,600,600,0,True
1723091363,20481481,1893052788344679677251152353620,63475,597,600,600,0,True
1723091375,20481482,1893052788344679677251152353620,63475,597,600,600,0,True
1723091387,20481483,1893052788344679677251152353620,63475,597,600,600,0,True
1723091399,20481484,1893052788344679677251152353620,63475,597,600,600,0,True
1723091411,20481485,1893052788344679677251152353620,63475,597,600,600,0,True
1723091423,20481486,1893052788344679677251152353620,63475,597,600,600,0,True
1723091435,20481487,1893052788344679677251152353620,63475,597,600,600,0,True
1723091447,20481488,1893052788344679677251152353620,63475,597,600,600,0,True
1723091459,20481489,1893052788344679677251152353620,63475,597,600,600,0,True
1723091471,20481490,1893052788344679677251152353620,63475,597,600,600,0,True
1723091483,20481491,1893052788344679677251152353620,63475,597,600,600,0,True
1723091495,20481492,1893052788344679677251152353620,63475,597,600,600,0,True
1723091507,20481493,1893052788344679677251152353620,63475,597,600,600,0,True
1723091519,20481494,1893052788344679677251152353620,63475,597,600,600,0,True
1723091531,20481495,1893052788344679677251152353620,63475,597,600,600,0,True
1723091543,20481496,1893052788344679677251152353620,63475,597,600,600,0,True
1723091555,20481497,1893052788344679677251152353620,63475,597,600,600,0,True
1723091567,20481498,1893052788344679677251152353620,63475,597,600,600,0,True
1723091579,20481499,1893052788344679677251152353620,63475,597,600,600,0,True
1723091591,20481500,1893052788344679677251152353620,63475,597,600,600,0,True
1723091603,20481501,1893052788344679677251152353620,63475,597,600,600,0,True
1723091615,20481502,1893052788344679677251152353620,63475,597,600,600,0,True
1723091627,20481503,1893052788344679677251152353620,63475,597,600,600,0,True
1723091639,20481504,1893052788344679677251152353620,63475,597,600,600,0,True
1723091651,20481505,1893052788344679677251152353620,63475,597,600,600,0,True
1723091663,20481506,1893052788344679677251152353620,63475,597,600,600,0,True
1723091675,20481507,1893052788344679677251152353620,63475,597,600,600,0,True
1723091687,20481508,1893052788344679677251152353620,63475,597,600,600,0,True
1723091699,20481509,1893052788344679677251152353620,63475,597,600,600,0,True
1723091711,20481510,1893052788344679677251152353620,63475,597,600,600,0,True
1723091723,20481511,1893052788344679677251152353620,63475,597,600,600,0,True
1723091735,20481512,1893052788344679677251152353620,63475,597,600,600,0,True
1723091747,20481513,1893052788344679677251152353620,63475,597,600,600,0,True
1723091759,20481514,1893052788344679677251152353620,63475,597,600,600,0,True
1723091771,20481515,1893052788344679677251152353620,63475,597,600,600,0,True
1723091783,20481516,1893052788344679677251152353620,63475,597,600,600,0,True
1723091795,20481517,1893052788344679677251152353620,63475,597,600,600,0,True
1723091807,20481518,1893052788344679677251152353620,63475,597,600,600,0,True
1723091819,20481519,1892994310130523287957578091509,63474,598,600,600,0,True
1723091831,20481520,1892994310130523287957578091509,63474,598,600,600,0,True
1723091843,20481521,1892994310130523287957578091509,63474,598,600,600,0,True
1723091855,20481522,1892994310130523287957578091509,63474,598,600,600,0,True
1723091867,20481523,1892994310130523287957578091509,63474,598,600,600,0,True
1723091879,20481524,1892839845229949811600814496410,63473,599,600,600,0,True
1723091891,20481525,1892839845229949811600814496410,63473,599,600,600,0,True
1723091903,20481526,1892839845229949811600814496410,63473,599,600,600,0,True
1723091915,20481527,1892839845229949811600814496410,63473,599,600,600,0,True
1723091927,20481528,1892839845229949811600814496410,63473,599,600,600,0,True
1723091939,20481529,1892839845229949811600814496410,63473,599,600,600,0,True
1723091951,20481530,1892839845229949811600814496410,63473,599,600,600,0,True
1723091963,20481531,1892839845229949811600814496410,63473,599,600,600,0,True
1723091975,20481532,1892839845229949811600814496410,63473,599,600,600,0,True
1723091987,20481533,1892839845229949811600814496410,63473,599,600,600,0,True
1723091999,20481534,1892839845229949811600814496410,63473,599,600,600,0,True
1723092011,20481535,1892839845229949811600814496410,63473,599,600,600,0,True
1723092023,20481536,1892839845229949811600814496410,63473,599,600,600,0,True
1723092035,20481537,1892839845229949811600814496410,63473,599,600,600,0,True
1723092047,20481538,1892728107866530490735215999272,63472,0,600,600,0,True
1723092059,20481539,1892604938756400871081004812262,63470,1,600,600,0,True
1723092071,20481540,1892422841937551947424901928803,63468,2,600,600,0,True
1723092083,20481541,1892422841937551947424901928803,63468,2,600,600,0,True
1723092095,20481542,1892422841937551947424901928803,63468,2,600,600,0,True
1723092107,20481543,1892422841937551947424901928803,63468,2,600,600,0,True
1723092119,20481544,1892230445601636147113954288766,63466,3,600,600,0,True
1723092131,20481545,1892203328798552862928076756108,63466,3,600,600,0,True
1723092143,20481546,1892203328798552862928076756108,63466,3,600,600,0,True
1723092155,20481547,1892203328798552862928076756108,63466,3,600,600,0,True
1723092167,20481548,1892203328798552862928076756108,63466,3,600,600,0,True
1723092179,20481549,1892203328798552862928076756108,63466,3,600,600,0,True
1723092191,20481550,1892203328798552862928076756108,63466,3,600,600,0,True
1723092203,20481551,1892140227159744425791009335403,63465,4,600,600,0,True
1723092215,20481552,1892140227159744425791009335403,63465,4,600,600,0,True
1723092227,20481553,1892140227159744425791009335403,63465,4,600,600,0,True
1723092239,20481554,1892140227159744425791009335403,63465,4,600,600,0,True
1723092251,20481555,1892140227159744425791009335403,63465,4,600,600,0,True
1723092263,20481556,1892140227159744425791009335403,63465,4,600,600,0,True
1723092275,20481557,1892140227159744425791009335403,63465,4,600,600,0,True
1723092287,20481558,1892140227159744425791009335403,63465,4,600,600,0,True
1723092299,20481559,1892140227159744425791009335403,63465,4,600,600,0,True
1723092311,20481560,1892140227159744425791009335403,63465,4,600,600,0,True
1723092323,20481561,1892140227159744425791009335403,63465,4,600,600,0,True
1723092335,20481562,1891888101747313151498142276937,63463,5,600,600,0,True
1723092347,20481563,1891888101747313151498142276937,63463,5,600,600,0,True
1723092359,20481564,1891859943054507978203169352728,63462,6,600,600,0,True
1723092371,20481565,1891859943054507978203169352728,63462,6,600,600,0,True
1723092383,20481566,1891859943054507978203169352728,63462,6,600,600,0,True
1723092395,20481567,1891859943054507978203169352728,63462,6,600,600,0,True
1723092407,20481568,1891859943054507978203169352728,63462,6,600,600,0,True
1723092419,20481569,1891859943054507978203169352728,63462,6,600,600,0,True
1723092431,20481570,1891859943054507978203169352728,63462,6,600,600,0,True
1723092443,20481571,1891859943054507978203169352728,63462,6,600,600,0,True
1723092455,20481572,1891859943054507978203169352728,63462,6,600,600,0,True
1723092467,20481573,1891859943054507978203169352728,63462,6,600,600,0,True
1723092479,20481574,1891859943054507978203169352728,63462,6,600,600,0,True
1723092503,20481575,1891859943054507978203169352728,63462,6,600,600,0,True
1723092515,20481576,1891859943054507978203169352728,63462,6,600,600,0,True
1723092527,20481577,1891859943054507978203169352728,63462,6,600,600,0,True
1723092539,20481578,1891859943054507978203169352728,63462,6,600,600,0,True
1723092551,20481579,1891859943054507978203169352728,63462,6,600,600,0,True
1723092563,20481580,1891859943054507978203169352728,63462,6,600,600,0,True
1723092575,20481581,1891859943054507978203169352728,63462,6,600,600,0,True
1723092587,20481582,1891859943054507978203169352728,63462,6,600,600,0,True
1723092599,20481583,1891859943054507978203169352728,63462,6,600,600,0,True
1723092611,20481584,1891859943054507978203169352728,63462,6,600,600,0,True
1723092623,20481585,1891859943054507978203169352728,63462,6,600,600,0,True
1723092635,20481586,1891859943054507978203169352728,63462,6,600,600,0,True
1723092647,20481587,1891859943054507978203169352728,63462,6,600,600,0,True
1723092659,20481588,1891859340631465820699234725869,63462,6,600,600,0,True
1723092671,20481589,1891859340631465820699234725869,63462,6,600,600,0,True
1723092683,20481590,1891827131954526227466326780184,63462,6,600,600,0,True
1723092695,20481591,1891827131954526227466326780184,63462,6,600,600,0,True
1723092707,20481592,1891287611353015506816895041275,63456,7,600,600,0,True
1723092719,20481593,1891287611353015506816895041275,63456,7,600,600,0,True
1723092731,20481594,1891287611353015506816895041275,63456,7,600,600,0,True
1723092743,20481595,1891287611353015506816895041275,63456,7,600,600,0,True
1723092755,20481596,1891287611353015506816895041275,63456,7,600,600,0,True
1723092767,20481597,1891287611353015506816895041275,63456,7,600,600,0,True
1723092779,20481598,1891287611353015506816895041275,63456,7,600,600,0,True
1723092791,20481599,1891287611353015506816895041275,63456,7,600,600,0,True
1723092803,20481600,1891287611353015506816895041275,63456,7,600,600,0,True
1723092815,20481601,1891128581069302136416063549342,63455,8,600,600,0,True
1723092827,20481602,1891128581069302136416063549342,63455,8,600,600,0,True
1723092839,20481603,1891128581069302136416063549342,63455,8,600,600,0,True
1723092851,20481604,1891128581069302136416063549342,63455,8,600,600,0,True
1723092863,20481605,1891128581069302136416063549342,63455,8,600,600,0,True
1723092875,20481606,1891128581069302136416063549342,63455,8,600,600,0,True
1723092887,20481607,1891128581069302136416063549342,63455,8,600,600,0,True
1723092899,20481608,1891128581069302136416063549342,63455,8,600,600,0,True
1723092911,20481609,1891128581069302136416063549342,63455,8,600,600,0,True
1723092923,20481610,1891128581069302136416063549342,63455,8,600,600,0,True
1723092935,20481611,1890937374141332084385476552235,63453,9,600,600,0,True
1723092947,20481612,1890825636777071262756618627911,63451,10,600,600,0,True
1723092959,20481613,1890774103963379340048135253308,63451,10,600,600,0,True
1723092971,20481614,1890572291002947528232029105903,63449,11,600,600,0,True
1723092983,20481615,1890572291002947528232029105903,63449,11,600,600,0,True
1723092995,20481616,1890249205807482992649030128744,63445,12,600,600,0,True
1723093007,20481617,1889899742405245418554350006065,63442,13,600,600,0,True
1723093019,20481618,1889899742405245418554350006065,63442,13,600,600,0,True
1723093031,20481619,1889899742405245418554350006065,63442,13,600,600,0,True
1723093043,20481620,1889899742405245418554350006065,63442,13,600,600,0,True
1723093055,20481621,1889899742405245418554350006065,63442,13,600,600,0,True
1723093067,20481622,1889899742405245418554350006065,63442,13,600,600,0,True
1723093079,20481623,1889899742405245418554350006065,63442,13,600,600,0,True
1723093091,20481624,1889899742405245418554350006065,63442,13,600,600,0,True
1723093103,20481625,1889899742405245418554350006065,63442,13,600,600,0,True
1723093115,20481626,1889899742405245418554350006065,63442,13,600,600,0,True
1723093127,20481627,1889899742405245418554350006065,63442,13,600,600,0,True
1723093139,20481628,1889899742405245418554350006065,63442,13,600,600,0,True
1723093151,20481629,1889899742405245418554350006065,63442,13,600,600,0,True
1723093163,20481630,1889899742405245418554350006065,63442,13,600,600,0,True
1723093175,20481631,1889899742405245418554350006065,63442,13,600,600,0,True
1723093187,20481632,1889899742405245418554350006065,63442,13,600,600,0,True
1723093199,20481633,1889899742405245418554350006065,63442,13,600,600,0,True
1723093211,20481634,1889899742405245418554350006065,63442,13,600,600,0,True
1723093223,20481635,1889899742405245418554350006065,63442,13,600,600,0,True
1723093235,20481636,1889899742405245418554350006065,63442,13,600,600,0,True
1723093247,20481637,1889899742405245418554350006065,63442,13,600,600,0,True
1723093259,20481638,1889899742405245418554350006065,63442,13,600,600,0,True
1723093271,20481639,1889899742405245418554350006065,63442,13,600,600,0,True
1723093283,20481640,1889899742405245418554350006065,63442,13,600,600,0,True
1723093295,20481641,1889899742405245418554350006065,63442,13,600,600,0,True
1723093307,20481642,1889899742405245418554350006065,63442,13,600,600,0,True
1723093319,20481643,1889899742405245418554350006065,63442,13,600,600,0,True
1723093331,20481644,1889899742405245418554350006065,63442,13,600,600,0,True
1723093343,20481645,1889899742405245418554350006065,63442,13,600,600,0,True
1723093355,20481646,1889899742405245418554350006065,63442,13,600,600,0,True
1723093367,20481647,1889899742405245418554350006065,63442,13,600,600,0,True
1723093379,20481648,1889899742405245418554350006065,63442,13,600,600,0,True
1723093391,20481649,1889899742405245418554350006065,63442,13,600,600,0,True
1723093403,20481650,1889899742405245418554350006065,63442,13,600,600,0,True
1723093415,20481651,1889899742405245418554350006065,63442,13,600,600,0,True
1723093427,20481652,1889899742405245418554350006065,63442,13,600,600,0,True
1723093439,20481653,1889899742405245418554350006065,63442,13,600,600,0,True
1723093451,20481654,1889899742405245418554350006065,63442,13,600,600,0,True
1723093463,20481655,1889899742405245418554350006065,63442,13,600,600,0,True
1723093475,20481656,1889899742405245418554350006065,63442,13,600,600,0,True
1723093487,20481657,1889899742405245418554350006065,63442,13,600,600,0,True
1723093499,20481658,1889899742405245418554350006065,63442,13,600,600,0,True
1723093511,20481659,1889899742405245418554350006065,63442,13,600,600,0,True
1723093523,20481660,1889899742405245418554350006065,63442,13,600,600,0,True
1723093535,20481661,1889899742405245418554350006065,63442,13,600,600,0,True
1723093547,20481662,1889899742405245418554350006065,63442,13,600,600,0,True
1723093559,20481663,1889899742405245418554350006065,63442,13,600,600,0,True
1723093571,20481664,1889899742405245418554350006065,63442,13,600,600,0,True
1723093583,20481665,1889899742405245418554350006065,63442,13,600,600,0,True
1723093595,20481666,1889899742405245418554350006065,63442,13,600,600,0,True
1723093607,20481667,1889899742405245418554350006065,63442,13,600,600,0,True
1723093619,20481668,1889899742405245418554350006065,63442,13,600,600,0,True
1723093631,20481669,1889899742405245418554350006065,63442,13,600,600,0,True
1723093643,20481670,1889899742405245418554350006065,63442,13,600,600,0,True
1723093655,20481671,1889899742405245418554350006065,63442,13,600,600,0,True
1723093667,20481672,1889899742405245418554350006065,63442,13,600,600,0,True
1723093679,20481673,1889899742405245418554350006065,63442,13,600,600,0,True
1723093691,20481674,1889899742405245418554350006065,63442,13,600,600,0,True
1723093703,20481675,1889899742405245418554350006065,63442,13,600,600,0,True
1723093715,20481676,1889899742405245418554350006065,63442,13,600,600,0,True
1723093727,20481677,1889899742405245418554350006065,63442,13,600,600,0,True
1723093739,20481678,1889899742405245418554350006065,63442,13,600,600,0,True
1723093751,20481679,1889899742405245418554350006065,63442,13,600,600,0,True
1723093763,20481680,1889899742405245418554350006065,63442,13,600,600,0,True
1723093775,20481681,1889899742405245418554350006065,63442,13,600,600,0,True
1723093787,20481682,1889899742405245418554350006065,63442,13,600,600,0,True
1723093799,20481683,1889899742405245418554350006065,63442,13,600,600,0,True
1723093811,20481684,1889899742405245418554350006065,63442,13,600,600,0,True
1723093823,20481685,1889899742405245418554350006065,63442,13,600,600,0,True
1723093835,20481686,1889899742405245418554350006065,63442,13,600,600,0,True
1723093847,20481687,1889899742405245418554350006065,63442,13,600,600,0,True
1723093859,20481688,1889899742405245418554350006065,63442,13,600,600,0,True
1723093871,20481689,1889899742405245418554350006065,63442,13,600,600,0,True
1723093883,20481690,1889899742405245418554350006065,63442,13,600,600,0,True
1723093895,20481691,1889899742405245418554350006065,63442,13,600,600,0,True
1723093907,20481692,1889899742405245418554350006065,63442,13,600,600,0,True
1723093919,20481693,1889899742405245418554350006065,63442,13,600,600,0,True
1723093931,20481694,1889899742405245418554350006065,63442,13,600,600,0,True
1723093943,20481695,1889899742405245418554350006065,63442,13,600,600,0,True
1723093955,20481696,1889899742405245418554350006065,63442,13,600,600,0,True
1723093967,20481697,1889899742405245418554350006065,63442,13,600,600,0,True
1723093979,20481698,1889899742405245418554350006065,63442,13,600,600,0,True
1723093991,20481699,1889899742405245418554350006065,63442,13,600,600,0,True
1723094003,20481700,1889899742405245418554350006065,63442,13,600,600,0,True
1723094015,20481701,1889899742405245418554350006065,63442,13,600,600,0,True
1723094027,20481702,1889899742405245418554350006065,63442,13,600,600,0,True
1723094039,20481703,1889899742405245418554350006065,63442,13,600,600,0,True
1723094051,20481704,1889899742405245418554350006065,63442,13,600,600,0,True
1723094063,20481705,1889899742405245418554350006065,63442,13,600,600,0,True
1723094075,20481706,1889899742405245418554350006065,63442,13,600,600,0,True
1723094087,20481707,1889899742405245418554350006065,63442,13,600,600,0,True
1723094099,20481708,1888966679954732715150752587139,63432,14,600,600,0,True
1723094111,20481709,1888966679954732715150752587139,63432,14,600,600,0,True
1723094123,20481710,1888966679954732715150752587139,63432,14,600,600,0,True
1723094135,20481711,1888966679954732715150752587139,63432,14,600,600,0,True
1723094147,20481712,1888966679954732715150752587139,63432,14,600,600,0,True
1723094159,20481713,1888966679954732715150752587139,63432,14,600,600,0,True
1723094171,20481714,1888966679954732715150752587139,63432,14,600,600,0,True
1723094183,20481715,1888966679954732715150752587139,63432,14,600,600,0,True
1723094195,20481716,1888966679954732715150752587139,63432,14,600,600,0,True
1723094207,20481717,1888966679954732715150752587139,63432,14,600,600,0,True
1723094219,20481718,1888966679954732715150752587139,63432,14,600,600,0,True
1723094231,20481719,1888966679954732715150752587139,63432,14,600,600,0,True
1723094243,20481720,1888966679954732715150752587139,63432,14,600,600,0,True
1723094255,20481721,1888966679954732715150752587139,63432,14,600,600,0,True
1723094279,20481722,1888966679954732715150752587139,63432,14,600,600,0,True
1723094291,20481723,1888966679954732715150752587139,63432,14,600,600,0,True
1723094303,20481724,1888966679954732715150752587139,63432,14,600,600,0,True
1723094315,20481725,1888966679954732715150752587139,63432,14,600,600,0,True
1723094327,20481726,1888966679954732715150752587139,63432,14,600,600,0,True
1723094339,20481727,1888966679954732715150752587139,63432,14,600,600,0,True
1723094351,20481728,1888966679954732715150752587139,63432,14,600,600,0,True
1723094363,20481729,1888966679954732715150752587139,63432,14,600,600,0,True
1723094375,20481730,1888966679954732715150752587139,63432,14,600,600,0,True
1723094387,20481731,1888966679954732715150752587139,63432,14,600,600,0,True
1723094399,20481732,1888966679954732715150752587139,63432,14,600,600,0,True
1723094411,20481733,1888966679954732715150752587139,63432,14,600,600,0,True
1723094423,20481734,1888966679954732715150752587139,63432,14,600,600,0,True
1723094435,20481735,1888966679954732715150752587139,63432,14,600,600,0,True
1723094447,20481736,1888966679954732715150752587139,63432,14,600,600,0,True
1723094459,20481737,1888966679954732715150752587139,63432,14,600,600,0,True
1723094471,20481738,1888966679954732715150752587139,63432,14,600,600,0,True
1723094483,20481739,1888966679954732715150752587139,63432,14,600,600,0,True
1723094495,20481740,1888966679954732715150752587139,63432,14,600,600,0,True
1723094507,20481741,1888966679954732715150752587139,63432,14,600,600,0,True
1723094519,20481742,1888966679954732715150752587139,63432,14,600,600,0,True
1723094531,20481743,1888966679954732715150752587139,63432,14,600,600,0,True
1723094543,20481744,1888966679954732715150752587139,63432,14,600,600,0,True
1723094555,20481745,1888966679954732715150752587139,63432,14,600,600,0,True
1723094567,20481746,1888966679954732715150752587139,63432,14,600,600,0,True
1723094579,20481747,1888966679954732715150752587139,63432,14,600,600,0,True
1723094591,20481748,1888966679954732715150752587139,63432,14,600,600,0,True
1723094603,20481749,1888966679954732715150752587139,63432,14,600,600,0,True
1723094615,20481750,1888966679954732715150752587139,63432,14,600,600,0,True
1723094627,20481751,1888966679954732715150752587139,63432,14,600,600,0,True
1723094639,20481752,1888966679954732715150752587139,63432,14,600,600,0,True
1723094651,20481753,1888966679954732715150752587139,63432,14,600,600,0,True
1723094663,20481754,1888966679954732715150752587139,63432,14,600,600,0,True
1723094675,20481755,1888966679954732715150752587139,63432,14,600,600,0,True
1723094687,20481756,1888966679954732715150752587139,63432,14,600,600,0,True
1723094699,20481757,1888966679954732715150752587139,63432,14,600,600,0,True
1723094711,20481758,1888966679954732715150752587139,63432,14,600,600,0,True
1723094723,20481759,1888966679954732715150752587139,63432,14,600,600,0,True
1723094735,20481760,1888966679954732715150752587139,63432,14,600,600,0,True
1723094747,20481761,1888966679954732715150752587139,63432,14,600,600,0,True
1723094759,20481762,1888966679954732715150752587139,63432,14,600,600,0,True
1723094771,20481763,1888966679954732715150752587139,63432,14,600,600,0,True
1723094783,20481764,1888966679954732715150752587139,63432,14,600,600,0,True
1723094795,20481765,1888966679954732715150752587139,63432,14,600,600,0,True
1723094807,20481766,1888966679954732715150752587139,63432,14,600,600,0,True
1723094819,20481767,1888966679954732715150752587139,63432,14,600,600,0,True
1723094831,20481768,1888966679954732715150752587139,63432,14,600,600,0,True
1723094843,20481769,1888966679954732715150752587139,63432,14,600,600,0,True
1723094855,20481770,1888966679954732715150752587139,63432,14,600,600,0,True
1723094867,20481771,1888966679954732715150752587139,63432,14,600,600,0,True
1723094879,20481772,1888966679954732715150752587139,63432,14,600,600,0,True
1723094891,20481773,1888966679954732715150752587139,63432,14,600,600,0,True
1723094903,20481774,1888966679954732715150752587139,63432,14,600,600,0,True
1723094915,20481775,1888966679954732715150752587139,63432,14,600,600,0,True
1723094927,20481776,1888966679954732715150752587139,63432,14,600,600,0,True
1723094939,20481777,1888966679954732715150752587139,63432,14,600,600,0,True
1723094951,20481778,1888966679954732715150752587139,63432,14,600,600,0,True
1723094963,20481779,1888966679954732715150752587139,63432,14,600,600,0,True
1723094975,20481780,1888966679954732715150752587139,63432,14,600,600,0,True
1723094987,20481781,1888966679954732715150752587139,63432,14,600,600,0,True
1723094999,20481782,1888966679954732715150752587139,63432,14,600,600,0,True
1723095011,20481783,1888966679954732715150752587139,63432,14,600,600,0,True
1723095023,20481784,1888966679954732715150752587139,63432,14,600,600,0,True
1723095035,20481785,1888966679954732715150752587139,63432,14,600,600,0,True
1723095047,20481786,1888966679954732715150752587139,63432,14,600,600,0,True
1723095059,20481787,1889154991988984090856781413078,63434,15,600,600,0,True
1723095071,20481788,1889154991988984090856781413078,63434,15,600,600,0,True
1723095083,20481789,1889154991988984090856781413078,63434,15,600,600,0,True
1723095095,20481790,1889154991988984090856781413078,63434,15,600,600,0,True
1723095107,20481791,1889154991988984090856781413078,63434,15,600,600,0,True
1723095119,20481792,1889154991988984090856781413078,63434,15,600,600,0,True
1723095131,20481793,1889154991988984090856781413078,63434,15,600,600,0,True
1723095143,20481794,1889154991988984090856781413078,63434,15,600,600,0,True
1723095155,20481795,1889154991988984090856781413078,63434,15,600,600,0,True
1723095167,20481796,1889154991988984090856781413078,63434,15,600,600,0,True
1723095179,20481797,1889154991988984090856781413078,63434,15,600,600,0,True
1723095191,20481798,1889154991988984090856781413078,63434,15,600,600,0,True
1723095203,20481799,1889154991988984090856781413078,63434,15,600,600,0,True
1723095215,20481800,1889154991988984090856781413078,63434,15,600,600,0,True
1723095227,20481801,1889154991988984090856781413078,63434,15,600,600,0,True
1723095239,20481802,1889154991988984090856781413078,63434,15,600,600,0,True
1723095251,20481803,1889154991988984090856781413078,63434,15,600,600,0,True
1723095263,20481804,1889154991988984090856781413078,63434,15,600,600,0,True
1723095275,20481805,1889154991988984090856781413078,63434,15,600,600,0,True
1723095287,20481806,1889154991988984090856781413078,63434,15,600,600,0,True
1723095299,20481807,1889154991988984090856781413078,63434,15,600,600,0,True
1723095311,20481808,1889154991988984090856781413078,63434,15,600,600,0,True
1723095323,20481809,1889154991988984090856781413078,63434,15,600,600,0,True
1723095335,20481810,1889154991988984090856781413078,63434,15,600,600,0,True
1723095347,20481811,1889154991988984090856781413078,63434,15,600,600,0,True
1723095359,20481812,1889154991988984090856781413078,63434,15,600,600,0,True
1723095371,20481813,1889154991988984090856781413078,63434,15,600,600,0,True
1723095383,20481814,1889154991988984090856781413078,63434,15,600,600,0,True
1723095395,20481815,1889154991988984090856781413078,63434,15,600,600,0,True
1723095407,20481816,1889154991988984090856781413078,63434,15,600,600,0,True
1723095419,20481817,1889154991988984090856781413078,63434,15,600,600,0,True
1723095431,20481818,1889154991988984090856781413078,63434,15,600,600,0,True
1723095443,20481819,1889154991988984090856781413078,63434,15,600,600,0,True
1723095455,20481820,1889154991988984090856781413078,63434,15,600,600,0,True
1723095467,20481821,1889154991988984090856781413078,63434,15,600,600,0,True
1723095479,20481822,1889154991988984090856781413078,63434,15,600,600,0,True
1723095491,20481823,1889154991988984090856781413078,63434,15,600,600,0,True
1723095503,20481824,1889796668378536383802179697816,63441,16,600,600,0,True
1723095515,20481825,1889796668378536383802179697816,63441,16,600,600,0,True
1723095527,20481826,1889796668378536383802179697816,63441,16,600,600,0,True
1723095539,20481827,1889796668378536383802179697816,63441,16,600,600,0,True
1723095551,20481828,1889796668378536383802179697816,63441,16,600,600,0,True
1723095563,20481829,1889796668378536383802179697816,63441,16,600,600,0,True
1723095575,20481830,1889944981587938510886301944206,63442,17,600,600,0,True
1723095587,20481831,1889944981587938510886301944206,63442,17,600,600,0,True
1723095599,20481832,1889944981587938510886301944206,63442,17,600,600,0,True
1723095611,20481833,1889944981587938510886301944206,63442,17,600,600,0,True
1723095623,20481834,1889944981587938510886301944206,63442,17,600,600,0,True
1723095635,20481835,1889944981587938510886301944206,63442,17,600,600,0,True
1723095647,20481836,1889944981587938510886301944206,63442,17,600,600,0,True
1723095659,20481837,1889944981587938510886301944206,63442,17,600,600,0,True
1723095671,20481838,1889944981587938510886301944206,63442,17,600,600,0,True
1723095683,20481839,1889944981587938510886301944206,63442,17,600,600,0,True
1723095695,20481840,1889944981587938510886301944206,63442,17,600,600,0,True
1723095707,20481841,1889944981587938510886301944206,63442,17,600,600,0,True
1723095719,20481842,1889944981587938510886301944206,63442,17,600,600,0,True
1723095731,20481843,1889944981587938510886301944206,63442,17,600,600,0,True
1723095743,20481844,1889944981587938510886301944206,63442,17,600,600,0,True
1723095755,20481845,1889944981587938510886301944206,63442,17,600,600,0,True
1723095767,20481846,1889944981587938510886301944206,63442,17,600,600,0,True
1723095779,20481847,1889944981587938510886301944206,63442,17,600,600,0,True
1723095791,20481848,1889944981587938510886301944206,63442,17,600,600,0,True
1723095803,20481849,1889944981587938510886301944206,63442,17,600,600,0,True
1723095815,20481850,1889944981587938510886301944206,63442,17,600,600,0,True
1723095827,20481851,1889944981587938510886301944206,63442,17,600,600,0,True
1723095839,20481852,1889944981587938510886301944206,63442,17,600,600,0,True
1723095851,20481853,1889944981587938510886301944206,63442,17,600,600,0,True
1723095863,20481854,1889944981587938510886301944206,63442,17,600,600,0,True
1723095875,20481855,1889944981587938510886301944206,63442,17,600,600,0,True
1723095887,20481856,1889944981587938510886301944206,63442,17,600,600,0,True
1723095899,20481857,1889944981587938510886301944206,63442,17,600,600,0,True
1723095911,20481858,1889944981587938510886301944206,63442,17,600,600,0,True
1723095923,20481859,1889944981587938510886301944206,63442,17,600,600,0,True
1723095947,20481860,1889944981587938510886301944206,63442,17,600,600,0,True
1723095959,20481861,1889944981587938510886301944206,63442,17,600,600,0,True
1723095971,20481862,1889944981587938510886301944206,63442,17,600,600,0,True
1723095983,20481863,1889944981587938510886301944206,63442,17,600,600,0,True
1723095995,20481864,1889944981587938510886301944206,63442,17,600,600,0,True
1723096007,20481865,1889944981587938510886301944206,63442,17,600,600,0,True
1723096019,20481866,1889944981587938510886301944206,63442,17,600,600,0,True
1723096031,20481867,1889944981587938510886301944206,63442,17,600,600,0,True
1723096043,20481868,1889944981587938510886301944206,63442,17,600,600,0,True
1723096055,20481869,1889944981587938510886301944206,63442,17,600,600,0,True
1723096067,20481870,1889944981587938510886301944206,63442,17,600,600,0,True
1723096079,20481871,1889944981587938510886301944206,63442,17,600,600,0,True
1723096091,20481872,1889944981587938510886301944206,63442,17,600,600,0,True
1723096103,20481873,1889944981587938510886301944206,63442,17,600,600,0,True
1723096115,20481874,1889944981587938510886301944206,63442,17,600,600,0,True
1723096127,20481875,1889944981587938510886301944206,63442,17,600,600,0,True
1723096139,20481876,1889944981587938510886301944206,63442,17,600,600,0,True
1723096151,20481877,1889944981587938510886301944206,63442,17,600,600,0,True
1723096163,20481878,1889944981587938510886301944206,63442,17,600,600,0,True
1723096175,20481879,1889944981587938510886301944206,63442,17,600,600,0,True
1723096187,20481880,1889944981587938510886301944206,63442,17,600,600,0,True
1723096199,20481881,1889944981587938510886301944206,63442,17,600,600,0,True
1723096211,20481882,1889944981587938510886301944206,63442,17,600,600,0,True
1723096223,20481883,1889944981587938510886301944206,63442,17,600,600,0,True
1723096235,20481884,1889944981587938510886301944206,63442,17,600,600,0,True
1723096247,20481885,1889944981587938510886301944206,63442,17,600,600,0,True
1723096259,20481886,1889944981587938510886301944206,63442,17,600,600,0,True
1723096271,20481887,1889944981587938510886301944206,63442,17,600,600,0,True
1723096283,20481888,1889944981587938510886301944206,63442,17,600,600,0,True
1723096295,20481889,1889944981587938510886301944206,63442,17,600,600,0,True
1723096307,20481890,1889944981587938510886301944206,63442,17,600,600,0,True
1723096319,20481891,1889944981587938510886301944206,63442,17,600,600,0,True
1723096331,20481892,1889944981587938510886301944206,63442,17,600,600,0,True
1723096343,20481893,1889944981587938510886301944206,63442,17,600,600,0,True
1723096355,20481894,1889944981587938510886301944206,63442,17,600,600,0,True
1723096367,20481895,1889944981587938510886301944206,63442,17,600,600,0,True
1723096379,20481896,1889944981587938510886301944206,63442,17,600,600,0,True
1723096391,20481897,1889944981587938510886301944206,63442,17,600,600,0,True
1723096403,20481898,1889944981587938510886301944206,63442,17,600,600,0,True
1723096415,20481899,1889944981587938510886301944206,63442,17,600,600,0,True
1723096427,20481900,1889944981587938510886301944206,63442,17,600,600,0,True
1723096439,20481901,1889944981587938510886301944206,63442,17,600,600,0,True
1723096451,20481902,1889944981587938510886301944206,63442,17,600,600,0,True
1723096463,20481903,1889944981587938510886301944206,63442,17,600,600,0,True
1723096475,20481904,1889944981587938510886301944206,63442,17,600,600,0,True
1723096487,20481905,1889944981587938510886301944206,63442,17,600,600,0,True
1723096499,20481906,1889944981587938510886301944206,63442,17,600,600,0,True
1723096511,20481907,1889944981587938510886301944206,63442,17,600,600,0,True
1723096523,20481908,1889944981587938510886301944206,63442,17,600,600,0,True
1723096535,20481909,1889944981587938510886301944206,63442,17,600,600,0,True
1723096547,20481910,1889944981587938510886301944206,63442,17,600,600,0,True
1723096559,20481911,1889944981587938510886301944206,63442,17,600,600,0,True
1723096571,20481912,1889944981587938510886301944206,63442,17,600,600,0,True
1723096583,20481913,1889944981587938510886301944206,63442,17,600,600,0,True
1723096595,20481914,1889944981587938510886301944206,63442,17,600,600,0,True
1723096607,20481915,1889944981587938510886301944206,63442,17,600,600,0,True
1723096619,20481916,1889944981587938510886301944206,63442,17,600,600,0,True
1723096631,20481917,1889944981587938510886301944206,63442,17,600,600,0,True
1723096643,20481918,1889944981587938510886301944206,63442,17,600,600,0,True
1723096655,20481919,1889944981587938510886301944206,63442,17,600,600,0,True
1723096667,20481920,1889944981587938510886301944206,63442,17,600,600,0,True
1723096679,20481921,1889944981587938510886301944206,63442,17,600,600,0,True
1723096691,20481922,1889944981587938510886301944206,63442,17,600,600,0,True
1723096703,20481923,1889944981587938510886301944206,63442,17,600,600,0,True
1723096715,20481924,1889944981587938510886301944206,63442,17,600,600,0,True
1723096727,20481925,1889944981587938510886301944206,63442,17,600,600,0,True
1723096739,20481926,1889944981587938510886301944206,63442,17,600,600,0,True
1723096751,20481927,1889944981587938510886301944206,63442,17,600,600,0,True
1723096763,20481928,1889944981587938510886301944206,63442,17,600,600,0,True
1723096775,20481929,1889944981587938510886301944206,63442,17,600,600,0,True
1723096787,20481930,1889944981587938510886301944206,63442,17,600,600,0,True
1723096799,20481931,1889944981587938510886301944206,63442,17,600,600,0,True
1723096811,20481932,1889944981587938510886301944206,63442,17,600,600,0,True
1723096823,20481933,1889944981587938510886301944206,63442,17,600,600,0,True
1723096835,20481934,1889944981587938510886301944206,63442,17,600,600,0,True
1723096847,20481935,1889944981587938510886301944206,63442,17,600,600,0,True
1723096859,20481936,1889944981587938510886301944206,63442,17,600,600,0,True
1723096871,20481937,1889944981587938510886301944206,63442,17,600,600,0,True
1723096883,20481938,1889944981587938510886301944206,63442,17,600,600,0,True
1723096895,20481939,1889944981587938510886301944206,63442,17,600,600,0,True
1723096907,20481940,1889944981587938510886301944206,63442,17,600,600,0,True
1723096919,20481941,1889944981587938510886301944206,63442,17,600,600,0,True
1723096931,20481942,1889944981587938510886301944206,63442,17,600,600,0,True
1723096943,20481943,1889944981587938510886301944206,63442,17,600,600,0,True
1723096955,20481944,1889944981587938510886301944206,63442,17,600,600,0,True
1723096967,20481945,1889944981587938510886301944206,63442,17,600,600,0,True
1723096979,20481946,1889944981587938510886301944206,63442,17,600,600,0,True
1723096991,20481947,1889944981587938510886301944206,63442,17,600,600,0,True
1723097003,20481948,1889944981587938510886301944206,63442,17,600,600,0,True
1723097015,20481949,1889944981587938510886301944206,63442,17,600,600,0,True
1723097027,20481950,1889944981587938510886301944206,63442,17,600,600,0,True
1723097039,20481951,1889944981587938510886301944206,63442,17,600,600,0,True
1723097051,20481952,1889944981587938510886301944206,63442,17,600,600,0,True
1723097063,20481953,1889944981587938510886301944206,63442,17,600,600,0,True
1723097087,20481954,1889944981587938510886301944206,63442,17,600,600,0,True
1723097099,20481955,1889944981587938510886301944206,63442,17,600,600,0,True
1723097111,20481956,1889944981587938510886301944206,63442,17,600,600,0,True
1723097123,20481957,1889944981587938510886301944206,63442,17,600,600,0,True
1723097135,20481958,1889944981587938510886301944206,63442,17,600,600,0,True
1723097147,20481959,1889944981587938510886301944206,63442,17,600,600,0,True
1723097159,20481960,1889944981587938510886301944206,63442,17,600,600,0,True
1723097171,20481961,1889944981587938510886301944206,63442,17,600,600,0,True
1723097183,20481962,1889944981587938510886301944206,63442,17,600,600,0,True
1723097195,20481963,1889944981587938510886301944206,63442,17,600,600,0,True
1723097207,20481964,1889944981587938510886301944206,63442,17,600,600,0,True
1723097219,20481965,1889944981587938510886301944206,63442,17,600,600,0,True
1723097231,20481966,1889944981587938510886301944206,63442,17,600,600,0,True
1723097243,20481967,1889944981587938510886301944206,63442,17,600,600,0,True
1723097255,20481968,1889944981587938510886301944206,63442,17,600,600,0,True
1723097267,20481969,1889944981587938510886301944206,63442,17,600,600,0,True
1723097279,20481970,1889944981587938510886301944206,63442,17,600,600,0,True
1723097291,20481971,1889944981587938510886301944206,63442,17,600,600,0,True
1723097303,20481972,1889944981587938510886301944206,63442,17,600,600,0,True
1723097315,20481973,1889944981587938510886301944206,63442,17,600,600,0,True
1723097327,20481974,1889944981587938510886301944206,63442,17,600,600,0,True
1723097339,20481975,1889944981587938510886301944206,63442,17,600,600,0,True
1723097351,20481976,1889944981587938510886301944206,63442,17,600,600,0,True
1723097363,20481977,1889944981587938510886301944206,63442,17,600,600,0,True
1723097375,20481978,1889944981587938510886301944206,63442,17,600,600,0,True
1723097387,20481979,1889944981587938510886301944206,63442,17,600,600,0,True
1723097399,20481980,1889944981587938510886301944206,63442,17,600,600,0,True
1723097411,20481981,1889944981587938510886301944206,63442,17,600,600,0,True
1723097423,20481982,1889944981587938510886301944206,63442,17,600,600,0,True
1723097435,20481983,1889944981587938510886301944206,63442,17,600,600,0,True
1723097447,20481984,1889944981587938510886301944206,63442,17,600,600,0,True
1723097459,20481985,1889944981587938510886301944206,63442,17,600,600,0,True
1723097471,20481986,1889944981587938510886301944206,63442,17,600,600,0,True
1723097483,20481987,1889944981587938510886301944206,63442,17,600,600,0,True
1723097495,20481988,1889944981587938510886301944206,63442,17,600,600,0,True
1723097507,20481989,1889944981587938510886301944206,63442,17,600,600,0,True
1723097519,20481990,1889944981587938510886301944206,63442,17,600,600,0,True
1723097531,20481991,1889944981587938510886301944206,63442,17,600,600,0,True
1723097543,20481992,1889944981587938510886301944206,63442,17,600,600,0,True
1723097555,20481993,1889944981587938510886301944206,63442,17,600,600,0,True
1723097567,20481994,1889944981587938510886301944206,63442,17,600,600,0,True
1723097579,20481995,1889944981587938510886301944206,63442,17,600,600,0,True
1723097591,20481996,1889944981587938510886301944206,63442,17,600,600,0,True
1723097603,20481997,1889944981587938510886301944206,63442,17,600,600,0,True
1723097615,20481998,1889944981587938510886301944206,63442,17,600,600,0,True
1723097627,20481999,1889944981587938510886301944206,63442,17,600,600,0,True
1723097639,20482000,1889944981587938510886301944206,63442,17,600,600,0,True
1723097651,20482001,1889944981587938510886301944206,63442,17,600,600,0,True
1723097663,20482002,1889944981587938510886301944206,63442,17,600,600,0,True
1723097675,20482003,1889944981587938510886301944206,63442,17,600,600,0,True
1723097687,20482004,1889944981587938510886301944206,63442,17,600,600,0,True
1723097699,20482005,1889944981587938510886301944206,63442,17,600,600,0,True
1723097711,20482006,1889944981587938510886301944206,63442,17,600,600,0,True
1723097723,20482007,1889944981587938510886301944206,63442,17,600,600,0,True
1723097735,20482008,1889944981587938510886301944206,63442,17,600,600,0,True
1723097747,20482009,1889944981587938510886301944206,63442,17,600,600,0,True
1723097759,20482010,1889944981587938510886301944206,63442,17,600,600,0,True
1723097771,20482011,1889944981587938510886301944206,63442,17,600,600,0,True
1723097783,20482012,1889944981587938510886301944206,63442,17,600,600,0,True
1723097795,20482013,1889944981587938510886301944206,63442,17,600,600,0,True
1723097807,20482014,1889944981587938510886301944206,63442,17,600,600,0,True
1723097819,20482015,1889944981587938510886301944206,63442,17,600,600,0,True
1723097831,20482016,1889944981587938510886301944206,63442,17,600,600,0,True
1723097843,20482017,1889944981587938510886301944206,63442,17,600,600,0,True
1723097855,20482018,1889944981587938510886301944206,63442,17,600,600,0,True
1723097867,20482019,1889944981587938510886301944206,63442,17,600,600,0,True
1723097879,20482020,1889944981587938510886301944206,63442,17,600,600,0,True
1723097891,20482021,1889944981587938510886301944206,63442,17,600,600,0,True
1723097903,20482022,1889944981587938510886301944206,63442,17,600,600,0,True
1723097915,20482023,1889944981587938510886301944206,63442,17,600,600,0,True
1723097927,20482024,1890381654910871739100891511065,63447,18,600,600,0,True
1723097939,20482025,1890381654910871739100891511065,63447,18,600,600,0,True
1723097951,20482026,1891127705211264850611532726272,63455,19,600,600,0,True
1723097963,20482027,1891127705211264850611532726272,63455,19,600,600,0,True
1723097975,20482028,1891127705211264850611532726272,63455,19,600,600,0,True
1723097987,20482029,1891127705211264850611532726272,63455,19,600,600,0,True
1723097999,20482030,1891127705211264850611532726272,63455,19,600,600,0,True
1723098011,20482031,1891127705211264850611532726272,63455,19,600,600,0,True
1723098023,20482032,1891127705211264850611532726272,63455,19,600,600,0,True
1723098035,20482033,1891127705211264850611532726272,63455,19,600,600,0,True
1723098047,20482034,1891127705211264850611532726272,63455,19,600,600,0,True
1723098059,20482035,1891127705211264850611532726272,63455,19,600,600,0,True
1723098071,20482036,1891127705211264850611532726272,63455,19,600,600,0,True
1723098083,20482037,1891127705211264850611532726272,63455,19,600,600,0,True
1723098095,20482038,1891127705211264850611532726272,63455,19,600,600,0,True
1723098107,20482039,1891127705211264850611532726272,63455,19,600,600,0,True
1723098119,20482040,1891127705211264850611532726272,63455,19,600,600,0,True
1723098131,20482041,1891127705211264850611532726272,63455,19,600,600,0,True
1723098143,20482042,1891127705211264850611532726272,63455,19,600,600,0,True
1723098155,20482043,1891127705211264850611532726272,63455,19,600,600,0,True
1723098167,20482044,1891127705211264850611532726272,63455,19,600,600,0,True
1723098179,20482045,1891127705211264850611532726272,63455,19,600,600,0,True
1723098191,20482046,1891127705211264850611532726272,63455,19,600,600,0,True
1723098203,20482047,1891127705211264850611532726272,63455,19,600,600,0,True
1723098215,20482048,1891127705211264850611532726272,63455,19,600,600,0,True
1723098227,20482049,1891127705211264850611532726272,63455,19,600,600,0,True
1723098239,20482050,1891127705211264850611532726272,63455,19,600,600,0,True
1723098251,20482051,1891127705211264850611532726272,63455,19,600,600,0,True
1723098263,20482052,1891127705211264850611532726272,63455,20,600,600,0,True
1723098275,20482053,1891127705211264850611532726272,63455,20,600,600,0,True
1723098287,20482054,1891127705211264850611532726272,63455,20,600,600,0,True
1723098299,20482055,1891127705211264850611532726272,63455,20,600,600,0,True
1723098311,20482056,1891127705211264850611532726272,63455,20,600,600,0,True
1723098323,20482057,1891127705211264850611532726272,63455,20,600,600,0,True
1723098335,20482058,1891127705211264850611532726272,63455,20,600,600,0,True
1723098347,20482059,1891127705211264850611532726272,63455,20,600,600,0,True
1723098359,20482060,1891127705211264850611532726272,63455,20,600,600,0,True
1723098371,20482061,1891127705211264850611532726272,63455,20,600,600,0,True
1723098383,20482062,1891543203862062771906297494917,63459,21,600,600,0,True
1723098395,20482063,1891543203862062771906297494917,63459,21,600,600,0,True
1723098407,20482064,1891543203862062771906297494917,63459,21,600,600,0,True
1723098419,20482065,1891543203862062771906297494917,63459,21,600,600,0,True
1723098431,20482066,1891543203862062771906297494917,63459,21,600,600,0,True
1723098443,20482067,1891543203862062771906297494917,63459,21,600,600,0,True
1723098455,20482068,1891543203862062771906297494917,63459,21,600,600,0,True
1723098467,20482069,1891543203862062771906297494917,63459,21,600,600,0,True
1723098479,20482070,1891543203862062771906297494917,63459,21,600,600,0,True
1723098491,20482071,1891543203862062771906297494917,63459,21,600,600,0,True
1723098503,20482072,1891543203862062771906297494917,63459,21,600,600,0,True
1723098515,20482073,1891543203862062771906297494917,63459,21,600,600,0,True
1723098527,20482074,1891543203862062771906297494917,63459,21,600,600,0,True
1723098539,20482075,1891543203862062771906297494917,63459,21,600,600,0,True
1723098551,20482076,1891543203862062771906297494917,63459,21,600,600,0,True
1723098563,20482077,1891543203862062771906297494917,63459,21,600,600,0,True
1723098575,20482078,1891543203862062771906297494917,63459,21,600,600,0,True
1723098587,20482079,1891543203862062771906297494917,63459,21,600,600,0,True
1723098599,20482080,1891543203862062771906297494917,63459,21,600,600,0,True
1723098611,20482081,1891543203862062771906297494917,63459,21,600,600,0,True
1723098623,20482082,1891543203862062771906297494917,63459,21,600,600,0,True
1723098635,20482083,1891543203862062771906297494917,63459,21,600,600,0,True
1723098647,20482084,1891543203862062771906297494917,63459,21,600,600,0,True
1723098659,20482085,1891543203862062771906297494917,63459,21,600,600,0,True
1723098671,20482086,1891543203862062771906297494917,63459,21,600,600,0,True
1723098683,20482087,1891543203862062771906297494917,63459,21,600,600,0,True
1723098695,20482088,1891543203862062771906297494917,63459,21,600,600,0,True
1723098707,20482089,1891876486232773936847740097473,63463,22,600,600,0,True
1723098719,20482090,1891876486232773936847740097473,63463,22,600,600,0,True
1723098731,20482091,1891876486232773936847740097473,63463,22,600,600,0,True
1723098743,20482092,1891876486232773936847740097473,63463,22,600,600,0,True
1723098755,20482093,1891876486232773936847740097473,63463,22,600,600,0,True
1723098767,20482094,1891876486232773936847740097473,63463,22,600,600,0,True
1723098779,20482095,1891876486232773936847740097473,63463,22,600,600,0,True
1723098791,20482096,1891876486232773936847740097473,63463,22,600,600,0,True
1723098803,20482097,1891876486232773936847740097473,63463,22,600,600,0,True
1723098815,20482098,1891876486232773936847740097473,63463,22,600,600,0,True
1723098827,20482099,1891876486232773936847740097473,63463,22,600,600,0,True
1723098839,20482100,1891876486232773936847740097473,63463,22,600,600,0,True
1723098851,20482101,1891876486232773936847740097473,63463,22,600,600,0,True
1723098863,20482102,1891876486232773936847740097473,63463,22,600,600,0,True
1723098875,20482103,1891876486232773936847740097473,63463,22,600,600,0,True
1723098887,20482104,1891876486232773936847740097473,63463,22,600,600,0,True
1723098899,20482105,1891876486232773936847740097473,63463,22,600,600,0,True
1723098911,20482106,1891876486232773936847740097473,63463,22,600,600,0,True
1723098923,20482107,1891876486232773936847740097473,63463,22,600,600,0,True
1723098935,20482108,1891876486232773936847740097473,63463,22,600,600,0,True
1723098947,20482109,1891876486232773936847740097473,63463,22,600,600,0,True
1723098959,20482110,1891876486232773936847740097473,63463,22,600,600,0,True
1723098971,20482111,1891876486232773936847740097473,63463,22,600,600,0,True
1723098983,20482112,1891876486232773936847740097473,63463,22,600,600,0,True
1723098995,20482113,1891876486232773936847740097473,63463,22,600,600,0,True
1723099007,20482114,1891876486232773936847740097473,63463,22,600,600,0,True
1723099019,20482115,1891876486232773936847740097473,63463,22,600,600,0,True
1723099031,20482116,1891876486232773936847740097473,63463,22,600,600,0,True
1723099043,20482117,1891876486232773936847740097473,63463,22,600,600,0,True
1723099055,20482118,1891876486232773936847740097473,63463,22,600,600,0,True
1723099067,20482119,1891876486232773936847740097473,63463,22,600,600,0,True
1723099079,20482120,1891876486232773936847740097473,63463,22,600,600,0,True
1723099091,20482121,1891876486232773936847740097473,63463,22,600,600,0,True
1723099103,20482122,1891876486232773936847740097473,63463,22,600,600,0,True
1723099115,20482123,1891876486232773936847740097473,63463,22,600,600,0,True
1723099127,20482124,1891876486232773936847740097473,63463,22,600,600,0,True
1723099139,20482125,1891876486232773936847740097473,63463,22,600,600,0,True
1723099151,20482126,1891876486232773936847740097473,63463,22,600,600,0,True
1723099163,20482127,1891876486232773936847740097473,63463,22,600,600,0,True
1723099175,20482128,1891876486232773936847740097473,63463,22,600,600,0,True
1723099187,20482129,1891876486232773936847740097473,63463,22,600,600,0,True
1723099199,20482130,1891876486232773936847740097473,63463,22,600,600,0,True
1723099211,20482131,1891876486232773936847740097473,63463,22,600,600,0,True
1723099223,20482132,1891876486232773936847740097473,63463,22,600,600,0,True
1723099235,20482133,1891876486232773936847740097473,63463,22,600,600,0,True
1723099247,20482134,1891876486232773936847740097473,63463,22,600,600,0,True
1723099259,20482135,1891876486232773936847740097473,63463,22,600,600,0,True
1723099271,20482136,1891876486232773936847740097473,63463,22,600,600,0,True
1723099283,20482137,1891876486232773936847740097473,63463,22,600,600,0,True
1723099295,20482138,1891876486232773936847740097473,63463,22,600,600,0,True
1723099307,20482139,1891876486232773936847740097473,63463,22,600,600,0,True
1723099319,20482140,1891876486232773936847740097473,63463,22,600,600,0,True
1723099331,20482141,1891876486232773936847740097473,63463,22,600,600,0,True
1723099343,20482142,1891876486232773936847740097473,63463,22,600,600,0,True
1723099355,20482143,1891876486232773936847740097473,63463,22,600,600,0,True
1723099367,20482144,1891876486232773936847740097473,63463,22,600,600,0,True
1723099379,20482145,1891876486232773936847740097473,63463,22,600,600,0,True
1723099391,20482146,1891876486232773936847740097473,63463,22,600,600,0,True
1723099403,20482147,1891876486232773936847740097473,63463,22,600,600,0,True
1723099415,20482148,1891876486232773936847740097473,63463,22,600,600,0,True
1723099427,20482149,1891876486232773936847740097473,63463,22,600,600,0,True
1723099439,20482150,1891876486232773936847740097473,63463,22,600,600,0,True
1723099451,20482151,1891876486232773936847740097473,63463,22,600,600,0,True
1723099463,20482152,1891876486232773936847740097473,63463,22,600,600,0,True
1723099475,20482153,1891876486232773936847740097473,63463,22,600,600,0,True
1723099487,20482154,1891876486232773936847740097473,63463,22,600,600,0,True
1723099499,20482155,1891876486232773936847740097473,63463,22,600,600,0,True
1723099511,20482156,1891876486232773936847740097473,63463,22,600,600,0,True
1723099523,20482157,1892105818233531762060168627321,63465,23,600,600,0,True
1723099535,20482158,1892105818233531762060168627321,63465,23,600,600,0,True
1723099547,20482159,1892105818233531762060168627321,63465,23,600,600,0,True
1723099559,20482160,1892105818233531762060168627321,63465,23,600,600,0,True
1723099571,20482161,1892105818233531762060168627321,63465,23,600,600,0,True
1723099583,20482162,1892105818233531762060168627321,63465,23,600,600,0,True
1723099595,20482163,1892105818233531762060168627321,63465,23,600,600,0,True
1723099607,20482164,1892105818233531762060168627321,63465,23,600,600,0,True
1723099619,20482165,1892105818233531762060168627321,63465,23,600,600,0,True
1723099631,20482166,1892105818233531762060168627321,63465,23,600,600,0,True
1723099643,20482167,1892105818233531762060168627321,63465,23,600,600,0,True
1723099655,20482168,1892105818233531762060168627321,63465,23,600,600,0,True
1723099667,20482169,1892105818233531762060168627321,63465,23,600,600,0,True
1723099679,20482170,1892105818233531762060168627321,63465,23,600,600,0,True
1723099691,20482171,1892105818233531762060168627321,63465,23,600,600,0,True
1723099703,20482172,1892105818233531762060168627321,63465,23,600,600,0,True
1723099715,20482173,1892105818233531762060168627321,63465,23,600,600,0,True
1723099727,20482174,1892105818233531762060168627321,63465,23,600,600,0,True
1723099739,20482175,1892105818233531762060168627321,63465,23,600,600,0,True
1723099751,20482176,1892105818233531762060168627321,63465,23,600,600,0,True
1723099763,20482177,1892105818233531762060168627321,63465,23,600,600,0,True
1723099775,20482178,1892105818233531762060168627321,63465,23,600,600,0,True
1723099787,20482179,1892105818233531762060168627321,63465,23,600,600,0,True
1723099799,20482180,1892105818233531762060168627321,63465,23,600,600,0,True
1723099811,20482181,1892105818233531762060168627321,63465,23,600,600,0,True
1723099823,20482182,1892105818233531762060168627321,63465,24,600,600,0,True
1723099835,20482183,1892692184131494339967377735319,63471,25,600,600,0,True
1723099847,20482184,1892692184131494339967377735319,63471,25,600,600,0,True
1723099859,20482185,1892692184131494339967377735319,63471,25,600,600,0,True
1723099871,20482186,1892692184131494339967377735319,63471,25,600,600,0,True
1723099883,20482187,1892692184131494339967377735319,63471,25,600,600,0,True
1723099895,20482188,1892692184131494339967377735319,63471,25,600,600,0,True
1723099907,20482189,1892692184131494339967377735319,63471,25,600,600,0,True
1723099919,20482190,1892692184131494339967377735319,63471,25,600,600,0,True
1723099931,20482191,1892692184131494339967377735319,63471,25,600,600,0,True
1723099943,20482192,1892692184131494339967377735319,63471,25,600,600,0,True
1723099955,20482193,1892692184131494339967377735319,63471,25,600,600,0,True
1723099967,20482194,1892692184131494339967377735319,63471,25,600,600,0,True
1723099979,20482195,1892692184131494339967377735319,63471,25,600,600,0,True
1723099991,20482196,1892692184131494339967377735319,63471,25,600,600,0,True
1723100003,20482197,1892692184131494339967377735319,63471,25,600,600,0,True
1723100015,20482198,1892692184131494339967377735319,63471,25,600,600,0,True
1723100027,20482199,1892692184131494339967377735319,63471,25,600,600,0,True
1723100039,20482200,1892692184131494339967377735319,63471,25,600,600,0,True
1723100051,20482201,1892692184131494339967377735319,63471,25,600,600,0,True
1723100063,20482202,1892692184131494339967377735319,63471,25,600,600,0,True
1723100075,20482203,1892692184131494339967377735319,63471,25,600,600,0,True
1723100087,20482204,1892692184131494339967377735319,63471,25,600,600,0,True
1723100099,20482205,1892692184131494339967377735319,63471,25,600,600,0,True
1723100111,20482206,1892692184131494339967377735319,63471,25,600,600,0,True
1723100123,20482207,1892692184131494339967377735319,63471,25,600,600,0,True
1723100135,20482208,1892692184131494339967377735319,63471,25,600,600,0,True
1723100147,20482209,1892692184131494339967377735319,63471,25,600,600,0,True
1723100159,20482210,1892692184131494339967377735319,63471,25,600,600,0,True
1723100171,20482211,1892692184131494339967377735319,63471,25,600,600,0,True
1723100183,20482212,1892692184131494339967377735319,63471,25,600,600,0,True
1723100195,20482213,1893926378006539844538969684037,63484,26,600,600,0,True
1723100207,20482214,1893926378006539844538969684037,63484,26,600,600,0,True
1723100219,20482215,1893926378006539844538969684037,63484,26,600,600,0,True
1723100231,20482216,1894574292846183635245536103932,63491,27,600,600,0,True
1723100243,20482217,1894574292846183635245536103932,63491,27,600,600,0,True
1723100255,20482218,1895020081286405778886417406343,63496,28,600,600,0,True
1723100267,20482219,1895020081286405778886417406343,63496,28,600,600,0,True
1723100279,20482220,1895020081286405778886417406343,63496,28,600,600,0,True
1723100291,20482221,1895020081286405778886417406343,63496,28,600,600,0,True
1723100303,20482222,1895020081286405778886417406343,63496,28,600,600,0,True
1723100315,20482223,1895020081286405778886417406343,63496,28,600,600,0,True
1723100327,20482224,1895020081286405778886417406343,63496,28,600,600,0,True
1723100339,20482225,1895020081286405778886417406343,63496,28,600,600,0,True
1723100351,20482226,1895020081286405778886417406343,63496,28,600,600,0,True
1723100363,20482227,1895020081286405778886417406343,63496,28,600,600,0,True
1723100375,20482228,1895020081286405778886417406343,63496,28,600,600,0,True
1723100387,20482229,1895020081286405778886417406343,63496,28,600,600,0,True
1723100399,20482230,1895020081286405778886417406343,63496,28,600,600,0,True
1723100411,20482231,1895020081286405778886417406343,63496,28,600,600,0,True
1723100423,20482232,1895020081286405778886417406343,63496,28,600,600,0,True
1723100435,20482233,1895020081286405778886417406343,63496,28,600,600,0,True
1723100447,20482234,1895020081286405778886417406343,63496,28,600,600,0,True
1723100459,20482235,1895020081286405778886417406343,63496,28,600,600,0,True
1723100471,20482236,1895020081286405778886417406343,63496,28,600,600,0,True
1723100483,20482237,1895020081286405778886417406343,63496,28,600,600,0,True
1723100495,20482238,1895020081286405778886417406343,63496,28,600,600,0,True
1723100507,20482239,1895020081286405778886417406343,63496,28,600,600,0,True
1723100519,20482240,1895020081286405778886417406343,63496,28,600,600,0,True
1723100531,20482241,1895020081286405778886417406343,63496,28,600,600,0,True
1723100543,20482242,1895020081286405778886417406343,63496,28,600,600,0,True
1723100555,20482243,1895020081286405778886417406343,63496,28,600,600,0,True
1723100567,20482244,1895020081286405778886417406343,63496,28,600,600,0,True
1723100579,20482245,1895020081286405778886417406343,63496,28,600,600,0,True
1723100591,20482246,1895020081286405778886417406343,63496,28,600,600,0,True
1723100603,20482247,1895020081286405778886417406343,63496,28,600,600,0,True
1723100615,20482248,1895020081286405778886417406343,63496,28,600,600,0,True
1723100627,20482249,1895020081286405778886417406343,63496,28,600,600,0,True
1723100639,20482250,1895020081286405778886417406343,63496,28,600,600,0,True
1723100651,20482251,1895020081286405778886417406343,63496,28,600,600,0,True
1723100663,20482252,1895020081286405778886417406343,63496,28,600,600,0,True
1723100675,20482253,1895020081286405778886417406343,63496,28,600,600,0,True
1723100687,20482254,1895020081286405778886417406343,63496,28,600,600,0,True
1723100699,20482255,1895020081286405778886417406343,63496,28,600,600,0,True
1723100711,20482256,1895020081286405778886417406343,63496,28,600,600,0,True
1723100723,20482257,1895020081286405778886417406343,63496,28,600,600,0,True
1723100735,20482258,1895020081286405778886417406343,63496,28,600,600,0,True
1723100747,20482259,1895020081286405778886417406343,63496,28,600,600,0,True
1723100759,20482260,1895020081286405778886417406343,63496,28,600,600,0,True
1723100771,20482261,1895020081286405778886417406343,63496,28,600,600,0,True
1723100783,20482262,1895020081286405778886417406343,63496,28,600,600,0,True
1723100795,20482263,1895020081286405778886417406343,63496,28,600,600,0,True
1723100807,20482264,1895020081286405778886417406343,63496,28,600,600,0,True
1723100819,20482265,1895020081286405778886417406343,63496,28,600,600,0,True
1723100831,20482266,1895020081286405778886417406343,63496,28,600,600,0,True
1723100843,20482267,1895020081286405778886417406343,63496,28,600,600,0,True
1723100855,20482268,1895020081286405778886417406343,63496,28,600,600,0,True
1723100867,20482269,1895020081286405778886417406343,63496,28,600,600,0,True
1723100879,20482270,1895020081286405778886417406343,63496,28,600,600,0,True
1723100891,20482271,1895020081286405778886417406343,63496,28,600,600,0,True
1723100903,20482272,1895020081286405778886417406343,63496,28,600,600,0,True
1723100915,20482273,1895020081286405778886417406343,63496,28,600,600,0,True
1723100927,20482274,1895020081286405778886417406343,63496,28,600,600,0,True
1723100939,20482275,1895020081286405778886417406343,63496,28,600,600,0,True
1723100951,20482276,1895020081286405778886417406343,63496,28,600,600,0,True
1723100963,20482277,1895020081286405778886417406343,63496,28,600,600,0,True
1723100975,20482278,1895020081286405778886417406343,63496,28,600,600,0,True
1723100987,20482279,1895020081286405778886417406343,63496,28,600,600,0,True
1723100999,20482280,1895020081286405778886417406343,63496,28,600,600,0,True
1723101011,20482281,1895020081286405778886417406343,63496,28,600,600,0,True
1723101023,20482282,1895020081286405778886417406343,63496,28,600,600,0,True
1723101035,20482283,1895020081286405778886417406343,63496,28,600,600,0,True
1723101047,20482284,1895020081286405778886417406343,63496,28,600,600,0,True
1723101059,20482285,1895020081286405778886417406343,63496,28,600,600,0,True
1723101071,20482286,1895020081286405778886417406343,63496,28,600,600,0,True
1723101083,20482287,1895020081286405778886417406343,63496,28,600,600,0,True
1723101095,20482288,1895020081286405778886417406343,63496,28,600,600,0,True
1723101107,20482289,1895020081286405778886417406343,63496,28,600,600,0,True
1723101119,20482290,1895020081286405778886417406343,63496,28,600,600,0,True
1723101131,20482291,1895020081286405778886417406343,63496,28,600,600,0,True
1723101143,20482292,1895020081286405778886417406343,63496,28,600,600,0,True
1723101155,20482293,1895020081286405778886417406343,63496,28,600,600,0,True
1723101167,20482294,1895020081286405778886417406343,63496,28,600,600,0,True
1723101179,20482295,1895020081286405778886417406343,63496,28,600,600,0,True
1723101191,20482296,1895020081286405778886417406343,63496,28,600,600,0,True
1723101203,20482297,1895020081286405778886417406343,63496,28,600,600,0,True
1723101215,20482298,1895020081286405778886417406343,63496,28,600,600,0,True
1723101227,20482299,1895020081286405778886417406343,63496,28,600,600,0,True
1723101239,20482300,1895020081286405778886417406343,63496,28,600,600,0,True
1723101251,20482301,1895020081286405778886417406343,63496,28,600,600,0,True
1723101263,20482302,1895020081286405778886417406343,63496,28,600,600,0,True
1723101275,20482303,1895020081286405778886417406343,63496,28,600,600,0,True
1723101287,20482304,1895020081286405778886417406343,63496,28,600,600,0,True
1723101299,20482305,1895020081286405778886417406343,63496,28,600,600,0,True
1723101311,20482306,1895020081286405778886417406343,63496,28,600,600,0,True
1723101323,20482307,1895020081286405778886417406343,63496,28,600,600,0,True
1723101335,20482308,1895020081286405778886417406343,63496,28,600,600,0,True
1723101347,20482309,1895020081286405778886417406343,63496,28,600,600,0,True
1723101359,20482310,1895020081286405778886417406343,63496,28,600,600,0,True
1723101371,20482311,1895020081286405778886417406343,63496,28,600,600,0,True
1723101383,20482312,1895020081286405778886417406343,63496,28,600,600,0,True
1723101395,20482313,1895020081286405778886417406343,63496,28,600,600,0,True
1723101407,20482314,1895020081286405778886417406343,63496,28,600,600,0,True
1723101419,20482315,1895020081286405778886417406343,63496,28,600,600,0,True
1723101431,20482316,1895020081286405778886417406343,63496,28,600,600,0,True
1723101443,20482317,1895138269751307500952047992268,63497,29,600,600,0,True
1723101455,20482318,1895416887526446340727598806275,63500,30,600,600,0,True
1723101467,20482319,1895416887526446340727598806275,63500,30,600,600,0,True
1723101479,20482320,1895416887526446340727598806275,63500,30,600,600,0,True
1723101491,20482321,1895416887526446340727598806275,63500,30,600,600,0,True
1723101503,20482322,1895416887526446340727598806275,63500,30,600,600,0,True
1723101515,20482323,1895416887526446340727598806275,63500,30,600,600,0,True
1723101527,20482324,1895416887526446340727598806275,63500,30,600,600,0,True
1723101539,20482325,1895416887526446340727598806275,63500,30,600,600,0,True
1723101551,20482326,1895416887526446340727598806275,63500,30,600,600,0,True
1723101563,20482327,1895416887526446340727598806275,63500,30,600,600,0,True
1723101575,20482328,1895416887526446340727598806275,63500,30,600,600,0,True
1723101587,20482329,1895416887526446340727598806275,63500,30,600,600,0,True
1723101599,20482330,1895416887526446340727598806275,63500,30,600,600,0,True
1723101611,20482331,1895416887526446340727598806275,63500,30,600,600,0,True
1723101623,20482332,1895416887526446340727598806275,63500,30,600,600,0,True
1723101635,20482333,1895416887526446340727598806275,63500,30,600,600,0,True
1723101647,20482334,1895416887526446340727598806275,63500,30,600,600,0,True
1723101659,20482335,1895416887526446340727598806275,63500,30,600,600,0,True
1723101671,20482336,1895416887526446340727598806275,63500,30,600,600,0,True
1723101683,20482337,1895416887526446340727598806275,63500,30,600,600,0,True
1723101695,20482338,1895416887526446340727598806275,63500,30,600,600,0,True
1723101707,20482339,1895416887526446340727598806275,63500,30,600,600,0,True
1723101719,20482340,1895416887526446340727598806275,63500,30,600,600,0,True
1723101731,20482341,1895416887526446340727598806275,63500,30,600,600,0,True
1723101743,20482342,1895416887526446340727598806275,63500,30,600,600,0,True
1723101755,20482343,1895416887526446340727598806275,63500,30,600,600,0,True
1723101767,20482344,1895416887526446340727598806275,63500,30,600,600,0,True
1723101779,20482345,1895416887526446340727598806275,63500,30,600,600,0,True
1723101791,20482346,1895416887526446340727598806275,63500,30,600,600,0,True
1723101803,20482347,1895416887526446340727598806275,63500,30,600,600,0,True
1723101815,20482348,1895416887526446340727598806275,63500,30,600,600,0,True
1723101827,20482349,1895416887526446340727598806275,63500,30,600,600,0,True
1723101839,20482350,1895416887526446340727598806275,63500,30,600,600,0,True
1723101851,20482351,1895416887526446340727598806275,63500,30,600,600,0,True
1723101863,20482352,1895416887526446340727598806275,63500,30,600,600,0,True
1723101875,20482353,1895416887526446340727598806275,63500,30,600,600,0,True
1723101887,20482354,1895416887526446340727598806275,63500,30,600,600,0,True
1723101899,20482355,1895416887526446340727598806275,63500,30,600,600,0,True
1723101911,20482356,1895416887526446340727598806275,63500,30,600,600,0,True
1723101923,20482357,1895416887526446340727598806275,63500,30,600,600,0,True
1723101935,20482358,1895416887526446340727598806275,63500,30,600,600,0,True
1723101947,20482359,1895416887526446340727598806275,63500,30,600,600,0,True
1723101959,20482360,1895416887526446340727598806275,63500,30,600,600,0,True
1723101971,20482361,1895416887526446340727598806275,63500,30,600,600,0,True
1723101983,20482362,1895416887526446340727598806275,63500,30,600,600,0,True
1723101995,20482363,1895416887526446340727598806275,63500,30,600,600,0,True
1723102007,20482364,1895416887526446340727598806275,63500,30,600,600,0,True
1723102019,20482365,1895416887526446340727598806275,63500,30,600,600,0,True
1723102031,20482366,1895416887526446340727598806275,63500,30,600,600,0,True
1723102043,20482367,1895416887526446340727598806275,63500,30,600,600,0,True
1723102055,20482368,1895416887526446340727598806275,63500,30,600,600,0,True
1723102067,20482369,1895416887526446340727598806275,63500,30,600,600,0,True
1723102079,20482370,1895416887526446340727598806275,63500,30,600,600,0,True
1723102091,20482371,1895416887526446340727598806275,63500,30,600,600,0,True
1723102103,20482372,1895416887526446340727598806275,63500,30,600,600,0,True
1723102115,20482373,1895416887526446340727598806275,63500,30,600,600,0,True
1723102127,20482374,1895416887526446340727598806275,63500,30,600,600,0,True
1723102139,20482375,1895416887526446340727598806275,63500,30,600,600,0,True
1723102151,20482376,1895416887526446340727598806275,63500,30,600,600,0,True
1723102163,20482377,1895416887526446340727598806275,63500,30,600,600,0,True
1723102175,20482378,1895416887526446340727598806275,63500,30,600,600,0,True
1723102187,20482379,1895416887526446340727598806275,63500,30,600,600,0,True
1723102199,20482380,1895416887526446340727598806275,63500,30,600,600,0,True
1723102211,20482381,1895416887526446340727598806275,63500,30,600,600,0,True
1723102223,20482382,1895416887526446340727598806275,63500,30,600,600,0,True
1723102235,20482383,1895416887526446340727598806275,63500,30,600,600,0,True
1723102247,20482384,1895416887526446340727598806275,63500,30,600,600,0,True
1723102259,20482385,1895416887526446340727598806275,63500,30,600,600,0,True
1723102271,20482386,1895416887526446340727598806275,63500,30,600,600,0,True
1723102283,20482387,1895416887526446340727598806275,63500,30,600,600,0,True
1723102295,20482388,1895416887526446340727598806275,63500,30,600,600,0,True
1723102307,20482389,1895416887526446340727598806275,63500,30,600,600,0,True
1723102319,20482390,1895416887526446340727598806275,63500,30,600,600,0,True
1723102331,20482391,1895416887526446340727598806275,63500,30,600,600,0,True
1723102343,20482392,1895416887526446340727598806275,63500,30,600,600,0,True
1723102355,20482393,1895416887526446340727598806275,63500,30,600,600,0,True
1723102367,20482394,1895416887526446340727598806275,63500,30,600,600,0,True
1723102379,20482395,1895416887526446340727598806275,63500,30,600,600,0,True
1723102391,20482396,1895416887526446340727598806275,63500,30,600,600,0,True
1723102403,20482397,1895416887526446340727598806275,63500,30,600,600,0,True
1723102415,20482398,1895416887526446340727598806275,63500,30,600,600,0,True
1723102427,20482399,1895416887526446340727598806275,63500,30,600,600,0,True
1723102439,20482400,1895416887526446340727598806275,63500,30,600,600,0,True
1723102451,20482401,1895416887526446340727598806275,63500,30,600,600,0,True
1723102463,20482402,1895416887526446340727598806275,63500,30,600,600,0,True
1723102475,20482403,1895416887526446340727598806275,63500,30,600,600,0,True
1723102487,20482404,1895416887526446340727598806275,63500,30,600,600,0,True
1723102499,20482405,1895416887526446340727598806275,63500,30,600,600,0,True
1723102511,20482406,1895416887526446340727598806275,63500,30,600,600,0,True
1723102523,20482407,1895416887526446340727598806275,63500,30,600,600,0,True
1723102535,20482408,1895416887526446340727598806275,63500,30,600,600,0,True
1723102547,20482409,1895416887526446340727598806275,63500,30,600,600,0,True
1723102559,20482410,1895416887526446340727598806275,63500,30,600,600,0,True
1723102571,20482411,1895416887526446340727598806275,63500,30,600,600,0,True
1723102583,20482412,1895416887526446340727598806275,63500,30,600,600,0,True
1723102595,20482413,1895416887526446340727598806275,63500,30,600,600,0,True
1723102607,20482414,1895416887526446340727598806275,63500,30,600,600,0,True
1723102619,20482415,1895416887526446340727598806275,63500,30,600,600,0,True
1723102631,20482416,1895416887526446340727598806275,63500,30,600,600,0,True
1723102643,20482417,1895416887526446340727598806275,63500,30,600,600,0,True
1723102655,20482418,1895416887526446340727598806275,63500,30,600,600,0,True
1723102667,20482419,1895416887526446340727598806275,63500,30,600,600,0,True
1723102679,20482420,1895416887526446340727598806275,63500,30,600,600,0,True
1723102691,20482421,1895416887526446340727598806275,63500,30,600,600,0,True
1723102703,20482422,1895416887526446340727598806275,63500,30,600,600,0,True
1723102715,20482423,1895416887526446340727598806275,63500,30,600,600,0,True
1723102727,20482424,1895416887526446340727598806275,63500,30,600,600,0,True
1723102739,20482425,1895416887526446340727598806275,63500,30,600,600,0,True
1723102751,20482426,1895416887526446340727598806275,63500,30,600,600,0,True
1723102763,20482427,1895416887526446340727598806275,63500,30,600,600,0,True
1723102775,20482428,1895416887526446340727598806275,63500,30,600,600,0,True
1723102787,20482429,1895416887526446340727598806275,63500,30,600,600,0,True
1723102799,20482430,1895416887526446340727598806275,63500,30,600,600,0,True
1723102811,20482431,1895416887526446340727598806275,63500,30,600,600,0,True
1723102823,20482432,1895416887526446340727598806275,63500,30,600,600,0,True
1723102835,20482433,1895416887526446340727598806275,63500,30,600,600,0,True
1723102847,20482434,1895416887526446340727598806275,63500,30,600,600,0,True
1723102859,20482435,1895416887526446340727598806275,63500,30,600,600,0,True
1723102871,20482436,1895416887526446340727598806275,63500,30,600,600,0,True
1723102883,20482437,1895416887526446340727598806275,63500,30,600,600,0,True
1723102895,20482438,1895416887526446340727598806275,63500,30,600,600,0,True
1723102907,20482439,1895416887526446340727598806275,63500,30,600,600,0,True
1723102919,20482440,1895416887526446340727598806275,63500,30,600,600,0,True
1723102931,20482441,1895416887526446340727598806275,63500,30,600,600,0,True
1723102943,20482442,1895416887526446340727598806275,63500,30,600,600,0,True
1723102955,20482443,1895416887526446340727598806275,63500,30,600,600,0,True
1723102967,20482444,1895416887526446340727598806275,63500,30,600,600,0,True
1723102979,20482445,1895416887526446340727598806275,63500,30,600,600,0,True
1723102991,20482446,1895416887526446340727598806275,63500,30,600,600,0,True
1723103003,20482447,1895416887526446340727598806275,63500,30,600,600,0,True
1723103015,20482448,1895416887526446340727598806275,63500,30,600,600,0,True
1723103027,20482449,1895416887526446340727598806275,63500,30,600,600,0,True
1723103039,20482450,1895416887526446340727598806275,63500,30,600,600,0,True
1723103051,20482451,1895416887526446340727598806275,63500,30,600,600,0,True
1723103063,20482452,1895416887526446340727598806275,63500,30,600,600,0,True
1723103075,20482453,1895416887526446340727598806275,63500,30,600,600,0,True
1723103087,20482454,1895416887526446340727598806275,63500,30,600,600,0,True
1723103099,20482455,1895416887526446340727598806275,63500,30,600,600,0,True
1723103111,20482456,1895416887526446340727598806275,63500,30,600,600,0,True
1723103123,20482457,1895416887526446340727598806275,63500,30,600,600,0,True
1723103135,20482458,1895416887526446340727598806275,63500,30,600,600,0,True
1723103147,20482459,1895416887526446340727598806275,63500,30,600,600,0,True
1723103159,20482460,1895416887526446340727598806275,63500,30,600,600,0,True
1723103171,20482461,1895416887526446340727598806275,63500,30,600,600,0,True
1723103183,20482462,1895416887526446340727598806275,63500,30,600,600,0,True
1723103195,20482463,1895416887526446340727598806275,63500,30,600,600,0,True
1723103207,20482464,1895639781746557412548039457480,63502,31,600,600,0,True
1723103219,20482465,1895639781746557412548039457480,63502,31,600,600,0,True
1723103231,20482466,1895639781746557412548039457480,63502,31,600,600,0,True
1723103243,20482467,1895639781746557412548039457480,63502,31,600,600,0,True
1723103255,20482468,1895639781746557412548039457480,63502,31,600,600,0,True
1723103267,20482469,1895639781746557412548039457480,63502,31,600,600,0,True
1723103279,20482470,1895639781746557412548039457480,63502,31,600,600,0,True
1723103291,20482471,1895639781746557412548039457480,63502,31,600,600,0,True
1723103303,20482472,1895639781746557412548039457480,63502,31,600,600,0,True
1723103315,20482473,1895639781746557412548039457480,63502,31,600,600,0,True
1723103327,20482474,1895639781746557412548039457480,63502,31,600,600,0,True
1723103339,20482475,1895639781746557412548039457480,63502,31,600,600,0,True
1723103351,20482476,1895639781746557412548039457480,63502,31,600,600,0,True
1723103363,20482477,1895639781746557412548039457480,63502,31,600,600,0,True
1723103375,20482478,1895639781746557412548039457480,63502,31,600,600,0,True
1723103387,20482479,1895639781746557412548039457480,63502,31,600,600,0,True
1723103399,20482480,1895639781746557412548039457480,63502,31,600,600,0,True
1723103411,20482481,1895639781746557412548039457480,63502,31,600,600,0,True
1723103423,20482482,1895639781746557412548039457480,63502,31,600,600,0,True
1723103435,20482483,1895639781746557412548039457480,63502,31,600,600,0,True
1723103447,20482484,1895639781746557412548039457480,63502,31,600,600,0,True
1723103459,20482485,1895639781746557412548039457480,63502,31,600,600,0,True
1723103471,20482486,1895639781746557412548039457480,63502,31,600,600,0,True
1723103483,20482487,1895639781746557412548039457480,63502,31,600,600,0,True
1723103495,20482488,1895639781746557412548039457480,63502,31,600,600,0,True
1723103507,20482489,1895639781746557412548039457480,63502,31,600,600,0,True
1723103519,20482490,1895639781746557412548039457480,63502,31,600,600,0,True
1723103531,20482491,1895639781746557412548039457480,63502,31,600,600,0,True
1723103543,20482492,1895639781746557412548039457480,63502,31,600,600,0,True
1723103555,20482493,1895639781746557412548039457480,63502,31,600,600,0,True
1723103567,20482494,1895639781746557412548039457480,63502,31,600,600,0,True
1723103579,20482495,1895639781746557412548039457480,63502,31,600,600,0,True
1723103591,20482496,1895639781746557412548039457480,63502,31,600,600,0,True
1723103603,20482497,1895639781746557412548039457480,63502,31,600,600,0,True
1723103615,20482498,1895639781746557412548039457480,63502,32,600,600,0,True
1723103627,20482499,1895639781746557412548039457480,63502,32,600,600,0,True
1723103639,20482500,1895639781746557412548039457480,63502,32,600,600,0,True
1723103651,20482501,1895639781746557412548039457480,63502,32,600,600,0,True
1723103663,20482502,1895639781746557412548039457480,63502,32,600,600,0,True
1723103675,20482503,1895639781746557412548039457480,63502,32,600,600,0,True
1723103687,20482504,1895639781746557412548039457480,63502,32,600,600,0,True
1723103699,20482505,1895639781746557412548039457480,63502,32,600,600,0,True
1723103711,20482506,1895639781746557412548039457480,63502,32,600,600,0,True
1723103723,20482507,1895639781746557412548039457480,63502,32,600,600,0,True
1723103735,20482508,1895639781746557412548039457480,63502,32,600,600,0,True
1723103747,20482509,1895639781746557412548039457480,63502,32,600,600,0,True
1723103759,20482510,1895639781746557412548039457480,63502,32,600,600,0,True
1723103771,20482511,1895639781746557412548039457480,63502,32,600,600,0,True
1723103783,20482512,1895639781746557412548039457480,63502,32,600,600,0,True
1723103795,20482513,1895639781746557412548039457480,63502,32,600,600,0,True
1723103807,20482514,1895639781746557412548039457480,63502,32,600,600,0,True
1723103819,20482515,1895639781746557412548039457480,63502,32,600,600,0,True
1723103831,20482516,1895639781746557412548039457480,63502,32,600,600,0,True
1723103843,20482517,1895639781746557412548039457480,63502,32,600,600,0,True
1723103855,20482518,1895639781746557412548039457480,63502,32,600,600,0,True
1723103867,20482519,1895639781746557412548039457480,63502,32,600,600,0,True
1723103879,20482520,1895639781746557412548039457480,63502,32,600,600,0,True
1723103891,20482521,1895639781746557412548039457480,63502,32,600,600,0,True
1723103903,20482522,1895639781746557412548039457480,63502,32,600,600,0,True
1723103915,20482523,1895639781746557412548039457480,63502,32,600,600,0,True
1723103927,20482524,1895639781746557412548039457480,63502,32,600,600,0,True
1723103939,20482525,1895639781746557412548039457480,63502,32,600,600,0,True
1723103951,20482526,1895639781746557412548039457480,63502,32,600,600,0,True
1723103963,20482527,1895639781746557412548039457480,63502,32,600,600,0,True
1723103975,20482528,1895639781746557412548039457480,63502,32,600,600,0,True
1723103987,20482529,1895639781746557412548039457480,63502,32,600,600,0,True
1723103999,20482530,1895639781746557412548039457480,63502,32,600,600,0,True
1723104011,20482531,1895639781746557412548039457480,63502,32,600,600,0,True
1723104023,20482532,1895639781746557412548039457480,63502,32,600,600,0,True
1723104035,20482533,1895639781746557412548039457480,63502,32,600,600,0,True
1723104047,20482534,1895639781746557412548039457480,63502,32,600,600,0,True
1723104059,20482535,1895639781746557412548039457480,63502,32,600,600,0,True
1723104071,20482536,1895639781746557412548039457480,63502,32,600,600,0,True
1723104083,20482537,1895639781746557412548039457480,63502,32,600,600,0,True
1723104095,20482538,1895639781746557412548039457480,63502,32,600,600,0,True
1723104107,20482539,1895639781746557412548039457480,63502,32,600,600,0,True
1723104119,20482540,1895639781746557412548039457480,63502,32,600,600,0,True
1723104131,20482541,1895639781746557412548039457480,63502,32,600,600,0,True
1723104143,20482542,1895639781746557412548039457480,63502,32,600,600,0,True
1723104155,20482543,1895639781746557412548039457480,63502,32,600,600,0,True
1723104167,20482544,1895639781746557412548039457480,63502,32,600,600,0,True
1723104179,20482545,1895639781746557412548039457480,63502,32,600,600,0,True
1723104191,20482546,1895639781746557412548039457480,63502,32,600,600,0,True
1723104203,20482547,1895639781746557412548039457480,63502,32,600,600,0,True
1723104215,20482548,1895639781746557412548039457480,63502,32,600,600,0,True
1723104227,20482549,1895639781746557412548039457480,63502,32,600,600,0,True
1723104239,20482550,1895639781746557412548039457480,63502,32,600,600,0,True
1723104251,20482551,1895639781746557412548039457480,63502,32,600,600,0,True
1723104263,20482552,1895639781746557412548039457480,63502,32,600,600,0,True
1723104275,20482553,1895639781746557412548039457480,63502,32,600,600,0,True
1723104287,20482554,1895639781746557412548039457480,63502,32,600,600,0,True
1723104299,20482555,1895639781746557412548039457480,63502,32,600,600,0,True
1723104311,20482556,1895639781746557412548039457480,63502,32,600,600,0,True
1723104323,20482557,1895639781746557412548039457480,63502,32,600,600,0,True
1723104335,20482558,1895639781746557412548039457480,63502,32,600,600,0,True
1723104347,20482559,1895639781746557412548039457480,63502,32,600,600,0,True
1723104359,20482560,1895639781746557412548039457480,63502,32,600,600,0,True
1723104371,20482561,1895639781746557412548039457480,63502,32,600,600,0,True
1723104383,20482562,1895639781746557412548039457480,63502,32,600,600,0,True
1723104395,20482563,1895639781746557412548039457480,63502,32,600,600,0,True
1723104407,20482564,1895639781746557412548039457480,63502,32,600,600,0,True
1723104419,20482565,1895639781746557412548039457480,63502,32,600,600,0,True
1723104431,20482566,1895639781746557412548039457480,63502,32,600,600,0,True
1723104443,20482567,1895639781746557412548039457480,63502,32,600,600,0,True
1723104455,20482568,1895639781746557412548039457480,63502,32,600,600,0,True
1723104467,20482569,1895639781746557412548039457480,63502,32,600,600,0,True
1723104479,20482570,1895639781746557412548039457480,63502,32,600,600,0,True
1723104491,20482571,1895639781746557412548039457480,63502,32,600,600,0,True
1723104503,20482572,1895639781746557412548039457480,63502,32,600,600,0,True
1723104515,20482573,1895639781746557412548039457480,63502,32,600,600,0,True
1723104527,20482574,1895639781746557412548039457480,63502,32,600,600,0,True
1723104539,20482575,1895639781746557412548039457480,63502,32,600,600,0,True
1723104551,20482576,1895639781746557412548039457480,63502,32,600,600,0,True
1723104563,20482577,1895639781746557412548039457480,63502,32,600,600,0,True
1723104575,20482578,1895639781746557412548039457480,63502,32,600,600,0,True
1723104587,20482579,1895639781746557412548039457480,63502,32,600,600,0,True
1723104599,20482580,1895639781746557412548039457480,63502,32,600,600,0,True
1723104611,20482581,1895639781746557412548039457480,63502,32,600,600,0,True
1723104623,20482582,1895639781746557412548039457480,63502,32,600,600,0,True
1723104635,20482583,1895639781746557412548039457480,63502,32,600,600,0,True
1723104647,20482584,1895639781746557412548039457480,63502,32,600,600,0,True
1723104659,20482585,1895639781746557412548039457480,63502,32,600,600,0,True
1723104671,20482586,1895639781746557412548039457480,63502,32,600,600,0,True
1723104683,20482587,1895639781746557412548039457480,63502,32,600,600,0,True
1723104695,20482588,1895639781746557412548039457480,63502,32,600,600,0,True
1723104707,20482589,1895639781746557412548039457480,63502,32,600,600,0,True
1723104719,20482590,1895639781746557412548039457480,63502,32,600,600,0,True
1723104731,20482591,1895639781746557412548039457480,63502,32,600,600,0,True
1723104743,20482592,1895639781746557412548039457480,63502,32,600,600,0,True
1723104755,20482593,1895639781746557412548039457480,63502,32,600,600,0,True
1723104767,20482594,1895639781746557412548039457480,63502,32,600,600,0,True
1723104779,20482595,1895639781746557412548039457480,63502,32,600,600,0,True
1723104791,20482596,1895320836294799804385604430867,63499,33,600,600,0,True
1723104803,20482597,1895320836294799804385604430867,63499,33,600,600,0,True
1723104815,20482598,1895320836294799804385604430867,63499,33,600,600,0,True
1723104827,20482599,1895320836294799804385604430867,63499,33,600,600,0,True
1723104839,20482600,1895320836294799804385604430867,63499,33,600,600,0,True
1723104851,20482601,1895320836294799804385604430867,63499,33,600,600,0,True
1723104863,20482602,1895320836294799804385604430867,63499,33,600,600,0,True
1723104875,20482603,1895320836294799804385604430867,63499,33,600,600,0,True
1723104887,20482604,1895320836294799804385604430867,63499,33,600,600,0,True
1723104899,20482605,1895320836294799804385604430867,63499,33,600,600,0,True
1723104911,20482606,1895320836294799804385604430867,63499,33,600,600,0,True
1723104923,20482607,1895320836294799804385604430867,63499,33,600,600,0,True
1723104935,20482608,1895320836294799804385604430867,63499,33,600,600,0,True
1723104947,20482609,1895320836294799804385604430867,63499,33,600,600,0,True
1723104959,20482610,1895320836294799804385604430867,63499,33,600,600,0,True
1723104971,20482611,1895320836294799804385604430867,63499,33,600,600,0,True
1723104983,20482612,1895320836294799804385604430867,63499,33,600,600,0,True
1723104995,20482613,1895320836294799804385604430867,63499,33,600,600,0,True
1723105007,20482614,1895320836294799804385604430867,63499,33,600,600,0,True
1723105019,20482615,1895320836294799804385604430867,63499,33,600,600,0,True
1723105031,20482616,1895320836294799804385604430867,63499,33,600,600,0,True
1723105043,20482617,1895320836294799804385604430867,63499,33,600,600,0,True
1723105055,20482618,1895320836294799804385604430867,63499,33,600,600,0,True
1723105067,20482619,1895320836294799804385604430867,63499,33,600,600,0,True
1723105079,20482620,1895320836294799804385604430867,63499,33,600,600,0,True
1723105091,20482621,1895320836294799804385604430867,63499,33,600,600,0,True
1723105103,20482622,1895320836294799804385604430867,63499,33,600,600,0,True
1723105115,20482623,1895320836294799804385604430867,63499,33,600,600,0,True
1723105127,20482624,1895320836294799804385604430867,63499,33,600,600,0,True
1723105139,20482625,1895320836294799804385604430867,63499,33,600,600,0,True
1723105151,20482626,1895320836294799804385604430867,63499,33,600,600,0,True
1723105163,20482627,1895320836294799804385604430867,63499,33,600,600,0,True
1723105175,20482628,1895320836294799804385604430867,63499,33,600,600,0,True
1723105187,20482629,1895320836294799804385604430867,63499,33,600,600,0,True
1723105199,20482630,1895320836294799804385604430867,63499,33,600,600,0,True
1723105211,20482631,1895320836294799804385604430867,63499,33,600,600,0,True
1723105223,20482632,1895320836294799804385604430867,63499,33,600,600,0,True
1723105235,20482633,1895320836294799804385604430867,63499,33,600,600,0,True
1723105247,20482634,1895320836294799804385604430867,63499,33,600,600,0,True
1723105259,20482635,1895320836294799804385604430867,63499,33,600,600,0,True
1723105271,20482636,1895320836294799804385604430867,63499,33,600,600,0,True
1723105283,20482637,1895320836294799804385604430867,63499,33,600,600,0,True
1723105295,20482638,1895320836294799804385604430867,63499,33,600,600,0,True
1723105307,20482639,1895320836294799804385604430867,63499,33,600,600,0,True
1723105319,20482640,1895320836294799804385604430867,63499,33,600,600,0,True
1723105331,20482641,1895320836294799804385604430867,63499,33,600,600,0,True
1723105355,20482642,1895320836294799804385604430867,63499,33,600,600,0,True
1723105367,20482643,1895320836294799804385604430867,63499,33,600,600,0,True
1723105379,20482644,1895320836294799804385604430867,63499,33,600,600,0,True
1723105391,20482645,1895320836294799804385604430867,63499,33,600,600,0,True
1723105403,20482646,1895320836294799804385604430867,63499,33,600,600,0,True
1723105415,20482647,1895320836294799804385604430867,63499,33,600,600,0,True
1723105427,20482648,1895320836294799804385604430867,63499,33,600,600,0,True
1723105439,20482649,1895320836294799804385604430867,63499,33,600,600,0,True
1723105451,20482650,1895320836294799804385604430867,63499,33,600,600,0,True
1723105463,20482651,1895320836294799804385604430867,63499,33,600,600,0,True
1723105475,20482652,1895320836294799804385604430867,63499,33,600,600,0,True
1723105487,20482653,1895320836294799804385604430867,63499,33,600,600,0,True
1723105499,20482654,1895320836294799804385604430867,63499,33,600,600,0,True
1723105511,20482655,1895320836294799804385604430867,63499,33,600,600,0,True
1723105523,20482656,1895320836294799804385604430867,63499,33,600,600,0,True
1723105535,20482657,1895320836294799804385604430867,63499,33,600,600,0,True
1723105547,20482658,1895320836294799804385604430867,63499,33,600,600,0,True
1723105559,20482659,1895320836294799804385604430867,63499,33,600,600,0,True
1723105571,20482660,1895320836294799804385604430867,63499,33,600,600,0,True
1723105583,20482661,1895320836294799804385604430867,63499,33,600,600,0,True
1723105595,20482662,1895320836294799804385604430867,63499,33,600,600,0,True
1723105607,20482663,1895320836294799804385604430867,63499,33,600,600,0,True
1723105619,20482664,1895320836294799804385604430867,63499,33,600,600,0,True
1723105631,20482665,1895320836294799804385604430867,63499,33,600,600,0,True
1723105643,20482666,1895320836294799804385604430867,63499,33,600,600,0,True
1723105655,20482667,1895320836294799804385604430867,63499,33,600,600,0,True
1723105667,20482668,1895320836294799804385604430867,63499,33,600,600,0,True
1723105679,20482669,1895320836294799804385604430867,63499,33,600,600,0,True
1723105691,20482670,1895320836294799804385604430867,63499,33,600,600,0,True
1723105703,20482671,1895320836294799804385604430867,63499,33,600,600,0,True
1723105715,20482672,1895320836294799804385604430867,63499,33,600,600,0,True
1723105727,20482673,1895320836294799804385604430867,63499,33,600,600,0,True
1723105739,20482674,1895320836294799804385604430867,63499,33,600,600,0,True
1723105751,20482675,1895320836294799804385604430867,63499,33,600,600,0,True
1723105763,20482676,1895320836294799804385604430867,63499,33,600,600,0,True
1723105775,20482677,1895320836294799804385604430867,63499,33,600,600,0,True
1723105787,20482678,1895320836294799804385604430867,63499,33,600,600,0,True
1723105799,20482679,1895320836294799804385604430867,63499,33,600,600,0,True
1723105811,20482680,1895320836294799804385604430867,63499,33,600,600,0,True
1723105823,20482681,1895320836294799804385604430867,63499,33,600,600,0,True
1723105835,20482682,1895320836294799804385604430867,63499,33,600,600,0,True
1723105847,20482683,1895320836294799804385604430867,63499,33,600,600,0,True
1723105859,20482684,1895320836294799804385604430867,63499,33,600,600,0,True
1723105871,20482685,1895320836294799804385604430867,63499,33,600,600,0,True
1723105883,20482686,1895320836294799804385604430867,63499,33,600,600,0,True
1723105895,20482687,1895320836294799804385604430867,63499,33,600,600,0,True
1723105907,20482688,1895320836294799804385604430867,63499,33,600,600,0,True
1723105919,20482689,1895320836294799804385604430867,63499,33,600,600,0,True
1723105931,20482690,1895320836294799804385604430867,63499,33,600,600,0,True
1723105943,20482691,1895320836294799804385604430867,63499,33,600,600,0,True
1723105955,20482692,1895320836294799804385604430867,63499,33,600,600,0,True
1723105967,20482693,1895320836294799804385604430867,63499,33,600,600,0,True
1723105979,20482694,1895320836294799804385604430867,63499,33,600,600,0,True
1723105991,20482695,1895320836294799804385604430867,63499,33,600,600,0,True
1723106003,20482696,1895320836294799804385604430867,63499,33,600,600,0,True
1723106015,20482697,1895320836294799804385604430867,63499,33,600,600,0,True
1723106027,20482698,1895320836294799804385604430867,63499,33,600,600,0,True
1723106039,20482699,1895320836294799804385604430867,63499,33,600,600,0,True
1723106051,20482700,1895320836294799804385604430867,63499,33,600,600,0,True
1723106063,20482701,1895320836294799804385604430867,63499,33,600,600,0,True
1723106075,20482702,1895320836294799804385604430867,63499,33,600,600,0,True
1723106087,20482703,1895320836294799804385604430867,63499,33,600,600,0,True
1723106099,20482704,1895320836294799804385604430867,63499,33,600,600,0,True
1723106111,20482705,1895320836294799804385604430867,63499,33,600,600,0,True
1723106123,20482706,1895320836294799804385604430867,63499,33,600,600,0,True
1723106135,20482707,1895320836294799804385604430867,63499,33,600,600,0,True
1723106147,20482708,1895320836294799804385604430867,63499,33,600,600,0,True
1723106159,20482709,1895320836294799804385604430867,63499,33,600,600,0,True
1723106171,20482710,1895320836294799804385604430867,63499,33,600,600,0,True
1723106183,20482711,1895320836294799804385604430867,63499,33,600,600,0,True
1723106195,20482712,1895320836294799804385604430867,63499,33,600,600,0,True
1723106207,20482713,1895320836294799804385604430867,63499,33,600,600,0,True
1723106219,20482714,1895320836294799804385604430867,63499,33,600,600,0,True
1723106231,20482715,1895320836294799804385604430867,63499,33,600,600,0,True
1723106243,20482716,1895320836294799804385604430867,63499,33,600,600,0,True
1723106255,20482717,1895320836294799804385604430867,63499,33,600,600,0,True
1723106267,20482718,1895320836294799804385604430867,63499,33,600,600,0,True
1723106279,20482719,1895320836294799804385604430867,63499,33,600,600,0,True
1723106291,20482720,1895320836294799804385604430867,63499,33,600,600,0,True
1723106303,20482721,1895320836294799804385604430867,63499,33,600,600,0,True
1723106315,20482722,1895320836294799804385604430867,63499,33,600,600,0,True
1723106327,20482723,1895320836294799804385604430867,63499,33,600,600,0,True
1723106339,20482724,1895320836294799804385604430867,63499,33,600,600,0,True
1723106351,20482725,1895320836294799804385604430867,63499,33,600,600,0,True
1723106363,20482726,1895320836294799804385604430867,63499,33,600,600,0,True
1723106375,20482727,1895320836294799804385604430867,63499,33,600,600,0,True
1723106387,20482728,1895320836294799804385604430867,63499,33,600,600,0,True
1723106399,20482729,1895320836294799804385604430867,63499,33,600,600,0,True
1723106411,20482730,1895320836294799804385604430867,63499,33,600,600,0,True
1723106423,20482731,1895320836294799804385604430867,63499,33,600,600,0,True
1723106435,20482732,1895320836294799804385604430867,63499,33,600,600,0,True
1723106447,20482733,1895320836294799804385604430867,63499,33,600,600,0,True
1723106459,20482734,1895320836294799804385604430867,63499,33,600,600,0,True
1723106471,20482735,1895320836294799804385604430867,63499,33,600,600,0,True
1723106483,20482736,1895320836294799804385604430867,63499,33,600,600,0,True
1723106495,20482737,1895320836294799804385604430867,63499,33,600,600,0,True
1723106507,20482738,1895320836294799804385604430867,63499,33,600,600,0,True
1723106519,20482739,1895320836294799804385604430867,63499,33,600,600,0,True
1723106531,20482740,1895320836294799804385604430867,63499,33,600,600,0,True
1723106543,20482741,1895320836294799804385604430867,63499,33,600,600,0,True
1723106555,20482742,1895320836294799804385604430867,63499,33,600,600,0,True
1723106567,20482743,1895320836294799804385604430867,63499,33,600,600,0,True
1723106579,20482744,1895320836294799804385604430867,63499,33,600,600,0,True
1723106591,20482745,1895320836294799804385604430867,63499,33,600,600,0,True
1723106603,20482746,1895320836294799804385604430867,63499,33,600,600,0,True
1723106615,20482747,1895320836294799804385604430867,63499,33,600,600,0,True
1723106627,20482748,1895320836294799804385604430867,63499,33,600,600,0,True
1723106639,20482749,1895320836294799804385604430867,63499,33,600,600,0,True
1723106651,20482750,1895320836294799804385604430867,63499,33,600,600,0,True
1723106663,20482751,1895320836294799804385604430867,63499,33,600,600,0,True
1723106675,20482752,1895320836294799804385604430867,63499,33,600,600,0,True
1723106687,20482753,1895320836294799804385604430867,63499,33,600,600,0,True
1723106699,20482754,1895320836294799804385604430867,63499,33,600,600,0,True
1723106711,20482755,1895320836294799804385604430867,63499,33,600,600,0,True
1723106723,20482756,1895320836294799804385604430867,63499,33,600,600,0,True
1723106735,20482757,1895320836294799804385604430867,63499,33,600,600,0,True
1723106747,20482758,1895320836294799804385604430867,63499,33,600,600,0,True
1723106759,20482759,1895320836294799804385604430867,63499,33,600,600,0,True
1723106771,20482760,1895320836294799804385604430867,63499,33,600,600,0,True
1723106783,20482761,1895320836294799804385604430867,63499,33,600,600,0,True
1723106795,20482762,1895320836294799804385604430867,63499,33,600,600,0,True
1723106807,20482763,1895320836294799804385604430867,63499,33,600,600,0,True
1723106819,20482764,1895320836294799804385604430867,63499,33,600,600,0,True
1723106831,20482765,1895320836294799804385604430867,63499,33,600,600,0,True
1723106843,20482766,1895320836294799804385604430867,63499,33,600,600,0,True
1723106855,20482767,1895320836294799804385604430867,63499,33,600,600,0,True
1723106867,20482768,1895320836294799804385604430867,63499,33,600,600,0,True
1723106879,20482769,1895320836294799804385604430867,63499,33,600,600,0,True
1723106891,20482770,1895320836294799804385604430867,63499,33,600,600,0,True
1723106903,20482771,1895320836294799804385604430867,63499,33,600,600,0,True
1723106915,20482772,1895320836294799804385604430867,63499,33,600,600,0,True
1723106927,20482773,1895320836294799804385604430867,63499,33,600,600,0,True
1723106939,20482774,1895320836294799804385604430867,63499,33,600,600,0,True
1723106951,20482775,1895320836294799804385604430867,63499,33,600,600,0,True
1723106963,20482776,1895320836294799804385604430867,63499,33,600,600,0,True
1723106975,20482777,1895320836294799804385604430867,63499,33,600,600,0,True
1723106987,20482778,1895320836294799804385604430867,63499,33,600,600,0,True
1723106999,20482779,1895320836294799804385604430867,63499,33,600,600,0,True
1723107011,20482780,1895320836294799804385604430867,63499,33,600,600,0,True
1723107023,20482781,1895320836294799804385604430867,63499,33,600,600,0,True
1723107035,20482782,1895320836294799804385604430867,63499,33,600,600,0,True
1723107047,20482783,1895320836294799804385604430867,63499,33,600,600,0,True
1723107059,20482784,1895320836294799804385604430867,63499,33,600,600,0,True
1723107071,20482785,1895320836294799804385604430867,63499,33,600,600,0,True
1723107083,20482786,1895320836294799804385604430867,63499,33,600,600,0,True
1723107095,20482787,1895320836294799804385604430867,63499,33,600,600,0,True
1723107107,20482788,1895320836294799804385604430867,63499,33,600,600,0,True
1723107119,20482789,1895320836294799804385604430867,63499,33,600,600,0,True
1723107131,20482790,1895320836294799804385604430867,63499,33,600,600,0,True
1723107143,20482791,1895320836294799804385604430867,63499,33,600,600,0,True
1723107155,20482792,1895320836294799804385604430867,63499,33,600,600,0,True
1723107167,20482793,1895320836294799804385604430867,63499,33,600,600,0,True
1723107179,20482794,1895320836294799804385604430867,63499,33,600,600,0,True
1723107191,20482795,1895320836294799804385604430867,63499,33,600,600,0,True
1723107203,20482796,1895320836294799804385604430867,63499,33,600,600,0,True
1723107215,20482797,1895320836294799804385604430867,63499,33,600,600,0,True
1723107227,20482798,1895320836294799804385604430867,63499,33,600,600,0,True
1723107239,20482799,1895320836294799804385604430867,63499,33,600,600,0,True
1723107251,20482800,1895320836294799804385604430867,63499,33,600,600,0,True
1723107263,20482801,1895320836294799804385604430867,63499,33,600,600,0,True
1723107275,20482802,1895320836294799804385604430867,63499,33,600,600,0,True
1723107287,20482803,1895320836294799804385604430867,63499,33,600,600,0,True
1723107299,20482804,1895320836294799804385604430867,63499,33,600,600,0,True
1723107311,20482805,1895320836294799804385604430867,63499,33,600,600,0,True
1723107323,20482806,1895320836294799804385604430867,63499,33,600,600,0,True
1723107335,20482807,1895320836294799804385604430867,63499,33,600,600,0,True
1723107347,20482808,1895320836294799804385604430867,63499,33,600,600,0,True
1723107359,20482809,1895320836294799804385604430867,63499,33,600,600,0,True
1723107371,20482810,1895320836294799804385604430867,63499,33,600,600,0,True
1723107383,20482811,1895320836294799804385604430867,63499,33,600,600,0,True
1723107395,20482812,1895320836294799804385604430867,63499,33,600,600,0,True
1723107407,20482813,1895320836294799804385604430867,63499,33,600,600,0,True
1723107419,20482814,1895320836294799804385604430867,63499,33,600,600,0,True
1723107431,20482815,1895320836294799804385604430867,63499,33,600,600,0,True
1723107443,20482816,1895320836294799804385604430867,63499,33,600,600,0,True
1723107455,20482817,1895320836294799804385604430867,63499,33,600,600,0,True
1723107467,20482818,1895320836294799804385604430867,63499,33,600,600,0,True
1723107479,20482819,1895320836294799804385604430867,63499,33,600,600,0,True
1723107491,20482820,1895320836294799804385604430867,63499,33,600,600,0,True
1723107503,20482821,1895320836294799804385604430867,63499,33,600,600,0,True
1723107515,20482822,1895320836294799804385604430867,63499,33,600,600,0,True
1723107527,20482823,1895320836294799804385604430867,63499,33,600,600,0,True
1723107539,20482824,1895320836294799804385604430867,63499,33,600,600,0,True
1723107551,20482825,1895320836294799804385604430867,63499,33,600,600,0,True
1723107563,20482826,1895320836294799804385604430867,63499,33,600,600,0,True
1723107575,20482827,1895320836294799804385604430867,63499,33,600,600,0,True
1723107587,20482828,1895320836294799804385604430867,63499,33,600,600,0,True
1723107599,20482829,1895320836294799804385604430867,63499,33,600,600,0,True
1723107611,20482830,1895320836294799804385604430867,63499,33,600,600,0,True
1723107623,20482831,1895320836294799804385604430867,63499,33,600,600,0,True
1723107635,20482832,1895320836294799804385604430867,63499,33,600,600,0,True
1723107647,20482833,1895320836294799804385604430867,63499,33,600,600,0,True
1723107659,20482834,1895320836294799804385604430867,63499,33,600,600,0,True
1723107671,20482835,1895320836294799804385604430867,63499,33,600,600,0,True
1723107683,20482836,1895320836294799804385604430867,63499,33,600,600,0,True
1723107695,20482837,1895320836294799804385604430867,63499,33,600,600,0,True
1723107707,20482838,1895320836294799804385604430867,63499,33,600,600,0,True
1723107719,20482839,1895320836294799804385604430867,63499,33,600,600,0,True
1723107731,20482840,1895320836294799804385604430867,63499,33,600,600,0,True
1723107743,20482841,1895320836294799804385604430867,63499,33,600,600,0,True
1723107755,20482842,1895320836294799804385604430867,63499,33,600,600,0,True
1723107767,20482843,1895320836294799804385604430867,63499,33,600,600,0,True
1723107779,20482844,1895320836294799804385604430867,63499,33,600,600,0,True
1723107791,20482845,1895320836294799804385604430867,63499,33,600,600,0,True
1723107803,20482846,1895320836294799804385604430867,63499,33,600,600,0,True
1723107815,20482847,1895320836294799804385604430867,63499,33,600,600,0,True
1723107827,20482848,1895320836294799804385604430867,63499,33,600,600,0,True
1723107839,20482849,1895320836294799804385604430867,63499,33,600,600,0,True
1723107851,20482850,1895320836294799804385604430867,63499,33,600,600,0,True
1723107863,20482851,1895320836294799804385604430867,63499,33,600,600,0,True
1723107875,20482852,1895320836294799804385604430867,63499,33,600,600,0,True
1723107887,20482853,1895320836294799804385604430867,63499,33,600,600,0,True
1723107899,20482854,1895320836294799804385604430867,63499,33,600,600,0,True
1723107911,20482855,1895320836294799804385604430867,63499,33,600,600,0,True
1723107923,20482856,1895320836294799804385604430867,63499,33,600,600,0,True
1723107935,20482857,1895320836294799804385604430867,63499,33,600,600,0,True
1723107947,20482858,1895320836294799804385604430867,63499,33,600,600,0,True
1723107959,20482859,1895320836294799804385604430867,63499,33,600,600,0,True
1723107971,20482860,1895320836294799804385604430867,63499,33,600,600,0,True
1723107983,20482861,1895320836294799804385604430867,63499,33,600,600,0,True
1723107995,20482862,1895320836294799804385604430867,63499,33,600,600,0,True
1723108007,20482863,1895320836294799804385604430867,63499,33,600,600,0,True
1723108019,20482864,1895320836294799804385604430867,63499,33,600,600,0,True
1723108031,20482865,1895320836294799804385604430867,63499,33,600,600,0,True
1723108043,20482866,1895320836294799804385604430867,63499,33,600,600,0,True
1723108055,20482867,1895320836294799804385604430867,63499,33,600,600,0,True
1723108067,20482868,1895320836294799804385604430867,63499,33,600,600,0,True
1723108079,20482869,1895320836294799804385604430867,63499,33,600,600,0,True
1723108091,20482870,1895320836294799804385604430867,63499,33,600,600,0,True
1723108103,20482871,1895320836294799804385604430867,63499,33,600,600,0,True
1723108115,20482872,1895320836294799804385604430867,63499,33,600,600,0,True
1723108127,20482873,1895320836294799804385604430867,63499,33,600,600,0,True
1723108139,20482874,1895320836294799804385604430867,63499,33,600,600,0,True
1723108151,20482875,1895320836294799804385604430867,63499,33,600,600,0,True
1723108163,20482876,1894987989188360420623203899223,63495,34,600,600,0,True
1723108175,20482877,1894987989188360420623203899223,63495,34,600,600,0,True
1723108187,20482878,1894987989188360420623203899223,63495,34,600,600,0,True
1723108199,20482879,1894510654104279455732542210048,63490,35,600,600,0,True
1723108211,20482880,1894223940206628557863582451644,63487,36,600,600,0,True
1723108223,20482881,1894223940206628557863582451644,63487,36,600,600,0,True
1723108235,20482882,1894223940206628557863582451644,63487,36,600,600,0,True
1723108247,20482883,1894223940206628557863582451644,63487,36,600,600,0,True
1723108259,20482884,1894223940206628557863582451644,63487,36,600,600,0,True
1723108271,20482885,1894223940206628557863582451644,63487,36,600,600,0,True
1723108283,20482886,1894223940206628557863582451644,63487,36,600,600,0,True
1723108295,20482887,1894223940206628557863582451644,63487,36,600,600,0,True
1723108307,20482888,1894223940206628557863582451644,63487,36,600,600,0,True
1723108319,20482889,1894223940206628557863582451644,63487,36,600,600,0,True
1723108331,20482890,1894223940206628557863582451644,63487,36,600,600,0,True
1723108343,20482891,1894223940206628557863582451644,63487,36,600,600,0,True
1723108355,20482892,1895606744117125655501276535039,63502,37,600,600,0,True
1723108367,20482893,1895606744117125655501276535039,63502,37,600,600,0,True
1723108379,20482894,1895606744117125655501276535039,63502,37,600,600,0,True
1723108391,20482895,1895606744117125655501276535039,63502,37,600,600,0,True
1723108403,20482896,1895606744117125655501276535039,63502,37,600,600,0,True
1723108415,20482897,1895606744117125655501276535039,63502,37,600,600,0,True
1723108427,20482898,1895606744117125655501276535039,63502,37,600,600,0,True
1723108439,20482899,1895606744117125655501276535039,63502,37,600,600,0,True
1723108451,20482900,1895606744117125655501276535039,63502,37,600,600,0,True
1723108463,20482901,1895606744117125655501276535039,63502,37,600,600,0,True
1723108475,20482902,1895606744117125655501276535039,63502,37,600,600,0,True
1723108487,20482903,1895606744117125655501276535039,63502,37,600,600,0,True
1723108499,20482904,1895606744117125655501276535039,63502,37,600,600,0,True
1723108511,20482905,1895606744117125655501276535039,63502,37,600,600,0,True
1723108523,20482906,1895606744117125655501276535039,63502,37,600,600,0,True
1723108535,20482907,1895606744117125655501276535039,63502,37,600,600,0,True
1723108547,20482908,1895606744117125655501276535039,63502,37,600,600,0,True
1723108559,20482909,1895606744117125655501276535039,63502,37,600,600,0,True
1723108571,20482910,1895606744117125655501276535039,63502,37,600,600,0,True
1723108583,20482911,1895606744117125655501276535039,63502,37,600,600,0,True
1723108595,20482912,1895606744117125655501276535039,63502,37,600,600,0,True
1723108607,20482913,1895606744117125655501276535039,63502,37,600,600,0,True
1723108619,20482914,1895606744117125655501276535039,63502,37,600,600,0,True
1723108631,20482915,1895606744117125655501276535039,63502,37,600,600,0,True
1723108643,20482916,1895606744117125655501276535039,63502,37,600,600,0,True
1723108655,20482917,1895606744117125655501276535039,63502,37,600,600,0,True
1723108667,20482918,1895606744117125655501276535039,63502,37,600,600,0,True
1723108679,20482919,1895606744117125655501276535039,63502,37,600,600,0,True
1723108691,20482920,1895606744117125655501276535039,63502,37,600,600,0,True
1723108703,20482921,1895606744117125655501276535039,63502,37,600,600,0,True
1723108715,20482922,1895606744117125655501276535039,63502,37,600,600,0,True
1723108727,20482923,1895606744117125655501276535039,63502,37,600,600,0,True
1723108739,20482924,1895606744117125655501276535039,63502,37,600,600,0,True
1723108751,20482925,1895606744117125655501276535039,63502,37,600,600,0,True
1723108763,20482926,1895606744117125655501276535039,63502,37,600,600,0,True
1723108775,20482927,1895606744117125655501276535039,63502,37,600,600,0,True
1723108787,20482928,1895606744117125655501276535039,63502,37,600,600,0,True
1723108799,20482929,1895606744117125655501276535039,63502,37,600,600,0,True
1723108811,20482930,1895606744117125655501276535039,63502,37,600,600,0,True
1723108823,20482931,1895606744117125655501276535039,63502,37,600,600,0,True
1723108835,20482932,1895606744117125655501276535039,63502,37,600,600,0,True
1723108847,20482933,1895606744117125655501276535039,63502,37,600,600,0,True
1723108859,20482934,1895606744117125655501276535039,63502,37,600,600,0,True
1723108871,20482935,1895606744117125655501276535039,63502,37,600,600,0,True
1723108883,20482936,1895606744117125655501276535039,63502,37,600,600,0,True
1723108895,20482937,1895606744117125655501276535039,63502,37,600,600,0,True
1723108907,20482938,1895606744117125655501276535039,63502,37,600,600,0,True
1723108919,20482939,1895606744117125655501276535039,63502,37,600,600,0,True
1723108931,20482940,1895606744117125655501276535039,63502,37,600,600,0,True
1723108943,20482941,1895606744117125655501276535039,63502,37,600,600,0,True
1723108955,20482942,1895606744117125655501276535039,63502,37,600,600,0,True
1723108967,20482943,1895606744117125655501276535039,63502,37,600,600,0,True
1723108979,20482944,1895606744117125655501276535039,63502,37,600,600,0,True
1723108991,20482945,1895606744117125655501276535039,63502,37,600,600,0,True
1723109003,20482946,1895606744117125655501276535039,63502,37,600,600,0,True
1723109015,20482947,1895606744117125655501276535039,63502,37,600,600,0,True
1723109027,20482948,1895606744117125655501276535039,63502,37,600,600,0,True
1723109039,20482949,1895606744117125655501276535039,63502,37,600,600,0,True
1723109051,20482950,1895606744117125655501276535039,63502,37,600,600,0,True
1723109063,20482951,1895606744117125655501276535039,63502,37,600,600,0,True
1723109075,20482952,1895606744117125655501276535039,63502,37,600,600,0,True
1723109087,20482953,1895606744117125655501276535039,63502,37,600,600,0,True
1723109099,20482954,1895606744117125655501276535039,63502,37,600,600,0,True
1723109111,20482955,1895606744117125655501276535039,63502,37,600,600,0,True
1723109123,20482956,1895606744117125655501276535039,63502,37,600,600,0,True
1723109135,20482957,1895606744117125655501276535039,63502,37,600,600,0,True
1723109147,20482958,1895606744117125655501276535039,63502,37,600,600,0,True
1723109159,20482959,1895606744117125655501276535039,63502,37,600,600,0,True
1723109171,20482960,1895606744117125655501276535039,63502,37,600,600,0,True
1723109183,20482961,1895606744117125655501276535039,63502,37,600,600,0,True
1723109195,20482962,1895606744117125655501276535039,63502,37,600,600,0,True
1723109207,20482963,1895606744117125655501276535039,63502,37,600,600,0,True
1723109219,20482964,1895606744117125655501276535039,63502,37,600,600,0,True
1723109231,20482965,1895606744117125655501276535039,63502,37,600,600,0,True
1723109243,20482966,1895606744117125655501276535039,63502,37,600,600,0,True
1723109255,20482967,1895606744117125655501276535039,63502,37,600,600,0,True
1723109267,20482968,1895606744117125655501276535039,63502,37,600,600,0,True
1723109279,20482969,1895606744117125655501276535039,63502,37,600,600,0,True
1723109291,20482970,1895606744117125655501276535039,63502,37,600,600,0,True
1723109303,20482971,1895606744117125655501276535039,63502,37,600,600,0,True
1723109315,20482972,1895606744117125655501276535039,63502,37,600,600,0,True
1723109327,20482973,1895606744117125655501276535039,63502,37,600,600,0,True
1723109339,20482974,1895606744117125655501276535039,63502,37,600,600,0,True
1723109351,20482975,1895606744117125655501276535039,63502,37,600,600,0,True
1723109363,20482976,1895606744117125655501276535039,63502,37,600,600,0,True
1723109375,20482977,1895606744117125655501276535039,63502,37,600,600,0,True
1723109387,20482978,1895606744117125655501276535039,63502,37,600,600,0,True
1723109399,20482979,1895606744117125655501276535039,63502,37,600,600,0,True
1723109411,20482980,1895606744117125655501276535039,63502,37,600,600,0,True
1723109423,20482981,1895606744117125655501276535039,63502,37,600,600,0,True
1723109435,20482982,1895606744117125655501276535039,63502,37,600,600,0,True
1723109447,20482983,1895606744117125655501276535039,63502,37,600,600,0,True
1723109459,20482984,1895606744117125655501276535039,63502,37,600,600,0,True
1723109471,20482985,1895606744117125655501276535039,63502,37,600,600,0,True
1723109483,20482986,1895606744117125655501276535039,63502,37,600,600,0,True
1723109495,20482987,1895606744117125655501276535039,63502,37,600,600,0,True
1723109507,20482988,1895606744117125655501276535039,63502,37,600,600,0,True
1723109519,20482989,1895606744117125655501276535039,63502,37,600,600,0,True
1723109531,20482990,1895606744117125655501276535039,63502,37,600,600,0,True
1723109543,20482991,1895606744117125655501276535039,63502,37,600,600,0,True
1723109555,20482992,1895606744117125655501276535039,63502,37,600,600,0,True
1723109567,20482993,1895606744117125655501276535039,63502,37,600,600,0,True
1723109579,20482994,1895606744117125655501276535039,63502,37,600,600,0,True
1723109591,20482995,1895606744117125655501276535039,63502,37,600,600,0,True
1723109603,20482996,1895606744117125655501276535039,63502,37,600,600,0,True
1723109615,20482997,1895606744117125655501276535039,63502,37,600,600,0,True
1723109639,20482998,1895606744117125655501276535039,63502,37,600,600,0,True
1723109651,20482999,1895606744117125655501276535039,63502,37,600,600,0,True
1723109663,20483000,1895606744117125655501276535039,63502,37,600,600,0,True
1723109675,20483001,1895606744117125655501276535039,63502,37,600,600,0,True
1723109687,20483002,1895606744117125655501276535039,63502,37,600,600,0,True
1723109699,20483003,1895606744117125655501276535039,63502,37,600,600,0,True
1723109711,20483004,1895606744117125655501276535039,63502,37,600,600,0,True
1723109723,20483005,1895606744117125655501276535039,63502,37,600,600,0,True
1723109735,20483006,1895606744117125655501276535039,63502,37,600,600,0,True
1723109747,20483007,1895606744117125655501276535039,63502,37,600,600,0,True
1723109759,20483008,1895606744117125655501276535039,63502,37,600,600,0,True
1723109771,20483009,1895606744117125655501276535039,63502,37,600,600,0,True
1723109783,20483010,1895606744117125655501276535039,63502,37,600,600,0,True
1723109795,20483011,1895606744117125655501276535039,63502,37,600,600,0,True
1723109807,20483012,1895606744117125655501276535039,63502,37,600,600,0,True
1723109819,20483013,1895606744117125655501276535039,63502,37,600,600,0,True
1723109831,20483014,1895606744117125655501276535039,63502,37,600,600,0,True
1723109843,20483015,1895606744117125655501276535039,63502,37,600,600,0,True
1723109855,20483016,1895606744117125655501276535039,63502,37,600,600,0,True
1723109867,20483017,1895606744117125655501276535039,63502,37,600,600,0,True
1723109879,20483018,1895606744117125655501276535039,63502,37,600,600,0,True
1723109891,20483019,1895606744117125655501276535039,63502,37,600,600,0,True
1723109903,20483020,1895606744117125655501276535039,63502,37,600,600,0,True
1723109915,20483021,1895606744117125655501276535039,63502,37,600,600,0,True
1723109927,20483022,1895606744117125655501276535039,63502,37,600,600,0,True
1723109951,20483023,1895606744117125655501276535039,63502,37,600,600,0,True
1723109963,20483024,1895606744117125655501276535039,63502,37,600,600,0,True
1723109975,20483025,1895606744117125655501276535039,63502,37,600,600,0,True
1723109987,20483026,1895606744117125655501276535039,63502,37,600,600,0,True
1723109999,20483027,1895606744117125655501276535039,63502,37,600,600,0,True
1723110011,20483028,1895606744117125655501276535039,63502,37,600,600,0,True
1723110023,20483029,1895606744117125655501276535039,63502,37,600,600,0,True
1723110035,20483030,1895606744117125655501276535039,63502,37,600,600,0,True
1723110047,20483031,1895606744117125655501276535039,63502,37,600,600,0,True
1723110059,20483032,1895606744117125655501276535039,63502,37,600,600,0,True
1723110071,20483033,1895606744117125655501276535039,63502,37,600,600,0,True
1723110083,20483034,1895606744117125655501276535039,63502,37,600,600,0,True
1723110095,20483035,1895606744117125655501276535039,63502,37,600,600,0,True
1723110107,20483036,1895606744117125655501276535039,63502,37,600,600,0,True
1723110119,20483037,1895606744117125655501276535039,63502,37,600,600,0,True
1723110131,20483038,1895606744117125655501276535039,63502,37,600,600,0,True
1723110143,20483039,1895606744117125655501276535039,63502,37,600,600,0,True
1723110155,20483040,1895606744117125655501276535039,63502,37,600,600,0,True
1723110167,20483041,1895606744117125655501276535039,63502,37,600,600,0,True
1723110179,20483042,1895606744117125655501276535039,63502,37,600,600,0,True
1723110191,20483043,1895606744117125655501276535039,63502,37,600,600,0,True
1723110203,20483044,1895606744117125655501276535039,63502,37,600,600,0,True
1723110215,20483045,1895606744117125655501276535039,63502,37,600,600,0,True
1723110227,20483046,1895606744117125655501276535039,63502,37,600,600,0,True
1723110239,20483047,1895606744117125655501276535039,63502,37,600,600,0,True
1723110251,20483048,1895606744117125655501276535039,63502,37,600,600,0,True
1723110263,20483049,1895606744117125655501276535039,63502,37,600,600,0,True
1723110275,20483050,1895606744117125655501276535039,63502,37,600,600,0,True
1723110287,20483051,1895606744117125655501276535039,63502,37,600,600,0,True
1723110299,20483052,1895606744117125655501276535039,63502,37,600,600,0,True
1723110311,20483053,1895606744117125655501276535039,63502,37,600,600,0,True
1723110323,20483054,1895606744117125655501276535039,63502,37,600,600,0,True
1723110335,20483055,1895606744117125655501276535039,63502,37,600,600,0,True
1723110347,20483056,1895606744117125655501276535039,63502,37,600,600,0,True
1723110359,20483057,1895606744117125655501276535039,63502,37,600,600,0,True
1723110371,20483058,1895606744117125655501276535039,63502,37,600,600,0,True
1723110383,20483059,1895606744117125655501276535039,63502,37,600,600,0,True
1723110395,20483060,1895606744117125655501276535039,63502,37,600,600,0,True
1723110407,20483061,1895606744117125655501276535039,63502,37,600,600,0,True
1723110419,20483062,1895606744117125655501276535039,63502,37,600,600,0,True
1723110431,20483063,1895606744117125655501276535039,63502,37,600,600,0,True
1723110443,20483064,1895606744117125655501276535039,63502,37,600,600,0,True
1723110455,20483065,1895606744117125655501276535039,63502,37,600,600,0,True
1723110467,20483066,1895606744117125655501276535039,63502,37,600,600,0,True
1723110479,20483067,1895606744117125655501276535039,63502,37,600,600,0,True
1723110491,20483068,1895606744117125655501276535039,63502,37,600,600,0,True
1723110503,20483069,1895606744117125655501276535039,63502,37,600,600,0,True
1723110515,20483070,1895606744117125655501276535039,63502,37,600,600,0,True
1723110527,20483071,1895606744117125655501276535039,63502,37,600,600,0,True
1723110539,20483072,1895606744117125655501276535039,63502,37,600,600,0,True
1723110551,20483073,1895606744117125655501276535039,63502,37,600,600,0,True
1723110563,20483074,1895606744117125655501276535039,63502,37,600,600,0,True
1723110575,20483075,1895606744117125655501276535039,63502,37,600,600,0,True
1723110587,20483076,1895606744117125655501276535039,63502,37,600,600,0,True
1723110599,20483077,1895606744117125655501276535039,63502,37,600,600,0,True
1723110611,20483078,1895606744117125655501276535039,63502,37,600,600,0,True
1723110623,20483079,1895606744117125655501276535039,63502,37,600,600,0,True
1723110635,20483080,1895606744117125655501276535039,63502,37,600,600,0,True
1723110647,20483081,1896821579915352710145517387936,63515,38,600,600,0,True
1723110659,20483082,1896821579915352710145517387936,63515,38,600,600,0,True
1723110671,20483083,1896821579915352710145517387936,63515,38,600,600,0,True
1723110683,20483084,1896821579915352710145517387936,63515,38,600,600,0,True
1723110695,20483085,1896821579915352710145517387936,63515,38,600,600,0,True
1723110707,20483086,1896821579915352710145517387936,63515,38,600,600,0,True
1723110719,20483087,1896821579915352710145517387936,63515,38,600,600,0,True
1723110731,20483088,1896821579915352710145517387936,63515,38,600,600,0,True
1723110743,20483089,1896821579915352710145517387936,63515,38,600,600,0,True
1723110755,20483090,1896821579915352710145517387936,63515,38,600,600,0,True
1723110767,20483091,1896821579915352710145517387936,63515,38,600,600,0,True
1723110779,20483092,1896821579915352710145517387936,63515,38,600,600,0,True
1723110791,20483093,1896821579915352710145517387936,63515,38,600,600,0,True
1723110803,20483094,1896821579915352710145517387936,63515,38,600,600,0,True
1723110815,20483095,1896821579915352710145517387936,63515,38,600,600,0,True
1723110827,20483096,1896821579915352710145517387936,63515,38,600,600,0,True
1723110839,20483097,1896821579915352710145517387936,63515,38,600,600,0,True
1723110851,20483098,1896821579915352710145517387936,63515,38,600,600,0,True
1723110863,20483099,1896821579915352710145517387936,63515,38,600,600,0,True
1723110875,20483100,1896821579915352710145517387936,63515,38,600,600,0,True
1723110887,20483101,1896821579915352710145517387936,63515,38,600,600,0,True
1723110899,20483102,1896821579915352710145517387936,63515,38,600,600,0,True
1723110911,20483103,1896821579915352710145517387936,63515,38,600,600,0,True
1723110923,20483104,1896821579915352710145517387936,63515,38,600,600,0,True
1723110935,20483105,1896821579915352710145517387936,63515,38,600,600,0,True
1723110947,20483106,1896821579915352710145517387936,63515,38,600,600,0,True
1723110959,20483107,1896821579915352710145517387936,63515,38,600,600,0,True
1723110971,20483108,1896821579915352710145517387936,63515,38,600,600,0,True
1723110983,20483109,1896821579915352710145517387936,63515,38,600,600,0,True
1723110995,20483110,1896821579915352710145517387936,63515,38,600,600,0,True
1723111007,20483111,1896821579915352710145517387936,63515,38,600,600,0,True
1723111019,20483112,1896821579915352710145517387936,63515,38,600,600,0,True
1723111031,20483113,1896821579915352710145517387936,63515,38,600,600,0,True
1723111043,20483114,1896821579915352710145517387936,63515,38,600,600,0,True
1723111055,20483115,1896821579915352710145517387936,63515,38,600,600,0,True
1723111067,20483116,1896821579915352710145517387936,63515,38,600,600,0,True
1723111079,20483117,1896821579915352710145517387936,63515,38,600,600,0,True
1723111091,20483118,1896821579915352710145517387936,63515,38,600,600,0,True
1723111103,20483119,1896821579915352710145517387936,63515,38,600,600,0,True
1723111115,20483120,1896821579915352710145517387936,63515,38,600,600,0,True
1723111127,20483121,1896821579915352710145517387936,63515,38,600,600,0,True
1723111139,20483122,1896821579915352710145517387936,63515,38,600,600,0,True
1723111151,20483123,1896821579915352710145517387936,63515,38,600,600,0,True
1723111163,20483124,1896821579915352710145517387936,63515,38,600,600,0,True
1723111175,20483125,1896821579915352710145517387936,63515,38,600,600,0,True
1723111187,20483126,1896821579915352710145517387936,63515,38,600,600,0,True
1723111199,20483127,1896821579915352710145517387936,63515,38,600,600,0,True
1723111211,20483128,1896821579915352710145517387936,63515,38,600,600,0,True
1723111223,20483129,1896821579915352710145517387936,63515,38,600,600,0,True
1723111235,20483130,1896821579915352710145517387936,63515,38,600,600,0,True
1723111247,20483131,1896821579915352710145517387936,63515,38,600,600,0,True
1723111259,20483132,1896821579915352710145517387936,63515,38,600,600,0,True
1723111271,20483133,1896821579915352710145517387936,63515,38,600,600,0,True
1723111283,20483134,1896821579915352710145517387936,63515,38,600,600,0,True
1723111295,20483135,1896821579915352710145517387936,63515,38,600,600,0,True
1723111307,20483136,1896821579915352710145517387936,63515,38,600,600,0,True
1723111319,20483137,1896821579915352710145517387936,63515,38,600,600,0,True
1723111331,20483138,1896821579915352710145517387936,63515,38,600,600,0,True
1723111343,20483139,1896821579915352710145517387936,63515,38,600,600,0,True
1723111355,20483140,1896821579915352710145517387936,63515,38,600,600,0,True
1723111367,20483141,1896821579915352710145517387936,63515,38,600,600,0,True
1723111379,20483142,1896821579915352710145517387936,63515,38,600,600,0,True
1723111391,20483143,1896821579915352710145517387936,63515,38,600,600,0,True
1723111403,20483144,1896821579915352710145517387936,63515,38,600,600,0,True
1723111415,20483145,1896821579915352710145517387936,63515,38,600,600,0,True
1723111427,20483146,1896821579915352710145517387936,63515,38,600,600,0,True
1723111439,20483147,1896821579915352710145517387936,63515,38,600,600,0,True
1723111451,20483148,1896821579915352710145517387936,63515,38,600,600,0,True
1723111463,20483149,1896821579915352710145517387936,63515,38,600,600,0,True
1723111475,20483150,1896821579915352710145517387936,63515,38,600,600,0,True
1723111487,20483151,1896821579915352710145517387936,63515,38,600,600,0,True
1723111499,20483152,1896821579915352710145517387936,63515,38,600,600,0,True
1723111511,20483153,1896821579915352710145517387936,63515,38,600,600,0,True
1723111523,20483154,1896821579915352710145517387936,63515,38,600,600,0,True
1723111535,20483155,1896821579915352710145517387936,63515,38,600,600,0,True
1723111547,20483156,1896821579915352710145517387936,63515,38,600,600,0,True
1723111559,20483157,1896821579915352710145517387936,63515,38,600,600,0,True
1723111571,20483158,1896821579915352710145517387936,63515,38,600,600,0,True
1723111583,20483159,1896821579915352710145517387936,63515,38,600,600,0,True
1723111595,20483160,1896821579915352710145517387936,63515,38,600,600,0,True
1723111607,20483161,1896821579915352710145517387936,63515,38,600,600,0,True
1723111619,20483162,1896821579915352710145517387936,63515,38,600,600,0,True
1723111631,20483163,1896821579915352710145517387936,63515,38,600,600,0,True
1723111643,20483164,1896821579915352710145517387936,63515,38,600,600,0,True
1723111655,20483165,1896821579915352710145517387936,63515,38,600,600,0,True
1723111667,20483166,1896821579915352710145517387936,63515,38,600,600,0,True
1723111679,20483167,1896821579915352710145517387936,63515,38,600,600,0,True
1723111691,20483168,1896821579915352710145517387936,63515,38,600,600,0,True
1723111703,20483169,1896821579915352710145517387936,63515,38,600,600,0,True
1723111715,20483170,1896821579915352710145517387936,63515,38,600,600,0,True
1723111727,20483171,1896821579915352710145517387936,63515,38,600,600,0,True
1723111739,20483172,1896821579915352710145517387936,63515,38,600,600,0,True
1723111751,20483173,1896821579915352710145517387936,63515,38,600,600,0,True
1723111763,20483174,1896821579915352710145517387936,63515,38,600,600,0,True
1723111775,20483175,1896821579915352710145517387936,63515,38,600,600,0,True
1723111787,20483176,1896821579915352710145517387936,63515,38,600,600,0,True
1723111799,20483177,1896821579915352710145517387936,63515,38,600,600,0,True
1723111811,20483178,1896821579915352710145517387936,63515,38,600,600,0,True
1723111823,20483179,1896821579915352710145517387936,63515,38,600,600,0,True
1723111835,20483180,1896821579915352710145517387936,63515,38,600,600,0,True
1723111847,20483181,1896821579915352710145517387936,63515,38,600,600,0,True
1723111859,20483182,1896821579915352710145517387936,63515,38,600,600,0,True
1723111871,20483183,1896821579915352710145517387936,63515,38,600,600,0,True
1723111883,20483184,1896821579915352710145517387936,63515,38,600,600,0,True
1723111895,20483185,1896821579915352710145517387936,63515,38,600,600,0,True
1723111907,20483186,1896821579915352710145517387936,63515,38,600,600,0,True
1723111919,20483187,1896821579915352710145517387936,63515,38,600,600,0,True
1723111931,20483188,1896821579915352710145517387936,63515,38,600,600,0,True
1723111943,20483189,1896821579915352710145517387936,63515,38,600,600,0,True
1723111955,20483190,1896821579915352710145517387936,63515,38,600,600,0,True
1723111967,20483191,1896821579915352710145517387936,63515,38,600,600,0,True
1723111979,20483192,1896821579915352710145517387936,63515,38,600,600,0,True
1723111991,20483193,1896821579915352710145517387936,63515,38,600,600,0,True
1723112003,20483194,1896821579915352710145517387936,63515,38,600,600,0,True
1723112015,20483195,1896821579915352710145517387936,63515,38,600,600,0,True
1723112027,20483196,1896821579915352710145517387936,63515,38,600,600,0,True
1723112039,20483197,1896821579915352710145517387936,63515,38,600,600,0,True
1723112051,20483198,1896821579915352710145517387936,63515,38,600,600,0,True
1723112063,20483199,1896821579915352710145517387936,63515,38,600,600,0,True
1723112075,20483200,1896821579915352710145517387936,63515,38,600,600,0,True
1723112087,20483201,1896821579915352710145517387936,63515,38,600,600,0,True
1723112099,20483202,1896821579915352710145517387936,63515,38,600,600,0,True
1723112111,20483203,1896821579915352710145517387936,63515,38,600,600,0,True
1723112123,20483204,1896821579915352710145517387936,63515,38,600,600,0,True
1723112135,20483205,1896821579915352710145517387936,63515,38,600,600,0,True
1723112147,20483206,1896821579915352710145517387936,63515,38,600,600,0,True
1723112159,20483207,1896821579915352710145517387936,63515,38,600,600,0,True
1723112171,20483208,1896821579915352710145517387936,63515,38,600,600,0,True
1723112183,20483209,1896821579915352710145517387936,63515,38,600,600,0,True
1723112195,20483210,1896821579915352710145517387936,63515,38,600,600,0,True
1723112207,20483211,1896821579915352710145517387936,63515,38,600,600,0,True
1723112219,20483212,1896821579915352710145517387936,63515,38,600,600,0,True
1723112231,20483213,1896821579915352710145517387936,63515,38,600,600,0,True
1723112243,20483214,1896821579915352710145517387936,63515,38,600,600,0,True
1723112255,20483215,1896821579915352710145517387936,63515,38,600,600,0,True
1723112267,20483216,1896821579915352710145517387936,63515,38,600,600,0,True
1723112279,20483217,1896821579915352710145517387936,63515,38,600,600,0,True
1723112291,20483218,1896821579915352710145517387936,63515,38,600,600,0,True
1723112303,20483219,1896821579915352710145517387936,63515,38,600,600,0,True
1723112315,20483220,1896821579915352710145517387936,63515,38,600,600,0,True
1723112327,20483221,1896821579915352710145517387936,63515,38,600,600,0,True
1723112339,20483222,1896821579915352710145517387936,63515,38,600,600,0,True
1723112351,20483223,1896821579915352710145517387936,63515,38,600,600,0,True
1723112363,20483224,1896821579915352710145517387936,63515,38,600,600,0,True
1723112375,20483225,1896821579915352710145517387936,63515,38,600,600,0,True
1723112387,20483226,1898501422457797125641790566398,63532,39,600,600,0,True
1723112399,20483227,1898501422457797125641790566398,63532,39,600,600,0,True
1723112411,20483228,1898500908768142972735876434894,63532,39,600,600,0,True
1723112423,20483229,1898500908768142972735876434894,63532,39,600,600,0,True
1723112435,20483230,1898500908768142972735876434894,63532,39,600,600,0,True
1723112447,20483231,1898500908768142972735876434894,63532,39,600,600,0,True
1723112459,20483232,1898500908768142972735876434894,63532,39,600,600,0,True
1723112471,20483233,1898500908768142972735876434894,63532,39,600,600,0,True
1723112483,20483234,1898500908768142972735876434894,63532,39,600,600,0,True
1723112495,20483235,1898500908768142972735876434894,63532,39,600,600,0,True
1723112507,20483236,1898500908768142972735876434894,63532,39,600,600,0,True
1723112519,20483237,1898500908768142972735876434894,63532,39,600,600,0,True
1723112531,20483238,1898500908768142972735876434894,63532,39,600,600,0,True
1723112543,20483239,1898500908768142972735876434894,63532,39,600,600,0,True
1723112555,20483240,1898500908768142972735876434894,63532,39,600,600,0,True
1723112567,20483241,1898500908768142972735876434894,63532,39,600,600,0,True
1723112579,20483242,1898500908768142972735876434894,63532,39,600,600,0,True
1723112591,20483243,1898500908768142972735876434894,63532,39,600,600,0,True
1723112603,20483244,1898500908768142972735876434894,63532,39,600,600,0,True
1723112615,20483245,1898500908768142972735876434894,63532,39,600,600,0,True
1723112627,20483246,1898500908768142972735876434894,63532,39,600,600,0,True
1723112639,20483247,1898500908768142972735876434894,63532,39,600,600,0,True
1723112651,20483248,1898500908768142972735876434894,63532,39,600,600,0,True
1723112663,20483249,1898500908768142972735876434894,63532,39,600,600,0,True
1723112675,20483250,1898500908768142972735876434894,63532,39,600,600,0,True
1723112687,20483251,1898500908768142972735876434894,63532,39,600,600,0,True
1723112699,20483252,1898500908768142972735876434894,63532,39,600,600,0,True
1723112711,20483253,1898500908768142972735876434894,63532,39,600,600,0,True
1723112723,20483254,1898500908768142972735876434894,63532,39,600,600,0,True
1723112735,20483255,1898500908768142972735876434894,63532,39,600,600,0,True
1723112747,20483256,1898500908768142972735876434894,63532,39,600,600,0,True
1723112759,20483257,1898500908768142972735876434894,63532,39,600,600,0,True
1723112771,20483258,1898500908768142972735876434894,63532,39,600,600,0,True
1723112783,20483259,1898500908768142972735876434894,63532,39,600,600,0,True
1723112795,20483260,1898500908768142972735876434894,63532,39,600,600,0,True
1723112807,20483261,1898500908768142972735876434894,63532,39,600,600,0,True
1723112819,20483262,1898500908768142972735876434894,63532,39,600,600,0,True
1723112831,20483263,1898500908768142972735876434894,63532,39,600,600,0,True
1723112843,20483264,1898500908768142972735876434894,63532,39,600,600,0,True
1723112855,20483265,1898500908768142972735876434894,63532,39,600,600,0,True
1723112867,20483266,1898500908768142972735876434894,63532,39,600,600,0,True
1723112879,20483267,1898500908768142972735876434894,63532,39,600,600,0,True
1723112891,20483268,1898500908768142972735876434894,63532,39,600,600,0,True
1723112903,20483269,1898500908768142972735876434894,63532,39,600,600,0,True
1723112915,20483270,1898500908768142972735876434894,63532,39,600,600,0,True
1723112927,20483271,1898500908768142972735876434894,63532,39,600,600,0,True
1723112939,20483272,1898500908768142972735876434894,63532,39,600,600,0,True
1723112951,20483273,1898500908768142972735876434894,63532,39,600,600,0,True
1723112963,20483274,1898500908768142972735876434894,63532,39,600,600,0,True
1723112975,20483275,1898500908768142972735876434894,63532,39,600,600,0,True
1723112987,20483276,1898500908768142972735876434894,63532,39,600,600,0,True
1723112999,20483277,1898500908768142972735876434894,63532,39,600,600,0,True
1723113011,20483278,1898500908768142972735876434894,63532,39,600,600,0,True
1723113023,20483279,1898500908768142972735876434894,63532,39,600,600,0,True
1723113035,20483280,1898500908768142972735876434894,63532,39,600,600,0,True
1723113047,20483281,1898500908768142972735876434894,63532,39,600,600,0,True
1723113059,20483282,1898500908768142972735876434894,63532,39,600,600,0,True
1723113071,20483283,1898500908768142972735876434894,63532,39,600,600,0,True
1723113083,20483284,1898500908768142972735876434894,63532,39,600,600,0,True
1723113095,20483285,1898500908768142972735876434894,63532,39,600,600,0,True
1723113107,20483286,1898500908768142972735876434894,63532,39,600,600,0,True
1723113119,20483287,1898500908768142972735876434894,63532,39,600,600,0,True
1723113131,20483288,1898500908768142972735876434894,63532,39,600,600,0,True
1723113143,20483289,1898500908768142972735876434894,63532,39,600,600,0,True
1723113155,20483290,1898500908768142972735876434894,63532,39,600,600,0,True
1723113167,20483291,1898500908768142972735876434894,63532,39,600,600,0,True
1723113179,20483292,1898500908768142972735876434894,63532,39,600,600,0,True
1723113191,20483293,1898500908768142972735876434894,63532,39,600,600,0,True
1723113203,20483294,1898500908768142972735876434894,63532,39,600,600,0,True
1723113215,20483295,1898500908768142972735876434894,63532,39,600,600,0,True
1723113227,20483296,1898500908768142972735876434894,63532,39,600,600,0,True
1723113239,20483297,1898500908768142972735876434894,63532,39,600,600,0,True
1723113251,20483298,1898500908768142972735876434894,63532,39,600,600,0,True
1723113263,20483299,1898500908768142972735876434894,63532,39,600,600,0,True
1723113275,20483300,1898500908768142972735876434894,63532,39,600,600,0,True
1723113287,20483301,1898500908768142972735876434894,63532,39,600,600,0,True
1723113299,20483302,1898500908768142972735876434894,63532,39,600,600,0,True
1723113311,20483303,1898500908768142972735876434894,63532,39,600,600,0,True
1723113323,20483304,1898500908768142972735876434894,63532,39,600,600,0,True
1723113335,20483305,1898500908768142972735876434894,63532,39,600,600,0,True
1723113347,20483306,1898500908768142972735876434894,63532,39,600,600,0,True
1723113359,20483307,1898500908768142972735876434894,63532,39,600,600,0,True
1723113371,20483308,1898500908768142972735876434894,63532,39,600,600,0,True
1723113383,20483309,1898500908768142972735876434894,63532,39,600,600,0,True
1723113395,20483310,1898500908768142972735876434894,63532,39,600,600,0,True
1723113407,20483311,1898500908768142972735876434894,63532,39,600,600,0,True
1723113419,20483312,1898500908768142972735876434894,63532,39,600,600,0,True
1723113431,20483313,1898683862143377364117776613105,63534,40,600,600,0,True
1723113443,20483314,1898683862143377364117776613105,63534,40,600,600,0,True
1723113455,20483315,1898683862143377364117776613105,63534,40,600,600,0,True
1723113467,20483316,1898683862143377364117776613105,63534,40,600,600,0,True
1723113479,20483317,1898683862143377364117776613105,63534,40,600,600,0,True
1723113491,20483318,1898683862143377364117776613105,63534,40,600,600,0,True
1723113503,20483319,1898683862143377364117776613105,63534,40,600,600,0,True
1723113515,20483320,1898683862143377364117776613105,63534,40,600,600,0,True
1723113527,20483321,1898683862143377364117776613105,63534,40,600,600,0,True
1723113539,20483322,1898683862143377364117776613105,63534,40,600,600,0,True
1723113551,20483323,1898683862143377364117776613105,63534,40,600,600,0,True
1723113563,20483324,1898683862143377364117776613105,63534,40,600,600,0,True
1723113575,20483325,1898683862143377364117776613105,63534,40,600,600,0,True
1723113587,20483326,1898683862143377364117776613105,63534,40,600,600,0,True
1723113599,20483327,1898683862143377364117776613105,63534,40,600,600,0,True
1723113611,20483328,1898683862143377364117776613105,63534,40,600,600,0,True
1723113623,20483329,1898683862143377364117776613105,63534,40,600,600,0,True
1723113635,20483330,1898683862143377364117776613105,63534,40,600,600,0,True
1723113647,20483331,1898683862143377364117776613105,63534,40,600,600,0,True
1723113659,20483332,1898683862143377364117776613105,63534,40,600,600,0,True
1723113671,20483333,1898683862143377364117776613105,63534,40,600,600,0,True
1723113683,20483334,1898683862143377364117776613105,63534,40,600,600,0,True
1723113695,20483335,1898683862143377364117776613105,63534,40,600,600,0,True
1723113707,20483336,1898683862143377364117776613105,63534,40,600,600,0,True
1723113719,20483337,1898683862143377364117776613105,63534,40,600,600,0,True
1723113731,20483338,1898683862143377364117776613105,63534,40,600,600,0,True
1723113743,20483339,1898683862143377364117776613105,63534,40,600,600,0,True
1723113755,20483340,1898683862143377364117776613105,63534,40,600,600,0,True
1723113767,20483341,1898683862143377364117776613105,63534,40,600,600,0,True
1723113779,20483342,1898683862143377364117776613105,63534,40,600,600,0,True
1723113791,20483343,1898683862143377364117776613105,63534,40,600,600,0,True
1723113803,20483344,1898683862143377364117776613105,63534,40,600,600,0,True
1723113815,20483345,1898683862143377364117776613105,63534,40,600,600,0,True
1723113827,20483346,1898683862143377364117776613105,63534,40,600,600,0,True
1723113839,20483347,1898683862143377364117776613105,63534,40,600,600,0,True
1723113851,20483348,1898683862143377364117776613105,63534,40,600,600,0,True
1723113863,20483349,1898683862143377364117776613105,63534,40,600,600,0,True
1723113875,20483350,1898683862143377364117776613105,63534,40,600,600,0,True
1723113887,20483351,1898683862143377364117776613105,63534,40,600,600,0,True
1723113899,20483352,1898683862143377364117776613105,63534,40,600,600,0,True
1723113911,20483353,1898683862143377364117776613105,63534,40,600,600,0,True
1723113923,20483354,1898683862143377364117776613105,63534,40,600,600,0,True
1723113935,20483355,1898683862143377364117776613105,63534,40,600,600,0,True
1723113947,20483356,1898683862143377364117776613105,63534,40,600,600,0,True
1723113959,20483357,1898683862143377364117776613105,63534,40,600,600,0,True
1723113971,20483358,1898683862143377364117776613105,63534,40,600,600,0,True
1723113983,20483359,1898683862143377364117776613105,63534,40,600,600,0,True
1723113995,20483360,1898683862143377364117776613105,63534,40,600,600,0,True
1723114007,20483361,1898683862143377364117776613105,63534,40,600,600,0,True
1723114019,20483362,1898683862143377364117776613105,63534,40,600,600,0,True
1723114031,20483363,1898683862143377364117776613105,63534,40,600,600,0,True
1723114043,20483364,1898683862143377364117776613105,63534,40,600,600,0,True
1723114055,20483365,1898683862143377364117776613105,63534,40,600,600,0,True
1723114067,20483366,1898683862143377364117776613105,63534,40,600,600,0,True
1723114079,20483367,1898683862143377364117776613105,63534,40,600,600,0,True
1723114091,20483368,1898683862143377364117776613105,63534,40,600,600,0,True
1723114103,20483369,1898683862143377364117776613105,63534,40,600,600,0,True
1723114115,20483370,1898683862143377364117776613105,63534,40,600,600,0,True
1723114127,20483371,1898683862143377364117776613105,63534,40,600,600,0,True
1723114139,20483372,1898683862143377364117776613105,63534,40,600,600,0,True
1723114151,20483373,1898683862143377364117776613105,63534,40,600,600,0,True
1723114163,20483374,1898683862143377364117776613105,63534,40,600,600,0,True
1723114175,20483375,1898683862143377364117776613105,63534,40,600,600,0,True
1723114187,20483376,1898683862143377364117776613105,63534,40,600,600,0,True
1723114199,20483377,1898683862143377364117776613105,63534,40,600,600,0,True
1723114211,20483378,1898683862143377364117776613105,63534,40,600,600,0,True
1723114223,20483379,1898683862143377364117776613105,63534,40,600,600,0,True
1723114235,20483380,1898683862143377364117776613105,63534,40,600,600,0,True
1723114247,20483381,1898683862143377364117776613105,63534,40,600,600,0,True
1723114259,20483382,1898683862143377364117776613105,63534,40,600,600,0,True
1723114283,20483383,1898683862143377364117776613105,63534,40,600,600,0,True
1723114295,20483384,1898683862143377364117776613105,63534,40,600,600,0,True
1723114307,20483385,1898683862143377364117776613105,63534,40,600,600,0,True
1723114319,20483386,1898683862143377364117776613105,63534,40,600,600,0,True
1723114331,20483387,1898683862143377364117776613105,63534,40,600,600,0,True
1723114343,20483388,1898683862143377364117776613105,63534,40,600,600,0,True
1723114355,20483389,1898683862143377364117776613105,63534,40,600,600,0,True
1723114367,20483390,1898683862143377364117776613105,63534,40,600,600,0,True
1723114379,20483391,1898683862143377364117776613105,63534,40,600,600,0,True
1723114391,20483392,1898683862143377364117776613105,63534,40,600,600,0,True
1723114403,20483393,1898683862143377364117776613105,63534,40,600,600,0,True
1723114415,20483394,1898683862143377364117776613105,63534,40,600,600,0,True
1723114427,20483395,1898683862143377364117776613105,63534,40,600,600,0,True
1723114439,20483396,1898683862143377364117776613105,63534,40,600,600,0,True
1723114451,20483397,1898683862143377364117776613105,63534,40,600,600,0,True
1723114463,20483398,1898683862143377364117776613105,63534,40,600,600,0,True
1723114475,20483399,1898683862143377364117776613105,63534,40,600,600,0,True
1723114487,20483400,1898683862143377364117776613105,63534,40,600,600,0,True
1723114499,20483401,1898683862143377364117776613105,63534,40,600,600,0,True
1723114511,20483402,1898683862143377364117776613105,63534,40,600,600,0,True
1723114523,20483403,1898683862143377364117776613105,63534,40,600,600,0,True
1723114535,20483404,1898683862143377364117776613105,63534,40,600,600,0,True
1723114547,20483405,1898683862143377364117776613105,63534,40,600,600,0,True
1723114559,20483406,1898683862143377364117776613105,63534,40,600,600,0,True
1723114571,20483407,1898683862143377364117776613105,63534,40,600,600,0,True
1723114583,20483408,1898683862143377364117776613105,63534,40,600,600,0,True
1723114595,20483409,1898683862143377364117776613105,63534,40,600,600,0,True
1723114607,20483410,1898683862143377364117776613105,63534,40,600,600,0,True
1723114619,20483411,1898683862143377364117776613105,63534,40,600,600,0,True
1723114631,20483412,1898683862143377364117776613105,63534,40,600,600,0,True
1723114643,20483413,1898683862143377364117776613105,63534,40,600,600,0,True
1723114655,20483414,1898683862143377364117776613105,63534,40,600,600,0,True
1723114667,20483415,1898683862143377364117776613105,63534,40,600,600,0,True
1723114679,20483416,1898683862143377364117776613105,63534,40,600,600,0,True
1723114691,20483417,1898683862143377364117776613105,63534,40,600,600,0,True
1723114703,20483418,1898683862143377364117776613105,63534,40,600,600,0,True
1723114715,20483419,1898683862143377364117776613105,63534,40,600,600,0,True
1723114727,20483420,1898683862143377364117776613105,63534,40,600,600,0,True
1723114739,20483421,1898683862143377364117776613105,63534,40,600,600,0,True
1723114751,20483422,1898683862143377364117776613105,63534,40,600,600,0,True
1723114763,20483423,1898683862143377364117776613105,63534,40,600,600,0,True
1723114775,20483424,1898683862143377364117776613105,63534,40,600,600,0,True
1723114787,20483425,1898683862143377364117776613105,63534,40,600,600,0,True
1723114799,20483426,1898683862143377364117776613105,63534,40,600,600,0,True
1723114811,20483427,1898683862143377364117776613105,63534,40,600,600,0,True
1723114823,20483428,1898683862143377364117776613105,63534,40,600,600,0,True
1723114835,20483429,1898683862143377364117776613105,63534,40,600,600,0,True
1723114847,20483430,1898683862143377364117776613105,63534,40,600,600,0,True
1723114859,20483431,1898683862143377364117776613105,63534,40,600,600,0,True
1723114871,20483432,1898683862143377364117776613105,63534,40,600,600,0,True
1723114883,20483433,1898683862143377364117776613105,63534,40,600,600,0,True
1723114895,20483434,1898683862143377364117776613105,63534,40,600,600,0,True
1723114907,20483435,1898683862143377364117776613105,63534,40,600,600,0,True
1723114919,20483436,1898683862143377364117776613105,63534,40,600,600,0,True
1723114931,20483437,1898683862143377364117776613105,63534,40,600,600,0,True
1723114943,20483438,1898683862143377364117776613105,63534,40,600,600,0,True
1723114955,20483439,1898683862143377364117776613105,63534,40,600,600,0,True
1723114967,20483440,1898683862143377364117776613105,63534,40,600,600,0,True
1723114979,20483441,1898683862143377364117776613105,63534,40,600,600,0,True
1723114991,20483442,1898683862143377364117776613105,63534,40,600,600,0,True
1723115003,20483443,1898683862143377364117776613105,63534,40,600,600,0,True
1723115015,20483444,1898683862143377364117776613105,63534,40,600,600,0,True
1723115027,20483445,1898683862143377364117776613105,63534,40,600,600,0,True
1723115039,20483446,1898683862143377364117776613105,63534,40,600,600,0,True
1723115051,20483447,1898683862143377364117776613105,63534,40,600,600,0,True
1723115063,20483448,1898683862143377364117776613105,63534,40,600,600,0,True
1723115075,20483449,1898683862143377364117776613105,63534,40,600,600,0,True
1723115087,20483450,1898683862143377364117776613105,63534,40,600,600,0,True
1723115099,20483451,1898683862143377364117776613105,63534,40,600,600,0,True
1723115111,20483452,1898683862143377364117776613105,63534,40,600,600,0,True
1723115123,20483453,1898683862143377364117776613105,63534,40,600,600,0,True
1723115135,20483454,1898683862143377364117776613105,63534,40,600,600,0,True
1723115147,20483455,1898683862143377364117776613105,63534,40,600,600,0,True
1723115159,20483456,1898683862143377364117776613105,63534,40,600,600,0,True
1723115171,20483457,1898683862143377364117776613105,63534,40,600,600,0,True
1723115183,20483458,1898683862143377364117776613105,63534,40,600,600,0,True
1723115195,20483459,1898683862143377364117776613105,63534,40,600,600,0,True
1723115207,20483460,1898683862143377364117776613105,63534,40,600,600,0,True
1723115219,20483461,1898683862143377364117776613105,63534,40,600,600,0,True
1723115231,20483462,1898683862143377364117776613105,63534,40,600,600,0,True
1723115243,20483463,1898683862143377364117776613105,63534,40,600,600,0,True
1723115255,20483464,1898683862143377364117776613105,63534,40,600,600,0,True
1723115267,20483465,1898683862143377364117776613105,63534,40,600,600,0,True
1723115279,20483466,1898683862143377364117776613105,63534,40,600,600,0,True
1723115291,20483467,1898683862143377364117776613105,63534,40,600,600,0,True
1723115303,20483468,1898683862143377364117776613105,63534,40,600,600,0,True
1723115315,20483469,1898683862143377364117776613105,63534,40,600,600,0,True
1723115327,20483470,1898683862143377364117776613105,63534,40,600,600,0,True
1723115339,20483471,1898683862143377364117776613105,63534,40,600,600,0,True
1723115351,20483472,1898683862143377364117776613105,63534,40,600,600,0,True
1723115363,20483473,1898683862143377364117776613105,63534,40,600,600,0,True
1723115375,20483474,1898683862143377364117776613105,63534,40,600,600,0,True
1723115387,20483475,1898683862143377364117776613105,63534,40,600,600,0,True
1723115399,20483476,1898683862143377364117776613105,63534,40,600,600,0,True
1723115411,20483477,1898683862143377364117776613105,63534,40,600,600,0,True
1723115423,20483478,1898683862143377364117776613105,63534,40,600,600,0,True
1723115435,20483479,1898683862143377364117776613105,63534,40,600,600,0,True
1723115447,20483480,1898683862143377364117776613105,63534,40,600,600,0,True
1723115459,20483481,1898683862143377364117776613105,63534,40,600,600,0,True
1723115471,20483482,1898683862143377364117776613105,63534,40,600,600,0,True
1723115483,20483483,1898683862143377364117776613105,63534,40,600,600,0,True
1723115495,20483484,1898683862143377364117776613105,63534,40,600,600,0,True
1723115507,20483485,1898683862143377364117776613105,63534,40,600,600,0,True
1723115519,20483486,1898683862143377364117776613105,63534,40,600,600,0,True
1723115531,20483487,1898683862143377364117776613105,63534,40,600,600,0,True
1723115543,20483488,1898683862143377364117776613105,63534,40,600,600,0,True
1723115555,20483489,1898683862143377364117776613105,63534,40,600,600,0,True
1723115567,20483490,1898683862143377364117776613105,63534,40,600,600,0,True
1723115579,20483491,1898683862143377364117776613105,63534,40,600,600,0,True
1723115591,20483492,1898683862143377364117776613105,63534,40,600,600,0,True
1723115603,20483493,1898683862143377364117776613105,63534,40,600,600,0,True
1723115615,20483494,1898683862143377364117776613105,63534,40,600,600,0,True
1723115627,20483495,1898683862143377364117776613105,63534,40,600,600,0,True
1723115639,20483496,1898683862143377364117776613105,63534,40,600,600,0,True
1723115651,20483497,1898683862143377364117776613105,63534,40,600,600,0,True
1723115663,20483498,1898683862143377364117776613105,63534,40,600,600,0,True
1723115675,20483499,1898683862143377364117776613105,63534,40,600,600,0,True
1723115687,20483500,1898683862143377364117776613105,63534,40,600,600,0,True
1723115699,20483501,1898683862143377364117776613105,63534,40,600,600,0,True
1723115711,20483502,1898683862143377364117776613105,63534,40,600,600,0,True
1723115723,20483503,1898683862143377364117776613105,63534,40,600,600,0,True
1723115735,20483504,1898683862143377364117776613105,63534,40,600,600,0,True
1723115747,20483505,1898683862143377364117776613105,63534,40,600,600,0,True
1723115759,20483506,1898683862143377364117776613105,63534,40,600,600,0,True
1723115771,20483507,1898683862143377364117776613105,63534,40,600,600,0,True
1723115783,20483508,1898683862143377364117776613105,63534,40,600,600,0,True
1723115795,20483509,1898683862143377364117776613105,63534,40,600,600,0,True
1723115807,20483510,1898683862143377364117776613105,63534,40,600,600,0,True
1723115819,20483511,1898683862143377364117776613105,63534,40,600,600,0,True
1723115831,20483512,1898683862143377364117776613105,63534,40,600,600,0,True
1723115843,20483513,1898683862143377364117776613105,63534,40,600,600,0,True
1723115855,20483514,1898683862143377364117776613105,63534,40,600,600,0,True
1723115867,20483515,1898683862143377364117776613105,63534,40,600,600,0,True
1723115879,20483516,1898683862143377364117776613105,63534,40,600,600,0,True
1723115891,20483517,1898683862143377364117776613105,63534,40,600,600,0,True
1723115903,20483518,1898683862143377364117776613105,63534,40,600,600,0,True
1723115915,20483519,1898683862143377364117776613105,63534,40,600,600,0,True
1723115927,20483520,1898683862143377364117776613105,63534,40,600,600,0,True
1723115939,20483521,1898683862143377364117776613105,63534,40,600,600,0,True
1723115951,20483522,1898683862143377364117776613105,63534,40,600,600,0,True
1723115963,20483523,1898683862143377364117776613105,63534,40,600,600,0,True
1723115975,20483524,1898683862143377364117776613105,63534,40,600,600,0,True
1723115987,20483525,1898683862143377364117776613105,63534,40,600,600,0,True
1723115999,20483526,1898683862143377364117776613105,63534,40,600,600,0,True
1723116011,20483527,1898683862143377364117776613105,63534,40,600,600,0,True
1723116023,20483528,1898683862143377364117776613105,63534,40,600,600,0,True
1723116035,20483529,1898683862143377364117776613105,63534,40,600,600,0,True
1723116047,20483530,1898683862143377364117776613105,63534,40,600,600,0,True
1723116059,20483531,1898683862143377364117776613105,63534,40,600,600,0,True
1723116071,20483532,1898683862143377364117776613105,63534,40,600,600,0,True
1723116083,20483533,1898683862143377364117776613105,63534,40,600,600,0,True
1723116095,20483534,1898683862143377364117776613105,63534,40,600,600,0,True
1723116107,20483535,1898683862143377364117776613105,63534,40,600,600,0,True
1723116119,20483536,1898683862143377364117776613105,63534,40,600,600,0,True
1723116131,20483537,1898683862143377364117776613105,63534,40,600,600,0,True
1723116143,20483538,1898683862143377364117776613105,63534,40,600,600,0,True
1723116155,20483539,1898683862143377364117776613105,63534,40,600,600,0,True
1723116167,20483540,1898683862143377364117776613105,63534,40,600,600,0,True
1723116179,20483541,1898683862143377364117776613105,63534,40,600,600,0,True
1723116191,20483542,1898683862143377364117776613105,63534,40,600,600,0,True
1723116203,20483543,1898683862143377364117776613105,63534,40,600,600,0,True
1723116215,20483544,1898683862143377364117776613105,63534,40,600,600,0,True
1723116227,20483545,1898683862143377364117776613105,63534,40,600,600,0,True
1723116239,20483546,1898683862143377364117776613105,63534,40,600,600,0,True
1723116251,20483547,1898683862143377364117776613105,63534,40,600,600,0,True
1723116263,20483548,1898683862143377364117776613105,63534,40,600,600,0,True
1723116275,20483549,1898683862143377364117776613105,63534,40,600,600,0,True
1723116287,20483550,1898683862143377364117776613105,63534,40,600,600,0,True
1723116299,20483551,1898683862143377364117776613105,63534,40,600,600,0,True
1723116311,20483552,1898683862143377364117776613105,63534,40,600,600,0,True
1723116323,20483553,1898683862143377364117776613105,63534,40,600,600,0,True
1723116335,20483554,1898683862143377364117776613105,63534,40,600,600,0,True
1723116347,20483555,1898683862143377364117776613105,63534,40,600,600,0,True
1723116359,20483556,1898683862143377364117776613105,63534,40,600,600,0,True
1723116371,20483557,1898683862143377364117776613105,63534,40,600,600,0,True
1723116383,20483558,1898683862143377364117776613105,63534,40,600,600,0,True
1723116395,20483559,1898683862143377364117776613105,63534,40,600,600,0,True
1723116407,20483560,1898683862143377364117776613105,63534,40,600,600,0,True
1723116419,20483561,1898683862143377364117776613105,63534,40,600,600,0,True
1723116431,20483562,1898683862143377364117776613105,63534,40,600,600,0,True
1723116443,20483563,1898683862143377364117776613105,63534,40,600,600,0,True
1723116455,20483564,1898683862143377364117776613105,63534,40,600,600,0,True
1723116467,20483565,1898683862143377364117776613105,63534,40,600,600,0,True
1723116479,20483566,1898683862143377364117776613105,63534,40,600,600,0,True
1723116491,20483567,1898683862143377364117776613105,63534,40,600,600,0,True
1723116503,20483568,1898683862143377364117776613105,63534,40,600,600,0,True
1723116515,20483569,1898683862143377364117776613105,63534,40,600,600,0,True
1723116527,20483570,1898683862143377364117776613105,63534,40,600,600,0,True
1723116539,20483571,1898683862143377364117776613105,63534,40,600,600,0,True
1723116551,20483572,1898683862143377364117776613105,63534,40,600,600,0,True
1723116563,20483573,1898683862143377364117776613105,63534,40,600,600,0,True
1723116575,20483574,1898683862143377364117776613105,63534,40,600,600,0,True
1723116587,20483575,1898683862143377364117776613105,63534,40,600,600,0,True
1723116599,20483576,1898683862143377364117776613105,63534,40,600,600,0,True
1723116611,20483577,1898683862143377364117776613105,63534,40,600,600,0,True
1723116623,20483578,1898683862143377364117776613105,63534,40,600,600,0,True
1723116635,20483579,1898683862143377364117776613105,63534,40,600,600,0,True
1723116647,20483580,1898683862143377364117776613105,63534,40,600,600,0,True
1723116659,20483581,1898683862143377364117776613105,63534,40,600,600,0,True
1723116671,20483582,1898683862143377364117776613105,63534,40,600,600,0,True
1723116683,20483583,1898683862143377364117776613105,63534,40,600,600,0,True
1723116695,20483584,1898683862143377364117776613105,63534,40,600,600,0,True
1723116707,20483585,1898683862143377364117776613105,63534,40,600,600,0,True
1723116719,20483586,1898683862143377364117776613105,63534,40,600,600,0,True
1723116731,20483587,1898683862143377364117776613105,63534,40,600,600,0,True
1723116743,20483588,1898683862143377364117776613105,63534,40,600,600,0,True
1723116755,20483589,1898683862143377364117776613105,63534,40,600,600,0,True
1723116767,20483590,1898683862143377364117776613105,63534,40,600,600,0,True
1723116779,20483591,1898683862143377364117776613105,63534,40,600,600,0,True
1723116791,20483592,1898683862143377364117776613105,63534,40,600,600,0,True
1723116803,20483593,1898683862143377364117776613105,63534,40,600,600,0,True
1723116815,20483594,1898683862143377364117776613105,63534,40,600,600,0,True
1723116827,20483595,1898683862143377364117776613105,63534,40,600,600,0,True
1723116839,20483596,1898683862143377364117776613105,63534,40,600,600,0,True
1723116851,20483597,1898683862143377364117776613105,63534,40,600,600,0,True
1723116863,20483598,1898683862143377364117776613105,63534,40,600,600,0,True
1723116875,20483599,1898683862143377364117776613105,63534,40,600,600,0,True
1723116887,20483600,1898683862143377364117776613105,63534,40,600,600,0,True
1723116899,20483601,1898683862143377364117776613105,63534,40,600,600,0,True
1723116911,20483602,1898683862143377364117776613105,63534,40,600,600,0,True
1723116923,20483603,1898683862143377364117776613105,63534,40,600,600,0,True
1723116935,20483604,1898683862143377364117776613105,63534,40,600,600,0,True
1723116947,20483605,1899258361996552097805742531205,63540,41,600,600,0,True
1723116959,20483606,1899258361996552097805742531205,63540,41,600,600,0,True
1723116971,20483607,1899258361996552097805742531205,63540,41,600,600,0,True
1723116983,20483608,1899258361996552097805742531205,63540,41,600,600,0,True
1723116995,20483609,1899258361996552097805742531205,63540,41,600,600,0,True
1723117007,20483610,1899258361996552097805742531205,63540,41,600,600,0,True
1723117019,20483611,1899258361996552097805742531205,63540,41,600,600,0,True
1723117031,20483612,1899258361996552097805742531205,63540,41,600,600,0,True
1723117043,20483613,1899258361996552097805742531205,63540,41,600,600,0,True
1723117055,20483614,1899258361996552097805742531205,63540,41,600,600,0,True
1723117067,20483615,1899258361996552097805742531205,63540,41,600,600,0,True
1723117079,20483616,1899258361996552097805742531205,63540,41,600,600,0,True
1723117091,20483617,1899258361996552097805742531205,63540,41,600,600,0,True
1723117103,20483618,1899258361996552097805742531205,63540,41,600,600,0,True
1723117115,20483619,1899258361996552097805742531205,63540,41,600,600,0,True
1723117127,20483620,1899258361996552097805742531205,63540,41,600,600,0,True
1723117139,20483621,1899258361996552097805742531205,63540,41,600,600,0,True
1723117151,20483622,1899258361996552097805742531205,63540,41,600,600,0,True
1723117163,20483623,1899258361996552097805742531205,63540,41,600,600,0,True
1723117175,20483624,1899258361996552097805742531205,63540,41,600,600,0,True
1723117187,20483625,1899258361996552097805742531205,63540,41,600,600,0,True
1723117199,20483626,1899258361996552097805742531205,63540,41,600,600,0,True
1723117211,20483627,1899258361996552097805742531205,63540,41,600,600,0,True
1723117223,20483628,1899258361996552097805742531205,63540,41,600,600,0,True
1723117235,20483629,1899258361996552097805742531205,63540,41,600,600,0,True
1723117247,20483630,1899258361996552097805742531205,63540,41,600,600,0,True
1723117259,20483631,1899258361996552097805742531205,63540,41,600,600,0,True
1723117271,20483632,1899258361996552097805742531205,63540,41,600,600,0,True
1723117283,20483633,1899258361996552097805742531205,63540,41,600,600,0,True
1723117295,20483634,1899258361996552097805742531205,63540,41,600,600,0,True
1723117307,20483635,1899258361996552097805742531205,63540,41,600,600,0,True
1723117319,20483636,1899258361996552097805742531205,63540,41,600,600,0,True
1723117331,20483637,1899258361996552097805742531205,63540,41,600,600,0,True
1723117343,20483638,1899258361996552097805742531205,63540,41,600,600,0,True
1723117355,20483639,1899258361996552097805742531205,63540,41,600,600,0,True
1723117367,20483640,1899258361996552097805742531205,63540,41,600,600,0,True
1723117379,20483641,1899258361996552097805742531205,63540,41,600,600,0,True
1723117391,20483642,1899258361996552097805742531205,63540,41,600,600,0,True
1723117403,20483643,1899258361996552097805742531205,63540,41,600,600,0,True
1723117415,20483644,1899258361996552097805742531205,63540,41,600,600,0,True
1723117427,20483645,1899258361996552097805742531205,63540,41,600,600,0,True
1723117439,20483646,1899258361996552097805742531205,63540,41,600,600,0,True
1723117451,20483647,1899258361996552097805742531205,63540,41,600,600,0,True
1723117463,20483648,1899258361996552097805742531205,63540,41,600,600,0,True
1723117475,20483649,1898968553919319333343372376011,63537,42,600,600,0,True
1723117487,20483650,1898968553919319333343372376011,63537,42,600,600,0,True
1723117499,20483651,1898968553919319333343372376011,63537,42,600,600,0,True
1723117511,20483652,1898968553919319333343372376011,63537,42,600,600,0,True
1723117523,20483653,1898968553919319333343372376011,63537,42,600,600,0,True
1723117535,20483654,1898968553919319333343372376011,63537,42,600,600,0,True
1723117547,20483655,1898968553919319333343372376011,63537,42,600,600,0,True
1723117559,20483656,1898968553919319333343372376011,63537,42,600,600,0,True
1723117571,20483657,1898968553919319333343372376011,63537,42,600,600,0,True
1723117583,20483658,1898968553919319333343372376011,63537,42,600,600,0,True
1723117595,20483659,1898968553919319333343372376011,63537,42,600,600,0,True
1723117607,20483660,1898968553919319333343372376011,63537,42,600,600,0,True
1723117619,20483661,1898968553919319333343372376011,63537,42,600,600,0,True
1723117631,20483662,1898968553919319333343372376011,63537,42,600,600,0,True
1723117643,20483663,1898968553919319333343372376011,63537,42,600,600,0,True
1723117655,20483664,1898968553919319333343372376011,63537,42,600,600,0,True
1723117667,20483665,1898968553919319333343372376011,63537,42,600,600,0,True
1723117679,20483666,1898968553919319333343372376011,63537,42,600,600,0,True
1723117691,20483667,1898968553919319333343372376011,63537,42,600,600,0,True
1723117703,20483668,1898968553919319333343372376011,63537,42,600,600,0,True
1723117715,20483669,1898968553919319333343372376011,63537,42,600,600,0,True
1723117727,20483670,1898968553919319333343372376011,63537,42,600,600,0,True
1723117739,20483671,1898968553919319333343372376011,63537,42,600,600,0,True
1723117751,20483672,1898968553919319333343372376011,63537,42,600,600,0,True
1723117763,20483673,1898968553919319333343372376011,63537,42,600,600,0,True
1723117775,20483674,1898968553919319333343372376011,63537,42,600,600,0,True
1723117787,20483675,1898968553919319333343372376011,63537,42,600,600,0,True
1723117799,20483676,1898968553919319333343372376011,63537,42,600,600,0,True
1723117811,20483677,1898968553919319333343372376011,63537,42,600,600,0,True
1723117823,20483678,1898968553919319333343372376011,63537,42,600,600,0,True
1723117835,20483679,1898968553919319333343372376011,63537,42,600,600,0,True
1723117847,20483680,1898968553919319333343372376011,63537,42,600,600,0,True
1723117859,20483681,1898968553919319333343372376011,63537,42,600,600,0,True
1723117871,20483682,1898968553919319333343372376011,63537,42,600,600,0,True
1723117883,20483683,1898968553919319333343372376011,63537,42,600,600,0,True
1723117895,20483684,1898968553919319333343372376011,63537,42,600,600,0,True
1723117907,20483685,1898968553919319333343372376011,63537,42,600,600,0,True
1723117919,20483686,1898968553919319333343372376011,63537,42,600,600,0,True
1723117931,20483687,1898968553919319333343372376011,63537,42,600,600,0,True
1723117943,20483688,1898968553919319333343372376011,63537,42,600,600,0,True
1723117955,20483689,1898968553919319333343372376011,63537,42,600,600,0,True
1723117967,20483690,1898968553919319333343372376011,63537,42,600,600,0,True
1723117979,20483691,1898968553919319333343372376011,63537,42,600,600,0,True
1723117991,20483692,1898968553919319333343372376011,63537,42,600,600,0,True
1723118003,20483693,1898968553919319333343372376011,63537,42,600,600,0,True
1723118015,20483694,1898968553919319333343372376011,63537,42,600,600,0,True
1723118027,20483695,1898968553919319333343372376011,63537,42,600,600,0,True
1723118039,20483696,1898968553919319333343372376011,63537,42,600,600,0,True
1723118051,20483697,1898968553919319333343372376011,63537,42,600,600,0,True
1723118063,20483698,1898968553919319333343372376011,63537,42,600,600,0,True
1723118075,20483699,1898968553919319333343372376011,63537,42,600,600,0,True
1723118087,20483700,1898968553919319333343372376011,63537,42,600,600,0,True
1723118099,20483701,1898968553919319333343372376011,63537,42,600,600,0,True
1723118111,20483702,1898968553919319333343372376011,63537,42,600,600,0,True
1723118123,20483703,1898968553919319333343372376011,63537,42,600,600,0,True
1723118135,20483704,1898968553919319333343372376011,63537,42,600,600,0,True
1723118147,20483705,1898968553919319333343372376011,63537,42,600,600,0,True
1723118159,20483706,1898968553919319333343372376011,63537,42,600,600,0,True
1723118171,20483707,1898968553919319333343372376011,63537,42,600,600,0,True
1723118183,20483708,1898968553919319333343372376011,63537,42,600,600,0,True
1723118195,20483709,1898968553919319333343372376011,63537,42,600,600,0,True
1723118207,20483710,1898968553919319333343372376011,63537,42,600,600,0,True
1723118219,20483711,1898968553919319333343372376011,63537,42,600,600,0,True
1723118231,20483712,1898968553919319333343372376011,63537,42,600,600,0,True
1723118243,20483713,1898968553919319333343372376011,63537,42,600,600,0,True
1723118255,20483714,1898968553919319333343372376011,63537,42,600,600,0,True
1723118267,20483715,1898968553919319333343372376011,63537,42,600,600,0,True
1723118279,20483716,1898968553919319333343372376011,63537,42,600,600,0,True
1723118291,20483717,1898968553919319333343372376011,63537,42,600,600,0,True
1723118303,20483718,1898968553919319333343372376011,63537,42,600,600,0,True
1723118315,20483719,1898968553919319333343372376011,63537,42,600,600,0,True
1723118327,20483720,1898968553919319333343372376011,63537,42,600,600,0,True
1723118339,20483721,1898968553919319333343372376011,63537,42,600,600,0,True
1723118351,20483722,1898968553919319333343372376011,63537,42,600,600,0,True
1723118363,20483723,1898968553919319333343372376011,63537,42,600,600,0,True
1723118375,20483724,1898968553919319333343372376011,63537,42,600,600,0,True
1723118387,20483725,1898968553919319333343372376011,63537,42,600,600,0,True
1723118399,20483726,1898968553919319333343372376011,63537,42,600,600,0,True
1723118411,20483727,1898968553919319333343372376011,63537,42,600,600,0,True
1723118423,20483728,1898968553919319333343372376011,63537,42,600,600,0,True
1723118435,20483729,1898968553919319333343372376011,63537,42,600,600,0,True
1723118447,20483730,1898968553919319333343372376011,63537,42,600,600,0,True
1723118459,20483731,1898968553919319333343372376011,63537,42,600,600,0,True
1723118471,20483732,1898968553919319333343372376011,63537,42,600,600,0,True
1723118483,20483733,1898968553919319333343372376011,63537,42,600,600,0,True
1723118495,20483734,1898968553919319333343372376011,63537,42,600,600,0,True
1723118507,20483735,1898968553919319333343372376011,63537,42,600,600,0,True
1723118519,20483736,1898968553919319333343372376011,63537,42,600,600,0,True
1723118531,20483737,1898968553919319333343372376011,63537,42,600,600,0,True
1723118543,20483738,1898968553919319333343372376011,63537,42,600,600,0,True
1723118555,20483739,1898968553919319333343372376011,63537,42,600,600,0,True
1723118567,20483740,1898968553919319333343372376011,63537,42,600,600,0,True
1723118579,20483741,1898968553919319333343372376011,63537,42,600,600,0,True
1723118591,20483742,1898968553919319333343372376011,63537,42,600,600,0,True
1723118603,20483743,1898968553919319333343372376011,63537,42,600,600,0,True
1723118615,20483744,1898968553919319333343372376011,63537,42,600,600,0,True
1723118627,20483745,1898968553919319333343372376011,63537,43,600,600,0,True
1723118639,20483746,1898968553919319333343372376011,63537,43,600,600,0,True
1723118651,20483747,1898968553919319333343372376011,63537,43,600,600,0,True
1723118663,20483748,1898968553919319333343372376011,63537,43,600,600,0,True
1723118675,20483749,1898968553919319333343372376011,63537,43,600,600,0,True
1723118687,20483750,1898968553919319333343372376011,63537,43,600,600,0,True
1723118699,20483751,1898968553919319333343372376011,63537,43,600,600,0,True
1723118711,20483752,1898968553919319333343372376011,63537,43,600,600,0,True
1723118723,20483753,1898968553919319333343372376011,63537,43,600,600,0,True
1723118735,20483754,1898968553919319333343372376011,63537,43,600,600,0,True
1723118747,20483755,1898968553919319333343372376011,63537,43,600,600,0,True
1723118759,20483756,1898968553919319333343372376011,63537,43,600,600,0,True
1723118771,20483757,1898968553919319333343372376011,63537,43,600,600,0,True
1723118783,20483758,1898968553919319333343372376011,63537,43,600,600,0,True
1723118795,20483759,1898968553919319333343372376011,63537,43,600,600,0,True
1723118807,20483760,1898968553919319333343372376011,63537,43,600,600,0,True
1723118819,20483761,1898968553919319333343372376011,63537,43,600,600,0,True
1723118831,20483762,1898968553919319333343372376011,63537,43,600,600,0,True
1723118843,20483763,1898968553919319333343372376011,63537,43,600,600,0,True
1723118855,20483764,1898968553919319333343372376011,63537,43,600,600,0,True
1723118867,20483765,1898968553919319333343372376011,63537,43,600,600,0,True
1723118879,20483766,1898968553919319333343372376011,63537,43,600,600,0,True
1723118891,20483767,1898968553919319333343372376011,63537,43,600,600,0,True
1723118903,20483768,1898640674420995643325398194041,63534,44,600,600,0,True
1723118915,20483769,1898640674420995643325398194041,63534,44,600,600,0,True
1723118927,20483770,1898640674420995643325398194041,63534,44,600,600,0,True
1723118939,20483771,1898640674420995643325398194041,63534,44,600,600,0,True
1723118951,20483772,1898640674420995643325398194041,63534,44,600,600,0,True
1723118963,20483773,1898640674420995643325398194041,63534,44,600,600,0,True
1723118975,20483774,1898640674420995643325398194041,63534,44,600,600,0,True
1723118987,20483775,1898640674420995643325398194041,63534,44,600,600,0,True
1723118999,20483776,1898640674420995643325398194041,63534,44,600,600,0,True
1723119011,20483777,1898640674420995643325398194041,63534,44,600,600,0,True
1723119023,20483778,1898640674420995643325398194041,63534,44,600,600,0,True
1723119035,20483779,1898640674420995643325398194041,63534,44,600,600,0,True
1723119047,20483780,1898640674420995643325398194041,63534,44,600,600,0,True
1723119059,20483781,1898640674420995643325398194041,63534,44,600,600,0,True
1723119071,20483782,1898640674420995643325398194041,63534,44,600,600,0,True
1723119083,20483783,1898640674420995643325398194041,63534,44,600,600,0,True
1723119095,20483784,1898640674420995643325398194041,63534,44,600,600,0,True
1723119107,20483785,1898640674420995643325398194041,63534,44,600,600,0,True
1723119119,20483786,1898640674420995643325398194041,63534,44,600,600,0,True
1723119131,20483787,1898640674420995643325398194041,63534,44,600,600,0,True
1723119143,20483788,1898640674420995643325398194041,63534,44,600,600,0,True
1723119155,20483789,1898640674420995643325398194041,63534,44,600,600,0,True
1723119167,20483790,1898640674420995643325398194041,63534,44,600,600,0,True
1723119179,20483791,1898640674420995643325398194041,63534,44,600,600,0,True
1723119191,20483792,1898640674420995643325398194041,63534,44,600,600,0,True
1723119203,20483793,1898640674420995643325398194041,63534,44,600,600,0,True
1723119215,20483794,1898640674420995643325398194041,63534,44,600,600,0,True
1723119227,20483795,1898640674420995643325398194041,63534,44,600,600,0,True
1723119239,20483796,1898640674420995643325398194041,63534,44,600,600,0,True
1723119251,20483797,1898640674420995643325398194041,63534,44,600,600,0,True
1723119263,20483798,1898640674420995643325398194041,63534,44,600,600,0,True
1723119275,20483799,1898640674420995643325398194041,63534,44,600,600,0,True
1723119287,20483800,1898640674420995643325398194041,63534,44,600,600,0,True
1723119299,20483801,1898640674420995643325398194041,63534,44,600,600,0,True
1723119311,20483802,1898640674420995643325398194041,63534,44,600,600,0,True
1723119323,20483803,1898640674420995643325398194041,63534,44,600,600,0,True
1723119335,20483804,1898640674420995643325398194041,63534,44,600,600,0,True
1723119347,20483805,1898640674420995643325398194041,63534,44,600,600,0,True
1723119359,20483806,1898640674420995643325398194041,63534,44,600,600,0,True
1723119371,20483807,1898640674420995643325398194041,63534,44,600,600,0,True
1723119383,20483808,1898640674420995643325398194041,63534,44,600,600,0,True
1723119395,20483809,1898640674420995643325398194041,63534,44,600,600,0,True
1723119407,20483810,1898640674420995643325398194041,63534,44,600,600,0,True
1723119419,20483811,1898640674420995643325398194041,63534,44,600,600,0,True
1723119431,20483812,1898640674420995643325398194041,63534,44,600,600,0,True
1723119443,20483813,1898490100634001039548735823659,63532,45,600,600,0,True
1723119455,20483814,1898210898189890139570184786372,63529,46,600,600,0,True
1723119467,20483815,1898210898189890139570184786372,63529,46,600,600,0,True
1723119479,20483816,1898210898189890139570184786372,63529,46,600,600,0,True
1723119491,20483817,1898210898189890139570184786372,63529,46,600,600,0,True
1723119503,20483818,1898210898189890139570184786372,63529,46,600,600,0,True
1723119515,20483819,1898210898189890139570184786372,63529,46,600,600,0,True
1723119527,20483820,1898210898189890139570184786372,63529,46,600,600,0,True
1723119539,20483821,1898210898189890139570184786372,63529,46,600,600,0,True
1723119551,20483822,1898210898189890139570184786372,63529,46,600,600,0,True
1723119563,20483823,1898210898189890139570184786372,63529,46,600,600,0,True
1723119575,20483824,1898210898189890139570184786372,63529,46,600,600,0,True
1723119587,20483825,1898210898189890139570184786372,63529,46,600,600,0,True
1723119599,20483826,1898210898189890139570184786372,63529,46,600,600,0,True
1723119611,20483827,1898210898189890139570184786372,63529,46,600,600,0,True
1723119623,20483828,1898210898189890139570184786372,63529,46,600,600,0,True
1723119635,20483829,1898210898189890139570184786372,63529,46,600,600,0,True
1723119647,20483830,1898210898189890139570184786372,63529,46,600,600,0,True
1723119659,20483831,1898210898189890139570184786372,63529,46,600,600,0,True
1723119671,20483832,1898210898189890139570184786372,63529,46,600,600,0,True
1723119683,20483833,1898210898189890139570184786372,63529,46,600,600,0,True
1723119695,20483834,1898210898189890139570184786372,63529,46,600,600,0,True
1723119707,20483835,1898210898189890139570184786372,63529,46,600,600,0,True
1723119719,20483836,1898210898189890139570184786372,63529,46,600,600,0,True
1723119731,20483837,1898210898189890139570184786372,63529,46,600,600,0,True
1723119743,20483838,1898210898189890139570184786372,63529,46,600,600,0,True
1723119755,20483839,1898210898189890139570184786372,63529,46,600,600,0,True
1723119767,20483840,1898210898189890139570184786372,63529,46,600,600,0,True
1723119779,20483841,1898210898189890139570184786372,63529,46,600,600,0,True
1723119791,20483842,1898210898189890139570184786372,63529,46,600,600,0,True
1723119803,20483843,1898210898189890139570184786372,63529,46,600,600,0,True
1723119815,20483844,1898210898189890139570184786372,63529,46,600,600,0,True
1723119827,20483845,1897937876184367684079546748685,63527,47,600,600,0,True
1723119839,20483846,1897658673738652868894189577915,63524,48,600,600,0,True
1723119851,20483847,1897658673738652868894189577915,63524,48,600,600,0,True
1723119863,20483848,1897658673738652868894189577915,63524,48,600,600,0,True
1723119875,20483849,1896921125659688581053760587557,63516,49,600,600,0,True
1723119887,20483850,1896921125659688581053760587557,63516,49,600,600,0,True
1723119899,20483851,1896921125659688581053760587557,63516,49,600,600,0,True
1723119911,20483852,1896921125659688581053760587557,63516,49,600,600,0,True
1723119923,20483853,1896921125659688581053760587557,63516,49,600,600,0,True
1723119935,20483854,1896921125659688581053760587557,63516,49,600,600,0,True
1723119947,20483855,1896921125659688581053760587557,63516,49,600,600,0,True
1723119959,20483856,1896921125659688581053760587557,63516,49,600,600,0,True
1723119971,20483857,1896921125659688581053760587557,63516,49,600,600,0,True
1723119983,20483858,1896921125659688581053760587557,63516,49,600,600,0,True
1723119995,20483859,1896921125659688581053760587557,63516,49,600,600,0,True
1723120007,20483860,1896921125659688581053760587557,63516,49,600,600,0,True
1723120019,20483861,1896921125659688581053760587557,63516,49,600,600,0,True
1723120031,20483862,1896921125659688581053760587557,63516,49,600,600,0,True
1723120043,20483863,1896921125659688581053760587557,63516,49,600,600,0,True
1723120055,20483864,1896921125659688581053760587557,63516,49,600,600,0,True
1723120067,20483865,1896921125659688581053760587557,63516,49,600,600,0,True
1723120079,20483866,1896921125659688581053760587557,63516,49,600,600,0,True
1723120091,20483867,1896921125659688581053760587557,63516,49,600,600,0,True
1723120103,20483868,1896921125659688581053760587557,63516,49,600,600,0,True
1723120115,20483869,1896921125659688581053760587557,63516,49,600,600,0,True
1723120127,20483870,1896921125659688581053760587557,63516,49,600,600,0,True
1723120139,20483871,1896586567220420307899286627853,63512,50,600,600,0,True
1723120151,20483872,1896586567220420307899286627853,63512,50,600,600,0,True
1723120163,20483873,1896586567220420307899286627853,63512,50,600,600,0,True
1723120175,20483874,1896586567220420307899286627853,63512,50,600,600,0,True
1723120187,20483875,1896586567220420307899286627853,63512,50,600,600,0,True
1723120199,20483876,1896586567220420307899286627853,63512,50,600,600,0,True
1723120211,20483877,1896586567220420307899286627853,63512,50,600,600,0,True
1723120223,20483878,1896813826012130904454760544307,63515,51,600,600,0,True
1723120235,20483879,1896813826012130904454760544307,63515,51,600,600,0,True
1723120259,20483880,1898189339751445990677123078301,63529,52,600,600,0,True
1723120271,20483881,1898287367075157472021718077885,63530,53,600,600,0,True
1723120283,20483882,1898508238277048850825968871936,63533,54,600,600,0,True
1723120295,20483883,1900368924428717003888670746728,63552,55,600,600,0,True
1723120307,20483884,1903017825451111175341732610185,63580,56,600,600,0,True
1723120319,20483885,1903017825451111175341732610185,63580,56,600,600,0,True
1723120331,20483886,1904844208844406582543677399354,63599,57,600,600,0,True
1723120343,20483887,1904844208844406582543677399354,63599,57,600,600,0,True
1723120355,20483888,1904844208844406582543677399354,63599,57,600,600,0,True
1723120367,20483889,1905512284450285558349867140467,63606,58,600,600,0,True
1723120379,20483890,1905512284450285558349867140467,63606,58,600,600,0,True
1723120391,20483891,1905512284450285558349867140467,63606,58,600,600,0,True
1723120403,20483892,1905512284450285558349867140467,63606,58,600,600,0,True
1723120415,20483893,1905512284450285558349867140467,63606,58,600,600,0,True
1723120427,20483894,1905512284450285558349867140467,63606,58,600,600,0,True
1723120439,20483895,1906174488297906946445829169626,63613,59,600,600,0,True
1723120451,20483896,1908816073999083244480414691809,63641,60,600,600,0,True
1723120463,20483897,1909464056394189334713697202569,63648,61,600,600,0,True
1723120487,20483898,1910810012085679803852606414302,63662,62,600,600,0,True
1723120499,20483899,1911958432433420686694507610112,63674,63,600,600,0,True
1723120511,20483900,1912947328058601809496238327840,63684,64,600,600,0,True
1723120523,20483901,1912947328058601809496238327840,63684,64,600,600,0,True
1723120535,20483902,1912947328058601809496238327840,63684,64,600,600,0,True
1723120547,20483903,1912947328058601809496238327840,63684,64,600,600,0,True
1723120559,20483904,1912947328058601809496238327840,63684,64,600,600,0,True
1723120571,20483905,1912947328058601809496238327840,63684,64,600,600,0,True
1723120583,20483906,1912947328058601809496238327840,63684,64,600,600,0,True
1723120595,20483907,1912947328058601809496238327840,63684,64,600,600,0,True
1723120607,20483908,1912947328058601809496238327840,63684,64,600,600,0,True
1723120619,20483909,1912947328058601809496238327840,63684,64,600,600,0,True
1723120631,20483910,1912947328058601809496238327840,63684,64,600,600,0,True
1723120643,20483911,1912947328058601809496238327840,63684,64,600,600,0,True
1723120655,20483912,1912947328058601809496238327840,63684,64,600,600,0,True
1723120667,20483913,1912947328058601809496238327840,63684,64,600,600,0,True
1723120679,20483914,1912947328058601809496238327840,63684,64,600,600,0,True
1723120691,20483915,1912947328058601809496238327840,63684,64,600,600,0,True
1723120703,20483916,1912947328058601809496238327840,63684,64,600,600,0,True
1723120715,20483917,1912947328058601809496238327840,63684,64,600,600,0,True
1723120727,20483918,1912947328058601809496238327840,63684,64,600,600,0,True
1723120739,20483919,1912947328058601809496238327840,63684,64,600,600,0,True
1723120751,20483920,1912947328058601809496238327840,63684,64,600,600,0,True
1723120763,20483921,1912947328058601809496238327840,63684,64,600,600,0,True
1723120775,20483922,1912947328058601809496238327840,63684,64,600,600,0,True
1723120787,20483923,1912947328058601809496238327840,63684,64,600,600,0,True
1723120799,20483924,1912947328058601809496238327840,63684,64,600,600,0,True
1723120811,20483925,1912947328058601809496238327840,63684,64,600,600,0,True
1723120823,20483926,1912947328058601809496238327840,63684,64,600,600,0,True
1723120835,20483927,1912947328058601809496238327840,63684,64,600,600,0,True
1723120847,20483928,1912947328058601809496238327840,63684,64,600,600,0,True
1723120859,20483929,1912947328058601809496238327840,63684,64,600,600,0,True
1723120871,20483930,1912947328058601809496238327840,63684,64,600,600,0,True
1723120883,20483931,1912947328058601809496238327840,63684,64,600,600,0,True
1723120895,20483932,1912628597499348620459782719505,63681,65,600,600,0,True
1723120907,20483933,1912349904802860109255634081058,63678,66,600,600,0,True
1723120919,20483934,1911694257331168405606745449824,63671,67,600,600,0,True
1723120931,20483935,1910515379865284393703294631936,63659,68,600,600,0,True
1723120943,20483936,1909012212400110436155310321086,63643,69,600,600,0,True
1723120955,20483937,1908878697977333244768665977111,63641,70,600,600,0,True
1723120967,20483938,1908878697977333244768665977111,63641,70,600,600,0,True
1723120979,20483939,1908878697977333244768665977111,63641,70,600,600,0,True
1723120991,20483940,1908878697977333244768665977111,63641,70,600,600,0,True
1723121003,20483941,1908878697977333244768665977111,63641,70,600,600,0,True
1723121015,20483942,1908878697977333244768665977111,63641,70,600,600,0,True
1723121027,20483943,1908878697977333244768665977111,63641,70,600,600,0,True
1723121039,20483944,1908878697977333244768665977111,63641,70,600,600,0,True
1723121051,20483945,1908878697977333244768665977111,63641,70,600,600,0,True
1723121063,20483946,1908878697977333244768665977111,63641,70,600,600,0,True
1723121075,20483947,1908878697977333244768665977111,63641,70,600,600,0,True
1723121087,20483948,1908878697977333244768665977111,63641,70,600,600,0,True
1723121099,20483949,1908878697977333244768665977111,63641,70,600,600,0,True
1723121111,20483950,1908878697977333244768665977111,63641,70,600,600,0,True
1723121123,20483951,1908878697977333244768665977111,63641,70,600,600,0,True
1723121135,20483952,1908878697977333244768665977111,63641,70,600,600,0,True
1723121147,20483953,1908878697977333244768665977111,63641,70,600,600,0,True
1723121159,20483954,1908878697977333244768665977111,63641,70,600,600,0,True
1723121171,20483955,1908878697977333244768665977111,63641,70,600,600,0,True
1723121183,20483956,1908878697977333244768665977111,63641,70,600,600,0,True
1723121195,20483957,1908878697977333244768665977111,63641,70,600,600,0,True
1723121207,20483958,1908878697977333244768665977111,63641,70,600,600,0,True
1723121219,20483959,1908878697977333244768665977111,63641,70,600,600,0,True
1723121231,20483960,1908878697977333244768665977111,63641,70,600,600,0,True
1723121243,20483961,1908878697977333244768665977111,63641,70,600,600,0,True
1723121255,20483962,1908878697977333244768665977111,63641,70,600,600,0,True
1723121267,20483963,1908878697977333244768665977111,63641,70,600,600,0,True
1723121279,20483964,1908878697977333244768665977111,63641,70,600,600,0,True
1723121291,20483965,1908878697977333244768665977111,63641,70,600,600,0,True
1723121303,20483966,1908878697977333244768665977111,63641,70,600,600,0,True
1723121315,20483967,1908878697977333244768665977111,63641,70,600,600,0,True
1723121327,20483968,1908878697977333244768665977111,63641,70,600,600,0,True
1723121339,20483969,1908878697977333244768665977111,63641,70,600,600,0,True
1723121351,20483970,1908878697977333244768665977111,63641,70,600,600,0,True
1723121363,20483971,1908878697977333244768665977111,63641,70,600,600,0,True
1723121375,20483972,1908278087432457901537830780975,63635,71,600,600,0,True
1723121387,20483973,1908278087432457901537830780975,63635,71,600,600,0,True
1723121399,20483974,1908278087432457901537830780975,63635,71,600,600,0,True
1723121411,20483975,1908278087432457901537830780975,63635,71,600,600,0,True
1723121423,20483976,1908237121745174136461916594719,63635,71,600,600,0,True
1723121435,20483977,1908237121745174136461916594719,63635,71,600,600,0,True
1723121447,20483978,1908237121745174136461916594719,63635,71,600,600,0,True
1723121459,20483979,1908237121745174136461916594719,63635,71,600,600,0,True
1723121471,20483980,1908237121745174136461916594719,63635,71,600,600,0,True
1723121483,20483981,1908237121745174136461916594719,63635,71,600,600,0,True
1723121495,20483982,1908237121745174136461916594719,63635,71,600,600,0,True
1723121507,20483983,1908237121745174136461916594719,63635,71,600,600,0,True
1723121519,20483984,1908237121745174136461916594719,63635,71,600,600,0,True
1723121531,20483985,1908237121745174136461916594719,63635,71,600,600,0,True
1723121543,20483986,1908237121745174136461916594719,63635,71,600,600,0,True
1723121555,20483987,1908237121745174136461916594719,63635,71,600,600,0,True
1723121567,20483988,1908237121745174136461916594719,63635,71,600,600,0,True
1723121579,20483989,1908237121745174136461916594719,63635,71,600,600,0,True
1723121591,20483990,1908237121745174136461916594719,63635,71,600,600,0,True
1723121603,20483991,1908237121745174136461916594719,63635,71,600,600,0,True
1723121615,20483992,1908237121745174136461916594719,63635,71,600,600,0,True
1723121627,20483993,1908237121745174136461916594719,63635,71,600,600,0,True
1723121639,20483994,1908237121745174136461916594719,63635,71,600,600,0,True
1723121651,20483995,1908237121745174136461916594719,63635,71,600,600,0,True
1723121663,20483996,1908237121745174136461916594719,63635,71,600,600,0,True
1723121675,20483997,1908237121745174136461916594719,63635,71,600,600,0,True
1723121687,20483998,1908237121745174136461916594719,63635,71,600,600,0,True
1723121699,20483999,1908237121745174136461916594719,63635,71,600,600,0,True
1723121711,20484000,1908237121745174136461916594719,63635,71,600,600,0,True
1723121723,20484001,1908237121745174136461916594719,63635,71,600,600,0,True
1723121735,20484002,1908237121745174136461916594719,63635,71,600,600,0,True
1723121747,20484003,1908237121745174136461916594719,63635,71,600,600,0,True
1723121759,20484004,1908237121745174136461916594719,63635,71,600,600,0,True
1723121771,20484005,1908237121745174136461916594719,63635,71,600,600,0,True
1723121783,20484006,1908237121745174136461916594719,63635,71,600,600,0,True
1723121795,20484007,1908237121745174136461916594719,63635,71,600,600,0,True
1723121807,20484008,1908237121745174136461916594719,63635,71,600,600,0,True
1723121819,20484009,1908237121745174136461916594719,63635,71,600,600,0,True
1723121831,20484010,1908237121745174136461916594719,63635,72,600,600,0,True
1723121843,20484011,1908237121745174136461916594719,63635,72,600,600,0,True
1723121855,20484012,1908237121745174136461916594719,63635,72,600,600,0,True
1723121867,20484013,1908237121745174136461916594719,63635,72,600,600,0,True
1723121879,20484014,1908237121745174136461916594719,63635,72,600,600,0,True
1723121891,20484015,1908237121745174136461916594719,63635,72,600,600,0,True
1723121903,20484016,1908237121745174136461916594719,63635,72,600,600,0,True
1723121915,20484017,1908237121745174136461916594719,63635,72,600,600,0,True
1723121927,20484018,1908237121745174136461916594719,63635,72,600,600,0,True
1723121939,20484019,1908237121745174136461916594719,63635,72,600,600,0,True
1723121951,20484020,1908237121745174136461916594719,63635,72,600,600,0,True
1723121963,20484021,1908237121745174136461916594719,63635,72,600,600,0,True
1723121975,20484022,1908237121745174136461916594719,63635,72,600,600,0,True
1723121987,20484023,1908237121745174136461916594719,63635,72,600,600,0,True
1723121999,20484024,1908237121745174136461916594719,63635,72,600,600,0,True
1723122011,20484025,1908237121745174136461916594719,63635,72,600,600,0,True
1723122023,20484026,1908237121745174136461916594719,63635,72,600,600,0,True
1723122035,20484027,1908749466550902306262070787901,63640,73,600,600,0,True
1723122047,20484028,1908749466550902306262070787901,63640,73,600,600,0,True
1723122059,20484029,1908749466550902306262070787901,63640,73,600,600,0,True
1723122071,20484030,1908749466550902306262070787901,63640,73,600,600,0,True
1723122083,20484031,1908749466550902306262070787901,63640,73,600,600,0,True
1723122095,20484032,1908749466550902306262070787901,63640,73,600,600,0,True
1723122107,20484033,1908749466550902306262070787901,63640,73,600,600,0,True
1723122119,20484034,1908749466550902306262070787901,63640,73,600,600,0,True
1723122131,20484035,1908749466550902306262070787901,63640,73,600,600,0,True
1723122143,20484036,1908749466550902306262070787901,63640,73,600,600,0,True
1723122155,20484037,1908421384121769466313048903746,63637,74,600,600,0,True
1723122167,20484038,1908421384121769466313048903746,63637,74,600,600,0,True
1723122179,20484039,1908421384121769466313048903746,63637,74,600,600,0,True
1723122191,20484040,1908151536373159727178875590560,63634,75,600,600,0,True
1723122203,20484041,1908151536373159727178875590560,63634,75,600,600,0,True
1723122215,20484042,1908151536373159727178875590560,63634,75,600,600,0,True
1723122227,20484043,1908151536373159727178875590560,63634,75,600,600,0,True
1723122239,20484044,1908151536373159727178875590560,63634,75,600,600,0,True
1723122251,20484045,1908151536373159727178875590560,63634,75,600,600,0,True
1723122263,20484046,1908151536373159727178875590560,63634,75,600,600,0,True
1723122275,20484047,1908151536373159727178875590560,63634,75,600,600,0,True
1723122287,20484048,1908151536373159727178875590560,63634,75,600,600,0,True
1723122299,20484049,1908151536373159727178875590560,63634,75,600,600,0,True
1723122311,20484050,1908151536373159727178875590560,63634,75,600,600,0,True
1723122323,20484051,1908151536373159727178875590560,63634,76,600,600,0,True
1723122335,20484052,1908151536373159727178875590560,63634,76,600,600,0,True
1723122347,20484053,1908151536373159727178875590560,63634,76,600,600,0,True
1723122359,20484054,1908151536373159727178875590560,63634,76,600,600,0,True
1723122371,20484055,1908151536373159727178875590560,63634,76,600,600,0,True
1723122383,20484056,1908151536373159727178875590560,63634,76,600,600,0,True
1723122395,20484057,1908151536373159727178875590560,63634,76,600,600,0,True
1723122407,20484058,1908151536373159727178875590560,63634,76,600,600,0,True
1723122419,20484059,1908151536373159727178875590560,63634,76,600,600,0,True
1723122431,20484060,1908151536373159727178875590560,63634,76,600,600,0,True
1723122443,20484061,1908151536373159727178875590560,63634,76,600,600,0,True
1723122455,20484062,1908151536373159727178875590560,63634,76,600,600,0,True
1723122467,20484063,1908151536373159727178875590560,63634,76,600,600,0,True
1723122479,20484064,1908151536373159727178875590560,63634,76,600,600,0,True
1723122491,20484065,1908151536373159727178875590560,63634,76,600,600,0,True
1723122503,20484066,1908151536373159727178875590560,63634,76,600,600,0,True
1723122515,20484067,1908151536373159727178875590560,63634,76,600,600,0,True
1723122527,20484068,1908151536373159727178875590560,63634,76,600,600,0,True
1723122539,20484069,1908151536373159727178875590560,63634,76,600,600,0,True
1723122551,20484070,1908151536373159727178875590560,63634,76,600,600,0,True
1723122563,20484071,1908151536373159727178875590560,63634,76,600,600,0,True
1723122575,20484072,1908151536373159727178875590560,63634,76,600,600,0,True
1723122587,20484073,1908151536373159727178875590560,63634,76,600,600,0,True
1723122599,20484074,1908151536373159727178875590560,63634,76,600,600,0,True
1723122611,20484075,1908151536373159727178875590560,63634,76,600,600,0,True
1723122623,20484076,1908151536373159727178875590560,63634,76,600,600,0,True
1723122635,20484077,1908151536373159727178875590560,63634,76,600,600,0,True
1723122647,20484078,1908151536373159727178875590560,63634,76,600,600,0,True
1723122659,20484079,1908151536373159727178875590560,63634,76,600,600,0,True
1723122671,20484080,1908151536373159727178875590560,63634,76,600,600,0,True
1723122683,20484081,1908151536373159727178875590560,63634,76,600,600,0,True
1723122695,20484082,1908151536373159727178875590560,63634,76,600,600,0,True
1723122707,20484083,1908151536373159727178875590560,63634,76,600,600,0,True
1723122719,20484084,1908151536373159727178875590560,63634,76,600,600,0,True
1723122731,20484085,1908151536373159727178875590560,63634,76,600,600,0,True
1723122743,20484086,1908151536373159727178875590560,63634,76,600,600,0,True
1723122755,20484087,1908151536373159727178875590560,63634,76,600,600,0,True
1723122767,20484088,1908151536373159727178875590560,63634,76,600,600,0,True
1723122779,20484089,1908151536373159727178875590560,63634,76,600,600,0,True
1723122791,20484090,1908151536373159727178875590560,63634,76,600,600,0,True
1723122803,20484091,1908151536373159727178875590560,63634,76,600,600,0,True
1723122815,20484092,1908151536373159727178875590560,63634,76,600,600,0,True
1723122827,20484093,1908151536373159727178875590560,63634,76,600,600,0,True
1723122839,20484094,1908151536373159727178875590560,63634,76,600,600,0,True
1723122851,20484095,1908151536373159727178875590560,63634,76,600,600,0,True
1723122863,20484096,1908151536373159727178875590560,63634,76,600,600,0,True
1723122875,20484097,1908151536373159727178875590560,63634,76,600,600,0,True
1723122887,20484098,1908151536373159727178875590560,63634,76,600,600,0,True
1723122899,20484099,1910116862776863208368082598681,63654,77,600,600,0,True
1723122911,20484100,1910116862776863208368082598681,63654,77,600,600,0,True
1723122923,20484101,1910116862776863208368082598681,63654,77,600,600,0,True
1723122935,20484102,1910116862776863208368082598681,63654,77,600,600,0,True
1723122947,20484103,1910116862776863208368082598681,63654,77,600,600,0,True
1723122959,20484104,1910116862776863208368082598681,63654,77,600,600,0,True
1723122971,20484105,1910116862776863208368082598681,63654,77,600,600,0,True
1723122983,20484106,1910116862776863208368082598681,63654,77,600,600,0,True
1723122995,20484107,1910116862776863208368082598681,63654,77,600,600,0,True
1723123007,20484108,1910116862776863208368082598681,63654,77,600,600,0,True
1723123019,20484109,1910116862776863208368082598681,63654,77,600,600,0,True
1723123031,20484110,1910116862776863208368082598681,63654,77,600,600,0,True
1723123043,20484111,1910116862776863208368082598681,63654,77,600,600,0,True
1723123055,20484112,1910116862776863208368082598681,63654,77,600,600,0,True
1723123067,20484113,1910116862776863208368082598681,63654,77,600,600,0,True
1723123079,20484114,1910116862776863208368082598681,63654,77,600,600,0,True
1723123091,20484115,1910116862776863208368082598681,63654,77,600,600,0,True
1723123103,20484116,1910116862776863208368082598681,63654,77,600,600,0,True
1723123115,20484117,1910116862776863208368082598681,63654,77,600,600,0,True
1723123127,20484118,1910116862776863208368082598681,63654,77,600,600,0,True
1723123139,20484119,1910116862776863208368082598681,63654,77,600,600,0,True
1723123151,20484120,1910116862776863208368082598681,63654,77,600,600,0,True
1723123163,20484121,1910116862776863208368082598681,63654,77,600,600,0,True
1723123175,20484122,1910116862776863208368082598681,63654,77,600,600,0,True
1723123187,20484123,1910501004511000015345462488564,63658,78,600,600,0,True
1723123199,20484124,1910501004511000015345462488564,63658,78,600,600,0,True
1723123211,20484125,1910501004511000015345462488564,63658,78,600,600,0,True
1723123223,20484126,1910501004511000015345462488564,63658,78,600,600,0,True
1723123235,20484127,1910501004511000015345462488564,63658,78,600,600,0,True
1723123247,20484128,1910501004511000015345462488564,63658,78,600,600,0,True
1723123259,20484129,1910501004511000015345462488564,63658,78,600,600,0,True
1723123271,20484130,1910501004511000015345462488564,63658,78,600,600,0,True
1723123283,20484131,1910501004511000015345462488564,63658,78,600,600,0,True
1723123295,20484132,1910501004511000015345462488564,63658,78,600,600,0,True
1723123307,20484133,1910501004511000015345462488564,63658,78,600,600,0,True
1723123319,20484134,1910501004511000015345462488564,63658,78,600,600,0,True
1723123331,20484135,1910501004511000015345462488564,63658,78,600,600,0,True
1723123343,20484136,1910501004511000015345462488564,63658,78,600,600,0,True
1723123355,20484137,1909871118476250985602308112384,63652,79,600,600,0,True
1723123367,20484138,1909131556150539033254793269134,63644,80,600,600,0,True
1723123379,20484139,1908875616758429690907387806601,63641,81,600,600,0,True
1723123391,20484140,1908875616758429690907387806601,63641,81,600,600,0,True
1723123403,20484141,1908552416856862159375300040415,63638,82,600,600,0,True
1723123415,20484142,1908552416856862159375300040415,63638,82,600,600,0,True
1723123427,20484143,1908552416856862159375300040415,63638,82,600,600,0,True
1723123439,20484144,1908552416856862159375300040415,63638,82,600,600,0,True
1723123451,20484145,1908552416856862159375300040415,63638,82,600,600,0,True
1723123463,20484146,1908552416856862159375300040415,63638,82,600,600,0,True
1723123475,20484147,1908552416856862159375300040415,63638,82,600,600,0,True
1723123487,20484148,1908552416856862159375300040415,63638,82,600,600,0,True
1723123499,20484149,1908552416856862159375300040415,63638,82,600,600,0,True
1723123511,20484150,1908552416856862159375300040415,63638,82,600,600,0,True
1723123523,20484151,1908552416856862159375300040415,63638,82,600,600,0,True
1723123535,20484152,1908552416856862159375300040415,63638,82,600,600,0,True
1723123547,20484153,1908552416856862159375300040415,63638,82,600,600,0,True
1723123559,20484154,1908552416856862159375300040415,63638,82,600,600,0,True
1723123571,20484155,1908552416856862159375300040415,63638,82,600,600,0,True
1723123583,20484156,1908552416856862159375300040415,63638,82,600,600,0,True
1723123595,20484157,1908552416856862159375300040415,63638,82,600,600,0,True
1723123607,20484158,1908552416856862159375300040415,63638,82,600,600,0,True
1723123619,20484159,1908552416856862159375300040415,63638,82,600,600,0,True
1723123631,20484160,1908552416856862159375300040415,63638,82,600,600,0,True
1723123643,20484161,1908382883200311320819068290255,63636,83,600,600,0,True
1723123655,20484162,1908382883200311320819068290255,63636,83,600,600,0,True
1723123667,20484163,1908382883200311320819068290255,63636,83,600,600,0,True
1723123679,20484164,1906521212673750399938212134912,63617,84,600,600,0,True
1723123691,20484165,1906521212673750399938212134912,63617,84,600,600,0,True
1723123703,20484166,1906521212673750399938212134912,63617,84,600,600,0,True
1723123715,20484167,1906521212673750399938212134912,63617,84,600,600,0,True
1723123727,20484168,1906521212673750399938212134912,63617,84,600,600,0,True
1723123739,20484169,1906521212673750399938212134912,63617,84,600,600,0,True
1723123751,20484170,1906521212673750399938212134912,63617,84,600,600,0,True
1723123763,20484171,1906521212673750399938212134912,63617,84,600,600,0,True
1723123775,20484172,1906521212673750399938212134912,63617,84,600,600,0,True
1723123787,20484173,1906521212673750399938212134912,63617,84,600,600,0,True
1723123799,20484174,1906521212673750399938212134912,63617,84,600,600,0,True
1723123811,20484175,1906521212673750399938212134912,63617,84,600,600,0,True
1723123823,20484176,1906521212673750399938212134912,63617,84,600,600,0,True
1723123835,20484177,1906521212673750399938212134912,63617,84,600,600,0,True
1723123847,20484178,1906521212673750399938212134912,63617,84,600,600,0,True
1723123859,20484179,1906521212673750399938212134912,63617,84,600,600,0,True
1723123871,20484180,1906521212673750399938212134912,63617,84,600,600,0,True
1723123883,20484181,1906521212673750399938212134912,63617,84,600,600,0,True
1723123895,20484182,1906521212673750399938212134912,63617,84,600,600,0,True
1723123907,20484183,1906521212673750399938212134912,63617,84,600,600,0,True
1723123919,20484184,1906521212673750399938212134912,63617,84,600,600,0,True
1723123931,20484185,1906521212673750399938212134912,63617,84,600,600,0,True
1723123943,20484186,1904479251545864632401708075502,63595,85,600,600,0,True
1723123955,20484187,1902618067208090408279919227706,63576,86,600,600,0,True
1723123967,20484188,1902207706893524451844294354249,63571,87,600,600,0,True
1723123979,20484189,1902207706893524451844294354249,63571,87,600,600,0,True
1723123991,20484190,1902207706893524451844294354249,63571,87,600,600,0,True
1723124003,20484191,1902207706893524451844294354249,63571,87,600,600,0,True
1723124015,20484192,1902207706893524451844294354249,63571,87,600,600,0,True
1723124027,20484193,1902207706893524451844294354249,63571,87,600,600,0,True
1723124039,20484194,1902207706893524451844294354249,63571,87,600,600,0,True
1723124051,20484195,1902207706893524451844294354249,63571,87,600,600,0,True
1723124063,20484196,1902207706893524451844294354249,63571,87,600,600,0,True
1723124075,20484197,1902207706893524451844294354249,63571,87,600,600,0,True
1723124087,20484198,1902207706893524451844294354249,63571,87,600,600,0,True
1723124099,20484199,1902207706893524451844294354249,63571,87,600,600,0,True
1723124111,20484200,1902207706893524451844294354249,63571,87,600,600,0,True
1723124123,20484201,1902207706893524451844294354249,63571,87,600,600,0,True
1723124135,20484202,1902207706893524451844294354249,63571,87,600,600,0,True
1723124147,20484203,1902207706893524451844294354249,63571,87,600,600,0,True
1723124159,20484204,1902207706893524451844294354249,63571,87,600,600,0,True
1723124171,20484205,1902207706893524451844294354249,63571,87,600,600,0,True
1723124183,20484206,1902207706893524451844294354249,63571,87,600,600,0,True
1723124195,20484207,1902207706893524451844294354249,63571,87,600,600,0,True
1723124207,20484208,1902207706893524451844294354249,63571,87,600,600,0,True
1723124219,20484209,1902207706893524451844294354249,63571,87,600,600,0,True
1723124231,20484210,1902207706893524451844294354249,63571,87,600,600,0,True
1723124243,20484211,1902207706893524451844294354249,63571,87,600,600,0,True
1723124255,20484212,1902207706893524451844294354249,63571,87,600,600,0,True
1723124267,20484213,1902207706893524451844294354249,63571,87,600,600,0,True
1723124279,20484214,1902207706893524451844294354249,63571,87,600,600,0,True
1723124291,20484215,1902207706893524451844294354249,63571,87,600,600,0,True
1723124303,20484216,1901680231696185170051923920625,63566,88,600,600,0,True
1723124315,20484217,1901680231696185170051923920625,63566,88,600,600,0,True
1723124327,20484218,1901680231696185170051923920625,63566,88,600,600,0,True
1723124339,20484219,1901680231696185170051923920625,63566,88,600,600,0,True
1723124351,20484220,1901680231696185170051923920625,63566,88,600,600,0,True
1723124363,20484221,1901550427845229471408301174044,63565,89,600,600,0,True
1723124375,20484222,1901550427845229471408301174044,63565,89,600,600,0,True
1723124387,20484223,1901545094613538377695121402510,63564,90,600,600,0,True
1723124399,20484224,1901545094613538377695121402510,63564,90,600,600,0,True
1723124411,20484225,1901545094613538377695121402510,63564,90,600,600,0,True
1723124423,20484226,1901545094613538377695121402510,63564,90,600,600,0,True
1723124435,20484227,1901545094613538377695121402510,63564,90,600,600,0,True
1723124447,20484228,1901545094613538377695121402510,63564,90,600,600,0,True
1723124459,20484229,1901545094613538377695121402510,63564,90,600,600,0,True
1723124471,20484230,1901545094613538377695121402510,63564,90,600,600,0,True
1723124483,20484231,1901545094613538377695121402510,63564,90,600,600,0,True
1723124495,20484232,1901545094613538377695121402510,63564,90,600,600,0,True
1723124507,20484233,1901545094613538377695121402510,63564,90,600,600,0,True
1723124519,20484234,1901545094613538377695121402510,63564,90,600,600,0,True
1723124531,20484235,1901545094613538377695121402510,63564,90,600,600,0,True
1723124543,20484236,1901545094613538377695121402510,63564,90,600,600,0,True
1723124555,20484237,1901545094613538377695121402510,63564,90,600,600,0,True
1723124567,20484238,1901545094613538377695121402510,63564,90,600,600,0,True
1723124579,20484239,1901545094613538377695121402510,63564,90,600,600,0,True
1723124591,20484240,1901545094613538377695121402510,63564,90,600,600,0,True
1723124603,20484241,1901545094613538377695121402510,63564,90,600,600,0,True
1723124615,20484242,1901545094613538377695121402510,63564,90,600,600,0,True
1723124627,20484243,1901545094613538377695121402510,63564,90,600,600,0,True
1723124639,20484244,1901545094613538377695121402510,63564,90,600,600,0,True
1723124651,20484245,1901545094613538377695121402510,63564,90,600,600,0,True
1723124663,20484246,1901545094613538377695121402510,63564,90,600,600,0,True
1723124675,20484247,1901545094613538377695121402510,63564,90,600,600,0,True
1723124687,20484248,1901068392077565555333027332096,63559,91,600,600,0,True
1723124699,20484249,1901068392077565555333027332096,63559,91,600,600,0,True
1723124711,20484250,1901068392077565555333027332096,63559,91,600,600,0,True
1723124723,20484251,1900997949326015190116030600398,63559,91,600,600,0,True
1723124735,20484252,1900997949326015190116030600398,63559,91,600,600,0,True
1723124747,20484253,1900997949326015190116030600398,63559,91,600,600,0,True
1723124759,20484254,1900997949326015190116030600398,63559,91,600,600,0,True
1723124771,20484255,1900011409391782148844361351168,63548,92,600,600,0,True
1723124783,20484256,1899691282291733113413914056478,63545,93,600,600,0,True
1723124795,20484257,1899691282291733113413914056478,63545,93,600,600,0,True
1723124807,20484258,1899411726119517657968745174489,63542,94,600,600,0,True
1723124819,20484259,1899411726119517657968745174489,63542,94,600,600,0,True
1723124831,20484260,1897724939613720447107718544561,63524,95,600,600,0,True
1723124843,20484261,1897724939613720447107718544561,63524,95,600,600,0,True
1723124855,20484262,1896971396341290664023559585597,63516,96,600,600,0,True
1723124867,20484263,1896971396341290664023559585597,63516,96,600,600,0,True
1723124879,20484264,1896971396341290664023559585597,63516,96,600,600,0,True
1723124891,20484265,1896971396341290664023559585597,63516,96,600,600,0,True
1723124903,20484266,1896971396341290664023559585597,63516,96,600,600,0,True
1723124915,20484267,1896245238535209344913157128192,63509,97,600,600,0,True
1723124927,20484268,1895474757977399566180438344482,63501,98,600,600,0,True
1723124939,20484269,1895008054953159796126210327344,63496,99,600,600,0,True
1723124963,20484270,1894475803504343106090586933662,63490,100,600,600,0,True
1723124975,20484271,1893584150691083951632591613545,63481,101,600,600,0,True
1723124987,20484272,1893584150691083951632591613545,63481,101,600,600,0,True
1723124999,20484273,1893584150691083951632591613545,63481,101,600,600,0,True
1723125011,20484274,1893584150691083951632591613545,63481,101,600,600,0,True
1723125023,20484275,1893584150691083951632591613545,63481,101,600,600,0,True
1723125035,20484276,1893584150691083951632591613545,63481,101,600,600,0,True
1723125047,20484277,1893584150691083951632591613545,63481,101,600,600,0,True
1723125059,20484278,1893584150691083951632591613545,63481,101,600,600,0,True
1723125071,20484279,1892937694686636656029723157385,63474,102,600,600,0,True
1723125083,20484280,1890551138420403921839365532527,63449,103,600,600,0,True
1723125095,20484281,1890220629322252059864432745751,63445,104,600,600,0,True
1723125107,20484282,1890220629322252059864432745751,63445,104,600,600,0,True
1723125119,20484283,1890220629322252059864432745751,63445,104,600,600,0,True
1723125131,20484284,1890220629322252059864432745751,63445,104,600,600,0,True
1723125143,20484285,1890220629322252059864432745751,63445,104,600,600,0,True
1723125155,20484286,1890220629322252059864432745751,63445,104,600,600,0,True
1723125167,20484287,1890220629322252059864432745751,63445,104,600,600,0,True
1723125179,20484288,1890220629322252059864432745751,63445,104,600,600,0,True
1723125191,20484289,1890220629322252059864432745751,63445,104,600,600,0,True
1723125203,20484290,1890220629322252059864432745751,63445,104,600,600,0,True
1723125227,20484291,1890220629322252059864432745751,63445,104,600,600,0,True
1723125239,20484292,1890220629322252059864432745751,63445,104,600,600,0,True
1723125251,20484293,1890220629322252059864432745751,63445,104,600,600,0,True
1723125263,20484294,1890220629322252059864432745751,63445,104,600,600,0,True
1723125275,20484295,1890220629322252059864432745751,63445,104,600,600,0,True
1723125287,20484296,1890220629322252059864432745751,63445,104,600,600,0,True
1723125299,20484297,1890841970951386840989813548687,63452,105,600,600,0,True
1723125311,20484298,1890841970951386840989813548687,63452,105,600,600,0,True
1723125323,20484299,1891860838655542407165166747648,63462,106,600,600,0,True
1723125335,20484300,1891860838655542407165166747648,63462,106,600,600,0,True
1723125347,20484301,1891860838655542407165166747648,63462,106,600,600,0,True
1723125359,20484302,1891860838655542407165166747648,63462,106,600,600,0,True
1723125371,20484303,1891860838655542407165166747648,63462,106,600,600,0,True
1723125383,20484304,1891860838655542407165166747648,63462,106,600,600,0,True
1723125395,20484305,1891860838655542407165166747648,63462,106,600,600,0,True
1723125407,20484306,1891860838655542407165166747648,63462,106,600,600,0,True
1723125419,20484307,1891860838655542407165166747648,63462,106,600,600,0,True
1723125431,20484308,1891860838655542407165166747648,63462,106,600,600,0,True
1723125443,20484309,1891860838655542407165166747648,63462,106,600,600,0,True
1723125455,20484310,1892118258958579468424295656321,63465,107,600,600,0,True
1723125467,20484311,1892118258958579468424295656321,63465,107,600,600,0,True
1723125479,20484312,1892118258958579468424295656321,63465,107,600,600,0,True
1723125491,20484313,1892118258958579468424295656321,63465,107,600,600,0,True
1723125503,20484314,1892118258958579468424295656321,63465,107,600,600,0,True
1723125515,20484315,1892118258958579468424295656321,63465,107,600,600,0,True
1723125527,20484316,1892118258958579468424295656321,63465,107,600,600,0,True
1723125539,20484317,1892118258958579468424295656321,63465,107,600,600,0,True
1723125551,20484318,1892118258958579468424295656321,63465,107,600,600,0,True
1723125563,20484319,1892118258958579468424295656321,63465,107,600,600,0,True
1723125575,20484320,1892535330782108202295226134280,63469,108,600,600,0,True
1723125587,20484321,1892535330782108202295226134280,63469,108,600,600,0,True
1723125599,20484322,1893442745527060528949321833228,63479,109,600,600,0,True
1723125611,20484323,1893442745527060528949321833228,63479,109,600,600,0,True
1723125623,20484324,1893442745527060528949321833228,63479,109,600,600,0,True
1723125635,20484325,1893442745527060528949321833228,63479,109,600,600,0,True
1723125647,20484326,1893442745527060528949321833228,63479,109,600,600,0,True
1723125659,20484327,1894701839559288404907479954922,63492,110,600,600,0,True
1723125671,20484328,1894701839559288404907479954922,63492,110,600,600,0,True
1723125683,20484329,1894701839559288404907479954922,63492,110,600,600,0,True
1723125695,20484330,1894701839559288404907479954922,63492,110,600,600,0,True
1723125707,20484331,1894701839559288404907479954922,63492,110,600,600,0,True
1723125719,20484332,1894701839559288404907479954922,63492,110,600,600,0,True
1723125731,20484333,1894701839559288404907479954922,63492,110,600,600,0,True
1723125743,20484334,1894701839559288404907479954922,63492,110,600,600,0,True
1723125755,20484335,1895541020921393101438978055113,63501,111,600,600,0,True
1723125767,20484336,1895541020921393101438978055113,63501,111,600,600,0,True
1723125779,20484337,1896414633772416354916170203136,63510,112,600,600,0,True
1723125791,20484338,1896838268307125987986638340579,63515,113,600,600,0,True
1723125803,20484339,1897044763977920385832152674197,63517,114,600,600,0,True
1723125815,20484340,1897486895841294696751528857551,63522,115,600,600,0,True
1723125827,20484341,1897486895841294696751528857551,63522,115,600,600,0,True
1723125839,20484342,1897486895841294696751528857551,63522,115,600,600,0,True
1723125851,20484343,1897486895841294696751528857551,63522,115,600,600,0,True
1723125863,20484344,1897486895841294696751528857551,63522,115,600,600,0,True
1723125875,20484345,1897486895841294696751528857551,63522,115,600,600,0,True
1723125887,20484346,1897486895841294696751528857551,63522,115,600,600,0,True
1723125899,20484347,1897486895841294696751528857551,63522,115,600,600,0,True
1723125911,20484348,1897486895841294696751528857551,63522,115,600,600,0,True
1723125923,20484349,1897486895841294696751528857551,63522,115,600,600,0,True
1723125935,20484350,1897486895841294696751528857551,63522,115,600,600,0,True
1723125947,20484351,1897486895841294696751528857551,63522,115,600,600,0,True
1723125959,20484352,1897486895841294696751528857551,63522,115,600,600,0,True
1723125971,20484353,1897486895841294696751528857551,63522,115,600,600,0,True
1723125983,20484354,1897486895841294696751528857551,63522,115,600,600,0,True
1723125995,20484355,1897486895841294696751528857551,63522,115,600,600,0,True
1723126007,20484356,1897486895841294696751528857551,63522,115,600,600,0,True
1723126019,20484357,1897486895841294696751528857551,63522,115,600,600,0,True
1723126031,20484358,1897486895841294696751528857551,63522,115,600,600,0,True
1723126043,20484359,1897486895841294696751528857551,63522,115,600,600,0,True
1723126055,20484360,1897486895841294696751528857551,63522,115,600,600,0,True
1723126067,20484361,1897486895841294696751528857551,63522,115,600,600,0,True
1723126079,20484362,1897486895841294696751528857551,63522,115,600,600,0,True
1723126091,20484363,1897486895841294696751528857551,63522,115,600,600,0,True
1723126103,20484364,1897486895841294696751528857551,63522,115,600,600,0,True
1723126115,20484365,1897486895841294696751528857551,63522,115,600,600,0,True
1723126127,20484366,1897486895841294696751528857551,63522,115,600,600,0,True
1723126139,20484367,1897486895841294696751528857551,63522,115,600,600,0,True
1723126151,20484368,1897486895841294696751528857551,63522,115,600,600,0,True
1723126163,20484369,1897486895841294696751528857551,63522,115,600,600,0,True
1723126175,20484370,1897486895841294696751528857551,63522,115,600,600,0,True
1723126187,20484371,1897486895841294696751528857551,63522,115,600,600,0,True
1723126199,20484372,1897486895841294696751528857551,63522,115,600,600,0,True
1723126211,20484373,1897486895841294696751528857551,63522,115,600,600,0,True
1723126223,20484374,1897486895841294696751528857551,63522,115,600,600,0,True
1723126235,20484375,1897486895841294696751528857551,63522,115,600,600,0,True
1723126247,20484376,1897486895841294696751528857551,63522,115,600,600,0,True
1723126259,20484377,1897486895841294696751528857551,63522,115,600,600,0,True
1723126271,20484378,1897486895841294696751528857551,63522,115,600,600,0,True
1723126283,20484379,1897486895841294696751528857551,63522,115,600,600,0,True
1723126295,20484380,1897486895841294696751528857551,63522,115,600,600,0,True
1723126307,20484381,1897486895841294696751528857551,63522,115,600,600,0,True
1723126319,20484382,1897486895841294696751528857551,63522,115,600,600,0,True
1723126331,20484383,1897486895841294696751528857551,63522,115,600,600,0,True
1723126343,20484384,1897486895841294696751528857551,63522,115,600,600,0,True
1723126355,20484385,1897486895841294696751528857551,63522,115,600,600,0,True
1723126367,20484386,1897486895841294696751528857551,63522,115,600,600,0,True
1723126379,20484387,1897486895841294696751528857551,63522,115,600,600,0,True
1723126391,20484388,1897486895841294696751528857551,63522,115,600,600,0,True
1723126403,20484389,1897486895841294696751528857551,63522,115,600,600,0,True
1723126415,20484390,1897486895841294696751528857551,63522,115,600,600,0,True
1723126427,20484391,1897486895841294696751528857551,63522,115,600,600,0,True
1723126439,20484392,1897486895841294696751528857551,63522,115,600,600,0,True
1723126451,20484393,1897486895841294696751528857551,63522,115,600,600,0,True
1723126463,20484394,1897486895841294696751528857551,63522,115,600,600,0,True
1723126475,20484395,1897486895841294696751528857551,63522,115,600,600,0,True
1723126487,20484396,1897486895841294696751528857551,63522,115,600,600,0,True
1723126499,20484397,1897486895841294696751528857551,63522,115,600,600,0,True
1723126511,20484398,1897726678611138225743556185036,63524,116,600,600,0,True
1723126523,20484399,1897726678611138225743556185036,63524,116,600,600,0,True
1723126535,20484400,1899264511039582395128335709221,63540,117,600,600,0,True
1723126547,20484401,1899264511039582395128335709221,63540,117,600,600,0,True
1723126559,20484402,1899338577720568626672664148664,63541,118,600,600,0,True
1723126571,20484403,1899338577720568626672664148664,63541,118,600,600,0,True
1723126583,20484404,1899338577720568626672664148664,63541,118,600,600,0,True
1723126595,20484405,1899338577720568626672664148664,63541,118,600,600,0,True
1723126607,20484406,1899338577720568626672664148664,63541,118,600,600,0,True
1723126619,20484407,1899750262202828523360253852403,63546,119,600,600,0,True
1723126631,20484408,1899750262202828523360253852403,63546,119,600,600,0,True
1723126643,20484409,1899750262202828523360253852403,63546,119,600,600,0,True
1723126655,20484410,1900953828185578509734135201792,63558,120,600,600,0,True
1723126667,20484411,1901320702651723125828241867436,63562,121,600,600,0,True
1723126679,20484412,1903320775417465502049115855227,63583,122,600,600,0,True
1723126691,20484413,1903320775417465502049115855227,63583,122,600,600,0,True
1723126703,20484414,1903320775417465502049115855227,63583,122,600,600,0,True
1723126715,20484415,1903320775417465502049115855227,63583,122,600,600,0,True
1723126727,20484416,1903320775417465502049115855227,63583,122,600,600,0,True
1723126739,20484417,1903320775417465502049115855227,63583,122,600,600,0,True
1723126751,20484418,1903320775417465502049115855227,63583,122,600,600,0,True
1723126763,20484419,1903320775417465502049115855227,63583,122,600,600,0,True
1723126775,20484420,1903320775417465502049115855227,63583,122,600,600,0,True
1723126787,20484421,1903320775417465502049115855227,63583,122,600,600,0,True
1723126799,20484422,1903320775417465502049115855227,63583,122,600,600,0,True
1723126811,20484423,1903320775417465502049115855227,63583,122,600,600,0,True
1723126823,20484424,1903320775417465502049115855227,63583,122,600,600,0,True
1723126835,20484425,1903320775417465502049115855227,63583,122,600,600,0,True
1723126847,20484426,1903320775417465502049115855227,63583,122,600,600,0,True
1723126859,20484427,1903320775417465502049115855227,63583,122,600,600,0,True
1723126871,20484428,1903320775417465502049115855227,63583,122,600,600,0,True
1723126883,20484429,1903320775417465502049115855227,63583,122,600,600,0,True
1723126895,20484430,1903320775417465502049115855227,63583,122,600,600,0,True
1723126907,20484431,1903320775417465502049115855227,63583,122,600,600,0,True
1723126919,20484432,1903320775417465502049115855227,63583,122,600,600,0,True
1723126931,20484433,1903320775417465502049115855227,63583,122,600,600,0,True
1723126943,20484434,1903320775417465502049115855227,63583,122,600,600,0,True
1723126955,20484435,1903320775417465502049115855227,63583,122,600,600,0,True
1723126967,20484436,1903320775417465502049115855227,63583,122,600,600,0,True
1723126979,20484437,1903320775417465502049115855227,63583,122,600,600,0,True
1723126991,20484438,1903320775417465502049115855227,63583,122,600,600,0,True
1723127003,20484439,1903320775417465502049115855227,63583,122,600,600,0,True
1723127015,20484440,1903320775417465502049115855227,63583,122,600,600,0,True
1723127027,20484441,1903320775417465502049115855227,63583,122,600,600,0,True
1723127039,20484442,1903320775417465502049115855227,63583,122,600,600,0,True
1723127051,20484443,1903320775417465502049115855227,63583,122,600,600,0,True
1723127063,20484444,1903320775417465502049115855227,63583,122,600,600,0,True
1723127075,20484445,1903320775417465502049115855227,63583,122,600,600,0,True
1723127087,20484446,1903320775417465502049115855227,63583,122,600,600,0,True
1723127099,20484447,1903320775417465502049115855227,63583,122,600,600,0,True
1723127111,20484448,1903320775417465502049115855227,63583,122,600,600,0,True
1723127123,20484449,1903320775417465502049115855227,63583,122,600,600,0,True
1723127135,20484450,1903320775417465502049115855227,63583,122,600,600,0,True
1723127147,20484451,1903320775417465502049115855227,63583,122,600,600,0,True
1723127159,20484452,1903320775417465502049115855227,63583,122,600,600,0,True
1723127171,20484453,1903320775417465502049115855227,63583,122,600,600,0,True
1723127183,20484454,1903320775417465502049115855227,63583,122,600,600,0,True
1723127195,20484455,1903320775417465502049115855227,63583,122,600,600,0,True
1723127207,20484456,1903675537616778454619437506140,63587,123,600,600,0,True
1723127219,20484457,1904840716158759990126197080064,63599,124,600,600,0,True
1723127231,20484458,1905147608789892894925226916348,63602,125,600,600,0,True
1723127243,20484459,1905353673985711645415215755175,63605,126,600,600,0,True
1723127255,20484460,1905353673985711645415215755175,63605,126,600,600,0,True
1723127267,20484461,1905566298227682350336016953114,63607,127,600,600,0,True
1723127279,20484462,1905566298227682350336016953114,63607,127,600,600,0,True
1723127291,20484463,1905566298227682350336016953114,63607,127,600,600,0,True
1723127303,20484464,1906305241367530351578801461562,63614,128,600,600,0,True
1723127315,20484465,1907091116480539250919779963479,63623,129,600,600,0,True
1723127327,20484466,1908409790643147751839050096695,63637,130,600,600,0,True
1723127339,20484467,1909365739290526234338635783810,63647,131,600,600,0,True
1723127351,20484468,1909365739290526234338635783810,63647,131,600,600,0,True
1723127363,20484469,1909365739290526234338635783810,63647,131,600,600,0,True
1723127375,20484470,1909365739290526234338635783810,63647,131,600,600,0,True
1723127387,20484471,1909365739290526234338635783810,63647,131,600,600,0,True
1723127399,20484472,1909365739290526234338635783810,63647,131,600,600,0,True
1723127411,20484473,1909365739290526234338635783810,63647,131,600,600,0,True
1723127423,20484474,1909365739290526234338635783810,63647,131,600,600,0,True
1723127435,20484475,1909365739290526234338635783810,63647,131,600,600,0,True
1723127447,20484476,1909365739290526234338635783810,63647,131,600,600,0,True
1723127459,20484477,1909365739290526234338635783810,63647,131,600,600,0,True
1723127471,20484478,1909365739290526234338635783810,63647,131,600,600,0,True
1723127483,20484479,1909365739290526234338635783810,63647,131,600,600,0,True
1723127495,20484480,1909365739290526234338635783810,63647,131,600,600,0,True
1723127507,20484481,1909699993027612100452983609301,63650,132,600,600,0,True
1723127519,20484482,1910018610005274479552162735545,63653,133,600,600,0,True
1723127531,20484483,1910018610005274479552162735545,63653,133,600,600,0,True
1723127543,20484484,1910043640821285591500374934274,63654,134,600,600,0,True
1723127555,20484485,1910537457996348274623102582784,63659,135,600,600,0,True
1723127567,20484486,1910711701208575325412340434809,63661,136,600,600,0,True
1723127579,20484487,1912068782334408307122079006720,63675,137,600,600,0,True
1723127591,20484488,1912068782334408307122079006720,63675,137,600,600,0,True
1723127603,20484489,1912068782334408307122079006720,63675,137,600,600,0,True
1723127615,20484490,1912068782334408307122079006720,63675,137,600,600,0,True
1723127627,20484491,1912068782334408307122079006720,63675,137,600,600,0,True
1723127639,20484492,1912068782334408307122079006720,63675,137,600,600,0,True
1723127651,20484493,1912068782334408307122079006720,63675,137,600,600,0,True
1723127663,20484494,1912068782334408307122079006720,63675,137,600,600,0,True
1723127675,20484495,1912068782334408307122079006720,63675,137,600,600,0,True
1723127687,20484496,1912068782334408307122079006720,63675,137,600,600,0,True
1723127699,20484497,1912068782334408307122079006720,63675,137,600,600,0,True
1723127711,20484498,1912068782334408307122079006720,63675,137,600,600,0,True
1723127723,20484499,1912068782334408307122079006720,63675,137,600,600,0,True
1723127735,20484500,1912068782334408307122079006720,63675,137,600,600,0,True
1723127747,20484501,1912068782334408307122079006720,63675,137,600,600,0,True
1723127759,20484502,1912068782334408307122079006720,63675,137,600,600,0,True
1723127771,20484503,1912068782334408307122079006720,63675,137,600,600,0,True
1723127783,20484504,1912068782334408307122079006720,63675,137,600,600,0,True
1723127795,20484505,1912068782334408307122079006720,63675,137,600,600,0,True
1723127807,20484506,1912068782334408307122079006720,63675,137,600,600,0,True
1723127819,20484507,1912335491595815059545858512946,63678,138,600,600,0,True
1723127831,20484508,1912335491595815059545858512946,63678,138,600,600,0,True
1723127843,20484509,1912335491595815059545858512946,63678,138,600,600,0,True
1723127855,20484510,1912335491595815059545858512946,63678,138,600,600,0,True
1723127867,20484511,1912335491595815059545858512946,63678,138,600,600,0,True
1723127879,20484512,1912335491595815059545858512946,63678,138,600,600,0,True
1723127891,20484513,1912962301835488725357573060517,63684,139,600,600,0,True
1723127903,20484514,1913935983094385296454018878324,63694,140,600,600,0,True
1723127915,20484515,1913935983094385296454018878324,63694,140,600,600,0,True
1723127927,20484516,1913935983094385296454018878324,63694,140,600,600,0,True
1723127939,20484517,1913935983094385296454018878324,63694,140,600,600,0,True
1723127951,20484518,1913935983094385296454018878324,63694,140,600,600,0,True
1723127963,20484519,1913935983094385296454018878324,63694,140,600,600,0,True
1723127975,20484520,1913935983094385296454018878324,63694,140,600,600,0,True
1723127987,20484521,1913935983094385296454018878324,63694,140,600,600,0,True
1723127999,20484522,1913935983094385296454018878324,63694,140,600,600,0,True
1723128011,20484523,1913935983094385296454018878324,63694,140,600,600,0,True
1723128023,20484524,1913935983094385296454018878324,63694,140,600,600,0,True
1723128035,20484525,1913935983094385296454018878324,63694,140,600,600,0,True
1723128047,20484526,1913935983094385296454018878324,63694,140,600,600,0,True
1723128059,20484527,1913935983094385296454018878324,63694,140,600,600,0,True
1723128071,20484528,1913935983094385296454018878324,63694,140,600,600,0,True
1723128083,20484529,1913935983094385296454018878324,63694,140,600,600,0,True
1723128095,20484530,1913935983094385296454018878324,63694,140,600,600,0,True
1723128107,20484531,1913935983094385296454018878324,63694,140,600,600,0,True
1723128119,20484532,1913935983094385296454018878324,63694,140,600,600,0,True
1723128131,20484533,1913935983094385296454018878324,63694,140,600,600,0,True
1723128143,20484534,1913935983094385296454018878324,63694,140,600,600,0,True
1723128155,20484535,1913935983094385296454018878324,63694,140,600,600,0,True
1723128167,20484536,1913935983094385296454018878324,63694,140,600,600,0,True
1723128179,20484537,1913935983094385296454018878324,63694,140,600,600,0,True
1723128191,20484538,1913935983094385296454018878324,63694,140,600,600,0,True
1723128203,20484539,1913935983094385296454018878324,63694,140,600,600,0,True
1723128215,20484540,1913935983094385296454018878324,63694,140,600,600,0,True
1723128227,20484541,1913935983094385296454018878324,63694,140,600,600,0,True
1723128239,20484542,1913935983094385296454018878324,63694,140,600,600,0,True
1723128251,20484543,1913935983094385296454018878324,63694,140,600,600,0,True
1723128263,20484544,1913935983094385296454018878324,63694,140,600,600,0,True
1723128275,20484545,1913935983094385296454018878324,63694,140,600,600,0,True
1723128287,20484546,1913935983094385296454018878324,63694,140,600,600,0,True
1723128299,20484547,1913935983094385296454018878324,63694,140,600,600,0,True
1723128311,20484548,1913935983094385296454018878324,63694,140,600,600,0,True
1723128323,20484549,1913935983094385296454018878324,63694,140,600,600,0,True
1723128335,20484550,1913935983094385296454018878324,63694,140,600,600,0,True
1723128347,20484551,1913935983094385296454018878324,63694,140,600,600,0,True
1723128359,20484552,1913935983094385296454018878324,63694,140,600,600,0,True
1723128371,20484553,1913935983094385296454018878324,63694,140,600,600,0,True
1723128383,20484554,1913935983094385296454018878324,63694,140,600,600,0,True
1723128395,20484555,1913935983094385296454018878324,63694,140,600,600,0,True
1723128407,20484556,1913935983094385296454018878324,63694,140,600,600,0,True
1723128419,20484557,1913935983094385296454018878324,63694,140,600,600,0,True
1723128431,20484558,1913935983094385296454018878324,63694,140,600,600,0,True
1723128443,20484559,1913935983094385296454018878324,63694,140,600,600,0,True
1723128455,20484560,1915003662680560881468476227584,63706,141,600,600,0,True
1723128467,20484561,1917501041288954681063474405943,63732,142,600,600,0,True
1723128479,20484562,1917501041288954681063474405943,63732,142,600,600,0,True
1723128491,20484563,1918948944199360719432122892288,63747,143,600,600,0,True
1723128503,20484564,1919742964153603591904012543798,63755,144,600,600,0,True
1723128515,20484565,1919742964153603591904012543798,63755,144,600,600,0,True
1723128527,20484566,1919742964153603591904012543798,63755,144,600,600,0,True
1723128539,20484567,1919742964153603591904012543798,63755,144,600,600,0,True
1723128551,20484568,1919742964153603591904012543798,63755,144,600,600,0,True
1723128563,20484569,1919742964153603591904012543798,63755,144,600,600,0,True
1723128575,20484570,1919742964153603591904012543798,63755,144,600,600,0,True
1723128587,20484571,1919742964153603591904012543798,63755,144,600,600,0,True
1723128599,20484572,1919742964153603591904012543798,63755,144,600,600,0,True
1723128611,20484573,1919742964153603591904012543798,63755,144,600,600,0,True
1723128623,20484574,1919742964153603591904012543798,63755,144,600,600,0,True
1723128635,20484575,1919742964153603591904012543798,63755,144,600,600,0,True
1723128647,20484576,1919742964153603591904012543798,63755,144,600,600,0,True
1723128659,20484577,1919742964153603591904012543798,63755,144,600,600,0,True
1723128671,20484578,1919742964153603591904012543798,63755,144,600,600,0,True
1723128683,20484579,1919742964153603591904012543798,63755,144,600,600,0,True
1723128695,20484580,1919742964153603591904012543798,63755,144,600,600,0,True
1723128707,20484581,1919742964153603591904012543798,63755,144,600,600,0,True
1723128719,20484582,1919742964153603591904012543798,63755,144,600,600,0,True
1723128731,20484583,1919742964153603591904012543798,63755,144,600,600,0,True
1723128743,20484584,1919742964153603591904012543798,63755,144,600,600,0,True
1723128755,20484585,1919742964153603591904012543798,63755,144,600,600,0,True
1723128767,20484586,1919742964153603591904012543798,63755,144,600,600,0,True
1723128779,20484587,1919742964153603591904012543798,63755,144,600,600,0,True
1723128791,20484588,1919742964153603591904012543798,63755,144,600,600,0,True
1723128803,20484589,1919742964153603591904012543798,63755,144,600,600,0,True
1723128815,20484590,1919742964153603591904012543798,63755,144,600,600,0,True
1723128827,20484591,1919742964153603591904012543798,63755,144,600,600,0,True
1723128839,20484592,1919742964153603591904012543798,63755,144,600,600,0,True
1723128851,20484593,1919742964153603591904012543798,63755,144,600,600,0,True
1723128863,20484594,1919742964153603591904012543798,63755,144,600,600,0,True
1723128875,20484595,1919742964153603591904012543798,63755,144,600,600,0,True
1723128887,20484596,1919742964153603591904012543798,63755,144,600,600,0,True
1723128899,20484597,1919742964153603591904012543798,63755,144,600,600,0,True
1723128911,20484598,1919742964153603591904012543798,63755,144,600,600,0,True
1723128923,20484599,1919742964153603591904012543798,63755,144,600,600,0,True
1723128935,20484600,1919742964153603591904012543798,63755,144,600,600,0,True
1723128947,20484601,1919742964153603591904012543798,63755,144,600,600,0,True
1723128959,20484602,1919742964153603591904012543798,63755,144,600,600,0,True
1723128971,20484603,1919742964153603591904012543798,63755,144,600,600,0,True
1723128983,20484604,1919742964153603591904012543798,63755,144,600,600,0,True
1723128995,20484605,1919742964153603591904012543798,63755,144,600,600,0,True
1723129007,20484606,1919742964153603591904012543798,63755,144,600,600,0,True
1723129019,20484607,1920504333499597476431101212640,63763,145,600,600,0,True
1723129031,20484608,1920504333499597476431101212640,63763,145,600,600,0,True
1723129043,20484609,1921206738272257577548124984974,63770,146,600,600,0,True
1723129055,20484610,1921543066775314482308969688739,63774,147,600,600,0,True
1723129067,20484611,1921988688423083210291765263647,63778,148,600,600,0,True
1723129079,20484612,1921988688423083210291765263647,63778,148,600,600,0,True
1723129091,20484613,1922317777614709452776519415480,63782,149,600,600,0,True
1723129103,20484614,1922317777614709452776519415480,63782,149,600,600,0,True
1723129127,20484615,1922317777614709452776519415480,63782,149,600,600,0,True
1723129139,20484616,1922317777614709452776519415480,63782,149,600,600,0,True
1723129151,20484617,1922317777614709452776519415480,63782,149,600,600,0,True
1723129163,20484618,1922317777614709452776519415480,63782,149,600,600,0,True
1723129175,20484619,1922317777614709452776519415480,63782,149,600,600,0,True
1723129187,20484620,1922317777614709452776519415480,63782,149,600,600,0,True
1723129199,20484621,1922317777614709452776519415480,63782,149,600,600,0,True
1723129211,20484622,1922317777614709452776519415480,63782,149,600,600,0,True
1723129223,20484623,1922317777614709452776519415480,63782,149,600,600,0,True
1723129235,20484624,1922317777614709452776519415480,63782,149,600,600,0,True
1723129247,20484625,1922317777614709452776519415480,63782,149,600,600,0,True
1723129259,20484626,1922317777614709452776519415480,63782,149,600,600,0,True
1723129271,20484627,1922317777614709452776519415480,63782,149,600,600,0,True
1723129283,20484628,1922317777614709452776519415480,63782,149,600,600,0,True
1723129295,20484629,1922317777614709452776519415480,63782,149,600,600,0,True
1723129307,20484630,1922317777614709452776519415480,63782,149,600,600,0,True
1723129319,20484631,1922317777614709452776519415480,63782,149,600,600,0,True
1723129331,20484632,1922317777614709452776519415480,63782,149,600,600,0,True
1723129343,20484633,1922317777614709452776519415480,63782,149,600,600,0,True
1723129355,20484634,1922317777614709452776519415480,63782,149,600,600,0,True
1723129367,20484635,1922317777614709452776519415480,63782,149,600,600,0,True
1723129379,20484636,1922317777614709452776519415480,63782,149,600,600,0,True
1723129391,20484637,1922317777614709452776519415480,63782,149,600,600,0,True
1723129403,20484638,1922317777614709452776519415480,63782,149,600,600,0,True
1723129415,20484639,1922317777614709452776519415480,63782,149,600,600,0,True
1723129427,20484640,1922317777614709452776519415480,63782,149,600,600,0,True
1723129439,20484641,1922317777614709452776519415480,63782,149,600,600,0,True
1723129451,20484642,1922317777614709452776519415480,63782,149,600,600,0,True
1723129463,20484643,1922317777614709452776519415480,63782,149,600,600,0,True
1723129475,20484644,1922317777614709452776519415480,63782,149,600,600,0,True
1723129487,20484645,1922317777614709452776519415480,63782,149,600,600,0,True
1723129499,20484646,1922317777614709452776519415480,63782,149,600,600,0,True
1723129511,20484647,1922317777614709452776519415480,63782,149,600,600,0,True
1723129523,20484648,1922317777614709452776519415480,63782,149,600,600,0,True
1723129535,20484649,1922317777614709452776519415480,63782,149,600,600,0,True
1723129547,20484650,1923457654925809446504360372006,63794,150,600,600,0,True
1723129559,20484651,1923457654925809446504360372006,63794,150,600,600,0,True
1723129571,20484652,1924904032906293969790800679235,63809,151,600,600,0,True
1723129583,20484653,1924904032906293969790800679235,63809,151,600,600,0,True
1723129595,20484654,1924904032906293969790800679235,63809,151,600,600,0,True
1723129607,20484655,1925031270691307613520536936027,63810,152,600,600,0,True
1723129619,20484656,1925031270691307613520536936027,63810,152,600,600,0,True
1723129631,20484657,1925031270691307613520536936027,63810,152,600,600,0,True
1723129643,20484658,1925084381129184421652009178393,63811,153,600,600,0,True
1723129655,20484659,1925084381129184421652009178393,63811,153,600,600,0,True
1723129667,20484660,1925084381129184421652009178393,63811,153,600,600,0,True
1723129679,20484661,1925084381129184421652009178393,63811,153,600,600,0,True
1723129691,20484662,1925084381129184421652009178393,63811,153,600,600,0,True
1723129703,20484663,1925084381129184421652009178393,63811,153,600,600,0,True
1723129715,20484664,1925084381129184421652009178393,63811,153,600,600,0,True
1723129727,20484665,1925084381129184421652009178393,63811,153,600,600,0,True
1723129739,20484666,1925084381129184421652009178393,63811,153,600,600,0,True
1723129751,20484667,1925084381129184421652009178393,63811,153,600,600,0,True
1723129763,20484668,1925084381129184421652009178393,63811,153,600,600,0,True
1723129775,20484669,1925084381129184421652009178393,63811,153,600,600,0,True
1723129787,20484670,1925084381129184421652009178393,63811,153,600,600,0,True
1723129799,20484671,1925084381129184421652009178393,63811,153,600,600,0,True
1723129811,20484672,1925084381129184421652009178393,63811,153,600,600,0,True
1723129823,20484673,1925084381129184421652009178393,63811,153,600,600,0,True
1723129835,20484674,1925084381129184421652009178393,63811,153,600,600,0,True
1723129847,20484675,1925084381129184421652009178393,63811,153,600,600,0,True
1723129859,20484676,1925084381129184421652009178393,63811,153,600,600,0,True
1723129871,20484677,1925084381129184421652009178393,63811,153,600,600,0,True
1723129883,20484678,1925084381129184421652009178393,63811,153,600,600,0,True
1723129895,20484679,1925084381129184421652009178393,63811,153,600,600,0,True
1723129907,20484680,1924339565701434606084855693312,63803,154,600,600,0,True
1723129919,20484681,1924339565701434606084855693312,63803,154,600,600,0,True
1723129931,20484682,1924339565701434606084855693312,63803,154,600,600,0,True
1723129943,20484683,1923795604752813359282794790912,63797,155,600,600,0,True
1723129955,20484684,1923795604752813359282794790912,63797,155,600,600,0,True
1723129967,20484685,1923795604752813359282794790912,63797,155,600,600,0,True
1723129979,20484686,1923795604752813359282794790912,63797,155,600,600,0,True
1723129991,20484687,1923795604752813359282794790912,63797,155,600,600,0,True
1723130003,20484688,1923618660455931947109093979951,63795,156,600,600,0,True
1723130015,20484689,1923618660455931947109093979951,63795,156,600,600,0,True
1723130027,20484690,1923618660455931947109093979951,63795,156,600,600,0,True
1723130039,20484691,1923618660455931947109093979951,63795,156,600,600,0,True
1723130051,20484692,1923618660455931947109093979951,63795,156,600,600,0,True
1723130063,20484693,1923618660455931947109093979951,63795,156,600,600,0,True
1723130075,20484694,1923618660455931947109093979951,63795,156,600,600,0,True
1723130087,20484695,1923618660455931947109093979951,63795,156,600,600,0,True
1723130099,20484696,1923618660455931947109093979951,63795,156,600,600,0,True
1723130111,20484697,1923618660455931947109093979951,63795,156,600,600,0,True
1723130123,20484698,1923618660455931947109093979951,63795,156,600,600,0,True
1723130135,20484699,1923618660455931947109093979951,63795,156,600,600,0,True
1723130147,20484700,1923618660455931947109093979951,63795,156,600,600,0,True
1723130159,20484701,1923618660455931947109093979951,63795,156,600,600,0,True
1723130171,20484702,1923618660455931947109093979951,63795,156,600,600,0,True
1723130183,20484703,1923618660455931947109093979951,63795,156,600,600,0,True
1723130195,20484704,1923618660455931947109093979951,63795,156,600,600,0,True
1723130207,20484705,1923618660455931947109093979951,63795,156,600,600,0,True
1723130219,20484706,1923618660455931947109093979951,63795,156,600,600,0,True
1723130231,20484707,1923618660455931947109093979951,63795,156,600,600,0,True
1723130243,20484708,1923159151615266844431928524800,63791,157,600,600,0,True
1723130255,20484709,1922636879928727088038548602880,63785,158,600,600,0,True
1723130267,20484710,1922636879928727088038548602880,63785,158,600,600,0,True
1723130279,20484711,1922240245501398021909583212467,63781,159,600,600,0,True
1723130291,20484712,1922240245501398021909583212467,63781,159,600,600,0,True
1723130303,20484713,1922240245501398021909583212467,63781,159,600,600,0,True
1723130315,20484714,1921854696773754705856053518442,63777,160,600,600,0,True
1723130327,20484715,1921854696773754705856053518442,63777,160,600,600,0,True
1723130339,20484716,1921854696773754705856053518442,63777,160,600,600,0,True
1723130351,20484717,1921854696773754705856053518442,63777,160,600,600,0,True
1723130363,20484718,1921854696773754705856053518442,63777,160,600,600,0,True
1723130375,20484719,1921854696773754705856053518442,63777,160,600,600,0,True
1723130387,20484720,1921854696773754705856053518442,63777,160,600,600,0,True
1723130399,20484721,1921854696773754705856053518442,63777,160,600,600,0,True
1723130411,20484722,1921854696773754705856053518442,63777,161,600,600,0,True
1723130423,20484723,1921854696773754705856053518442,63777,161,600,600,0,True
1723130435,20484724,1921854696773754705856053518442,63777,161,600,600,0,True
1723130447,20484725,1921854696773754705856053518442,63777,161,600,600,0,True
1723130459,20484726,1921854696773754705856053518442,63777,161,600,600,0,True
1723130471,20484727,1921854696773754705856053518442,63777,161,600,600,0,True
1723130483,20484728,1921854696773754705856053518442,63777,161,600,600,0,True
1723130495,20484729,1921854696773754705856053518442,63777,161,600,600,0,True
1723130507,20484730,1921854696773754705856053518442,63777,161,600,600,0,True
1723130519,20484731,1921854696773754705856053518442,63777,161,600,600,0,True
1723130531,20484732,1921854696773754705856053518442,63777,161,600,600,0,True
1723130543,20484733,1921854696773754705856053518442,63777,161,600,600,0,True
1723130555,20484734,1921854696773754705856053518442,63777,161,600,600,0,True
1723130567,20484735,1921854696773754705856053518442,63777,161,600,600,0,True
1723130579,20484736,1921854696773754705856053518442,63777,161,600,600,0,True
1723130591,20484737,1921854696773754705856053518442,63777,161,600,600,0,True
1723130603,20484738,1921854696773754705856053518442,63777,161,600,600,0,True
1723130615,20484739,1921854696773754705856053518442,63777,161,600,600,0,True
1723130627,20484740,1921854696773754705856053518442,63777,161,600,600,0,True
1723130639,20484741,1921854696773754705856053518442,63777,161,600,600,0,True
1723130651,20484742,1921854696773754705856053518442,63777,161,600,600,0,True
1723130663,20484743,1921854696773754705856053518442,63777,161,600,600,0,True
1723130675,20484744,1921854696773754705856053518442,63777,161,600,600,0,True
1723130687,20484745,1921854696773754705856053518442,63777,161,600,600,0,True
1723130699,20484746,1921854696773754705856053518442,63777,161,600,600,0,True
1723130711,20484747,1921854696773754705856053518442,63777,161,600,600,0,True
1723130723,20484748,1921854696773754705856053518442,63777,161,600,600,0,True
1723130735,20484749,1921854696773754705856053518442,63777,161,600,600,0,True
1723130747,20484750,1921854696773754705856053518442,63777,161,600,600,0,True
1723130759,20484751,1921854696773754705856053518442,63777,161,600,600,0,True
1723130771,20484752,1921854696773754705856053518442,63777,161,600,600,0,True
1723130783,20484753,1921854696773754705856053518442,63777,161,600,600,0,True
1723130795,20484754,1921854696773754705856053518442,63777,161,600,600,0,True
1723130807,20484755,1921854696773754705856053518442,63777,161,600,600,0,True
1723130819,20484756,1921854696773754705856053518442,63777,161,600,600,0,True
1723130831,20484757,1921854696773754705856053518442,63777,161,600,600,0,True
1723130843,20484758,1921854696773754705856053518442,63777,161,600,600,0,True
1723130855,20484759,1921854696773754705856053518442,63777,161,600,600,0,True
1723130867,20484760,1921854696773754705856053518442,63777,161,600,600,0,True
1723130879,20484761,1921854696773754705856053518442,63777,161,600,600,0,True
1723130891,20484762,1921854696773754705856053518442,63777,161,600,600,0,True
1723130903,20484763,1921854696773754705856053518442,63777,161,600,600,0,True
1723130915,20484764,1921854696773754705856053518442,63777,161,600,600,0,True
1723130927,20484765,1921854696773754705856053518442,63777,161,600,600,0,True
1723130939,20484766,1921854696773754705856053518442,63777,161,600,600,0,True
1723130951,20484767,1921854696773754705856053518442,63777,161,600,600,0,True
1723130963,20484768,1921854696773754705856053518442,63777,161,600,600,0,True
1723130975,20484769,1921854696773754705856053518442,63777,161,600,600,0,True
1723130987,20484770,1921854696773754705856053518442,63777,161,600,600,0,True
1723130999,20484771,1921854696773754705856053518442,63777,161,600,600,0,True
1723131011,20484772,1921854696773754705856053518442,63777,161,600,600,0,True
1723131023,20484773,1921854696773754705856053518442,63777,161,600,600,0,True
1723131035,20484774,1921854696773754705856053518442,63777,161,600,600,0,True
1723131047,20484775,1921854696773754705856053518442,63777,161,600,600,0,True
1723131059,20484776,1921854696773754705856053518442,63777,161,600,600,0,True
1723131071,20484777,1921854696773754705856053518442,63777,161,600,600,0,True
1723131083,20484778,1921854696773754705856053518442,63777,161,600,600,0,True
1723131095,20484779,1921854696773754705856053518442,63777,161,600,600,0,True
1723131107,20484780,1921854696773754705856053518442,63777,161,600,600,0,True
1723131119,20484781,1922132777693784865145288653102,63780,162,600,600,0,True
1723131131,20484782,1922132777693784865145288653102,63780,162,600,600,0,True
1723131143,20484783,1922132777693784865145288653102,63780,162,600,600,0,True
1723131155,20484784,1922132777693784865145288653102,63780,162,600,600,0,True
1723131167,20484785,1922336063258531379035367610109,63782,163,600,600,0,True
1723131179,20484786,1922336063258531379035367610109,63782,163,600,600,0,True
1723131191,20484787,1922336063258531379035367610109,63782,163,600,600,0,True
1723131203,20484788,1922336063258531379035367610109,63782,163,600,600,0,True
1723131215,20484789,1922336063258531379035367610109,63782,163,600,600,0,True
1723131227,20484790,1922336063258531379035367610109,63782,163,600,600,0,True
1723131239,20484791,1922336063258531379035367610109,63782,163,600,600,0,True
1723131251,20484792,1922336063258531379035367610109,63782,163,600,600,0,True
1723131263,20484793,1922336063258531379035367610109,63782,163,600,600,0,True
1723131275,20484794,1922336063258531379035367610109,63782,163,600,600,0,True
1723131287,20484795,1922336063258531379035367610109,63782,163,600,600,0,True
1723131299,20484796,1922336063258531379035367610109,63782,163,600,600,0,True
1723131311,20484797,1922336063258531379035367610109,63782,163,600,600,0,True
1723131323,20484798,1922336063258531379035367610109,63782,163,600,600,0,True
1723131335,20484799,1922336063258531379035367610109,63782,163,600,600,0,True
1723131347,20484800,1922336063258531379035367610109,63782,163,600,600,0,True
1723131359,20484801,1924021686840738943326582996992,63800,164,600,600,0,True
1723131371,20484802,1924021686840738943326582996992,63800,164,600,600,0,True
1723131383,20484803,1927618796493756972615385761616,63837,165,600,600,0,True
1723131395,20484804,1927618796493756972615385761616,63837,165,600,600,0,True
1723131407,20484805,1927618796493756972615385761616,63837,165,600,600,0,True
1723131419,20484806,1927618796493756972615385761616,63837,165,600,600,0,True
1723131431,20484807,1927841180116283659983170788110,63839,166,600,600,0,True
1723131443,20484808,1927841180116283659983170788110,63839,166,600,600,0,True
1723131455,20484809,1927841180116283659983170788110,63839,166,600,600,0,True
1723131467,20484810,1927841180116283659983170788110,63839,166,600,600,0,True
1723131479,20484811,1927841180116283659983170788110,63839,166,600,600,0,True
1723131491,20484812,1927841180116283659983170788110,63839,166,600,600,0,True
1723131503,20484813,1927841180116283659983170788110,63839,166,600,600,0,True
1723131515,20484814,1927841180116283659983170788110,63839,166,600,600,0,True
1723131527,20484815,1927841180116283659983170788110,63839,166,600,600,0,True
1723131539,20484816,1927841180116283659983170788110,63839,166,600,600,0,True
1723131551,20484817,1927841180116283659983170788110,63839,166,600,600,0,True
1723131563,20484818,1927841180116283659983170788110,63839,166,600,600,0,True
1723131575,20484819,1927841180116283659983170788110,63839,166,600,600,0,True
1723131587,20484820,1927841180116283659983170788110,63839,166,600,600,0,True
1723131599,20484821,1927841180116283659983170788110,63839,166,600,600,0,True
1723131611,20484822,1927841180116283659983170788110,63839,166,600,600,0,True
1723131623,20484823,1927841180116283659983170788110,63839,166,600,600,0,True
1723131635,20484824,1927841180116283659983170788110,63839,166,600,600,0,True
1723131647,20484825,1927841180116283659983170788110,63839,166,600,600,0,True
1723131659,20484826,1927841180116283659983170788110,63839,166,600,600,0,True
1723131671,20484827,1927841180116283659983170788110,63839,166,600,600,0,True
1723131683,20484828,1927841180116283659983170788110,63839,166,600,600,0,True
1723131695,20484829,1927841180116283659983170788110,63839,166,600,600,0,True
1723131707,20484830,1927841180116283659983170788110,63839,166,600,600,0,True
1723131719,20484831,1927841180116283659983170788110,63839,166,600,600,0,True
1723131731,20484832,1927841180116283659983170788110,63839,166,600,600,0,True
1723131743,20484833,1927841180116283659983170788110,63839,166,600,600,0,True
1723131755,20484834,1927841180116283659983170788110,63839,166,600,600,0,True
1723131767,20484835,1927841180116283659983170788110,63839,166,600,600,0,True
1723131779,20484836,1927841180116283659983170788110,63839,166,600,600,0,True
1723131791,20484837,1927841180116283659983170788110,63839,166,600,600,0,True
1723131803,20484838,1927841180116283659983170788110,63839,166,600,600,0,True
1723131815,20484839,1927841180116283659983170788110,63839,166,600,600,0,True
1723131827,20484840,1927841180116283659983170788110,63839,166,600,600,0,True
1723131839,20484841,1927841180116283659983170788110,63839,166,600,600,0,True
1723131851,20484842,1927841180116283659983170788110,63839,166,600,600,0,True
1723131863,20484843,1927841180116283659983170788110,63839,166,600,600,0,True
1723131875,20484844,1927841180116283659983170788110,63839,166,600,600,0,True
1723131887,20484845,1927841180116283659983170788110,63839,166,600,600,0,True
1723131899,20484846,1927841180116283659983170788110,63839,166,600,600,0,True
1723131911,20484847,1927841180116283659983170788110,63839,166,600,600,0,True
1723131923,20484848,1927841180116283659983170788110,63839,166,600,600,0,True
1723131935,20484849,1927841180116283659983170788110,63839,166,600,600,0,True
1723131947,20484850,1927841180116283659983170788110,63839,166,600,600,0,True
1723131959,20484851,1927841180116283659983170788110,63839,166,600,600,0,True
1723131971,20484852,1927841180116283659983170788110,63839,166,600,600,0,True
1723131983,20484853,1927841180116283659983170788110,63839,166,600,600,0,True
1723131995,20484854,1927841180116283659983170788110,63839,166,600,600,0,True
1723132007,20484855,1927841180116283659983170788110,63839,166,600,600,0,True
1723132019,20484856,1927841180116283659983170788110,63839,166,600,600,0,True
1723132031,20484857,1927841180116283659983170788110,63839,166,600,600,0,True
1723132043,20484858,1927841180116283659983170788110,63839,166,600,600,0,True
1723132055,20484859,1927841180116283659983170788110,63839,166,600,600,0,True
1723132067,20484860,1927840436155851274938462077444,63839,166,600,600,0,True
1723132079,20484861,1927840436155851274938462077444,63839,166,600,600,0,True
1723132091,20484862,1927840436155851274938462077444,63839,166,600,600,0,True
1723132103,20484863,1927840436155851274938462077444,63839,166,600,600,0,True
1723132115,20484864,1927840436155851274938462077444,63839,166,600,600,0,True
1723132127,20484865,1927840436155851274938462077444,63839,166,600,600,0,True
1723132139,20484866,1927840436155851274938462077444,63839,166,600,600,0,True
1723132151,20484867,1927840436155851274938462077444,63839,166,600,600,0,True
1723132163,20484868,1927840436155851274938462077444,63839,166,600,600,0,True
1723132175,20484869,1927840436155851274938462077444,63839,166,600,600,0,True
1723132187,20484870,1927840436155851274938462077444,63839,166,600,600,0,True
1723132199,20484871,1927840436155851274938462077444,63839,166,600,600,0,True
1723132211,20484872,1927840436155851274938462077444,63839,166,600,600,0,True
1723132223,20484873,1927840436155851274938462077444,63839,166,600,600,0,True
1723132235,20484874,1927840436155851274938462077444,63839,166,600,600,0,True
1723132247,20484875,1928170496730258089826999100278,63843,167,600,600,0,True
1723132259,20484876,1928170496730258089826999100278,63843,167,600,600,0,True
1723132271,20484877,1928500393644515607340229486114,63846,168,600,600,0,True
1723132283,20484878,1929656128135782316227099099136,63858,169,600,600,0,True
1723132295,20484879,1929656128135782316227099099136,63858,169,600,600,0,True
1723132307,20484880,1929656128135782316227099099136,63858,169,600,600,0,True
1723132319,20484881,1929656128135782316227099099136,63858,169,600,600,0,True
1723132331,20484882,1929656128135782316227099099136,63858,169,600,600,0,True
1723132343,20484883,1929656128135782316227099099136,63858,169,600,600,0,True
1723132355,20484884,1929656128135782316227099099136,63858,169,600,600,0,True
1723132367,20484885,1929656128135782316227099099136,63858,169,600,600,0,True
1723132379,20484886,1929656128135782316227099099136,63858,169,600,600,0,True
1723132391,20484887,1929656128135782316227099099136,63858,169,600,600,0,True
1723132403,20484888,1929656128135782316227099099136,63858,169,600,600,0,True
1723132415,20484889,1929656128135782316227099099136,63858,169,600,600,0,True
1723132427,20484890,1929656128135782316227099099136,63858,169,600,600,0,True
1723132439,20484891,1929656128135782316227099099136,63858,169,600,600,0,True
1723132451,20484892,1929656128135782316227099099136,63858,169,600,600,0,True
1723132463,20484893,1929656128135782316227099099136,63858,169,600,600,0,True
1723132475,20484894,1929656128135782316227099099136,63858,169,600,600,0,True
1723132487,20484895,1929656128135782316227099099136,63858,169,600,600,0,True
1723132499,20484896,1929656128135782316227099099136,63858,169,600,600,0,True
1723132511,20484897,1929656128135782316227099099136,63858,169,600,600,0,True
1723132523,20484898,1929656128135782316227099099136,63858,169,600,600,0,True
1723132535,20484899,1929656128135782316227099099136,63858,169,600,600,0,True
1723132547,20484900,1929656128135782316227099099136,63858,169,600,600,0,True
1723132559,20484901,1929656128135782316227099099136,63858,169,600,600,0,True
1723132571,20484902,1929656128135782316227099099136,63858,169,600,600,0,True
1723132583,20484903,1929656128135782316227099099136,63858,169,600,600,0,True
1723132595,20484904,1929656128135782316227099099136,63858,169,600,600,0,True
1723132607,20484905,1929656128135782316227099099136,63858,169,600,600,0,True
1723132619,20484906,1929656128135782316227099099136,63858,169,600,600,0,True
1723132631,20484907,1929656128135782316227099099136,63858,169,600,600,0,True
1723132643,20484908,1929656128135782316227099099136,63858,169,600,600,0,True
1723132655,20484909,1929656128135782316227099099136,63858,169,600,600,0,True
1723132667,20484910,1929656128135782316227099099136,63858,169,600,600,0,True
1723132679,20484911,1929656128135782316227099099136,63858,169,600,600,0,True
1723132691,20484912,1929656128135782316227099099136,63858,169,600,600,0,True
1723132703,20484913,1929656128135782316227099099136,63858,169,600,600,0,True
1723132715,20484914,1929922232457761183825304140359,63861,170,600,600,0,True
1723132727,20484915,1929922232457761183825304140359,63861,170,600,600,0,True
1723132739,20484916,1930200209290280488397107127975,63864,171,600,600,0,True
1723132751,20484917,1930200209290280488397107127975,63864,171,600,600,0,True
1723132763,20484918,1930200209290280488397107127975,63864,171,600,600,0,True
1723132775,20484919,1930200209290280488397107127975,63864,171,600,600,0,True
1723132787,20484920,1930200209290280488397107127975,63864,171,600,600,0,True
1723132799,20484921,1930200209290280488397107127975,63864,171,600,600,0,True
1723132811,20484922,1930200209290280488397107127975,63864,171,600,600,0,True
1723132823,20484923,1930200209290280488397107127975,63864,171,600,600,0,True
1723132835,20484924,1930200209290280488397107127975,63864,171,600,600,0,True
1723132847,20484925,1930200209290280488397107127975,63864,171,600,600,0,True
1723132859,20484926,1930200209290280488397107127975,63864,171,600,600,0,True
1723132871,20484927,1930200209290280488397107127975,63864,171,600,600,0,True
1723132883,20484928,1930200209290280488397107127975,63864,171,600,600,0,True
1723132895,20484929,1930200209290280488397107127975,63864,171,600,600,0,True
1723132907,20484930,1930200209290280488397107127975,63864,171,600,600,0,True
1723132919,20484931,1930200209290280488397107127975,63864,171,600,600,0,True
1723132931,20484932,1930200209290280488397107127975,63864,171,600,600,0,True
1723132943,20484933,1930200209290280488397107127975,63864,171,600,600,0,True
1723132955,20484934,1930200209290280488397107127975,63864,171,600,600,0,True
1723132967,20484935,1932233174785696970385563421852,63885,172,600,600,0,True
1723132979,20484936,1932233174785696970385563421852,63885,172,600,600,0,True
1723132991,20484937,1932233174785696970385563421852,63885,172,600,600,0,True
1723133003,20484938,1932486798789209194217873806147,63887,173,600,600,0,True
1723133015,20484939,1933057309932630538036132457631,63893,174,600,600,0,True
1723133027,20484940,1933360478415596904584755091000,63896,175,600,600,0,True
1723133039,20484941,1933892936881700240724970522394,63902,176,600,600,0,True
1723133051,20484942,1933892936881700240724970522394,63902,176,600,600,0,True
1723133063,20484943,1933892936881700240724970522394,63902,176,600,600,0,True
1723133075,20484944,1933892936881700240724970522394,63902,176,600,600,0,True
1723133087,20484945,1933892936881700240724970522394,63902,176,600,600,0,True
1723133099,20484946,1933892936881700240724970522394,63902,176,600,600,0,True
1723133111,20484947,1933892936881700240724970522394,63902,176,600,600,0,True
1723133123,20484948,1933892936881700240724970522394,63902,176,600,600,0,True
1723133135,20484949,1933892936881700240724970522394,63902,176,600,600,0,True
1723133147,20484950,1933892936881700240724970522394,63902,176,600,600,0,True
1723133159,20484951,1933892936881700240724970522394,63902,176,600,600,0,True
1723133171,20484952,1933892936881700240724970522394,63902,176,600,600,0,True
1723133183,20484953,1933892936881700240724970522394,63902,176,600,600,0,True
1723133195,20484954,1933892936881700240724970522394,63902,176,600,600,0,True
1723133207,20484955,1933892936881700240724970522394,63902,176,600,600,0,True
1723133219,20484956,1933892936881700240724970522394,63902,176,600,600,0,True
1723133231,20484957,1933892936881700240724970522394,63902,176,600,600,0,True
1723133243,20484958,1933892936881700240724970522394,63902,176,600,600,0,True
1723133255,20484959,1933892936881700240724970522394,63902,176,600,600,0,True
1723133267,20484960,1933892936881700240724970522394,63902,176,600,600,0,True
1723133279,20484961,1933892936881700240724970522394,63902,176,600,600,0,True
1723133291,20484962,1933892936881700240724970522394,63902,176,600,600,0,True
1723133303,20484963,1933892936881700240724970522394,63902,176,600,600,0,True
1723133315,20484964,1933892936881700240724970522394,63902,176,600,600,0,True
1723133327,20484965,1934138590860955051699654161810,63904,177,600,600,0,True
1723133339,20484966,1934138590860955051699654161810,63904,177,600,600,0,True
1723133351,20484967,1934138590860955051699654161810,63904,177,600,600,0,True
1723133363,20484968,1934138590860955051699654161810,63904,177,600,600,0,True
1723133375,20484969,1934138590860955051699654161810,63904,177,600,600,0,True
1723133387,20484970,1934138590860955051699654161810,63904,177,600,600,0,True
1723133399,20484971,1934138590860955051699654161810,63904,177,600,600,0,True
1723133411,20484972,1934138590860955051699654161810,63904,177,600,600,0,True
1723133423,20484973,1934138590860955051699654161810,63904,177,600,600,0,True
1723133435,20484974,1934138590860955051699654161810,63904,177,600,600,0,True
1723133447,20484975,1934138590860955051699654161810,63904,177,600,600,0,True
1723133459,20484976,1934138590860955051699654161810,63904,177,600,600,0,True
1723133471,20484977,1934138590860955051699654161810,63904,177,600,600,0,True
1723133483,20484978,1934138590860955051699654161810,63904,177,600,600,0,True
1723133495,20484979,1935560563304206262214142321014,63919,178,600,600,0,True
1723133507,20484980,1935560563304206262214142321014,63919,178,600,600,0,True
1723133519,20484981,1935560563304206262214142321014,63919,178,600,600,0,True
1723133531,20484982,1935560563304206262214142321014,63919,178,600,600,0,True
1723133543,20484983,1935560563304206262214142321014,63919,178,600,600,0,True
1723133555,20484984,1936208249323976241866443282160,63926,179,600,600,0,True
1723133567,20484985,1936208249323976241866443282160,63926,179,600,600,0,True
1723133579,20484986,1936208249323976241866443282160,63926,179,600,600,0,True
1723133591,20484987,1936208249323976241866443282160,63926,179,600,600,0,True
1723133603,20484988,1936208249323976241866443282160,63926,179,600,600,0,True
1723133615,20484989,1936208249323976241866443282160,63926,179,600,600,0,True
1723133627,20484990,1936208249323976241866443282160,63926,179,600,600,0,True
1723133639,20484991,1936208249323976241866443282160,63926,179,600,600,0,True
1723133651,20484992,1936208249323976241866443282160,63926,179,600,600,0,True
1723133663,20484993,1936208249323976241866443282160,63926,179,600,600,0,True
1723133675,20484994,1936208249323976241866443282160,63926,179,600,600,0,True
1723133687,20484995,1936208249323976241866443282160,63926,179,600,600,0,True
1723133699,20484996,1936208249323976241866443282160,63926,179,600,600,0,True
1723133711,20484997,1936208249323976241866443282160,63926,179,600,600,0,True
1723133723,20484998,1936208249323976241866443282160,63926,179,600,600,0,True
1723133735,20484999,1936208249323976241866443282160,63926,179,600,600,0,True
1723133747,20485000,1936208249323976241866443282160,63926,179,600,600,0,True
1723133759,20485001,1936208249323976241866443282160,63926,179,600,600,0,True
1723133771,20485002,1936208249323976241866443282160,63926,179,600,600,0,True
1723133783,20485003,1936208249323976241866443282160,63926,179,600,600,0,True
1723133795,20485004,1936208249323976241866443282160,63926,179,600,600,0,True
1723133807,20485005,1936208249323976241866443282160,63926,179,600,600,0,True
1723133819,20485006,1936221819111570806923806950122,63926,180,600,600,0,True
1723133831,20485007,1936221819111570806923806950122,63926,180,600,600,0,True
1723133843,20485008,1936221819111570806923806950122,63926,180,600,600,0,True
1723133855,20485009,1936221819111570806923806950122,63926,180,600,600,0,True
1723133867,20485010,1936221819111570806923806950122,63926,180,600,600,0,True
1723133879,20485011,1936221819111570806923806950122,63926,180,600,600,0,True
1723133891,20485012,1936221819111570806923806950122,63926,180,600,600,0,True
1723133903,20485013,1936221819111570806923806950122,63926,180,600,600,0,True
1723133915,20485014,1936221819111570806923806950122,63926,180,600,600,0,True
1723133927,20485015,1936221819111570806923806950122,63926,180,600,600,0,True
1723133939,20485016,1936221819111570806923806950122,63926,180,600,600,0,True
1723133951,20485017,1936221819111570806923806950122,63926,180,600,600,0,True
1723133963,20485018,1936221819111570806923806950122,63926,180,600,600,0,True
1723133975,20485019,1936221819111570806923806950122,63926,180,600,600,0,True
1723133987,20485020,1936421962430984706215505101205,63928,181,600,600,0,True
1723133999,20485021,1936421962430984706215505101205,63928,181,600,600,0,True
1723134011,20485022,1936421962430984706215505101205,63928,181,600,600,0,True
1723134023,20485023,1936421962430984706215505101205,63928,181,600,600,0,True
1723134035,20485024,1936421962430984706215505101205,63928,181,600,600,0,True
1723134047,20485025,1936421962430984706215505101205,63928,181,600,600,0,True
1723134059,20485026,1936421962430984706215505101205,63928,181,600,600,0,True
1723134071,20485027,1936421962430984706215505101205,63928,181,600,600,0,True
1723134083,20485028,1936421962430984706215505101205,63928,181,600,600,0,True
1723134095,20485029,1936421962430984706215505101205,63928,181,600,600,0,True
1723134107,20485030,1936421962430984706215505101205,63928,181,600,600,0,True
1723134119,20485031,1936421962430984706215505101205,63928,181,600,600,0,True
1723134131,20485032,1936421962430984706215505101205,63928,181,600,600,0,True
1723134143,20485033,1936421962430984706215505101205,63928,181,600,600,0,True
1723134155,20485034,1936421962430984706215505101205,63928,181,600,600,0,True
1723134167,20485035,1936421962430984706215505101205,63928,181,600,600,0,True
1723134179,20485036,1936421962430984706215505101205,63928,181,600,600,0,True
1723134191,20485037,1936421962430984706215505101205,63928,181,600,600,0,True
1723134203,20485038,1936421962430984706215505101205,63928,181,600,600,0,True
1723134215,20485039,1936421962430984706215505101205,63928,181,600,600,0,True
1723134227,20485040,1936421962430984706215505101205,63928,181,600,600,0,True
1723134239,20485041,1936421962430984706215505101205,63928,181,600,600,0,True
1723134251,20485042,1936421962430984706215505101205,63928,181,600,600,0,True
1723134263,20485043,1936421962430984706215505101205,63928,181,600,600,0,True
1723134275,20485044,1936421962430984706215505101205,63928,181,600,600,0,True
1723134287,20485045,1936421962430984706215505101205,63928,181,600,600,0,True
1723134299,20485046,1936421962430984706215505101205,63928,181,600,600,0,True
1723134311,20485047,1936421962430984706215505101205,63928,181,600,600,0,True
1723134323,20485048,1936421962430984706215505101205,63928,181,600,600,0,True
1723134335,20485049,1936421962430984706215505101205,63928,181,600,600,0,True
1723134347,20485050,1936421962430984706215505101205,63928,181,600,600,0,True
1723134359,20485051,1936421962430984706215505101205,63928,181,600,600,0,True
1723134371,20485052,1936421962430984706215505101205,63928,181,600,600,0,True
1723134383,20485053,1936421962430984706215505101205,63928,181,600,600,0,True
1723134395,20485054,1936421962430984706215505101205,63928,181,600,600,0,True
1723134407,20485055,1936421962430984706215505101205,63928,181,600,600,0,True
1723134419,20485056,1936421962430984706215505101205,63928,181,600,600,0,True
1723134431,20485057,1936421962430984706215505101205,63928,181,600,600,0,True
1723134443,20485058,1936421962430984706215505101205,63928,181,600,600,0,True
1723134455,20485059,1936421962430984706215505101205,63928,181,600,600,0,True
1723134467,20485060,1936421962430984706215505101205,63928,181,600,600,0,True
1723134479,20485061,1936421962430984706215505101205,63928,181,600,600,0,True
1723134491,20485062,1936421962430984706215505101205,63928,181,600,600,0,True
1723134503,20485063,1936421962430984706215505101205,63928,181,600,600,0,True
1723134515,20485064,1936421962430984706215505101205,63928,181,600,600,0,True
1723134527,20485065,1936421962430984706215505101205,63928,181,600,600,0,True
1723134539,20485066,1936421962430984706215505101205,63928,181,600,600,0,True
1723134551,20485067,1936421962430984706215505101205,63928,181,600,600,0,True
1723134563,20485068,1936421962430984706215505101205,63928,181,600,600,0,True
1723134575,20485069,1936421962430984706215505101205,63928,181,600,600,0,True
1723134587,20485070,1936421962430984706215505101205,63928,181,600,600,0,True
1723134599,20485071,1936421962430984706215505101205,63928,181,600,600,0,True
1723134611,20485072,1936421962430984706215505101205,63928,181,600,600,0,True
1723134623,20485073,1936421962430984706215505101205,63928,181,600,600,0,True
1723134635,20485074,1936421962430984706215505101205,63928,181,600,600,0,True
1723134647,20485075,1936421962430984706215505101205,63928,181,600,600,0,True
1723134659,20485076,1936421962430984706215505101205,63928,181,600,600,0,True
1723134671,20485077,1936421962430984706215505101205,63928,181,600,600,0,True
1723134683,20485078,1936421962430984706215505101205,63928,181,600,600,0,True
1723134695,20485079,1936421962430984706215505101205,63928,181,600,600,0,True
1723134707,20485080,1936421962430984706215505101205,63928,181,600,600,0,True
1723134719,20485081,1936055320917257558230378914852,63924,182,600,600,0,True
1723134731,20485082,1936055320917257558230378914852,63924,182,600,600,0,True
1723134743,20485083,1936055320917257558230378914852,63924,182,600,600,0,True
1723134755,20485084,1936055320917257558230378914852,63924,182,600,600,0,True
1723134767,20485085,1936055320917257558230378914852,63924,182,600,600,0,True
1723134779,20485086,1936055320917257558230378914852,63924,182,600,600,0,True
1723134791,20485087,1936055320917257558230378914852,63924,182,600,600,0,True
1723134803,20485088,1936055320917257558230378914852,63924,182,600,600,0,True
1723134815,20485089,1936055320917257558230378914852,63924,182,600,600,0,True
1723134827,20485090,1936055320917257558230378914852,63924,182,600,600,0,True
1723134839,20485091,1936055320917257558230378914852,63924,182,600,600,0,True
1723134851,20485092,1936055320917257558230378914852,63924,182,600,600,0,True
1723134863,20485093,1936055320917257558230378914852,63924,182,600,600,0,True
1723134875,20485094,1936055320917257558230378914852,63924,182,600,600,0,True
1723134887,20485095,1936055320917257558230378914852,63924,182,600,600,0,True
1723134899,20485096,1936055320917257558230378914852,63924,182,600,600,0,True
1723134911,20485097,1936055320917257558230378914852,63924,182,600,600,0,True
1723134923,20485098,1936055320917257558230378914852,63924,182,600,600,0,True
1723134935,20485099,1935791082117557598103814216707,63921,183,600,600,0,True
1723134947,20485100,1935791082117557598103814216707,63921,183,600,600,0,True
1723134959,20485101,1935791082117557598103814216707,63921,183,600,600,0,True
1723134971,20485102,1935791082117557598103814216707,63921,183,600,600,0,True
1723134983,20485103,1935791082117557598103814216707,63921,183,600,600,0,True
1723134995,20485104,1935255542675101753556281088512,63916,184,600,600,0,True
1723135007,20485105,1935255542675101753556281088512,63916,184,600,600,0,True
1723135019,20485106,1935255542675101753556281088512,63916,184,600,600,0,True
1723135031,20485107,1935091846869896868907187534702,63914,185,600,600,0,True
1723135043,20485108,1934826439868480134398014327999,63912,186,600,600,0,True
1723135055,20485109,1934582402684964922580979813440,63909,187,600,600,0,True
1723135067,20485110,1934582402684964922580979813440,63909,187,600,600,0,True
1723135079,20485111,1934312042253408444933877117494,63906,188,600,600,0,True
1723135091,20485112,1934312042253408444933877117494,63906,188,600,600,0,True
1723135103,20485113,1934312042253408444933877117494,63906,188,600,600,0,True
1723135115,20485114,1934312042253408444933877117494,63906,188,600,600,0,True
1723135127,20485115,1934312042253408444933877117494,63906,188,600,600,0,True
1723135139,20485116,1934312042253408444933877117494,63906,188,600,600,0,True
1723135151,20485117,1934312042253408444933877117494,63906,188,600,600,0,True
1723135163,20485118,1934312042253408444933877117494,63906,188,600,600,0,True
1723135175,20485119,1934312042253408444933877117494,63906,188,600,600,0,True
1723135187,20485120,1934210101170287828151158431746,63905,189,600,600,0,True
1723135199,20485121,1934210101170287828151158431746,63905,189,600,600,0,True
1723135211,20485122,1934210101170287828151158431746,63905,189,600,600,0,True
1723135223,20485123,1934210101170287828151158431746,63905,189,600,600,0,True
1723135235,20485124,1934210101170287828151158431746,63905,189,600,600,0,True
1723135247,20485125,1934210101170287828151158431746,63905,189,600,600,0,True
1723135259,20485126,1934210101170287828151158431746,63905,189,600,600,0,True
1723135271,20485127,1934210101170287828151158431746,63905,189,600,600,0,True
1723135283,20485128,1934210101170287828151158431746,63905,189,600,600,0,True
1723135295,20485129,1934210101170287828151158431746,63905,189,600,600,0,True
1723135307,20485130,1934210101170287828151158431746,63905,189,600,600,0,True
1723135319,20485131,1934210101170287828151158431746,63905,189,600,600,0,True
1723135331,20485132,1934210101170287828151158431746,63905,189,600,600,0,True
1723135343,20485133,1934210101170287828151158431746,63905,189,600,600,0,True
1723135355,20485134,1934210101170287828151158431746,63905,189,600,600,0,True
1723135367,20485135,1934210101170287828151158431746,63905,189,600,600,0,True
1723135379,20485136,1934210101170287828151158431746,63905,189,600,600,0,True
1723135391,20485137,1934210101170287828151158431746,63905,189,600,600,0,True
1723135403,20485138,1934210101170287828151158431746,63905,189,600,600,0,True
1723135415,20485139,1934187967256359883887688034030,63905,189,600,600,0,True
1723135427,20485140,1934187967256359883887688034030,63905,189,600,600,0,True
1723135439,20485141,1934187967256359883887688034030,63905,189,600,600,0,True
1723135451,20485142,1934187967256359883887688034030,63905,189,600,600,0,True
1723135463,20485143,1934187967256359883887688034030,63905,189,600,600,0,True
1723135475,20485144,1934187967256359883887688034030,63905,189,600,600,0,True
1723135487,20485145,1934187967256359883887688034030,63905,189,600,600,0,True
1723135499,20485146,1934058975613914394142474647072,63904,190,600,600,0,True
1723135511,20485147,1934058975613914394142474647072,63904,190,600,600,0,True
1723135523,20485148,1934058975613914394142474647072,63904,190,600,600,0,True
1723135535,20485149,1934058975613914394142474647072,63904,190,600,600,0,True
1723135547,20485150,1934058975613914394142474647072,63904,190,600,600,0,True
1723135559,20485151,1934058975613914394142474647072,63904,190,600,600,0,True
1723135571,20485152,1934058975613914394142474647072,63904,190,600,600,0,True
1723135583,20485153,1934058975613914394142474647072,63904,190,600,600,0,True
1723135595,20485154,1934058975613914394142474647072,63904,190,600,600,0,True
1723135607,20485155,1934058975613914394142474647072,63904,190,600,600,0,True
1723135619,20485156,1934058975613914394142474647072,63904,190,600,600,0,True
1723135631,20485157,1934058975613914394142474647072,63904,190,600,600,0,True
1723135643,20485158,1934058975613914394142474647072,63904,190,600,600,0,True
1723135655,20485159,1934058975613914394142474647072,63904,190,600,600,0,True
1723135667,20485160,1934058975613914394142474647072,63904,190,600,600,0,True
1723135679,20485161,1934058975613914394142474647072,63904,190,600,600,0,True
1723135691,20485162,1934058975613914394142474647072,63904,190,600,600,0,True
1723135703,20485163,1934058975613914394142474647072,63904,190,600,600,0,True
1723135715,20485164,1934058975613914394142474647072,63904,190,600,600,0,True
1723135727,20485165,1934058975613914394142474647072,63904,190,600,600,0,True
1723135739,20485166,1934058975613914394142474647072,63904,190,600,600,0,True
1723135751,20485167,1934058975613914394142474647072,63904,190,600,600,0,True
1723135763,20485168,1934058975613914394142474647072,63904,190,600,600,0,True
1723135775,20485169,1934058975613914394142474647072,63904,190,600,600,0,True
1723135787,20485170,1934058975613914394142474647072,63904,190,600,600,0,True
1723135799,20485171,1934058975613914394142474647072,63904,190,600,600,0,True
1723135811,20485172,1934058975613914394142474647072,63904,190,600,600,0,True
1723135823,20485173,1934058975613914394142474647072,63904,190,600,600,0,True
1723135835,20485174,1934058975613914394142474647072,63904,190,600,600,0,True
1723135847,20485175,1934058975613914394142474647072,63904,190,600,600,0,True
1723135859,20485176,1934058975613914394142474647072,63904,190,600,600,0,True
1723135871,20485177,1934058975613914394142474647072,63904,190,600,600,0,True
1723135883,20485178,1934058975613914394142474647072,63904,190,600,600,0,True
1723135895,20485179,1934058975613914394142474647072,63904,190,600,600,0,True
1723135907,20485180,1934058975613914394142474647072,63904,190,600,600,0,True
1723135919,20485181,1934058975613914394142474647072,63904,190,600,600,0,True
1723135931,20485182,1934058975613914394142474647072,63904,190,600,600,0,True
1723135943,20485183,1934058975613914394142474647072,63904,190,600,600,0,True
1723135955,20485184,1934058975613914394142474647072,63904,190,600,600,0,True
1723135967,20485185,1934058975613914394142474647072,63904,190,600,600,0,True
1723135979,20485186,1934058975613914394142474647072,63904,190,600,600,0,True
1723135991,20485187,1934058975613914394142474647072,63904,190,600,600,0,True
1723136003,20485188,1934058975613914394142474647072,63904,190,600,600,0,True
1723136015,20485189,1934058975613914394142474647072,63904,190,600,600,0,True
1723136027,20485190,1934058975613914394142474647072,63904,190,600,600,0,True
1723136039,20485191,1934058975613914394142474647072,63904,190,600,600,0,True
1723136051,20485192,1934058975613914394142474647072,63904,190,600,600,0,True
1723136063,20485193,1934058975613914394142474647072,63904,190,600,600,0,True
1723136075,20485194,1934058975613914394142474647072,63904,190,600,600,0,True
1723136087,20485195,1934058975613914394142474647072,63904,190,600,600,0,True
1723136099,20485196,1934058975613914394142474647072,63904,190,600,600,0,True
1723136111,20485197,1934058975613914394142474647072,63904,190,600,600,0,True
1723136123,20485198,1934058975613914394142474647072,63904,190,600,600,0,True
1723136135,20485199,1934058975613914394142474647072,63904,190,600,600,0,True
1723136147,20485200,1934058975613914394142474647072,63904,190,600,600,0,True
1723136159,20485201,1934058975613914394142474647072,63904,190,600,600,0,True
1723136171,20485202,1934058975613914394142474647072,63904,190,600,600,0,True
1723136183,20485203,1934058975613914394142474647072,63904,190,600,600,0,True
1723136195,20485204,1934058975613914394142474647072,63904,190,600,600,0,True
1723136207,20485205,1934058975613914394142474647072,63904,190,600,600,0,True
1723136219,20485206,1934058975613914394142474647072,63904,190,600,600,0,True
1723136231,20485207,1934058975613914394142474647072,63904,190,600,600,0,True
1723136243,20485208,1934058975613914394142474647072,63904,190,600,600,0,True
1723136255,20485209,1934058975613914394142474647072,63904,190,600,600,0,True
1723136267,20485210,1934058975613914394142474647072,63904,190,600,600,0,True
1723136279,20485211,1934058975613914394142474647072,63904,190,600,600,0,True
1723136291,20485212,1934058975613914394142474647072,63904,190,600,600,0,True
1723136303,20485213,1934058975613914394142474647072,63904,190,600,600,0,True
1723136315,20485214,1934058975613914394142474647072,63904,190,600,600,0,True
1723136327,20485215,1934058975613914394142474647072,63904,190,600,600,0,True
1723136339,20485216,1934058975613914394142474647072,63904,190,600,600,0,True
1723136351,20485217,1934058975613914394142474647072,63904,190,600,600,0,True
1723136363,20485218,1934058975613914394142474647072,63904,190,600,600,0,True
1723136375,20485219,1934058975613914394142474647072,63904,190,600,600,0,True
1723136387,20485220,1934058975613914394142474647072,63904,190,600,600,0,True
1723136399,20485221,1934058975613914394142474647072,63904,190,600,600,0,True
1723136411,20485222,1934058975613914394142474647072,63904,190,600,600,0,True
1723136423,20485223,1934058975613914394142474647072,63904,190,600,600,0,True
1723136435,20485224,1934058975613914394142474647072,63904,190,600,600,0,True
1723136447,20485225,1934058975613914394142474647072,63904,190,600,600,0,True
1723136459,20485226,1934058975613914394142474647072,63904,190,600,600,0,True
1723136471,20485227,1934058975613914394142474647072,63904,190,600,600,0,True
1723136483,20485228,1934058975613914394142474647072,63904,190,600,600,0,True
1723136495,20485229,1936894675446818120308930892127,63933,191,600,600,0,True
1723136507,20485230,1936894675446818120308930892127,63933,191,600,600,0,True
1723136519,20485231,1936894675446818120308930892127,63933,191,600,600,0,True
1723136531,20485232,1936894675446818120308930892127,63933,191,600,600,0,True
1723136543,20485233,1936605210126513376389782735658,63930,192,600,600,0,True
1723136555,20485234,1936047583580288634290485495816,63924,193,600,600,0,True
1723136567,20485235,1936047583580288634290485495816,63924,193,600,600,0,True
1723136579,20485236,1935715692348539663190748988892,63921,194,600,600,0,True
1723136591,20485237,1934602905637119144382834522037,63909,195,600,600,0,True
1723136603,20485238,1934045279090500831146242260275,63903,196,600,600,0,True
1723136615,20485239,1933097313961239592433911608877,63894,197,600,600,0,True
1723136627,20485240,1933097313961239592433911608877,63894,197,600,600,0,True
1723136639,20485241,1932922962238181537483252464344,63892,198,600,600,0,True
1723136651,20485242,1932922962238181537483252464344,63892,198,600,600,0,True
1723136663,20485243,1932922962238181537483252464344,63892,198,600,600,0,True
1723136675,20485244,1932922962238181537483252464344,63892,198,600,600,0,True
1723136687,20485245,1932922962238181537483252464344,63892,198,600,600,0,True
1723136699,20485246,1932922962238181537483252464344,63892,198,600,600,0,True
1723136711,20485247,1932922962238181537483252464344,63892,198,600,600,0,True
1723136723,20485248,1932922962238181537483252464344,63892,198,600,600,0,True
1723136735,20485249,1932922962238181537483252464344,63892,198,600,600,0,True
1723136747,20485250,1932922962238181537483252464344,63892,198,600,600,0,True
1723136759,20485251,1932796788106050537915567014350,63891,199,600,600,0,True
1723136771,20485252,1932796788106050537915567014350,63891,199,600,600,0,True
1723136783,20485253,1932796788106050537915567014350,63891,199,600,600,0,True
1723136795,20485254,1932796788106050537915567014350,63891,199,600,600,0,True
1723136807,20485255,1932796788106050537915567014350,63891,199,600,600,0,True
1723136819,20485256,1932796788106050537915567014350,63891,199,600,600,0,True
1723136831,20485257,1932796788106050537915567014350,63891,199,600,600,0,True
1723136843,20485258,1932796788106050537915567014350,63891,199,600,600,0,True
1723136855,20485259,1932796788106050537915567014350,63891,199,600,600,0,True
1723136867,20485260,1932796788106050537915567014350,63891,199,600,600,0,True
1723136879,20485261,1932796788106050537915567014350,63891,199,600,600,0,True
1723136891,20485262,1932796788106050537915567014350,63891,199,600,600,0,True
1723136903,20485263,1932796788106050537915567014350,63891,199,600,600,0,True
1723136915,20485264,1932796788106050537915567014350,63891,199,600,600,0,True
1723136927,20485265,1932796788106050537915567014350,63891,199,600,600,0,True
1723136939,20485266,1932796788106050537915567014350,63891,199,600,600,0,True
1723136951,20485267,1932796788106050537915567014350,63891,199,600,600,0,True
1723136963,20485268,1932796788106050537915567014350,63891,199,600,600,0,True
1723136975,20485269,1932796788106050537915567014350,63891,199,600,600,0,True
1723136987,20485270,1932796788106050537915567014350,63891,199,600,600,0,True
1723136999,20485271,1932796788106050537915567014350,63891,199,600,600,0,True
1723137011,20485272,1932796788106050537915567014350,63891,199,600,600,0,True
1723137023,20485273,1932796788106050537915567014350,63891,199,600,600,0,True
1723137035,20485274,1932796788106050537915567014350,63891,199,600,600,0,True
1723137047,20485275,1932796788106050537915567014350,63891,199,600,600,0,True
1723137059,20485276,1932796788106050537915567014350,63891,199,600,600,0,True
1723137071,20485277,1932796788106050537915567014350,63891,199,600,600,0,True
1723137083,20485278,1932796788106050537915567014350,63891,199,600,600,0,True
1723137095,20485279,1932796788106050537915567014350,63891,199,600,600,0,True
1723137107,20485280,1932796788106050537915567014350,63891,199,600,600,0,True
1723137119,20485281,1932796788106050537915567014350,63891,199,600,600,0,True
1723137131,20485282,1932796788106050537915567014350,63891,199,600,600,0,True
1723137143,20485283,1932796788106050537915567014350,63891,199,600,600,0,True
1723137155,20485284,1932796788106050537915567014350,63891,199,600,600,0,True
1723137167,20485285,1932796788106050537915567014350,63891,199,600,600,0,True
1723137179,20485286,1932796788106050537915567014350,63891,199,600,600,0,True
1723137191,20485287,1932796788106050537915567014350,63891,199,600,600,0,True
1723137203,20485288,1932796788106050537915567014350,63891,199,600,600,0,True
1723137215,20485289,1932796788106050537915567014350,63891,199,600,600,0,True
1723137227,20485290,1932796788106050537915567014350,63891,199,600,600,0,True
1723137239,20485291,1932796788106050537915567014350,63891,199,600,600,0,True
1723137251,20485292,1932796788106050537915567014350,63891,199,600,600,0,True
1723137263,20485293,1932796788106050537915567014350,63891,199,600,600,0,True
1723137275,20485294,1932796788106050537915567014350,63891,199,600,600,0,True
1723137287,20485295,1932796788106050537915567014350,63891,199,600,600,0,True
1723137299,20485296,1932796788106050537915567014350,63891,199,600,600,0,True
1723137311,20485297,1932796788106050537915567014350,63891,199,600,600,0,True
1723137323,20485298,1932796788106050537915567014350,63891,199,600,600,0,True
1723137335,20485299,1932796788106050537915567014350,63891,199,600,600,0,True
1723137347,20485300,1932796788106050537915567014350,63891,199,600,600,0,True
1723137359,20485301,1932796788106050537915567014350,63891,199,600,600,0,True
1723137371,20485302,1932796788106050537915567014350,63891,200,600,600,0,True
1723137383,20485303,1932796788106050537915567014350,63891,200,600,600,0,True
1723137395,20485304,1932796788106050537915567014350,63891,200,600,600,0,True
1723137407,20485305,1932796788106050537915567014350,63891,200,600,600,0,True
1723137419,20485306,1932796788106050537915567014350,63891,200,600,600,0,True
1723137431,20485307,1932796788106050537915567014350,63891,200,600,600,0,True
1723137443,20485308,1932796788106050537915567014350,63891,200,600,600,0,True
1723137455,20485309,1932796788106050537915567014350,63891,200,600,600,0,True
1723137467,20485310,1932796788106050537915567014350,63891,200,600,600,0,True
1723137479,20485311,1932796788106050537915567014350,63891,200,600,600,0,True
1723137491,20485312,1932796788106050537915567014350,63891,200,600,600,0,True
1723137503,20485313,1932796788106050537915567014350,63891,200,600,600,0,True
1723137515,20485314,1932796788106050537915567014350,63891,200,600,600,0,True
1723137527,20485315,1932796788106050537915567014350,63891,200,600,600,0,True
1723137539,20485316,1932796788106050537915567014350,63891,200,600,600,0,True
1723137551,20485317,1932796788106050537915567014350,63891,200,600,600,0,True
1723137563,20485318,1932796788106050537915567014350,63891,200,600,600,0,True
1723137575,20485319,1932796788106050537915567014350,63891,200,600,600,0,True
1723137587,20485320,1932796788106050537915567014350,63891,200,600,600,0,True
1723137599,20485321,1932796788106050537915567014350,63891,200,600,600,0,True
1723137611,20485322,1932796788106050537915567014350,63891,200,600,600,0,True
1723137623,20485323,1932796788106050537915567014350,63891,200,600,600,0,True
1723137635,20485324,1932796788106050537915567014350,63891,200,600,600,0,True
1723137647,20485325,1932796788106050537915567014350,63891,200,600,600,0,True
1723137659,20485326,1932796788106050537915567014350,63891,200,600,600,0,True
1723137671,20485327,1932796788106050537915567014350,63891,200,600,600,0,True
1723137683,20485328,1932796788106050537915567014350,63891,200,600,600,0,True
1723137695,20485329,1932796788106050537915567014350,63891,200,600,600,0,True
1723137707,20485330,1932796788106050537915567014350,63891,200,600,600,0,True
1723137719,20485331,1932796788106050537915567014350,63891,200,600,600,0,True
1723137731,20485332,1932796788106050537915567014350,63891,200,600,600,0,True
1723137743,20485333,1932796788106050537915567014350,63891,200,600,600,0,True
1723137755,20485334,1932796788106050537915567014350,63891,200,600,600,0,True
1723137767,20485335,1932796788106050537915567014350,63891,200,600,600,0,True
1723137779,20485336,1932796788106050537915567014350,63891,200,600,600,0,True
1723137791,20485337,1932796788106050537915567014350,63891,200,600,600,0,True
1723137803,20485338,1932796788106050537915567014350,63891,200,600,600,0,True
1723137815,20485339,1932796788106050537915567014350,63891,200,600,600,0,True
1723137827,20485340,1932796788106050537915567014350,63891,200,600,600,0,True
1723137839,20485341,1932796788106050537915567014350,63891,200,600,600,0,True
1723137851,20485342,1932796788106050537915567014350,63891,200,600,600,0,True
1723137863,20485343,1932796788106050537915567014350,63891,200,600,600,0,True
1723137875,20485344,1932796788106050537915567014350,63891,200,600,600,0,True
1723137887,20485345,1932796788106050537915567014350,63891,200,600,600,0,True
1723137899,20485346,1932796788106050537915567014350,63891,200,600,600,0,True
1723137911,20485347,1932796788106050537915567014350,63891,200,600,600,0,True
1723137923,20485348,1932796788106050537915567014350,63891,200,600,600,0,True
1723137935,20485349,1932796788106050537915567014350,63891,200,600,600,0,True
1723137947,20485350,1932796788106050537915567014350,63891,200,600,600,0,True
1723137959,20485351,1932796788106050537915567014350,63891,200,600,600,0,True
1723137971,20485352,1932796788106050537915567014350,63891,200,600,600,0,True
1723137983,20485353,1932796788106050537915567014350,63891,200,600,600,0,True
1723137995,20485354,1932796788106050537915567014350,63891,200,600,600,0,True
1723138007,20485355,1932796788106050537915567014350,63891,200,600,600,0,True
1723138019,20485356,1933486659997811715513950142464,63898,201,600,600,0,True
1723138031,20485357,1933486659997811715513950142464,63898,201,600,600,0,True
1723138043,20485358,1933486659997811715513950142464,63898,201,600,600,0,True
1723138055,20485359,1933486659997811715513950142464,63898,201,600,600,0,True
1723138067,20485360,1933486659997811715513950142464,63898,201,600,600,0,True
1723138079,20485361,1933486659997811715513950142464,63898,201,600,600,0,True
1723138091,20485362,1933486659997811715513950142464,63898,201,600,600,0,True
1723138103,20485363,1933486659997811715513950142464,63898,201,600,600,0,True
1723138115,20485364,1933486659997811715513950142464,63898,201,600,600,0,True
1723138127,20485365,1933486659997811715513950142464,63898,201,600,600,0,True
1723138139,20485366,1934172623464244173009506533376,63905,202,600,600,0,True
1723138151,20485367,1935442768495756056416162620095,63918,203,600,600,0,True
1723138163,20485368,1936325599788202678187922030592,63927,204,600,600,0,True
1723138175,20485369,1936325599788202678187922030592,63927,204,600,600,0,True
1723138187,20485370,1936325599788202678187922030592,63927,204,600,600,0,True
1723138199,20485371,1936480549414185114077857007058,63929,205,600,600,0,True
1723138211,20485372,1936480549414185114077857007058,63929,205,600,600,0,True
1723138223,20485373,1936480549414185114077857007058,63929,205,600,600,0,True
1723138235,20485374,1936480549414185114077857007058,63929,205,600,600,0,True
1723138247,20485375,1936480549414185114077857007058,63929,205,600,600,0,True
1723138259,20485376,1936480549414185114077857007058,63929,205,600,600,0,True
1723138271,20485377,1936480549414185114077857007058,63929,205,600,600,0,True
1723138283,20485378,1936480549414185114077857007058,63929,205,600,600,0,True
1723138295,20485379,1936480549414185114077857007058,63929,205,600,600,0,True
1723138307,20485380,1936480549414185114077857007058,63929,205,600,600,0,True
1723138319,20485381,1936480549414185114077857007058,63929,205,600,600,0,True
1723138331,20485382,1936480549414185114077857007058,63929,205,600,600,0,True
1723138343,20485383,1936480549414185114077857007058,63929,205,600,600,0,True
1723138355,20485384,1936480549414185114077857007058,63929,205,600,600,0,True
1723138367,20485385,1936480549414185114077857007058,63929,205,600,600,0,True
1723138379,20485386,1936480549414185114077857007058,63929,205,600,600,0,True
1723138391,20485387,1936480549414185114077857007058,63929,205,600,600,0,True
1723138403,20485388,1936480549414185114077857007058,63929,205,600,600,0,True
1723138415,20485389,1936480549414185114077857007058,63929,205,600,600,0,True
1723138427,20485390,1936480549414185114077857007058,63929,205,600,600,0,True
1723138439,20485391,1936480549414185114077857007058,63929,205,600,600,0,True
1723138451,20485392,1936480549414185114077857007058,63929,205,600,600,0,True
1723138463,20485393,1936480549414185114077857007058,63929,205,600,600,0,True
1723138475,20485394,1936480549414185114077857007058,63929,205,600,600,0,True
1723138487,20485395,1936480549414185114077857007058,63929,205,600,600,0,True
1723138499,20485396,1936480549414185114077857007058,63929,205,600,600,0,True
1723138511,20485397,1936480549414185114077857007058,63929,205,600,600,0,True
1723138523,20485398,1936480549414185114077857007058,63929,205,600,600,0,True
1723138535,20485399,1936480549414185114077857007058,63929,205,600,600,0,True
1723138547,20485400,1936174910196191859391188970476,63925,206,600,600,0,True
1723138559,20485401,1936174910196191859391188970476,63925,206,600,600,0,True
1723138571,20485402,1936174910196191859391188970476,63925,206,600,600,0,True
1723138583,20485403,1936174910196191859391188970476,63925,206,600,600,0,True
1723138595,20485404,1936174910196191859391188970476,63925,206,600,600,0,True
1723138607,20485405,1936174910196191859391188970476,63925,206,600,600,0,True
1723138619,20485406,1936174910196191859391188970476,63925,206,600,600,0,True
1723138631,20485407,1936174910196191859391188970476,63925,206,600,600,0,True
1723138643,20485408,1936174910196191859391188970476,63925,206,600,600,0,True
1723138655,20485409,1936174910196191859391188970476,63925,206,600,600,0,True
1723138667,20485410,1936174910196191859391188970476,63925,206,600,600,0,True
1723138679,20485411,1936174910196191859391188970476,63925,206,600,600,0,True
1723138691,20485412,1936174910196191859391188970476,63925,206,600,600,0,True
1723138703,20485413,1936174910196191859391188970476,63925,206,600,600,0,True
1723138715,20485414,1936174910196191859391188970476,63925,206,600,600,0,True
1723138727,20485415,1936174910196191859391188970476,63925,206,600,600,0,True
1723138739,20485416,1936174910196191859391188970476,63925,206,600,600,0,True
1723138751,20485417,1936174910196191859391188970476,63925,206,600,600,0,True
1723138763,20485418,1936174910196191859391188970476,63925,206,600,600,0,True
1723138775,20485419,1936174910196191859391188970476,63925,206,600,600,0,True
1723138787,20485420,1936174910196191859391188970476,63925,206,600,600,0,True
1723138799,20485421,1936174910196191859391188970476,63925,206,600,600,0,True
1723138811,20485422,1936174910196191859391188970476,63925,206,600,600,0,True
1723138823,20485423,1936174910196191859391188970476,63925,206,600,600,0,True
1723138835,20485424,1936174910196191859391188970476,63925,206,600,600,0,True
1723138847,20485425,1936174910196191859391188970476,63925,206,600,600,0,True
1723138859,20485426,1936174910196191859391188970476,63925,206,600,600,0,True
1723138871,20485427,1936174910196191859391188970476,63925,206,600,600,0,True
1723138883,20485428,1936174910196191859391188970476,63925,206,600,600,0,True
1723138895,20485429,1936174910196191859391188970476,63925,206,600,600,0,True
1723138907,20485430,1936174910196191859391188970476,63925,206,600,600,0,True
1723138919,20485431,1936174910196191859391188970476,63925,206,600,600,0,True
1723138931,20485432,1936174910196191859391188970476,63925,206,600,600,0,True
1723138943,20485433,1936174910196191859391188970476,63925,206,600,600,0,True
1723138955,20485434,1936174910196191859391188970476,63925,206,600,600,0,True
1723138967,20485435,1936174910196191859391188970476,63925,206,600,600,0,True
1723138979,20485436,1936174910196191859391188970476,63925,206,600,600,0,True
1723138991,20485437,1936174588483328589614267229795,63925,206,600,600,0,True
1723139003,20485438,1936174588483328589614267229795,63925,206,600,600,0,True
1723139015,20485439,1936174588483328589614267229795,63925,206,600,600,0,True
1723139027,20485440,1936174588483328589614267229795,63925,206,600,600,0,True
1723139039,20485441,1936174588483328589614267229795,63925,206,600,600,0,True
1723139051,20485442,1936174588483328589614267229795,63925,206,600,600,0,True
1723139063,20485443,1936174588483328589614267229795,63925,206,600,600,0,True
1723139075,20485444,1936174588483328589614267229795,63925,206,600,600,0,True
1723139087,20485445,1936174588483328589614267229795,63925,206,600,600,0,True
1723139099,20485446,1936174588483328589614267229795,63925,206,600,600,0,True
1723139111,20485447,1936174588483328589614267229795,63925,206,600,600,0,True
1723139123,20485448,1936174588483328589614267229795,63925,206,600,600,0,True
1723139135,20485449,1936174588483328589614267229795,63925,206,600,600,0,True
1723139147,20485450,1936174588483328589614267229795,63925,206,600,600,0,True
1723139159,20485451,1936174588483328589614267229795,63925,206,600,600,0,True
1723139171,20485452,1936174588483328589614267229795,63925,206,600,600,0,True
1723139183,20485453,1936174588483328589614267229795,63925,206,600,600,0,True
1723139195,20485454,1936174588483328589614267229795,63925,206,600,600,0,True
1723139207,20485455,1936174588483328589614267229795,63925,206,600,600,0,True
1723139219,20485456,1936174588483328589614267229795,63925,206,600,600,0,True
1723139231,20485457,1936174588483328589614267229795,63925,206,600,600,0,True
1723139243,20485458,1936174588483328589614267229795,63925,206,600,600,0,True
1723139255,20485459,1936174588483328589614267229795,63925,206,600,600,0,True
1723139267,20485460,1936174588483328589614267229795,63925,206,600,600,0,True
1723139279,20485461,1936174588483328589614267229795,63925,206,600,600,0,True
1723139291,20485462,1936174588483328589614267229795,63925,206,600,600,0,True
1723139303,20485463,1936174588483328589614267229795,63925,206,600,600,0,True
1723139315,20485464,1936174588483328589614267229795,63925,206,600,600,0,True
1723139327,20485465,1936174588483328589614267229795,63925,206,600,600,0,True
1723139339,20485466,1936174588483328589614267229795,63925,206,600,600,0,True
1723139351,20485467,1936174588483328589614267229795,63925,206,600,600,0,True
1723139363,20485468,1936174588483328589614267229795,63925,206,600,600,0,True
1723139375,20485469,1936174588483328589614267229795,63925,206,600,600,0,True
1723139387,20485470,1936174588483328589614267229795,63925,206,600,600,0,True
1723139399,20485471,1936174588483328589614267229795,63925,206,600,600,0,True
1723139411,20485472,1936174588483328589614267229795,63925,206,600,600,0,True
1723139423,20485473,1936174588483328589614267229795,63925,206,600,600,0,True
1723139435,20485474,1936174588483328589614267229795,63925,206,600,600,0,True
1723139447,20485475,1936174588483328589614267229795,63925,206,600,600,0,True
1723139459,20485476,1936174588483328589614267229795,63925,206,600,600,0,True
1723139471,20485477,1936174588483328589614267229795,63925,206,600,600,0,True
1723139483,20485478,1936174588483328589614267229795,63925,206,600,600,0,True
1723139495,20485479,1936174588483328589614267229795,63925,206,600,600,0,True
1723139507,20485480,1936174588483328589614267229795,63925,206,600,600,0,True
1723139519,20485481,1936174588483328589614267229795,63925,206,600,600,0,True
1723139531,20485482,1936174588483328589614267229795,63925,206,600,600,0,True
1723139543,20485483,1936174588483328589614267229795,63925,206,600,600,0,True
1723139555,20485484,1936174588483328589614267229795,63925,206,600,600,0,True
1723139567,20485485,1936174588483328589614267229795,63925,206,600,600,0,True
1723139579,20485486,1936174588483328589614267229795,63925,206,600,600,0,True
1723139591,20485487,1936174588483328589614267229795,63925,206,600,600,0,True
1723139603,20485488,1936174588483328589614267229795,63925,206,600,600,0,True
1723139615,20485489,1936174588483328589614267229795,63925,206,600,600,0,True
1723139627,20485490,1936174588483328589614267229795,63925,206,600,600,0,True
1723139639,20485491,1936174588483328589614267229795,63925,206,600,600,0,True
1723139651,20485492,1936174588483328589614267229795,63925,206,600,600,0,True
1723139663,20485493,1936174588483328589614267229795,63925,206,600,600,0,True
1723139675,20485494,1936174588483328589614267229795,63925,206,600,600,0,True
1723139687,20485495,1936174588483328589614267229795,63925,206,600,600,0,True
1723139699,20485496,1936174588483328589614267229795,63925,206,600,600,0,True
1723139711,20485497,1936174588483328589614267229795,63925,206,600,600,0,True
1723139723,20485498,1936174588483328589614267229795,63925,206,600,600,0,True
1723139735,20485499,1936174588483328589614267229795,63925,206,600,600,0,True
1723139747,20485500,1936174588483328589614267229795,63925,206,600,600,0,True
1723139759,20485501,1936174588483328589614267229795,63925,206,600,600,0,True
1723139771,20485502,1936174588483328589614267229795,63925,206,600,600,0,True
1723139783,20485503,1936174588483328589614267229795,63925,206,600,600,0,True
1723139795,20485504,1936174588483328589614267229795,63925,206,600,600,0,True
1723139807,20485505,1936174588483328589614267229795,63925,206,600,600,0,True
1723139819,20485506,1936174588483328589614267229795,63925,206,600,600,0,True
1723139831,20485507,1936174588483328589614267229795,63925,206,600,600,0,True
1723139843,20485508,1936174588483328589614267229795,63925,206,600,600,0,True
1723139855,20485509,1936174588483328589614267229795,63925,206,600,600,0,True
1723139867,20485510,1936174588483328589614267229795,63925,206,600,600,0,True
1723139879,20485511,1936174588483328589614267229795,63925,206,600,600,0,True
1723139891,20485512,1936174588483328589614267229795,63925,206,600,600,0,True
1723139903,20485513,1936174588483328589614267229795,63925,206,600,600,0,True
1723139915,20485514,1936174588483328589614267229795,63925,206,600,600,0,True
1723139927,20485515,1936174588483328589614267229795,63925,206,600,600,0,True
1723139939,20485516,1936174588483328589614267229795,63925,206,600,600,0,True
1723139951,20485517,1935506052633833154063249209869,63919,207,600,600,0,True
1723139963,20485518,1935506052633833154063249209869,63919,207,600,600,0,True
1723139975,20485519,1935506052633833154063249209869,63919,207,600,600,0,True
1723139987,20485520,1935506052633833154063249209869,63919,207,600,600,0,True
1723139999,20485521,1935506052633833154063249209869,63919,207,600,600,0,True
1723140011,20485522,1935506052633833154063249209869,63919,207,600,600,0,True
1723140023,20485523,1935506052633833154063249209869,63919,207,600,600,0,True
1723140035,20485524,1935506052633833154063249209869,63919,207,600,600,0,True
1723140047,20485525,1935506052633833154063249209869,63919,207,600,600,0,True
1723140059,20485526,1934895537507011935460449583104,63912,208,600,600,0,True
1723140071,20485527,1934895537507011935460449583104,63912,208,600,600,0,True
1723140083,20485528,1934895537507011935460449583104,63912,208,600,600,0,True
1723140095,20485529,1934895537507011935460449583104,63912,208,600,600,0,True
1723140107,20485530,1934895537507011935460449583104,63912,208,600,600,0,True
1723140119,20485531,1934895537507011935460449583104,63912,208,600,600,0,True
1723140131,20485532,1934895537507011935460449583104,63912,208,600,600,0,True
1723140143,20485533,1934895537507011935460449583104,63912,208,600,600,0,True
1723140155,20485534,1934895537507011935460449583104,63912,208,600,600,0,True
1723140167,20485535,1934895537507011935460449583104,63912,208,600,600,0,True
1723140179,20485536,1934895537507011935460449583104,63912,208,600,600,0,True
1723140191,20485537,1934895537507011935460449583104,63912,208,600,600,0,True
1723140203,20485538,1934895537507011935460449583104,63912,208,600,600,0,True
1723140215,20485539,1934895537507011935460449583104,63912,208,600,600,0,True
1723140227,20485540,1934895537507011935460449583104,63912,208,600,600,0,True
1723140239,20485541,1934895537507011935460449583104,63912,208,600,600,0,True
1723140251,20485542,1934895537507011935460449583104,63912,208,600,600,0,True
1723140263,20485543,1934895537507011935460449583104,63912,208,600,600,0,True
1723140275,20485544,1934895537507011935460449583104,63912,208,600,600,0,True
1723140287,20485545,1934895537507011935460449583104,63912,208,600,600,0,True
1723140299,20485546,1934895537507011935460449583104,63912,208,600,600,0,True
1723140311,20485547,1934895537507011935460449583104,63912,208,600,600,0,True
1723140335,20485548,1934895537507011935460449583104,63912,208,600,600,0,True
1723140347,20485549,1934895537507011935460449583104,63912,208,600,600,0,True
1723140359,20485550,1934895537507011935460449583104,63912,208,600,600,0,True
1723140371,20485551,1934895537507011935460449583104,63912,208,600,600,0,True
1723140383,20485552,1934895537507011935460449583104,63912,208,600,600,0,True
1723140395,20485553,1934895537507011935460449583104,63912,208,600,600,0,True
1723140407,20485554,1934895537507011935460449583104,63912,208,600,600,0,True
1723140419,20485555,1934895537507011935460449583104,63912,208,600,600,0,True
1723140431,20485556,1934895537507011935460449583104,63912,208,600,600,0,True
1723140443,20485557,1934895537507011935460449583104,63912,208,600,600,0,True
1723140455,20485558,1934895537507011935460449583104,63912,208,600,600,0,True
1723140467,20485559,1934895537507011935460449583104,63912,208,600,600,0,True
1723140479,20485560,1934895537507011935460449583104,63912,208,600,600,0,True
1723140491,20485561,1934895537507011935460449583104,63912,208,600,600,0,True
1723140503,20485562,1934895537507011935460449583104,63912,208,600,600,0,True
1723140515,20485563,1934895537507011935460449583104,63912,208,600,600,0,True
1723140527,20485564,1934895537507011935460449583104,63912,208,600,600,0,True
1723140539,20485565,1934895537507011935460449583104,63912,208,600,600,0,True
1723140551,20485566,1934393697183340165737134912312,63907,209,600,600,0,True
1723140563,20485567,1934393697183340165737134912312,63907,209,600,600,0,True
1723140575,20485568,1934393697183340165737134912312,63907,209,600,600,0,True
1723140587,20485569,1934393697183340165737134912312,63907,209,600,600,0,True
1723140599,20485570,1934393697183340165737134912312,63907,209,600,600,0,True
1723140611,20485571,1934393697183340165737134912312,63907,209,600,600,0,True
1723140623,20485572,1933854319454394968502293202884,63901,210,600,600,0,True
1723140635,20485573,1933854319454394968502293202884,63901,210,600,600,0,True
1723140647,20485574,1933854319454394968502293202884,63901,210,600,600,0,True
1723140659,20485575,1933854319454394968502293202884,63901,210,600,600,0,True
1723140671,20485576,1933854319454394968502293202884,63901,210,600,600,0,True
1723140683,20485577,1933854319454394968502293202884,63901,210,600,600,0,True
1723140695,20485578,1933854319454394968502293202884,63901,210,600,600,0,True
1723140707,20485579,1933854319454394968502293202884,63901,210,600,600,0,True
1723140719,20485580,1933854319454394968502293202884,63901,210,600,600,0,True
1723140731,20485581,1933854319454394968502293202884,63901,210,600,600,0,True
1723140743,20485582,1933854319454394968502293202884,63901,210,600,600,0,True
1723140755,20485583,1933854319454394968502293202884,63901,210,600,600,0,True
1723140767,20485584,1933854319454394968502293202884,63901,210,600,600,0,True
1723140779,20485585,1933854319454394968502293202884,63901,210,600,600,0,True
1723140791,20485586,1933854319454394968502293202884,63901,210,600,600,0,True
1723140803,20485587,1933854319454394968502293202884,63901,210,600,600,0,True
1723140815,20485588,1933854319454394968502293202884,63901,210,600,600,0,True
1723140827,20485589,1933854319454394968502293202884,63901,210,600,600,0,True
1723140839,20485590,1933854319454394968502293202884,63901,210,600,600,0,True
1723140851,20485591,1933854319454394968502293202884,63901,210,600,600,0,True
1723140863,20485592,1933854319454394968502293202884,63901,210,600,600,0,True
1723140875,20485593,1933854319454394968502293202884,63901,210,600,600,0,True
1723140887,20485594,1933854319454394968502293202884,63901,210,600,600,0,True
1723140899,20485595,1933854319454394968502293202884,63901,210,600,600,0,True
1723140911,20485596,1933854319454394968502293202884,63901,210,600,600,0,True
1723140923,20485597,1933854319454394968502293202884,63901,210,600,600,0,True
1723140935,20485598,1933854319454394968502293202884,63901,210,600,600,0,True
1723140947,20485599,1933854319454394968502293202884,63901,210,600,600,0,True
1723140959,20485600,1933854319454394968502293202884,63901,210,600,600,0,True
1723140971,20485601,1933854319454394968502293202884,63901,210,600,600,0,True
1723140983,20485602,1933854319454394968502293202884,63901,210,600,600,0,True
1723140995,20485603,1933854319454394968502293202884,63901,210,600,600,0,True
1723141007,20485604,1933854319454394968502293202884,63901,210,600,600,0,True
1723141019,20485605,1933854319454394968502293202884,63901,210,600,600,0,True
1723141031,20485606,1933854319454394968502293202884,63901,210,600,600,0,True
1723141055,20485607,1933854319454394968502293202884,63901,210,600,600,0,True
1723141067,20485608,1933854319454394968502293202884,63901,210,600,600,0,True
1723141079,20485609,1933854319454394968502293202884,63901,210,600,600,0,True
1723141091,20485610,1933854319454394968502293202884,63901,210,600,600,0,True
1723141103,20485611,1933854319454394968502293202884,63901,210,600,600,0,True
1723141115,20485612,1933854319454394968502293202884,63901,210,600,600,0,True
1723141127,20485613,1933854319454394968502293202884,63901,210,600,600,0,True
1723141139,20485614,1933854319454394968502293202884,63901,210,600,600,0,True
1723141151,20485615,1933854319454394968502293202884,63901,210,600,600,0,True
1723141163,20485616,1933854319454394968502293202884,63901,210,600,600,0,True
1723141175,20485617,1933854319454394968502293202884,63901,210,600,600,0,True
1723141187,20485618,1933854319454394968502293202884,63901,210,600,600,0,True
1723141199,20485619,1933854319454394968502293202884,63901,210,600,600,0,True
1723141211,20485620,1933854319454394968502293202884,63901,210,600,600,0,True
1723141223,20485621,1933854319454394968502293202884,63901,210,600,600,0,True
1723141235,20485622,1933854319454394968502293202884,63901,210,600,600,0,True
1723141247,20485623,1933854319454394968502293202884,63901,210,600,600,0,True
1723141259,20485624,1933854319454394968502293202884,63901,210,600,600,0,True
1723141271,20485625,1933854319454394968502293202884,63901,210,600,600,0,True
1723141283,20485626,1933854319454394968502293202884,63901,210,600,600,0,True
1723141295,20485627,1933854319454394968502293202884,63901,210,600,600,0,True
1723141307,20485628,1933854319454394968502293202884,63901,210,600,600,0,True
1723141319,20485629,1933854319454394968502293202884,63901,210,600,600,0,True
1723141331,20485630,1933854319454394968502293202884,63901,210,600,600,0,True
1723141343,20485631,1933854319454394968502293202884,63901,210,600,600,0,True
1723141355,20485632,1933854319454394968502293202884,63901,210,600,600,0,True
1723141367,20485633,1933854319454394968502293202884,63901,210,600,600,0,True
1723141379,20485634,1933854319454394968502293202884,63901,210,600,600,0,True
1723141391,20485635,1933854319454394968502293202884,63901,210,600,600,0,True
1723141403,20485636,1933854319454394968502293202884,63901,210,600,600,0,True
1723141415,20485637,1933854319454394968502293202884,63901,210,600,600,0,True
1723141427,20485638,1933854319454394968502293202884,63901,210,600,600,0,True
1723141439,20485639,1933854319454394968502293202884,63901,210,600,600,0,True
1723141451,20485640,1933854319454394968502293202884,63901,210,600,600,0,True
1723141463,20485641,1933854319454394968502293202884,63901,210,600,600,0,True
1723141475,20485642,1933854319454394968502293202884,63901,210,600,600,0,True
1723141487,20485643,1933854319454394968502293202884,63901,210,600,600,0,True
1723141499,20485644,1933854319454394968502293202884,63901,210,600,600,0,True
1723141511,20485645,1933854319454394968502293202884,63901,210,600,600,0,True
1723141523,20485646,1933854319454394968502293202884,63901,210,600,600,0,True
1723141535,20485647,1933854319454394968502293202884,63901,210,600,600,0,True
1723141547,20485648,1933854319454394968502293202884,63901,210,600,600,0,True
1723141559,20485649,1933854319454394968502293202884,63901,210,600,600,0,True
1723141571,20485650,1933854319454394968502293202884,63901,210,600,600,0,True
1723141583,20485651,1933854319454394968502293202884,63901,210,600,600,0,True
1723141595,20485652,1933854319454394968502293202884,63901,210,600,600,0,True
1723141607,20485653,1933854319454394968502293202884,63901,210,600,600,0,True
1723141619,20485654,1933854319454394968502293202884,63901,210,600,600,0,True
1723141631,20485655,1933854319454394968502293202884,63901,210,600,600,0,True
1723141643,20485656,1933854319454394968502293202884,63901,210,600,600,0,True
1723141655,20485657,1933854319454394968502293202884,63901,210,600,600,0,True
1723141667,20485658,1933854319454394968502293202884,63901,210,600,600,0,True
1723141679,20485659,1933854319454394968502293202884,63901,210,600,600,0,True
1723141691,20485660,1933854319454394968502293202884,63901,210,600,600,0,True
1723141703,20485661,1933854319454394968502293202884,63901,210,600,600,0,True
1723141715,20485662,1933854319454394968502293202884,63901,210,600,600,0,True
1723141727,20485663,1933854319454394968502293202884,63901,210,600,600,0,True
1723141739,20485664,1933854319454394968502293202884,63901,210,600,600,0,True
1723141751,20485665,1933854319454394968502293202884,63901,210,600,600,0,True
1723141763,20485666,1933854319454394968502293202884,63901,210,600,600,0,True
1723141775,20485667,1933854319454394968502293202884,63901,210,600,600,0,True
1723141787,20485668,1933854319454394968502293202884,63901,210,600,600,0,True
1723141799,20485669,1933854319454394968502293202884,63901,210,600,600,0,True
1723141811,20485670,1933854319454394968502293202884,63901,210,600,600,0,True
1723141823,20485671,1933854319454394968502293202884,63901,210,600,600,0,True
1723141835,20485672,1933854319454394968502293202884,63901,210,600,600,0,True
1723141847,20485673,1933854319454394968502293202884,63901,210,600,600,0,True
1723141859,20485674,1933854319454394968502293202884,63901,210,600,600,0,True
1723141871,20485675,1933854319454394968502293202884,63901,210,600,600,0,True
1723141883,20485676,1933854319454394968502293202884,63901,210,600,600,0,True
1723141895,20485677,1933854319454394968502293202884,63901,210,600,600,0,True
1723141907,20485678,1933854319454394968502293202884,63901,210,600,600,0,True
1723141919,20485679,1933854319454394968502293202884,63901,210,600,600,0,True
1723141931,20485680,1933854319454394968502293202884,63901,210,600,600,0,True
1723141943,20485681,1933854319454394968502293202884,63901,210,600,600,0,True
1723141955,20485682,1933854319454394968502293202884,63901,210,600,600,0,True
1723141967,20485683,1933854319454394968502293202884,63901,210,600,600,0,True
1723141979,20485684,1933854319454394968502293202884,63901,210,600,600,0,True
1723141991,20485685,1933854319454394968502293202884,63901,210,600,600,0,True
1723142003,20485686,1933854319454394968502293202884,63901,210,600,600,0,True
1723142015,20485687,1933854319454394968502293202884,63901,210,600,600,0,True
1723142027,20485688,1933854319454394968502293202884,63901,210,600,600,0,True
1723142039,20485689,1933854319454394968502293202884,63901,210,600,600,0,True
1723142051,20485690,1933854319454394968502293202884,63901,210,600,600,0,True
1723142063,20485691,1933854319454394968502293202884,63901,210,600,600,0,True
1723142075,20485692,1933854319454394968502293202884,63901,210,600,600,0,True
1723142087,20485693,1933854319454394968502293202884,63901,210,600,600,0,True
1723142099,20485694,1933854319454394968502293202884,63901,210,600,600,0,True
1723142111,20485695,1933854319454394968502293202884,63901,210,600,600,0,True
1723142123,20485696,1933854319454394968502293202884,63901,210,600,600,0,True
1723142135,20485697,1933854319454394968502293202884,63901,210,600,600,0,True
1723142147,20485698,1933854319454394968502293202884,63901,210,600,600,0,True
1723142159,20485699,1933854319454394968502293202884,63901,210,600,600,0,True
1723142171,20485700,1933854319454394968502293202884,63901,210,600,600,0,True
1723142183,20485701,1933854319454394968502293202884,63901,210,600,600,0,True
1723142195,20485702,1933854319454394968502293202884,63901,210,600,600,0,True
1723142207,20485703,1933854319454394968502293202884,63901,210,600,600,0,True
1723142219,20485704,1933854319454394968502293202884,63901,210,600,600,0,True
1723142231,20485705,1933854319454394968502293202884,63901,210,600,600,0,True
1723142243,20485706,1933854319454394968502293202884,63901,210,600,600,0,True
1723142255,20485707,1933854319454394968502293202884,63901,210,600,600,0,True
1723142267,20485708,1933854319454394968502293202884,63901,211,600,600,0,True
1723142279,20485709,1933854319454394968502293202884,63901,211,600,600,0,True
1723142291,20485710,1933854319454394968502293202884,63901,211,600,600,0,True
1723142303,20485711,1933854319454394968502293202884,63901,211,600,600,0,True
1723142315,20485712,1933854319454394968502293202884,63901,211,600,600,0,True
1723142327,20485713,1933854319454394968502293202884,63901,211,600,600,0,True
1723142339,20485714,1933854319454394968502293202884,63901,211,600,600,0,True
1723142351,20485715,1933854319454394968502293202884,63901,211,600,600,0,True
1723142363,20485716,1933854319454394968502293202884,63901,211,600,600,0,True
1723142375,20485717,1933854319454394968502293202884,63901,211,600,600,0,True
1723142387,20485718,1933854319454394968502293202884,63901,211,600,600,0,True
1723142399,20485719,1933854319454394968502293202884,63901,211,600,600,0,True
1723142411,20485720,1933854319454394968502293202884,63901,211,600,600,0,True
1723142423,20485721,1933854319454394968502293202884,63901,211,600,600,0,True
1723142435,20485722,1933854319454394968502293202884,63901,211,600,600,0,True
1723142447,20485723,1933854319454394968502293202884,63901,211,600,600,0,True
1723142459,20485724,1933854319454394968502293202884,63901,211,600,600,0,True
1723142471,20485725,1933854319454394968502293202884,63901,211,600,600,0,True
1723142483,20485726,1933854319454394968502293202884,63901,211,600,600,0,True
1723142495,20485727,1933854319454394968502293202884,63901,211,600,600,0,True
1723142507,20485728,1933854319454394968502293202884,63901,211,600,600,0,True
1723142519,20485729,1933854319454394968502293202884,63901,211,600,600,0,True
1723142531,20485730,1933854319454394968502293202884,63901,211,600,600,0,True
1723142543,20485731,1933854319454394968502293202884,63901,211,600,600,0,True
1723142555,20485732,1933854319454394968502293202884,63901,211,600,600,0,True
1723142567,20485733,1933854319454394968502293202884,63901,211,600,600,0,True
1723142579,20485734,1933854319454394968502293202884,63901,211,600,600,0,True
1723142591,20485735,1933854319454394968502293202884,63901,211,600,600,0,True
1723142603,20485736,1933854319454394968502293202884,63901,211,600,600,0,True
1723142615,20485737,1933854319454394968502293202884,63901,211,600,600,0,True
1723142627,20485738,1933854319454394968502293202884,63901,211,600,600,0,True
1723142639,20485739,1933854319454394968502293202884,63901,211,600,600,0,True
1723142651,20485740,1933854319454394968502293202884,63901,211,600,600,0,True
1723142663,20485741,1933854319454394968502293202884,63901,211,600,600,0,True
1723142675,20485742,1933854319454394968502293202884,63901,211,600,600,0,True
1723142687,20485743,1933854319454394968502293202884,63901,211,600,600,0,True
1723142699,20485744,1933854319454394968502293202884,63901,211,600,600,0,True
1723142711,20485745,1933854319454394968502293202884,63901,211,600,600,0,True
1723142723,20485746,1933854319454394968502293202884,63901,211,600,600,0,True
1723142735,20485747,1933854319454394968502293202884,63901,211,600,600,0,True
1723142747,20485748,1933854319454394968502293202884,63901,211,600,600,0,True
1723142759,20485749,1933854319454394968502293202884,63901,211,600,600,0,True
1723142771,20485750,1933854319454394968502293202884,63901,211,600,600,0,True
1723142783,20485751,1933854319454394968502293202884,63901,211,600,600,0,True
1723142795,20485752,1933854319454394968502293202884,63901,211,600,600,0,True
1723142807,20485753,1933854319454394968502293202884,63901,211,600,600,0,True
1723142819,20485754,1933854319454394968502293202884,63901,211,600,600,0,True
1723142831,20485755,1933854319454394968502293202884,63901,211,600,600,0,True
1723142843,20485756,1933854319454394968502293202884,63901,211,600,600,0,True
1723142855,20485757,1933854319454394968502293202884,63901,211,600,600,0,True
1723142867,20485758,1933854319454394968502293202884,63901,211,600,600,0,True
1723142879,20485759,1933854319454394968502293202884,63901,211,600,600,0,True
1723142891,20485760,1933854319454394968502293202884,63901,211,600,600,0,True
1723142903,20485761,1933854319454394968502293202884,63901,211,600,600,0,True
1723142915,20485762,1933854319454394968502293202884,63901,211,600,600,0,True
1723142927,20485763,1933854319454394968502293202884,63901,211,600,600,0,True
1723142939,20485764,1933854319454394968502293202884,63901,211,600,600,0,True
1723142951,20485765,1933854319454394968502293202884,63901,211,600,600,0,True
1723142963,20485766,1933854319454394968502293202884,63901,211,600,600,0,True
1723142975,20485767,1933854319454394968502293202884,63901,211,600,600,0,True
1723142987,20485768,1933854319454394968502293202884,63901,211,600,600,0,True
1723142999,20485769,1933854319454394968502293202884,63901,211,600,600,0,True
1723143011,20485770,1933854319454394968502293202884,63901,211,600,600,0,True
1723143023,20485771,1933854319454394968502293202884,63901,211,600,600,0,True
1723143035,20485772,1933854319454394968502293202884,63901,211,600,600,0,True
1723143047,20485773,1933854319454394968502293202884,63901,211,600,600,0,True
1723143059,20485774,1933854319454394968502293202884,63901,211,600,600,0,True
1723143071,20485775,1933854319454394968502293202884,63901,211,600,600,0,True
1723143083,20485776,1933854319454394968502293202884,63901,211,600,600,0,True
1723143095,20485777,1933854319454394968502293202884,63901,211,600,600,0,True
1723143107,20485778,1933854319454394968502293202884,63901,211,600,600,0,True
1723143119,20485779,1933854319454394968502293202884,63901,211,600,600,0,True
1723143131,20485780,1933854319454394968502293202884,63901,211,600,600,0,True
1723143143,20485781,1933854319454394968502293202884,63901,211,600,600,0,True
1723143155,20485782,1933854319454394968502293202884,63901,211,600,600,0,True
1723143167,20485783,1933854319454394968502293202884,63901,211,600,600,0,True
1723143179,20485784,1933854319454394968502293202884,63901,211,600,600,0,True
1723143191,20485785,1933854319454394968502293202884,63901,211,600,600,0,True
1723143203,20485786,1933854319454394968502293202884,63901,211,600,600,0,True
1723143215,20485787,1933854319454394968502293202884,63901,211,600,600,0,True
1723143227,20485788,1933854319454394968502293202884,63901,211,600,600,0,True
1723143239,20485789,1933644776213940133341044254877,63899,212,600,600,0,True
1723143251,20485790,1933644776213940133341044254877,63899,212,600,600,0,True
1723143263,20485791,1933644776213940133341044254877,63899,212,600,600,0,True
1723143275,20485792,1933644776213940133341044254877,63899,212,600,600,0,True
1723143287,20485793,1933644776213940133341044254877,63899,212,600,600,0,True
1723143299,20485794,1933644776213940133341044254877,63899,212,600,600,0,True
1723143311,20485795,1933644776213940133341044254877,63899,212,600,600,0,True
1723143323,20485796,1933644776213940133341044254877,63899,212,600,600,0,True
1723143335,20485797,1933644776213940133341044254877,63899,212,600,600,0,True
1723143347,20485798,1933644776213940133341044254877,63899,212,600,600,0,True
1723143359,20485799,1933644776213940133341044254877,63899,212,600,600,0,True
1723143371,20485800,1933644776213940133341044254877,63899,212,600,600,0,True
1723143383,20485801,1933644776213940133341044254877,63899,212,600,600,0,True
1723143395,20485802,1932992703375946898822503968032,63893,213,600,600,0,True
1723143407,20485803,1932992703375946898822503968032,63893,213,600,600,0,True
1723143419,20485804,1932992703375946898822503968032,63893,213,600,600,0,True
1723143431,20485805,1932992703375946898822503968032,63893,213,600,600,0,True
1723143443,20485806,1932992703375946898822503968032,63893,213,600,600,0,True
1723143455,20485807,1932992703375946898822503968032,63893,213,600,600,0,True
1723143467,20485808,1932992703375946898822503968032,63893,213,600,600,0,True
1723143479,20485809,1932992703375946898822503968032,63893,213,600,600,0,True
1723143491,20485810,1932992703375946898822503968032,63893,213,600,600,0,True
1723143503,20485811,1932992703375946898822503968032,63893,213,600,600,0,True
1723143515,20485812,1932992703375946898822503968032,63893,213,600,600,0,True
1723143527,20485813,1932992703375946898822503968032,63893,213,600,600,0,True
1723143539,20485814,1932992703375946898822503968032,63893,213,600,600,0,True
1723143551,20485815,1932992703375946898822503968032,63893,213,600,600,0,True
1723143563,20485816,1932992703375946898822503968032,63893,213,600,600,0,True
1723143575,20485817,1932992703375946898822503968032,63893,213,600,600,0,True
1723143587,20485818,1932992703375946898822503968032,63893,213,600,600,0,True
1723143599,20485819,1932992703375946898822503968032,63893,213,600,600,0,True
1723143611,20485820,1932992703375946898822503968032,63893,213,600,600,0,True
1723143623,20485821,1932992703375946898822503968032,63893,213,600,600,0,True
1723143635,20485822,1932992703375946898822503968032,63893,213,600,600,0,True
1723143647,20485823,1932992703375946898822503968032,63893,213,600,600,0,True
1723143659,20485824,1932992703375946898822503968032,63893,213,600,600,0,True
1723143671,20485825,1932992703375946898822503968032,63893,213,600,600,0,True
1723143683,20485826,1932992703375946898822503968032,63893,213,600,600,0,True
1723143695,20485827,1932992703375946898822503968032,63893,213,600,600,0,True
1723143707,20485828,1932992703375946898822503968032,63893,213,600,600,0,True
1723143719,20485829,1932992703375946898822503968032,63893,213,600,600,0,True
1723143731,20485830,1932992703375946898822503968032,63893,213,600,600,0,True
1723143743,20485831,1932992703375946898822503968032,63893,213,600,600,0,True
1723143755,20485832,1932992703375946898822503968032,63893,213,600,600,0,True
1723143767,20485833,1932992703375946898822503968032,63893,213,600,600,0,True
1723143779,20485834,1932992703375946898822503968032,63893,213,600,600,0,True
1723143791,20485835,1932992703375946898822503968032,63893,213,600,600,0,True
1723143803,20485836,1932992703375946898822503968032,63893,213,600,600,0,True
1723143815,20485837,1932734978044700248872672284387,63890,214,600,600,0,True
1723143827,20485838,1932734978044700248872672284387,63890,214,600,600,0,True
1723143839,20485839,1932734978044700248872672284387,63890,214,600,600,0,True
1723143851,20485840,1932734978044700248872672284387,63890,214,600,600,0,True
1723143863,20485841,1932734978044700248872672284387,63890,214,600,600,0,True
1723143875,20485842,1932734978044700248872672284387,63890,214,600,600,0,True
1723143887,20485843,1932734978044700248872672284387,63890,214,600,600,0,True
1723143899,20485844,1932734978044700248872672284387,63890,214,600,600,0,True
1723143911,20485845,1932734978044700248872672284387,63890,214,600,600,0,True
1723143923,20485846,1932734978044700248872672284387,63890,214,600,600,0,True
1723143935,20485847,1932734978044700248872672284387,63890,214,600,600,0,True
1723143947,20485848,1932734978044700248872672284387,63890,214,600,600,0,True
1723143959,20485849,1932734978044700248872672284387,63890,214,600,600,0,True
1723143971,20485850,1932734978044700248872672284387,63890,214,600,600,0,True
1723143983,20485851,1932734978044700248872672284387,63890,214,600,600,0,True
1723143995,20485852,1932734978044700248872672284387,63890,214,600,600,0,True
1723144007,20485853,1932734978044700248872672284387,63890,214,600,600,0,True
1723144019,20485854,1932734978044700248872672284387,63890,214,600,600,0,True
1723144031,20485855,1932734978044700248872672284387,63890,214,600,600,0,True
1723144043,20485856,1932734978044700248872672284387,63890,214,600,600,0,True
1723144055,20485857,1932734978044700248872672284387,63890,214,600,600,0,True
1723144067,20485858,1932734978044700248872672284387,63890,214,600,600,0,True
1723144079,20485859,1932734978044700248872672284387,63890,214,600,600,0,True
1723144091,20485860,1932734978044700248872672284387,63890,214,600,600,0,True
1723144103,20485861,1932734978044700248872672284387,63890,214,600,600,0,True
1723144115,20485862,1932734978044700248872672284387,63890,214,600,600,0,True
1723144127,20485863,1932734978044700248872672284387,63890,214,600,600,0,True
1723144139,20485864,1932734978044700248872672284387,63890,214,600,600,0,True
1723144151,20485865,1932734978044700248872672284387,63890,214,600,600,0,True
1723144163,20485866,1932734978044700248872672284387,63890,214,600,600,0,True
1723144175,20485867,1932734978044700248872672284387,63890,214,600,600,0,True
1723144187,20485868,1932734978044700248872672284387,63890,214,600,600,0,True
1723144199,20485869,1932734978044700248872672284387,63890,214,600,600,0,True
1723144211,20485870,1932734978044700248872672284387,63890,214,600,600,0,True
1723144223,20485871,1932734978044700248872672284387,63890,214,600,600,0,True
1723144235,20485872,1932734978044700248872672284387,63890,214,600,600,0,True
1723144247,20485873,1932734978044700248872672284387,63890,214,600,600,0,True
1723144259,20485874,1932734978044700248872672284387,63890,214,600,600,0,True
1723144271,20485875,1932734978044700248872672284387,63890,214,600,600,0,True
1723144283,20485876,1932734978044700248872672284387,63890,214,600,600,0,True
1723144295,20485877,1932734978044700248872672284387,63890,214,600,600,0,True
1723144307,20485878,1932734978044700248872672284387,63890,214,600,600,0,True
1723144319,20485879,1932734978044700248872672284387,63890,214,600,600,0,True
1723144331,20485880,1932734978044700248872672284387,63890,214,600,600,0,True
1723144343,20485881,1932734978044700248872672284387,63890,214,600,600,0,True
1723144355,20485882,1932734978044700248872672284387,63890,214,600,600,0,True
1723144367,20485883,1932734978044700248872672284387,63890,214,600,600,0,True
1723144379,20485884,1932812274116048371071974161371,63891,215,600,600,0,True
1723144391,20485885,1932812274116048371071974161371,63891,215,600,600,0,True
1723144403,20485886,1932812274116048371071974161371,63891,215,600,600,0,True
1723144415,20485887,1932812274116048371071974161371,63891,215,600,600,0,True
1723144427,20485888,1932812274116048371071974161371,63891,215,600,600,0,True
1723144439,20485889,1932812274116048371071974161371,63891,215,600,600,0,True
1723144451,20485890,1932812274116048371071974161371,63891,215,600,600,0,True
1723144463,20485891,1932812274116048371071974161371,63891,215,600,600,0,True
1723144475,20485892,1932812274116048371071974161371,63891,215,600,600,0,True
1723144487,20485893,1932812274116048371071974161371,63891,215,600,600,0,True
1723144499,20485894,1932812274116048371071974161371,63891,215,600,600,0,True
1723144511,20485895,1932812274116048371071974161371,63891,215,600,600,0,True
1723144523,20485896,1932812274116048371071974161371,63891,215,600,600,0,True
1723144535,20485897,1933420463535581551320358379229,63897,216,600,600,0,True
1723144547,20485898,1933420463535581551320358379229,63897,216,600,600,0,True
1723144559,20485899,1933420463535581551320358379229,63897,216,600,600,0,True
1723144571,20485900,1933420463535581551320358379229,63897,216,600,600,0,True
1723144583,20485901,1933420463535581551320358379229,63897,216,600,600,0,True
1723144595,20485902,1933420463535581551320358379229,63897,216,600,600,0,True
1723144607,20485903,1933420463535581551320358379229,63897,216,600,600,0,True
1723144619,20485904,1933420463535581551320358379229,63897,216,600,600,0,True
1723144631,20485905,1933420463535581551320358379229,63897,216,600,600,0,True
1723144643,20485906,1933420463535581551320358379229,63897,216,600,600,0,True
1723144655,20485907,1933420463535581551320358379229,63897,216,600,600,0,True
1723144667,20485908,1933446891678147876028996122984,63897,216,600,600,0,True
1723144679,20485909,1934030445279439505628298272125,63903,217,600,600,0,True
1723144691,20485910,1934030445279439505628298272125,63903,217,600,600,0,True
1723144703,20485911,1934030445279439505628298272125,63903,217,600,600,0,True
1723144715,20485912,1934030445279439505628298272125,63903,217,600,600,0,True
1723144727,20485913,1934030445279439505628298272125,63903,217,600,600,0,True
1723144739,20485914,1934030445279439505628298272125,63903,217,600,600,0,True
1723144751,20485915,1934030445279439505628298272125,63903,217,600,600,0,True
1723144763,20485916,1934030445279439505628298272125,63903,217,600,600,0,True
1723144775,20485917,1934030445279439505628298272125,63903,217,600,600,0,True
1723144787,20485918,1934030445279439505628298272125,63903,217,600,600,0,True
1723144799,20485919,1934030445279439505628298272125,63903,217,600,600,0,True
1723144811,20485920,1934030445279439505628298272125,63903,217,600,600,0,True
1723144823,20485921,1934030445279439505628298272125,63903,217,600,600,0,True
1723144835,20485922,1934030445279439505628298272125,63903,217,600,600,0,True
1723144847,20485923,1934030445279439505628298272125,63903,217,600,600,0,True
1723144859,20485924,1934030445279439505628298272125,63903,217,600,600,0,True
1723144871,20485925,1934030445279439505628298272125,63903,217,600,600,0,True
1723144883,20485926,1934192969663564971845567566095,63905,218,600,600,0,True
1723144895,20485927,1934890336324643877425465238150,63912,219,600,600,0,True
1723144907,20485928,1934890336324643877425465238150,63912,219,600,600,0,True
1723144919,20485929,1934890336324643877425465238150,63912,219,600,600,0,True
1723144931,20485930,1934890336324643877425465238150,63912,219,600,600,0,True
1723144943,20485931,1934890336324643877425465238150,63912,219,600,600,0,True
1723144955,20485932,1934890336324643877425465238150,63912,219,600,600,0,True
1723144967,20485933,1934890336324643877425465238150,63912,219,600,600,0,True
1723144979,20485934,1934890336324643877425465238150,63912,219,600,600,0,True
1723144991,20485935,1934890336324643877425465238150,63912,219,600,600,0,True
1723145003,20485936,1934890336324643877425465238150,63912,219,600,600,0,True
1723145015,20485937,1934890336324643877425465238150,63912,219,600,600,0,True
1723145027,20485938,1934890336324643877425465238150,63912,219,600,600,0,True
1723145039,20485939,1934890336324643877425465238150,63912,219,600,600,0,True
1723145051,20485940,1934890336324643877425465238150,63912,219,600,600,0,True
1723145063,20485941,1934890336324643877425465238150,63912,219,600,600,0,True
1723145075,20485942,1934890336324643877425465238150,63912,219,600,600,0,True
1723145087,20485943,1934890336324643877425465238150,63912,219,600,600,0,True
1723145099,20485944,1934890336324643877425465238150,63912,219,600,600,0,True
1723145111,20485945,1935024726193817391125022660800,63914,220,600,600,0,True
1723145123,20485946,1935024726193817391125022660800,63914,220,600,600,0,True
1723145135,20485947,1935141306122672459791114895815,63915,221,600,600,0,True
1723145147,20485948,1935141306122672459791114895815,63915,221,600,600,0,True
1723145159,20485949,1935141306122672459791114895815,63915,221,600,600,0,True
1723145171,20485950,1935141306122672459791114895815,63915,221,600,600,0,True
1723145183,20485951,1935141306122672459791114895815,63915,221,600,600,0,True
1723145195,20485952,1935141306122672459791114895815,63915,221,600,600,0,True
1723145207,20485953,1935221973038759017805121611457,63916,222,600,600,0,True
1723145219,20485954,1935221973038759017805121611457,63916,222,600,600,0,True
1723145231,20485955,1935221973038759017805121611457,63916,222,600,600,0,True
1723145243,20485956,1935221973038759017805121611457,63916,222,600,600,0,True
1723145255,20485957,1935221973038759017805121611457,63916,222,600,600,0,True
1723145267,20485958,1935223094032347392183297185075,63916,222,600,600,0,True
1723145279,20485959,1935223094032347392183297185075,63916,222,600,600,0,True
1723145291,20485960,1935223094032347392183297185075,63916,222,600,600,0,True
1723145303,20485961,1935223094032347392183297185075,63916,222,600,600,0,True
1723145315,20485962,1935223094032347392183297185075,63916,222,600,600,0,True
1723145327,20485963,1935223094032347392183297185075,63916,222,600,600,0,True
1723145339,20485964,1935223094032347392183297185075,63916,222,600,600,0,True
1723145351,20485965,1935223094032347392183297185075,63916,222,600,600,0,True
1723145363,20485966,1935223094032347392183297185075,63916,222,600,600,0,True
1723145375,20485967,1935223094032347392183297185075,63916,222,600,600,0,True
1723145387,20485968,1935223094032347392183297185075,63916,222,600,600,0,True
1723145399,20485969,1935223094032347392183297185075,63916,222,600,600,0,True
1723145411,20485970,1935223094032347392183297185075,63916,222,600,600,0,True
1723145423,20485971,1935223094032347392183297185075,63916,222,600,600,0,True
1723145435,20485972,1935223094032347392183297185075,63916,222,600,600,0,True
1723145447,20485973,1935223094032347392183297185075,63916,222,600,600,0,True
1723145459,20485974,1935223094032347392183297185075,63916,222,600,600,0,True
1723145471,20485975,1935223094032347392183297185075,63916,222,600,600,0,True
1723145483,20485976,1935223094032347392183297185075,63916,222,600,600,0,True
1723145495,20485977,1935223094032347392183297185075,63916,222,600,600,0,True
1723145507,20485978,1935223094032347392183297185075,63916,222,600,600,0,True
1723145519,20485979,1935223094032347392183297185075,63916,222,600,600,0,True
1723145531,20485980,1935223094032347392183297185075,63916,222,600,600,0,True
1723145543,20485981,1935223094032347392183297185075,63916,222,600,600,0,True
1723145555,20485982,1935223094032347392183297185075,63916,222,600,600,0,True
1723145567,20485983,1935223094032347392183297185075,63916,222,600,600,0,True
1723145579,20485984,1935223094032347392183297185075,63916,222,600,600,0,True
1723145591,20485985,1935223094032347392183297185075,63916,222,600,600,0,True
1723145603,20485986,1935223094032347392183297185075,63916,222,600,600,0,True
1723145615,20485987,1935223094032347392183297185075,63916,222,600,600,0,True
1723145627,20485988,1935223094032347392183297185075,63916,222,600,600,0,True
1723145639,20485989,1935223094032347392183297185075,63916,222,600,600,0,True
1723145651,20485990,1935223094032347392183297185075,63916,222,600,600,0,True
1723145663,20485991,1935223094032347392183297185075,63916,222,600,600,0,True
1723145675,20485992,1935223094032347392183297185075,63916,222,600,600,0,True
1723145687,20485993,1935223094032347392183297185075,63916,222,600,600,0,True
1723145699,20485994,1935223094032347392183297185075,63916,222,600,600,0,True
1723145711,20485995,1935223094032347392183297185075,63916,222,600,600,0,True
1723145723,20485996,1935223094032347392183297185075,63916,222,600,600,0,True
1723145747,20485997,1935223094032347392183297185075,63916,222,600,600,0,True
1723145759,20485998,1935223094032347392183297185075,63916,222,600,600,0,True
1723145771,20485999,1935223094032347392183297185075,63916,222,600,600,0,True
1723145783,20486000,1935223094032347392183297185075,63916,222,600,600,0,True
1723145795,20486001,1935223094032347392183297185075,63916,222,600,600,0,True
1723145807,20486002,1935223094032347392183297185075,63916,222,600,600,0,True
1723145819,20486003,1935223094032347392183297185075,63916,222,600,600,0,True
1723145831,20486004,1935223094032347392183297185075,63916,222,600,600,0,True
1723145843,20486005,1935223094032347392183297185075,63916,222,600,600,0,True
1723145855,20486006,1935223094032347392183297185075,63916,222,600,600,0,True
1723145867,20486007,1935223094032347392183297185075,63916,222,600,600,0,True
1723145879,20486008,1935223094032347392183297185075,63916,222,600,600,0,True
1723145891,20486009,1935223094032347392183297185075,63916,222,600,600,0,True
1723145903,20486010,1935223094032347392183297185075,63916,222,600,600,0,True
1723145915,20486011,1935223094032347392183297185075,63916,222,600,600,0,True
1723145927,20486012,1935223094032347392183297185075,63916,222,600,600,0,True
1723145939,20486013,1935223094032347392183297185075,63916,222,600,600,0,True
1723145951,20486014,1935223094032347392183297185075,63916,222,600,600,0,True
1723145963,20486015,1935223094032347392183297185075,63916,222,600,600,0,True
1723145975,20486016,1935223094032347392183297185075,63916,222,600,600,0,True
1723145987,20486017,1935223094032347392183297185075,63916,222,600,600,0,True
1723145999,20486018,1935223094032347392183297185075,63916,222,600,600,0,True
1723146011,20486019,1935223094032347392183297185075,63916,222,600,600,0,True
1723146023,20486020,1935223094032347392183297185075,63916,222,600,600,0,True
1723146035,20486021,1935223094032347392183297185075,63916,222,600,600,0,True
1723146047,20486022,1935223094032347392183297185075,63916,222,600,600,0,True
1723146059,20486023,1935223094032347392183297185075,63916,222,600,600,0,True
1723146071,20486024,1935223094032347392183297185075,63916,222,600,600,0,True
1723146083,20486025,1935223094032347392183297185075,63916,222,600,600,0,True
1723146095,20486026,1935223094032347392183297185075,63916,222,600,600,0,True
1723146107,20486027,1935223094032347392183297185075,63916,222,600,600,0,True
1723146119,20486028,1935223094032347392183297185075,63916,222,600,600,0,True
1723146131,20486029,1935223094032347392183297185075,63916,222,600,600,0,True
1723146143,20486030,1935223094032347392183297185075,63916,222,600,600,0,True
1723146155,20486031,1935223094032347392183297185075,63916,222,600,600,0,True
1723146167,20486032,1935223094032347392183297185075,63916,222,600,600,0,True
1723146179,20486033,1935223094032347392183297185075,63916,222,600,600,0,True
1723146191,20486034,1935223094032347392183297185075,63916,222,600,600,0,True
1723146203,20486035,1935223094032347392183297185075,63916,222,600,600,0,True
1723146215,20486036,1935223094032347392183297185075,63916,222,600,600,0,True
1723146227,20486037,1935223094032347392183297185075,63916,222,600,600,0,True
1723146239,20486038,1935223094032347392183297185075,63916,222,600,600,0,True
1723146251,20486039,1935223094032347392183297185075,63916,222,600,600,0,True
1723146263,20486040,1935223094032347392183297185075,63916,222,600,600,0,True
1723146275,20486041,1935223094032347392183297185075,63916,222,600,600,0,True
1723146287,20486042,1935223094032347392183297185075,63916,222,600,600,0,True
1723146299,20486043,1935223094032347392183297185075,63916,222,600,600,0,True
1723146311,20486044,1935223094032347392183297185075,63916,222,600,600,0,True
1723146323,20486045,1935223094032347392183297185075,63916,222,600,600,0,True
1723146335,20486046,1935223094032347392183297185075,63916,222,600,600,0,True
1723146347,20486047,1935223094032347392183297185075,63916,222,600,600,0,True
1723146359,20486048,1935223094032347392183297185075,63916,222,600,600,0,True
1723146371,20486049,1935223094032347392183297185075,63916,222,600,600,0,True
1723146383,20486050,1935223094032347392183297185075,63916,222,600,600,0,True
1723146395,20486051,1935223094032347392183297185075,63916,222,600,600,0,True
1723146407,20486052,1935223094032347392183297185075,63916,222,600,600,0,True
1723146419,20486053,1935223094032347392183297185075,63916,222,600,600,0,True
1723146431,20486054,1935223094032347392183297185075,63916,222,600,600,0,True
1723146443,20486055,1935223094032347392183297185075,63916,222,600,600,0,True
1723146455,20486056,1935223094032347392183297185075,63916,222,600,600,0,True
1723146467,20486057,1935223094032347392183297185075,63916,222,600,600,0,True
1723146479,20486058,1935223094032347392183297185075,63916,222,600,600,0,True
1723146491,20486059,1935223094032347392183297185075,63916,222,600,600,0,True
1723146503,20486060,1935223094032347392183297185075,63916,222,600,600,0,True
1723146515,20486061,1935223094032347392183297185075,63916,222,600,600,0,True
1723146527,20486062,1935223094032347392183297185075,63916,222,600,600,0,True
1723146539,20486063,1935223094032347392183297185075,63916,222,600,600,0,True
1723146551,20486064,1935223094032347392183297185075,63916,222,600,600,0,True
1723146563,20486065,1935223094032347392183297185075,63916,222,600,600,0,True
1723146575,20486066,1935223094032347392183297185075,63916,222,600,600,0,True
1723146587,20486067,1935223094032347392183297185075,63916,222,600,600,0,True
1723146599,20486068,1935223094032347392183297185075,63916,222,600,600,0,True
1723146611,20486069,1935223094032347392183297185075,63916,222,600,600,0,True
1723146623,20486070,1935223094032347392183297185075,63916,222,600,600,0,True
1723146635,20486071,1935223094032347392183297185075,63916,222,600,600,0,True
1723146647,20486072,1935223094032347392183297185075,63916,222,600,600,0,True
1723146659,20486073,1935223094032347392183297185075,63916,222,600,600,0,True
1723146671,20486074,1935223094032347392183297185075,63916,222,600,600,0,True
1723146683,20486075,1935223094032347392183297185075,63916,222,600,600,0,True
1723146695,20486076,1935223094032347392183297185075,63916,222,600,600,0,True
1723146707,20486077,1935223094032347392183297185075,63916,222,600,600,0,True
1723146719,20486078,1935223094032347392183297185075,63916,222,600,600,0,True
1723146731,20486079,1935223094032347392183297185075,63916,222,600,600,0,True
1723146743,20486080,1935223094032347392183297185075,63916,222,600,600,0,True
1723146755,20486081,1935223094032347392183297185075,63916,222,600,600,0,True
1723146767,20486082,1935223094032347392183297185075,63916,222,600,600,0,True
1723146779,20486083,1935223094032347392183297185075,63916,222,600,600,0,True
1723146791,20486084,1935223094032347392183297185075,63916,222,600,600,0,True
1723146803,20486085,1935223094032347392183297185075,63916,222,600,600,0,True
1723146815,20486086,1935223094032347392183297185075,63916,222,600,600,0,True
1723146827,20486087,1935223094032347392183297185075,63916,222,600,600,0,True
1723146839,20486088,1935223094032347392183297185075,63916,222,600,600,0,True
1723146851,20486089,1935223094032347392183297185075,63916,222,600,600,0,True
1723146863,20486090,1935223094032347392183297185075,63916,222,600,600,0,True
1723146875,20486091,1935223094032347392183297185075,63916,222,600,600,0,True
1723146887,20486092,1935223094032347392183297185075,63916,222,600,600,0,True
1723146899,20486093,1935223094032347392183297185075,63916,222,600,600,0,True
1723146911,20486094,1935223094032347392183297185075,63916,222,600,600,0,True
1723146923,20486095,1935223094032347392183297185075,63916,222,600,600,0,True
1723146935,20486096,1935223094032347392183297185075,63916,222,600,600,0,True
1723146947,20486097,1935223094032347392183297185075,63916,222,600,600,0,True
1723146959,20486098,1935223094032347392183297185075,63916,222,600,600,0,True
1723146971,20486099,1935223094032347392183297185075,63916,222,600,600,0,True
1723146983,20486100,1935223094032347392183297185075,63916,222,600,600,0,True
1723146995,20486101,1935223094032347392183297185075,63916,222,600,600,0,True
1723147007,20486102,1935223094032347392183297185075,63916,222,600,600,0,True
1723147019,20486103,1935223094032347392183297185075,63916,222,600,600,0,True
1723147031,20486104,1935223094032347392183297185075,63916,222,600,600,0,True
1723147043,20486105,1935223094032347392183297185075,63916,222,600,600,0,True
1723147055,20486106,1935223094032347392183297185075,63916,222,600,600,0,True
1723147067,20486107,1935223094032347392183297185075,63916,222,600,600,0,True
1723147079,20486108,1935223094032347392183297185075,63916,222,600,600,0,True
1723147091,20486109,1935223094032347392183297185075,63916,222,600,600,0,True
1723147103,20486110,1935223094032347392183297185075,63916,222,600,600,0,True
1723147115,20486111,1934211043253210886868599422809,63905,223,600,600,0,True
1723147127,20486112,1933421212205463233114848257956,63897,224,600,600,0,True
1723147139,20486113,1932681372443137469523647528960,63889,225,600,600,0,True
1723147151,20486114,1932311456548994024179303521308,63886,226,600,600,0,True
1723147163,20486115,1932227472025992034268318690695,63885,227,600,600,0,True
1723147175,20486116,1932227472025992034268318690695,63885,227,600,600,0,True
1723147187,20486117,1932227472025992034268318690695,63885,227,600,600,0,True
1723147199,20486118,1932227472025992034268318690695,63885,227,600,600,0,True
1723147211,20486119,1932227472025992034268318690695,63885,227,600,600,0,True
1723147223,20486120,1932227472025992034268318690695,63885,227,600,600,0,True
1723147235,20486121,1932227472025992034268318690695,63885,227,600,600,0,True
1723147247,20486122,1932227472025992034268318690695,63885,227,600,600,0,True
1723147259,20486123,1932227472025992034268318690695,63885,227,600,600,0,True
1723147271,20486124,1932227472025992034268318690695,63885,227,600,600,0,True
1723147283,20486125,1932227472025992034268318690695,63885,227,600,600,0,True
1723147295,20486126,1932227472025992034268318690695,63885,227,600,600,0,True
1723147307,20486127,1932227472025992034268318690695,63885,227,600,600,0,True
1723147319,20486128,1932227472025992034268318690695,63885,227,600,600,0,True
1723147331,20486129,1932227472025992034268318690695,63885,227,600,600,0,True
1723147343,20486130,1932227472025992034268318690695,63885,227,600,600,0,True
1723147355,20486131,1932227472025992034268318690695,63885,227,600,600,0,True
1723147367,20486132,1932227472025992034268318690695,63885,227,600,600,0,True
1723147379,20486133,1932227472025992034268318690695,63885,227,600,600,0,True
1723147391,20486134,1932227472025992034268318690695,63885,227,600,600,0,True
1723147403,20486135,1932227472025992034268318690695,63885,227,600,600,0,True
1723147415,20486136,1932227472025992034268318690695,63885,227,600,600,0,True
1723147427,20486137,1932227472025992034268318690695,63885,227,600,600,0,True
1723147439,20486138,1932227472025992034268318690695,63885,227,600,600,0,True
1723147451,20486139,1932227472025992034268318690695,63885,227,600,600,0,True
1723147463,20486140,1932227472025992034268318690695,63885,227,600,600,0,True
1723147475,20486141,1932227472025992034268318690695,63885,227,600,600,0,True
1723147487,20486142,1932227472025992034268318690695,63885,227,600,600,0,True
1723147499,20486143,1932227472025992034268318690695,63885,227,600,600,0,True
1723147511,20486144,1932227472025992034268318690695,63885,227,600,600,0,True
1723147523,20486145,1932227472025992034268318690695,63885,227,600,600,0,True
1723147535,20486146,1932227472025992034268318690695,63885,227,600,600,0,True
1723147547,20486147,1932227472025992034268318690695,63885,227,600,600,0,True
1723147559,20486148,1932227472025992034268318690695,63885,227,600,600,0,True
1723147571,20486149,1932227472025992034268318690695,63885,227,600,600,0,True
1723147583,20486150,1932227472025992034268318690695,63885,227,600,600,0,True
1723147595,20486151,1932227472025992034268318690695,63885,227,600,600,0,True
1723147607,20486152,1932227472025992034268318690695,63885,227,600,600,0,True
1723147619,20486153,1932227472025992034268318690695,63885,227,600,600,0,True
1723147631,20486154,1932227472025992034268318690695,63885,227,600,600,0,True
1723147643,20486155,1932227472025992034268318690695,63885,227,600,600,0,True
1723147655,20486156,1932227472025992034268318690695,63885,227,600,600,0,True
1723147667,20486157,1932227472025992034268318690695,63885,227,600,600,0,True
1723147679,20486158,1932227472025992034268318690695,63885,227,600,600,0,True
1723147691,20486159,1932227472025992034268318690695,63885,227,600,600,0,True
1723147703,20486160,1932227472025992034268318690695,63885,227,600,600,0,True
1723147715,20486161,1932227472025992034268318690695,63885,227,600,600,0,True
1723147727,20486162,1932227472025992034268318690695,63885,227,600,600,0,True
1723147739,20486163,1932227472025992034268318690695,63885,227,600,600,0,True
1723147751,20486164,1932227472025992034268318690695,63885,227,600,600,0,True
1723147763,20486165,1932227472025992034268318690695,63885,227,600,600,0,True
1723147775,20486166,1932227472025992034268318690695,63885,227,600,600,0,True
1723147787,20486167,1932227472025992034268318690695,63885,227,600,600,0,True
1723147799,20486168,1932227472025992034268318690695,63885,227,600,600,0,True
1723147811,20486169,1932227472025992034268318690695,63885,227,600,600,0,True
1723147823,20486170,1932227472025992034268318690695,63885,227,600,600,0,True
1723147835,20486171,1932227472025992034268318690695,63885,227,600,600,0,True
1723147847,20486172,1932227472025992034268318690695,63885,227,600,600,0,True
1723147859,20486173,1932227472025992034268318690695,63885,227,600,600,0,True
1723147871,20486174,1932227472025992034268318690695,63885,227,600,600,0,True
1723147883,20486175,1932227472025992034268318690695,63885,227,600,600,0,True
1723147895,20486176,1932227472025992034268318690695,63885,227,600,600,0,True
1723147907,20486177,1932227472025992034268318690695,63885,227,600,600,0,True
1723147919,20486178,1932227472025992034268318690695,63885,227,600,600,0,True
1723147931,20486179,1932227472025992034268318690695,63885,227,600,600,0,True
1723147943,20486180,1932227472025992034268318690695,63885,227,600,600,0,True
1723147955,20486181,1932227472025992034268318690695,63885,227,600,600,0,True
1723147967,20486182,1932227472025992034268318690695,63885,227,600,600,0,True
1723147979,20486183,1932227472025992034268318690695,63885,227,600,600,0,True
1723147991,20486184,1932227472025992034268318690695,63885,227,600,600,0,True
1723148003,20486185,1932227472025992034268318690695,63885,227,600,600,0,True
1723148015,20486186,1932227472025992034268318690695,63885,227,600,600,0,True
1723148027,20486187,1932227472025992034268318690695,63885,227,600,600,0,True
1723148039,20486188,1932227472025992034268318690695,63885,227,600,600,0,True
1723148051,20486189,1932227472025992034268318690695,63885,227,600,600,0,True
1723148063,20486190,1932227472025992034268318690695,63885,227,600,600,0,True
1723148075,20486191,1932227472025992034268318690695,63885,227,600,600,0,True
1723148087,20486192,1932227472025992034268318690695,63885,227,600,600,0,True
1723148099,20486193,1932227472025992034268318690695,63885,227,600,600,0,True
1723148111,20486194,1932227472025992034268318690695,63885,227,600,600,0,True
1723148123,20486195,1932227472025992034268318690695,63885,227,600,600,0,True
1723148135,20486196,1932227472025992034268318690695,63885,227,600,600,0,True
1723148147,20486197,1932227472025992034268318690695,63885,227,600,600,0,True
1723148159,20486198,1932227472025992034268318690695,63885,227,600,600,0,True
1723148171,20486199,1932227472025992034268318690695,63885,227,600,600,0,True
1723148183,20486200,1932227472025992034268318690695,63885,227,600,600,0,True
1723148195,20486201,1932227472025992034268318690695,63885,227,600,600,0,True
1723148207,20486202,1932227472025992034268318690695,63885,227,600,600,0,True
1723148219,20486203,1932227472025992034268318690695,63885,227,600,600,0,True
1723148231,20486204,1932227472025992034268318690695,63885,227,600,600,0,True
1723148243,20486205,1932227472025992034268318690695,63885,227,600,600,0,True
1723148255,20486206,1932227472025992034268318690695,63885,227,600,600,0,True
1723148267,20486207,1932227472025992034268318690695,63885,227,600,600,0,True
1723148279,20486208,1932227472025992034268318690695,63885,227,600,600,0,True
1723148291,20486209,1932227472025992034268318690695,63885,227,600,600,0,True
1723148303,20486210,1932227472025992034268318690695,63885,227,600,600,0,True
1723148315,20486211,1932227472025992034268318690695,63885,227,600,600,0,True
1723148327,20486212,1932227472025992034268318690695,63885,227,600,600,0,True
1723148339,20486213,1932227472025992034268318690695,63885,227,600,600,0,True
1723148351,20486214,1932227472025992034268318690695,63885,227,600,600,0,True
1723148363,20486215,1932227472025992034268318690695,63885,227,600,600,0,True
1723148375,20486216,1932227472025992034268318690695,63885,227,600,600,0,True
1723148387,20486217,1932227472025992034268318690695,63885,227,600,600,0,True
1723148399,20486218,1932227472025992034268318690695,63885,227,600,600,0,True
1723148411,20486219,1932227472025992034268318690695,63885,227,600,600,0,True
1723148423,20486220,1932227472025992034268318690695,63885,227,600,600,0,True
1723148435,20486221,1932227472025992034268318690695,63885,227,600,600,0,True
1723148447,20486222,1932227472025992034268318690695,63885,227,600,600,0,True
1723148459,20486223,1932227472025992034268318690695,63885,227,600,600,0,True
1723148471,20486224,1932227472025992034268318690695,63885,227,600,600,0,True
1723148483,20486225,1932227472025992034268318690695,63885,227,600,600,0,True
1723148495,20486226,1932227472025992034268318690695,63885,227,600,600,0,True
1723148507,20486227,1932227472025992034268318690695,63885,227,600,600,0,True
1723148519,20486228,1932227472025992034268318690695,63885,227,600,600,0,True
1723148531,20486229,1932596362714889530112692251546,63888,228,600,600,0,True
1723148543,20486230,1932596362714889530112692251546,63888,228,600,600,0,True
1723148555,20486231,1932596362714889530112692251546,63888,228,600,600,0,True
1723148567,20486232,1932596362714889530112692251546,63888,228,600,600,0,True
1723148579,20486233,1932596362714889530112692251546,63888,228,600,600,0,True
1723148591,20486234,1932596362714889530112692251546,63888,228,600,600,0,True
1723148603,20486235,1932827002227467106469194060537,63891,229,600,600,0,True
1723148615,20486236,1932827002227467106469194060537,63891,229,600,600,0,True
1723148627,20486237,1932827002227467106469194060537,63891,229,600,600,0,True
1723148639,20486238,1932827002227467106469194060537,63891,229,600,600,0,True
1723148651,20486239,1932827002227467106469194060537,63891,229,600,600,0,True
1723148663,20486240,1932827002227467106469194060537,63891,229,600,600,0,True
1723148675,20486241,1932827002227467106469194060537,63891,229,600,600,0,True
1723148687,20486242,1932827002227467106469194060537,63891,229,600,600,0,True
1723148699,20486243,1932827002227467106469194060537,63891,229,600,600,0,True
1723148711,20486244,1932827002227467106469194060537,63891,229,600,600,0,True
1723148723,20486245,1932827002227467106469194060537,63891,229,600,600,0,True
1723148735,20486246,1932827002227467106469194060537,63891,229,600,600,0,True
1723148747,20486247,1932827002227467106469194060537,63891,229,600,600,0,True
1723148759,20486248,1932827002227467106469194060537,63891,229,600,600,0,True
1723148771,20486249,1932827002227467106469194060537,63891,229,600,600,0,True
1723148783,20486250,1932827002227467106469194060537,63891,229,600,600,0,True
1723148795,20486251,1932827002227467106469194060537,63891,229,600,600,0,True
1723148807,20486252,1932827002227467106469194060537,63891,229,600,600,0,True
1723148819,20486253,1932827002227467106469194060537,63891,229,600,600,0,True
1723148831,20486254,1932827002227467106469194060537,63891,229,600,600,0,True
1723148843,20486255,1932827002227467106469194060537,63891,229,600,600,0,True
1723148855,20486256,1932827002227467106469194060537,63891,229,600,600,0,True
1723148867,20486257,1932827002227467106469194060537,63891,229,600,600,0,True
1723148879,20486258,1932827002227467106469194060537,63891,229,600,600,0,True
1723148891,20486259,1932827002227467106469194060537,63891,229,600,600,0,True
1723148903,20486260,1932827002227467106469194060537,63891,229,600,600,0,True
1723148915,20486261,1932827002227467106469194060537,63891,229,600,600,0,True
1723148927,20486262,1932827002227467106469194060537,63891,229,600,600,0,True
1723148939,20486263,1932827002227467106469194060537,63891,229,600,600,0,True
1723148951,20486264,1932827002227467106469194060537,63891,229,600,600,0,True
1723148963,20486265,1932827002227467106469194060537,63891,229,600,600,0,True
1723148975,20486266,1932827002227467106469194060537,63891,229,600,600,0,True
1723148987,20486267,1932827002227467106469194060537,63891,229,600,600,0,True
1723148999,20486268,1932827002227467106469194060537,63891,229,600,600,0,True
1723149011,20486269,1932827002227467106469194060537,63891,229,600,600,0,True
1723149023,20486270,1932827002227467106469194060537,63891,229,600,600,0,True
1723149035,20486271,1932827002227467106469194060537,63891,229,600,600,0,True
1723149047,20486272,1932827002227467106469194060537,63891,229,600,600,0,True
1723149059,20486273,1933091796350792227962591304081,63894,230,600,600,0,True
1723149071,20486274,1933091796350792227962591304081,63894,230,600,600,0,True
1723149083,20486275,1933091796350792227962591304081,63894,230,600,600,0,True
1723149095,20486276,1933091796350792227962591304081,63894,230,600,600,0,True
1723149107,20486277,1933091796350792227962591304081,63894,230,600,600,0,True
1723149119,20486278,1933091796350792227962591304081,63894,230,600,600,0,True
1723149131,20486279,1933091796350792227962591304081,63894,230,600,600,0,True
1723149143,20486280,1933091796350792227962591304081,63894,230,600,600,0,True
1723149155,20486281,1933091796350792227962591304081,63894,230,600,600,0,True
1723149167,20486282,1933091796350792227962591304081,63894,230,600,600,0,True
1723149179,20486283,1933197005289013709107726446149,63895,231,600,600,0,True
1723149191,20486284,1933197005289013709107726446149,63895,231,600,600,0,True
1723149203,20486285,1933197005289013709107726446149,63895,231,600,600,0,True
1723149215,20486286,1933197005289013709107726446149,63895,231,600,600,0,True
1723149227,20486287,1933197005289013709107726446149,63895,231,600,600,0,True
1723149239,20486288,1933197005289013709107726446149,63895,231,600,600,0,True
1723149251,20486289,1933197005289013709107726446149,63895,231,600,600,0,True
1723149263,20486290,1933197005289013709107726446149,63895,231,600,600,0,True
1723149275,20486291,1933197005289013709107726446149,63895,231,600,600,0,True
1723149287,20486292,1933197005289013709107726446149,63895,231,600,600,0,True
1723149299,20486293,1933197005289013709107726446149,63895,231,600,600,0,True
1723149311,20486294,1933197005289013709107726446149,63895,231,600,600,0,True
1723149323,20486295,1933197005289013709107726446149,63895,231,600,600,0,True
1723149335,20486296,1933197005289013709107726446149,63895,231,600,600,0,True
1723149347,20486297,1933197005289013709107726446149,63895,231,600,600,0,True
1723149359,20486298,1933197005289013709107726446149,63895,231,600,600,0,True
1723149371,20486299,1933197005289013709107726446149,63895,231,600,600,0,True
1723149383,20486300,1933197005289013709107726446149,63895,231,600,600,0,True
1723149395,20486301,1933197005289013709107726446149,63895,231,600,600,0,True
1723149407,20486302,1933197005289013709107726446149,63895,231,600,600,0,True
1723149419,20486303,1933197005289013709107726446149,63895,231,600,600,0,True
1723149431,20486304,1933197005289013709107726446149,63895,231,600,600,0,True
1723149443,20486305,1933197005289013709107726446149,63895,231,600,600,0,True
1723149455,20486306,1933197005289013709107726446149,63895,231,600,600,0,True
1723149467,20486307,1933197005289013709107726446149,63895,231,600,600,0,True
1723149479,20486308,1933197005289013709107726446149,63895,231,600,600,0,True
1723149491,20486309,1933197005289013709107726446149,63895,231,600,600,0,True
1723149503,20486310,1933197005289013709107726446149,63895,231,600,600,0,True
1723149515,20486311,1933197005289013709107726446149,63895,231,600,600,0,True
1723149527,20486312,1933197005289013709107726446149,63895,231,600,600,0,True
1723149539,20486313,1933197005289013709107726446149,63895,231,600,600,0,True
1723149551,20486314,1933197005289013709107726446149,63895,231,600,600,0,True
1723149563,20486315,1933197005289013709107726446149,63895,231,600,600,0,True
1723149575,20486316,1936523777103242731876054200837,63929,232,600,600,0,True
1723149587,20486317,1936523777103242731876054200837,63929,232,600,600,0,True
1723149599,20486318,1936523777103242731876054200837,63929,232,600,600,0,True
1723149611,20486319,1936523777103242731876054200837,63929,232,600,600,0,True
1723149623,20486320,1936523777103242731876054200837,63929,232,600,600,0,True
1723149635,20486321,1936523777103242731876054200837,63929,232,600,600,0,True
1723149647,20486322,1936523777103242731876054200837,63929,232,600,600,0,True
1723149659,20486323,1936523777103242731876054200837,63929,232,600,600,0,True
1723149671,20486324,1936523777103242731876054200837,63929,232,600,600,0,True
1723149683,20486325,1936523777103242731876054200837,63929,232,600,600,0,True
1723149695,20486326,1936523777103242731876054200837,63929,232,600,600,0,True
1723149707,20486327,1936523777103242731876054200837,63929,232,600,600,0,True
1723149719,20486328,1936523777103242731876054200837,63929,232,600,600,0,True
1723149731,20486329,1936523777103242731876054200837,63929,232,600,600,0,True
1723149743,20486330,1936523777103242731876054200837,63929,232,600,600,0,True
1723149755,20486331,1936523777103242731876054200837,63929,232,600,600,0,True
1723149767,20486332,1936523777103242731876054200837,63929,232,600,600,0,True
1723149779,20486333,1936523777103242731876054200837,63929,232,600,600,0,True
1723149791,20486334,1936523777103242731876054200837,63929,232,600,600,0,True
1723149803,20486335,1936523777103242731876054200837,63929,232,600,600,0,True
1723149815,20486336,1936523777103242731876054200837,63929,232,600,600,0,True
1723149827,20486337,1936523777103242731876054200837,63929,232,600,600,0,True
1723149839,20486338,1936523777103242731876054200837,63929,232,600,600,0,True
1723149851,20486339,1936523777103242731876054200837,63929,232,600,600,0,True
1723149863,20486340,1936523777103242731876054200837,63929,232,600,600,0,True
1723149875,20486341,1936523777103242731876054200837,63929,232,600,600,0,True
1723149887,20486342,1936523777103242731876054200837,63929,232,600,600,0,True
1723149899,20486343,1936523777103242731876054200837,63929,232,600,600,0,True
1723149911,20486344,1936523777103242731876054200837,63929,232,600,600,0,True
1723149923,20486345,1936523777103242731876054200837,63929,232,600,600,0,True
1723149935,20486346,1936523777103242731876054200837,63929,232,600,600,0,True
1723149947,20486347,1936523777103242731876054200837,63929,232,600,600,0,True
1723149959,20486348,1936523777103242731876054200837,63929,232,600,600,0,True
1723149971,20486349,1936523777103242731876054200837,63929,232,600,600,0,True
1723149983,20486350,1936523777103242731876054200837,63929,232,600,600,0,True
1723149995,20486351,1936523777103242731876054200837,63929,232,600,600,0,True
1723150007,20486352,1936523777103242731876054200837,63929,232,600,600,0,True
1723150019,20486353,1936523777103242731876054200837,63929,232,600,600,0,True
1723150031,20486354,1936523777103242731876054200837,63929,232,600,600,0,True
1723150043,20486355,1936523777103242731876054200837,63929,232,600,600,0,True
1723150055,20486356,1936523777103242731876054200837,63929,232,600,600,0,True
1723150067,20486357,1936523777103242731876054200837,63929,232,600,600,0,True
1723150079,20486358,1936523777103242731876054200837,63929,232,600,600,0,True
1723150091,20486359,1936523777103242731876054200837,63929,232,600,600,0,True
1723150103,20486360,1936523777103242731876054200837,63929,232,600,600,0,True
1723150115,20486361,1936523777103242731876054200837,63929,232,600,600,0,True
1723150127,20486362,1936523777103242731876054200837,63929,232,600,600,0,True
1723150139,20486363,1936523777103242731876054200837,63929,232,600,600,0,True
1723150151,20486364,1936523777103242731876054200837,63929,232,600,600,0,True
1723150163,20486365,1936523777103242731876054200837,63929,232,600,600,0,True
1723150175,20486366,1936523777103242731876054200837,63929,232,600,600,0,True
1723150187,20486367,1936159254336191039801376374784,63925,233,600,600,0,True
1723150199,20486368,1936159254336191039801376374784,63925,233,600,600,0,True
1723150211,20486369,1936159254336191039801376374784,63925,233,600,600,0,True
1723150223,20486370,1936159254336191039801376374784,63925,233,600,600,0,True
1723150235,20486371,1936159254336191039801376374784,63925,233,600,600,0,True
1723150247,20486372,1936159254336191039801376374784,63925,233,600,600,0,True
1723150259,20486373,1936159254336191039801376374784,63925,233,600,600,0,True
1723150271,20486374,1936159254336191039801376374784,63925,233,600,600,0,True
1723150283,20486375,1936159254336191039801376374784,63925,233,600,600,0,True
1723150295,20486376,1936159254336191039801376374784,63925,233,600,600,0,True
1723150307,20486377,1936159254336191039801376374784,63925,233,600,600,0,True
1723150319,20486378,1936159254336191039801376374784,63925,233,600,600,0,True
1723150331,20486379,1935858899668976698110278857895,63922,234,600,600,0,True
1723150343,20486380,1935858899668976698110278857895,63922,234,600,600,0,True
1723150355,20486381,1935858899668976698110278857895,63922,234,600,600,0,True
1723150367,20486382,1935858899668976698110278857895,63922,234,600,600,0,True
1723150379,20486383,1935858899668976698110278857895,63922,234,600,600,0,True
1723150391,20486384,1935663473035204672637406836441,63920,235,600,600,0,True
1723150403,20486385,1935663473035204672637406836441,63920,235,600,600,0,True
1723150415,20486386,1935663473035204672637406836441,63920,235,600,600,0,True
1723150427,20486387,1935663473035204672637406836441,63920,235,600,600,0,True
1723150439,20486388,1935663473035204672637406836441,63920,235,600,600,0,True
1723150451,20486389,1935663473035204672637406836441,63920,235,600,600,0,True
1723150463,20486390,1935663473035204672637406836441,63920,235,600,600,0,True
1723150475,20486391,1935651181399238578526806345899,63920,235,600,600,0,True
1723150487,20486392,1935651181399238578526806345899,63920,235,600,600,0,True
1723150499,20486393,1935651181399238578526806345899,63920,235,600,600,0,True
1723150511,20486394,1935651181399238578526806345899,63920,235,600,600,0,True
1723150523,20486395,1935651181399238578526806345899,63920,235,600,600,0,True
1723150535,20486396,1935651181399238578526806345899,63920,235,600,600,0,True
1723150547,20486397,1935651181399238578526806345899,63920,235,600,600,0,True
1723150559,20486398,1935651181399238578526806345899,63920,235,600,600,0,True
1723150571,20486399,1935651181399238578526806345899,63920,235,600,600,0,True
1723150583,20486400,1935651181399238578526806345899,63920,235,600,600,0,True
1723150595,20486401,1935651181399238578526806345899,63920,235,600,600,0,True
1723150607,20486402,1935651181399238578526806345899,63920,235,600,600,0,True
1723150619,20486403,1935651181399238578526806345899,63920,235,600,600,0,True
1723150631,20486404,1935651181399238578526806345899,63920,235,600,600,0,True
1723150643,20486405,1935651181399238578526806345899,63920,235,600,600,0,True
1723150655,20486406,1935651181399238578526806345899,63920,235,600,600,0,True
1723150667,20486407,1935651181399238578526806345899,63920,235,600,600,0,True
1723150679,20486408,1935651181399238578526806345899,63920,235,600,600,0,True
1723150691,20486409,1935651181399238578526806345899,63920,235,600,600,0,True
1723150703,20486410,1935651181399238578526806345899,63920,235,600,600,0,True
1723150715,20486411,1935651181399238578526806345899,63920,235,600,600,0,True
1723150727,20486412,1935651181399238578526806345899,63920,235,600,600,0,True
1723150739,20486413,1935651181399238578526806345899,63920,235,600,600,0,True
1723150751,20486414,1935651181399238578526806345899,63920,235,600,600,0,True
1723150763,20486415,1935651181399238578526806345899,63920,235,600,600,0,True
1723150775,20486416,1935651181399238578526806345899,63920,235,600,600,0,True
1723150787,20486417,1935651181399238578526806345899,63920,235,600,600,0,True
1723150799,20486418,1935651181399238578526806345899,63920,235,600,600,0,True
1723150811,20486419,1935651181399238578526806345899,63920,235,600,600,0,True
1723150823,20486420,1935651181399238578526806345899,63920,235,600,600,0,True
1723150835,20486421,1935651181399238578526806345899,63920,235,600,600,0,True
1723150847,20486422,1935651181399238578526806345899,63920,235,600,600,0,True
1723150859,20486423,1935651181399238578526806345899,63920,235,600,600,0,True
1723150871,20486424,1935651181399238578526806345899,63920,235,600,600,0,True
1723150883,20486425,1935651181399238578526806345899,63920,235,600,600,0,True
1723150895,20486426,1935651181399238578526806345899,63920,235,600,600,0,True
1723150907,20486427,1935651181399238578526806345899,63920,235,600,600,0,True
1723150919,20486428,1935651181399238578526806345899,63920,235,600,600,0,True
1723150931,20486429,1935651181399238578526806345899,63920,235,600,600,0,True
1723150943,20486430,1935651181399238578526806345899,63920,235,600,600,0,True
1723150955,20486431,1935651181399238578526806345899,63920,235,600,600,0,True
1723150967,20486432,1935651181399238578526806345899,63920,235,600,600,0,True
1723150979,20486433,1935651181399238578526806345899,63920,235,600,600,0,True
1723150991,20486434,1935651181399238578526806345899,63920,235,600,600,0,True
1723151003,20486435,1935651181399238578526806345899,63920,235,600,600,0,True
1723151015,20486436,1935651181399238578526806345899,63920,235,600,600,0,True
1723151027,20486437,1935651181399238578526806345899,63920,235,600,600,0,True
1723151039,20486438,1935651181399238578526806345899,63920,235,600,600,0,True
1723151051,20486439,1935651181399238578526806345899,63920,235,600,600,0,True
1723151063,20486440,1935651181399238578526806345899,63920,235,600,600,0,True
1723151075,20486441,1935651181399238578526806345899,63920,235,600,600,0,True
1723151087,20486442,1935651181399238578526806345899,63920,235,600,600,0,True
1723151099,20486443,1935651181399238578526806345899,63920,235,600,600,0,True
1723151111,20486444,1935651181399238578526806345899,63920,235,600,600,0,True
1723151123,20486445,1935651181399238578526806345899,63920,235,600,600,0,True
1723151135,20486446,1935651181399238578526806345899,63920,235,600,600,0,True
1723151147,20486447,1935651181399238578526806345899,63920,235,600,600,0,True
1723151159,20486448,1935651181399238578526806345899,63920,235,600,600,0,True
1723151171,20486449,1935651181399238578526806345899,63920,235,600,600,0,True
1723151183,20486450,1935651181399238578526806345899,63920,235,600,600,0,True
1723151195,20486451,1935651181399238578526806345899,63920,235,600,600,0,True
1723151207,20486452,1935651181399238578526806345899,63920,235,600,600,0,True
1723151219,20486453,1935651181399238578526806345899,63920,235,600,600,0,True
1723151231,20486454,1935651181399238578526806345899,63920,235,600,600,0,True
1723151243,20486455,1935651181399238578526806345899,63920,235,600,600,0,True
1723151255,20486456,1935651181399238578526806345899,63920,235,600,600,0,True
1723151267,20486457,1935651181399238578526806345899,63920,235,600,600,0,True
1723151279,20486458,1935651181399238578526806345899,63920,235,600,600,0,True
1723151291,20486459,1935651181399238578526806345899,63920,235,600,600,0,True
1723151303,20486460,1935651181399238578526806345899,63920,235,600,600,0,True
1723151315,20486461,1935651181399238578526806345899,63920,235,600,600,0,True
1723151327,20486462,1935651181399238578526806345899,63920,235,600,600,0,True
1723151339,20486463,1935651181399238578526806345899,63920,235,600,600,0,True
1723151351,20486464,1935651181399238578526806345899,63920,235,600,600,0,True
1723151363,20486465,1935651181399238578526806345899,63920,235,600,600,0,True
1723151375,20486466,1935651181399238578526806345899,63920,235,600,600,0,True
1723151387,20486467,1935651181399238578526806345899,63920,235,600,600,0,True
1723151399,20486468,1935651181399238578526806345899,63920,235,600,600,0,True
1723151411,20486469,1935651181399238578526806345899,63920,235,600,600,0,True
1723151423,20486470,1935651181399238578526806345899,63920,235,600,600,0,True
1723151435,20486471,1935651181399238578526806345899,63920,235,600,600,0,True
1723151447,20486472,1935651181399238578526806345899,63920,235,600,600,0,True
1723151459,20486473,1935651181399238578526806345899,63920,235,600,600,0,True
1723151471,20486474,1935651181399238578526806345899,63920,235,600,600,0,True
1723151483,20486475,1935651181399238578526806345899,63920,235,600,600,0,True
1723151495,20486476,1935651181399238578526806345899,63920,235,600,600,0,True
1723151507,20486477,1935651181399238578526806345899,63920,235,600,600,0,True
1723151519,20486478,1935651181399238578526806345899,63920,235,600,600,0,True
1723151531,20486479,1935651181399238578526806345899,63920,235,600,600,0,True
1723151543,20486480,1935651181399238578526806345899,63920,235,600,600,0,True
1723151555,20486481,1935651181399238578526806345899,63920,235,600,600,0,True
1723151567,20486482,1935651181399238578526806345899,63920,235,600,600,0,True
1723151579,20486483,1935651181399238578526806345899,63920,235,600,600,0,True
1723151591,20486484,1935651181399238578526806345899,63920,235,600,600,0,True
1723151603,20486485,1935651181399238578526806345899,63920,235,600,600,0,True
1723151615,20486486,1935651181399238578526806345899,63920,235,600,600,0,True
1723151627,20486487,1935651181399238578526806345899,63920,235,600,600,0,True
1723151639,20486488,1935651181399238578526806345899,63920,235,600,600,0,True
1723151651,20486489,1935651181399238578526806345899,63920,235,600,600,0,True
1723151663,20486490,1935651181399238578526806345899,63920,235,600,600,0,True
1723151675,20486491,1935651181399238578526806345899,63920,235,600,600,0,True
1723151687,20486492,1935651181399238578526806345899,63920,235,600,600,0,True
1723151699,20486493,1935651181399238578526806345899,63920,235,600,600,0,True
1723151711,20486494,1935651181399238578526806345899,63920,235,600,600,0,True
1723151723,20486495,1935651181399238578526806345899,63920,235,600,600,0,True
1723151735,20486496,1935651181399238578526806345899,63920,235,600,600,0,True
1723151747,20486497,1935651181399238578526806345899,63920,235,600,600,0,True
1723151759,20486498,1935651181399238578526806345899,63920,235,600,600,0,True
1723151771,20486499,1935651181399238578526806345899,63920,235,600,600,0,True
1723151783,20486500,1935651181399238578526806345899,63920,235,600,600,0,True
1723151795,20486501,1935651181399238578526806345899,63920,235,600,600,0,True
1723151807,20486502,1935651181399238578526806345899,63920,235,600,600,0,True
1723151819,20486503,1935651181399238578526806345899,63920,235,600,600,0,True
1723151831,20486504,1935651181399238578526806345899,63920,235,600,600,0,True
1723151843,20486505,1935651181399238578526806345899,63920,235,600,600,0,True
1723151855,20486506,1935651181399238578526806345899,63920,235,600,600,0,True
1723151867,20486507,1935651181399238578526806345899,63920,235,600,600,0,True
1723151879,20486508,1935651181399238578526806345899,63920,235,600,600,0,True
1723151891,20486509,1935651181399238578526806345899,63920,235,600,600,0,True
1723151903,20486510,1935651181399238578526806345899,63920,235,600,600,0,True
1723151915,20486511,1935651181399238578526806345899,63920,235,600,600,0,True
1723151927,20486512,1935651181399238578526806345899,63920,235,600,600,0,True
1723151939,20486513,1935651181399238578526806345899,63920,235,600,600,0,True
1723151951,20486514,1935651181399238578526806345899,63920,235,600,600,0,True
1723151963,20486515,1935651181399238578526806345899,63920,235,600,600,0,True
1723151975,20486516,1935651181399238578526806345899,63920,235,600,600,0,True
1723151987,20486517,1935651181399238578526806345899,63920,235,600,600,0,True
1723151999,20486518,1935651181399238578526806345899,63920,235,600,600,0,True
1723152011,20486519,1935651181399238578526806345899,63920,235,600,600,0,True
1723152023,20486520,1935651181399238578526806345899,63920,235,600,600,0,True
1723152035,20486521,1935651181399238578526806345899,63920,235,600,600,0,True
1723152047,20486522,1935651181399238578526806345899,63920,235,600,600,0,True
1723152059,20486523,1935651181399238578526806345899,63920,235,600,600,0,True
1723152071,20486524,1935651181399238578526806345899,63920,235,600,600,0,True
1723152083,20486525,1935651181399238578526806345899,63920,235,600,600,0,True
1723152095,20486526,1935651181399238578526806345899,63920,235,600,600,0,True
1723152107,20486527,1935651181399238578526806345899,63920,235,600,600,0,True
1723152119,20486528,1935651181399238578526806345899,63920,235,600,600,0,True
1723152131,20486529,1935651181399238578526806345899,63920,235,600,600,0,True
1723152143,20486530,1935651181399238578526806345899,63920,235,600,600,0,True
1723152155,20486531,1935651181399238578526806345899,63920,235,600,600,0,True
1723152167,20486532,1935651181399238578526806345899,63920,235,600,600,0,True
1723152179,20486533,1935651181399238578526806345899,63920,235,600,600,0,True
1723152191,20486534,1935651181399238578526806345899,63920,235,600,600,0,True
1723152203,20486535,1935651181399238578526806345899,63920,235,600,600,0,True
1723152215,20486536,1935651181399238578526806345899,63920,235,600,600,0,True
1723152227,20486537,1935651181399238578526806345899,63920,235,600,600,0,True
1723152239,20486538,1935651181399238578526806345899,63920,235,600,600,0,True
1723152251,20486539,1935651181399238578526806345899,63920,235,600,600,0,True
1723152263,20486540,1935651181399238578526806345899,63920,235,600,600,0,True
1723152275,20486541,1935651181399238578526806345899,63920,235,600,600,0,True
1723152287,20486542,1935651181399238578526806345899,63920,235,600,600,0,True
1723152299,20486543,1935651181399238578526806345899,63920,235,600,600,0,True
1723152311,20486544,1935651181399238578526806345899,63920,235,600,600,0,True
1723152323,20486545,1935651181399238578526806345899,63920,235,600,600,0,True
1723152335,20486546,1935651181399238578526806345899,63920,235,600,600,0,True
1723152347,20486547,1935651181399238578526806345899,63920,235,600,600,0,True
1723152359,20486548,1935651181399238578526806345899,63920,235,600,600,0,True
1723152371,20486549,1935651181399238578526806345899,63920,235,600,600,0,True
1723152383,20486550,1935651181399238578526806345899,63920,235,600,600,0,True
1723152395,20486551,1935651181399238578526806345899,63920,235,600,600,0,True
1723152407,20486552,1935651181399238578526806345899,63920,235,600,600,0,True
1723152419,20486553,1935651181399238578526806345899,63920,235,600,600,0,True
1723152431,20486554,1935651181399238578526806345899,63920,235,600,600,0,True
1723152443,20486555,1935651181399238578526806345899,63920,235,600,600,0,True
1723152455,20486556,1935651181399238578526806345899,63920,235,600,600,0,True
1723152467,20486557,1935651181399238578526806345899,63920,235,600,600,0,True
1723152479,20486558,1935651181399238578526806345899,63920,235,600,600,0,True
1723152491,20486559,1935651181399238578526806345899,63920,235,600,600,0,True
1723152503,20486560,1935651181399238578526806345899,63920,235,600,600,0,True
1723152515,20486561,1935651181399238578526806345899,63920,235,600,600,0,True
1723152527,20486562,1935651181399238578526806345899,63920,235,600,600,0,True
1723152539,20486563,1935651181399238578526806345899,63920,235,600,600,0,True
1723152551,20486564,1935651181399238578526806345899,63920,235,600,600,0,True
1723152563,20486565,1935651181399238578526806345899,63920,235,600,600,0,True
1723152575,20486566,1935651181399238578526806345899,63920,235,600,600,0,True
1723152587,20486567,1935651181399238578526806345899,63920,235,600,600,0,True
1723152599,20486568,1935651181399238578526806345899,63920,235,600,600,0,True
1723152611,20486569,1935651181399238578526806345899,63920,235,600,600,0,True
1723152623,20486570,1935651181399238578526806345899,63920,235,600,600,0,True
1723152635,20486571,1935651181399238578526806345899,63920,235,600,600,0,True
1723152647,20486572,1935651181399238578526806345899,63920,235,600,600,0,True
1723152659,20486573,1935651181399238578526806345899,63920,235,600,600,0,True
1723152671,20486574,1935651181399238578526806345899,63920,235,600,600,0,True
1723152683,20486575,1935651181399238578526806345899,63920,235,600,600,0,True
1723152695,20486576,1935651181399238578526806345899,63920,235,600,600,0,True
1723152707,20486577,1935651181399238578526806345899,63920,235,600,600,0,True
1723152719,20486578,1935651181399238578526806345899,63920,235,600,600,0,True
1723152731,20486579,1935651181399238578526806345899,63920,235,600,600,0,True
1723152743,20486580,1935651181399238578526806345899,63920,235,600,600,0,True
1723152755,20486581,1935651181399238578526806345899,63920,235,600,600,0,True
1723152767,20486582,1935651181399238578526806345899,63920,235,600,600,0,True
1723152779,20486583,1935651181399238578526806345899,63920,235,600,600,0,True
1723152791,20486584,1935651181399238578526806345899,63920,235,600,600,0,True
1723152803,20486585,1935651181399238578526806345899,63920,235,600,600,0,True
1723152815,20486586,1935651181399238578526806345899,63920,235,600,600,0,True
1723152827,20486587,1935651181399238578526806345899,63920,235,600,600,0,True
1723152839,20486588,1935651181399238578526806345899,63920,235,600,600,0,True
1723152851,20486589,1935651181399238578526806345899,63920,235,600,600,0,True
1723152863,20486590,1935651181399238578526806345899,63920,235,600,600,0,True
1723152875,20486591,1935651181399238578526806345899,63920,235,600,600,0,True
1723152887,20486592,1935651181399238578526806345899,63920,235,600,600,0,True
1723152899,20486593,1935651181399238578526806345899,63920,235,600,600,0,True
1723152911,20486594,1935651181399238578526806345899,63920,235,600,600,0,True
1723152923,20486595,1935651181399238578526806345899,63920,235,600,600,0,True
1723152935,20486596,1935651181399238578526806345899,63920,235,600,600,0,True
1723152947,20486597,1935651181399238578526806345899,63920,235,600,600,0,True
1723152959,20486598,1935651181399238578526806345899,63920,235,600,600,0,True
1723152971,20486599,1935651181399238578526806345899,63920,235,600,600,0,True
1723152983,20486600,1935651181399238578526806345899,63920,235,600,600,0,True
1723152995,20486601,1935651181399238578526806345899,63920,235,600,600,0,True
1723153007,20486602,1935651181399238578526806345899,63920,235,600,600,0,True
1723153019,20486603,1935651181399238578526806345899,63920,235,600,600,0,True
1723153031,20486604,1935651181399238578526806345899,63920,235,600,600,0,True
1723153043,20486605,1935651181399238578526806345899,63920,235,600,600,0,True
1723153055,20486606,1935651181399238578526806345899,63920,235,600,600,0,True
1723153067,20486607,1935651181399238578526806345899,63920,235,600,600,0,True
1723153079,20486608,1935651181399238578526806345899,63920,235,600,600,0,True
1723153091,20486609,1935651181399238578526806345899,63920,235,600,600,0,True
1723153103,20486610,1935651181399238578526806345899,63920,235,600,600,0,True
1723153115,20486611,1935651181399238578526806345899,63920,235,600,600,0,True
1723153127,20486612,1935628938777642465092233215937,63920,235,600,600,0,True
1723153139,20486613,1935628938777642465092233215937,63920,235,600,600,0,True
1723153151,20486614,1935628938777642465092233215937,63920,235,600,600,0,True
1723153163,20486615,1935628938777642465092233215937,63920,235,600,600,0,True
1723153175,20486616,1935628938777642465092233215937,63920,235,600,600,0,True
1723153187,20486617,1935628938777642465092233215937,63920,235,600,600,0,True
1723153199,20486618,1935628938777642465092233215937,63920,235,600,600,0,True
1723153211,20486619,1935628938777642465092233215937,63920,235,600,600,0,True
1723153223,20486620,1935628938777642465092233215937,63920,235,600,600,0,True
1723153235,20486621,1935628938777642465092233215937,63920,235,600,600,0,True
1723153247,20486622,1935628938777642465092233215937,63920,235,600,600,0,True
1723153259,20486623,1935628938777642465092233215937,63920,235,600,600,0,True
1723153271,20486624,1935628938777642465092233215937,63920,235,600,600,0,True
1723153283,20486625,1936093225657725921228643521198,63925,236,600,600,0,True
1723153295,20486626,1936093225657725921228643521198,63925,236,600,600,0,True
1723153307,20486627,1936093225657725921228643521198,63925,236,600,600,0,True
1723153319,20486628,1936093225657725921228643521198,63925,236,600,600,0,True
1723153331,20486629,1936093225657725921228643521198,63925,236,600,600,0,True
1723153343,20486630,1937343731803146007407884704111,63938,237,600,600,0,True
1723153355,20486631,1948035184871072068344976415577,64048,238,600,600,0,True
1723153367,20486632,1948035184871072068344976415577,64048,238,600,600,0,True
1723153379,20486633,1948035184871072068344976415577,64048,238,600,600,0,True
1723153391,20486634,1948035184871072068344976415577,64048,238,600,600,0,True
1723153403,20486635,1948035184871072068344976415577,64048,238,600,600,0,True
1723153415,20486636,1948035184871072068344976415577,64048,238,600,600,0,True
1723153427,20486637,1948035184871072068344976415577,64048,238,600,600,0,True
1723153439,20486638,1948035184871072068344976415577,64048,238,600,600,0,True
1723153451,20486639,1948035184871072068344976415577,64048,238,600,600,0,True
1723153463,20486640,1948035184871072068344976415577,64048,238,600,600,0,True
1723153475,20486641,1948035184871072068344976415577,64048,238,600,600,0,True
1723153487,20486642,1948035184871072068344976415577,64048,238,600,600,0,True
1723153499,20486643,1948035184871072068344976415577,64048,238,600,600,0,True
1723153511,20486644,1948035184871072068344976415577,64048,238,600,600,0,True
1723153523,20486645,1951278655678305396428662155506,64081,239,600,600,0,True
1723153535,20486646,1951278655678305396428662155506,64081,239,600,600,0,True
1723153547,20486647,1951278655678305396428662155506,64081,239,600,600,0,True
1723153559,20486648,1952174106491413482130407531157,64090,240,600,600,0,True
1723153571,20486649,1952259907290436589582619325012,64091,241,600,600,0,True
1723153583,20486650,1952259907290436589582619325012,64091,241,600,600,0,True
1723153595,20486651,1952259907290436589582619325012,64091,241,600,600,0,True
1723153607,20486652,1952259907290436589582619325012,64091,241,600,600,0,True
1723153619,20486653,1952259907290436589582619325012,64091,241,600,600,0,True
1723153631,20486654,1952259907290436589582619325012,64091,241,600,600,0,True
1723153643,20486655,1952259907290436589582619325012,64091,241,600,600,0,True
1723153655,20486656,1952259907290436589582619325012,64091,241,600,600,0,True
1723153667,20486657,1952259907290436589582619325012,64091,241,600,600,0,True
1723153679,20486658,1952259907290436589582619325012,64091,241,600,600,0,True
1723153691,20486659,1952259907290436589582619325012,64091,241,600,600,0,True
1723153703,20486660,1952259907290436589582619325012,64091,241,600,600,0,True
1723153715,20486661,1952259907290436589582619325012,64091,241,600,600,0,True
1723153727,20486662,1952259907290436589582619325012,64091,241,600,600,0,True
1723153739,20486663,1952259907290436589582619325012,64091,241,600,600,0,True
1723153751,20486664,1952259907290436589582619325012,64091,241,600,600,0,True
1723153763,20486665,1951646030218293065995758937971,64085,242,600,600,0,True
1723153775,20486666,1951646030218293065995758937971,64085,242,600,600,0,True
1723153787,20486667,1951646030218293065995758937971,64085,242,600,600,0,True
1723153799,20486668,1951646030218293065995758937971,64085,242,600,600,0,True
1723153811,20486669,1951646030218293065995758937971,64085,242,600,600,0,True
1723153823,20486670,1951646030218293065995758937971,64085,242,600,600,0,True
1723153835,20486671,1951646030218293065995758937971,64085,242,600,600,0,True
1723153847,20486672,1951646030218293065995758937971,64085,242,600,600,0,True
1723153859,20486673,1951646030218293065995758937971,64085,242,600,600,0,True
1723153871,20486674,1951646030218293065995758937971,64085,242,600,600,0,True
1723153883,20486675,1951646030218293065995758937971,64085,242,600,600,0,True
1723153895,20486676,1951646030218293065995758937971,64085,242,600,600,0,True
1723153907,20486677,1951803276194296786156408747345,64086,243,600,600,0,True
1723153919,20486678,1951803276194296786156408747345,64086,243,600,600,0,True
1723153931,20486679,1951803276194296786156408747345,64086,243,600,600,0,True
1723153943,20486680,1951803276194296786156408747345,64086,243,600,600,0,True
1723153955,20486681,1951803276194296786156408747345,64086,243,600,600,0,True
1723153967,20486682,1951803276194296786156408747345,64086,243,600,600,0,True
1723153979,20486683,1951803276194296786156408747345,64086,243,600,600,0,True
1723153991,20486684,1951803276194296786156408747345,64086,243,600,600,0,True
1723154003,20486685,1951803276194296786156408747345,64086,243,600,600,0,True
1723154015,20486686,1951803276194296786156408747345,64086,243,600,600,0,True
1723154027,20486687,1951803276194296786156408747345,64086,243,600,600,0,True
1723154039,20486688,1951803276194296786156408747345,64086,243,600,600,0,True
1723154051,20486689,1951803276194296786156408747345,64086,243,600,600,0,True
1723154063,20486690,1951803276194296786156408747345,64086,243,600,600,0,True
1723154075,20486691,1951803276194296786156408747345,64086,243,600,600,0,True
1723154087,20486692,1951803276194296786156408747345,64086,243,600,600,0,True
1723154099,20486693,1951803276194296786156408747345,64086,243,600,600,0,True
1723154111,20486694,1951803276194296786156408747345,64086,243,600,600,0,True
1723154123,20486695,1951803276194296786156408747345,64086,243,600,600,0,True
1723154135,20486696,1951803276194296786156408747345,64086,243,600,600,0,True
1723154147,20486697,1951337224186931435163107721216,64081,244,600,600,0,True
1723154159,20486698,1951337224186931435163107721216,64081,244,600,600,0,True
1723154171,20486699,1950496293952561964217658605241,64073,245,600,600,0,True
1723154183,20486700,1950118063078502235032201986048,64069,246,600,600,0,True
1723154195,20486701,1950118063078502235032201986048,64069,246,600,600,0,True
1723154207,20486702,1950118063078502235032201986048,64069,246,600,600,0,True
1723154219,20486703,1950118063078502235032201986048,64069,246,600,600,0,True
1723154231,20486704,1950118063078502235032201986048,64069,246,600,600,0,True
1723154243,20486705,1950118063078502235032201986048,64069,246,600,600,0,True
1723154255,20486706,1949718269574366698679111763722,64065,247,600,600,0,True
1723154267,20486707,1949718269574366698679111763722,64065,247,600,600,0,True
1723154279,20486708,1949718269574366698679111763722,64065,247,600,600,0,True
1723154291,20486709,1949718269574366698679111763722,64065,247,600,600,0,True
1723154303,20486710,1950361986676768865938298668992,64071,248,600,600,0,True
1723154315,20486711,1953331621801212717257856078187,64102,249,600,600,0,True
1723154327,20486712,1953860458637001792952069309222,64107,250,600,600,0,True
1723154339,20486713,1954436611244314217115383334115,64113,251,600,600,0,True
1723154351,20486714,1956180894749212553773047974171,64131,252,600,600,0,True
1723154363,20486715,1958795682804076329437034407446,64158,253,600,600,0,True
1723154375,20486716,1958795682804076329437034407446,64158,253,600,600,0,True
1723154387,20486717,1958795682804076329437034407446,64158,253,600,600,0,True
1723154399,20486718,1958795682804076329437034407446,64158,253,600,600,0,True
1723154411,20486719,1958795682804076329437034407446,64158,253,600,600,0,True
1723154423,20486720,1958795682804076329437034407446,64158,253,600,600,0,True
1723154435,20486721,1958795682804076329437034407446,64158,253,600,600,0,True
1723154447,20486722,1958795682804076329437034407446,64158,253,600,600,0,True
1723154459,20486723,1958795682804076329437034407446,64158,253,600,600,0,True
1723154471,20486724,1958795682804076329437034407446,64158,253,600,600,0,True
1723154483,20486725,1958795682804076329437034407446,64158,253,600,600,0,True
1723154495,20486726,1958795682804076329437034407446,64158,253,600,600,0,True
1723154507,20486727,1958558146109554985281362969002,64155,254,600,600,0,True
1723154519,20486728,1957775077065889101511276515861,64147,255,600,600,0,True
1723154531,20486729,1957775077065889101511276515861,64147,255,600,600,0,True
1723154543,20486730,1957775077065889101511276515861,64147,255,600,600,0,True
1723154555,20486731,1957775077065889101511276515861,64147,255,600,600,0,True
1723154567,20486732,1957775077065889101511276515861,64147,255,600,600,0,True
1723154579,20486733,1957185831848223858664650309632,64141,256,600,600,0,True
1723154591,20486734,1957185831848223858664650309632,64141,256,600,600,0,True
1723154603,20486735,1957185831848223858664650309632,64141,256,600,600,0,True
1723154615,20486736,1956858711544360971795804164500,64138,257,600,600,0,True
1723154627,20486737,1956488454495482986153084341063,64134,258,600,600,0,True
1723154639,20486738,1956488454495482986153084341063,64134,258,600,600,0,True
1723154651,20486739,1956113254036072231492468604928,64130,259,600,600,0,True
1723154663,20486740,1956113254036072231492468604928,64130,259,600,600,0,True
1723154675,20486741,1956113254036072231492468604928,64130,259,600,600,0,True
1723154687,20486742,1956113254036072231492468604928,64130,259,600,600,0,True
1723154699,20486743,1956113254036072231492468604928,64130,259,600,600,0,True
1723154711,20486744,1956113254036072231492468604928,64130,259,600,600,0,True
1723154723,20486745,1955456179635546051141009670144,64124,260,600,600,0,True
1723154735,20486746,1955456179635546051141009670144,64124,260,600,600,0,True
1723154747,20486747,1955456179635546051141009670144,64124,260,600,600,0,True
1723154759,20486748,1955456179635546051141009670144,64124,260,600,600,0,True
1723154771,20486749,1955456179635546051141009670144,64124,260,600,600,0,True
1723154783,20486750,1955456179635546051141009670144,64124,260,600,600,0,True
1723154795,20486751,1955456179635546051141009670144,64124,260,600,600,0,True
1723154807,20486752,1955456179635546051141009670144,64124,260,600,600,0,True
1723154819,20486753,1955456179635546051141009670144,64124,260,600,600,0,True
1723154831,20486754,1954753672698601296218471459877,64116,261,600,600,0,True
1723154843,20486755,1954753672698601296218471459877,64116,261,600,600,0,True
1723154855,20486756,1954753672698601296218471459877,64116,261,600,600,0,True
1723154867,20486757,1954753672698601296218471459877,64116,261,600,600,0,True
1723154879,20486758,1954753672698601296218471459877,64116,261,600,600,0,True
1723154891,20486759,1954753672698601296218471459877,64116,261,600,600,0,True
1723154903,20486760,1954753672698601296218471459877,64116,261,600,600,0,True
1723154915,20486761,1954753672698601296218471459877,64116,261,600,600,0,True
1723154927,20486762,1954753672698601296218471459877,64116,261,600,600,0,True
1723154939,20486763,1954753672698601296218471459877,64116,261,600,600,0,True
1723154951,20486764,1954753672698601296218471459877,64116,261,600,600,0,True
1723154963,20486765,1954753672698601296218471459877,64116,261,600,600,0,True
1723154975,20486766,1954753672698601296218471459877,64116,261,600,600,0,True
1723154987,20486767,1954753672698601296218471459877,64116,261,600,600,0,True
1723154999,20486768,1954753672698601296218471459877,64116,261,600,600,0,True
1723155011,20486769,1954753672698601296218471459877,64116,261,600,600,0,True
1723155023,20486770,1954753672698601296218471459877,64116,261,600,600,0,True
1723155035,20486771,1954753672698601296218471459877,64116,261,600,600,0,True
1723155047,20486772,1954753672698601296218471459877,64116,261,600,600,0,True
1723155059,20486773,1954753672698601296218471459877,64116,261,600,600,0,True
1723155071,20486774,1954753672698601296218471459877,64116,261,600,600,0,True
1723155083,20486775,1954753672698601296218471459877,64116,261,600,600,0,True
1723155095,20486776,1954753672698601296218471459877,64116,261,600,600,0,True
1723155107,20486777,1954753672698601296218471459877,64116,261,600,600,0,True
1723155119,20486778,1954753672698601296218471459877,64116,261,600,600,0,True
1723155131,20486779,1954753672698601296218471459877,64116,261,600,600,0,True
1723155143,20486780,1954753672698601296218471459877,64116,261,600,600,0,True
1723155155,20486781,1954753672698601296218471459877,64116,261,600,600,0,True
1723155167,20486782,1954753672698601296218471459877,64116,261,600,600,0,True
1723155179,20486783,1954753672698601296218471459877,64116,261,600,600,0,True
1723155191,20486784,1954753672698601296218471459877,64116,261,600,600,0,True
1723155203,20486785,1954753672698601296218471459877,64116,261,600,600,0,True
1723155215,20486786,1954753672698601296218471459877,64116,261,600,600,0,True
1723155227,20486787,1954753672698601296218471459877,64116,261,600,600,0,True
1723155239,20486788,1954753672698601296218471459877,64116,261,600,600,0,True
1723155251,20486789,1954753672698601296218471459877,64116,261,600,600,0,True
1723155263,20486790,1954753672698601296218471459877,64116,261,600,600,0,True
1723155275,20486791,1954753672698601296218471459877,64116,261,600,600,0,True
1723155287,20486792,1954753672698601296218471459877,64116,261,600,600,0,True
1723155299,20486793,1954753672698601296218471459877,64116,261,600,600,0,True
1723155311,20486794,1954753672698601296218471459877,64116,261,600,600,0,True
1723155323,20486795,1954753672698601296218471459877,64116,261,600,600,0,True
1723155335,20486796,1954753672698601296218471459877,64116,261,600,600,0,True
1723155347,20486797,1954645726108645449842812407907,64115,262,600,600,0,True
1723155359,20486798,1954645726108645449842812407907,64115,262,600,600,0,True
1723155371,20486799,1954645726108645449842812407907,64115,262,600,600,0,True
1723155383,20486800,1954316820196528114245261713632,64112,263,600,600,0,True
1723155395,20486801,1954316820196528114245261713632,64112,263,600,600,0,True
1723155407,20486802,1954316820196528114245261713632,64112,263,600,600,0,True
1723155419,20486803,1954316820196528114245261713632,64112,263,600,600,0,True
1723155431,20486804,1954316820196528114245261713632,64112,263,600,600,0,True
1723155443,20486805,1954316820196528114245261713632,64112,263,600,600,0,True
1723155455,20486806,1954316820196528114245261713632,64112,263,600,600,0,True
1723155467,20486807,1954316820196528114245261713632,64112,263,600,600,0,True
1723155479,20486808,1954316820196528114245261713632,64112,263,600,600,0,True
1723155491,20486809,1954316820196528114245261713632,64112,263,600,600,0,True
1723155503,20486810,1954316820196528114245261713632,64112,263,600,600,0,True
1723155515,20486811,1954316820196528114245261713632,64112,263,600,600,0,True
1723155527,20486812,1954316820196528114245261713632,64112,263,600,600,0,True
1723155539,20486813,1954316820196528114245261713632,64112,263,600,600,0,True
1723155551,20486814,1954316820196528114245261713632,64112,263,600,600,0,True
1723155563,20486815,1954316820196528114245261713632,64112,263,600,600,0,True
1723155575,20486816,1954316820196528114245261713632,64112,263,600,600,0,True
1723155587,20486817,1954316820196528114245261713632,64112,263,600,600,0,True
1723155599,20486818,1954316820196528114245261713632,64112,263,600,600,0,True
1723155611,20486819,1954316820196528114245261713632,64112,263,600,600,0,True
1723155623,20486820,1954316820196528114245261713632,64112,263,600,600,0,True
1723155635,20486821,1954316820196528114245261713632,64112,263,600,600,0,True
1723155647,20486822,1954316820196528114245261713632,64112,263,600,600,0,True
1723155659,20486823,1954316820196528114245261713632,64112,263,600,600,0,True
1723155671,20486824,1954316820196528114245261713632,64112,263,600,600,0,True
1723155683,20486825,1954316820196528114245261713632,64112,263,600,600,0,True
1723155695,20486826,1954316820196528114245261713632,64112,263,600,600,0,True
1723155707,20486827,1954316820196528114245261713632,64112,263,600,600,0,True
1723155719,20486828,1954316820196528114245261713632,64112,263,600,600,0,True
1723155731,20486829,1954316820196528114245261713632,64112,263,600,600,0,True
1723155743,20486830,1954316820196528114245261713632,64112,263,600,600,0,True
1723155755,20486831,1954316820196528114245261713632,64112,263,600,600,0,True
1723155767,20486832,1954316820196528114245261713632,64112,263,600,600,0,True
1723155779,20486833,1954316820196528114245261713632,64112,263,600,600,0,True
1723155791,20486834,1954316820196528114245261713632,64112,263,600,600,0,True
1723155803,20486835,1954316820196528114245261713632,64112,263,600,600,0,True
1723155815,20486836,1954316820196528114245261713632,64112,263,600,600,0,True
1723155827,20486837,1954316820196528114245261713632,64112,263,600,600,0,True
1723155839,20486838,1954316820196528114245261713632,64112,263,600,600,0,True
1723155851,20486839,1954316820196528114245261713632,64112,263,600,600,0,True
1723155863,20486840,1954316820196528114245261713632,64112,263,600,600,0,True
1723155875,20486841,1955738525107414381698710765568,64127,264,600,600,0,True
1723155887,20486842,1955738525107414381698710765568,64127,264,600,600,0,True
1723155899,20486843,1955738525107414381698710765568,64127,264,600,600,0,True
1723155911,20486844,1955738525107414381698710765568,64127,264,600,600,0,True
1723155923,20486845,1955738525107414381698710765568,64127,264,600,600,0,True
1723155935,20486846,1955738525107414381698710765568,64127,264,600,600,0,True
1723155947,20486847,1955738525107414381698710765568,64127,264,600,600,0,True
1723155959,20486848,1955738525107414381698710765568,64127,264,600,600,0,True
1723155971,20486849,1955738525107414381698710765568,64127,264,600,600,0,True
1723155983,20486850,1955738525107414381698710765568,64127,264,600,600,0,True
1723155995,20486851,1955738525107414381698710765568,64127,264,600,600,0,True
1723156007,20486852,1955833920983190230042239207019,64128,265,600,600,0,True
1723156019,20486853,1955833920983190230042239207019,64128,265,600,600,0,True
1723156031,20486854,1955833920983190230042239207019,64128,265,600,600,0,True
1723156043,20486855,1955833920983190230042239207019,64128,265,600,600,0,True
1723156055,20486856,1955833920983190230042239207019,64128,265,600,600,0,True
1723156067,20486857,1955833920983190230042239207019,64128,265,600,600,0,True
1723156079,20486858,1955833920983190230042239207019,64128,265,600,600,0,True
1723156091,20486859,1955833920983190230042239207019,64128,265,600,600,0,True
1723156103,20486860,1955833920983190230042239207019,64128,265,600,600,0,True
1723156115,20486861,1955833920983190230042239207019,64128,265,600,600,0,True
1723156127,20486862,1955833920983190230042239207019,64128,265,600,600,0,True
1723156139,20486863,1955833920983190230042239207019,64128,265,600,600,0,True
1723156151,20486864,1955833920983190230042239207019,64128,265,600,600,0,True
1723156163,20486865,1955833920983190230042239207019,64128,265,600,600,0,True
1723156175,20486866,1955833920983190230042239207019,64128,265,600,600,0,True
1723156187,20486867,1955833920983190230042239207019,64128,265,600,600,0,True
1723156199,20486868,1955833920983190230042239207019,64128,265,600,600,0,True
1723156211,20486869,1955833920983190230042239207019,64128,265,600,600,0,True
1723156223,20486870,1955833920983190230042239207019,64128,265,600,600,0,True
1723156235,20486871,1955833920983190230042239207019,64128,265,600,600,0,True
1723156247,20486872,1955833920983190230042239207019,64128,265,600,600,0,True
1723156259,20486873,1955833920983190230042239207019,64128,265,600,600,0,True
1723156271,20486874,1955833920983190230042239207019,64128,265,600,600,0,True
1723156283,20486875,1955833920983190230042239207019,64128,265,600,600,0,True
1723156295,20486876,1956256872584678400250558564949,64132,266,600,600,0,True
1723156307,20486877,1956256872584678400250558564949,64132,266,600,600,0,True
1723156319,20486878,1956256872584678400250558564949,64132,266,600,600,0,True
1723156331,20486879,1956256872584678400250558564949,64132,266,600,600,0,True
1723156343,20486880,1956256872584678400250558564949,64132,266,600,600,0,True
1723156355,20486881,1956592552812336772622037781219,64135,267,600,600,0,True
1723156367,20486882,1957476015421902076547344855916,64144,268,600,600,0,True
1723156379,20486883,1957476015421902076547344855916,64144,268,600,600,0,True
1723156391,20486884,1957554296244375938397233264654,64145,269,600,600,0,True
1723156403,20486885,1957554296244375938397233264654,64145,269,600,600,0,True
1723156415,20486886,1957554296244375938397233264654,64145,269,600,600,0,True
1723156427,20486887,1957554296244375938397233264654,64145,269,600,600,0,True
1723156439,20486888,1958691063168159909614196124363,64157,270,600,600,0,True
1723156451,20486889,1959240193824554470348295821867,64162,271,600,600,0,True
1723156463,20486890,1959240193824554470348295821867,64162,271,600,600,0,True
1723156475,20486891,1959240193824554470348295821867,64162,271,600,600,0,True
1723156487,20486892,1959240193824554470348295821867,64162,271,600,600,0,True
1723156499,20486893,1959240193824554470348295821867,64162,271,600,600,0,True
1723156511,20486894,1959240193824554470348295821867,64162,271,600,600,0,True
1723156523,20486895,1959240193824554470348295821867,64162,271,600,600,0,True
1723156535,20486896,1959240193824554470348295821867,64162,271,600,600,0,True
1723156547,20486897,1959240193824554470348295821867,64162,271,600,600,0,True
1723156559,20486898,1959240193824554470348295821867,64162,271,600,600,0,True
1723156571,20486899,1959240193824554470348295821867,64162,271,600,600,0,True
1723156583,20486900,1959240193824554470348295821867,64162,271,600,600,0,True
1723156595,20486901,1959240193824554470348295821867,64162,271,600,600,0,True
1723156607,20486902,1959240193824554470348295821867,64162,271,600,600,0,True
1723156619,20486903,1959240193824554470348295821867,64162,271,600,600,0,True
1723156631,20486904,1959240193824554470348295821867,64162,271,600,600,0,True
1723156643,20486905,1959240193824554470348295821867,64162,271,600,600,0,True
1723156655,20486906,1959240193824554470348295821867,64162,271,600,600,0,True
1723156667,20486907,1959240193824554470348295821867,64162,271,600,600,0,True
1723156679,20486908,1959240193824554470348295821867,64162,271,600,600,0,True
1723156691,20486909,1959240193824554470348295821867,64162,271,600,600,0,True
1723156703,20486910,1959240193824554470348295821867,64162,271,600,600,0,True
1723156715,20486911,1959240193824554470348295821867,64162,271,600,600,0,True
1723156727,20486912,1959240193824554470348295821867,64162,271,600,600,0,True
1723156739,20486913,1959240193824554470348295821867,64162,271,600,600,0,True
1723156751,20486914,1959240193824554470348295821867,64162,271,600,600,0,True
1723156763,20486915,1959240193824554470348295821867,64162,271,600,600,0,True
1723156775,20486916,1959240193824554470348295821867,64162,271,600,600,0,True
1723156787,20486917,1959240193824554470348295821867,64162,271,600,600,0,True
1723156799,20486918,1959240193824554470348295821867,64162,271,600,600,0,True
1723156811,20486919,1959240193824554470348295821867,64162,271,600,600,0,True
1723156823,20486920,1959240193824554470348295821867,64162,271,600,600,0,True
1723156835,20486921,1959240193824554470348295821867,64162,271,600,600,0,True
1723156847,20486922,1959240193824554470348295821867,64162,271,600,600,0,True
1723156859,20486923,1959240193824554470348295821867,64162,271,600,600,0,True
1723156871,20486924,1959240193824554470348295821867,64162,271,600,600,0,True
1723156883,20486925,1959240193824554470348295821867,64162,271,600,600,0,True
1723156895,20486926,1959240193824554470348295821867,64162,271,600,600,0,True
1723156907,20486927,1959240193824554470348295821867,64162,271,600,600,0,True
1723156919,20486928,1959240193824554470348295821867,64162,271,600,600,0,True
1723156931,20486929,1959240193824554470348295821867,64162,271,600,600,0,True
1723156943,20486930,1959240193824554470348295821867,64162,271,600,600,0,True
1723156955,20486931,1959240193824554470348295821867,64162,271,600,600,0,True
1723156967,20486932,1959240193824554470348295821867,64162,271,600,600,0,True
1723156979,20486933,1959240193824554470348295821867,64162,271,600,600,0,True
1723156991,20486934,1959240193824554470348295821867,64162,271,600,600,0,True
1723157003,20486935,1959240193824554470348295821867,64162,271,600,600,0,True
1723157015,20486936,1959240193824554470348295821867,64162,271,600,600,0,True
1723157027,20486937,1959240193824554470348295821867,64162,271,600,600,0,True
1723157039,20486938,1959240193824554470348295821867,64162,271,600,600,0,True
1723157051,20486939,1959240193824554470348295821867,64162,271,600,600,0,True
1723157063,20486940,1959240193824554470348295821867,64162,271,600,600,0,True
1723157075,20486941,1959240193824554470348295821867,64162,271,600,600,0,True
1723157087,20486942,1959240193824554470348295821867,64162,271,600,600,0,True
1723157099,20486943,1959240193824554470348295821867,64162,271,600,600,0,True
1723157111,20486944,1959240193824554470348295821867,64162,271,600,600,0,True
1723157123,20486945,1959240193824554470348295821867,64162,271,600,600,0,True
1723157135,20486946,1959240193824554470348295821867,64162,271,600,600,0,True
1723157147,20486947,1959240193824554470348295821867,64162,271,600,600,0,True
1723157159,20486948,1959240193824554470348295821867,64162,271,600,600,0,True
1723157171,20486949,1959240193824554470348295821867,64162,271,600,600,0,True
1723157183,20486950,1959240193824554470348295821867,64162,271,600,600,0,True
1723157195,20486951,1959240193824554470348295821867,64162,271,600,600,0,True
1723157207,20486952,1959240193824554470348295821867,64162,271,600,600,0,True
1723157219,20486953,1959240193824554470348295821867,64162,271,600,600,0,True
1723157231,20486954,1959240193824554470348295821867,64162,271,600,600,0,True
1723157243,20486955,1959240193824554470348295821867,64162,271,600,600,0,True
1723157255,20486956,1959710969414601877123220429499,64167,272,600,600,0,True
1723157267,20486957,1959710969414601877123220429499,64167,272,600,600,0,True
1723157279,20486958,1960592569868335038863113879337,64176,273,600,600,0,True
1723157291,20486959,1961279316976859724065428601546,64183,274,600,600,0,True
1723157303,20486960,1963928222906026405105039047263,64210,275,600,600,0,True
1723157315,20486961,1963928222906026405105039047263,64210,275,600,600,0,True
1723157327,20486962,1963928222906026405105039047263,64210,275,600,600,0,True
1723157339,20486963,1963928222906026405105039047263,64210,275,600,600,0,True
1723157351,20486964,1963928222906026405105039047263,64210,275,600,600,0,True
1723157363,20486965,1963928222906026405105039047263,64210,275,600,600,0,True
1723157375,20486966,1963928222906026405105039047263,64210,275,600,600,0,True
1723157387,20486967,1963928222906026405105039047263,64210,275,600,600,0,True
1723157399,20486968,1963928222906026405105039047263,64210,275,600,600,0,True
1723157411,20486969,1963928222906026405105039047263,64210,275,600,600,0,True
1723157423,20486970,1964975000271577470811924730522,64221,276,600,600,0,True
1723157435,20486971,1964975000271577470811924730522,64221,276,600,600,0,True
1723157447,20486972,1965582780458800642340230791168,64227,277,600,600,0,True
1723157459,20486973,1965582780458800642340230791168,64227,277,600,600,0,True
1723157471,20486974,1965776772526214282461487633008,64229,278,600,600,0,True
1723157483,20486975,1965936467340676884332009373135,64231,279,600,600,0,True
1723157495,20486976,1967110316700039866631084859463,64242,280,600,600,0,True
1723157507,20486977,1967110316700039866631084859463,64242,280,600,600,0,True
1723157519,20486978,1967110316700039866631084859463,64242,280,600,600,0,True
1723157531,20486979,1967123970892903385367091982648,64243,281,600,600,0,True
1723157543,20486980,1967255747940297748174238206745,64244,282,600,600,0,True
1723157555,20486981,1967812479917533220559371133239,64250,283,600,600,0,True
1723157567,20486982,1968587360205167851046069815334,64258,284,600,600,0,True
1723157579,20486983,1968587360205167851046069815334,64258,284,600,600,0,True
1723157591,20486984,1968587360205167851046069815334,64258,284,600,600,0,True
1723157603,20486985,1968587360205167851046069815334,64258,284,600,600,0,True
1723157615,20486986,1968587360205167851046069815334,64258,284,600,600,0,True
1723157627,20486987,1968587360205167851046069815334,64258,284,600,600,0,True
1723157639,20486988,1968587360205167851046069815334,64258,284,600,600,0,True
1723157651,20486989,1968587360205167851046069815334,64258,284,600,600,0,True
1723157663,20486990,1968587360205167851046069815334,64258,284,600,600,0,True
1723157675,20486991,1968587360205167851046069815334,64258,284,600,600,0,True
1723157687,20486992,1969451605816791212100997277044,64266,285,600,600,0,True
1723157699,20486993,1969451605816791212100997277044,64266,285,600,600,0,True
1723157711,20486994,1969451605816791212100997277044,64266,285,600,600,0,True
1723157723,20486995,1969451605816791212100997277044,64266,285,600,600,0,True
1723157735,20486996,1970181653792058755121134705892,64274,286,600,600,0,True
1723157747,20486997,1970395859198908973200149922929,64276,287,600,600,0,True
1723157759,20486998,1970395859198908973200149922929,64276,287,600,600,0,True
1723157771,20486999,1971276930495009870204401193008,64285,288,600,600,0,True
1723157783,20487000,1974361889428450255942542660070,64316,289,600,600,0,True
1723157795,20487001,1974609919954015504060587749193,64319,290,600,600,0,True
1723157807,20487002,1974609919954015504060587749193,64319,290,600,600,0,True
1723157819,20487003,1975059385101974119444952727010,64323,291,600,600,0,True
1723157831,20487004,1975059385101974119444952727010,64323,291,600,600,0,True
1723157843,20487005,1975769107730275944488592631997,64330,292,600,600,0,True
1723157855,20487006,1976029464986723718682523202190,64333,293,600,600,0,True
1723157867,20487007,1976659827803628094589349669194,64339,294,600,600,0,True
1723157879,20487008,1977557692155276658389577383571,64348,295,600,600,0,True
1723157891,20487009,1977557692155276658389577383571,64348,295,600,600,0,True
1723157903,20487010,1977557692155276658389577383571,64348,295,600,600,0,True
1723157915,20487011,1977557692155276658389577383571,64348,295,600,600,0,True
1723157927,20487012,1978116590748637602731583921712,64354,296,600,600,0,True
1723157939,20487013,1978116590748637602731583921712,64354,296,600,600,0,True
1723157951,20487014,1978116590748637602731583921712,64354,296,600,600,0,True
1723157963,20487015,1978116590748637602731583921712,64354,296,600,600,0,True
1723157987,20487016,1978116590748637602731583921712,64354,296,600,600,0,True
1723157999,20487017,1978116590748637602731583921712,64354,296,600,600,0,True
1723158011,20487018,1979180760931698484235312652887,64365,297,600,600,0,True
1723158023,20487019,1979180760931698484235312652887,64365,297,600,600,0,True
1723158035,20487020,1979180760931698484235312652887,64365,297,600,600,0,True
1723158047,20487021,1979815288103885412130674654196,64371,298,600,600,0,True
1723158059,20487022,1979815288103885412130674654196,64371,298,600,600,0,True
1723158071,20487023,1979815288103885412130674654196,64371,299,600,600,0,True
1723158083,20487024,1979815288103885412130674654196,64371,299,600,600,0,True
1723158095,20487025,1979815288103885412130674654196,64371,299,600,600,0,True
1723158107,20487026,1979815288103885412130674654196,64371,299,600,600,0,True
1723158119,20487027,1980229260010093430156664733771,64375,300,600,600,0,True
1723158131,20487028,1980229260010093430156664733771,64375,300,600,600,0,True
1723158143,20487029,1980229260010093430156664733771,64375,300,600,600,0,True
1723158155,20487030,1980229260010093430156664733771,64375,300,600,600,0,True
1723158167,20487031,1980229260010093430156664733771,64375,300,600,600,0,True
1723158179,20487032,1980797272108393290172040967577,64381,301,600,600,0,True
1723158191,20487033,1980797272108393290172040967577,64381,301,600,600,0,True
1723158203,20487034,1980809396275018353858228700605,64381,302,600,600,0,True
1723158215,20487035,1980809396275018353858228700605,64381,302,600,600,0,True
1723158227,20487036,1980809396275018353858228700605,64381,302,600,600,0,True
1723158239,20487037,1980809396275018353858228700605,64381,302,600,600,0,True
1723158251,20487038,1980809396275018353858228700605,64381,302,600,600,0,True
1723158263,20487039,1980240799632067732182331817984,64376,303,600,600,0,True
1723158275,20487040,1979186205246481223859154879954,64365,304,600,600,0,True
1723158287,20487041,1979046428655669142507741066975,64363,305,600,600,0,True
1723158299,20487042,1979028982700784833932116479191,64363,306,600,600,0,True
1723158311,20487043,1979028982700784833932116479191,64363,306,600,600,0,True
1723158323,20487044,1978356538982655650308704283079,64357,307,600,600,0,True
1723158335,20487045,1978356538982655650308704283079,64357,307,600,600,0,True
1723158347,20487046,1978356538982655650308704283079,64357,307,600,600,0,True
1723158359,20487047,1978356538982655650308704283079,64357,307,600,600,0,True
1723158371,20487048,1978356538982655650308704283079,64357,307,600,600,0,True
1723158383,20487049,1978356538982655650308704283079,64357,307,600,600,0,True
1723158395,20487050,1978356538982655650308704283079,64357,307,600,600,0,True
1723158407,20487051,1978356538982655650308704283079,64357,307,600,600,0,True
1723158419,20487052,1978356538982655650308704283079,64357,307,600,600,0,True
1723158431,20487053,1978356538982655650308704283079,64357,307,600,600,0,True
1723158443,20487054,1978356538982655650308704283079,64357,307,600,600,0,True
1723158455,20487055,1978356538982655650308704283079,64357,307,600,600,0,True
1723158467,20487056,1978356538982655650308704283079,64357,307,600,600,0,True
1723158479,20487057,1978356538982655650308704283079,64357,307,600,600,0,True
1723158491,20487058,1978356538982655650308704283079,64357,307,600,600,0,True
1723158503,20487059,1978356538982655650308704283079,64357,307,600,600,0,True
1723158515,20487060,1978356538982655650308704283079,64357,307,600,600,0,True
1723158539,20487061,1978356538982655650308704283079,64357,307,600,600,0,True
1723158551,20487062,1978356538982655650308704283079,64357,307,600,600,0,True
1723158563,20487063,1978356538982655650308704283079,64357,307,600,600,0,True
1723158575,20487064,1978356538982655650308704283079,64357,307,600,600,0,True
1723158587,20487065,1978356538982655650308704283079,64357,307,600,600,0,True
1723158599,20487066,1978356538982655650308704283079,64357,307,600,600,0,True
1723158611,20487067,1978366986545228770276832025384,64357,308,600,600,0,True
1723158623,20487068,1978366986545228770276832025384,64357,308,600,600,0,True
1723158635,20487069,1978366986545228770276832025384,64357,308,600,600,0,True
1723158647,20487070,1978366986545228770276832025384,64357,308,600,600,0,True
1723158659,20487071,1978366986545228770276832025384,64357,308,600,600,0,True
1723158671,20487072,1978366986545228770276832025384,64357,308,600,600,0,True
1723158683,20487073,1978366986545228770276832025384,64357,308,600,600,0,True
1723158695,20487074,1978366986545228770276832025384,64357,308,600,600,0,True
1723158707,20487075,1978366986545228770276832025384,64357,308,600,600,0,True
1723158719,20487076,1978366986545228770276832025384,64357,308,600,600,0,True
1723158731,20487077,1978366986545228770276832025384,64357,308,600,600,0,True
1723158743,20487078,1978366986545228770276832025384,64357,308,600,600,0,True
1723158755,20487079,1978366986545228770276832025384,64357,308,600,600,0,True
1723158767,20487080,1978366986545228770276832025384,64357,308,600,600,0,True
1723158779,20487081,1978366986545228770276832025384,64357,308,600,600,0,True
1723158791,20487082,1978366986545228770276832025384,64357,308,600,600,0,True
1723158803,20487083,1978366986545228770276832025384,64357,308,600,600,0,True
1723158815,20487084,1978366986545228770276832025384,64357,308,600,600,0,True
1723158827,20487085,1978366986545228770276832025384,64357,308,600,600,0,True
1723158839,20487086,1978366986545228770276832025384,64357,308,600,600,0,True
1723158851,20487087,1978366986545228770276832025384,64357,308,600,600,0,True
1723158863,20487088,1978366986545228770276832025384,64357,308,600,600,0,True
1723158875,20487089,1978366986545228770276832025384,64357,308,600,600,0,True
1723158887,20487090,1978366986545228770276832025384,64357,308,600,600,0,True
1723158899,20487091,1978366986545228770276832025384,64357,308,600,600,0,True
1723158911,20487092,1978366986545228770276832025384,64357,308,600,600,0,True
1723158923,20487093,1978366986545228770276832025384,64357,308,600,600,0,True
1723158935,20487094,1978366986545228770276832025384,64357,308,600,600,0,True
1723158947,20487095,1978366986545228770276832025384,64357,308,600,600,0,True
1723158959,20487096,1978366986545228770276832025384,64357,308,600,600,0,True
1723158971,20487097,1978366986545228770276832025384,64357,308,600,600,0,True
1723158983,20487098,1978366986545228770276832025384,64357,308,600,600,0,True
1723158995,20487099,1978366986545228770276832025384,64357,308,600,600,0,True
1723159007,20487100,1978366986545228770276832025384,64357,308,600,600,0,True
1723159019,20487101,1978366986545228770276832025384,64357,308,600,600,0,True
1723159031,20487102,1978366986545228770276832025384,64357,308,600,600,0,True
1723159043,20487103,1978366986545228770276832025384,64357,308,600,600,0,True
1723159055,20487104,1978366986545228770276832025384,64357,308,600,600,0,True
1723159067,20487105,1978366986545228770276832025384,64357,308,600,600,0,True
1723159079,20487106,1978366986545228770276832025384,64357,308,600,600,0,True
1723159091,20487107,1978366986545228770276832025384,64357,308,600,600,0,True
1723159103,20487108,1978366986545228770276832025384,64357,308,600,600,0,True
1723159115,20487109,1978366986545228770276832025384,64357,308,600,600,0,True
1723159127,20487110,1978366986545228770276832025384,64357,309,600,600,0,True
1723159139,20487111,1978366986545228770276832025384,64357,309,600,600,0,True
1723159151,20487112,1978366986545228770276832025384,64357,309,600,600,0,True
1723159163,20487113,1978366986545228770276832025384,64357,309,600,600,0,True
1723159175,20487114,1978366986545228770276832025384,64357,309,600,600,0,True
1723159187,20487115,1978366986545228770276832025384,64357,309,600,600,0,True
1723159199,20487116,1978366986545228770276832025384,64357,309,600,600,0,True
1723159211,20487117,1978366986545228770276832025384,64357,309,600,600,0,True
1723159223,20487118,1978366986545228770276832025384,64357,309,600,600,0,True
1723159235,20487119,1978366986545228770276832025384,64357,309,600,600,0,True
1723159247,20487120,1978366986545228770276832025384,64357,309,600,600,0,True
1723159259,20487121,1978366986545228770276832025384,64357,309,600,600,0,True
1723159271,20487122,1978366986545228770276832025384,64357,309,600,600,0,True
1723159283,20487123,1978366986545228770276832025384,64357,309,600,600,0,True
1723159295,20487124,1978366986545228770276832025384,64357,309,600,600,0,True
1723159307,20487125,1978366986545228770276832025384,64357,309,600,600,0,True
1723159319,20487126,1978366986545228770276832025384,64357,309,600,600,0,True
1723159331,20487127,1978366986545228770276832025384,64357,309,600,600,0,True
1723159343,20487128,1978366986545228770276832025384,64357,309,600,600,0,True
1723159355,20487129,1978366986545228770276832025384,64357,309,600,600,0,True
1723159367,20487130,1978366986545228770276832025384,64357,309,600,600,0,True
1723159379,20487131,1978366986545228770276832025384,64357,309,600,600,0,True
1723159391,20487132,1978366986545228770276832025384,64357,309,600,600,0,True
1723159403,20487133,1978366986545228770276832025384,64357,309,600,600,0,True
1723159415,20487134,1978366986545228770276832025384,64357,309,600,600,0,True
1723159427,20487135,1978366986545228770276832025384,64357,309,600,600,0,True
1723159439,20487136,1978366774791118610095062224951,64357,309,600,600,0,True
1723159451,20487137,1978366774791118610095062224951,64357,309,600,600,0,True
1723159463,20487138,1978366774791118610095062224951,64357,309,600,600,0,True
1723159475,20487139,1978366774791118610095062224951,64357,309,600,600,0,True
1723159487,20487140,1977489804589183453746323121573,64348,310,600,600,0,True
1723159499,20487141,1977489804589183453746323121573,64348,310,600,600,0,True
1723159511,20487142,1977489804589183453746323121573,64348,310,600,600,0,True
1723159523,20487143,1977489804589183453746323121573,64348,310,600,600,0,True
1723159535,20487144,1976984832412190286915781880140,64343,311,600,600,0,True
1723159547,20487145,1976984832412190286915781880140,64343,311,600,600,0,True
1723159559,20487146,1976984832412190286915781880140,64343,311,600,600,0,True
1723159571,20487147,1976984832412190286915781880140,64343,311,600,600,0,True
1723159583,20487148,1976984832412190286915781880140,64343,311,600,600,0,True
1723159595,20487149,1976984832412190286915781880140,64343,311,600,600,0,True
1723159607,20487150,1976810659221100668760964937782,64341,312,600,600,0,True
1723159619,20487151,1976810659221100668760964937782,64341,312,600,600,0,True
1723159631,20487152,1975651947415655542738417528545,64329,313,600,600,0,True
1723159643,20487153,1975651947415655542738417528545,64329,313,600,600,0,True
1723159655,20487154,1975650816471223279446595902285,64329,313,600,600,0,True
1723159667,20487155,1975650816471223279446595902285,64329,313,600,600,0,True
1723159679,20487156,1975569448153298997960994861632,64328,314,600,600,0,True
1723159691,20487157,1975569448153298997960994861632,64328,314,600,600,0,True
1723159703,20487158,1975569448153298997960994861632,64328,314,600,600,0,True
1723159715,20487159,1975003105402638684756961598297,64323,315,600,600,0,True
1723159727,20487160,1974968101121746707249829424092,64322,316,600,600,0,True
1723159739,20487161,1974968101121746707249829424092,64322,316,600,600,0,True
1723159751,20487162,1974968101121746707249829424092,64322,316,600,600,0,True
1723159763,20487163,1974968101121746707249829424092,64322,316,600,600,0,True
1723159775,20487164,1974968101121746707249829424092,64322,316,600,600,0,True
1723159787,20487165,1974968101121746707249829424092,64322,316,600,600,0,True
1723159799,20487166,1974968101121746707249829424092,64322,316,600,600,0,True
1723159811,20487167,1974488158856904562508417129518,64317,317,600,600,0,True
1723159823,20487168,1974488158856904562508417129518,64317,317,600,600,0,True
1723159835,20487169,1974488158856904562508417129518,64317,317,600,600,0,True
1723159847,20487170,1974408376719071314062575713773,64317,317,600,600,0,True
1723159859,20487171,1973252580623451199231450899817,64305,318,600,600,0,True
1723159871,20487172,1973252580623451199231450899817,64305,318,600,600,0,True
1723159883,20487173,1973252580623451199231450899817,64305,318,600,600,0,True
1723159895,20487174,1973252580623451199231450899817,64305,318,600,600,0,True
1723159907,20487175,1973252580623451199231450899817,64305,318,600,600,0,True
1723159919,20487176,1973252580623451199231450899817,64305,318,600,600,0,True
1723159931,20487177,1973252580623451199231450899817,64305,318,600,600,0,True
1723159943,20487178,1972935204711139215211850464292,64302,319,600,600,0,True
1723159955,20487179,1972935204711139215211850464292,64302,319,600,600,0,True
1723159967,20487180,1972935204711139215211850464292,64302,319,600,600,0,True
1723159979,20487181,1972935204711139215211850464292,64302,319,600,600,0,True
1723159991,20487182,1972935204711139215211850464292,64302,319,600,600,0,True
1723160003,20487183,1972825229423330238934474136883,64301,320,600,600,0,True
1723160015,20487184,1972825229423330238934474136883,64301,320,600,600,0,True
1723160027,20487185,1972825229423330238934474136883,64301,320,600,600,0,True
1723160039,20487186,1972825229423330238934474136883,64301,320,600,600,0,True
1723160051,20487187,1972825229423330238934474136883,64301,320,600,600,0,True
1723160063,20487188,1972825229423330238934474136883,64301,320,600,600,0,True
1723160075,20487189,1972825229423330238934474136883,64301,320,600,600,0,True
1723160087,20487190,1972825229423330238934474136883,64301,320,600,600,0,True
1723160099,20487191,1972825229423330238934474136883,64301,320,600,600,0,True
1723160111,20487192,1972016442718231245402144356299,64292,321,600,600,0,True
1723160123,20487193,1972016442718231245402144356299,64292,321,600,600,0,True
1723160135,20487194,1972016442718231245402144356299,64292,321,600,600,0,True
1723160147,20487195,1972016442718231245402144356299,64292,321,600,600,0,True
1723160159,20487196,1972016442718231245402144356299,64292,321,600,600,0,True
1723160171,20487197,1972016442718231245402144356299,64292,321,600,600,0,True
1723160183,20487198,1972016442718231245402144356299,64292,321,600,600,0,True
1723160195,20487199,1972016442718231245402144356299,64292,321,600,600,0,True
1723160207,20487200,1972016442718231245402144356299,64292,321,600,600,0,True
1723160219,20487201,1972016442718231245402144356299,64292,321,600,600,0,True
1723160231,20487202,1972016442718231245402144356299,64292,321,600,600,0,True
1723160243,20487203,1972016442718231245402144356299,64292,321,600,600,0,True
1723160255,20487204,1972016442718231245402144356299,64292,321,600,600,0,True
1723160267,20487205,1972016442718231245402144356299,64292,321,600,600,0,True
1723160279,20487206,1972016442718231245402144356299,64292,321,600,600,0,True
1723160291,20487207,1972016442718231245402144356299,64292,321,600,600,0,True
1723160303,20487208,1972016442718231245402144356299,64292,321,600,600,0,True
1723160315,20487209,1972016442718231245402144356299,64292,321,600,600,0,True
1723160327,20487210,1972016442718231245402144356299,64292,321,600,600,0,True
1723160339,20487211,1972016442718231245402144356299,64292,321,600,600,0,True
1723160351,20487212,1972016442718231245402144356299,64292,321,600,600,0,True
1723160363,20487213,1972016442718231245402144356299,64292,321,600,600,0,True
1723160375,20487214,1972016442718231245402144356299,64292,321,600,600,0,True
1723160387,20487215,1972016442718231245402144356299,64292,321,600,600,0,True
1723160399,20487216,1972016442718231245402144356299,64292,321,600,600,0,True
1723160411,20487217,1972016442718231245402144356299,64292,321,600,600,0,True
1723160423,20487218,1972016442718231245402144356299,64292,321,600,600,0,True
1723160435,20487219,1972016442718231245402144356299,64292,321,600,600,0,True
1723160447,20487220,1972016442718231245402144356299,64292,321,600,600,0,True
1723160459,20487221,1972016442718231245402144356299,64292,321,600,600,0,True
1723160471,20487222,1972016442718231245402144356299,64292,321,600,600,0,True
1723160483,20487223,1972016442718231245402144356299,64292,321,600,600,0,True
1723160495,20487224,1972016442718231245402144356299,64292,321,600,600,0,True
1723160507,20487225,1972016442718231245402144356299,64292,321,600,600,0,True
1723160519,20487226,1972016442718231245402144356299,64292,321,600,600,0,True
1723160531,20487227,1972016442718231245402144356299,64292,321,600,600,0,True
1723160543,20487228,1972016442718231245402144356299,64292,321,600,600,0,True
1723160555,20487229,1972016442718231245402144356299,64292,321,600,600,0,True
1723160567,20487230,1972016442718231245402144356299,64292,321,600,600,0,True
1723160579,20487231,1972016442718231245402144356299,64292,321,600,600,0,True
1723160591,20487232,1972016442718231245402144356299,64292,321,600,600,0,True
1723160603,20487233,1972016442718231245402144356299,64292,321,600,600,0,True
1723160615,20487234,1972016442718231245402144356299,64292,321,600,600,0,True
1723160627,20487235,1972016442718231245402144356299,64292,321,600,600,0,True
1723160639,20487236,1972016442718231245402144356299,64292,321,600,600,0,True
1723160651,20487237,1972016442718231245402144356299,64292,321,600,600,0,True
1723160663,20487238,1972016442718231245402144356299,64292,321,600,600,0,True
1723160675,20487239,1972016442718231245402144356299,64292,321,600,600,0,True
1723160687,20487240,1972016442718231245402144356299,64292,321,600,600,0,True
1723160699,20487241,1972016442718231245402144356299,64292,321,600,600,0,True
1723160711,20487242,1972016442718231245402144356299,64292,321,600,600,0,True
1723160723,20487243,1972016442718231245402144356299,64292,321,600,600,0,True
1723160735,20487244,1972016442718231245402144356299,64292,321,600,600,0,True
1723160747,20487245,1972016442718231245402144356299,64292,321,600,600,0,True
1723160759,20487246,1972016442718231245402144356299,64292,321,600,600,0,True
1723160771,20487247,1972016442718231245402144356299,64292,321,600,600,0,True
1723160783,20487248,1972016442718231245402144356299,64292,321,600,600,0,True
1723160795,20487249,1972016442718231245402144356299,64292,321,600,600,0,True
1723160807,20487250,1972016442718231245402144356299,64292,321,600,600,0,True
1723160819,20487251,1972016442718231245402144356299,64292,321,600,600,0,True
1723160831,20487252,1972016442718231245402144356299,64292,321,600,600,0,True
1723160843,20487253,1972016442718231245402144356299,64292,321,600,600,0,True
1723160855,20487254,1972016442718231245402144356299,64292,321,600,600,0,True
1723160867,20487255,1972016442718231245402144356299,64292,321,600,600,0,True
1723160879,20487256,1972016442718231245402144356299,64292,321,600,600,0,True
1723160891,20487257,1972016442718231245402144356299,64292,321,600,600,0,True
1723160903,20487258,1972016442718231245402144356299,64292,321,600,600,0,True
1723160915,20487259,1972016442718231245402144356299,64292,321,600,600,0,True
1723160927,20487260,1972016442718231245402144356299,64292,321,600,600,0,True
1723160939,20487261,1972016442718231245402144356299,64292,321,600,600,0,True
1723160951,20487262,1972016442718231245402144356299,64292,321,600,600,0,True
1723160963,20487263,1972016442718231245402144356299,64292,321,600,600,0,True
1723160975,20487264,1971750410296316013641022872492,64290,322,600,600,0,True
1723160987,20487265,1971750410296316013641022872492,64290,322,600,600,0,True
1723160999,20487266,1971750410296316013641022872492,64290,322,600,600,0,True
1723161011,20487267,1971750410296316013641022872492,64290,322,600,600,0,True
1723161023,20487268,1971750410296316013641022872492,64290,322,600,600,0,True
1723161035,20487269,1971676509438905115631655326680,64289,323,600,600,0,True
1723161047,20487270,1971531089094346050533300367910,64287,324,600,600,0,True
1723161059,20487271,1971305493509854875455598643467,64285,325,600,600,0,True
1723161071,20487272,1971305493509854875455598643467,64285,325,600,600,0,True
1723161083,20487273,1971305493509854875455598643467,64285,325,600,600,0,True
1723161095,20487274,1971305493509854875455598643467,64285,325,600,600,0,True
1723161107,20487275,1971305493509854875455598643467,64285,325,600,600,0,True
1723161119,20487276,1971305493509854875455598643467,64285,325,600,600,0,True
1723161131,20487277,1971305493509854875455598643467,64285,325,600,600,0,True
1723161143,20487278,1971305493509854875455598643467,64285,325,600,600,0,True
1723161155,20487279,1969966835534270813426623863641,64272,326,600,600,0,True
1723161167,20487280,1969966835534270813426623863641,64272,326,600,600,0,True
1723161179,20487281,1969966835534270813426623863641,64272,326,600,600,0,True
1723161191,20487282,1969966835534270813426623863641,64272,326,600,600,0,True
1723161203,20487283,1969966835534270813426623863641,64272,326,600,600,0,True
1723161215,20487284,1969555709493666990038623694761,64267,327,600,600,0,True
1723161227,20487285,1969555709493666990038623694761,64267,327,600,600,0,True
1723161239,20487286,1969555709493666990038623694761,64267,327,600,600,0,True
1723161251,20487287,1969555709493666990038623694761,64267,327,600,600,0,True
1723161263,20487288,1969555709493666990038623694761,64267,327,600,600,0,True
1723161275,20487289,1969555709493666990038623694761,64267,327,600,600,0,True
1723161287,20487290,1969555709493666990038623694761,64267,327,600,600,0,True
1723161299,20487291,1969555709493666990038623694761,64267,327,600,600,0,True
1723161311,20487292,1969555709493666990038623694761,64267,327,600,600,0,True
1723161323,20487293,1969555709493666990038623694761,64267,327,600,600,0,True
1723161335,20487294,1969555709493666990038623694761,64267,327,600,600,0,True
1723161347,20487295,1969555709493666990038623694761,64267,327,600,600,0,True
1723161359,20487296,1969555709493666990038623694761,64267,327,600,600,0,True
1723161371,20487297,1969555709493666990038623694761,64267,327,600,600,0,True
1723161383,20487298,1969555709493666990038623694761,64267,327,600,600,0,True
1723161395,20487299,1969555709493666990038623694761,64267,327,600,600,0,True
1723161407,20487300,1969555709493666990038623694761,64267,327,600,600,0,True
1723161419,20487301,1969555709493666990038623694761,64267,327,600,600,0,True
1723161431,20487302,1969555709493666990038623694761,64267,327,600,600,0,True
1723161443,20487303,1969555709493666990038623694761,64267,327,600,600,0,True
1723161455,20487304,1969555709493666990038623694761,64267,327,600,600,0,True
1723161467,20487305,1969555709493666990038623694761,64267,327,600,600,0,True
1723161479,20487306,1969555709493666990038623694761,64267,327,600,600,0,True
1723161491,20487307,1969555709493666990038623694761,64267,327,600,600,0,True
1723161503,20487308,1969555709493666990038623694761,64267,327,600,600,0,True
1723161515,20487309,1969555709493666990038623694761,64267,327,600,600,0,True
1723161527,20487310,1969555709493666990038623694761,64267,327,600,600,0,True
1723161539,20487311,1969555709493666990038623694761,64267,327,600,600,0,True
1723161551,20487312,1969555709493666990038623694761,64267,327,600,600,0,True
1723161563,20487313,1969555709493666990038623694761,64267,327,600,600,0,True
1723161575,20487314,1969555709493666990038623694761,64267,327,600,600,0,True
1723161599,20487316,1969555709493666990038623694761,64267,327,600,600,0,True
