timestamp,blocknumber,sqrtPriceX96,tick,observationIndex,observationCardinality,observationCardinalityNext,feeProtocol,unlocked
1732924799,21296777,6454324149440299436576682193823,88007,6,180,180,0,True
1732924811,21296778,6454324149440299436576682193823,88007,6,180,180,0,True
1732924823,21296779,6454324149440299436576682193823,88007,6,180,180,0,True
1732924835,21296780,6454324149440299436576682193823,88007,6,180,180,0,True
1732924847,21296781,6454324149440299436576682193823,88007,6,180,180,0,True
1732924859,21296782,6454324149440299436576682193823,88007,6,180,180,0,True
1732924871,21296783,6454324149440299436576682193823,88007,6,180,180,0,True
1732924883,21296784,6454324149440299436576682193823,88007,6,180,180,0,True
1732924895,21296785,6454324149440299436576682193823,88007,6,180,180,0,True
1732924907,21296786,6454324149440299436576682193823,88007,6,180,180,0,True
1732924919,21296787,6454324149440299436576682193823,88007,6,180,180,0,True
1732924931,21296788,6454324149440299436576682193823,88007,6,180,180,0,True
1732924943,21296789,6454324149440299436576682193823,88007,6,180,180,0,True
1732924955,21296790,6454324149440299436576682193823,88007,6,180,180,0,True
1732924967,21296791,6454324149440299436576682193823,88007,6,180,180,0,True
1732924979,21296792,6454324149440299436576682193823,88007,6,180,180,0,True
1732924991,21296793,6454324149440299436576682193823,88007,6,180,180,0,True
1732925003,21296794,6454324149440299436576682193823,88007,6,180,180,0,True
1732925015,21296795,6454324149440299436576682193823,88007,6,180,180,0,True
1732925027,21296796,6454324149440299436576682193823,88007,6,180,180,0,True
1732925039,21296797,6454324149440299436576682193823,88007,6,180,180,0,True
1732925051,21296798,6454324149440299436576682193823,88007,6,180,180,0,True
1732925063,21296799,6454324149440299436576682193823,88007,6,180,180,0,True
1732925075,21296800,6454324149440299436576682193823,88007,6,180,180,0,True
1732925087,21296801,6454324149440299436576682193823,88007,6,180,180,0,True
1732925099,21296802,6454324149440299436576682193823,88007,6,180,180,0,True
1732925111,21296803,6454324149440299436576682193823,88007,6,180,180,0,True
1732925123,21296804,6454324149440299436576682193823,88007,6,180,180,0,True
1732925135,21296805,6454324149440299436576682193823,88007,6,180,180,0,True
1732925147,21296806,6454324149440299436576682193823,88007,6,180,180,0,True
1732925159,21296807,6454324149440299436576682193823,88007,6,180,180,0,True
1732925171,21296808,6454324149440299436576682193823,88007,6,180,180,0,True
1732925183,21296809,6454324149440299436576682193823,88007,6,180,180,0,True
1732925195,21296810,6454324149440299436576682193823,88007,6,180,180,0,True
1732925207,21296811,6454324149440299436576682193823,88007,6,180,180,0,True
1732925219,21296812,6454324149440299436576682193823,88007,6,180,180,0,True
1732925231,21296813,6454324149440299436576682193823,88007,6,180,180,0,True
1732925243,21296814,6454324149440299436576682193823,88007,6,180,180,0,True
1732925255,21296815,6448411533075064498270065692400,87989,7,180,180,0,True
1732925267,21296816,6448411533075064498270065692400,87989,7,180,180,0,True
1732925279,21296817,6448411533075064498270065692400,87989,7,180,180,0,True
1732925291,21296818,6448411533075064498270065692400,87989,7,180,180,0,True
1732925303,21296819,6448411533075064498270065692400,87989,7,180,180,0,True
1732925315,21296820,6439692518632768108546218869911,87962,8,180,180,0,True
1732925327,21296821,6439692518632768108546218869911,87962,8,180,180,0,True
1732925339,21296822,6439692518632768108546218869911,87962,8,180,180,0,True
1732925351,21296823,6439692518632768108546218869911,87962,8,180,180,0,True
1732925363,21296824,6439692518632768108546218869911,87962,8,180,180,0,True
1732925375,21296825,6439692518632768108546218869911,87962,8,180,180,0,True
1732925387,21296826,6439692518632768108546218869911,87962,8,180,180,0,True
1732925399,21296827,6439692518632768108546218869911,87962,8,180,180,0,True
1732925411,21296828,6439692518632768108546218869911,87962,8,180,180,0,True
1732925423,21296829,6439692518632768108546218869911,87962,8,180,180,0,True
1732925435,21296830,6439692518632768108546218869911,87962,8,180,180,0,True
1732925447,21296831,6439739046374516467631266327254,87962,8,180,180,0,True
1732925459,21296832,6439739046374516467631266327254,87962,8,180,180,0,True
1732925471,21296833,6439739046374516467631266327254,87962,8,180,180,0,True
1732925483,21296834,6439739046374516467631266327254,87962,8,180,180,0,True
1732925495,21296835,6439739046374516467631266327254,87962,8,180,180,0,True
1732925507,21296836,6439739046374516467631266327254,87962,8,180,180,0,True
1732925519,21296837,6439739046374516467631266327254,87962,8,180,180,0,True
1732925531,21296838,6439739046374516467631266327254,87962,8,180,180,0,True
1732925543,21296839,6439739046374516467631266327254,87962,8,180,180,0,True
1732925555,21296840,6439739046374516467631266327254,87962,8,180,180,0,True
1732925567,21296841,6439739046374516467631266327254,87962,8,180,180,0,True
1732925579,21296842,6439739046374516467631266327254,87962,8,180,180,0,True
1732925591,21296843,6431220082855464589654397834492,87936,9,180,180,0,True
1732925603,21296844,6431220082855464589654397834492,87936,9,180,180,0,True
1732925615,21296845,6431220082855464589654397834492,87936,9,180,180,0,True
1732925627,21296846,6431220082855464589654397834492,87936,9,180,180,0,True
1732925639,21296847,6431220082855464589654397834492,87936,9,180,180,0,True
1732925651,21296848,6431220082855464589654397834492,87936,9,180,180,0,True
1732925663,21296849,6431220082855464589654397834492,87936,9,180,180,0,True
1732925675,21296850,6431220082855464589654397834492,87936,9,180,180,0,True
1732925687,21296851,6431220082855464589654397834492,87936,9,180,180,0,True
1732925699,21296852,6431220082855464589654397834492,87936,9,180,180,0,True
1732925711,21296853,6431220082855464589654397834492,87936,9,180,180,0,True
1732925723,21296854,6431220082855464589654397834492,87936,9,180,180,0,True
1732925735,21296855,6431220082855464589654397834492,87936,9,180,180,0,True
1732925747,21296856,6431220082855464589654397834492,87936,9,180,180,0,True
1732925759,21296857,6438173552258363600772042387258,87957,10,180,180,0,True
1732925771,21296858,6438173552258363600772042387258,87957,10,180,180,0,True
1732925783,21296859,6438173552258363600772042387258,87957,10,180,180,0,True
1732925795,21296860,6438173552258363600772042387258,87957,10,180,180,0,True
1732925807,21296861,6438173552258363600772042387258,87957,10,180,180,0,True
1732925819,21296862,6438173552258363600772042387258,87957,10,180,180,0,True
1732925831,21296863,6438173552258363600772042387258,87957,10,180,180,0,True
1732925843,21296864,6438173552258363600772042387258,87957,10,180,180,0,True
1732925855,21296865,6438173552258363600772042387258,87957,10,180,180,0,True
1732925867,21296866,6445209896813094309470021332553,87979,11,180,180,0,True
1732925879,21296867,6445209896813094309470021332553,87979,11,180,180,0,True
1732925891,21296868,6445209896813094309470021332553,87979,11,180,180,0,True
1732925903,21296869,6445209896813094309470021332553,87979,11,180,180,0,True
1732925915,21296870,6445209896813094309470021332553,87979,11,180,180,0,True
1732925927,21296871,6445209896813094309470021332553,87979,11,180,180,0,True
1732925939,21296872,6445209896813094309470021332553,87979,11,180,180,0,True
1732925951,21296873,6445209896813094309470021332553,87979,11,180,180,0,True
1732925963,21296874,6445209896813094309470021332553,87979,11,180,180,0,True
1732925975,21296875,6445209896813094309470021332553,87979,11,180,180,0,True
1732925987,21296876,6445209896813094309470021332553,87979,11,180,180,0,True
1732925999,21296877,6445209896813094309470021332553,87979,11,180,180,0,True
1732926011,21296878,6445209896813094309470021332553,87979,11,180,180,0,True
1732926023,21296879,6445209896813094309470021332553,87979,11,180,180,0,True
1732926035,21296880,6445209896813094309470021332553,87979,11,180,180,0,True
1732926047,21296881,6445209896813094309470021332553,87979,11,180,180,0,True
1732926059,21296882,6445209896813094309470021332553,87979,11,180,180,0,True
1732926071,21296883,6445209896813094309470021332553,87979,11,180,180,0,True
1732926083,21296884,6445209896813094309470021332553,87979,11,180,180,0,True
1732926095,21296885,6445209896813094309470021332553,87979,11,180,180,0,True
1732926107,21296886,6445209896813094309470021332553,87979,11,180,180,0,True
1732926119,21296887,6445209896813094309470021332553,87979,11,180,180,0,True
1732926131,21296888,6445209896813094309470021332553,87979,11,180,180,0,True
1732926143,21296889,6445209896813094309470021332553,87979,11,180,180,0,True
1732926155,21296890,6445209896813094309470021332553,87979,11,180,180,0,True
1732926167,21296891,6445209896813094309470021332553,87979,11,180,180,0,True
1732926179,21296892,6445209896813094309470021332553,87979,11,180,180,0,True
1732926191,21296893,6445209896813094309470021332553,87979,11,180,180,0,True
1732926203,21296894,6445209896813094309470021332553,87979,11,180,180,0,True
1732926215,21296895,6445209896813094309470021332553,87979,11,180,180,0,True
1732926227,21296896,6445209896813094309470021332553,87979,11,180,180,0,True
1732926239,21296897,6445209896813094309470021332553,87979,11,180,180,0,True
1732926251,21296898,6445209896813094309470021332553,87979,11,180,180,0,True
1732926263,21296899,6445209896813094309470021332553,87979,11,180,180,0,True
1732926275,21296900,6445209896813094309470021332553,87979,11,180,180,0,True
1732926287,21296901,6445209896813094309470021332553,87979,11,180,180,0,True
1732926299,21296902,6445209896813094309470021332553,87979,11,180,180,0,True
1732926311,21296903,6445209896813094309470021332553,87979,11,180,180,0,True
1732926323,21296904,6445209896813094309470021332553,87979,11,180,180,0,True
1732926335,21296905,6445209896813094309470021332553,87979,11,180,180,0,True
1732926347,21296906,6445209896813094309470021332553,87979,11,180,180,0,True
1732926359,21296907,6445209896813094309470021332553,87979,11,180,180,0,True
1732926371,21296908,6445209896813094309470021332553,87979,11,180,180,0,True
1732926383,21296909,6445209896813094309470021332553,87979,11,180,180,0,True
1732926395,21296910,6445209896813094309470021332553,87979,11,180,180,0,True
1732926407,21296911,6445209896813094309470021332553,87979,11,180,180,0,True
1732926419,21296912,6445209896813094309470021332553,87979,11,180,180,0,True
1732926431,21296913,6445209896813094309470021332553,87979,11,180,180,0,True
1732926443,21296914,6445209896813094309470021332553,87979,11,180,180,0,True
1732926455,21296915,6445209896813094309470021332553,87979,11,180,180,0,True
1732926467,21296916,6445209896813094309470021332553,87979,11,180,180,0,True
1732926479,21296917,6445209896813094309470021332553,87979,11,180,180,0,True
1732926491,21296918,6445209896813094309470021332553,87979,11,180,180,0,True
1732926503,21296919,6445209896813094309470021332553,87979,11,180,180,0,True
1732926515,21296920,6445209896813094309470021332553,87979,11,180,180,0,True
1732926527,21296921,6445209896813094309470021332553,87979,11,180,180,0,True
1732926539,21296922,6445209896813094309470021332553,87979,11,180,180,0,True
1732926551,21296923,6445209896813094309470021332553,87979,11,180,180,0,True
1732926563,21296924,6445209896813094309470021332553,87979,11,180,180,0,True
1732926575,21296925,6445209896813094309470021332553,87979,11,180,180,0,True
1732926587,21296926,6445209896813094309470021332553,87979,11,180,180,0,True
1732926599,21296927,6445209896813094309470021332553,87979,11,180,180,0,True
1732926611,21296928,6445209896813094309470021332553,87979,11,180,180,0,True
1732926623,21296929,6445209896813094309470021332553,87979,11,180,180,0,True
1732926635,21296930,6445209896813094309470021332553,87979,11,180,180,0,True
1732926647,21296931,6445209896813094309470021332553,87979,11,180,180,0,True
1732926659,21296932,6445209896813094309470021332553,87979,11,180,180,0,True
1732926671,21296933,6445209896813094309470021332553,87979,11,180,180,0,True
1732926683,21296934,6445209896813094309470021332553,87979,11,180,180,0,True
1732926695,21296935,6445209896813094309470021332553,87979,11,180,180,0,True
1732926707,21296936,6445209896813094309470021332553,87979,11,180,180,0,True
1732926719,21296937,6445209896813094309470021332553,87979,11,180,180,0,True
1732926731,21296938,6445209896813094309470021332553,87979,11,180,180,0,True
1732926743,21296939,6445209896813094309470021332553,87979,11,180,180,0,True
1732926755,21296940,6445209896813094309470021332553,87979,11,180,180,0,True
1732926767,21296941,6445209896813094309470021332553,87979,11,180,180,0,True
1732926779,21296942,6445209896813094309470021332553,87979,11,180,180,0,True
1732926791,21296943,6445209896813094309470021332553,87979,11,180,180,0,True
1732926803,21296944,6445209896813094309470021332553,87979,11,180,180,0,True
1732926815,21296945,6445209896813094309470021332553,87979,11,180,180,0,True
1732926827,21296946,6445209896813094309470021332553,87979,11,180,180,0,True
1732926839,21296947,6445209896813094309470021332553,87979,11,180,180,0,True
1732926851,21296948,6445209896813094309470021332553,87979,11,180,180,0,True
1732926863,21296949,6445209896813094309470021332553,87979,11,180,180,0,True
1732926875,21296950,6445209896813094309470021332553,87979,11,180,180,0,True
1732926887,21296951,6445209896813094309470021332553,87979,11,180,180,0,True
1732926899,21296952,6445209896813094309470021332553,87979,11,180,180,0,True
1732926911,21296953,6445209896813094309470021332553,87979,11,180,180,0,True
1732926923,21296954,6445209896813094309470021332553,87979,11,180,180,0,True
1732926935,21296955,6445209896813094309470021332553,87979,11,180,180,0,True
1732926947,21296956,6445209896813094309470021332553,87979,11,180,180,0,True
1732926959,21296957,6445209896813094309470021332553,87979,11,180,180,0,True
1732926971,21296958,6445209896813094309470021332553,87979,11,180,180,0,True
1732926983,21296959,6445209896813094309470021332553,87979,11,180,180,0,True
1732926995,21296960,6445209896813094309470021332553,87979,11,180,180,0,True
1732927007,21296961,6445209896813094309470021332553,87979,11,180,180,0,True
1732927019,21296962,6445209896813094309470021332553,87979,11,180,180,0,True
1732927031,21296963,6445209896813094309470021332553,87979,11,180,180,0,True
1732927043,21296964,6445209896813094309470021332553,87979,11,180,180,0,True
1732927055,21296965,6445209896813094309470021332553,87979,11,180,180,0,True
1732927067,21296966,6445209896813094309470021332553,87979,11,180,180,0,True
1732927079,21296967,6445209896813094309470021332553,87979,11,180,180,0,True
1732927091,21296968,6445209896813094309470021332553,87979,11,180,180,0,True
1732927103,21296969,6445209896813094309470021332553,87979,11,180,180,0,True
1732927115,21296970,6445209896813094309470021332553,87979,11,180,180,0,True
1732927127,21296971,6445209896813094309470021332553,87979,11,180,180,0,True
1732927139,21296972,6445209896813094309470021332553,87979,11,180,180,0,True
1732927151,21296973,6445209896813094309470021332553,87979,11,180,180,0,True
1732927163,21296974,6445209896813094309470021332553,87979,11,180,180,0,True
1732927175,21296975,6445209896813094309470021332553,87979,11,180,180,0,True
1732927187,21296976,6445209896813094309470021332553,87979,11,180,180,0,True
1732927199,21296977,6445209896813094309470021332553,87979,11,180,180,0,True
1732927211,21296978,6445209896813094309470021332553,87979,11,180,180,0,True
1732927223,21296979,6445209896813094309470021332553,87979,11,180,180,0,True
1732927235,21296980,6445209896813094309470021332553,87979,11,180,180,0,True
1732927247,21296981,6445209896813094309470021332553,87979,11,180,180,0,True
1732927259,21296982,6445209896813094309470021332553,87979,11,180,180,0,True
1732927271,21296983,6445209896813094309470021332553,87979,11,180,180,0,True
1732927283,21296984,6445209896813094309470021332553,87979,11,180,180,0,True
1732927295,21296985,6445209896813094309470021332553,87979,11,180,180,0,True
1732927307,21296986,6445209896813094309470021332553,87979,11,180,180,0,True
1732927319,21296987,6445209896813094309470021332553,87979,11,180,180,0,True
1732927331,21296988,6445209896813094309470021332553,87979,11,180,180,0,True
1732927343,21296989,6445209896813094309470021332553,87979,11,180,180,0,True
1732927355,21296990,6445209896813094309470021332553,87979,11,180,180,0,True
1732927367,21296991,6452397611514126611411842621148,88001,12,180,180,0,True
1732927379,21296992,6452397611514126611411842621148,88001,12,180,180,0,True
1732927391,21296993,6452397611514126611411842621148,88001,12,180,180,0,True
1732927403,21296994,6452397611514126611411842621148,88001,12,180,180,0,True
1732927415,21296995,6452397611514126611411842621148,88001,12,180,180,0,True
1732927427,21296996,6452397611514126611411842621148,88001,12,180,180,0,True
1732927439,21296997,6452397611514126611411842621148,88001,12,180,180,0,True
1732927451,21296998,6452397611514126611411842621148,88001,12,180,180,0,True
1732927463,21296999,6452397611514126611411842621148,88001,12,180,180,0,True
1732927475,21297000,6452397611514126611411842621148,88001,12,180,180,0,True
1732927487,21297001,6452397611514126611411842621148,88001,12,180,180,0,True
1732927499,21297002,6452397611514126611411842621148,88001,12,180,180,0,True
1732927511,21297003,6460042182651355235506978578387,88025,13,180,180,0,True
1732927535,21297004,6460042182651355235506978578387,88025,13,180,180,0,True
1732927547,21297005,6465559060496166590725474786530,88042,14,180,180,0,True
1732927559,21297006,6465559060496166590725474786530,88042,14,180,180,0,True
1732927571,21297007,6465559060496166590725474786530,88042,14,180,180,0,True
1732927583,21297008,6465559060496166590725474786530,88042,14,180,180,0,True
1732927595,21297009,6465559060496166590725474786530,88042,14,180,180,0,True
1732927619,21297010,6465559060496166590725474786530,88042,14,180,180,0,True
1732927631,21297011,6465559060496166590725474786530,88042,14,180,180,0,True
1732927643,21297012,6465559060496166590725474786530,88042,14,180,180,0,True
1732927655,21297013,6465559060496166590725474786530,88042,14,180,180,0,True
1732927667,21297014,6465559060496166590725474786530,88042,14,180,180,0,True
1732927679,21297015,6464096747304834212118712503614,88038,15,180,180,0,True
1732927691,21297016,6464096747304834212118712503614,88038,15,180,180,0,True
1732927703,21297017,6464096747304834212118712503614,88038,15,180,180,0,True
1732927715,21297018,6464096747304834212118712503614,88038,15,180,180,0,True
1732927727,21297019,6464096747304834212118712503614,88038,15,180,180,0,True
1732927739,21297020,6464096747304834212118712503614,88038,15,180,180,0,True
1732927751,21297021,6464096747304834212118712503614,88038,15,180,180,0,True
1732927763,21297022,6464096747304834212118712503614,88038,15,180,180,0,True
1732927775,21297023,6464096747304834212118712503614,88038,15,180,180,0,True
1732927787,21297024,6464096747304834212118712503614,88038,15,180,180,0,True
1732927799,21297025,6464096747304834212118712503614,88038,15,180,180,0,True
1732927811,21297026,6464096747304834212118712503614,88038,15,180,180,0,True
1732927823,21297027,6464096747304834212118712503614,88038,15,180,180,0,True
1732927835,21297028,6464096747304834212118712503614,88038,15,180,180,0,True
1732927847,21297029,6464096747304834212118712503614,88038,15,180,180,0,True
1732927859,21297030,6464096747304834212118712503614,88038,15,180,180,0,True
1732927871,21297031,6464096747304834212118712503614,88038,15,180,180,0,True
1732927883,21297032,6464096747304834212118712503614,88038,15,180,180,0,True
1732927895,21297033,6464096747304834212118712503614,88038,15,180,180,0,True
1732927907,21297034,6464096747304834212118712503614,88038,15,180,180,0,True
1732927919,21297035,6464096747304834212118712503614,88038,15,180,180,0,True
1732927931,21297036,6464096747304834212118712503614,88038,15,180,180,0,True
1732927943,21297037,6464096747304834212118712503614,88038,15,180,180,0,True
1732927955,21297038,6464096747304834212118712503614,88038,15,180,180,0,True
1732927967,21297039,6464096747304834212118712503614,88038,15,180,180,0,True
1732927979,21297040,6464096747304834212118712503614,88038,15,180,180,0,True
1732927991,21297041,6464096747304834212118712503614,88038,15,180,180,0,True
1732928003,21297042,6464096747304834212118712503614,88038,15,180,180,0,True
1732928015,21297043,6464096747304834212118712503614,88038,15,180,180,0,True
1732928027,21297044,6464096747304834212118712503614,88038,15,180,180,0,True
1732928039,21297045,6464096747304834212118712503614,88038,15,180,180,0,True
1732928051,21297046,6464096747304834212118712503614,88038,15,180,180,0,True
1732928063,21297047,6464096747304834212118712503614,88038,15,180,180,0,True
1732928075,21297048,6464096747304834212118712503614,88038,15,180,180,0,True
1732928087,21297049,6464096747304834212118712503614,88038,15,180,180,0,True
1732928099,21297050,6464096747304834212118712503614,88038,15,180,180,0,True
1732928111,21297051,6464096747304834212118712503614,88038,15,180,180,0,True
1732928123,21297052,6464096747304834212118712503614,88038,15,180,180,0,True
1732928135,21297053,6464096747304834212118712503614,88038,15,180,180,0,True
1732928147,21297054,6464096747304834212118712503614,88038,15,180,180,0,True
1732928159,21297055,6464096747304834212118712503614,88038,15,180,180,0,True
1732928171,21297056,6464096747304834212118712503614,88038,15,180,180,0,True
1732928183,21297057,6464096747304834212118712503614,88038,15,180,180,0,True
1732928207,21297058,6464096747304834212118712503614,88038,15,180,180,0,True
1732928219,21297059,6464096747304834212118712503614,88038,15,180,180,0,True
1732928231,21297060,6464096747304834212118712503614,88038,15,180,180,0,True
1732928243,21297061,6464096747304834212118712503614,88038,15,180,180,0,True
1732928255,21297062,6464096747304834212118712503614,88038,15,180,180,0,True
1732928267,21297063,6464096747304834212118712503614,88038,15,180,180,0,True
1732928279,21297064,6464096747304834212118712503614,88038,15,180,180,0,True
1732928303,21297065,6464096747304834212118712503614,88038,15,180,180,0,True
1732928315,21297066,6464096747304834212118712503614,88038,15,180,180,0,True
1732928327,21297067,6464096747304834212118712503614,88038,15,180,180,0,True
1732928339,21297068,6464702430542047801135186264368,88040,16,180,180,0,True
1732928351,21297069,6464702430542047801135186264368,88040,16,180,180,0,True
1732928363,21297070,6464702430542047801135186264368,88040,16,180,180,0,True
1732928375,21297071,6464702430542047801135186264368,88040,16,180,180,0,True
1732928387,21297072,6464702430542047801135186264368,88040,16,180,180,0,True
1732928399,21297073,6464702430542047801135186264368,88040,16,180,180,0,True
1732928411,21297074,6464702430542047801135186264368,88040,16,180,180,0,True
1732928423,21297075,6464702430542047801135186264368,88040,16,180,180,0,True
1732928435,21297076,6464702430542047801135186264368,88040,16,180,180,0,True
1732928447,21297077,6464702430542047801135186264368,88040,16,180,180,0,True
1732928459,21297078,6464702430542047801135186264368,88040,16,180,180,0,True
1732928471,21297079,6464702430542047801135186264368,88040,16,180,180,0,True
1732928483,21297080,6464702430542047801135186264368,88040,16,180,180,0,True
1732928495,21297081,6464702430542047801135186264368,88040,16,180,180,0,True
1732928507,21297082,6464702430542047801135186264368,88040,16,180,180,0,True
1732928519,21297083,6464702430542047801135186264368,88040,16,180,180,0,True
1732928531,21297084,6464702430542047801135186264368,88040,16,180,180,0,True
1732928543,21297085,6464702430542047801135186264368,88040,16,180,180,0,True
1732928555,21297086,6464702430542047801135186264368,88040,16,180,180,0,True
1732928567,21297087,6464702430542047801135186264368,88040,16,180,180,0,True
1732928579,21297088,6464702430542047801135186264368,88040,16,180,180,0,True
1732928591,21297089,6464702430542047801135186264368,88040,16,180,180,0,True
1732928603,21297090,6464702430542047801135186264368,88040,16,180,180,0,True
1732928615,21297091,6464702430542047801135186264368,88040,16,180,180,0,True
1732928627,21297092,6464702430542047801135186264368,88040,16,180,180,0,True
1732928639,21297093,6464702430542047801135186264368,88040,16,180,180,0,True
1732928651,21297094,6464702430542047801135186264368,88040,16,180,180,0,True
1732928663,21297095,6464702430542047801135186264368,88040,16,180,180,0,True
1732928675,21297096,6464702430542047801135186264368,88040,16,180,180,0,True
1732928687,21297097,6464702430542047801135186264368,88040,16,180,180,0,True
1732928699,21297098,6464702430542047801135186264368,88040,16,180,180,0,True
1732928711,21297099,6464702430542047801135186264368,88040,16,180,180,0,True
1732928723,21297100,6464702430542047801135186264368,88040,16,180,180,0,True
1732928735,21297101,6464702430542047801135186264368,88040,16,180,180,0,True
1732928747,21297102,6464702430542047801135186264368,88040,16,180,180,0,True
1732928759,21297103,6466926265499470536006615724167,88046,17,180,180,0,True
1732928771,21297104,6466926265499470536006615724167,88046,17,180,180,0,True
1732928783,21297105,6466926265499470536006615724167,88046,17,180,180,0,True
1732928795,21297106,6466926265499470536006615724167,88046,17,180,180,0,True
1732928807,21297107,6466926265499470536006615724167,88046,17,180,180,0,True
1732928819,21297108,6466926265499470536006615724167,88046,17,180,180,0,True
1732928831,21297109,6466926265499470536006615724167,88046,17,180,180,0,True
1732928843,21297110,6461757771772050695668415706848,88030,18,180,180,0,True
1732928855,21297111,6461757771772050695668415706848,88030,18,180,180,0,True
1732928867,21297112,6461757771772050695668415706848,88030,18,180,180,0,True
1732928879,21297113,6461757771772050695668415706848,88030,18,180,180,0,True
1732928891,21297114,6454270739669784345157482497446,88007,19,180,180,0,True
1732928903,21297115,6454270739669784345157482497446,88007,19,180,180,0,True
1732928915,21297116,6454270739669784345157482497446,88007,19,180,180,0,True
1732928927,21297117,6454270739669784345157482497446,88007,19,180,180,0,True
1732928939,21297118,6448160405362376915112355218286,87988,20,180,180,0,True
1732928951,21297119,6448160405362376915112355218286,87988,20,180,180,0,True
1732928963,21297120,6448178781247010772109071795646,87988,20,180,180,0,True
1732928975,21297121,6448178781247010772109071795646,87988,20,180,180,0,True
1732928987,21297122,6448178781247010772109071795646,87988,20,180,180,0,True
1732928999,21297123,6448178781247010772109071795646,87988,20,180,180,0,True
1732929011,21297124,6448178781247010772109071795646,87988,20,180,180,0,True
1732929023,21297125,6448178781247010772109071795646,87988,20,180,180,0,True
1732929035,21297126,6448178781247010772109071795646,87988,20,180,180,0,True
1732929047,21297127,6448178781247010772109071795646,87988,20,180,180,0,True
1732929059,21297128,6448178781247010772109071795646,87988,20,180,180,0,True
1732929071,21297129,6448178781247010772109071795646,87988,20,180,180,0,True
1732929083,21297130,6448178781247010772109071795646,87988,20,180,180,0,True
1732929095,21297131,6448178781247010772109071795646,87988,20,180,180,0,True
1732929107,21297132,6448178781247010772109071795646,87988,20,180,180,0,True
1732929119,21297133,6448178781247010772109071795646,87988,20,180,180,0,True
1732929131,21297134,6448178781247010772109071795646,87988,20,180,180,0,True
1732929143,21297135,6448178781247010772109071795646,87988,20,180,180,0,True
1732929155,21297136,6448178781247010772109071795646,87988,20,180,180,0,True
1732929167,21297137,6448178781247010772109071795646,87988,20,180,180,0,True
1732929179,21297138,6448178781247010772109071795646,87988,20,180,180,0,True
1732929191,21297139,6448178781247010772109071795646,87988,20,180,180,0,True
1732929203,21297140,6448178781247010772109071795646,87988,20,180,180,0,True
1732929215,21297141,6448178781247010772109071795646,87988,20,180,180,0,True
1732929227,21297142,6443352973851541538433420634640,87973,21,180,180,0,True
1732929239,21297143,6443352973851541538433420634640,87973,21,180,180,0,True
1732929251,21297144,6443352973851541538433420634640,87973,21,180,180,0,True
1732929263,21297145,6443352973851541538433420634640,87973,21,180,180,0,True
1732929275,21297146,6443352973851541538433420634640,87973,21,180,180,0,True
1732929287,21297147,6443352996301856695078378929192,87973,21,180,180,0,True
1732929299,21297148,6443352996301856695078378929192,87973,21,180,180,0,True
1732929311,21297149,6443352996301856695078378929192,87973,21,180,180,0,True
1732929323,21297150,6443352996301856695078378929192,87973,21,180,180,0,True
1732929335,21297151,6443352996301856695078378929192,87973,21,180,180,0,True
1732929347,21297152,6443352996301856695078378929192,87973,21,180,180,0,True
1732929359,21297153,6443352996301856695078378929192,87973,21,180,180,0,True
1732929371,21297154,6443352996301856695078378929192,87973,21,180,180,0,True
1732929383,21297155,6443352996301856695078378929192,87973,21,180,180,0,True
1732929395,21297156,6443352996301856695078378929192,87973,21,180,180,0,True
1732929407,21297157,6443352996301856695078378929192,87973,21,180,180,0,True
1732929419,21297158,6443352996301856695078378929192,87973,21,180,180,0,True
1732929431,21297159,6443352996301856695078378929192,87973,21,180,180,0,True
1732929443,21297160,6443352996301856695078378929192,87973,21,180,180,0,True
1732929455,21297161,6443352996301856695078378929192,87973,21,180,180,0,True
1732929467,21297162,6443352996301856695078378929192,87973,21,180,180,0,True
1732929479,21297163,6443352996301856695078378929192,87973,21,180,180,0,True
1732929491,21297164,6443352996301856695078378929192,87973,21,180,180,0,True
1732929503,21297165,6443352996301856695078378929192,87973,21,180,180,0,True
1732929515,21297166,6443352996301856695078378929192,87973,21,180,180,0,True
1732929527,21297167,6443352996301856695078378929192,87973,21,180,180,0,True
1732929539,21297168,6443352996301856695078378929192,87973,21,180,180,0,True
1732929551,21297169,6443352996301856695078378929192,87973,21,180,180,0,True
1732929563,21297170,6443352996301856695078378929192,87973,21,180,180,0,True
1732929575,21297171,6443352996301856695078378929192,87973,21,180,180,0,True
1732929587,21297172,6443352996301856695078378929192,87973,21,180,180,0,True
1732929599,21297173,6443352996301856695078378929192,87973,21,180,180,0,True
1732929611,21297174,6443352996301856695078378929192,87973,21,180,180,0,True
1732929623,21297175,6439106286662699900013855383569,87960,22,180,180,0,True
1732929635,21297176,6439106286662699900013855383569,87960,22,180,180,0,True
1732929647,21297177,6439106286662699900013855383569,87960,22,180,180,0,True
1732929659,21297178,6439106286662699900013855383569,87960,22,180,180,0,True
1732929671,21297179,6439106286662699900013855383569,87960,22,180,180,0,True
1732929683,21297180,6439106286662699900013855383569,87960,22,180,180,0,True
1732929695,21297181,6439106286662699900013855383569,87960,22,180,180,0,True
1732929707,21297182,6439106286662699900013855383569,87960,22,180,180,0,True
1732929719,21297183,6439106286662699900013855383569,87960,22,180,180,0,True
1732929731,21297184,6439106286662699900013855383569,87960,22,180,180,0,True
1732929743,21297185,6439106286662699900013855383569,87960,22,180,180,0,True
1732929755,21297186,6439106286662699900013855383569,87960,22,180,180,0,True
1732929767,21297187,6439106286662699900013855383569,87960,22,180,180,0,True
1732929779,21297188,6439106286662699900013855383569,87960,22,180,180,0,True
1732929791,21297189,6439499661210989998951930085097,87961,23,180,180,0,True
1732929803,21297190,6439499661210989998951930085097,87961,23,180,180,0,True
1732929815,21297191,6439499661210989998951930085097,87961,23,180,180,0,True
1732929827,21297192,6439499661210989998951930085097,87961,23,180,180,0,True
1732929839,21297193,6434696738254317449601524078866,87946,24,180,180,0,True
1732929851,21297194,6434696738254317449601524078866,87946,24,180,180,0,True
1732929863,21297195,6434696738254317449601524078866,87946,24,180,180,0,True
1732929875,21297196,6434696738254317449601524078866,87946,24,180,180,0,True
1732929887,21297197,6434696738254317449601524078866,87946,24,180,180,0,True
1732929899,21297198,6434696738254317449601524078866,87946,24,180,180,0,True
1732929911,21297199,6434696738254317449601524078866,87946,24,180,180,0,True
1732929923,21297200,6434696738254317449601524078866,87946,24,180,180,0,True
1732929935,21297201,6434696738254317449601524078866,87946,24,180,180,0,True
1732929947,21297202,6423797056760011224462905084772,87913,25,180,180,0,True
1732929959,21297203,6423797056760011224462905084772,87913,25,180,180,0,True
1732929971,21297204,6423797056760011224462905084772,87913,25,180,180,0,True
1732929983,21297205,6423797056760011224462905084772,87913,25,180,180,0,True
1732929995,21297206,6423797056760011224462905084772,87913,25,180,180,0,True
1732930007,21297207,6423797056760011224462905084772,87913,25,180,180,0,True
1732930019,21297208,6423797056760011224462905084772,87913,25,180,180,0,True
1732930031,21297209,6423797056760011224462905084772,87913,25,180,180,0,True
1732930043,21297210,6423797056760011224462905084772,87913,25,180,180,0,True
1732930055,21297211,6423797056760011224462905084772,87913,25,180,180,0,True
1732930067,21297212,6423797056760011224462905084772,87913,25,180,180,0,True
1732930079,21297213,6423797056760011224462905084772,87913,25,180,180,0,True
1732930091,21297214,6423797056760011224462905084772,87913,25,180,180,0,True
1732930103,21297215,6423797056760011224462905084772,87913,25,180,180,0,True
1732930115,21297216,6423797056760011224462905084772,87913,25,180,180,0,True
1732930127,21297217,6423797056760011224462905084772,87913,25,180,180,0,True
1732930139,21297218,6423797056760011224462905084772,87913,25,180,180,0,True
1732930151,21297219,6423797056760011224462905084772,87913,25,180,180,0,True
1732930175,21297220,6423797056760011224462905084772,87913,25,180,180,0,True
1732930187,21297221,6423797056760011224462905084772,87913,25,180,180,0,True
1732930199,21297222,6423797056760011224462905084772,87913,25,180,180,0,True
1732930211,21297223,6423797056760011224462905084772,87913,25,180,180,0,True
1732930223,21297224,6423797056760011224462905084772,87913,25,180,180,0,True
1732930235,21297225,6423797056760011224462905084772,87913,25,180,180,0,True
1732930247,21297226,6423797056760011224462905084772,87913,25,180,180,0,True
1732930259,21297227,6423797056760011224462905084772,87913,25,180,180,0,True
1732930271,21297228,6423797056760011224462905084772,87913,25,180,180,0,True
1732930283,21297229,6423797056760011224462905084772,87913,25,180,180,0,True
1732930295,21297230,6423797056760011224462905084772,87913,25,180,180,0,True
1732930307,21297231,6423797056760011224462905084772,87913,25,180,180,0,True
1732930319,21297232,6423797056760011224462905084772,87913,25,180,180,0,True
1732930331,21297233,6423797056760011224462905084772,87913,25,180,180,0,True
1732930343,21297234,6423797056760011224462905084772,87913,25,180,180,0,True
1732930355,21297235,6423797056760011224462905084772,87913,25,180,180,0,True
1732930367,21297236,6423797056760011224462905084772,87913,25,180,180,0,True
1732930379,21297237,6423797056760011224462905084772,87913,25,180,180,0,True
1732930391,21297238,6423797056760011224462905084772,87913,25,180,180,0,True
1732930403,21297239,6423797056760011224462905084772,87913,25,180,180,0,True
1732930415,21297240,6423797056760011224462905084772,87913,25,180,180,0,True
1732930427,21297241,6423797056760011224462905084772,87913,25,180,180,0,True
1732930439,21297242,6423797056760011224462905084772,87913,25,180,180,0,True
1732930451,21297243,6422787171611217884851367801996,87909,26,180,180,0,True
1732930463,21297244,6422787171611217884851367801996,87909,26,180,180,0,True
1732930475,21297245,6422787171611217884851367801996,87909,26,180,180,0,True
1732930487,21297246,6422787171611217884851367801996,87909,26,180,180,0,True
1732930499,21297247,6422787171611217884851367801996,87909,26,180,180,0,True
1732930511,21297248,6422787171611217884851367801996,87909,26,180,180,0,True
1732930523,21297249,6422787171611217884851367801996,87909,26,180,180,0,True
1732930535,21297250,6422787171611217884851367801996,87909,26,180,180,0,True
1732930547,21297251,6422787171611217884851367801996,87909,26,180,180,0,True
1732930559,21297252,6422787171611217884851367801996,87909,26,180,180,0,True
1732930571,21297253,6422787171611217884851367801996,87909,26,180,180,0,True
1732930583,21297254,6422787171611217884851367801996,87909,26,180,180,0,True
1732930595,21297255,6422787171611217884851367801996,87909,26,180,180,0,True
1732930607,21297256,6422787171611217884851367801996,87909,26,180,180,0,True
1732930619,21297257,6422787171611217884851367801996,87909,26,180,180,0,True
1732930631,21297258,6422787171611217884851367801996,87909,26,180,180,0,True
1732930643,21297259,6422787171611217884851367801996,87909,26,180,180,0,True
1732930655,21297260,6422787171611217884851367801996,87909,26,180,180,0,True
1732930667,21297261,6422787171611217884851367801996,87909,26,180,180,0,True
1732930679,21297262,6422787171611217884851367801996,87909,26,180,180,0,True
1732930691,21297263,6422787171611217884851367801996,87909,26,180,180,0,True
1732930703,21297264,6422787171611217884851367801996,87909,26,180,180,0,True
1732930715,21297265,6422787171611217884851367801996,87909,26,180,180,0,True
1732930727,21297266,6422787171611217884851367801996,87909,26,180,180,0,True
1732930739,21297267,6422787171611217884851367801996,87909,26,180,180,0,True
1732930751,21297268,6422787171611217884851367801996,87909,26,180,180,0,True
1732930763,21297269,6422787171611217884851367801996,87909,26,180,180,0,True
1732930775,21297270,6422787171611217884851367801996,87909,26,180,180,0,True
1732930787,21297271,6422787171611217884851367801996,87909,26,180,180,0,True
1732930799,21297272,6422787171611217884851367801996,87909,26,180,180,0,True
1732930811,21297273,6422787171611217884851367801996,87909,26,180,180,0,True
1732930823,21297274,6422787171611217884851367801996,87909,26,180,180,0,True
1732930835,21297275,6422787171611217884851367801996,87909,26,180,180,0,True
1732930847,21297276,6422787171611217884851367801996,87909,26,180,180,0,True
1732930859,21297277,6422787171611217884851367801996,87909,26,180,180,0,True
1732930871,21297278,6422787171611217884851367801996,87909,26,180,180,0,True
1732930883,21297279,6422787171611217884851367801996,87909,26,180,180,0,True
1732930895,21297280,6422787171611217884851367801996,87909,26,180,180,0,True
1732930907,21297281,6422787171611217884851367801996,87909,26,180,180,0,True
1732930919,21297282,6428840602214271090563549189247,87928,27,180,180,0,True
1732930931,21297283,6428840602214271090563549189247,87928,27,180,180,0,True
1732930943,21297284,6428840602214271090563549189247,87928,27,180,180,0,True
1732930955,21297285,6428840602214271090563549189247,87928,27,180,180,0,True
1732930967,21297286,6428840602214271090563549189247,87928,27,180,180,0,True
1732930979,21297287,6428840602214271090563549189247,87928,27,180,180,0,True
1732930991,21297288,6428840602214271090563549189247,87928,27,180,180,0,True
1732931003,21297289,6428840602214271090563549189247,87928,27,180,180,0,True
1732931015,21297290,6428840602214271090563549189247,87928,27,180,180,0,True
1732931027,21297291,6428840602214271090563549189247,87928,27,180,180,0,True
1732931039,21297292,6428840602214271090563549189247,87928,27,180,180,0,True
1732931051,21297293,6428840602214271090563549189247,87928,27,180,180,0,True
1732931063,21297294,6428840602214271090563549189247,87928,27,180,180,0,True
1732931075,21297295,6428840602214271090563549189247,87928,27,180,180,0,True
1732931087,21297296,6428840602214271090563549189247,87928,27,180,180,0,True
1732931099,21297297,6437011317359152691068480672127,87954,28,180,180,0,True
1732931111,21297298,6437011317359152691068480672127,87954,28,180,180,0,True
1732931123,21297299,6437011317359152691068480672127,87954,28,180,180,0,True
1732931135,21297300,6437011317359152691068480672127,87954,28,180,180,0,True
1732931147,21297301,6443943116978106585331145168215,87975,29,180,180,0,True
1732931159,21297302,6443943116978106585331145168215,87975,29,180,180,0,True
1732931171,21297303,6443943116978106585331145168215,87975,29,180,180,0,True
1732931183,21297304,6443943116978106585331145168215,87975,29,180,180,0,True
1732931195,21297305,6443943116978106585331145168215,87975,29,180,180,0,True
1732931207,21297306,6443943116978106585331145168215,87975,29,180,180,0,True
1732931219,21297307,6443943116978106585331145168215,87975,29,180,180,0,True
1732931231,21297308,6443943116978106585331145168215,87975,29,180,180,0,True
1732931243,21297309,6443943116978106585331145168215,87975,29,180,180,0,True
1732931255,21297310,6443943116978106585331145168215,87975,29,180,180,0,True
1732931267,21297311,6443943116978106585331145168215,87975,29,180,180,0,True
1732931279,21297312,6443943116978106585331145168215,87975,29,180,180,0,True
1732931291,21297313,6443943116978106585331145168215,87975,29,180,180,0,True
1732931303,21297314,6443943116978106585331145168215,87975,29,180,180,0,True
1732931315,21297315,6443943116978106585331145168215,87975,29,180,180,0,True
1732931327,21297316,6443943116978106585331145168215,87975,29,180,180,0,True
1732931339,21297317,6443943116978106585331145168215,87975,29,180,180,0,True
1732931351,21297318,6443943116978106585331145168215,87975,29,180,180,0,True
1732931363,21297319,6443943116978106585331145168215,87975,29,180,180,0,True
1732931375,21297320,6443943116978106585331145168215,87975,29,180,180,0,True
1732931387,21297321,6443943116978106585331145168215,87975,29,180,180,0,True
1732931399,21297322,6443943116978106585331145168215,87975,29,180,180,0,True
1732931411,21297323,6443943116978106585331145168215,87975,29,180,180,0,True
1732931423,21297324,6449908377840284273482913680789,87994,30,180,180,0,True
1732931435,21297325,6449908377840284273482913680789,87994,30,180,180,0,True
1732931447,21297326,6449908377840284273482913680789,87994,30,180,180,0,True
1732931459,21297327,6449908377840284273482913680789,87994,30,180,180,0,True
1732931471,21297328,6449908377840284273482913680789,87994,30,180,180,0,True
1732931483,21297329,6449908377840284273482913680789,87994,30,180,180,0,True
1732931495,21297330,6449908377840284273482913680789,87994,30,180,180,0,True
1732931507,21297331,6449908377840284273482913680789,87994,30,180,180,0,True
1732931519,21297332,6449908377840284273482913680789,87994,30,180,180,0,True
1732931531,21297333,6449908377840284273482913680789,87994,30,180,180,0,True
1732931543,21297334,6449908377840284273482913680789,87994,30,180,180,0,True
1732931555,21297335,6449908377840284273482913680789,87994,30,180,180,0,True
1732931567,21297336,6449908377840284273482913680789,87994,30,180,180,0,True
1732931579,21297337,6449908377840284273482913680789,87994,30,180,180,0,True
1732931591,21297338,6449908377840284273482913680789,87994,30,180,180,0,True
1732931603,21297339,6449908377840284273482913680789,87994,30,180,180,0,True
1732931615,21297340,6449908377840284273482913680789,87994,30,180,180,0,True
1732931627,21297341,6449908377840284273482913680789,87994,30,180,180,0,True
1732931639,21297342,6449908377840284273482913680789,87994,30,180,180,0,True
1732931651,21297343,6449908377840284273482913680789,87994,30,180,180,0,True
1732931663,21297344,6449908377840284273482913680789,87994,30,180,180,0,True
1732931675,21297345,6449908377840284273482913680789,87994,30,180,180,0,True
1732931687,21297346,6449908377840284273482913680789,87994,30,180,180,0,True
1732931699,21297347,6449908377840284273482913680789,87994,30,180,180,0,True
1732931711,21297348,6449908377840284273482913680789,87994,30,180,180,0,True
1732931723,21297349,6449908377840284273482913680789,87994,30,180,180,0,True
1732931735,21297350,6449908377840284273482913680789,87994,30,180,180,0,True
1732931747,21297351,6449908377840284273482913680789,87994,30,180,180,0,True
1732931759,21297352,6449908377840284273482913680789,87994,30,180,180,0,True
1732931771,21297353,6449908377840284273482913680789,87994,30,180,180,0,True
1732931783,21297354,6449908377840284273482913680789,87994,30,180,180,0,True
1732931795,21297355,6449908377840284273482913680789,87994,30,180,180,0,True
1732931807,21297356,6449908377840284273482913680789,87994,30,180,180,0,True
1732931819,21297357,6449908377840284273482913680789,87994,30,180,180,0,True
1732931831,21297358,6449908377840284273482913680789,87994,30,180,180,0,True
1732931843,21297359,6454561903452056996966324770794,88008,31,180,180,0,True
1732931855,21297360,6454561903452056996966324770794,88008,31,180,180,0,True
1732931867,21297361,6454561903452056996966324770794,88008,31,180,180,0,True
1732931879,21297362,6454561903452056996966324770794,88008,31,180,180,0,True
1732931891,21297363,6454561903452056996966324770794,88008,31,180,180,0,True
1732931903,21297364,6454561903452056996966324770794,88008,31,180,180,0,True
1732931915,21297365,6454561903452056996966324770794,88008,31,180,180,0,True
1732931927,21297366,6454561903452056996966324770794,88008,31,180,180,0,True
1732931939,21297367,6454561903452056996966324770794,88008,31,180,180,0,True
1732931951,21297368,6454561903452056996966324770794,88008,31,180,180,0,True
1732931963,21297369,6454561903452056996966324770794,88008,31,180,180,0,True
1732931975,21297370,6454561903452056996966324770794,88008,31,180,180,0,True
1732931987,21297371,6454561903452056996966324770794,88008,31,180,180,0,True
1732931999,21297372,6454561903452056996966324770794,88008,31,180,180,0,True
1732932011,21297373,6454561903452056996966324770794,88008,31,180,180,0,True
1732932023,21297374,6461420263629801634773007064006,88029,32,180,180,0,True
1732932035,21297375,6461420263629801634773007064006,88029,32,180,180,0,True
1732932047,21297376,6461420263629801634773007064006,88029,32,180,180,0,True
1732932059,21297377,6461420263629801634773007064006,88029,32,180,180,0,True
1732932071,21297378,6461420263629801634773007064006,88029,32,180,180,0,True
1732932083,21297379,6461420263629801634773007064006,88029,32,180,180,0,True
1732932095,21297380,6461420263629801634773007064006,88029,32,180,180,0,True
1732932107,21297381,6461420263629801634773007064006,88029,32,180,180,0,True
1732932119,21297382,6461420263629801634773007064006,88029,32,180,180,0,True
1732932131,21297383,6461420263629801634773007064006,88029,32,180,180,0,True
1732932143,21297384,6461420263629801634773007064006,88029,32,180,180,0,True
1732932155,21297385,6461420263629801634773007064006,88029,32,180,180,0,True
1732932167,21297386,6461420263629801634773007064006,88029,32,180,180,0,True
1732932179,21297387,6461420263629801634773007064006,88029,32,180,180,0,True
1732932191,21297388,6461420263629801634773007064006,88029,32,180,180,0,True
1732932203,21297389,6461420263629801634773007064006,88029,32,180,180,0,True
1732932215,21297390,6461420263629801634773007064006,88029,32,180,180,0,True
1732932227,21297391,6461420263629801634773007064006,88029,32,180,180,0,True
1732932239,21297392,6461420263629801634773007064006,88029,32,180,180,0,True
1732932251,21297393,6461420263629801634773007064006,88029,32,180,180,0,True
1732932263,21297394,6461420263629801634773007064006,88029,32,180,180,0,True
1732932275,21297395,6461420263629801634773007064006,88029,32,180,180,0,True
1732932287,21297396,6461420263629801634773007064006,88029,32,180,180,0,True
1732932299,21297397,6461420263629801634773007064006,88029,32,180,180,0,True
1732932311,21297398,6461420263629801634773007064006,88029,32,180,180,0,True
1732932323,21297399,6461420263629801634773007064006,88029,32,180,180,0,True
1732932335,21297400,6461420263629801634773007064006,88029,32,180,180,0,True
1732932347,21297401,6461420263629801634773007064006,88029,32,180,180,0,True
1732932359,21297402,6461420263629801634773007064006,88029,32,180,180,0,True
1732932371,21297403,6461420263629801634773007064006,88029,32,180,180,0,True
1732932395,21297404,6461420263629801634773007064006,88029,32,180,180,0,True
1732932407,21297405,6461420263629801634773007064006,88029,32,180,180,0,True
1732932419,21297406,6461420263629801634773007064006,88029,32,180,180,0,True
1732932431,21297407,6461420263629801634773007064006,88029,32,180,180,0,True
1732932443,21297408,6461420263629801634773007064006,88029,32,180,180,0,True
1732932455,21297409,6461420263629801634773007064006,88029,32,180,180,0,True
1732932467,21297410,6461420263629801634773007064006,88029,32,180,180,0,True
1732932479,21297411,6461420263629801634773007064006,88029,32,180,180,0,True
1732932491,21297412,6461420263629801634773007064006,88029,32,180,180,0,True
1732932503,21297413,6461420263629801634773007064006,88029,32,180,180,0,True
1732932515,21297414,6461420263629801634773007064006,88029,32,180,180,0,True
1732932527,21297415,6461420263629801634773007064006,88029,32,180,180,0,True
1732932539,21297416,6461420263629801634773007064006,88029,32,180,180,0,True
1732932551,21297417,6461420263629801634773007064006,88029,32,180,180,0,True
1732932563,21297418,6461420263629801634773007064006,88029,32,180,180,0,True
1732932575,21297419,6461420263629801634773007064006,88029,32,180,180,0,True
1732932587,21297420,6461420263629801634773007064006,88029,32,180,180,0,True
1732932599,21297421,6461420263629801634773007064006,88029,32,180,180,0,True
1732932611,21297422,6461420263629801634773007064006,88029,32,180,180,0,True
1732932623,21297423,6461420263629801634773007064006,88029,32,180,180,0,True
1732932635,21297424,6461420263629801634773007064006,88029,32,180,180,0,True
1732932647,21297425,6461420263629801634773007064006,88029,32,180,180,0,True
1732932659,21297426,6461420263629801634773007064006,88029,32,180,180,0,True
1732932671,21297427,6461420263629801634773007064006,88029,32,180,180,0,True
1732932683,21297428,6461420263629801634773007064006,88029,32,180,180,0,True
1732932695,21297429,6461420263629801634773007064006,88029,32,180,180,0,True
1732932707,21297430,6461420263629801634773007064006,88029,32,180,180,0,True
1732932719,21297431,6461420263629801634773007064006,88029,32,180,180,0,True
1732932731,21297432,6461420263629801634773007064006,88029,32,180,180,0,True
1732932743,21297433,6461420263629801634773007064006,88029,32,180,180,0,True
1732932755,21297434,6461420263629801634773007064006,88029,32,180,180,0,True
1732932767,21297435,6461420263629801634773007064006,88029,32,180,180,0,True
1732932779,21297436,6461420263629801634773007064006,88029,32,180,180,0,True
1732932791,21297437,6461420263629801634773007064006,88029,32,180,180,0,True
1732932803,21297438,6461420263629801634773007064006,88029,32,180,180,0,True
1732932815,21297439,6461420263629801634773007064006,88029,32,180,180,0,True
1732932827,21297440,6461420263629801634773007064006,88029,32,180,180,0,True
1732932839,21297441,6461420263629801634773007064006,88029,32,180,180,0,True
1732932851,21297442,6461420263629801634773007064006,88029,32,180,180,0,True
1732932863,21297443,6461420263629801634773007064006,88029,32,180,180,0,True
1732932875,21297444,6461420263629801634773007064006,88029,32,180,180,0,True
1732932887,21297445,6461420263629801634773007064006,88029,32,180,180,0,True
1732932899,21297446,6461420263629801634773007064006,88029,32,180,180,0,True
1732932911,21297447,6461420263629801634773007064006,88029,32,180,180,0,True
1732932923,21297448,6461420263629801634773007064006,88029,32,180,180,0,True
1732932935,21297449,6461420263629801634773007064006,88029,32,180,180,0,True
1732932947,21297450,6461420263629801634773007064006,88029,32,180,180,0,True
1732932959,21297451,6461420263629801634773007064006,88029,32,180,180,0,True
1732932971,21297452,6461420263629801634773007064006,88029,32,180,180,0,True
1732932983,21297453,6467372952645384897040094149047,88048,33,180,180,0,True
1732932995,21297454,6467372952645384897040094149047,88048,33,180,180,0,True
1732933007,21297455,6467372952645384897040094149047,88048,33,180,180,0,True
1732933019,21297456,6467372952645384897040094149047,88048,33,180,180,0,True
1732933031,21297457,6467372952645384897040094149047,88048,33,180,180,0,True
1732933043,21297458,6467372952645384897040094149047,88048,33,180,180,0,True
1732933055,21297459,6467372952645384897040094149047,88048,33,180,180,0,True
1732933067,21297460,6467372952645384897040094149047,88048,33,180,180,0,True
1732933079,21297461,6467372952645384897040094149047,88048,33,180,180,0,True
1732933091,21297462,6467372952645384897040094149047,88048,33,180,180,0,True
1732933103,21297463,6467372952645384897040094149047,88048,33,180,180,0,True
1732933115,21297464,6467372952645384897040094149047,88048,33,180,180,0,True
1732933127,21297465,6467372952645384897040094149047,88048,33,180,180,0,True
1732933139,21297466,6467372952645384897040094149047,88048,33,180,180,0,True
1732933151,21297467,6467372952645384897040094149047,88048,33,180,180,0,True
1732933163,21297468,6467372952645384897040094149047,88048,33,180,180,0,True
1732933175,21297469,6467372952645384897040094149047,88048,33,180,180,0,True
1732933187,21297470,6467372952645384897040094149047,88048,33,180,180,0,True
1732933199,21297471,6467372952645384897040094149047,88048,33,180,180,0,True
1732933211,21297472,6467372952645384897040094149047,88048,33,180,180,0,True
1732933223,21297473,6467372952645384897040094149047,88048,33,180,180,0,True
1732933235,21297474,6467372952645384897040094149047,88048,33,180,180,0,True
1732933247,21297475,6467372952645384897040094149047,88048,33,180,180,0,True
1732933259,21297476,6467372952645384897040094149047,88048,33,180,180,0,True
1732933271,21297477,6467372952645384897040094149047,88048,33,180,180,0,True
1732933283,21297478,6467372952645384897040094149047,88048,33,180,180,0,True
1732933295,21297479,6467372952645384897040094149047,88048,33,180,180,0,True
1732933307,21297480,6467372952645384897040094149047,88048,33,180,180,0,True
1732933319,21297481,6467372952645384897040094149047,88048,33,180,180,0,True
1732933331,21297482,6467372952645384897040094149047,88048,33,180,180,0,True
1732933343,21297483,6467372952645384897040094149047,88048,33,180,180,0,True
1732933355,21297484,6467372952645384897040094149047,88048,33,180,180,0,True
1732933367,21297485,6467372952645384897040094149047,88048,33,180,180,0,True
1732933379,21297486,6467372952645384897040094149047,88048,33,180,180,0,True
1732933391,21297487,6467372952645384897040094149047,88048,33,180,180,0,True
1732933403,21297488,6467372952645384897040094149047,88048,33,180,180,0,True
1732933415,21297489,6467372952645384897040094149047,88048,33,180,180,0,True
1732933427,21297490,6467372952645384897040094149047,88048,33,180,180,0,True
1732933439,21297491,6467372952645384897040094149047,88048,33,180,180,0,True
1732933451,21297492,6467372952645384897040094149047,88048,33,180,180,0,True
1732933463,21297493,6467372952645384897040094149047,88048,33,180,180,0,True
1732933475,21297494,6467372952645384897040094149047,88048,33,180,180,0,True
1732933487,21297495,6467372952645384897040094149047,88048,33,180,180,0,True
1732933499,21297496,6467372952645384897040094149047,88048,33,180,180,0,True
1732933511,21297497,6467372952645384897040094149047,88048,33,180,180,0,True
1732933523,21297498,6467372952645384897040094149047,88048,33,180,180,0,True
1732933535,21297499,6467372952645384897040094149047,88048,33,180,180,0,True
1732933547,21297500,6467372952645384897040094149047,88048,33,180,180,0,True
1732933559,21297501,6467372952645384897040094149047,88048,33,180,180,0,True
1732933571,21297502,6467372952645384897040094149047,88048,33,180,180,0,True
1732933583,21297503,6467372952645384897040094149047,88048,33,180,180,0,True
1732933595,21297504,6466900221691135072275295008493,88046,34,180,180,0,True
1732933607,21297505,6466900221691135072275295008493,88046,34,180,180,0,True
1732933619,21297506,6466900221691135072275295008493,88046,34,180,180,0,True
1732933631,21297507,6466900221691135072275295008493,88046,34,180,180,0,True
1732933643,21297508,6466900221691135072275295008493,88046,34,180,180,0,True
1732933655,21297509,6466900221691135072275295008493,88046,34,180,180,0,True
1732933667,21297510,6466900221691135072275295008493,88046,34,180,180,0,True
1732933679,21297511,6466900221691135072275295008493,88046,34,180,180,0,True
1732933691,21297512,6466900221691135072275295008493,88046,34,180,180,0,True
1732933703,21297513,6466900221691135072275295008493,88046,34,180,180,0,True
1732933715,21297514,6466900221691135072275295008493,88046,34,180,180,0,True
1732933727,21297515,6466900221691135072275295008493,88046,34,180,180,0,True
1732933739,21297516,6466900221691135072275295008493,88046,34,180,180,0,True
1732933751,21297517,6466900221691135072275295008493,88046,34,180,180,0,True
1732933763,21297518,6466900221691135072275295008493,88046,34,180,180,0,True
1732933775,21297519,6466900221691135072275295008493,88046,34,180,180,0,True
1732933787,21297520,6466900221691135072275295008493,88046,34,180,180,0,True
1732933799,21297521,6462490132123899064474418838483,88033,35,180,180,0,True
1732933811,21297522,6462490132123899064474418838483,88033,35,180,180,0,True
1732933823,21297523,6462490132123899064474418838483,88033,35,180,180,0,True
1732933835,21297524,6462490132123899064474418838483,88033,35,180,180,0,True
1732933847,21297525,6456250542964961138225472171852,88013,36,180,180,0,True
1732933859,21297526,6456250542964961138225472171852,88013,36,180,180,0,True
1732933871,21297527,6456250542964961138225472171852,88013,36,180,180,0,True
1732933883,21297528,6456250542964961138225472171852,88013,36,180,180,0,True
1732933895,21297529,6456250542964961138225472171852,88013,36,180,180,0,True
1732933907,21297530,6456250542964961138225472171852,88013,36,180,180,0,True
1732933919,21297531,6456250542964961138225472171852,88013,36,180,180,0,True
1732933931,21297532,6456250542964961138225472171852,88013,36,180,180,0,True
1732933943,21297533,6456250542964961138225472171852,88013,36,180,180,0,True
1732933955,21297534,6456250542964961138225472171852,88013,36,180,180,0,True
1732933967,21297535,6456250542964961138225472171852,88013,36,180,180,0,True
1732933979,21297536,6456250542964961138225472171852,88013,36,180,180,0,True
1732933991,21297537,6456250542964961138225472171852,88013,36,180,180,0,True
1732934003,21297538,6456250542964961138225472171852,88013,36,180,180,0,True
1732934015,21297539,6456250542964961138225472171852,88013,36,180,180,0,True
1732934027,21297540,6456250542964961138225472171852,88013,36,180,180,0,True
1732934039,21297541,6456250542964961138225472171852,88013,36,180,180,0,True
1732934051,21297542,6456250542964961138225472171852,88013,36,180,180,0,True
1732934063,21297543,6456250542964961138225472171852,88013,36,180,180,0,True
1732934075,21297544,6456250542964961138225472171852,88013,36,180,180,0,True
1732934087,21297545,6456250542964961138225472171852,88013,36,180,180,0,True
1732934099,21297546,6461521544242602193197279617372,88030,37,180,180,0,True
1732934111,21297547,6461521544242602193197279617372,88030,37,180,180,0,True
1732934123,21297548,6461521544242602193197279617372,88030,37,180,180,0,True
1732934135,21297549,6461521544242602193197279617372,88030,37,180,180,0,True
1732934147,21297550,6461521544242602193197279617372,88030,37,180,180,0,True
1732934159,21297551,6461521544242602193197279617372,88030,37,180,180,0,True
1732934171,21297552,6461521544242602193197279617372,88030,37,180,180,0,True
1732934183,21297553,6461521544242602193197279617372,88030,37,180,180,0,True
1732934195,21297554,6461521544242602193197279617372,88030,37,180,180,0,True
1732934207,21297555,6461521544242602193197279617372,88030,37,180,180,0,True
1732934219,21297556,6461521544242602193197279617372,88030,37,180,180,0,True
1732934231,21297557,6469854265202680526460507273038,88055,38,180,180,0,True
1732934243,21297558,6469854265202680526460507273038,88055,38,180,180,0,True
1732934255,21297559,6477585623111404968395261507611,88079,39,180,180,0,True
1732934267,21297560,6477585623111404968395261507611,88079,39,180,180,0,True
1732934279,21297561,6489280532942443569090198967941,88115,40,180,180,0,True
1732934291,21297562,6489280532942443569090198967941,88115,40,180,180,0,True
1732934303,21297563,6489280532942443569090198967941,88115,40,180,180,0,True
1732934315,21297564,6489280532942443569090198967941,88115,40,180,180,0,True
1732934327,21297565,6489280532942443569090198967941,88115,40,180,180,0,True
1732934339,21297566,6489280532942443569090198967941,88115,40,180,180,0,True
1732934351,21297567,6489280532942443569090198967941,88115,40,180,180,0,True
1732934363,21297568,6489280532942443569090198967941,88115,40,180,180,0,True
1732934375,21297569,6489280532942443569090198967941,88115,40,180,180,0,True
1732934387,21297570,6489280532942443569090198967941,88115,40,180,180,0,True
1732934399,21297571,6489280532942443569090198967941,88115,40,180,180,0,True
1732934411,21297572,6489280532942443569090198967941,88115,40,180,180,0,True
1732934423,21297573,6489280532942443569090198967941,88115,40,180,180,0,True
1732934435,21297574,6489280532942443569090198967941,88115,40,180,180,0,True
1732934447,21297575,6489280532942443569090198967941,88115,40,180,180,0,True
1732934459,21297576,6489280532942443569090198967941,88115,40,180,180,0,True
1732934471,21297577,6489280532942443569090198967941,88115,40,180,180,0,True
1732934483,21297578,6489280532942443569090198967941,88115,40,180,180,0,True
1732934495,21297579,6489280532942443569090198967941,88115,40,180,180,0,True
1732934507,21297580,6489280532942443569090198967941,88115,40,180,180,0,True
1732934519,21297581,6489280532942443569090198967941,88115,40,180,180,0,True
1732934531,21297582,6482106309187137955058997451007,88093,41,180,180,0,True
1732934543,21297583,6482106309187137955058997451007,88093,41,180,180,0,True
1732934555,21297584,6482106309187137955058997451007,88093,41,180,180,0,True
1732934567,21297585,6482106309187137955058997451007,88093,41,180,180,0,True
1732934579,21297586,6482106309187137955058997451007,88093,41,180,180,0,True
1732934591,21297587,6482106309187137955058997451007,88093,41,180,180,0,True
1732934603,21297588,6482106309187137955058997451007,88093,41,180,180,0,True
1732934615,21297589,6482106309187137955058997451007,88093,41,180,180,0,True
1732934627,21297590,6482106309187137955058997451007,88093,41,180,180,0,True
1732934639,21297591,6482106309187137955058997451007,88093,41,180,180,0,True
1732934651,21297592,6482106309187137955058997451007,88093,41,180,180,0,True
1732934663,21297593,6482106309187137955058997451007,88093,41,180,180,0,True
1732934675,21297594,6475811464542190107977085844298,88074,42,180,180,0,True
1732934687,21297595,6475811464542190107977085844298,88074,42,180,180,0,True
1732934699,21297596,6475811464542190107977085844298,88074,42,180,180,0,True
1732934711,21297597,6475811464542190107977085844298,88074,42,180,180,0,True
1732934723,21297598,6475811464542190107977085844298,88074,42,180,180,0,True
1732934735,21297599,6475811464542190107977085844298,88074,42,180,180,0,True
1732934747,21297600,6469428671620002535253187151232,88054,43,180,180,0,True
1732934759,21297601,6469428671620002535253187151232,88054,43,180,180,0,True
1732934771,21297602,6469428671620002535253187151232,88054,43,180,180,0,True
1732934783,21297603,6469428671620002535253187151232,88054,43,180,180,0,True
1732934795,21297604,6469428671620002535253187151232,88054,43,180,180,0,True
1732934807,21297605,6469428671620002535253187151232,88054,43,180,180,0,True
1732934819,21297606,6469428671620002535253187151232,88054,43,180,180,0,True
1732934831,21297607,6469428671620002535253187151232,88054,43,180,180,0,True
1732934843,21297608,6469428671620002535253187151232,88054,43,180,180,0,True
1732934855,21297609,6469428671620002535253187151232,88054,43,180,180,0,True
1732934867,21297610,6469428671620002535253187151232,88054,43,180,180,0,True
1732934879,21297611,6469428671620002535253187151232,88054,43,180,180,0,True
1732934891,21297612,6469428671620002535253187151232,88054,43,180,180,0,True
1732934903,21297613,6469428671620002535253187151232,88054,43,180,180,0,True
1732934915,21297614,6469428671620002535253187151232,88054,43,180,180,0,True
1732934927,21297615,6469428671620002535253187151232,88054,43,180,180,0,True
1732934939,21297616,6469428671620002535253187151232,88054,43,180,180,0,True
1732934951,21297617,6469428671620002535253187151232,88054,43,180,180,0,True
1732934963,21297618,6469428671620002535253187151232,88054,43,180,180,0,True
1732934975,21297619,6469428671620002535253187151232,88054,43,180,180,0,True
1732934987,21297620,6469428671620002535253187151232,88054,43,180,180,0,True
1732934999,21297621,6469428671620002535253187151232,88054,43,180,180,0,True
1732935011,21297622,6469428671620002535253187151232,88054,43,180,180,0,True
1732935023,21297623,6469428671620002535253187151232,88054,43,180,180,0,True
1732935035,21297624,6469428671620002535253187151232,88054,43,180,180,0,True
1732935047,21297625,6469428671620002535253187151232,88054,43,180,180,0,True
1732935059,21297626,6469428671620002535253187151232,88054,43,180,180,0,True
1732935071,21297627,6469428671620002535253187151232,88054,43,180,180,0,True
1732935083,21297628,6469428671620002535253187151232,88054,43,180,180,0,True
1732935095,21297629,6469428671620002535253187151232,88054,43,180,180,0,True
1732935107,21297630,6467132065536850484631419612756,88047,44,180,180,0,True
1732935119,21297631,6467132065536850484631419612756,88047,44,180,180,0,True
1732935131,21297632,6467132065536850484631419612756,88047,44,180,180,0,True
1732935143,21297633,6467132065536850484631419612756,88047,44,180,180,0,True
1732935155,21297634,6467132065536850484631419612756,88047,44,180,180,0,True
1732935167,21297635,6467132065536850484631419612756,88047,44,180,180,0,True
1732935179,21297636,6467132065536850484631419612756,88047,44,180,180,0,True
1732935191,21297637,6467132065536850484631419612756,88047,44,180,180,0,True
1732935203,21297638,6467132065536850484631419612756,88047,44,180,180,0,True
1732935215,21297639,6467132065536850484631419612756,88047,44,180,180,0,True
1732935227,21297640,6467132065536850484631419612756,88047,44,180,180,0,True
1732935239,21297641,6467132065536850484631419612756,88047,44,180,180,0,True
1732935251,21297642,6467132065536850484631419612756,88047,44,180,180,0,True
1732935263,21297643,6463004175937638138455463656429,88034,45,180,180,0,True
1732935275,21297644,6463004175937638138455463656429,88034,45,180,180,0,True
1732935287,21297645,6463004175937638138455463656429,88034,45,180,180,0,True
1732935299,21297646,6463004175937638138455463656429,88034,45,180,180,0,True
1732935311,21297647,6463004175937638138455463656429,88034,45,180,180,0,True
1732935323,21297648,6459051749766890258266165422491,88022,46,180,180,0,True
1732935335,21297649,6459051749766890258266165422491,88022,46,180,180,0,True
1732935347,21297650,6459051749766890258266165422491,88022,46,180,180,0,True
1732935359,21297651,6459051749766890258266165422491,88022,46,180,180,0,True
1732935371,21297652,6459051749766890258266165422491,88022,46,180,180,0,True
1732935383,21297653,6459051749766890258266165422491,88022,46,180,180,0,True
1732935395,21297654,6443757342296747005994024983322,87975,47,180,180,0,True
1732935407,21297655,6443757342296747005994024983322,87975,47,180,180,0,True
1732935419,21297656,6443757342296747005994024983322,87975,47,180,180,0,True
1732935443,21297657,6443757342296747005994024983322,87975,47,180,180,0,True
1732935455,21297658,6443757342296747005994024983322,87975,47,180,180,0,True
1732935467,21297659,6443757342296747005994024983322,87975,47,180,180,0,True
1732935479,21297660,6443757342296747005994024983322,87975,47,180,180,0,True
1732935491,21297661,6443757342296747005994024983322,87975,47,180,180,0,True
1732935503,21297662,6443757342296747005994024983322,87975,47,180,180,0,True
1732935515,21297663,6443757342296747005994024983322,87975,47,180,180,0,True
1732935527,21297664,6443757342296747005994024983322,87975,47,180,180,0,True
1732935539,21297665,6443757342296747005994024983322,87975,47,180,180,0,True
1732935551,21297666,6443757342296747005994024983322,87975,47,180,180,0,True
1732935563,21297667,6443757342296747005994024983322,87975,47,180,180,0,True
1732935575,21297668,6443757342296747005994024983322,87975,47,180,180,0,True
1732935587,21297669,6443757342296747005994024983322,87975,47,180,180,0,True
1732935599,21297670,6443757342296747005994024983322,87975,47,180,180,0,True
1732935611,21297671,6443757342296747005994024983322,87975,47,180,180,0,True
1732935623,21297672,6443757342296747005994024983322,87975,47,180,180,0,True
1732935635,21297673,6443757342296747005994024983322,87975,47,180,180,0,True
1732935647,21297674,6443757342296747005994024983322,87975,47,180,180,0,True
1732935659,21297675,6443757342296747005994024983322,87975,47,180,180,0,True
1732935671,21297676,6443757342296747005994024983322,87975,47,180,180,0,True
1732935683,21297677,6443757342296747005994024983322,87975,47,180,180,0,True
1732935695,21297678,6443757342296747005994024983322,87975,47,180,180,0,True
1732935707,21297679,6443757342296747005994024983322,87975,47,180,180,0,True
1732935719,21297680,6443757342296747005994024983322,87975,47,180,180,0,True
1732935731,21297681,6443757342296747005994024983322,87975,47,180,180,0,True
1732935743,21297682,6443757342296747005994024983322,87975,47,180,180,0,True
1732935755,21297683,6443757342296747005994024983322,87975,47,180,180,0,True
1732935767,21297684,6443757342296747005994024983322,87975,47,180,180,0,True
1732935779,21297685,6443757342296747005994024983322,87975,47,180,180,0,True
1732935791,21297686,6443757342296747005994024983322,87975,47,180,180,0,True
1732935803,21297687,6443757342296747005994024983322,87975,47,180,180,0,True
1732935815,21297688,6443757342296747005994024983322,87975,47,180,180,0,True
1732935827,21297689,6443757342296747005994024983322,87975,47,180,180,0,True
1732935839,21297690,6443757342296747005994024983322,87975,47,180,180,0,True
1732935851,21297691,6443757342296747005994024983322,87975,47,180,180,0,True
1732935863,21297692,6443757342296747005994024983322,87975,47,180,180,0,True
1732935875,21297693,6443757342296747005994024983322,87975,47,180,180,0,True
1732935887,21297694,6443757342296747005994024983322,87975,47,180,180,0,True
1732935899,21297695,6443757342296747005994024983322,87975,47,180,180,0,True
1732935911,21297696,6443757342296747005994024983322,87975,47,180,180,0,True
1732935923,21297697,6443757342296747005994024983322,87975,47,180,180,0,True
1732935935,21297698,6443757342296747005994024983322,87975,47,180,180,0,True
1732935947,21297699,6443757342296747005994024983322,87975,47,180,180,0,True
1732935971,21297700,6443757342296747005994024983322,87975,47,180,180,0,True
1732935983,21297701,6443757342296747005994024983322,87975,47,180,180,0,True
1732935995,21297702,6443757342296747005994024983322,87975,47,180,180,0,True
1732936007,21297703,6443757342296747005994024983322,87975,47,180,180,0,True
1732936019,21297704,6443757342296747005994024983322,87975,47,180,180,0,True
1732936031,21297705,6443757342296747005994024983322,87975,47,180,180,0,True
1732936043,21297706,6443757342296747005994024983322,87975,47,180,180,0,True
1732936055,21297707,6443757342296747005994024983322,87975,47,180,180,0,True
1732936067,21297708,6443757342296747005994024983322,87975,47,180,180,0,True
1732936079,21297709,6443757342296747005994024983322,87975,47,180,180,0,True
1732936091,21297710,6448372112350576056992305425910,87989,48,180,180,0,True
1732936103,21297711,6448372112350576056992305425910,87989,48,180,180,0,True
1732936115,21297712,6448372112350576056992305425910,87989,48,180,180,0,True
1732936127,21297713,6448372112350576056992305425910,87989,48,180,180,0,True
1732936139,21297714,6448372112350576056992305425910,87989,48,180,180,0,True
1732936151,21297715,6448372112350576056992305425910,87989,48,180,180,0,True
1732936163,21297716,6448372112350576056992305425910,87989,48,180,180,0,True
1732936175,21297717,6448372112350576056992305425910,87989,48,180,180,0,True
1732936187,21297718,6448372112350576056992305425910,87989,48,180,180,0,True
1732936199,21297719,6448372112350576056992305425910,87989,48,180,180,0,True
1732936211,21297720,6448372112350576056992305425910,87989,48,180,180,0,True
1732936223,21297721,6448372112350576056992305425910,87989,48,180,180,0,True
1732936235,21297722,6448372112350576056992305425910,87989,48,180,180,0,True
1732936247,21297723,6448372112350576056992305425910,87989,48,180,180,0,True
1732936259,21297724,6448372112350576056992305425910,87989,48,180,180,0,True
1732936271,21297725,6448372112350576056992305425910,87989,48,180,180,0,True
1732936283,21297726,6448372112350576056992305425910,87989,48,180,180,0,True
1732936295,21297727,6448372112350576056992305425910,87989,48,180,180,0,True
1732936307,21297728,6448372112350576056992305425910,87989,48,180,180,0,True
1732936319,21297729,6448372112350576056992305425910,87989,48,180,180,0,True
1732936331,21297730,6448372112350576056992305425910,87989,48,180,180,0,True
1732936343,21297731,6448372112350576056992305425910,87989,48,180,180,0,True
1732936355,21297732,6448372112350576056992305425910,87989,48,180,180,0,True
1732936367,21297733,6448372112350576056992305425910,87989,48,180,180,0,True
1732936379,21297734,6448372112350576056992305425910,87989,48,180,180,0,True
1732936391,21297735,6448372112350576056992305425910,87989,48,180,180,0,True
1732936403,21297736,6448372112350576056992305425910,87989,48,180,180,0,True
1732936415,21297737,6444137995132518813198222881291,87976,49,180,180,0,True
1732936427,21297738,6444137995132518813198222881291,87976,49,180,180,0,True
1732936439,21297739,6444137995132518813198222881291,87976,49,180,180,0,True
1732936451,21297740,6444137995132518813198222881291,87976,49,180,180,0,True
1732936463,21297741,6444137995132518813198222881291,87976,49,180,180,0,True
1732936475,21297742,6444137995132518813198222881291,87976,49,180,180,0,True
1732936487,21297743,6444137995132518813198222881291,87976,49,180,180,0,True
1732936499,21297744,6444137995132518813198222881291,87976,49,180,180,0,True
1732936511,21297745,6444137995132518813198222881291,87976,49,180,180,0,True
1732936523,21297746,6444137995132518813198222881291,87976,49,180,180,0,True
1732936535,21297747,6444137995132518813198222881291,87976,49,180,180,0,True
1732936547,21297748,6444137995132518813198222881291,87976,49,180,180,0,True
1732936559,21297749,6444137995132518813198222881291,87976,49,180,180,0,True
1732936571,21297750,6444137995132518813198222881291,87976,49,180,180,0,True
1732936583,21297751,6444137995132518813198222881291,87976,49,180,180,0,True
1732936595,21297752,6444137995132518813198222881291,87976,49,180,180,0,True
1732936607,21297753,6444137995132518813198222881291,87976,49,180,180,0,True
1732936619,21297754,6444137995132518813198222881291,87976,49,180,180,0,True
1732936631,21297755,6444137995132518813198222881291,87976,49,180,180,0,True
1732936643,21297756,6444137995132518813198222881291,87976,49,180,180,0,True
1732936655,21297757,6444137995132518813198222881291,87976,49,180,180,0,True
1732936667,21297758,6444137995132518813198222881291,87976,49,180,180,0,True
1732936679,21297759,6444137995132518813198222881291,87976,49,180,180,0,True
1732936691,21297760,6444137995132518813198222881291,87976,49,180,180,0,True
1732936703,21297761,6444137995132518813198222881291,87976,49,180,180,0,True
1732936715,21297762,6444137995132518813198222881291,87976,49,180,180,0,True
1732936727,21297763,6444137995132518813198222881291,87976,49,180,180,0,True
1732936739,21297764,6444137995132518813198222881291,87976,49,180,180,0,True
1732936751,21297765,6444137995132518813198222881291,87976,49,180,180,0,True
1732936763,21297766,6444137995132518813198222881291,87976,49,180,180,0,True
1732936775,21297767,6444137995132518813198222881291,87976,49,180,180,0,True
1732936787,21297768,6444137995132518813198222881291,87976,49,180,180,0,True
1732936799,21297769,6444137995132518813198222881291,87976,49,180,180,0,True
1732936811,21297770,6444137995132518813198222881291,87976,49,180,180,0,True
1732936823,21297771,6444137995132518813198222881291,87976,49,180,180,0,True
1732936835,21297772,6444137995132518813198222881291,87976,49,180,180,0,True
1732936847,21297773,6444137995132518813198222881291,87976,49,180,180,0,True
1732936859,21297774,6444137995132518813198222881291,87976,49,180,180,0,True
1732936871,21297775,6444137995132518813198222881291,87976,49,180,180,0,True
1732936883,21297776,6437040276236847225987212118238,87954,50,180,180,0,True
1732936895,21297777,6437040276236847225987212118238,87954,50,180,180,0,True
1732936907,21297778,6437040276236847225987212118238,87954,50,180,180,0,True
1732936919,21297779,6431983384671794156209607593979,87938,51,180,180,0,True
1732936931,21297780,6431983384671794156209607593979,87938,51,180,180,0,True
1732936943,21297781,6431983384671794156209607593979,87938,51,180,180,0,True
1732936955,21297782,6431983384671794156209607593979,87938,51,180,180,0,True
1732936967,21297783,6429731398949204289521155361623,87931,52,180,180,0,True
1732936979,21297784,6429731398949204289521155361623,87931,52,180,180,0,True
1732936991,21297785,6425951379790365070705136319418,87919,53,180,180,0,True
1732937003,21297786,6425951379790365070705136319418,87919,53,180,180,0,True
1732937015,21297787,6425951379790365070705136319418,87919,53,180,180,0,True
1732937027,21297788,6425951379790365070705136319418,87919,53,180,180,0,True
1732937039,21297789,6425951379790365070705136319418,87919,53,180,180,0,True
1732937051,21297790,6425951379790365070705136319418,87919,53,180,180,0,True
1732937063,21297791,6425951379790365070705136319418,87919,53,180,180,0,True
1732937075,21297792,6425951379790365070705136319418,87919,53,180,180,0,True
1732937087,21297793,6425951379790365070705136319418,87919,53,180,180,0,True
1732937099,21297794,6418627784797261780635365349925,87896,54,180,180,0,True
1732937111,21297795,6418627784797261780635365349925,87896,54,180,180,0,True
1732937123,21297796,6418627784797261780635365349925,87896,54,180,180,0,True
1732937135,21297797,6418627784797261780635365349925,87896,54,180,180,0,True
1732937147,21297798,6418627784797261780635365349925,87896,54,180,180,0,True
1732937159,21297799,6418627784797261780635365349925,87896,54,180,180,0,True
1732937171,21297800,6410056281386895927452195425698,87870,55,180,180,0,True
1732937183,21297801,6410056281386895927452195425698,87870,55,180,180,0,True
1732937195,21297802,6410056281386895927452195425698,87870,55,180,180,0,True
1732937207,21297803,6410056281386895927452195425698,87870,55,180,180,0,True
1732937219,21297804,6410056281386895927452195425698,87870,55,180,180,0,True
1732937231,21297805,6410056281386895927452195425698,87870,55,180,180,0,True
1732937243,21297806,6410056281386895927452195425698,87870,55,180,180,0,True
1732937255,21297807,6410056281386895927452195425698,87870,55,180,180,0,True
1732937267,21297808,6410056281386895927452195425698,87870,55,180,180,0,True
1732937279,21297809,6410056281386895927452195425698,87870,55,180,180,0,True
1732937291,21297810,6410056281386895927452195425698,87870,55,180,180,0,True
1732937303,21297811,6410056281386895927452195425698,87870,55,180,180,0,True
1732937315,21297812,6410056281386895927452195425698,87870,55,180,180,0,True
1732937327,21297813,6410056281386895927452195425698,87870,55,180,180,0,True
1732937339,21297814,6410056281386895927452195425698,87870,55,180,180,0,True
1732937363,21297815,6410056281386895927452195425698,87870,55,180,180,0,True
1732937375,21297816,6410056281386895927452195425698,87870,55,180,180,0,True
1732937387,21297817,6410056281386895927452195425698,87870,55,180,180,0,True
1732937399,21297818,6410056281386895927452195425698,87870,55,180,180,0,True
1732937411,21297819,6410056281386895927452195425698,87870,55,180,180,0,True
1732937423,21297820,6410056281386895927452195425698,87870,55,180,180,0,True
1732937435,21297821,6410056281386895927452195425698,87870,55,180,180,0,True
1732937447,21297822,6410056281386895927452195425698,87870,55,180,180,0,True
1732937459,21297823,6410056281386895927452195425698,87870,55,180,180,0,True
1732937471,21297824,6399062945472894671177446796882,87835,56,180,180,0,True
1732937483,21297825,6399062945472894671177446796882,87835,56,180,180,0,True
1732937495,21297826,6399062945472894671177446796882,87835,56,180,180,0,True
1732937507,21297827,6399062945472894671177446796882,87835,56,180,180,0,True
1732937519,21297828,6399062945472894671177446796882,87835,56,180,180,0,True
1732937531,21297829,6399062945472894671177446796882,87835,56,180,180,0,True
1732937543,21297830,6399062945472894671177446796882,87835,56,180,180,0,True
1732937555,21297831,6399062945472894671177446796882,87835,56,180,180,0,True
1732937567,21297832,6399062945472894671177446796882,87835,56,180,180,0,True
1732937579,21297833,6399062945472894671177446796882,87835,56,180,180,0,True
1732937591,21297834,6399062945472894671177446796882,87835,56,180,180,0,True
1732937603,21297835,6399062945472894671177446796882,87835,56,180,180,0,True
1732937615,21297836,6399872907916848711925095680876,87838,57,180,180,0,True
1732937627,21297837,6399872907916848711925095680876,87838,57,180,180,0,True
1732937639,21297838,6399872907916848711925095680876,87838,57,180,180,0,True
1732937651,21297839,6399872907916848711925095680876,87838,57,180,180,0,True
1732937663,21297840,6399872907916848711925095680876,87838,57,180,180,0,True
1732937675,21297841,6399872907916848711925095680876,87838,57,180,180,0,True
1732937687,21297842,6399872907916848711925095680876,87838,57,180,180,0,True
1732937699,21297843,6399872907916848711925095680876,87838,57,180,180,0,True
1732937711,21297844,6399872907916848711925095680876,87838,57,180,180,0,True
1732937723,21297845,6399872907916848711925095680876,87838,57,180,180,0,True
1732937735,21297846,6399872907916848711925095680876,87838,57,180,180,0,True
1732937747,21297847,6399872907916848711925095680876,87838,57,180,180,0,True
1732937759,21297848,6399872907916848711925095680876,87838,57,180,180,0,True
1732937771,21297849,6399872907916848711925095680876,87838,57,180,180,0,True
1732937783,21297850,6399872907916848711925095680876,87838,57,180,180,0,True
1732937795,21297851,6399872907916848711925095680876,87838,57,180,180,0,True
1732937807,21297852,6399872907916848711925095680876,87838,57,180,180,0,True
1732937819,21297853,6399872907916848711925095680876,87838,57,180,180,0,True
1732937831,21297854,6399872907916848711925095680876,87838,57,180,180,0,True
1732937843,21297855,6404694081186616191905314943863,87853,58,180,180,0,True
1732937855,21297856,6404694081186616191905314943863,87853,58,180,180,0,True
1732937867,21297857,6404694081186616191905314943863,87853,58,180,180,0,True
1732937879,21297858,6404694081186616191905314943863,87853,58,180,180,0,True
1732937891,21297859,6404694081186616191905314943863,87853,58,180,180,0,True
1732937903,21297860,6404694081186616191905314943863,87853,58,180,180,0,True
1732937915,21297861,6404694081186616191905314943863,87853,58,180,180,0,True
1732937927,21297862,6404694081186616191905314943863,87853,58,180,180,0,True
1732937939,21297863,6404694081186616191905314943863,87853,58,180,180,0,True
1732937951,21297864,6404694081186616191905314943863,87853,58,180,180,0,True
1732937963,21297865,6404694081186616191905314943863,87853,58,180,180,0,True
1732937975,21297866,6404694081186616191905314943863,87853,58,180,180,0,True
1732937987,21297867,6404694081186616191905314943863,87853,58,180,180,0,True
1732937999,21297868,6404694081186616191905314943863,87853,58,180,180,0,True
1732938011,21297869,6404694081186616191905314943863,87853,58,180,180,0,True
1732938023,21297870,6404694081186616191905314943863,87853,58,180,180,0,True
1732938035,21297871,6404694081186616191905314943863,87853,58,180,180,0,True
1732938047,21297872,6404694081186616191905314943863,87853,58,180,180,0,True
1732938059,21297873,6404694081186616191905314943863,87853,58,180,180,0,True
1732938071,21297874,6404694081186616191905314943863,87853,58,180,180,0,True
1732938083,21297875,6404694081186616191905314943863,87853,58,180,180,0,True
1732938095,21297876,6404694081186616191905314943863,87853,58,180,180,0,True
1732938107,21297877,6404694081186616191905314943863,87853,58,180,180,0,True
1732938119,21297878,6404694081186616191905314943863,87853,58,180,180,0,True
1732938131,21297879,6404694081186616191905314943863,87853,58,180,180,0,True
1732938143,21297880,6404694081186616191905314943863,87853,58,180,180,0,True
1732938155,21297881,6404694081186616191905314943863,87853,58,180,180,0,True
1732938167,21297882,6404694081186616191905314943863,87853,58,180,180,0,True
1732938179,21297883,6404694081186616191905314943863,87853,58,180,180,0,True
1732938191,21297884,6404694081186616191905314943863,87853,58,180,180,0,True
1732938203,21297885,6404694081186616191905314943863,87853,58,180,180,0,True
1732938215,21297886,6404694081186616191905314943863,87853,58,180,180,0,True
1732938227,21297887,6404694081186616191905314943863,87853,58,180,180,0,True
1732938239,21297888,6404694081186616191905314943863,87853,58,180,180,0,True
1732938251,21297889,6404694081186616191905314943863,87853,58,180,180,0,True
1732938263,21297890,6404694081186616191905314943863,87853,58,180,180,0,True
1732938275,21297891,6404694081186616191905314943863,87853,58,180,180,0,True
1732938287,21297892,6404694081186616191905314943863,87853,58,180,180,0,True
1732938299,21297893,6404694081186616191905314943863,87853,58,180,180,0,True
1732938311,21297894,6404694081186616191905314943863,87853,58,180,180,0,True
1732938323,21297895,6404694081186616191905314943863,87853,58,180,180,0,True
1732938335,21297896,6404694081186616191905314943863,87853,58,180,180,0,True
1732938347,21297897,6404694081186616191905314943863,87853,58,180,180,0,True
1732938359,21297898,6404694081186616191905314943863,87853,58,180,180,0,True
1732938371,21297899,6404694081186616191905314943863,87853,58,180,180,0,True
1732938383,21297900,6404694081186616191905314943863,87853,58,180,180,0,True
1732938395,21297901,6404694081186616191905314943863,87853,58,180,180,0,True
1732938407,21297902,6404694081186616191905314943863,87853,58,180,180,0,True
1732938419,21297903,6404694081186616191905314943863,87853,58,180,180,0,True
1732938431,21297904,6404694081186616191905314943863,87853,58,180,180,0,True
1732938443,21297905,6404694081186616191905314943863,87853,58,180,180,0,True
1732938455,21297906,6404694081186616191905314943863,87853,58,180,180,0,True
1732938467,21297907,6404694081186616191905314943863,87853,58,180,180,0,True
1732938479,21297908,6404694081186616191905314943863,87853,58,180,180,0,True
1732938491,21297909,6404694081186616191905314943863,87853,58,180,180,0,True
1732938503,21297910,6409136831627147171401429794889,87867,59,180,180,0,True
1732938515,21297911,6409136831627147171401429794889,87867,59,180,180,0,True
1732938527,21297912,6409136831627147171401429794889,87867,59,180,180,0,True
1732938539,21297913,6409136831627147171401429794889,87867,59,180,180,0,True
1732938551,21297914,6409136831627147171401429794889,87867,59,180,180,0,True
1732938563,21297915,6409136831627147171401429794889,87867,59,180,180,0,True
1732938575,21297916,6413143520057995409626128459189,87879,60,180,180,0,True
1732938587,21297917,6413143520057995409626128459189,87879,60,180,180,0,True
1732938599,21297918,6416555231060486317571595344664,87890,61,180,180,0,True
1732938611,21297919,6416555231060486317571595344664,87890,61,180,180,0,True
1732938623,21297920,6422339392312188520605745031129,87908,62,180,180,0,True
1732938635,21297921,6422339392312188520605745031129,87908,62,180,180,0,True
1732938647,21297922,6422339392312188520605745031129,87908,62,180,180,0,True
1732938659,21297923,6422339392312188520605745031129,87908,62,180,180,0,True
1732938671,21297924,6422339392312188520605745031129,87908,62,180,180,0,True
1732938683,21297925,6422339392312188520605745031129,87908,62,180,180,0,True
1732938695,21297926,6422339392312188520605745031129,87908,62,180,180,0,True
1732938707,21297927,6422339392312188520605745031129,87908,62,180,180,0,True
1732938719,21297928,6422339392312188520605745031129,87908,62,180,180,0,True
1732938731,21297929,6422339392312188520605745031129,87908,62,180,180,0,True
1732938743,21297930,6422339392312188520605745031129,87908,62,180,180,0,True
1732938755,21297931,6422339392312188520605745031129,87908,62,180,180,0,True
1732938767,21297932,6422339392312188520605745031129,87908,62,180,180,0,True
1732938779,21297933,6422339392312188520605745031129,87908,62,180,180,0,True
1732938791,21297934,6422339392312188520605745031129,87908,62,180,180,0,True
1732938803,21297935,6422339392312188520605745031129,87908,62,180,180,0,True
1732938815,21297936,6422339392312188520605745031129,87908,62,180,180,0,True
1732938827,21297937,6422339392312188520605745031129,87908,62,180,180,0,True
1732938839,21297938,6422339392312188520605745031129,87908,62,180,180,0,True
1732938851,21297939,6422339392312188520605745031129,87908,62,180,180,0,True
1732938863,21297940,6422339392312188520605745031129,87908,62,180,180,0,True
1732938875,21297941,6422339392312188520605745031129,87908,62,180,180,0,True
1732938887,21297942,6422339392312188520605745031129,87908,62,180,180,0,True
1732938899,21297943,6428754512073806370637046874112,87928,63,180,180,0,True
1732938911,21297944,6428754512073806370637046874112,87928,63,180,180,0,True
1732938923,21297945,6428754512073806370637046874112,87928,63,180,180,0,True
1732938935,21297946,6428754512073806370637046874112,87928,63,180,180,0,True
1732938947,21297947,6428754512073806370637046874112,87928,63,180,180,0,True
1732938959,21297948,6428754512073806370637046874112,87928,63,180,180,0,True
1732938971,21297949,6428754512073806370637046874112,87928,63,180,180,0,True
1732938983,21297950,6428754512073806370637046874112,87928,63,180,180,0,True
1732938995,21297951,6428754512073806370637046874112,87928,63,180,180,0,True
1732939007,21297952,6428754512073806370637046874112,87928,63,180,180,0,True
1732939019,21297953,6428754512073806370637046874112,87928,63,180,180,0,True
1732939031,21297954,6434556186656592624987256732159,87946,64,180,180,0,True
1732939043,21297955,6434556186656592624987256732159,87946,64,180,180,0,True
1732939055,21297956,6434556186656592624987256732159,87946,64,180,180,0,True
1732939067,21297957,6434556186656592624987256732159,87946,64,180,180,0,True
1732939079,21297958,6434556186656592624987256732159,87946,64,180,180,0,True
1732939091,21297959,6434556186656592624987256732159,87946,64,180,180,0,True
1732939103,21297960,6434556186656592624987256732159,87946,64,180,180,0,True
1732939115,21297961,6434556186656592624987256732159,87946,64,180,180,0,True
1732939127,21297962,6434556186656592624987256732159,87946,64,180,180,0,True
1732939139,21297963,6434556186656592624987256732159,87946,64,180,180,0,True
1732939151,21297964,6434556186656592624987256732159,87946,64,180,180,0,True
1732939163,21297965,6441809163020285038214740955307,87969,65,180,180,0,True
1732939175,21297966,6441809163020285038214740955307,87969,65,180,180,0,True
1732939187,21297967,6441809163020285038214740955307,87969,65,180,180,0,True
1732939199,21297968,6441809163020285038214740955307,87969,65,180,180,0,True
1732939211,21297969,6441809163020285038214740955307,87969,65,180,180,0,True
1732939223,21297970,6441809163020285038214740955307,87969,65,180,180,0,True
1732939235,21297971,6441809163020285038214740955307,87969,65,180,180,0,True
1732939247,21297972,6441809163020285038214740955307,87969,65,180,180,0,True
1732939259,21297973,6441809163020285038214740955307,87969,65,180,180,0,True
1732939271,21297974,6441809163020285038214740955307,87969,65,180,180,0,True
1732939283,21297975,6441809163020285038214740955307,87969,65,180,180,0,True
1732939295,21297976,6441809163020285038214740955307,87969,65,180,180,0,True
1732939307,21297977,6441809163020285038214740955307,87969,65,180,180,0,True
1732939319,21297978,6441809163020285038214740955307,87969,65,180,180,0,True
1732939331,21297979,6446896329072299961237460571502,87984,66,180,180,0,True
1732939343,21297980,6446896329072299961237460571502,87984,66,180,180,0,True
1732939355,21297981,6446896329072299961237460571502,87984,66,180,180,0,True
1732939367,21297982,6446896329072299961237460571502,87984,66,180,180,0,True
1732939379,21297983,6446896329072299961237460571502,87984,66,180,180,0,True
1732939391,21297984,6446896329072299961237460571502,87984,66,180,180,0,True
1732939403,21297985,6446896329072299961237460571502,87984,66,180,180,0,True
1732939415,21297986,6446896329072299961237460571502,87984,66,180,180,0,True
1732939427,21297987,6446896329072299961237460571502,87984,66,180,180,0,True
1732939439,21297988,6446896329072299961237460571502,87984,66,180,180,0,True
1732939451,21297989,6446896329072299961237460571502,87984,66,180,180,0,True
1732939463,21297990,6446896329072299961237460571502,87984,66,180,180,0,True
1732939475,21297991,6446896329072299961237460571502,87984,66,180,180,0,True
1732939487,21297992,6446896329072299961237460571502,87984,66,180,180,0,True
1732939499,21297993,6446896329072299961237460571502,87984,66,180,180,0,True
1732939511,21297994,6446896329072299961237460571502,87984,66,180,180,0,True
1732939523,21297995,6446896329072299961237460571502,87984,66,180,180,0,True
1732939535,21297996,6446896329072299961237460571502,87984,66,180,180,0,True
1732939547,21297997,6446896329072299961237460571502,87984,66,180,180,0,True
1732939559,21297998,6446896329072299961237460571502,87984,66,180,180,0,True
1732939571,21297999,6446896329072299961237460571502,87984,66,180,180,0,True
1732939583,21298000,6446896329072299961237460571502,87984,66,180,180,0,True
1732939595,21298001,6446896329072299961237460571502,87984,66,180,180,0,True
1732939607,21298002,6446896329072299961237460571502,87984,66,180,180,0,True
1732939619,21298003,6446896329072299961237460571502,87984,66,180,180,0,True
1732939631,21298004,6446896329072299961237460571502,87984,66,180,180,0,True
1732939643,21298005,6446896329072299961237460571502,87984,66,180,180,0,True
1732939655,21298006,6446896329072299961237460571502,87984,66,180,180,0,True
1732939667,21298007,6446896329072299961237460571502,87984,66,180,180,0,True
1732939679,21298008,6446896329072299961237460571502,87984,66,180,180,0,True
1732939691,21298009,6446896329072299961237460571502,87984,66,180,180,0,True
1732939703,21298010,6446896329072299961237460571502,87984,66,180,180,0,True
1732939715,21298011,6446896329072299961237460571502,87984,66,180,180,0,True
1732939727,21298012,6446896329072299961237460571502,87984,66,180,180,0,True
1732939739,21298013,6446896329072299961237460571502,87984,66,180,180,0,True
1732939751,21298014,6446896329072299961237460571502,87984,66,180,180,0,True
1732939763,21298015,6446896329072299961237460571502,87984,66,180,180,0,True
1732939775,21298016,6446896329072299961237460571502,87984,66,180,180,0,True
1732939787,21298017,6446896329072299961237460571502,87984,66,180,180,0,True
1732939799,21298018,6446896329072299961237460571502,87984,66,180,180,0,True
1732939811,21298019,6446896329072299961237460571502,87984,66,180,180,0,True
1732939823,21298020,6446896329072299961237460571502,87984,66,180,180,0,True
1732939835,21298021,6446896329072299961237460571502,87984,66,180,180,0,True
1732939847,21298022,6446896329072299961237460571502,87984,66,180,180,0,True
1732939859,21298023,6446896329072299961237460571502,87984,66,180,180,0,True
1732939871,21298024,6446896329072299961237460571502,87984,66,180,180,0,True
1732939883,21298025,6446896329072299961237460571502,87984,66,180,180,0,True
1732939895,21298026,6446896329072299961237460571502,87984,66,180,180,0,True
1732939907,21298027,6446896329072299961237460571502,87984,66,180,180,0,True
1732939919,21298028,6446896329072299961237460571502,87984,66,180,180,0,True
1732939931,21298029,6446896329072299961237460571502,87984,66,180,180,0,True
1732939943,21298030,6446896329072299961237460571502,87984,66,180,180,0,True
1732939955,21298031,6446896329072299961237460571502,87984,66,180,180,0,True
1732939967,21298032,6446896329072299961237460571502,87984,66,180,180,0,True
1732939979,21298033,6451647702161896574714410953693,87999,67,180,180,0,True
1732939991,21298034,6451647702161896574714410953693,87999,67,180,180,0,True
1732940003,21298035,6451647702161896574714410953693,87999,67,180,180,0,True
1732940015,21298036,6451647702161896574714410953693,87999,67,180,180,0,True
1732940027,21298037,6451647702161896574714410953693,87999,67,180,180,0,True
1732940039,21298038,6451647702161896574714410953693,87999,67,180,180,0,True
1732940051,21298039,6451647702161896574714410953693,87999,67,180,180,0,True
1732940063,21298040,6451647702161896574714410953693,87999,67,180,180,0,True
1732940075,21298041,6451647702161896574714410953693,87999,67,180,180,0,True
1732940087,21298042,6457868702071989422648305294805,88018,68,180,180,0,True
1732940099,21298043,6457868702071989422648305294805,88018,68,180,180,0,True
1732940111,21298044,6457868702071989422648305294805,88018,68,180,180,0,True
1732940123,21298045,6463727719889372741177738514559,88036,69,180,180,0,True
1732940135,21298046,6463727719889372741177738514559,88036,69,180,180,0,True
1732940147,21298047,6468847738495837043326928628234,88052,70,180,180,0,True
1732940159,21298048,6468847738495837043326928628234,88052,70,180,180,0,True
1732940171,21298049,6478488221827320776675520875883,88082,71,180,180,0,True
1732940183,21298050,6478488221827320776675520875883,88082,71,180,180,0,True
1732940207,21298051,6485127948297607417539341957487,88103,72,180,180,0,True
1732940219,21298052,6485127948297607417539341957487,88103,72,180,180,0,True
1732940231,21298053,6485127948297607417539341957487,88103,72,180,180,0,True
1732940243,21298054,6485127948297607417539341957487,88103,72,180,180,0,True
1732940255,21298055,6485127948297607417539341957487,88103,72,180,180,0,True
1732940267,21298056,6485127948297607417539341957487,88103,72,180,180,0,True
1732940279,21298057,6485127948297607417539341957487,88103,72,180,180,0,True
1732940291,21298058,6485127948297607417539341957487,88103,72,180,180,0,True
1732940303,21298059,6485127948297607417539341957487,88103,72,180,180,0,True
1732940315,21298060,6485127948297607417539341957487,88103,72,180,180,0,True
1732940327,21298061,6485127948297607417539341957487,88103,72,180,180,0,True
1732940339,21298062,6485127948297607417539341957487,88103,72,180,180,0,True
1732940351,21298063,6485127948297607417539341957487,88103,72,180,180,0,True
1732940363,21298064,6485127948297607417539341957487,88103,72,180,180,0,True
1732940375,21298065,6485127948297607417539341957487,88103,72,180,180,0,True
1732940387,21298066,6485127948297607417539341957487,88103,72,180,180,0,True
1732940399,21298067,6485127948297607417539341957487,88103,72,180,180,0,True
1732940411,21298068,6485127948297607417539341957487,88103,72,180,180,0,True
1732940423,21298069,6485127948297607417539341957487,88103,72,180,180,0,True
1732940435,21298070,6485127948297607417539341957487,88103,72,180,180,0,True
1732940447,21298071,6485127948297607417539341957487,88103,72,180,180,0,True
1732940459,21298072,6485127948297607417539341957487,88103,72,180,180,0,True
1732940471,21298073,6485127948297607417539341957487,88103,72,180,180,0,True
1732940483,21298074,6485127948297607417539341957487,88103,72,180,180,0,True
1732940495,21298075,6485127948297607417539341957487,88103,72,180,180,0,True
1732940507,21298076,6491120388316933366929113239068,88121,73,180,180,0,True
1732940519,21298077,6491120388316933366929113239068,88121,73,180,180,0,True
1732940531,21298078,6491120388316933366929113239068,88121,73,180,180,0,True
1732940543,21298079,6491120388316933366929113239068,88121,73,180,180,0,True
1732940555,21298080,6491120388316933366929113239068,88121,73,180,180,0,True
1732940567,21298081,6491120388316933366929113239068,88121,73,180,180,0,True
1732940591,21298082,6491120388316933366929113239068,88121,73,180,180,0,True
1732940603,21298083,6491120388316933366929113239068,88121,73,180,180,0,True
1732940615,21298084,6491120388316933366929113239068,88121,73,180,180,0,True
1732940627,21298085,6491120388316933366929113239068,88121,73,180,180,0,True
1732940639,21298086,6491120388316933366929113239068,88121,73,180,180,0,True
1732940651,21298087,6491120388316933366929113239068,88121,73,180,180,0,True
1732940663,21298088,6491120388316933366929113239068,88121,73,180,180,0,True
1732940675,21298089,6491120388316933366929113239068,88121,73,180,180,0,True
1732940687,21298090,6485197101152333467579419932659,88103,74,180,180,0,True
1732940699,21298091,6485197101152333467579419932659,88103,74,180,180,0,True
1732940711,21298092,6485197101152333467579419932659,88103,74,180,180,0,True
1732940723,21298093,6485197101152333467579419932659,88103,74,180,180,0,True
1732940735,21298094,6485197101152333467579419932659,88103,74,180,180,0,True
1732940747,21298095,6485197101152333467579419932659,88103,74,180,180,0,True
1732940759,21298096,6485197101152333467579419932659,88103,74,180,180,0,True
1732940771,21298097,6485197101152333467579419932659,88103,74,180,180,0,True
1732940783,21298098,6485197101152333467579419932659,88103,74,180,180,0,True
1732940795,21298099,6485197101152333467579419932659,88103,74,180,180,0,True
1732940807,21298100,6485197101152333467579419932659,88103,74,180,180,0,True
1732940819,21298101,6485197101152333467579419932659,88103,74,180,180,0,True
1732940831,21298102,6485197101152333467579419932659,88103,74,180,180,0,True
1732940843,21298103,6485197101152333467579419932659,88103,74,180,180,0,True
1732940855,21298104,6485197101152333467579419932659,88103,74,180,180,0,True
1732940867,21298105,6485197101152333467579419932659,88103,74,180,180,0,True
1732940879,21298106,6485197101152333467579419932659,88103,74,180,180,0,True
1732940891,21298107,6485197101152333467579419932659,88103,74,180,180,0,True
1732940903,21298108,6485197101152333467579419932659,88103,74,180,180,0,True
1732940915,21298109,6485197101152333467579419932659,88103,74,180,180,0,True
1732940927,21298110,6485197101152333467579419932659,88103,74,180,180,0,True
1732940939,21298111,6485197101152333467579419932659,88103,74,180,180,0,True
1732940951,21298112,6485197101152333467579419932659,88103,74,180,180,0,True
1732940963,21298113,6485197101152333467579419932659,88103,74,180,180,0,True
1732940975,21298114,6485197101152333467579419932659,88103,74,180,180,0,True
1732940987,21298115,6485197101152333467579419932659,88103,74,180,180,0,True
1732941011,21298116,6485197101152333467579419932659,88103,74,180,180,0,True
1732941023,21298117,6485197101152333467579419932659,88103,74,180,180,0,True
1732941035,21298118,6485197101152333467579419932659,88103,74,180,180,0,True
1732941047,21298119,6485197101152333467579419932659,88103,74,180,180,0,True
1732941059,21298120,6485197101152333467579419932659,88103,74,180,180,0,True
1732941071,21298121,6485197101152333467579419932659,88103,74,180,180,0,True
1732941083,21298122,6485197101152333467579419932659,88103,74,180,180,0,True
1732941095,21298123,6485197101152333467579419932659,88103,74,180,180,0,True
1732941107,21298124,6485197101152333467579419932659,88103,74,180,180,0,True
1732941119,21298125,6485197101152333467579419932659,88103,74,180,180,0,True
1732941131,21298126,6485197101152333467579419932659,88103,74,180,180,0,True
1732941143,21298127,6485197101152333467579419932659,88103,74,180,180,0,True
1732941155,21298128,6485197101152333467579419932659,88103,74,180,180,0,True
1732941167,21298129,6485197101152333467579419932659,88103,74,180,180,0,True
1732941179,21298130,6485197101152333467579419932659,88103,74,180,180,0,True
1732941191,21298131,6485197101152333467579419932659,88103,74,180,180,0,True
1732941203,21298132,6485197101152333467579419932659,88103,74,180,180,0,True
1732941215,21298133,6485197101152333467579419932659,88103,74,180,180,0,True
1732941227,21298134,6485197101152333467579419932659,88103,74,180,180,0,True
1732941239,21298135,6485197101152333467579419932659,88103,74,180,180,0,True
1732941251,21298136,6485197101152333467579419932659,88103,74,180,180,0,True
1732941263,21298137,6485197101152333467579419932659,88103,74,180,180,0,True
1732941275,21298138,6485197101152333467579419932659,88103,74,180,180,0,True
1732941287,21298139,6485197101152333467579419932659,88103,74,180,180,0,True
1732941299,21298140,6485197101152333467579419932659,88103,74,180,180,0,True
1732941311,21298141,6485197101152333467579419932659,88103,74,180,180,0,True
1732941323,21298142,6485197101152333467579419932659,88103,74,180,180,0,True
1732941335,21298143,6485197101152333467579419932659,88103,74,180,180,0,True
1732941347,21298144,6485197101152333467579419932659,88103,74,180,180,0,True
1732941359,21298145,6485197101152333467579419932659,88103,74,180,180,0,True
1732941371,21298146,6485197101152333467579419932659,88103,74,180,180,0,True
1732941383,21298147,6485197101152333467579419932659,88103,74,180,180,0,True
1732941395,21298148,6485197101152333467579419932659,88103,74,180,180,0,True
1732941407,21298149,6485197101152333467579419932659,88103,74,180,180,0,True
1732941419,21298150,6485197101152333467579419932659,88103,74,180,180,0,True
1732941431,21298151,6485197101152333467579419932659,88103,74,180,180,0,True
1732941443,21298152,6485197101152333467579419932659,88103,74,180,180,0,True
1732941455,21298153,6485197101152333467579419932659,88103,74,180,180,0,True
1732941467,21298154,6485197101152333467579419932659,88103,74,180,180,0,True
1732941479,21298155,6485197101152333467579419932659,88103,74,180,180,0,True
1732941491,21298156,6485197101152333467579419932659,88103,74,180,180,0,True
1732941503,21298157,6485197101152333467579419932659,88103,74,180,180,0,True
1732941515,21298158,6485197101152333467579419932659,88103,74,180,180,0,True
1732941527,21298159,6485197101152333467579419932659,88103,74,180,180,0,True
1732941539,21298160,6485197101152333467579419932659,88103,74,180,180,0,True
1732941551,21298161,6485197101152333467579419932659,88103,74,180,180,0,True
1732941563,21298162,6485197101152333467579419932659,88103,74,180,180,0,True
1732941575,21298163,6485197101152333467579419932659,88103,74,180,180,0,True
1732941587,21298164,6485197101152333467579419932659,88103,74,180,180,0,True
1732941599,21298165,6485197101152333467579419932659,88103,74,180,180,0,True
1732941611,21298166,6485197101152333467579419932659,88103,74,180,180,0,True
1732941623,21298167,6485197101152333467579419932659,88103,74,180,180,0,True
1732941635,21298168,6485197101152333467579419932659,88103,74,180,180,0,True
1732941647,21298169,6485197101152333467579419932659,88103,74,180,180,0,True
1732941659,21298170,6485197101152333467579419932659,88103,74,180,180,0,True
1732941671,21298171,6485197101152333467579419932659,88103,74,180,180,0,True
1732941683,21298172,6485197101152333467579419932659,88103,74,180,180,0,True
1732941695,21298173,6485197101152333467579419932659,88103,74,180,180,0,True
1732941707,21298174,6485197101152333467579419932659,88103,74,180,180,0,True
1732941719,21298175,6485197101152333467579419932659,88103,74,180,180,0,True
1732941731,21298176,6485197101152333467579419932659,88103,74,180,180,0,True
1732941743,21298177,6485197101152333467579419932659,88103,74,180,180,0,True
1732941755,21298178,6485197101152333467579419932659,88103,74,180,180,0,True
1732941767,21298179,6485197101152333467579419932659,88103,74,180,180,0,True
1732941779,21298180,6485197101152333467579419932659,88103,74,180,180,0,True
1732941791,21298181,6485197101152333467579419932659,88103,74,180,180,0,True
1732941803,21298182,6485197101152333467579419932659,88103,74,180,180,0,True
1732941815,21298183,6485197101152333467579419932659,88103,74,180,180,0,True
1732941827,21298184,6485197101152333467579419932659,88103,74,180,180,0,True
1732941839,21298185,6485197101152333467579419932659,88103,74,180,180,0,True
1732941851,21298186,6485197101152333467579419932659,88103,74,180,180,0,True
1732941863,21298187,6485197101152333467579419932659,88103,74,180,180,0,True
1732941875,21298188,6485197101152333467579419932659,88103,74,180,180,0,True
1732941887,21298189,6485197101152333467579419932659,88103,74,180,180,0,True
1732941899,21298190,6485197101152333467579419932659,88103,74,180,180,0,True
1732941911,21298191,6485197101152333467579419932659,88103,74,180,180,0,True
1732941923,21298192,6485197101152333467579419932659,88103,74,180,180,0,True
1732941935,21298193,6485197101152333467579419932659,88103,74,180,180,0,True
1732941947,21298194,6485197101152333467579419932659,88103,74,180,180,0,True
1732941959,21298195,6485197101152333467579419932659,88103,74,180,180,0,True
1732941971,21298196,6485197101152333467579419932659,88103,74,180,180,0,True
1732941983,21298197,6485197101152333467579419932659,88103,74,180,180,0,True
1732941995,21298198,6485197101152333467579419932659,88103,74,180,180,0,True
1732942007,21298199,6485197101152333467579419932659,88103,74,180,180,0,True
1732942019,21298200,6485197101152333467579419932659,88103,74,180,180,0,True
1732942031,21298201,6485197101152333467579419932659,88103,74,180,180,0,True
1732942043,21298202,6485197101152333467579419932659,88103,74,180,180,0,True
1732942055,21298203,6485197101152333467579419932659,88103,74,180,180,0,True
1732942067,21298204,6485197101152333467579419932659,88103,74,180,180,0,True
1732942079,21298205,6485197101152333467579419932659,88103,74,180,180,0,True
1732942091,21298206,6485197101152333467579419932659,88103,74,180,180,0,True
1732942103,21298207,6485197101152333467579419932659,88103,74,180,180,0,True
1732942115,21298208,6485197101152333467579419932659,88103,74,180,180,0,True
1732942127,21298209,6485197101152333467579419932659,88103,74,180,180,0,True
1732942139,21298210,6485197101152333467579419932659,88103,74,180,180,0,True
1732942151,21298211,6485197101152333467579419932659,88103,74,180,180,0,True
1732942163,21298212,6485197101152333467579419932659,88103,74,180,180,0,True
1732942175,21298213,6485197101152333467579419932659,88103,74,180,180,0,True
1732942187,21298214,6485197101152333467579419932659,88103,74,180,180,0,True
1732942199,21298215,6485197101152333467579419932659,88103,74,180,180,0,True
1732942211,21298216,6485197101152333467579419932659,88103,74,180,180,0,True
1732942223,21298217,6485197101152333467579419932659,88103,74,180,180,0,True
1732942235,21298218,6485197101152333467579419932659,88103,74,180,180,0,True
1732942247,21298219,6485197101152333467579419932659,88103,74,180,180,0,True
1732942259,21298220,6491668930573231325802979954089,88123,75,180,180,0,True
1732942271,21298221,6491668930573231325802979954089,88123,75,180,180,0,True
1732942283,21298222,6491668930573231325802979954089,88123,75,180,180,0,True
1732942295,21298223,6491668930573231325802979954089,88123,75,180,180,0,True
1732942307,21298224,6491668930573231325802979954089,88123,75,180,180,0,True
1732942319,21298225,6491668930573231325802979954089,88123,75,180,180,0,True
1732942331,21298226,6491668930573231325802979954089,88123,75,180,180,0,True
1732942343,21298227,6491668930573231325802979954089,88123,75,180,180,0,True
1732942355,21298228,6491668930573231325802979954089,88123,75,180,180,0,True
1732942367,21298229,6491668930573231325802979954089,88123,75,180,180,0,True
1732942379,21298230,6491668930573231325802979954089,88123,75,180,180,0,True
1732942391,21298231,6491668930573231325802979954089,88123,75,180,180,0,True
1732942403,21298232,6491668930573231325802979954089,88123,75,180,180,0,True
1732942415,21298233,6491668930573231325802979954089,88123,75,180,180,0,True
1732942427,21298234,6491668930573231325802979954089,88123,75,180,180,0,True
1732942439,21298235,6491668930573231325802979954089,88123,75,180,180,0,True
1732942451,21298236,6491668930573231325802979954089,88123,75,180,180,0,True
1732942463,21298237,6491668930573231325802979954089,88123,75,180,180,0,True
1732942475,21298238,6491668930573231325802979954089,88123,75,180,180,0,True
1732942487,21298239,6491668930573231325802979954089,88123,75,180,180,0,True
1732942499,21298240,6491668930573231325802979954089,88123,75,180,180,0,True
1732942511,21298241,6491668930573231325802979954089,88123,75,180,180,0,True
1732942523,21298242,6491668930573231325802979954089,88123,75,180,180,0,True
1732942535,21298243,6491668930573231325802979954089,88123,75,180,180,0,True
1732942547,21298244,6491668930573231325802979954089,88123,75,180,180,0,True
1732942559,21298245,6491668930573231325802979954089,88123,75,180,180,0,True
1732942571,21298246,6491668930573231325802979954089,88123,75,180,180,0,True
1732942583,21298247,6491668930573231325802979954089,88123,75,180,180,0,True
1732942595,21298248,6491668930573231325802979954089,88123,75,180,180,0,True
1732942607,21298249,6491668930573231325802979954089,88123,75,180,180,0,True
1732942619,21298250,6491668930573231325802979954089,88123,75,180,180,0,True
1732942631,21298251,6491668930573231325802979954089,88123,75,180,180,0,True
1732942643,21298252,6491668930573231325802979954089,88123,75,180,180,0,True
1732942655,21298253,6491668930573231325802979954089,88123,75,180,180,0,True
1732942667,21298254,6491668930573231325802979954089,88123,75,180,180,0,True
1732942679,21298255,6491668930573231325802979954089,88123,75,180,180,0,True
1732942691,21298256,6491668930573231325802979954089,88123,75,180,180,0,True
1732942703,21298257,6491668930573231325802979954089,88123,75,180,180,0,True
1732942715,21298258,6491668930573231325802979954089,88123,75,180,180,0,True
1732942727,21298259,6491668930573231325802979954089,88123,75,180,180,0,True
1732942739,21298260,6491668930573231325802979954089,88123,75,180,180,0,True
1732942751,21298261,6491668930573231325802979954089,88123,75,180,180,0,True
1732942763,21298262,6491668930573231325802979954089,88123,75,180,180,0,True
1732942775,21298263,6491668930573231325802979954089,88123,75,180,180,0,True
1732942787,21298264,6491668930573231325802979954089,88123,75,180,180,0,True
1732942799,21298265,6491668930573231325802979954089,88123,75,180,180,0,True
1732942811,21298266,6491668930573231325802979954089,88123,75,180,180,0,True
1732942823,21298267,6491668930573231325802979954089,88123,75,180,180,0,True
1732942835,21298268,6491668930573231325802979954089,88123,75,180,180,0,True
1732942847,21298269,6491668930573231325802979954089,88123,75,180,180,0,True
1732942859,21298270,6491668930573231325802979954089,88123,75,180,180,0,True
1732942871,21298271,6491668930573231325802979954089,88123,75,180,180,0,True
1732942883,21298272,6491668930573231325802979954089,88123,75,180,180,0,True
1732942895,21298273,6491668930573231325802979954089,88123,75,180,180,0,True
1732942907,21298274,6491668930573231325802979954089,88123,75,180,180,0,True
1732942919,21298275,6491668930573231325802979954089,88123,75,180,180,0,True
1732942931,21298276,6491668930573231325802979954089,88123,75,180,180,0,True
1732942943,21298277,6491668930573231325802979954089,88123,75,180,180,0,True
1732942955,21298278,6491668930573231325802979954089,88123,75,180,180,0,True
1732942967,21298279,6491668930573231325802979954089,88123,75,180,180,0,True
1732942979,21298280,6491668930573231325802979954089,88123,75,180,180,0,True
1732942991,21298281,6491668930573231325802979954089,88123,75,180,180,0,True
1732943003,21298282,6491668930573231325802979954089,88123,75,180,180,0,True
1732943015,21298283,6491668930573231325802979954089,88123,75,180,180,0,True
1732943027,21298284,6491668930573231325802979954089,88123,75,180,180,0,True
1732943039,21298285,6491668930573231325802979954089,88123,75,180,180,0,True
1732943051,21298286,6491668930573231325802979954089,88123,75,180,180,0,True
1732943063,21298287,6491668930573231325802979954089,88123,75,180,180,0,True
1732943075,21298288,6491668930573231325802979954089,88123,75,180,180,0,True
1732943087,21298289,6491668930573231325802979954089,88123,75,180,180,0,True
1732943099,21298290,6491668930573231325802979954089,88123,75,180,180,0,True
1732943111,21298291,6491668930573231325802979954089,88123,75,180,180,0,True
1732943123,21298292,6491668930573231325802979954089,88123,75,180,180,0,True
1732943135,21298293,6491668930573231325802979954089,88123,75,180,180,0,True
1732943147,21298294,6491668930573231325802979954089,88123,75,180,180,0,True
1732943159,21298295,6491668930573231325802979954089,88123,75,180,180,0,True
1732943171,21298296,6491668930573231325802979954089,88123,75,180,180,0,True
1732943183,21298297,6491668930573231325802979954089,88123,75,180,180,0,True
1732943195,21298298,6491668930573231325802979954089,88123,75,180,180,0,True
1732943207,21298299,6491668930573231325802979954089,88123,75,180,180,0,True
1732943219,21298300,6491668930573231325802979954089,88123,75,180,180,0,True
1732943231,21298301,6491668930573231325802979954089,88123,75,180,180,0,True
1732943243,21298302,6491668930573231325802979954089,88123,75,180,180,0,True
1732943255,21298303,6491668930573231325802979954089,88123,75,180,180,0,True
1732943267,21298304,6491668930573231325802979954089,88123,75,180,180,0,True
1732943279,21298305,6491668930573231325802979954089,88123,75,180,180,0,True
1732943303,21298306,6491668930573231325802979954089,88123,75,180,180,0,True
1732943315,21298307,6491668930573231325802979954089,88123,75,180,180,0,True
1732943327,21298308,6491668930573231325802979954089,88123,75,180,180,0,True
1732943339,21298309,6491668930573231325802979954089,88123,75,180,180,0,True
1732943351,21298310,6491668930573231325802979954089,88123,75,180,180,0,True
1732943363,21298311,6491668930573231325802979954089,88123,75,180,180,0,True
1732943375,21298312,6491668930573231325802979954089,88123,75,180,180,0,True
1732943387,21298313,6491668930573231325802979954089,88123,75,180,180,0,True
1732943399,21298314,6491668930573231325802979954089,88123,75,180,180,0,True
1732943411,21298315,6491668930573231325802979954089,88123,75,180,180,0,True
1732943423,21298316,6491668930573231325802979954089,88123,75,180,180,0,True
1732943435,21298317,6491668930573231325802979954089,88123,75,180,180,0,True
1732943447,21298318,6491668930573231325802979954089,88123,75,180,180,0,True
1732943459,21298319,6491668930573231325802979954089,88123,75,180,180,0,True
1732943471,21298320,6491668930573231325802979954089,88123,75,180,180,0,True
1732943483,21298321,6491668930573231325802979954089,88123,75,180,180,0,True
1732943495,21298322,6491668930573231325802979954089,88123,75,180,180,0,True
1732943507,21298323,6491668930573231325802979954089,88123,75,180,180,0,True
1732943519,21298324,6491668930573231325802979954089,88123,75,180,180,0,True
1732943531,21298325,6491668930573231325802979954089,88123,75,180,180,0,True
1732943543,21298326,6491668930573231325802979954089,88123,75,180,180,0,True
1732943555,21298327,6491668930573231325802979954089,88123,75,180,180,0,True
1732943567,21298328,6491668930573231325802979954089,88123,75,180,180,0,True
1732943579,21298329,6491668930573231325802979954089,88123,75,180,180,0,True
1732943591,21298330,6491668930573231325802979954089,88123,75,180,180,0,True
1732943603,21298331,6491668930573231325802979954089,88123,75,180,180,0,True
1732943615,21298332,6491668930573231325802979954089,88123,75,180,180,0,True
1732943627,21298333,6491668930573231325802979954089,88123,75,180,180,0,True
1732943639,21298334,6491668930573231325802979954089,88123,75,180,180,0,True
1732943651,21298335,6491668930573231325802979954089,88123,75,180,180,0,True
1732943663,21298336,6491668930573231325802979954089,88123,75,180,180,0,True
1732943675,21298337,6491668930573231325802979954089,88123,75,180,180,0,True
1732943687,21298338,6491668930573231325802979954089,88123,75,180,180,0,True
1732943699,21298339,6491668930573231325802979954089,88123,75,180,180,0,True
1732943711,21298340,6491668930573231325802979954089,88123,75,180,180,0,True
1732943723,21298341,6491668930573231325802979954089,88123,75,180,180,0,True
1732943735,21298342,6491668930573231325802979954089,88123,75,180,180,0,True
1732943747,21298343,6491668930573231325802979954089,88123,75,180,180,0,True
1732943759,21298344,6491668930573231325802979954089,88123,75,180,180,0,True
1732943771,21298345,6491668930573231325802979954089,88123,75,180,180,0,True
1732943783,21298346,6491668930573231325802979954089,88123,75,180,180,0,True
1732943795,21298347,6491668930573231325802979954089,88123,75,180,180,0,True
1732943807,21298348,6491668930573231325802979954089,88123,75,180,180,0,True
1732943819,21298349,6491668930573231325802979954089,88123,75,180,180,0,True
1732943831,21298350,6491668930573231325802979954089,88123,75,180,180,0,True
1732943843,21298351,6491668930573231325802979954089,88123,75,180,180,0,True
1732943855,21298352,6491668930573231325802979954089,88123,75,180,180,0,True
1732943867,21298353,6491668930573231325802979954089,88123,75,180,180,0,True
1732943879,21298354,6491668930573231325802979954089,88123,75,180,180,0,True
1732943891,21298355,6491668930573231325802979954089,88123,75,180,180,0,True
1732943915,21298356,6491668930573231325802979954089,88123,75,180,180,0,True
1732943927,21298357,6491668930573231325802979954089,88123,75,180,180,0,True
1732943939,21298358,6491668930573231325802979954089,88123,75,180,180,0,True
1732943951,21298359,6491668930573231325802979954089,88123,75,180,180,0,True
1732943963,21298360,6491668930573231325802979954089,88123,75,180,180,0,True
1732943975,21298361,6491668930573231325802979954089,88123,75,180,180,0,True
1732943987,21298362,6491668930573231325802979954089,88123,75,180,180,0,True
1732943999,21298363,6491668930573231325802979954089,88123,75,180,180,0,True
1732944011,21298364,6491668930573231325802979954089,88123,75,180,180,0,True
1732944023,21298365,6491668930573231325802979954089,88123,75,180,180,0,True
1732944035,21298366,6491668930573231325802979954089,88123,75,180,180,0,True
1732944047,21298367,6491668930573231325802979954089,88123,75,180,180,0,True
1732944059,21298368,6491668930573231325802979954089,88123,75,180,180,0,True
1732944071,21298369,6491668930573231325802979954089,88123,75,180,180,0,True
1732944083,21298370,6491668930573231325802979954089,88123,75,180,180,0,True
1732944095,21298371,6491668930573231325802979954089,88123,75,180,180,0,True
1732944107,21298372,6501805527857231534666113092896,88154,76,180,180,0,True
1732944119,21298373,6501805527857231534666113092896,88154,76,180,180,0,True
1732944131,21298374,6501805527857231534666113092896,88154,76,180,180,0,True
1732944143,21298375,6501805527857231534666113092896,88154,76,180,180,0,True
1732944155,21298376,6501805527857231534666113092896,88154,76,180,180,0,True
1732944167,21298377,6501805527857231534666113092896,88154,76,180,180,0,True
1732944179,21298378,6501805527857231534666113092896,88154,76,180,180,0,True
1732944191,21298379,6501805527857231534666113092896,88154,76,180,180,0,True
1732944203,21298380,6501805527857231534666113092896,88154,76,180,180,0,True
1732944215,21298381,6501805527857231534666113092896,88154,76,180,180,0,True
1732944227,21298382,6501805527857231534666113092896,88154,76,180,180,0,True
1732944239,21298383,6501805527857231534666113092896,88154,76,180,180,0,True
1732944251,21298384,6501805527857231534666113092896,88154,76,180,180,0,True
1732944263,21298385,6501805527857231534666113092896,88154,76,180,180,0,True
1732944275,21298386,6501805527857231534666113092896,88154,76,180,180,0,True
1732944287,21298387,6501805527857231534666113092896,88154,76,180,180,0,True
1732944299,21298388,6501805527857231534666113092896,88154,76,180,180,0,True
1732944311,21298389,6508855127498950425622432429135,88176,77,180,180,0,True
1732944323,21298390,6508855127498950425622432429135,88176,77,180,180,0,True
1732944335,21298391,6508855127498950425622432429135,88176,77,180,180,0,True
1732944347,21298392,6508855127498950425622432429135,88176,77,180,180,0,True
1732944359,21298393,6508855127498950425622432429135,88176,77,180,180,0,True
1732944371,21298394,6519115673479653227632399329278,88207,78,180,180,0,True
1732944383,21298395,6519115673479653227632399329278,88207,78,180,180,0,True
1732944395,21298396,6519115673479653227632399329278,88207,78,180,180,0,True
1732944407,21298397,6519115673479653227632399329278,88207,78,180,180,0,True
1732944419,21298398,6519115673479653227632399329278,88207,78,180,180,0,True
1732944431,21298399,6519115673479653227632399329278,88207,78,180,180,0,True
1732944443,21298400,6519115673479653227632399329278,88207,78,180,180,0,True
1732944455,21298401,6519115673479653227632399329278,88207,78,180,180,0,True
1732944467,21298402,6519115673479653227632399329278,88207,78,180,180,0,True
1732944479,21298403,6519115673479653227632399329278,88207,78,180,180,0,True
1732944491,21298404,6519115673479653227632399329278,88207,78,180,180,0,True
1732944503,21298405,6519115673479653227632399329278,88207,78,180,180,0,True
1732944515,21298406,6519115673479653227632399329278,88207,78,180,180,0,True
1732944527,21298407,6519115673479653227632399329278,88207,78,180,180,0,True
1732944539,21298408,6519115673479653227632399329278,88207,78,180,180,0,True
1732944551,21298409,6519115673479653227632399329278,88207,78,180,180,0,True
1732944563,21298410,6519115673479653227632399329278,88207,78,180,180,0,True
1732944575,21298411,6519115673479653227632399329278,88207,78,180,180,0,True
1732944587,21298412,6519115673479653227632399329278,88207,78,180,180,0,True
1732944599,21298413,6519115673479653227632399329278,88207,78,180,180,0,True
1732944611,21298414,6519115673479653227632399329278,88207,78,180,180,0,True
1732944623,21298415,6519115673479653227632399329278,88207,78,180,180,0,True
1732944635,21298416,6519115673479653227632399329278,88207,78,180,180,0,True
1732944647,21298417,6519115673479653227632399329278,88207,78,180,180,0,True
1732944659,21298418,6519115673479653227632399329278,88207,78,180,180,0,True
1732944671,21298419,6519115673479653227632399329278,88207,78,180,180,0,True
1732944683,21298420,6519115673479653227632399329278,88207,78,180,180,0,True
1732944695,21298421,6519115673479653227632399329278,88207,78,180,180,0,True
1732944707,21298422,6519115673479653227632399329278,88207,78,180,180,0,True
1732944719,21298423,6519115673479653227632399329278,88207,78,180,180,0,True
1732944731,21298424,6519115673479653227632399329278,88207,78,180,180,0,True
1732944743,21298425,6519115673479653227632399329278,88207,78,180,180,0,True
1732944755,21298426,6519115673479653227632399329278,88207,78,180,180,0,True
1732944767,21298427,6519115673479653227632399329278,88207,78,180,180,0,True
1732944779,21298428,6519115673479653227632399329278,88207,78,180,180,0,True
1732944791,21298429,6519115673479653227632399329278,88207,78,180,180,0,True
1732944803,21298430,6519115673479653227632399329278,88207,78,180,180,0,True
1732944815,21298431,6519115673479653227632399329278,88207,78,180,180,0,True
1732944827,21298432,6519115673479653227632399329278,88207,78,180,180,0,True
1732944839,21298433,6519115673479653227632399329278,88207,78,180,180,0,True
1732944851,21298434,6519115673479653227632399329278,88207,78,180,180,0,True
1732944863,21298435,6519115673479653227632399329278,88207,78,180,180,0,True
1732944875,21298436,6519115673479653227632399329278,88207,78,180,180,0,True
1732944887,21298437,6519115673479653227632399329278,88207,78,180,180,0,True
1732944899,21298438,6519115673479653227632399329278,88207,78,180,180,0,True
1732944911,21298439,6519115673479653227632399329278,88207,78,180,180,0,True
1732944923,21298440,6519115673479653227632399329278,88207,78,180,180,0,True
1732944935,21298441,6519115673479653227632399329278,88207,78,180,180,0,True
1732944947,21298442,6519115673479653227632399329278,88207,78,180,180,0,True
1732944959,21298443,6519115673479653227632399329278,88207,78,180,180,0,True
1732944971,21298444,6519115673479653227632399329278,88207,78,180,180,0,True
1732944983,21298445,6519115673479653227632399329278,88207,78,180,180,0,True
1732944995,21298446,6519115673479653227632399329278,88207,78,180,180,0,True
1732945007,21298447,6519115673479653227632399329278,88207,78,180,180,0,True
1732945019,21298448,6519115673479653227632399329278,88207,78,180,180,0,True
1732945031,21298449,6519115673479653227632399329278,88207,78,180,180,0,True
1732945043,21298450,6519115673479653227632399329278,88207,78,180,180,0,True
1732945055,21298451,6519115673479653227632399329278,88207,78,180,180,0,True
1732945067,21298452,6523917424917351650087026830694,88222,79,180,180,0,True
1732945079,21298453,6523917424917351650087026830694,88222,79,180,180,0,True
1732945091,21298454,6523917424917351650087026830694,88222,79,180,180,0,True
1732945103,21298455,6523917424917351650087026830694,88222,79,180,180,0,True
1732945115,21298456,6523917424917351650087026830694,88222,79,180,180,0,True
1732945127,21298457,6523917424917351650087026830694,88222,79,180,180,0,True
1732945139,21298458,6523917424917351650087026830694,88222,79,180,180,0,True
1732945151,21298459,6523917424917351650087026830694,88222,79,180,180,0,True
1732945163,21298460,6523917424917351650087026830694,88222,79,180,180,0,True
1732945175,21298461,6523917424917351650087026830694,88222,79,180,180,0,True
1732945187,21298462,6523917424917351650087026830694,88222,79,180,180,0,True
1732945199,21298463,6523917424917351650087026830694,88222,79,180,180,0,True
1732945211,21298464,6523917424917351650087026830694,88222,79,180,180,0,True
1732945223,21298465,6523917424917351650087026830694,88222,79,180,180,0,True
1732945235,21298466,6523917424917351650087026830694,88222,79,180,180,0,True
1732945247,21298467,6523917424917351650087026830694,88222,79,180,180,0,True
1732945259,21298468,6523917424917351650087026830694,88222,79,180,180,0,True
1732945271,21298469,6523917424917351650087026830694,88222,79,180,180,0,True
1732945283,21298470,6523917424917351650087026830694,88222,79,180,180,0,True
1732945295,21298471,6523917424917351650087026830694,88222,79,180,180,0,True
1732945307,21298472,6523917424917351650087026830694,88222,79,180,180,0,True
1732945319,21298473,6523917424917351650087026830694,88222,79,180,180,0,True
1732945331,21298474,6523917424917351650087026830694,88222,79,180,180,0,True
1732945343,21298475,6523917424917351650087026830694,88222,79,180,180,0,True
1732945355,21298476,6523917424917351650087026830694,88222,79,180,180,0,True
1732945379,21298477,6523917424917351650087026830694,88222,79,180,180,0,True
1732945391,21298478,6523917424917351650087026830694,88222,79,180,180,0,True
1732945403,21298479,6523917424917351650087026830694,88222,79,180,180,0,True
1732945415,21298480,6523917424917351650087026830694,88222,79,180,180,0,True
1732945427,21298481,6523917424917351650087026830694,88222,79,180,180,0,True
1732945439,21298482,6523917424917351650087026830694,88222,79,180,180,0,True
1732945451,21298483,6523917424917351650087026830694,88222,79,180,180,0,True
1732945463,21298484,6523917424917351650087026830694,88222,79,180,180,0,True
1732945475,21298485,6523917424917351650087026830694,88222,79,180,180,0,True
1732945487,21298486,6523917424917351650087026830694,88222,79,180,180,0,True
1732945499,21298487,6523917424917351650087026830694,88222,79,180,180,0,True
1732945511,21298488,6528127883154228910877863088728,88235,80,180,180,0,True
1732945523,21298489,6528127883154228910877863088728,88235,80,180,180,0,True
1732945535,21298490,6528127883154228910877863088728,88235,80,180,180,0,True
1732945547,21298491,6528127883154228910877863088728,88235,80,180,180,0,True
1732945559,21298492,6528127883154228910877863088728,88235,80,180,180,0,True
1732945571,21298493,6528127883154228910877863088728,88235,80,180,180,0,True
1732945583,21298494,6528127883154228910877863088728,88235,80,180,180,0,True
1732945595,21298495,6528127883154228910877863088728,88235,80,180,180,0,True
1732945607,21298496,6528127883154228910877863088728,88235,80,180,180,0,True
1732945619,21298497,6528127883154228910877863088728,88235,80,180,180,0,True
1732945631,21298498,6528127883154228910877863088728,88235,80,180,180,0,True
1732945643,21298499,6528127883154228910877863088728,88235,80,180,180,0,True
1732945655,21298500,6528127883154228910877863088728,88235,80,180,180,0,True
1732945667,21298501,6528127883154228910877863088728,88235,80,180,180,0,True
1732945679,21298502,6533179056128655565742953425426,88250,81,180,180,0,True
1732945691,21298503,6533179056128655565742953425426,88250,81,180,180,0,True
1732945703,21298504,6533179056128655565742953425426,88250,81,180,180,0,True
1732945715,21298505,6533179056128655565742953425426,88250,81,180,180,0,True
1732945727,21298506,6533179056128655565742953425426,88250,81,180,180,0,True
1732945739,21298507,6533179056128655565742953425426,88250,81,180,180,0,True
1732945751,21298508,6533179056128655565742953425426,88250,81,180,180,0,True
1732945763,21298509,6533179056128655565742953425426,88250,81,180,180,0,True
1732945775,21298510,6533179056128655565742953425426,88250,81,180,180,0,True
1732945787,21298511,6533179056128655565742953425426,88250,81,180,180,0,True
1732945799,21298512,6533179056128655565742953425426,88250,81,180,180,0,True
1732945811,21298513,6533179056128655565742953425426,88250,81,180,180,0,True
1732945823,21298514,6533179056128655565742953425426,88250,81,180,180,0,True
1732945835,21298515,6533179056128655565742953425426,88250,81,180,180,0,True
1732945847,21298516,6533179056128655565742953425426,88250,81,180,180,0,True
1732945859,21298517,6533179056128655565742953425426,88250,81,180,180,0,True
1732945871,21298518,6533179056128655565742953425426,88250,81,180,180,0,True
1732945883,21298519,6533179056128655565742953425426,88250,81,180,180,0,True
1732945895,21298520,6533179056128655565742953425426,88250,81,180,180,0,True
1732945907,21298521,6533179056128655565742953425426,88250,81,180,180,0,True
1732945919,21298522,6533179056128655565742953425426,88250,81,180,180,0,True
1732945931,21298523,6533179056128655565742953425426,88250,81,180,180,0,True
1732945943,21298524,6533179056128655565742953425426,88250,81,180,180,0,True
1732945955,21298525,6533179056128655565742953425426,88250,81,180,180,0,True
1732945967,21298526,6533179056128655565742953425426,88250,81,180,180,0,True
1732945979,21298527,6533179056128655565742953425426,88250,81,180,180,0,True
1732945991,21298528,6533179056128655565742953425426,88250,81,180,180,0,True
1732946003,21298529,6533179056128655565742953425426,88250,81,180,180,0,True
1732946015,21298530,6533179056128655565742953425426,88250,81,180,180,0,True
1732946027,21298531,6533179056128655565742953425426,88250,81,180,180,0,True
1732946039,21298532,6533179056128655565742953425426,88250,81,180,180,0,True
1732946051,21298533,6533179056128655565742953425426,88250,81,180,180,0,True
1732946063,21298534,6533179056128655565742953425426,88250,81,180,180,0,True
1732946075,21298535,6533179056128655565742953425426,88250,81,180,180,0,True
1732946087,21298536,6533179056128655565742953425426,88250,81,180,180,0,True
1732946099,21298537,6533179056128655565742953425426,88250,81,180,180,0,True
1732946111,21298538,6533179056128655565742953425426,88250,81,180,180,0,True
1732946123,21298539,6533179056128655565742953425426,88250,81,180,180,0,True
1732946135,21298540,6533179056128655565742953425426,88250,81,180,180,0,True
1732946147,21298541,6533179056128655565742953425426,88250,81,180,180,0,True
1732946159,21298542,6532841276175333501939588461445,88249,82,180,180,0,True
1732946171,21298543,6532841276175333501939588461445,88249,82,180,180,0,True
1732946183,21298544,6532841276175333501939588461445,88249,82,180,180,0,True
1732946195,21298545,6532841276175333501939588461445,88249,82,180,180,0,True
1732946207,21298546,6532841276175333501939588461445,88249,82,180,180,0,True
1732946219,21298547,6532841276175333501939588461445,88249,82,180,180,0,True
1732946231,21298548,6532841276175333501939588461445,88249,82,180,180,0,True
1732946243,21298549,6532841276175333501939588461445,88249,82,180,180,0,True
1732946255,21298550,6532841276175333501939588461445,88249,82,180,180,0,True
1732946267,21298551,6532841276175333501939588461445,88249,82,180,180,0,True
1732946279,21298552,6532841276175333501939588461445,88249,82,180,180,0,True
1732946291,21298553,6532841276175333501939588461445,88249,82,180,180,0,True
1732946303,21298554,6532841276175333501939588461445,88249,82,180,180,0,True
1732946315,21298555,6532841276175333501939588461445,88249,82,180,180,0,True
1732946327,21298556,6532841276175333501939588461445,88249,82,180,180,0,True
1732946339,21298557,6532841276175333501939588461445,88249,82,180,180,0,True
1732946351,21298558,6532841276175333501939588461445,88249,82,180,180,0,True
1732946363,21298559,6532841276175333501939588461445,88249,82,180,180,0,True
1732946375,21298560,6532841276175333501939588461445,88249,82,180,180,0,True
1732946387,21298561,6532841276175333501939588461445,88249,82,180,180,0,True
1732946399,21298562,6532841276175333501939588461445,88249,82,180,180,0,True
1732946411,21298563,6532841276175333501939588461445,88249,82,180,180,0,True
1732946423,21298564,6532841276175333501939588461445,88249,82,180,180,0,True
1732946435,21298565,6532841276175333501939588461445,88249,82,180,180,0,True
1732946447,21298566,6532841276175333501939588461445,88249,82,180,180,0,True
1732946459,21298567,6532841276175333501939588461445,88249,82,180,180,0,True
1732946471,21298568,6532841276175333501939588461445,88249,82,180,180,0,True
1732946483,21298569,6532841276175333501939588461445,88249,82,180,180,0,True
1732946495,21298570,6532841276175333501939588461445,88249,82,180,180,0,True
1732946507,21298571,6532841276175333501939588461445,88249,82,180,180,0,True
1732946519,21298572,6532841276175333501939588461445,88249,82,180,180,0,True
1732946531,21298573,6532841276175333501939588461445,88249,82,180,180,0,True
1732946543,21298574,6532841276175333501939588461445,88249,82,180,180,0,True
1732946555,21298575,6532841276175333501939588461445,88249,82,180,180,0,True
1732946567,21298576,6532841276175333501939588461445,88249,82,180,180,0,True
1732946579,21298577,6532841276175333501939588461445,88249,82,180,180,0,True
1732946591,21298578,6532841276175333501939588461445,88249,82,180,180,0,True
1732946603,21298579,6532841276175333501939588461445,88249,82,180,180,0,True
1732946615,21298580,6532841276175333501939588461445,88249,82,180,180,0,True
1732946627,21298581,6532841276175333501939588461445,88249,82,180,180,0,True
1732946639,21298582,6532841276175333501939588461445,88249,82,180,180,0,True
1732946651,21298583,6532841276175333501939588461445,88249,82,180,180,0,True
1732946663,21298584,6538526184541215047420366952517,88267,83,180,180,0,True
1732946675,21298585,6538526184541215047420366952517,88267,83,180,180,0,True
1732946687,21298586,6538526184541215047420366952517,88267,83,180,180,0,True
1732946699,21298587,6538526184541215047420366952517,88267,83,180,180,0,True
1732946711,21298588,6538526184541215047420366952517,88267,83,180,180,0,True
1732946723,21298589,6538526184541215047420366952517,88267,83,180,180,0,True
1732946735,21298590,6538526184541215047420366952517,88267,83,180,180,0,True
1732946747,21298591,6543162476907094035012534213913,88281,84,180,180,0,True
1732946759,21298592,6543162476907094035012534213913,88281,84,180,180,0,True
1732946771,21298593,6543162476907094035012534213913,88281,84,180,180,0,True
1732946783,21298594,6543162476907094035012534213913,88281,84,180,180,0,True
1732946795,21298595,6543162476907094035012534213913,88281,84,180,180,0,True
1732946807,21298596,6543162476907094035012534213913,88281,84,180,180,0,True
1732946819,21298597,6543162476907094035012534213913,88281,84,180,180,0,True
1732946831,21298598,6543162476907094035012534213913,88281,84,180,180,0,True
1732946843,21298599,6543162476907094035012534213913,88281,84,180,180,0,True
1732946855,21298600,6548598662954144572122814423640,88297,85,180,180,0,True
1732946867,21298601,6548598662954144572122814423640,88297,85,180,180,0,True
1732946879,21298602,6548598662954144572122814423640,88297,85,180,180,0,True
1732946891,21298603,6548598662954144572122814423640,88297,85,180,180,0,True
1732946903,21298604,6548598662954144572122814423640,88297,85,180,180,0,True
1732946915,21298605,6548598662954144572122814423640,88297,85,180,180,0,True
1732946927,21298606,6548598662954144572122814423640,88297,85,180,180,0,True
1732946939,21298607,6548598662954144572122814423640,88297,85,180,180,0,True
1732946951,21298608,6548598662954144572122814423640,88297,85,180,180,0,True
1732946963,21298609,6548598662954144572122814423640,88297,85,180,180,0,True
1732946975,21298610,6548598662954144572122814423640,88297,85,180,180,0,True
1732946987,21298611,6548598662954144572122814423640,88297,85,180,180,0,True
1732946999,21298612,6548598662954144572122814423640,88297,85,180,180,0,True
1732947011,21298613,6548598662954144572122814423640,88297,85,180,180,0,True
1732947035,21298614,6548598662954144572122814423640,88297,85,180,180,0,True
1732947047,21298615,6548598662954144572122814423640,88297,85,180,180,0,True
1732947059,21298616,6548598662954144572122814423640,88297,85,180,180,0,True
1732947071,21298617,6548598662954144572122814423640,88297,85,180,180,0,True
1732947083,21298618,6548598662954144572122814423640,88297,85,180,180,0,True
1732947095,21298619,6548598662954144572122814423640,88297,85,180,180,0,True
1732947107,21298620,6548598662954144572122814423640,88297,85,180,180,0,True
1732947119,21298621,6548598662954144572122814423640,88297,85,180,180,0,True
1732947131,21298622,6548598662954144572122814423640,88297,85,180,180,0,True
1732947143,21298623,6555368216005699032520565665998,88318,86,180,180,0,True
1732947155,21298624,6555368216005699032520565665998,88318,86,180,180,0,True
1732947167,21298625,6555368216005699032520565665998,88318,86,180,180,0,True
1732947179,21298626,6555368216005699032520565665998,88318,86,180,180,0,True
1732947191,21298627,6555368216005699032520565665998,88318,86,180,180,0,True
1732947203,21298628,6555368216005699032520565665998,88318,86,180,180,0,True
1732947215,21298629,6555368216005699032520565665998,88318,86,180,180,0,True
1732947227,21298630,6555368216005699032520565665998,88318,86,180,180,0,True
1732947239,21298631,6555368216005699032520565665998,88318,86,180,180,0,True
1732947251,21298632,6555368216005699032520565665998,88318,86,180,180,0,True
1732947263,21298633,6555368216005699032520565665998,88318,86,180,180,0,True
1732947275,21298634,6555368216005699032520565665998,88318,86,180,180,0,True
1732947287,21298635,6555368216005699032520565665998,88318,86,180,180,0,True
1732947299,21298636,6555368216005699032520565665998,88318,86,180,180,0,True
1732947311,21298637,6555368216005699032520565665998,88318,86,180,180,0,True
1732947323,21298638,6555368216005699032520565665998,88318,86,180,180,0,True
1732947335,21298639,6555368216005699032520565665998,88318,86,180,180,0,True
1732947347,21298640,6555368216005699032520565665998,88318,86,180,180,0,True
1732947359,21298641,6555368216005699032520565665998,88318,86,180,180,0,True
1732947371,21298642,6555368216005699032520565665998,88318,86,180,180,0,True
1732947383,21298643,6555368216005699032520565665998,88318,86,180,180,0,True
1732947395,21298644,6555368216005699032520565665998,88318,86,180,180,0,True
1732947407,21298645,6555368216005699032520565665998,88318,86,180,180,0,True
1732947419,21298646,6555368216005699032520565665998,88318,86,180,180,0,True
1732947431,21298647,6555368216005699032520565665998,88318,86,180,180,0,True
1732947443,21298648,6555368216005699032520565665998,88318,86,180,180,0,True
1732947455,21298649,6555368216005699032520565665998,88318,86,180,180,0,True
1732947467,21298650,6555368216005699032520565665998,88318,86,180,180,0,True
1732947479,21298651,6555368216005699032520565665998,88318,86,180,180,0,True
1732947491,21298652,6555368216005699032520565665998,88318,86,180,180,0,True
1732947503,21298653,6555368216005699032520565665998,88318,86,180,180,0,True
1732947515,21298654,6555368216005699032520565665998,88318,86,180,180,0,True
1732947527,21298655,6555368216005699032520565665998,88318,86,180,180,0,True
1732947539,21298656,6555368216005699032520565665998,88318,86,180,180,0,True
1732947551,21298657,6555368216005699032520565665998,88318,86,180,180,0,True
1732947563,21298658,6555368216005699032520565665998,88318,86,180,180,0,True
1732947575,21298659,6555368216005699032520565665998,88318,86,180,180,0,True
1732947587,21298660,6555368216005699032520565665998,88318,86,180,180,0,True
1732947599,21298661,6555368216005699032520565665998,88318,86,180,180,0,True
1732947611,21298662,6555368216005699032520565665998,88318,86,180,180,0,True
1732947623,21298663,6555368216005699032520565665998,88318,86,180,180,0,True
1732947635,21298664,6555368216005699032520565665998,88318,86,180,180,0,True
1732947647,21298665,6555368216005699032520565665998,88318,86,180,180,0,True
1732947659,21298666,6555368216005699032520565665998,88318,86,180,180,0,True
1732947671,21298667,6555368216005699032520565665998,88318,86,180,180,0,True
1732947683,21298668,6555368216005699032520565665998,88318,86,180,180,0,True
1732947695,21298669,6555368216005699032520565665998,88318,86,180,180,0,True
1732947707,21298670,6555368216005699032520565665998,88318,86,180,180,0,True
1732947719,21298671,6555368216005699032520565665998,88318,86,180,180,0,True
1732947731,21298672,6555368216005699032520565665998,88318,86,180,180,0,True
1732947743,21298673,6555368216005699032520565665998,88318,86,180,180,0,True
1732947755,21298674,6555368216005699032520565665998,88318,86,180,180,0,True
1732947767,21298675,6555368216005699032520565665998,88318,86,180,180,0,True
1732947779,21298676,6555368216005699032520565665998,88318,86,180,180,0,True
1732947791,21298677,6555368216005699032520565665998,88318,86,180,180,0,True
1732947803,21298678,6555368216005699032520565665998,88318,86,180,180,0,True
1732947815,21298679,6555197295971623350441291056890,88318,86,180,180,0,True
1732947827,21298680,6555197295971623350441291056890,88318,86,180,180,0,True
1732947839,21298681,6555197295971623350441291056890,88318,86,180,180,0,True
1732947851,21298682,6555197295971623350441291056890,88318,86,180,180,0,True
1732947863,21298683,6555197295971623350441291056890,88318,86,180,180,0,True
1732947875,21298684,6555197295971623350441291056890,88318,86,180,180,0,True
1732947887,21298685,6555197295971623350441291056890,88318,86,180,180,0,True
1732947899,21298686,6555197295971623350441291056890,88318,86,180,180,0,True
1732947911,21298687,6555197295971623350441291056890,88318,86,180,180,0,True
1732947923,21298688,6555197295971623350441291056890,88318,86,180,180,0,True
1732947935,21298689,6555197295971623350441291056890,88318,86,180,180,0,True
1732947947,21298690,6555197295971623350441291056890,88318,86,180,180,0,True
1732947959,21298691,6555197295971623350441291056890,88318,86,180,180,0,True
1732947971,21298692,6555197295971623350441291056890,88318,86,180,180,0,True
1732947983,21298693,6555197295971623350441291056890,88318,86,180,180,0,True
1732947995,21298694,6555197295971623350441291056890,88318,86,180,180,0,True
1732948007,21298695,6555197295971623350441291056890,88318,86,180,180,0,True
1732948019,21298696,6555197295971623350441291056890,88318,86,180,180,0,True
1732948031,21298697,6555197295971623350441291056890,88318,86,180,180,0,True
1732948043,21298698,6555197295971623350441291056890,88318,86,180,180,0,True
1732948055,21298699,6555197295971623350441291056890,88318,86,180,180,0,True
1732948067,21298700,6555197295971623350441291056890,88318,86,180,180,0,True
1732948079,21298701,6555197295971623350441291056890,88318,86,180,180,0,True
1732948091,21298702,6555197295971623350441291056890,88318,86,180,180,0,True
1732948103,21298703,6555197295971623350441291056890,88318,86,180,180,0,True
1732948115,21298704,6555197295971623350441291056890,88318,86,180,180,0,True
1732948127,21298705,6555197295971623350441291056890,88318,86,180,180,0,True
1732948139,21298706,6555197295971623350441291056890,88318,86,180,180,0,True
1732948151,21298707,6555197295971623350441291056890,88318,86,180,180,0,True
1732948163,21298708,6555197295971623350441291056890,88318,86,180,180,0,True
1732948175,21298709,6555197295971623350441291056890,88318,86,180,180,0,True
1732948187,21298710,6555197295971623350441291056890,88318,86,180,180,0,True
1732948199,21298711,6555197295971623350441291056890,88318,86,180,180,0,True
1732948211,21298712,6555197295971623350441291056890,88318,86,180,180,0,True
1732948223,21298713,6555197295971623350441291056890,88318,86,180,180,0,True
1732948235,21298714,6555197295971623350441291056890,88318,86,180,180,0,True
1732948247,21298715,6555197295971623350441291056890,88318,86,180,180,0,True
1732948259,21298716,6555197295971623350441291056890,88318,86,180,180,0,True
1732948271,21298717,6555197295971623350441291056890,88318,86,180,180,0,True
1732948283,21298718,6560207406188584217112010388939,88333,87,180,180,0,True
1732948295,21298719,6560207406188584217112010388939,88333,87,180,180,0,True
1732948307,21298720,6560207406188584217112010388939,88333,87,180,180,0,True
1732948319,21298721,6560207406188584217112010388939,88333,87,180,180,0,True
1732948331,21298722,6560207406188584217112010388939,88333,87,180,180,0,True
1732948343,21298723,6560207406188584217112010388939,88333,87,180,180,0,True
1732948355,21298724,6560207406188584217112010388939,88333,87,180,180,0,True
1732948367,21298725,6560207406188584217112010388939,88333,87,180,180,0,True
1732948379,21298726,6560207406188584217112010388939,88333,87,180,180,0,True
1732948391,21298727,6560207406188584217112010388939,88333,87,180,180,0,True
1732948403,21298728,6560207406188584217112010388939,88333,87,180,180,0,True
1732948415,21298729,6560207406188584217112010388939,88333,87,180,180,0,True
1732948427,21298730,6560207406188584217112010388939,88333,87,180,180,0,True
1732948439,21298731,6560207406188584217112010388939,88333,87,180,180,0,True
1732948451,21298732,6560207406188584217112010388939,88333,87,180,180,0,True
1732948463,21298733,6560207406188584217112010388939,88333,87,180,180,0,True
1732948475,21298734,6560207406188584217112010388939,88333,87,180,180,0,True
1732948487,21298735,6560207406188584217112010388939,88333,87,180,180,0,True
1732948499,21298736,6560207406188584217112010388939,88333,87,180,180,0,True
1732948511,21298737,6560207406188584217112010388939,88333,87,180,180,0,True
1732948523,21298738,6560207406188584217112010388939,88333,87,180,180,0,True
1732948535,21298739,6560207406188584217112010388939,88333,87,180,180,0,True
1732948547,21298740,6560207406188584217112010388939,88333,87,180,180,0,True
1732948559,21298741,6560207406188584217112010388939,88333,87,180,180,0,True
1732948571,21298742,6560207406188584217112010388939,88333,87,180,180,0,True
1732948583,21298743,6560207406188584217112010388939,88333,87,180,180,0,True
1732948595,21298744,6560207406188584217112010388939,88333,87,180,180,0,True
1732948607,21298745,6560207406188584217112010388939,88333,87,180,180,0,True
1732948619,21298746,6560207406188584217112010388939,88333,87,180,180,0,True
1732948631,21298747,6560207406188584217112010388939,88333,87,180,180,0,True
1732948643,21298748,6560207406188584217112010388939,88333,87,180,180,0,True
1732948655,21298749,6560207406188584217112010388939,88333,87,180,180,0,True
1732948667,21298750,6560207406188584217112010388939,88333,87,180,180,0,True
1732948679,21298751,6560207406188584217112010388939,88333,87,180,180,0,True
1732948691,21298752,6560207406188584217112010388939,88333,87,180,180,0,True
1732948703,21298753,6560207406188584217112010388939,88333,87,180,180,0,True
1732948715,21298754,6560207406188584217112010388939,88333,87,180,180,0,True
1732948727,21298755,6560207406188584217112010388939,88333,87,180,180,0,True
1732948739,21298756,6560207406188584217112010388939,88333,87,180,180,0,True
1732948751,21298757,6560207406188584217112010388939,88333,87,180,180,0,True
1732948763,21298758,6560207406188584217112010388939,88333,87,180,180,0,True
1732948775,21298759,6560207406188584217112010388939,88333,87,180,180,0,True
1732948787,21298760,6560207406188584217112010388939,88333,87,180,180,0,True
1732948799,21298761,6560207406188584217112010388939,88333,87,180,180,0,True
1732948811,21298762,6560207406188584217112010388939,88333,87,180,180,0,True
1732948823,21298763,6560207406188584217112010388939,88333,87,180,180,0,True
1732948835,21298764,6560207406188584217112010388939,88333,87,180,180,0,True
1732948847,21298765,6560207406188584217112010388939,88333,87,180,180,0,True
1732948859,21298766,6560207406188584217112010388939,88333,87,180,180,0,True
1732948871,21298767,6560207406188584217112010388939,88333,87,180,180,0,True
1732948883,21298768,6560207406188584217112010388939,88333,87,180,180,0,True
1732948895,21298769,6560207406188584217112010388939,88333,87,180,180,0,True
1732948907,21298770,6560207406188584217112010388939,88333,87,180,180,0,True
1732948919,21298771,6560207406188584217112010388939,88333,87,180,180,0,True
1732948931,21298772,6560207406188584217112010388939,88333,87,180,180,0,True
1732948943,21298773,6560207406188584217112010388939,88333,87,180,180,0,True
1732948955,21298774,6560207406188584217112010388939,88333,87,180,180,0,True
1732948967,21298775,6560207406188584217112010388939,88333,87,180,180,0,True
1732948979,21298776,6560207406188584217112010388939,88333,87,180,180,0,True
1732948991,21298777,6560207406188584217112010388939,88333,87,180,180,0,True
1732949003,21298778,6560207406188584217112010388939,88333,87,180,180,0,True
1732949015,21298779,6560207406188584217112010388939,88333,87,180,180,0,True
1732949027,21298780,6560207406188584217112010388939,88333,87,180,180,0,True
1732949039,21298781,6560207406188584217112010388939,88333,87,180,180,0,True
1732949051,21298782,6560207406188584217112010388939,88333,87,180,180,0,True
1732949063,21298783,6560207406188584217112010388939,88333,87,180,180,0,True
1732949075,21298784,6560207406188584217112010388939,88333,87,180,180,0,True
1732949087,21298785,6560207406188584217112010388939,88333,87,180,180,0,True
1732949099,21298786,6560207406188584217112010388939,88333,87,180,180,0,True
1732949111,21298787,6560207406188584217112010388939,88333,87,180,180,0,True
1732949123,21298788,6560207406188584217112010388939,88333,87,180,180,0,True
1732949135,21298789,6560207406188584217112010388939,88333,87,180,180,0,True
1732949147,21298790,6560207406188584217112010388939,88333,87,180,180,0,True
1732949159,21298791,6560207406188584217112010388939,88333,87,180,180,0,True
1732949171,21298792,6560207406188584217112010388939,88333,87,180,180,0,True
1732949183,21298793,6560207406188584217112010388939,88333,87,180,180,0,True
1732949195,21298794,6560207406188584217112010388939,88333,87,180,180,0,True
1732949207,21298795,6560207406188584217112010388939,88333,87,180,180,0,True
1732949219,21298796,6560207406188584217112010388939,88333,87,180,180,0,True
1732949231,21298797,6560207406188584217112010388939,88333,87,180,180,0,True
1732949243,21298798,6560207406188584217112010388939,88333,87,180,180,0,True
1732949255,21298799,6560207406188584217112010388939,88333,87,180,180,0,True
1732949267,21298800,6560207406188584217112010388939,88333,87,180,180,0,True
1732949279,21298801,6560207406188584217112010388939,88333,87,180,180,0,True
1732949291,21298802,6560207406188584217112010388939,88333,87,180,180,0,True
1732949303,21298803,6560207406188584217112010388939,88333,87,180,180,0,True
1732949315,21298804,6560207406188584217112010388939,88333,87,180,180,0,True
1732949327,21298805,6560207406188584217112010388939,88333,87,180,180,0,True
1732949339,21298806,6560207406188584217112010388939,88333,87,180,180,0,True
1732949351,21298807,6560207406188584217112010388939,88333,87,180,180,0,True
1732949363,21298808,6560207406188584217112010388939,88333,87,180,180,0,True
1732949375,21298809,6560207406188584217112010388939,88333,87,180,180,0,True
1732949387,21298810,6560207406188584217112010388939,88333,87,180,180,0,True
1732949399,21298811,6560207406188584217112010388939,88333,87,180,180,0,True
1732949411,21298812,6560207406188584217112010388939,88333,87,180,180,0,True
1732949423,21298813,6560207406188584217112010388939,88333,87,180,180,0,True
1732949435,21298814,6560207406188584217112010388939,88333,87,180,180,0,True
1732949447,21298815,6560207406188584217112010388939,88333,87,180,180,0,True
1732949459,21298816,6560207406188584217112010388939,88333,87,180,180,0,True
1732949471,21298817,6560207406188584217112010388939,88333,87,180,180,0,True
1732949483,21298818,6560207406188584217112010388939,88333,87,180,180,0,True
1732949495,21298819,6560207406188584217112010388939,88333,87,180,180,0,True
1732949507,21298820,6560207406188584217112010388939,88333,87,180,180,0,True
1732949519,21298821,6560207406188584217112010388939,88333,87,180,180,0,True
1732949531,21298822,6560207406188584217112010388939,88333,87,180,180,0,True
1732949543,21298823,6560207406188584217112010388939,88333,87,180,180,0,True
1732949555,21298824,6560207406188584217112010388939,88333,87,180,180,0,True
1732949567,21298825,6560207406188584217112010388939,88333,87,180,180,0,True
1732949579,21298826,6560207406188584217112010388939,88333,87,180,180,0,True
1732949591,21298827,6560207406188584217112010388939,88333,87,180,180,0,True
1732949603,21298828,6562360719942182024735313466929,88339,88,180,180,0,True
1732949615,21298829,6562360719942182024735313466929,88339,88,180,180,0,True
1732949627,21298830,6562360719942182024735313466929,88339,88,180,180,0,True
1732949639,21298831,6562360719942182024735313466929,88339,88,180,180,0,True
1732949651,21298832,6562360719942182024735313466929,88339,88,180,180,0,True
1732949663,21298833,6562360719942182024735313466929,88339,88,180,180,0,True
1732949675,21298834,6562360719942182024735313466929,88339,88,180,180,0,True
1732949687,21298835,6562360719942182024735313466929,88339,88,180,180,0,True
1732949699,21298836,6562360719942182024735313466929,88339,88,180,180,0,True
1732949711,21298837,6562360719942182024735313466929,88339,88,180,180,0,True
1732949723,21298838,6562360719942182024735313466929,88339,88,180,180,0,True
1732949735,21298839,6562360719942182024735313466929,88339,88,180,180,0,True
1732949747,21298840,6562360719942182024735313466929,88339,88,180,180,0,True
1732949759,21298841,6562360719942182024735313466929,88339,88,180,180,0,True
1732949771,21298842,6562360719942182024735313466929,88339,88,180,180,0,True
1732949783,21298843,6562360719942182024735313466929,88339,88,180,180,0,True
1732949795,21298844,6562360719942182024735313466929,88339,88,180,180,0,True
1732949807,21298845,6562360719942182024735313466929,88339,88,180,180,0,True
1732949819,21298846,6562360719942182024735313466929,88339,88,180,180,0,True
1732949831,21298847,6562360719942182024735313466929,88339,88,180,180,0,True
1732949843,21298848,6562360719942182024735313466929,88339,88,180,180,0,True
1732949855,21298849,6562360719942182024735313466929,88339,88,180,180,0,True
1732949867,21298850,6562360719942182024735313466929,88339,88,180,180,0,True
1732949879,21298851,6562360719942182024735313466929,88339,88,180,180,0,True
1732949891,21298852,6562360719942182024735313466929,88339,88,180,180,0,True
1732949903,21298853,6562360719942182024735313466929,88339,88,180,180,0,True
1732949915,21298854,6562360719942182024735313466929,88339,88,180,180,0,True
1732949927,21298855,6562360719942182024735313466929,88339,88,180,180,0,True
1732949939,21298856,6562360719942182024735313466929,88339,88,180,180,0,True
1732949951,21298857,6562360719942182024735313466929,88339,88,180,180,0,True
1732949963,21298858,6562360719942182024735313466929,88339,88,180,180,0,True
1732949975,21298859,6562360719942182024735313466929,88339,88,180,180,0,True
1732949987,21298860,6567132594876357444924921266384,88354,89,180,180,0,True
1732949999,21298861,6567132594876357444924921266384,88354,89,180,180,0,True
1732950011,21298862,6567132594876357444924921266384,88354,89,180,180,0,True
1732950023,21298863,6567132594876357444924921266384,88354,89,180,180,0,True
1732950035,21298864,6567132594876357444924921266384,88354,89,180,180,0,True
1732950047,21298865,6567132594876357444924921266384,88354,89,180,180,0,True
1732950059,21298866,6567132594876357444924921266384,88354,89,180,180,0,True
1732950071,21298867,6567132594876357444924921266384,88354,89,180,180,0,True
1732950083,21298868,6567132594876357444924921266384,88354,89,180,180,0,True
1732950095,21298869,6567132594876357444924921266384,88354,89,180,180,0,True
1732950107,21298870,6567132594876357444924921266384,88354,89,180,180,0,True
1732950119,21298871,6567132594876357444924921266384,88354,89,180,180,0,True
1732950131,21298872,6567132594876357444924921266384,88354,89,180,180,0,True
1732950143,21298873,6567132594876357444924921266384,88354,89,180,180,0,True
1732950155,21298874,6567132594876357444924921266384,88354,89,180,180,0,True
1732950167,21298875,6567132594876357444924921266384,88354,89,180,180,0,True
1732950179,21298876,6567221075159662817433561318410,88354,89,180,180,0,True
1732950191,21298877,6567221075159662817433561318410,88354,89,180,180,0,True
1732950203,21298878,6567221075159662817433561318410,88354,89,180,180,0,True
1732950215,21298879,6567221075159662817433561318410,88354,89,180,180,0,True
1732950227,21298880,6567221075159662817433561318410,88354,89,180,180,0,True
1732950239,21298881,6567221075159662817433561318410,88354,89,180,180,0,True
1732950251,21298882,6567221075159662817433561318410,88354,89,180,180,0,True
1732950263,21298883,6567221075159662817433561318410,88354,89,180,180,0,True
1732950275,21298884,6567221075159662817433561318410,88354,89,180,180,0,True
1732950287,21298885,6567221075159662817433561318410,88354,89,180,180,0,True
1732950299,21298886,6567221075159662817433561318410,88354,89,180,180,0,True
1732950311,21298887,6567221075159662817433561318410,88354,89,180,180,0,True
1732950323,21298888,6567221075159662817433561318410,88354,89,180,180,0,True
1732950335,21298889,6567221075159662817433561318410,88354,89,180,180,0,True
1732950347,21298890,6567221075159662817433561318410,88354,89,180,180,0,True
1732950359,21298891,6567221075159662817433561318410,88354,89,180,180,0,True
1732950371,21298892,6567221075159662817433561318410,88354,89,180,180,0,True
1732950383,21298893,6567221075159662817433561318410,88354,89,180,180,0,True
1732950395,21298894,6567221075159662817433561318410,88354,89,180,180,0,True
1732950407,21298895,6567221075159662817433561318410,88354,89,180,180,0,True
1732950419,21298896,6567221075159662817433561318410,88354,89,180,180,0,True
1732950431,21298897,6567221075159662817433561318410,88354,89,180,180,0,True
1732950443,21298898,6567221075159662817433561318410,88354,89,180,180,0,True
1732950455,21298899,6567221075159662817433561318410,88354,89,180,180,0,True
1732950467,21298900,6567221075159662817433561318410,88354,89,180,180,0,True
1732950479,21298901,6567221075159662817433561318410,88354,89,180,180,0,True
1732950491,21298902,6567221075159662817433561318410,88354,89,180,180,0,True
1732950503,21298903,6567221075159662817433561318410,88354,89,180,180,0,True
1732950515,21298904,6567221075159662817433561318410,88354,89,180,180,0,True
1732950527,21298905,6567221075159662817433561318410,88354,89,180,180,0,True
1732950539,21298906,6567221075159662817433561318410,88354,89,180,180,0,True
1732950551,21298907,6567221075159662817433561318410,88354,89,180,180,0,True
1732950563,21298908,6567221075159662817433561318410,88354,89,180,180,0,True
1732950575,21298909,6567221075159662817433561318410,88354,89,180,180,0,True
1732950587,21298910,6567221075159662817433561318410,88354,89,180,180,0,True
1732950599,21298911,6567221075159662817433561318410,88354,89,180,180,0,True
1732950611,21298912,6567221075159662817433561318410,88354,89,180,180,0,True
1732950623,21298913,6567221075159662817433561318410,88354,89,180,180,0,True
1732950635,21298914,6567221075159662817433561318410,88354,89,180,180,0,True
1732950647,21298915,6567221075159662817433561318410,88354,89,180,180,0,True
1732950659,21298916,6567221075159662817433561318410,88354,89,180,180,0,True
1732950671,21298917,6567221075159662817433561318410,88354,89,180,180,0,True
1732950683,21298918,6567221075159662817433561318410,88354,89,180,180,0,True
1732950695,21298919,6567221075159662817433561318410,88354,89,180,180,0,True
1732950707,21298920,6567221075159662817433561318410,88354,89,180,180,0,True
1732950719,21298921,6567221075159662817433561318410,88354,89,180,180,0,True
1732950731,21298922,6567221075159662817433561318410,88354,89,180,180,0,True
1732950743,21298923,6567221075159662817433561318410,88354,89,180,180,0,True
1732950755,21298924,6567221075159662817433561318410,88354,89,180,180,0,True
1732950767,21298925,6567221075159662817433561318410,88354,89,180,180,0,True
1732950779,21298926,6567112930973344099193832436562,88354,89,180,180,0,True
1732950791,21298927,6567112930973344099193832436562,88354,89,180,180,0,True
1732950803,21298928,6567112930973344099193832436562,88354,89,180,180,0,True
1732950815,21298929,6567112930973344099193832436562,88354,89,180,180,0,True
1732950827,21298930,6567112930973344099193832436562,88354,89,180,180,0,True
1732950839,21298931,6567112930973344099193832436562,88354,89,180,180,0,True
1732950851,21298932,6567112930973344099193832436562,88354,89,180,180,0,True
1732950863,21298933,6567112930973344099193832436562,88354,89,180,180,0,True
1732950875,21298934,6567112930973344099193832436562,88354,89,180,180,0,True
1732950887,21298935,6567112930973344099193832436562,88354,89,180,180,0,True
1732950899,21298936,6567112930973344099193832436562,88354,89,180,180,0,True
1732950911,21298937,6567024964201914665013366752737,88354,89,180,180,0,True
1732950923,21298938,6567024964201914665013366752737,88354,89,180,180,0,True
1732950935,21298939,6567024964201914665013366752737,88354,89,180,180,0,True
1732950947,21298940,6567024964201914665013366752737,88354,89,180,180,0,True
1732950959,21298941,6567024964201914665013366752737,88354,89,180,180,0,True
1732950971,21298942,6567024964201914665013366752737,88354,89,180,180,0,True
1732950983,21298943,6567024964201914665013366752737,88354,89,180,180,0,True
1732950995,21298944,6567024964201914665013366752737,88354,89,180,180,0,True
1732951007,21298945,6567024964201914665013366752737,88354,89,180,180,0,True
1732951019,21298946,6567024964201914665013366752737,88354,89,180,180,0,True
1732951031,21298947,6567024964201914665013366752737,88354,89,180,180,0,True
1732951043,21298948,6567024964201914665013366752737,88354,89,180,180,0,True
1732951055,21298949,6567024964201914665013366752737,88354,89,180,180,0,True
1732951067,21298950,6567024964201914665013366752737,88354,89,180,180,0,True
1732951079,21298951,6567024964201914665013366752737,88354,89,180,180,0,True
1732951091,21298952,6567024964201914665013366752737,88354,89,180,180,0,True
1732951103,21298953,6567024964201914665013366752737,88354,89,180,180,0,True
1732951115,21298954,6567024964201914665013366752737,88354,89,180,180,0,True
1732951127,21298955,6567024964201914665013366752737,88354,89,180,180,0,True
1732951139,21298956,6567024964201914665013366752737,88354,89,180,180,0,True
1732951151,21298957,6567024964201914665013366752737,88354,89,180,180,0,True
1732951163,21298958,6567024964201914665013366752737,88354,89,180,180,0,True
1732951175,21298959,6567024964201914665013366752737,88354,89,180,180,0,True
1732951187,21298960,6567024964201914665013366752737,88354,89,180,180,0,True
1732951199,21298961,6567024964201914665013366752737,88354,89,180,180,0,True
1732951211,21298962,6567024964201914665013366752737,88354,89,180,180,0,True
1732951223,21298963,6572260738846919319376573444386,88370,90,180,180,0,True
1732951235,21298964,6572260738846919319376573444386,88370,90,180,180,0,True
1732951247,21298965,6572260738846919319376573444386,88370,90,180,180,0,True
1732951259,21298966,6572260738846919319376573444386,88370,90,180,180,0,True
1732951271,21298967,6572260738846919319376573444386,88370,90,180,180,0,True
1732951283,21298968,6572260738846919319376573444386,88370,90,180,180,0,True
1732951295,21298969,6572260738846919319376573444386,88370,90,180,180,0,True
1732951307,21298970,6572260738846919319376573444386,88370,90,180,180,0,True
1732951319,21298971,6572260738846919319376573444386,88370,90,180,180,0,True
1732951331,21298972,6572260738846919319376573444386,88370,90,180,180,0,True
1732951343,21298973,6572260738846919319376573444386,88370,90,180,180,0,True
1732951355,21298974,6572260738846919319376573444386,88370,90,180,180,0,True
1732951367,21298975,6572260738846919319376573444386,88370,90,180,180,0,True
1732951379,21298976,6572260738846919319376573444386,88370,90,180,180,0,True
1732951391,21298977,6572260738846919319376573444386,88370,90,180,180,0,True
1732951403,21298978,6572260738846919319376573444386,88370,90,180,180,0,True
1732951415,21298979,6572260738846919319376573444386,88370,90,180,180,0,True
1732951427,21298980,6572260738846919319376573444386,88370,90,180,180,0,True
1732951439,21298981,6572260738846919319376573444386,88370,90,180,180,0,True
1732951451,21298982,6572260738846919319376573444386,88370,90,180,180,0,True
1732951463,21298983,6572260738846919319376573444386,88370,90,180,180,0,True
1732951475,21298984,6572260738846919319376573444386,88370,90,180,180,0,True
1732951487,21298985,6572260738846919319376573444386,88370,90,180,180,0,True
1732951499,21298986,6572260738846919319376573444386,88370,90,180,180,0,True
1732951511,21298987,6572260738846919319376573444386,88370,90,180,180,0,True
1732951523,21298988,6572260738846919319376573444386,88370,90,180,180,0,True
1732951535,21298989,6572260738846919319376573444386,88370,90,180,180,0,True
1732951547,21298990,6572260738846919319376573444386,88370,90,180,180,0,True
1732951559,21298991,6572260738846919319376573444386,88370,90,180,180,0,True
1732951571,21298992,6572260738846919319376573444386,88370,90,180,180,0,True
1732951583,21298993,6572260738846919319376573444386,88370,90,180,180,0,True
1732951595,21298994,6572260738846919319376573444386,88370,90,180,180,0,True
1732951607,21298995,6572260738846919319376573444386,88370,90,180,180,0,True
1732951619,21298996,6572260738846919319376573444386,88370,90,180,180,0,True
1732951631,21298997,6572260738846919319376573444386,88370,90,180,180,0,True
1732951643,21298998,6572260738846919319376573444386,88370,90,180,180,0,True
1732951655,21298999,6572260738846919319376573444386,88370,90,180,180,0,True
1732951667,21299000,6572260738846919319376573444386,88370,90,180,180,0,True
1732951679,21299001,6572260738846919319376573444386,88370,90,180,180,0,True
1732951691,21299002,6572260738846919319376573444386,88370,90,180,180,0,True
1732951703,21299003,6572260738846919319376573444386,88370,90,180,180,0,True
1732951715,21299004,6572260738846919319376573444386,88370,90,180,180,0,True
1732951727,21299005,6572260738846919319376573444386,88370,90,180,180,0,True
1732951739,21299006,6572260738846919319376573444386,88370,90,180,180,0,True
1732951751,21299007,6572260738846919319376573444386,88370,90,180,180,0,True
1732951763,21299008,6572260738846919319376573444386,88370,90,180,180,0,True
1732951775,21299009,6572260738846919319376573444386,88370,90,180,180,0,True
1732951787,21299010,6572260738846919319376573444386,88370,90,180,180,0,True
1732951799,21299011,6572260738846919319376573444386,88370,90,180,180,0,True
1732951811,21299012,6572260738846919319376573444386,88370,90,180,180,0,True
1732951823,21299013,6572260738846919319376573444386,88370,90,180,180,0,True
1732951835,21299014,6572260738846919319376573444386,88370,90,180,180,0,True
1732951847,21299015,6572260738846919319376573444386,88370,90,180,180,0,True
1732951859,21299016,6572260738846919319376573444386,88370,90,180,180,0,True
1732951871,21299017,6572260738846919319376573444386,88370,90,180,180,0,True
1732951883,21299018,6572260738846919319376573444386,88370,90,180,180,0,True
1732951895,21299019,6572260738846919319376573444386,88370,90,180,180,0,True
1732951907,21299020,6572260738846919319376573444386,88370,90,180,180,0,True
1732951919,21299021,6572260738846919319376573444386,88370,90,180,180,0,True
1732951931,21299022,6572260738846919319376573444386,88370,90,180,180,0,True
1732951943,21299023,6572260738846919319376573444386,88370,90,180,180,0,True
1732951955,21299024,6572260738846919319376573444386,88370,90,180,180,0,True
1732951967,21299025,6572260738846919319376573444386,88370,90,180,180,0,True
1732951979,21299026,6572260738846919319376573444386,88370,90,180,180,0,True
1732951991,21299027,6572260738846919319376573444386,88370,90,180,180,0,True
1732952003,21299028,6572260738846919319376573444386,88370,90,180,180,0,True
1732952015,21299029,6572260738846919319376573444386,88370,90,180,180,0,True
1732952027,21299030,6572260738846919319376573444386,88370,90,180,180,0,True
1732952039,21299031,6572260738846919319376573444386,88370,90,180,180,0,True
1732952051,21299032,6572260738846919319376573444386,88370,90,180,180,0,True
1732952063,21299033,6572260738846919319376573444386,88370,90,180,180,0,True
1732952075,21299034,6572260738846919319376573444386,88370,90,180,180,0,True
1732952087,21299035,6572260738846919319376573444386,88370,90,180,180,0,True
1732952099,21299036,6572260738846919319376573444386,88370,90,180,180,0,True
1732952111,21299037,6572260738846919319376573444386,88370,90,180,180,0,True
1732952123,21299038,6572260738846919319376573444386,88370,90,180,180,0,True
1732952135,21299039,6572260738846919319376573444386,88370,90,180,180,0,True
1732952147,21299040,6572260738846919319376573444386,88370,90,180,180,0,True
1732952159,21299041,6572260738846919319376573444386,88370,90,180,180,0,True
1732952171,21299042,6572260738846919319376573444386,88370,90,180,180,0,True
1732952183,21299043,6572260738846919319376573444386,88370,90,180,180,0,True
1732952195,21299044,6572260738846919319376573444386,88370,90,180,180,0,True
1732952207,21299045,6572260738846919319376573444386,88370,90,180,180,0,True
1732952219,21299046,6572260738846919319376573444386,88370,90,180,180,0,True
1732952231,21299047,6572260738846919319376573444386,88370,90,180,180,0,True
1732952243,21299048,6572260738846919319376573444386,88370,90,180,180,0,True
1732952255,21299049,6572260738846919319376573444386,88370,90,180,180,0,True
1732952267,21299050,6572260738846919319376573444386,88370,90,180,180,0,True
1732952279,21299051,6572260738846919319376573444386,88370,90,180,180,0,True
1732952291,21299052,6572260738846919319376573444386,88370,90,180,180,0,True
1732952303,21299053,6572260738846919319376573444386,88370,90,180,180,0,True
1732952315,21299054,6572260738846919319376573444386,88370,90,180,180,0,True
1732952327,21299055,6572260738846919319376573444386,88370,90,180,180,0,True
1732952339,21299056,6572260738846919319376573444386,88370,90,180,180,0,True
1732952351,21299057,6572260738846919319376573444386,88370,90,180,180,0,True
1732952363,21299058,6572260738846919319376573444386,88370,90,180,180,0,True
1732952375,21299059,6572260738846919319376573444386,88370,90,180,180,0,True
1732952387,21299060,6572260738846919319376573444386,88370,90,180,180,0,True
1732952399,21299061,6572260738846919319376573444386,88370,90,180,180,0,True
1732952411,21299062,6572260738846919319376573444386,88370,90,180,180,0,True
1732952423,21299063,6572260738846919319376573444386,88370,90,180,180,0,True
1732952435,21299064,6572260738846919319376573444386,88370,90,180,180,0,True
1732952447,21299065,6572260738846919319376573444386,88370,90,180,180,0,True
1732952459,21299066,6572260738846919319376573444386,88370,90,180,180,0,True
1732952471,21299067,6572260738846919319376573444386,88370,90,180,180,0,True
1732952483,21299068,6572260738846919319376573444386,88370,90,180,180,0,True
1732952495,21299069,6572260738846919319376573444386,88370,90,180,180,0,True
1732952507,21299070,6572260738846919319376573444386,88370,90,180,180,0,True
1732952519,21299071,6572260738846919319376573444386,88370,90,180,180,0,True
1732952531,21299072,6572260738846919319376573444386,88370,90,180,180,0,True
1732952543,21299073,6572260738846919319376573444386,88370,90,180,180,0,True
1732952555,21299074,6572260738846919319376573444386,88370,90,180,180,0,True
1732952567,21299075,6572260738846919319376573444386,88370,90,180,180,0,True
1732952579,21299076,6572260738846919319376573444386,88370,90,180,180,0,True
1732952591,21299077,6572260738846919319376573444386,88370,90,180,180,0,True
1732952603,21299078,6572260738846919319376573444386,88370,90,180,180,0,True
1732952615,21299079,6572260738846919319376573444386,88370,90,180,180,0,True
1732952627,21299080,6572260738846919319376573444386,88370,90,180,180,0,True
1732952639,21299081,6572260738846919319376573444386,88370,90,180,180,0,True
1732952651,21299082,6572260738846919319376573444386,88370,90,180,180,0,True
1732952663,21299083,6572260738846919319376573444386,88370,90,180,180,0,True
1732952675,21299084,6572260738846919319376573444386,88370,90,180,180,0,True
1732952687,21299085,6572260738846919319376573444386,88370,90,180,180,0,True
1732952699,21299086,6572260738846919319376573444386,88370,90,180,180,0,True
1732952711,21299087,6572260738846919319376573444386,88370,90,180,180,0,True
1732952723,21299088,6572260738846919319376573444386,88370,90,180,180,0,True
1732952735,21299089,6572260738846919319376573444386,88370,90,180,180,0,True
1732952747,21299090,6572260738846919319376573444386,88370,90,180,180,0,True
1732952759,21299091,6572260738846919319376573444386,88370,90,180,180,0,True
1732952771,21299092,6572260738846919319376573444386,88370,90,180,180,0,True
1732952783,21299093,6572260738846919319376573444386,88370,90,180,180,0,True
1732952795,21299094,6572260738846919319376573444386,88370,90,180,180,0,True
1732952807,21299095,6572260738846919319376573444386,88370,90,180,180,0,True
1732952819,21299096,6572260738846919319376573444386,88370,90,180,180,0,True
1732952831,21299097,6572260738846919319376573444386,88370,90,180,180,0,True
1732952843,21299098,6572260738846919319376573444386,88370,90,180,180,0,True
1732952855,21299099,6572260738846919319376573444386,88370,90,180,180,0,True
1732952867,21299100,6572260738846919319376573444386,88370,90,180,180,0,True
1732952879,21299101,6572260738846919319376573444386,88370,90,180,180,0,True
1732952891,21299102,6572260738846919319376573444386,88370,90,180,180,0,True
1732952903,21299103,6572260738846919319376573444386,88370,90,180,180,0,True
1732952915,21299104,6572260738846919319376573444386,88370,90,180,180,0,True
1732952927,21299105,6572260738846919319376573444386,88370,90,180,180,0,True
1732952939,21299106,6572260738846919319376573444386,88370,90,180,180,0,True
1732952951,21299107,6572260738846919319376573444386,88370,90,180,180,0,True
1732952963,21299108,6572260738846919319376573444386,88370,90,180,180,0,True
1732952975,21299109,6572260738846919319376573444386,88370,90,180,180,0,True
1732952987,21299110,6572260738846919319376573444386,88370,90,180,180,0,True
1732952999,21299111,6572260738846919319376573444386,88370,90,180,180,0,True
1732953011,21299112,6572260738846919319376573444386,88370,90,180,180,0,True
1732953023,21299113,6572260738846919319376573444386,88370,90,180,180,0,True
1732953035,21299114,6572260738846919319376573444386,88370,90,180,180,0,True
1732953047,21299115,6555563145060889314250622385208,88319,91,180,180,0,True
1732953059,21299116,6555563145060889314250622385208,88319,91,180,180,0,True
1732953071,21299117,6555563145060889314250622385208,88319,91,180,180,0,True
1732953083,21299118,6555563145060889314250622385208,88319,91,180,180,0,True
1732953095,21299119,6555563145060889314250622385208,88319,91,180,180,0,True
1732953107,21299120,6555563145060889314250622385208,88319,91,180,180,0,True
1732953119,21299121,6555563145060889314250622385208,88319,91,180,180,0,True
1732953131,21299122,6555563145060889314250622385208,88319,91,180,180,0,True
1732953143,21299123,6555563145060889314250622385208,88319,91,180,180,0,True
1732953155,21299124,6555563145060889314250622385208,88319,91,180,180,0,True
1732953167,21299125,6555563145060889314250622385208,88319,91,180,180,0,True
1732953179,21299126,6555563145060889314250622385208,88319,91,180,180,0,True
1732953191,21299127,6555563145060889314250622385208,88319,91,180,180,0,True
1732953203,21299128,6555563145060889314250622385208,88319,91,180,180,0,True
1732953215,21299129,6555563145060889314250622385208,88319,91,180,180,0,True
1732953227,21299130,6555563145060889314250622385208,88319,91,180,180,0,True
1732953239,21299131,6555563145060889314250622385208,88319,91,180,180,0,True
1732953251,21299132,6555563145060889314250622385208,88319,91,180,180,0,True
1732953263,21299133,6555563145060889314250622385208,88319,91,180,180,0,True
1732953275,21299134,6555563145060889314250622385208,88319,91,180,180,0,True
1732953287,21299135,6555563145060889314250622385208,88319,91,180,180,0,True
1732953299,21299136,6555563145060889314250622385208,88319,91,180,180,0,True
1732953311,21299137,6555563145060889314250622385208,88319,91,180,180,0,True
1732953323,21299138,6555563145060889314250622385208,88319,91,180,180,0,True
1732953335,21299139,6555563145060889314250622385208,88319,91,180,180,0,True
1732953347,21299140,6555563145060889314250622385208,88319,91,180,180,0,True
1732953359,21299141,6555563145060889314250622385208,88319,91,180,180,0,True
1732953371,21299142,6555563145060889314250622385208,88319,91,180,180,0,True
1732953383,21299143,6555563145060889314250622385208,88319,91,180,180,0,True
1732953395,21299144,6555563145060889314250622385208,88319,91,180,180,0,True
1732953407,21299145,6555563145060889314250622385208,88319,91,180,180,0,True
1732953419,21299146,6555563145060889314250622385208,88319,91,180,180,0,True
1732953431,21299147,6555563145060889314250622385208,88319,91,180,180,0,True
1732953443,21299148,6555563145060889314250622385208,88319,91,180,180,0,True
1732953455,21299149,6555563145060889314250622385208,88319,91,180,180,0,True
1732953467,21299150,6555563145060889314250622385208,88319,91,180,180,0,True
1732953479,21299151,6555563145060889314250622385208,88319,91,180,180,0,True
1732953491,21299152,6555563145060889314250622385208,88319,91,180,180,0,True
1732953503,21299153,6555563145060889314250622385208,88319,91,180,180,0,True
1732953515,21299154,6555563145060889314250622385208,88319,91,180,180,0,True
1732953527,21299155,6555563145060889314250622385208,88319,91,180,180,0,True
1732953539,21299156,6555563145060889314250622385208,88319,91,180,180,0,True
1732953551,21299157,6555563145060889314250622385208,88319,91,180,180,0,True
1732953563,21299158,6555563145060889314250622385208,88319,91,180,180,0,True
1732953575,21299159,6555563145060889314250622385208,88319,91,180,180,0,True
1732953587,21299160,6555563145060889314250622385208,88319,91,180,180,0,True
1732953599,21299161,6555563145060889314250622385208,88319,91,180,180,0,True
1732953611,21299162,6555563145060889314250622385208,88319,91,180,180,0,True
1732953623,21299163,6555563145060889314250622385208,88319,91,180,180,0,True
1732953635,21299164,6555563145060889314250622385208,88319,91,180,180,0,True
1732953647,21299165,6555563145060889314250622385208,88319,91,180,180,0,True
1732953659,21299166,6555563145060889314250622385208,88319,91,180,180,0,True
1732953671,21299167,6555563145060889314250622385208,88319,91,180,180,0,True
1732953683,21299168,6555563145060889314250622385208,88319,91,180,180,0,True
1732953695,21299169,6555563145060889314250622385208,88319,91,180,180,0,True
1732953707,21299170,6555563145060889314250622385208,88319,91,180,180,0,True
1732953719,21299171,6555563145060889314250622385208,88319,91,180,180,0,True
1732953731,21299172,6555563145060889314250622385208,88319,91,180,180,0,True
1732953743,21299173,6555563145060889314250622385208,88319,91,180,180,0,True
1732953755,21299174,6555563145060889314250622385208,88319,91,180,180,0,True
1732953767,21299175,6555563145060889314250622385208,88319,91,180,180,0,True
1732953779,21299176,6555563145060889314250622385208,88319,91,180,180,0,True
1732953791,21299177,6555563145060889314250622385208,88319,91,180,180,0,True
1732953803,21299178,6555563145060889314250622385208,88319,91,180,180,0,True
1732953815,21299179,6555563145060889314250622385208,88319,91,180,180,0,True
1732953827,21299180,6555563145060889314250622385208,88319,91,180,180,0,True
1732953839,21299181,6555563145060889314250622385208,88319,91,180,180,0,True
1732953851,21299182,6555563145060889314250622385208,88319,91,180,180,0,True
1732953863,21299183,6555563145060889314250622385208,88319,91,180,180,0,True
1732953875,21299184,6555563145060889314250622385208,88319,91,180,180,0,True
1732953887,21299185,6555563145060889314250622385208,88319,91,180,180,0,True
1732953899,21299186,6555563145060889314250622385208,88319,91,180,180,0,True
1732953911,21299187,6555563145060889314250622385208,88319,91,180,180,0,True
1732953923,21299188,6555563145060889314250622385208,88319,91,180,180,0,True
1732953935,21299189,6555563145060889314250622385208,88319,91,180,180,0,True
1732953947,21299190,6555563145060889314250622385208,88319,91,180,180,0,True
1732953959,21299191,6555563145060889314250622385208,88319,91,180,180,0,True
1732953971,21299192,6555563145060889314250622385208,88319,91,180,180,0,True
1732953983,21299193,6555563145060889314250622385208,88319,91,180,180,0,True
1732953995,21299194,6555563145060889314250622385208,88319,91,180,180,0,True
1732954007,21299195,6555563145060889314250622385208,88319,91,180,180,0,True
1732954019,21299196,6555563145060889314250622385208,88319,91,180,180,0,True
1732954031,21299197,6555563145060889314250622385208,88319,91,180,180,0,True
1732954043,21299198,6555563145060889314250622385208,88319,91,180,180,0,True
1732954055,21299199,6555563145060889314250622385208,88319,91,180,180,0,True
1732954067,21299200,6555563145060889314250622385208,88319,91,180,180,0,True
1732954079,21299201,6555563145060889314250622385208,88319,91,180,180,0,True
1732954091,21299202,6555563145060889314250622385208,88319,91,180,180,0,True
1732954103,21299203,6555563145060889314250622385208,88319,91,180,180,0,True
1732954115,21299204,6555563145060889314250622385208,88319,91,180,180,0,True
1732954127,21299205,6555563145060889314250622385208,88319,91,180,180,0,True
1732954139,21299206,6555563145060889314250622385208,88319,91,180,180,0,True
1732954151,21299207,6555563145060889314250622385208,88319,91,180,180,0,True
1732954163,21299208,6555563145060889314250622385208,88319,91,180,180,0,True
1732954175,21299209,6555563145060889314250622385208,88319,91,180,180,0,True
1732954187,21299210,6555563145060889314250622385208,88319,91,180,180,0,True
1732954199,21299211,6555563145060889314250622385208,88319,91,180,180,0,True
1732954211,21299212,6555563145060889314250622385208,88319,91,180,180,0,True
1732954223,21299213,6555563145060889314250622385208,88319,91,180,180,0,True
1732954235,21299214,6555563145060889314250622385208,88319,91,180,180,0,True
1732954247,21299215,6555563145060889314250622385208,88319,91,180,180,0,True
1732954259,21299216,6555563145060889314250622385208,88319,91,180,180,0,True
1732954271,21299217,6555563145060889314250622385208,88319,91,180,180,0,True
1732954283,21299218,6555563145060889314250622385208,88319,91,180,180,0,True
1732954295,21299219,6555563145060889314250622385208,88319,91,180,180,0,True
1732954307,21299220,6555563145060889314250622385208,88319,91,180,180,0,True
1732954319,21299221,6555563145060889314250622385208,88319,91,180,180,0,True
1732954331,21299222,6555563145060889314250622385208,88319,91,180,180,0,True
1732954343,21299223,6555563145060889314250622385208,88319,91,180,180,0,True
1732954355,21299224,6555563145060889314250622385208,88319,91,180,180,0,True
1732954367,21299225,6555563145060889314250622385208,88319,91,180,180,0,True
1732954379,21299226,6555563145060889314250622385208,88319,91,180,180,0,True
1732954391,21299227,6555563145060889314250622385208,88319,91,180,180,0,True
1732954403,21299228,6555563145060889314250622385208,88319,91,180,180,0,True
1732954415,21299229,6555563145060889314250622385208,88319,91,180,180,0,True
1732954427,21299230,6555563145060889314250622385208,88319,91,180,180,0,True
1732954439,21299231,6555563145060889314250622385208,88319,91,180,180,0,True
1732954451,21299232,6555563145060889314250622385208,88319,91,180,180,0,True
1732954463,21299233,6555563145060889314250622385208,88319,91,180,180,0,True
1732954475,21299234,6555563145060889314250622385208,88319,91,180,180,0,True
1732954487,21299235,6555563145060889314250622385208,88319,91,180,180,0,True
1732954499,21299236,6555563145060889314250622385208,88319,91,180,180,0,True
1732954511,21299237,6555563145060889314250622385208,88319,91,180,180,0,True
1732954523,21299238,6555563145060889314250622385208,88319,91,180,180,0,True
1732954535,21299239,6555563145060889314250622385208,88319,91,180,180,0,True
1732954547,21299240,6555563145060889314250622385208,88319,91,180,180,0,True
1732954559,21299241,6551323340636739470737962997441,88306,92,180,180,0,True
1732954571,21299242,6551323340636739470737962997441,88306,92,180,180,0,True
1732954583,21299243,6551323340636739470737962997441,88306,92,180,180,0,True
1732954595,21299244,6551323340636739470737962997441,88306,92,180,180,0,True
1732954607,21299245,6551323340636739470737962997441,88306,92,180,180,0,True
1732954619,21299246,6551323340636739470737962997441,88306,92,180,180,0,True
1732954631,21299247,6551323340636739470737962997441,88306,92,180,180,0,True
1732954643,21299248,6551323340636739470737962997441,88306,92,180,180,0,True
1732954655,21299249,6551323340636739470737962997441,88306,92,180,180,0,True
1732954667,21299250,6551323340636739470737962997441,88306,92,180,180,0,True
1732954679,21299251,6551323340636739470737962997441,88306,92,180,180,0,True
1732954691,21299252,6551323340636739470737962997441,88306,92,180,180,0,True
1732954703,21299253,6551323340636739470737962997441,88306,92,180,180,0,True
1732954715,21299254,6551323340636739470737962997441,88306,92,180,180,0,True
1732954727,21299255,6551323340636739470737962997441,88306,92,180,180,0,True
1732954739,21299256,6551323340636739470737962997441,88306,92,180,180,0,True
1732954751,21299257,6551323340636739470737962997441,88306,92,180,180,0,True
1732954763,21299258,6551323340636739470737962997441,88306,92,180,180,0,True
1732954775,21299259,6551323340636739470737962997441,88306,92,180,180,0,True
1732954787,21299260,6551323340636739470737962997441,88306,92,180,180,0,True
1732954799,21299261,6551323340636739470737962997441,88306,92,180,180,0,True
1732954811,21299262,6551323340636739470737962997441,88306,92,180,180,0,True
1732954823,21299263,6551323340636739470737962997441,88306,92,180,180,0,True
1732954835,21299264,6551323340636739470737962997441,88306,92,180,180,0,True
1732954847,21299265,6551323340636739470737962997441,88306,92,180,180,0,True
1732954859,21299266,6551323340636739470737962997441,88306,92,180,180,0,True
1732954871,21299267,6551323340636739470737962997441,88306,92,180,180,0,True
1732954883,21299268,6551323340636739470737962997441,88306,92,180,180,0,True
1732954895,21299269,6551323340636739470737962997441,88306,92,180,180,0,True
1732954907,21299270,6551323340636739470737962997441,88306,92,180,180,0,True
1732954919,21299271,6551323340636739470737962997441,88306,92,180,180,0,True
1732954931,21299272,6551323340636739470737962997441,88306,92,180,180,0,True
1732954943,21299273,6551323340636739470737962997441,88306,92,180,180,0,True
1732954955,21299274,6551323340636739470737962997441,88306,92,180,180,0,True
1732954967,21299275,6551323340636739470737962997441,88306,92,180,180,0,True
1732954979,21299276,6551323340636739470737962997441,88306,92,180,180,0,True
1732954991,21299277,6546977571190332930953213284257,88292,93,180,180,0,True
1732955003,21299278,6546977571190332930953213284257,88292,93,180,180,0,True
1732955015,21299279,6546977571190332930953213284257,88292,93,180,180,0,True
1732955027,21299280,6546977571190332930953213284257,88292,93,180,180,0,True
1732955039,21299281,6546977571190332930953213284257,88292,93,180,180,0,True
1732955051,21299282,6546977571190332930953213284257,88292,93,180,180,0,True
1732955063,21299283,6546977571190332930953213284257,88292,93,180,180,0,True
1732955075,21299284,6546977571190332930953213284257,88292,93,180,180,0,True
1732955087,21299285,6546977571190332930953213284257,88292,93,180,180,0,True
1732955099,21299286,6546977571190332930953213284257,88292,93,180,180,0,True
1732955111,21299287,6546977571190332930953213284257,88292,93,180,180,0,True
1732955123,21299288,6546977571190332930953213284257,88292,93,180,180,0,True
1732955135,21299289,6546977571190332930953213284257,88292,93,180,180,0,True
1732955147,21299290,6546977571190332930953213284257,88292,93,180,180,0,True
1732955159,21299291,6546977571190332930953213284257,88292,93,180,180,0,True
1732955171,21299292,6546977571190332930953213284257,88292,93,180,180,0,True
1732955183,21299293,6546977571190332930953213284257,88292,93,180,180,0,True
1732955195,21299294,6546977571190332930953213284257,88292,93,180,180,0,True
1732955207,21299295,6546977571190332930953213284257,88292,93,180,180,0,True
1732955219,21299296,6546977571190332930953213284257,88292,93,180,180,0,True
1732955231,21299297,6540482242980901589232278018192,88273,94,180,180,0,True
1732955243,21299298,6540482242980901589232278018192,88273,94,180,180,0,True
1732955255,21299299,6540482242980901589232278018192,88273,94,180,180,0,True
1732955267,21299300,6540482242980901589232278018192,88273,94,180,180,0,True
1732955279,21299301,6540482242980901589232278018192,88273,94,180,180,0,True
1732955291,21299302,6540482242980901589232278018192,88273,94,180,180,0,True
1732955303,21299303,6540482242980901589232278018192,88273,94,180,180,0,True
1732955315,21299304,6540482242980901589232278018192,88273,94,180,180,0,True
1732955327,21299305,6540482242980901589232278018192,88273,94,180,180,0,True
1732955339,21299306,6540482242980901589232278018192,88273,94,180,180,0,True
1732955351,21299307,6540482242980901589232278018192,88273,94,180,180,0,True
1732955363,21299308,6540482242980901589232278018192,88273,94,180,180,0,True
1732955375,21299309,6540482242980901589232278018192,88273,94,180,180,0,True
1732955387,21299310,6540482242980901589232278018192,88273,94,180,180,0,True
1732955399,21299311,6540482242980901589232278018192,88273,94,180,180,0,True
1732955411,21299312,6540482242980901589232278018192,88273,94,180,180,0,True
1732955423,21299313,6540482242980901589232278018192,88273,94,180,180,0,True
1732955435,21299314,6540482242980901589232278018192,88273,94,180,180,0,True
1732955447,21299315,6540482242980901589232278018192,88273,94,180,180,0,True
1732955459,21299316,6540482242980901589232278018192,88273,94,180,180,0,True
1732955471,21299317,6540482242980901589232278018192,88273,94,180,180,0,True
1732955483,21299318,6540482242980901589232278018192,88273,94,180,180,0,True
1732955495,21299319,6540482242980901589232278018192,88273,94,180,180,0,True
1732955507,21299320,6540482242980901589232278018192,88273,94,180,180,0,True
1732955519,21299321,6540482242980901589232278018192,88273,94,180,180,0,True
1732955531,21299322,6540482242980901589232278018192,88273,94,180,180,0,True
1732955543,21299323,6540482242980901589232278018192,88273,94,180,180,0,True
1732955555,21299324,6540482242980901589232278018192,88273,94,180,180,0,True
1732955567,21299325,6540482242980901589232278018192,88273,94,180,180,0,True
1732955579,21299326,6540482242980901589232278018192,88273,94,180,180,0,True
1732955591,21299327,6540482242980901589232278018192,88273,94,180,180,0,True
1732955603,21299328,6540482242980901589232278018192,88273,94,180,180,0,True
1732955615,21299329,6540482242980901589232278018192,88273,94,180,180,0,True
1732955627,21299330,6540482242980901589232278018192,88273,94,180,180,0,True
1732955639,21299331,6540482242980901589232278018192,88273,94,180,180,0,True
1732955651,21299332,6540482242980901589232278018192,88273,94,180,180,0,True
1732955663,21299333,6540482242980901589232278018192,88273,94,180,180,0,True
1732955675,21299334,6540482242980901589232278018192,88273,94,180,180,0,True
1732955687,21299335,6540482242980901589232278018192,88273,94,180,180,0,True
1732955699,21299336,6540482242980901589232278018192,88273,94,180,180,0,True
1732955711,21299337,6540482242980901589232278018192,88273,94,180,180,0,True
1732955723,21299338,6540482242980901589232278018192,88273,94,180,180,0,True
1732955735,21299339,6540482242980901589232278018192,88273,94,180,180,0,True
1732955747,21299340,6540482242980901589232278018192,88273,94,180,180,0,True
1732955759,21299341,6540482242980901589232278018192,88273,94,180,180,0,True
1732955771,21299342,6540482242980901589232278018192,88273,94,180,180,0,True
1732955783,21299343,6540482242980901589232278018192,88273,94,180,180,0,True
1732955795,21299344,6540482242980901589232278018192,88273,94,180,180,0,True
1732955807,21299345,6540482242980901589232278018192,88273,94,180,180,0,True
1732955819,21299346,6540482242980901589232278018192,88273,94,180,180,0,True
1732955831,21299347,6540482242980901589232278018192,88273,94,180,180,0,True
1732955843,21299348,6540482242980901589232278018192,88273,94,180,180,0,True
1732955855,21299349,6540482242980901589232278018192,88273,94,180,180,0,True
1732955867,21299350,6540482242980901589232278018192,88273,94,180,180,0,True
1732955879,21299351,6540482242980901589232278018192,88273,94,180,180,0,True
1732955891,21299352,6540482242980901589232278018192,88273,94,180,180,0,True
1732955903,21299353,6540482242980901589232278018192,88273,94,180,180,0,True
1732955915,21299354,6540482242980901589232278018192,88273,94,180,180,0,True
1732955927,21299355,6540482242980901589232278018192,88273,94,180,180,0,True
1732955939,21299356,6540482242980901589232278018192,88273,94,180,180,0,True
1732955951,21299357,6540482242980901589232278018192,88273,94,180,180,0,True
1732955963,21299358,6540482242980901589232278018192,88273,94,180,180,0,True
1732955975,21299359,6540482242980901589232278018192,88273,94,180,180,0,True
1732955987,21299360,6540482242980901589232278018192,88273,94,180,180,0,True
1732955999,21299361,6540482242980901589232278018192,88273,94,180,180,0,True
1732956011,21299362,6540482242980901589232278018192,88273,94,180,180,0,True
1732956023,21299363,6540482242980901589232278018192,88273,94,180,180,0,True
1732956035,21299364,6532132025682512654134012097064,88247,95,180,180,0,True
1732956047,21299365,6532132025682512654134012097064,88247,95,180,180,0,True
1732956059,21299366,6524782090795663422042064925049,88225,96,180,180,0,True
1732956071,21299367,6524782090795663422042064925049,88225,96,180,180,0,True
1732956083,21299368,6524782090795663422042064925049,88225,96,180,180,0,True
1732956095,21299369,6524782090795663422042064925049,88225,96,180,180,0,True
1732956107,21299370,6524782090795663422042064925049,88225,96,180,180,0,True
1732956119,21299371,6524782090795663422042064925049,88225,96,180,180,0,True
1732956131,21299372,6524782090795663422042064925049,88225,96,180,180,0,True
1732956143,21299373,6524782090795663422042064925049,88225,96,180,180,0,True
1732956155,21299374,6524782090795663422042064925049,88225,96,180,180,0,True
1732956167,21299375,6524782090795663422042064925049,88225,96,180,180,0,True
1732956179,21299376,6524782090795663422042064925049,88225,96,180,180,0,True
1732956191,21299377,6524782090795663422042064925049,88225,96,180,180,0,True
1732956203,21299378,6524782090795663422042064925049,88225,96,180,180,0,True
1732956215,21299379,6524782090795663422042064925049,88225,96,180,180,0,True
1732956227,21299380,6524782090795663422042064925049,88225,96,180,180,0,True
1732956239,21299381,6524782090795663422042064925049,88225,96,180,180,0,True
1732956251,21299382,6524782090795663422042064925049,88225,96,180,180,0,True
1732956263,21299383,6524782090795663422042064925049,88225,96,180,180,0,True
1732956275,21299384,6524782090795663422042064925049,88225,96,180,180,0,True
1732956287,21299385,6524782090795663422042064925049,88225,96,180,180,0,True
1732956299,21299386,6524782090795663422042064925049,88225,96,180,180,0,True
1732956311,21299387,6524782090795663422042064925049,88225,96,180,180,0,True
1732956323,21299388,6524782090795663422042064925049,88225,96,180,180,0,True
1732956335,21299389,6524782090795663422042064925049,88225,96,180,180,0,True
1732956347,21299390,6524782090795663422042064925049,88225,96,180,180,0,True
1732956359,21299391,6524782090795663422042064925049,88225,96,180,180,0,True
1732956371,21299392,6524782090795663422042064925049,88225,96,180,180,0,True
1732956383,21299393,6524782090795663422042064925049,88225,96,180,180,0,True
1732956395,21299394,6524782090795663422042064925049,88225,96,180,180,0,True
1732956407,21299395,6517475522087127496006110335380,88202,97,180,180,0,True
1732956419,21299396,6517475522087127496006110335380,88202,97,180,180,0,True
1732956431,21299397,6514806499597952961683663482577,88194,98,180,180,0,True
1732956443,21299398,6514806499597952961683663482577,88194,98,180,180,0,True
1732956455,21299399,6514806499597952961683663482577,88194,98,180,180,0,True
1732956467,21299400,6514806499597952961683663482577,88194,98,180,180,0,True
1732956479,21299401,6514806499597952961683663482577,88194,98,180,180,0,True
1732956491,21299402,6514806499597952961683663482577,88194,98,180,180,0,True
1732956503,21299403,6514806499597952961683663482577,88194,98,180,180,0,True
1732956515,21299404,6514806499597952961683663482577,88194,98,180,180,0,True
1732956527,21299405,6514806499597952961683663482577,88194,98,180,180,0,True
1732956539,21299406,6514806499597952961683663482577,88194,98,180,180,0,True
1732956551,21299407,6514806499597952961683663482577,88194,98,180,180,0,True
1732956563,21299408,6514806499597952961683663482577,88194,98,180,180,0,True
1732956575,21299409,6514806499597952961683663482577,88194,98,180,180,0,True
1732956587,21299410,6514806499597952961683663482577,88194,98,180,180,0,True
1732956599,21299411,6514806499597952961683663482577,88194,98,180,180,0,True
1732956611,21299412,6514806499597952961683663482577,88194,98,180,180,0,True
1732956623,21299413,6514806499597952961683663482577,88194,98,180,180,0,True
1732956635,21299414,6514806499597952961683663482577,88194,98,180,180,0,True
1732956647,21299415,6514806499597952961683663482577,88194,98,180,180,0,True
1732956659,21299416,6514806499597952961683663482577,88194,98,180,180,0,True
1732956671,21299417,6514806499597952961683663482577,88194,98,180,180,0,True
1732956683,21299418,6514806499597952961683663482577,88194,98,180,180,0,True
1732956695,21299419,6514806499597952961683663482577,88194,98,180,180,0,True
1732956707,21299420,6514806499597952961683663482577,88194,98,180,180,0,True
1732956719,21299421,6514806499597952961683663482577,88194,98,180,180,0,True
1732956731,21299422,6511348011151609296266757319291,88183,99,180,180,0,True
1732956743,21299423,6511348011151609296266757319291,88183,99,180,180,0,True
1732956755,21299424,6511348011151609296266757319291,88183,99,180,180,0,True
1732956767,21299425,6511348011151609296266757319291,88183,99,180,180,0,True
1732956779,21299426,6511348011151609296266757319291,88183,99,180,180,0,True
1732956791,21299427,6511348011151609296266757319291,88183,99,180,180,0,True
1732956803,21299428,6511348011151609296266757319291,88183,99,180,180,0,True
1732956815,21299429,6511348011151609296266757319291,88183,99,180,180,0,True
1732956827,21299430,6511348011151609296266757319291,88183,99,180,180,0,True
1732956839,21299431,6504957169351625524969229809644,88164,100,180,180,0,True
1732956851,21299432,6504957169351625524969229809644,88164,100,180,180,0,True
1732956863,21299433,6504957169351625524969229809644,88164,100,180,180,0,True
1732956875,21299434,6504957169351625524969229809644,88164,100,180,180,0,True
1732956887,21299435,6504957169351625524969229809644,88164,100,180,180,0,True
1732956899,21299436,6504957169351625524969229809644,88164,100,180,180,0,True
1732956911,21299437,6497790501561469524219859194060,88142,101,180,180,0,True
1732956923,21299438,6497790501561469524219859194060,88142,101,180,180,0,True
1732956935,21299439,6497790501561469524219859194060,88142,101,180,180,0,True
1732956947,21299440,6491430028784525597674815191936,88122,102,180,180,0,True
1732956959,21299441,6491430028784525597674815191936,88122,102,180,180,0,True
1732956971,21299442,6491430028784525597674815191936,88122,102,180,180,0,True
1732956983,21299443,6491430028784525597674815191936,88122,102,180,180,0,True
1732956995,21299444,6491430028784525597674815191936,88122,102,180,180,0,True
1732957007,21299445,6491430028784525597674815191936,88122,102,180,180,0,True
1732957019,21299446,6491430028784525597674815191936,88122,102,180,180,0,True
1732957031,21299447,6491430028784525597674815191936,88122,102,180,180,0,True
1732957043,21299448,6491430028784525597674815191936,88122,102,180,180,0,True
1732957055,21299449,6491430028784525597674815191936,88122,102,180,180,0,True
1732957067,21299450,6491430028784525597674815191936,88122,102,180,180,0,True
1732957079,21299451,6491494156576153508337756619897,88122,102,180,180,0,True
1732957091,21299452,6491494156576153508337756619897,88122,102,180,180,0,True
1732957103,21299453,6491494156576153508337756619897,88122,102,180,180,0,True
1732957115,21299454,6491494156576153508337756619897,88122,102,180,180,0,True
1732957127,21299455,6491494156576153508337756619897,88122,102,180,180,0,True
1732957139,21299456,6491494156576153508337756619897,88122,102,180,180,0,True
1732957151,21299457,6491494156576153508337756619897,88122,102,180,180,0,True
1732957163,21299458,6485500033974627374366303595232,88104,103,180,180,0,True
1732957175,21299459,6485500033974627374366303595232,88104,103,180,180,0,True
1732957187,21299460,6485500033974627374366303595232,88104,103,180,180,0,True
1732957199,21299461,6485500033974627374366303595232,88104,103,180,180,0,True
1732957211,21299462,6485500033974627374366303595232,88104,103,180,180,0,True
1732957223,21299463,6485500033974627374366303595232,88104,103,180,180,0,True
1732957235,21299464,6485500033974627374366303595232,88104,103,180,180,0,True
1732957247,21299465,6485500033974627374366303595232,88104,103,180,180,0,True
1732957259,21299466,6485500033974627374366303595232,88104,103,180,180,0,True
1732957283,21299467,6485500033974627374366303595232,88104,103,180,180,0,True
1732957295,21299468,6479697261654176940728336731801,88086,104,180,180,0,True
1732957307,21299469,6479697261654176940728336731801,88086,104,180,180,0,True
1732957319,21299470,6479697261654176940728336731801,88086,104,180,180,0,True
1732957331,21299471,6479697261654176940728336731801,88086,104,180,180,0,True
1732957343,21299472,6479697261654176940728336731801,88086,104,180,180,0,True
1732957355,21299473,6479697261654176940728336731801,88086,104,180,180,0,True
1732957367,21299474,6479697261654176940728336731801,88086,104,180,180,0,True
1732957379,21299475,6479697261654176940728336731801,88086,104,180,180,0,True
1732957391,21299476,6479697261654176940728336731801,88086,104,180,180,0,True
1732957403,21299477,6473190601783591025866274708181,88066,105,180,180,0,True
1732957415,21299478,6473190601783591025866274708181,88066,105,180,180,0,True
1732957427,21299479,6467417065698405451399590287117,88048,106,180,180,0,True
1732957439,21299480,6467417065698405451399590287117,88048,106,180,180,0,True
1732957451,21299481,6467417065698405451399590287117,88048,106,180,180,0,True
1732957463,21299482,6467417065698405451399590287117,88048,106,180,180,0,True
1732957475,21299483,6467417065698405451399590287117,88048,106,180,180,0,True
1732957487,21299484,6467417065698405451399590287117,88048,106,180,180,0,True
1732957499,21299485,6467417065698405451399590287117,88048,106,180,180,0,True
1732957511,21299486,6467417065698405451399590287117,88048,106,180,180,0,True
1732957523,21299487,6467417065698405451399590287117,88048,106,180,180,0,True
1732957535,21299488,6467417065698405451399590287117,88048,106,180,180,0,True
1732957547,21299489,6467417065698405451399590287117,88048,106,180,180,0,True
1732957559,21299490,6467417065698405451399590287117,88048,106,180,180,0,True
1732957571,21299491,6461467771164317622314523076994,88030,107,180,180,0,True
1732957583,21299492,6453373608327000970307275993648,88004,108,180,180,0,True
1732957595,21299493,6453373608327000970307275993648,88004,108,180,180,0,True
1732957607,21299494,6453373608327000970307275993648,88004,108,180,180,0,True
1732957619,21299495,6453373608327000970307275993648,88004,108,180,180,0,True
1732957631,21299496,6453373608327000970307275993648,88004,108,180,180,0,True
1732957643,21299497,6453373608327000970307275993648,88004,108,180,180,0,True
1732957655,21299498,6453373608327000970307275993648,88004,108,180,180,0,True
1732957667,21299499,6453373608327000970307275993648,88004,108,180,180,0,True
1732957679,21299500,6453373608327000970307275993648,88004,108,180,180,0,True
1732957691,21299501,6453373608327000970307275993648,88004,108,180,180,0,True
1732957703,21299502,6453373608327000970307275993648,88004,108,180,180,0,True
1732957715,21299503,6453373608327000970307275993648,88004,108,180,180,0,True
1732957727,21299504,6453373608327000970307275993648,88004,108,180,180,0,True
1732957739,21299505,6453484614938538916765716830088,88005,109,180,180,0,True
1732957751,21299506,6453484614938538916765716830088,88005,109,180,180,0,True
1732957763,21299507,6453484614938538916765716830088,88005,109,180,180,0,True
1732957775,21299508,6453484614938538916765716830088,88005,109,180,180,0,True
1732957787,21299509,6453484614938538916765716830088,88005,109,180,180,0,True
1732957799,21299510,6453484614938538916765716830088,88005,109,180,180,0,True
1732957811,21299511,6453484614938538916765716830088,88005,109,180,180,0,True
1732957823,21299512,6453484614938538916765716830088,88005,109,180,180,0,True
1732957835,21299513,6453484614938538916765716830088,88005,109,180,180,0,True
1732957847,21299514,6453484614938538916765716830088,88005,109,180,180,0,True
1732957859,21299515,6453484614938538916765716830088,88005,109,180,180,0,True
1732957871,21299516,6453484614938538916765716830088,88005,109,180,180,0,True
1732957883,21299517,6453484614938538916765716830088,88005,109,180,180,0,True
1732957895,21299518,6453484614938538916765716830088,88005,109,180,180,0,True
1732957907,21299519,6453484614938538916765716830088,88005,109,180,180,0,True
1732957919,21299520,6453484614938538916765716830088,88005,109,180,180,0,True
1732957931,21299521,6453484614938538916765716830088,88005,109,180,180,0,True
1732957943,21299522,6453484614938538916765716830088,88005,109,180,180,0,True
1732957955,21299523,6453484614938538916765716830088,88005,109,180,180,0,True
1732957967,21299524,6453484614938538916765716830088,88005,109,180,180,0,True
1732957979,21299525,6453484614938538916765716830088,88005,109,180,180,0,True
1732957991,21299526,6453484614938538916765716830088,88005,109,180,180,0,True
1732958003,21299527,6453484614938538916765716830088,88005,109,180,180,0,True
1732958015,21299528,6453484614938538916765716830088,88005,109,180,180,0,True
1732958027,21299529,6453484614938538916765716830088,88005,109,180,180,0,True
1732958039,21299530,6453484614938538916765716830088,88005,109,180,180,0,True
1732958051,21299531,6453484614938538916765716830088,88005,109,180,180,0,True
1732958063,21299532,6453484614938538916765716830088,88005,109,180,180,0,True
1732958075,21299533,6453484614938538916765716830088,88005,109,180,180,0,True
1732958087,21299534,6453484614938538916765716830088,88005,109,180,180,0,True
1732958099,21299535,6453484614938538916765716830088,88005,109,180,180,0,True
1732958111,21299536,6453484614938538916765716830088,88005,109,180,180,0,True
1732958123,21299537,6453484614938538916765716830088,88005,109,180,180,0,True
1732958135,21299538,6453484614938538916765716830088,88005,109,180,180,0,True
1732958147,21299539,6453484614938538916765716830088,88005,109,180,180,0,True
1732958159,21299540,6453484614938538916765716830088,88005,109,180,180,0,True
1732958171,21299541,6453484614938538916765716830088,88005,109,180,180,0,True
1732958183,21299542,6453484614938538916765716830088,88005,109,180,180,0,True
1732958195,21299543,6453484614938538916765716830088,88005,109,180,180,0,True
1732958207,21299544,6453484614938538916765716830088,88005,109,180,180,0,True
1732958219,21299545,6453484614938538916765716830088,88005,109,180,180,0,True
1732958231,21299546,6445400035312805325302190269271,87980,110,180,180,0,True
1732958243,21299547,6445400035312805325302190269271,87980,110,180,180,0,True
1732958255,21299548,6445400035312805325302190269271,87980,110,180,180,0,True
1732958267,21299549,6445400035312805325302190269271,87980,110,180,180,0,True
1732958279,21299550,6445400035312805325302190269271,87980,110,180,180,0,True
1732958291,21299551,6445400035312805325302190269271,87980,110,180,180,0,True
1732958303,21299552,6439663006743548039889830171573,87962,111,180,180,0,True
1732958315,21299553,6439663006743548039889830171573,87962,111,180,180,0,True
1732958327,21299554,6439663006743548039889830171573,87962,111,180,180,0,True
1732958339,21299555,6439663006743548039889830171573,87962,111,180,180,0,True
1732958351,21299556,6439663006743548039889830171573,87962,111,180,180,0,True
1732958363,21299557,6439663006743548039889830171573,87962,111,180,180,0,True
1732958375,21299558,6439663006743548039889830171573,87962,111,180,180,0,True
1732958387,21299559,6439663006743548039889830171573,87962,111,180,180,0,True
1732958399,21299560,6439663006743548039889830171573,87962,111,180,180,0,True
1732958411,21299561,6433772097137503647071449583070,87944,112,180,180,0,True
1732958423,21299562,6433772097137503647071449583070,87944,112,180,180,0,True
1732958435,21299563,6433772097137503647071449583070,87944,112,180,180,0,True
1732958447,21299564,6433772097137503647071449583070,87944,112,180,180,0,True
1732958459,21299565,6433772097137503647071449583070,87944,112,180,180,0,True
1732958471,21299566,6433772097137503647071449583070,87944,112,180,180,0,True
1732958483,21299567,6433772097137503647071449583070,87944,112,180,180,0,True
1732958495,21299568,6433772097137503647071449583070,87944,112,180,180,0,True
1732958507,21299569,6433772097137503647071449583070,87944,112,180,180,0,True
1732958519,21299570,6433772097137503647071449583070,87944,112,180,180,0,True
1732958531,21299571,6433772097137503647071449583070,87944,112,180,180,0,True
1732958543,21299572,6433772097137503647071449583070,87944,112,180,180,0,True
1732958555,21299573,6433772097137503647071449583070,87944,112,180,180,0,True
1732958567,21299574,6433772097137503647071449583070,87944,112,180,180,0,True
1732958579,21299575,6433772097137503647071449583070,87944,112,180,180,0,True
1732958591,21299576,6429027014161229540160114759330,87929,113,180,180,0,True
1732958603,21299577,6429027014161229540160114759330,87929,113,180,180,0,True
1732958615,21299578,6429027014161229540160114759330,87929,113,180,180,0,True
1732958627,21299579,6429027014161229540160114759330,87929,113,180,180,0,True
1732958639,21299580,6429027014161229540160114759330,87929,113,180,180,0,True
1732958651,21299581,6419924549138826758025481646896,87900,114,180,180,0,True
1732958663,21299582,6419924549138826758025481646896,87900,114,180,180,0,True
1732958675,21299583,6419924549138826758025481646896,87900,114,180,180,0,True
1732958687,21299584,6419924549138826758025481646896,87900,114,180,180,0,True
1732958699,21299585,6419924549138826758025481646896,87900,114,180,180,0,True
1732958711,21299586,6419924549138826758025481646896,87900,114,180,180,0,True
1732958723,21299587,6419924549138826758025481646896,87900,114,180,180,0,True
1732958735,21299588,6419924549138826758025481646896,87900,114,180,180,0,True
1732958747,21299589,6419924549138826758025481646896,87900,114,180,180,0,True
1732958759,21299590,6419924549138826758025481646896,87900,114,180,180,0,True
1732958771,21299591,6419924549138826758025481646896,87900,114,180,180,0,True
1732958783,21299592,6411556245541715694138286681448,87874,115,180,180,0,True
1732958795,21299593,6411556245541715694138286681448,87874,115,180,180,0,True
1732958807,21299594,6411556245541715694138286681448,87874,115,180,180,0,True
1732958819,21299595,6411556245541715694138286681448,87874,115,180,180,0,True
1732958831,21299596,6411556245541715694138286681448,87874,115,180,180,0,True
1732958843,21299597,6404854646843777139521997280449,87853,116,180,180,0,True
1732958855,21299598,6404854646843777139521997280449,87853,116,180,180,0,True
1732958867,21299599,6404854646843777139521997280449,87853,116,180,180,0,True
1732958879,21299600,6404854646843777139521997280449,87853,116,180,180,0,True
1732958891,21299601,6404854646843777139521997280449,87853,116,180,180,0,True
1732958903,21299602,6404854646843777139521997280449,87853,116,180,180,0,True
1732958915,21299603,6404854646843777139521997280449,87853,116,180,180,0,True
1732958927,21299604,6404854646843777139521997280449,87853,116,180,180,0,True
1732958939,21299605,6393520993550397928467184222208,87818,117,180,180,0,True
1732958951,21299606,6393520993550397928467184222208,87818,117,180,180,0,True
1732958963,21299607,6393520993550397928467184222208,87818,117,180,180,0,True
1732958975,21299608,6393520993550397928467184222208,87818,117,180,180,0,True
1732958987,21299609,6393520993550397928467184222208,87818,117,180,180,0,True
1732958999,21299610,6393520993550397928467184222208,87818,117,180,180,0,True
1732959011,21299611,6393520993550397928467184222208,87818,117,180,180,0,True
1732959023,21299612,6393520993550397928467184222208,87818,117,180,180,0,True
1732959035,21299613,6393520993550397928467184222208,87818,117,180,180,0,True
1732959047,21299614,6393520993550397928467184222208,87818,117,180,180,0,True
1732959059,21299615,6393520993550397928467184222208,87818,117,180,180,0,True
1732959071,21299616,6393520993550397928467184222208,87818,117,180,180,0,True
1732959083,21299617,6393520993550397928467184222208,87818,117,180,180,0,True
1732959095,21299618,6393520993550397928467184222208,87818,117,180,180,0,True
1732959107,21299619,6393520993550397928467184222208,87818,117,180,180,0,True
1732959119,21299620,6393520993550397928467184222208,87818,117,180,180,0,True
1732959131,21299621,6393520993550397928467184222208,87818,117,180,180,0,True
1732959143,21299622,6393520993550397928467184222208,87818,117,180,180,0,True
1732959155,21299623,6393520993550397928467184222208,87818,117,180,180,0,True
1732959167,21299624,6393520993550397928467184222208,87818,117,180,180,0,True
1732959179,21299625,6393520993550397928467184222208,87818,117,180,180,0,True
1732959191,21299626,6393520993550397928467184222208,87818,117,180,180,0,True
1732959203,21299627,6393520993550397928467184222208,87818,117,180,180,0,True
1732959215,21299628,6393520993550397928467184222208,87818,117,180,180,0,True
1732959227,21299629,6393520993550397928467184222208,87818,117,180,180,0,True
1732959239,21299630,6393520993550397928467184222208,87818,117,180,180,0,True
1732959251,21299631,6393520993550397928467184222208,87818,117,180,180,0,True
1732959263,21299632,6398170662941887408725677029388,87833,118,180,180,0,True
1732959275,21299633,6398170662941887408725677029388,87833,118,180,180,0,True
1732959287,21299634,6398170662941887408725677029388,87833,118,180,180,0,True
1732959299,21299635,6398170662941887408725677029388,87833,118,180,180,0,True
1732959311,21299636,6398170662941887408725677029388,87833,118,180,180,0,True
1732959323,21299637,6398170662941887408725677029388,87833,118,180,180,0,True
1732959335,21299638,6398170662941887408725677029388,87833,118,180,180,0,True
1732959347,21299639,6398170662941887408725677029388,87833,118,180,180,0,True
1732959359,21299640,6398170662941887408725677029388,87833,118,180,180,0,True
1732959371,21299641,6398170662941887408725677029388,87833,118,180,180,0,True
1732959383,21299642,6398170662941887408725677029388,87833,118,180,180,0,True
1732959407,21299643,6398170662941887408725677029388,87833,118,180,180,0,True
1732959419,21299644,6398170662941887408725677029388,87833,118,180,180,0,True
1732959431,21299645,6404938418344163606969023543344,87854,119,180,180,0,True
1732959443,21299646,6404938418344163606969023543344,87854,119,180,180,0,True
1732959455,21299647,6404938418344163606969023543344,87854,119,180,180,0,True
1732959467,21299648,6404938418344163606969023543344,87854,119,180,180,0,True
1732959479,21299649,6404938418344163606969023543344,87854,119,180,180,0,True
1732959491,21299650,6404938418344163606969023543344,87854,119,180,180,0,True
1732959503,21299651,6404938418344163606969023543344,87854,119,180,180,0,True
1732959515,21299652,6404938418344163606969023543344,87854,119,180,180,0,True
1732959527,21299653,6404938418344163606969023543344,87854,119,180,180,0,True
1732959539,21299654,6404938418344163606969023543344,87854,119,180,180,0,True
1732959551,21299655,6404938418344163606969023543344,87854,119,180,180,0,True
1732959563,21299656,6404938418344163606969023543344,87854,119,180,180,0,True
1732959587,21299657,6404938418344163606969023543344,87854,119,180,180,0,True
1732959599,21299658,6404938418344163606969023543344,87854,119,180,180,0,True
1732959611,21299659,6404938418344163606969023543344,87854,119,180,180,0,True
1732959623,21299660,6404938418344163606969023543344,87854,119,180,180,0,True
1732959635,21299661,6404938418344163606969023543344,87854,119,180,180,0,True
1732959647,21299662,6404938418344163606969023543344,87854,119,180,180,0,True
1732959659,21299663,6404938418344163606969023543344,87854,119,180,180,0,True
1732959671,21299664,6404938418344163606969023543344,87854,119,180,180,0,True
1732959683,21299665,6404938418344163606969023543344,87854,119,180,180,0,True
1732959695,21299666,6404938418344163606969023543344,87854,119,180,180,0,True
1732959707,21299667,6410643341493920140544621979028,87872,120,180,180,0,True
1732959719,21299668,6410643341493920140544621979028,87872,120,180,180,0,True
1732959731,21299669,6410643341493920140544621979028,87872,120,180,180,0,True
1732959743,21299670,6410643341493920140544621979028,87872,120,180,180,0,True
1732959755,21299671,6410643341493920140544621979028,87872,120,180,180,0,True
1732959767,21299672,6410643341493920140544621979028,87872,120,180,180,0,True
1732959779,21299673,6410643341493920140544621979028,87872,120,180,180,0,True
1732959791,21299674,6410643341493920140544621979028,87872,120,180,180,0,True
1732959803,21299675,6410643341493920140544621979028,87872,120,180,180,0,True
1732959815,21299676,6410643341493920140544621979028,87872,120,180,180,0,True
1732959827,21299677,6410643341493920140544621979028,87872,120,180,180,0,True
1732959839,21299678,6410643341493920140544621979028,87872,120,180,180,0,True
1732959851,21299679,6410643341493920140544621979028,87872,120,180,180,0,True
1732959863,21299680,6410643341493920140544621979028,87872,120,180,180,0,True
1732959875,21299681,6410643341493920140544621979028,87872,120,180,180,0,True
1732959887,21299682,6410643341493920140544621979028,87872,120,180,180,0,True
1732959899,21299683,6410643341493920140544621979028,87872,120,180,180,0,True
1732959911,21299684,6410643341493920140544621979028,87872,120,180,180,0,True
1732959923,21299685,6410643341493920140544621979028,87872,120,180,180,0,True
1732959935,21299686,6410643341493920140544621979028,87872,120,180,180,0,True
1732959947,21299687,6410643341493920140544621979028,87872,120,180,180,0,True
1732959959,21299688,6410643341493920140544621979028,87872,120,180,180,0,True
1732959971,21299689,6410643341493920140544621979028,87872,120,180,180,0,True
1732959983,21299690,6410643341493920140544621979028,87872,120,180,180,0,True
1732959995,21299691,6410643341493920140544621979028,87872,120,180,180,0,True
1732960007,21299692,6410643341493920140544621979028,87872,120,180,180,0,True
1732960019,21299693,6410643341493920140544621979028,87872,120,180,180,0,True
1732960031,21299694,6410643341493920140544621979028,87872,120,180,180,0,True
1732960043,21299695,6410643341493920140544621979028,87872,120,180,180,0,True
1732960055,21299696,6410643341493920140544621979028,87872,120,180,180,0,True
1732960067,21299697,6410643341493920140544621979028,87872,120,180,180,0,True
1732960079,21299698,6410643341493920140544621979028,87872,120,180,180,0,True
1732960091,21299699,6410643341493920140544621979028,87872,120,180,180,0,True
1732960103,21299700,6410643341493920140544621979028,87872,120,180,180,0,True
1732960115,21299701,6410643341493920140544621979028,87872,120,180,180,0,True
1732960127,21299702,6410643341493920140544621979028,87872,120,180,180,0,True
1732960139,21299703,6410643341493920140544621979028,87872,120,180,180,0,True
1732960151,21299704,6410643341493920140544621979028,87872,120,180,180,0,True
1732960163,21299705,6410643341493920140544621979028,87872,120,180,180,0,True
1732960175,21299706,6410643341493920140544621979028,87872,120,180,180,0,True
1732960187,21299707,6410643341493920140544621979028,87872,120,180,180,0,True
1732960199,21299708,6410643341493920140544621979028,87872,120,180,180,0,True
1732960211,21299709,6410643341493920140544621979028,87872,120,180,180,0,True
1732960223,21299710,6410643341493920140544621979028,87872,120,180,180,0,True
1732960235,21299711,6410643341493920140544621979028,87872,120,180,180,0,True
1732960247,21299712,6410643341493920140544621979028,87872,120,180,180,0,True
1732960259,21299713,6410643341493920140544621979028,87872,120,180,180,0,True
1732960271,21299714,6410643341493920140544621979028,87872,120,180,180,0,True
1732960283,21299715,6410643341493920140544621979028,87872,120,180,180,0,True
1732960295,21299716,6410643341493920140544621979028,87872,120,180,180,0,True
1732960307,21299717,6410643341493920140544621979028,87872,120,180,180,0,True
1732960319,21299718,6410643341493920140544621979028,87872,120,180,180,0,True
1732960331,21299719,6410643341493920140544621979028,87872,120,180,180,0,True
1732960343,21299720,6410643341493920140544621979028,87872,120,180,180,0,True
1732960355,21299721,6410643341493920140544621979028,87872,120,180,180,0,True
1732960367,21299722,6410643341493920140544621979028,87872,120,180,180,0,True
1732960379,21299723,6410643341493920140544621979028,87872,120,180,180,0,True
1732960391,21299724,6410643341493920140544621979028,87872,120,180,180,0,True
1732960403,21299725,6410643341493920140544621979028,87872,120,180,180,0,True
1732960415,21299726,6410643341493920140544621979028,87872,120,180,180,0,True
1732960427,21299727,6410643341493920140544621979028,87872,120,180,180,0,True
1732960439,21299728,6410643341493920140544621979028,87872,120,180,180,0,True
1732960451,21299729,6410643341493920140544621979028,87872,120,180,180,0,True
1732960463,21299730,6410643341493920140544621979028,87872,120,180,180,0,True
1732960475,21299731,6410643341493920140544621979028,87872,120,180,180,0,True
1732960487,21299732,6410643341493920140544621979028,87872,120,180,180,0,True
1732960499,21299733,6410643341493920140544621979028,87872,120,180,180,0,True
1732960511,21299734,6410643341493920140544621979028,87872,120,180,180,0,True
1732960523,21299735,6410643341493920140544621979028,87872,120,180,180,0,True
1732960535,21299736,6410643341493920140544621979028,87872,120,180,180,0,True
1732960547,21299737,6410643341493920140544621979028,87872,120,180,180,0,True
1732960559,21299738,6410643341493920140544621979028,87872,120,180,180,0,True
1732960571,21299739,6410643341493920140544621979028,87872,120,180,180,0,True
1732960583,21299740,6410643341493920140544621979028,87872,120,180,180,0,True
1732960595,21299741,6410643341493920140544621979028,87872,120,180,180,0,True
1732960607,21299742,6410643341493920140544621979028,87872,120,180,180,0,True
1732960619,21299743,6410643341493920140544621979028,87872,120,180,180,0,True
1732960631,21299744,6410643341493920140544621979028,87872,120,180,180,0,True
1732960643,21299745,6410643341493920140544621979028,87872,120,180,180,0,True
1732960655,21299746,6410643341493920140544621979028,87872,120,180,180,0,True
1732960667,21299747,6410643341493920140544621979028,87872,120,180,180,0,True
1732960679,21299748,6410643341493920140544621979028,87872,120,180,180,0,True
1732960691,21299749,6410643341493920140544621979028,87872,120,180,180,0,True
1732960703,21299750,6410643341493920140544621979028,87872,120,180,180,0,True
1732960715,21299751,6410643341493920140544621979028,87872,120,180,180,0,True
1732960727,21299752,6410643341493920140544621979028,87872,120,180,180,0,True
1732960739,21299753,6410643341493920140544621979028,87872,120,180,180,0,True
1732960751,21299754,6410643341493920140544621979028,87872,120,180,180,0,True
1732960763,21299755,6410643341493920140544621979028,87872,120,180,180,0,True
1732960775,21299756,6410643341493920140544621979028,87872,120,180,180,0,True
1732960787,21299757,6410643341493920140544621979028,87872,120,180,180,0,True
1732960799,21299758,6410643341493920140544621979028,87872,120,180,180,0,True
1732960811,21299759,6410643341493920140544621979028,87872,120,180,180,0,True
1732960823,21299760,6410643341493920140544621979028,87872,120,180,180,0,True
1732960835,21299761,6410643341493920140544621979028,87872,120,180,180,0,True
1732960847,21299762,6410643341493920140544621979028,87872,120,180,180,0,True
1732960859,21299763,6410643341493920140544621979028,87872,120,180,180,0,True
1732960871,21299764,6410643341493920140544621979028,87872,120,180,180,0,True
1732960883,21299765,6410643341493920140544621979028,87872,120,180,180,0,True
1732960895,21299766,6410643341493920140544621979028,87872,120,180,180,0,True
1732960907,21299767,6410643341493920140544621979028,87872,120,180,180,0,True
1732960919,21299768,6410643341493920140544621979028,87872,120,180,180,0,True
1732960943,21299769,6410643341493920140544621979028,87872,120,180,180,0,True
1732960955,21299770,6410643341493920140544621979028,87872,120,180,180,0,True
1732960967,21299771,6410643341493920140544621979028,87872,120,180,180,0,True
1732960979,21299772,6410643341493920140544621979028,87872,120,180,180,0,True
1732960991,21299773,6410643341493920140544621979028,87872,120,180,180,0,True
1732961003,21299774,6410643341493920140544621979028,87872,120,180,180,0,True
1732961015,21299775,6410643341493920140544621979028,87872,120,180,180,0,True
1732961027,21299776,6410643341493920140544621979028,87872,120,180,180,0,True
1732961039,21299777,6410643341493920140544621979028,87872,120,180,180,0,True
1732961051,21299778,6410643341493920140544621979028,87872,120,180,180,0,True
1732961063,21299779,6410778015291809107800807708990,87872,120,180,180,0,True
1732961075,21299780,6410778015291809107800807708990,87872,120,180,180,0,True
1732961087,21299781,6410778015291809107800807708990,87872,120,180,180,0,True
1732961099,21299782,6410778015291809107800807708990,87872,120,180,180,0,True
1732961111,21299783,6410778015291809107800807708990,87872,120,180,180,0,True
1732961123,21299784,6410778015291809107800807708990,87872,120,180,180,0,True
1732961135,21299785,6410778015291809107800807708990,87872,120,180,180,0,True
1732961147,21299786,6410778015291809107800807708990,87872,120,180,180,0,True
1732961159,21299787,6410778015291809107800807708990,87872,120,180,180,0,True
1732961171,21299788,6410778015291809107800807708990,87872,120,180,180,0,True
1732961183,21299789,6410778015291809107800807708990,87872,120,180,180,0,True
1732961195,21299790,6410778015291809107800807708990,87872,120,180,180,0,True
1732961207,21299791,6410778015291809107800807708990,87872,120,180,180,0,True
1732961219,21299792,6410778015291809107800807708990,87872,120,180,180,0,True
1732961231,21299793,6410778015291809107800807708990,87872,120,180,180,0,True
1732961243,21299794,6411408052817461593730783239018,87874,121,180,180,0,True
1732961255,21299795,6411408052817461593730783239018,87874,121,180,180,0,True
1732961267,21299796,6411408052817461593730783239018,87874,121,180,180,0,True
1732961279,21299797,6411408052817461593730783239018,87874,121,180,180,0,True
1732961291,21299798,6411408052817461593730783239018,87874,121,180,180,0,True
1732961303,21299799,6411408052817461593730783239018,87874,121,180,180,0,True
1732961315,21299800,6411408052817461593730783239018,87874,121,180,180,0,True
1732961327,21299801,6405556473863433704385379842933,87856,122,180,180,0,True
1732961339,21299802,6405556473863433704385379842933,87856,122,180,180,0,True
1732961351,21299803,6405556473863433704385379842933,87856,122,180,180,0,True
1732961363,21299804,6405556473863433704385379842933,87856,122,180,180,0,True
1732961375,21299805,6405556473863433704385379842933,87856,122,180,180,0,True
1732961387,21299806,6405556473863433704385379842933,87856,122,180,180,0,True
1732961399,21299807,6405556473863433704385379842933,87856,122,180,180,0,True
1732961411,21299808,6405556473863433704385379842933,87856,122,180,180,0,True
1732961423,21299809,6398455255309126110721331269286,87833,123,180,180,0,True
1732961435,21299810,6392802037674519658694953153284,87816,124,180,180,0,True
1732961447,21299811,6392802037674519658694953153284,87816,124,180,180,0,True
1732961459,21299812,6392802037674519658694953153284,87816,124,180,180,0,True
1732961471,21299813,6392802037674519658694953153284,87816,124,180,180,0,True
1732961483,21299814,6392802037674519658694953153284,87816,124,180,180,0,True
1732961495,21299815,6392802037674519658694953153284,87816,124,180,180,0,True
1732961507,21299816,6387161204896183430052176437779,87798,125,180,180,0,True
1732961519,21299817,6387161204896183430052176437779,87798,125,180,180,0,True
1732961531,21299818,6387161204896183430052176437779,87798,125,180,180,0,True
1732961543,21299819,6387161204896183430052176437779,87798,125,180,180,0,True
1732961555,21299820,6387161204896183430052176437779,87798,125,180,180,0,True
1732961567,21299821,6387161204896183430052176437779,87798,125,180,180,0,True
1732961579,21299822,6387161204896183430052176437779,87798,125,180,180,0,True
1732961591,21299823,6387161204896183430052176437779,87798,125,180,180,0,True
1732961603,21299824,6387161204896183430052176437779,87798,125,180,180,0,True
1732961615,21299825,6387161204896183430052176437779,87798,125,180,180,0,True
1732961627,21299826,6387161204896183430052176437779,87798,125,180,180,0,True
1732961639,21299827,6387161204896183430052176437779,87798,125,180,180,0,True
1732961651,21299828,6387161204896183430052176437779,87798,125,180,180,0,True
1732961663,21299829,6387161204896183430052176437779,87798,125,180,180,0,True
1732961675,21299830,6387161204896183430052176437779,87798,125,180,180,0,True
1732961687,21299831,6387161204896183430052176437779,87798,125,180,180,0,True
1732961699,21299832,6387161204896183430052176437779,87798,125,180,180,0,True
1732961711,21299833,6387161204896183430052176437779,87798,125,180,180,0,True
1732961723,21299834,6387161204896183430052176437779,87798,125,180,180,0,True
1732961735,21299835,6387161204896183430052176437779,87798,125,180,180,0,True
1732961747,21299836,6387161204896183430052176437779,87798,125,180,180,0,True
1732961759,21299837,6387161204896183430052176437779,87798,125,180,180,0,True
1732961771,21299838,6387161204896183430052176437779,87798,125,180,180,0,True
1732961783,21299839,6387161204896183430052176437779,87798,125,180,180,0,True
1732961795,21299840,6387161204896183430052176437779,87798,125,180,180,0,True
1732961807,21299841,6387161204896183430052176437779,87798,125,180,180,0,True
1732961819,21299842,6387161204896183430052176437779,87798,125,180,180,0,True
1732961831,21299843,6387161204896183430052176437779,87798,125,180,180,0,True
1732961843,21299844,6387177773032024504129521244222,87798,125,180,180,0,True
1732961855,21299845,6387177773032024504129521244222,87798,125,180,180,0,True
1732961867,21299846,6387177773032024504129521244222,87798,125,180,180,0,True
1732961879,21299847,6387177773032024504129521244222,87798,125,180,180,0,True
1732961891,21299848,6387177773032024504129521244222,87798,125,180,180,0,True
1732961903,21299849,6387177773032024504129521244222,87798,125,180,180,0,True
1732961915,21299850,6387177773032024504129521244222,87798,125,180,180,0,True
1732961927,21299851,6387177773032024504129521244222,87798,125,180,180,0,True
1732961939,21299852,6396506989592570166868475537350,87827,126,180,180,0,True
1732961951,21299853,6396506989592570166868475537350,87827,126,180,180,0,True
1732961963,21299854,6396506989592570166868475537350,87827,126,180,180,0,True
1732961975,21299855,6401089345736921390164545916362,87842,127,180,180,0,True
1732961987,21299856,6401089345736921390164545916362,87842,127,180,180,0,True
1732961999,21299857,6401089345736921390164545916362,87842,127,180,180,0,True
1732962011,21299858,6401089345736921390164545916362,87842,127,180,180,0,True
1732962023,21299859,6401089345736921390164545916362,87842,127,180,180,0,True
1732962035,21299860,6401089345736921390164545916362,87842,127,180,180,0,True
1732962047,21299861,6401089345736921390164545916362,87842,127,180,180,0,True
1732962059,21299862,6401089345736921390164545916362,87842,127,180,180,0,True
1732962071,21299863,6407353596871804060961895969040,87861,128,180,180,0,True
1732962083,21299864,6407353596871804060961895969040,87861,128,180,180,0,True
1732962095,21299865,6407353596871804060961895969040,87861,128,180,180,0,True
1732962107,21299866,6407353596871804060961895969040,87861,128,180,180,0,True
1732962119,21299867,6407353596871804060961895969040,87861,128,180,180,0,True
1732962131,21299868,6407353596871804060961895969040,87861,128,180,180,0,True
1732962143,21299869,6407353596871804060961895969040,87861,128,180,180,0,True
1732962155,21299870,6407353596871804060961895969040,87861,128,180,180,0,True
1732962167,21299871,6407353596871804060961895969040,87861,128,180,180,0,True
1732962179,21299872,6407353596871804060961895969040,87861,128,180,180,0,True
1732962191,21299873,6407353596871804060961895969040,87861,128,180,180,0,True
1732962215,21299874,6407353596871804060961895969040,87861,128,180,180,0,True
1732962227,21299875,6407353596871804060961895969040,87861,128,180,180,0,True
1732962239,21299876,6407353596871804060961895969040,87861,128,180,180,0,True
1732962251,21299877,6407353596871804060961895969040,87861,128,180,180,0,True
1732962263,21299878,6407353596871804060961895969040,87861,128,180,180,0,True
1732962275,21299879,6407353596871804060961895969040,87861,128,180,180,0,True
1732962287,21299880,6407353596871804060961895969040,87861,128,180,180,0,True
1732962299,21299881,6407353596871804060961895969040,87861,128,180,180,0,True
1732962311,21299882,6407353596871804060961895969040,87861,128,180,180,0,True
1732962323,21299883,6407353596871804060961895969040,87861,128,180,180,0,True
1732962335,21299884,6407353596871804060961895969040,87861,128,180,180,0,True
1732962347,21299885,6411732624457449518552257526213,87875,129,180,180,0,True
1732962359,21299886,6411732624457449518552257526213,87875,129,180,180,0,True
1732962371,21299887,6411732624457449518552257526213,87875,129,180,180,0,True
1732962383,21299888,6411732624457449518552257526213,87875,129,180,180,0,True
1732962395,21299889,6411732624457449518552257526213,87875,129,180,180,0,True
1732962407,21299890,6411732624457449518552257526213,87875,129,180,180,0,True
1732962419,21299891,6411732624457449518552257526213,87875,129,180,180,0,True
1732962431,21299892,6411732624457449518552257526213,87875,129,180,180,0,True
1732962443,21299893,6411732624457449518552257526213,87875,129,180,180,0,True
1732962455,21299894,6411732624457449518552257526213,87875,129,180,180,0,True
1732962467,21299895,6411732624457449518552257526213,87875,129,180,180,0,True
1732962479,21299896,6411732624457449518552257526213,87875,129,180,180,0,True
1732962491,21299897,6411732624457449518552257526213,87875,129,180,180,0,True
1732962503,21299898,6411732624457449518552257526213,87875,129,180,180,0,True
1732962515,21299899,6411732624457449518552257526213,87875,129,180,180,0,True
1732962527,21299900,6411732624457449518552257526213,87875,129,180,180,0,True
1732962551,21299901,6411732624457449518552257526213,87875,129,180,180,0,True
1732962563,21299902,6411732624457449518552257526213,87875,129,180,180,0,True
1732962575,21299903,6411732624457449518552257526213,87875,129,180,180,0,True
1732962587,21299904,6411732624457449518552257526213,87875,129,180,180,0,True
1732962599,21299905,6411732624457449518552257526213,87875,129,180,180,0,True
1732962611,21299906,6411732624457449518552257526213,87875,129,180,180,0,True
1732962623,21299907,6411732624457449518552257526213,87875,129,180,180,0,True
1732962635,21299908,6411732624457449518552257526213,87875,129,180,180,0,True
1732962647,21299909,6411732624457449518552257526213,87875,129,180,180,0,True
1732962659,21299910,6411732624457449518552257526213,87875,129,180,180,0,True
1732962671,21299911,6411732624457449518552257526213,87875,129,180,180,0,True
1732962683,21299912,6411732624457449518552257526213,87875,129,180,180,0,True
1732962695,21299913,6411732624457449518552257526213,87875,129,180,180,0,True
1732962707,21299914,6411732624457449518552257526213,87875,129,180,180,0,True
1732962719,21299915,6411732624457449518552257526213,87875,129,180,180,0,True
1732962731,21299916,6411732624457449518552257526213,87875,129,180,180,0,True
1732962743,21299917,6411732624457449518552257526213,87875,129,180,180,0,True
1732962755,21299918,6411732624457449518552257526213,87875,129,180,180,0,True
1732962767,21299919,6411732624457449518552257526213,87875,129,180,180,0,True
1732962779,21299920,6411732624457449518552257526213,87875,129,180,180,0,True
1732962791,21299921,6411732624457449518552257526213,87875,129,180,180,0,True
1732962803,21299922,6411732624457449518552257526213,87875,129,180,180,0,True
1732962815,21299923,6411732624457449518552257526213,87875,129,180,180,0,True
1732962827,21299924,6411732624457449518552257526213,87875,129,180,180,0,True
1732962839,21299925,6411732624457449518552257526213,87875,129,180,180,0,True
1732962851,21299926,6411732624457449518552257526213,87875,129,180,180,0,True
1732962863,21299927,6411732624457449518552257526213,87875,129,180,180,0,True
1732962875,21299928,6411732624457449518552257526213,87875,129,180,180,0,True
1732962887,21299929,6411732624457449518552257526213,87875,129,180,180,0,True
1732962899,21299930,6411732624457449518552257526213,87875,129,180,180,0,True
1732962911,21299931,6411732624457449518552257526213,87875,129,180,180,0,True
1732962923,21299932,6411732624457449518552257526213,87875,129,180,180,0,True
1732962947,21299933,6411732624457449518552257526213,87875,129,180,180,0,True
1732962959,21299934,6411732624457449518552257526213,87875,129,180,180,0,True
1732962971,21299935,6411732624457449518552257526213,87875,129,180,180,0,True
1732962983,21299936,6411732624457449518552257526213,87875,129,180,180,0,True
1732962995,21299937,6411732624457449518552257526213,87875,129,180,180,0,True
1732963007,21299938,6411732624457449518552257526213,87875,129,180,180,0,True
1732963019,21299939,6411732624457449518552257526213,87875,129,180,180,0,True
1732963031,21299940,6411732624457449518552257526213,87875,129,180,180,0,True
1732963043,21299941,6411732624457449518552257526213,87875,129,180,180,0,True
1732963055,21299942,6411732624457449518552257526213,87875,129,180,180,0,True
1732963067,21299943,6411732624457449518552257526213,87875,129,180,180,0,True
1732963079,21299944,6411732624457449518552257526213,87875,129,180,180,0,True
1732963091,21299945,6411732624457449518552257526213,87875,129,180,180,0,True
1732963103,21299946,6411732624457449518552257526213,87875,129,180,180,0,True
1732963115,21299947,6411732624457449518552257526213,87875,129,180,180,0,True
1732963127,21299948,6411732624457449518552257526213,87875,129,180,180,0,True
1732963139,21299949,6411732624457449518552257526213,87875,129,180,180,0,True
1732963151,21299950,6411732624457449518552257526213,87875,129,180,180,0,True
1732963163,21299951,6411732624457449518552257526213,87875,129,180,180,0,True
1732963175,21299952,6411732624457449518552257526213,87875,129,180,180,0,True
1732963187,21299953,6416931497649034167078563861495,87891,130,180,180,0,True
1732963199,21299954,6416931497649034167078563861495,87891,130,180,180,0,True
1732963211,21299955,6416931497649034167078563861495,87891,130,180,180,0,True
1732963223,21299956,6416931497649034167078563861495,87891,130,180,180,0,True
1732963235,21299957,6416931497649034167078563861495,87891,130,180,180,0,True
1732963247,21299958,6416931497649034167078563861495,87891,130,180,180,0,True
1732963259,21299959,6416931497649034167078563861495,87891,130,180,180,0,True
1732963271,21299960,6416931497649034167078563861495,87891,130,180,180,0,True
1732963283,21299961,6416931497649034167078563861495,87891,130,180,180,0,True
1732963295,21299962,6416931497649034167078563861495,87891,130,180,180,0,True
1732963307,21299963,6416931497649034167078563861495,87891,130,180,180,0,True
1732963319,21299964,6416931497649034167078563861495,87891,130,180,180,0,True
1732963331,21299965,6416931497649034167078563861495,87891,130,180,180,0,True
1732963343,21299966,6416931497649034167078563861495,87891,130,180,180,0,True
1732963355,21299967,6416931497649034167078563861495,87891,130,180,180,0,True
1732963367,21299968,6416931497649034167078563861495,87891,130,180,180,0,True
1732963379,21299969,6416931497649034167078563861495,87891,130,180,180,0,True
1732963391,21299970,6416931497649034167078563861495,87891,130,180,180,0,True
1732963403,21299971,6416931497649034167078563861495,87891,130,180,180,0,True
1732963415,21299972,6416931497649034167078563861495,87891,130,180,180,0,True
1732963427,21299973,6416931497649034167078563861495,87891,130,180,180,0,True
1732963439,21299974,6416931497649034167078563861495,87891,130,180,180,0,True
1732963451,21299975,6416931497649034167078563861495,87891,130,180,180,0,True
1732963463,21299976,6416931497649034167078563861495,87891,130,180,180,0,True
1732963475,21299977,6416931497649034167078563861495,87891,130,180,180,0,True
1732963487,21299978,6422146085414776925952320730554,87907,131,180,180,0,True
1732963499,21299979,6422146085414776925952320730554,87907,131,180,180,0,True
1732963511,21299980,6422146085414776925952320730554,87907,131,180,180,0,True
1732963523,21299981,6422146085414776925952320730554,87907,131,180,180,0,True
1732963535,21299982,6422146085414776925952320730554,87907,131,180,180,0,True
1732963547,21299983,6422146085414776925952320730554,87907,131,180,180,0,True
1732963559,21299984,6422146085414776925952320730554,87907,131,180,180,0,True
1732963571,21299985,6422146085414776925952320730554,87907,131,180,180,0,True
1732963583,21299986,6422146085414776925952320730554,87907,131,180,180,0,True
1732963595,21299987,6422146085414776925952320730554,87907,131,180,180,0,True
1732963607,21299988,6422146085414776925952320730554,87907,131,180,180,0,True
1732963619,21299989,6422146085414776925952320730554,87907,131,180,180,0,True
1732963631,21299990,6422146085414776925952320730554,87907,131,180,180,0,True
1732963643,21299991,6422146085414776925952320730554,87907,131,180,180,0,True
1732963655,21299992,6422146085414776925952320730554,87907,131,180,180,0,True
1732963667,21299993,6422146085414776925952320730554,87907,131,180,180,0,True
1732963679,21299994,6422146085414776925952320730554,87907,131,180,180,0,True
1732963691,21299995,6422146085414776925952320730554,87907,131,180,180,0,True
1732963703,21299996,6422146085414776925952320730554,87907,131,180,180,0,True
1732963715,21299997,6422146085414776925952320730554,87907,131,180,180,0,True
1732963727,21299998,6422146085414776925952320730554,87907,131,180,180,0,True
1732963739,21299999,6422146085414776925952320730554,87907,131,180,180,0,True
1732963751,21300000,6424201540726020937467521425785,87914,132,180,180,0,True
1732963763,21300001,6424201540726020937467521425785,87914,132,180,180,0,True
1732963775,21300002,6424201540726020937467521425785,87914,132,180,180,0,True
1732963787,21300003,6424201540726020937467521425785,87914,132,180,180,0,True
1732963799,21300004,6424201540726020937467521425785,87914,132,180,180,0,True
1732963811,21300005,6424201540726020937467521425785,87914,132,180,180,0,True
1732963823,21300006,6424201540726020937467521425785,87914,132,180,180,0,True
1732963835,21300007,6424201540726020937467521425785,87914,132,180,180,0,True
1732963847,21300008,6424201540726020937467521425785,87914,132,180,180,0,True
1732963859,21300009,6424201540726020937467521425785,87914,132,180,180,0,True
1732963871,21300010,6424201540726020937467521425785,87914,132,180,180,0,True
1732963883,21300011,6424201540726020937467521425785,87914,132,180,180,0,True
1732963895,21300012,6424201540726020937467521425785,87914,132,180,180,0,True
1732963907,21300013,6424201540726020937467521425785,87914,132,180,180,0,True
1732963919,21300014,6424201540726020937467521425785,87914,132,180,180,0,True
1732963931,21300015,6424201540726020937467521425785,87914,132,180,180,0,True
1732963943,21300016,6424201540726020937467521425785,87914,132,180,180,0,True
1732963955,21300017,6424201540726020937467521425785,87914,132,180,180,0,True
1732963967,21300018,6424201540726020937467521425785,87914,132,180,180,0,True
1732963979,21300019,6424201540726020937467521425785,87914,132,180,180,0,True
1732963991,21300020,6424201540726020937467521425785,87914,132,180,180,0,True
1732964003,21300021,6424201540726020937467521425785,87914,132,180,180,0,True
1732964015,21300022,6424201540726020937467521425785,87914,132,180,180,0,True
1732964027,21300023,6424201540726020937467521425785,87914,132,180,180,0,True
1732964039,21300024,6424201540726020937467521425785,87914,132,180,180,0,True
1732964051,21300025,6424201540726020937467521425785,87914,132,180,180,0,True
1732964063,21300026,6424201540726020937467521425785,87914,132,180,180,0,True
1732964075,21300027,6424201540726020937467521425785,87914,132,180,180,0,True
1732964087,21300028,6424201540726020937467521425785,87914,132,180,180,0,True
1732964099,21300029,6424201540726020937467521425785,87914,132,180,180,0,True
1732964111,21300030,6424201540726020937467521425785,87914,132,180,180,0,True
1732964123,21300031,6424201540726020937467521425785,87914,132,180,180,0,True
1732964135,21300032,6424201540726020937467521425785,87914,132,180,180,0,True
1732964147,21300033,6424201540726020937467521425785,87914,132,180,180,0,True
1732964159,21300034,6424201540726020937467521425785,87914,132,180,180,0,True
1732964171,21300035,6424201540726020937467521425785,87914,132,180,180,0,True
1732964183,21300036,6424201540726020937467521425785,87914,132,180,180,0,True
1732964195,21300037,6424201540726020937467521425785,87914,132,180,180,0,True
1732964207,21300038,6424201540726020937467521425785,87914,132,180,180,0,True
1732964219,21300039,6424201540726020937467521425785,87914,132,180,180,0,True
1732964231,21300040,6424201540726020937467521425785,87914,132,180,180,0,True
1732964243,21300041,6424201540726020937467521425785,87914,132,180,180,0,True
1732964255,21300042,6424201540726020937467521425785,87914,132,180,180,0,True
1732964267,21300043,6424201540726020937467521425785,87914,132,180,180,0,True
1732964279,21300044,6424201540726020937467521425785,87914,132,180,180,0,True
1732964291,21300045,6424201540726020937467521425785,87914,132,180,180,0,True
1732964303,21300046,6424201540726020937467521425785,87914,132,180,180,0,True
1732964315,21300047,6424201540726020937467521425785,87914,132,180,180,0,True
1732964327,21300048,6424201540726020937467521425785,87914,132,180,180,0,True
1732964339,21300049,6424201540726020937467521425785,87914,132,180,180,0,True
1732964351,21300050,6424201540726020937467521425785,87914,132,180,180,0,True
1732964363,21300051,6424201540726020937467521425785,87914,132,180,180,0,True
1732964375,21300052,6424201540726020937467521425785,87914,132,180,180,0,True
1732964387,21300053,6424201540726020937467521425785,87914,132,180,180,0,True
1732964399,21300054,6424201540726020937467521425785,87914,132,180,180,0,True
1732964411,21300055,6424201540726020937467521425785,87914,132,180,180,0,True
1732964423,21300056,6424201540726020937467521425785,87914,132,180,180,0,True
1732964435,21300057,6424201540726020937467521425785,87914,132,180,180,0,True
1732964447,21300058,6424201540726020937467521425785,87914,132,180,180,0,True
1732964459,21300059,6424201540726020937467521425785,87914,132,180,180,0,True
1732964471,21300060,6424201540726020937467521425785,87914,132,180,180,0,True
1732964483,21300061,6424201540726020937467521425785,87914,132,180,180,0,True
1732964495,21300062,6424201540726020937467521425785,87914,132,180,180,0,True
1732964507,21300063,6424201540726020937467521425785,87914,132,180,180,0,True
1732964519,21300064,6424201540726020937467521425785,87914,132,180,180,0,True
1732964531,21300065,6424201540726020937467521425785,87914,132,180,180,0,True
1732964543,21300066,6424201540726020937467521425785,87914,132,180,180,0,True
1732964555,21300067,6424201540726020937467521425785,87914,132,180,180,0,True
1732964567,21300068,6424201540726020937467521425785,87914,132,180,180,0,True
1732964579,21300069,6424201540726020937467521425785,87914,132,180,180,0,True
1732964591,21300070,6424201540726020937467521425785,87914,132,180,180,0,True
1732964603,21300071,6424201540726020937467521425785,87914,132,180,180,0,True
1732964615,21300072,6420417421637381219597581805741,87902,133,180,180,0,True
1732964627,21300073,6420417421637381219597581805741,87902,133,180,180,0,True
1732964639,21300074,6420417421637381219597581805741,87902,133,180,180,0,True
1732964651,21300075,6412891737472733640010041999088,87879,134,180,180,0,True
1732964663,21300076,6412891737472733640010041999088,87879,134,180,180,0,True
1732964675,21300077,6412891737472733640010041999088,87879,134,180,180,0,True
1732964687,21300078,6412891737472733640010041999088,87879,134,180,180,0,True
1732964699,21300079,6412891737472733640010041999088,87879,134,180,180,0,True
1732964711,21300080,6412891737472733640010041999088,87879,134,180,180,0,True
1732964723,21300081,6412891737472733640010041999088,87879,134,180,180,0,True
1732964735,21300082,6412891737472733640010041999088,87879,134,180,180,0,True
1732964747,21300083,6412891737472733640010041999088,87879,134,180,180,0,True
1732964759,21300084,6412891737472733640010041999088,87879,134,180,180,0,True
1732964771,21300085,6412891737472733640010041999088,87879,134,180,180,0,True
1732964783,21300086,6412891737472733640010041999088,87879,134,180,180,0,True
1732964795,21300087,6412891737472733640010041999088,87879,134,180,180,0,True
1732964807,21300088,6412891737472733640010041999088,87879,134,180,180,0,True
1732964819,21300089,6412891737472733640010041999088,87879,134,180,180,0,True
1732964831,21300090,6412891737472733640010041999088,87879,134,180,180,0,True
1732964843,21300091,6412891737472733640010041999088,87879,135,180,180,0,True
1732964855,21300092,6412891737472733640010041999088,87879,135,180,180,0,True
1732964867,21300093,6412891737472733640010041999088,87879,135,180,180,0,True
1732964879,21300094,6412891737472733640010041999088,87879,135,180,180,0,True
1732964891,21300095,6412891737472733640010041999088,87879,135,180,180,0,True
1732964903,21300096,6412891737472733640010041999088,87879,135,180,180,0,True
1732964915,21300097,6412891737472733640010041999088,87879,135,180,180,0,True
1732964927,21300098,6412891737472733640010041999088,87879,135,180,180,0,True
1732964939,21300099,6412891737472733640010041999088,87879,135,180,180,0,True
1732964951,21300100,6412891737472733640010041999088,87879,135,180,180,0,True
1732964963,21300101,6412891737472733640010041999088,87879,135,180,180,0,True
1732964975,21300102,6412891737472733640010041999088,87879,135,180,180,0,True
1732964987,21300103,6412891737472733640010041999088,87879,135,180,180,0,True
1732964999,21300104,6412891737472733640010041999088,87879,135,180,180,0,True
1732965011,21300105,6412891737472733640010041999088,87879,135,180,180,0,True
1732965023,21300106,6412891737472733640010041999088,87879,135,180,180,0,True
1732965035,21300107,6412891737472733640010041999088,87879,135,180,180,0,True
1732965047,21300108,6412891737472733640010041999088,87879,135,180,180,0,True
1732965059,21300109,6412891737472733640010041999088,87879,135,180,180,0,True
1732965071,21300110,6412891737472733640010041999088,87879,135,180,180,0,True
1732965083,21300111,6412891737472733640010041999088,87879,135,180,180,0,True
1732965095,21300112,6412891737472733640010041999088,87879,135,180,180,0,True
1732965107,21300113,6412891737472733640010041999088,87879,135,180,180,0,True
1732965119,21300114,6412891737472733640010041999088,87879,135,180,180,0,True
1732965131,21300115,6412891737472733640010041999088,87879,135,180,180,0,True
1732965143,21300116,6412891737472733640010041999088,87879,135,180,180,0,True
1732965155,21300117,6412891737472733640010041999088,87879,135,180,180,0,True
1732965167,21300118,6412891737472733640010041999088,87879,135,180,180,0,True
1732965179,21300119,6412891737472733640010041999088,87879,135,180,180,0,True
1732965191,21300120,6412891737472733640010041999088,87879,135,180,180,0,True
1732965203,21300121,6412891737472733640010041999088,87879,135,180,180,0,True
1732965215,21300122,6412891737472733640010041999088,87879,135,180,180,0,True
1732965227,21300123,6412891737472733640010041999088,87879,135,180,180,0,True
1732965239,21300124,6412891737472733640010041999088,87879,135,180,180,0,True
1732965251,21300125,6412891737472733640010041999088,87879,135,180,180,0,True
1732965263,21300126,6412891737472733640010041999088,87879,135,180,180,0,True
1732965275,21300127,6412891737472733640010041999088,87879,135,180,180,0,True
1732965287,21300128,6412891737472733640010041999088,87879,135,180,180,0,True
1732965299,21300129,6412891737472733640010041999088,87879,135,180,180,0,True
1732965311,21300130,6412891737472733640010041999088,87879,135,180,180,0,True
1732965323,21300131,6412891737472733640010041999088,87879,135,180,180,0,True
1732965335,21300132,6412891737472733640010041999088,87879,135,180,180,0,True
1732965347,21300133,6412891737472733640010041999088,87879,135,180,180,0,True
1732965359,21300134,6412891737472733640010041999088,87879,135,180,180,0,True
1732965371,21300135,6412891737472733640010041999088,87879,135,180,180,0,True
1732965383,21300136,6412891737472733640010041999088,87879,135,180,180,0,True
1732965395,21300137,6412891737472733640010041999088,87879,135,180,180,0,True
1732965407,21300138,6412891737472733640010041999088,87879,135,180,180,0,True
1732965419,21300139,6412891737472733640010041999088,87879,135,180,180,0,True
1732965431,21300140,6412891737472733640010041999088,87879,135,180,180,0,True
1732965443,21300141,6412891737472733640010041999088,87879,135,180,180,0,True
1732965455,21300142,6412891737472733640010041999088,87879,135,180,180,0,True
1732965467,21300143,6412891737472733640010041999088,87879,135,180,180,0,True
1732965479,21300144,6412891737472733640010041999088,87879,135,180,180,0,True
1732965491,21300145,6412891737472733640010041999088,87879,135,180,180,0,True
1732965503,21300146,6412891737472733640010041999088,87879,135,180,180,0,True
1732965515,21300147,6412891737472733640010041999088,87879,135,180,180,0,True
1732965527,21300148,6412891737472733640010041999088,87879,135,180,180,0,True
1732965539,21300149,6412891737472733640010041999088,87879,135,180,180,0,True
1732965551,21300150,6412891737472733640010041999088,87879,135,180,180,0,True
1732965563,21300151,6412891737472733640010041999088,87879,135,180,180,0,True
1732965575,21300152,6412891737472733640010041999088,87879,135,180,180,0,True
1732965587,21300153,6412891737472733640010041999088,87879,135,180,180,0,True
1732965599,21300154,6412891737472733640010041999088,87879,135,180,180,0,True
1732965611,21300155,6412891737472733640010041999088,87879,135,180,180,0,True
1732965623,21300156,6412891737472733640010041999088,87879,135,180,180,0,True
1732965635,21300157,6412891737472733640010041999088,87879,135,180,180,0,True
1732965647,21300158,6412891737472733640010041999088,87879,135,180,180,0,True
1732965659,21300159,6412891737472733640010041999088,87879,135,180,180,0,True
1732965671,21300160,6412891737472733640010041999088,87879,135,180,180,0,True
1732965683,21300161,6412891737472733640010041999088,87879,135,180,180,0,True
1732965695,21300162,6412891737472733640010041999088,87879,135,180,180,0,True
1732965707,21300163,6412891737472733640010041999088,87879,135,180,180,0,True
1732965719,21300164,6412891737472733640010041999088,87879,135,180,180,0,True
1732965731,21300165,6412891737472733640010041999088,87879,135,180,180,0,True
1732965743,21300166,6412891737472733640010041999088,87879,135,180,180,0,True
1732965755,21300167,6412891737472733640010041999088,87879,135,180,180,0,True
1732965767,21300168,6412891737472733640010041999088,87879,135,180,180,0,True
1732965779,21300169,6412891737472733640010041999088,87879,135,180,180,0,True
1732965791,21300170,6412891737472733640010041999088,87879,135,180,180,0,True
1732965803,21300171,6412891737472733640010041999088,87879,135,180,180,0,True
1732965815,21300172,6412891737472733640010041999088,87879,135,180,180,0,True
1732965827,21300173,6412891737472733640010041999088,87879,135,180,180,0,True
1732965839,21300174,6406461769510363054736986116574,87859,136,180,180,0,True
1732965851,21300175,6406461769510363054736986116574,87859,136,180,180,0,True
1732965863,21300176,6406461769510363054736986116574,87859,136,180,180,0,True
1732965875,21300177,6400760297631733503971129575946,87841,137,180,180,0,True
1732965887,21300178,6400760297631733503971129575946,87841,137,180,180,0,True
1732965899,21300179,6400760297631733503971129575946,87841,137,180,180,0,True
1732965911,21300180,6400760297631733503971129575946,87841,137,180,180,0,True
1732965923,21300181,6400760297631733503971129575946,87841,137,180,180,0,True
1732965935,21300182,6400760297631733503971129575946,87841,137,180,180,0,True
1732965947,21300183,6400760297631733503971129575946,87841,137,180,180,0,True
1732965959,21300184,6400760297631733503971129575946,87841,137,180,180,0,True
1732965971,21300185,6400760297631733503971129575946,87841,137,180,180,0,True
1732965983,21300186,6400760297631733503971129575946,87841,137,180,180,0,True
1732965995,21300187,6386730859786353981776156476679,87797,138,180,180,0,True
1732966007,21300188,6376658832436932627611771467674,87765,139,180,180,0,True
1732966019,21300189,6376658832436932627611771467674,87765,139,180,180,0,True
1732966031,21300190,6377106535188658897058778309425,87767,140,180,180,0,True
1732966043,21300191,6377106535188658897058778309425,87767,140,180,180,0,True
1732966055,21300192,6377106535188658897058778309425,87767,140,180,180,0,True
1732966067,21300193,6372676583188198541048436713184,87753,141,180,180,0,True
1732966079,21300194,6372676583188198541048436713184,87753,141,180,180,0,True
1732966091,21300195,6372676583188198541048436713184,87753,141,180,180,0,True
1732966103,21300196,6372676583188198541048436713184,87753,141,180,180,0,True
1732966115,21300197,6372676583188198541048436713184,87753,141,180,180,0,True
1732966127,21300198,6372676583188198541048436713184,87753,141,180,180,0,True
1732966139,21300199,6372676583188198541048436713184,87753,141,180,180,0,True
1732966151,21300200,6372676583188198541048436713184,87753,141,180,180,0,True
1732966163,21300201,6365063007886887814458413923045,87729,142,180,180,0,True
1732966175,21300202,6365063007886887814458413923045,87729,142,180,180,0,True
1732966187,21300203,6365063007886887814458413923045,87729,142,180,180,0,True
1732966199,21300204,6365063007886887814458413923045,87729,142,180,180,0,True
1732966211,21300205,6365063007886887814458413923045,87729,142,180,180,0,True
1732966223,21300206,6365063007886887814458413923045,87729,142,180,180,0,True
1732966235,21300207,6365063007886887814458413923045,87729,142,180,180,0,True
1732966247,21300208,6365063007886887814458413923045,87729,142,180,180,0,True
1732966259,21300209,6365063007886887814458413923045,87729,142,180,180,0,True
1732966271,21300210,6365063007886887814458413923045,87729,142,180,180,0,True
1732966283,21300211,6352627337432280727892063063974,87690,143,180,180,0,True
1732966295,21300212,6352955083017511412072738448308,87691,144,180,180,0,True
1732966307,21300213,6352955083017511412072738448308,87691,144,180,180,0,True
1732966319,21300214,6352955083017511412072738448308,87691,144,180,180,0,True
1732966331,21300215,6352955083017511412072738448308,87691,144,180,180,0,True
1732966343,21300216,6352955083017511412072738448308,87691,144,180,180,0,True
1732966355,21300217,6352955083017511412072738448308,87691,144,180,180,0,True
1732966367,21300218,6352955083017511412072738448308,87691,144,180,180,0,True
1732966379,21300219,6352955083017511412072738448308,87691,144,180,180,0,True
1732966391,21300220,6352955083017511412072738448308,87691,144,180,180,0,True
1732966403,21300221,6352955083017511412072738448308,87691,144,180,180,0,True
1732966415,21300222,6352955083017511412072738448308,87691,144,180,180,0,True
1732966427,21300223,6352955083017511412072738448308,87691,144,180,180,0,True
1732966439,21300224,6352955083017511412072738448308,87691,144,180,180,0,True
1732966451,21300225,6352955083017511412072738448308,87691,144,180,180,0,True
1732966463,21300226,6352955083017511412072738448308,87691,144,180,180,0,True
1732966475,21300227,6346171019462208873958794683977,87669,145,180,180,0,True
1732966487,21300228,6346171019462208873958794683977,87669,145,180,180,0,True
1732966499,21300229,6346171019462208873958794683977,87669,145,180,180,0,True
1732966511,21300230,6346171019462208873958794683977,87669,145,180,180,0,True
1732966523,21300231,6346171019462208873958794683977,87669,145,180,180,0,True
1732966535,21300232,6346171019462208873958794683977,87669,145,180,180,0,True
1732966547,21300233,6346171019462208873958794683977,87669,145,180,180,0,True
1732966571,21300234,6346171019462208873958794683977,87669,145,180,180,0,True
1732966583,21300235,6346171019462208873958794683977,87669,145,180,180,0,True
1732966595,21300236,6346171019462208873958794683977,87669,145,180,180,0,True
1732966607,21300237,6346171019462208873958794683977,87669,145,180,180,0,True
1732966619,21300238,6346171019462208873958794683977,87669,145,180,180,0,True
1732966631,21300239,6346171019462208873958794683977,87669,145,180,180,0,True
1732966643,21300240,6346171019462208873958794683977,87669,145,180,180,0,True
1732966655,21300241,6346171019462208873958794683977,87669,145,180,180,0,True
1732966667,21300242,6346171019462208873958794683977,87669,145,180,180,0,True
1732966679,21300243,6346171019462208873958794683977,87669,145,180,180,0,True
1732966691,21300244,6346171019462208873958794683977,87669,145,180,180,0,True
1732966703,21300245,6346171019462208873958794683977,87669,145,180,180,0,True
1732966715,21300246,6346171019462208873958794683977,87669,145,180,180,0,True
1732966727,21300247,6338825141473009346368890734967,87646,146,180,180,0,True
1732966739,21300248,6338825141473009346368890734967,87646,146,180,180,0,True
1732966751,21300249,6333241229324769798185762309229,87629,147,180,180,0,True
1732966763,21300250,6333241229324769798185762309229,87629,147,180,180,0,True
1732966775,21300251,6333241229324769798185762309229,87629,147,180,180,0,True
1732966787,21300252,6333241229324769798185762309229,87629,147,180,180,0,True
1732966799,21300253,6333241229324769798185762309229,87629,147,180,180,0,True
1732966811,21300254,6333241229324769798185762309229,87629,147,180,180,0,True
1732966823,21300255,6333241229324769798185762309229,87629,147,180,180,0,True
1732966835,21300256,6333241229324769798185762309229,87629,147,180,180,0,True
1732966847,21300257,6333241229324769798185762309229,87629,147,180,180,0,True
1732966859,21300258,6333241229324769798185762309229,87629,147,180,180,0,True
1732966871,21300259,6333241229324769798185762309229,87629,147,180,180,0,True
1732966895,21300260,6333241229324769798185762309229,87629,147,180,180,0,True
1732966907,21300261,6333241229324769798185762309229,87629,147,180,180,0,True
1732966919,21300262,6333241229324769798185762309229,87629,147,180,180,0,True
1732966931,21300263,6333241229324769798185762309229,87629,147,180,180,0,True
1732966943,21300264,6333241229324769798185762309229,87629,147,180,180,0,True
1732966955,21300265,6333241229324769798185762309229,87629,147,180,180,0,True
1732966967,21300266,6333241229324769798185762309229,87629,147,180,180,0,True
1732966979,21300267,6333241229324769798185762309229,87629,147,180,180,0,True
1732966991,21300268,6333241229324769798185762309229,87629,147,180,180,0,True
1732967003,21300269,6333241229324769798185762309229,87629,147,180,180,0,True
1732967015,21300270,6333241229324769798185762309229,87629,147,180,180,0,True
1732967027,21300271,6333241229324769798185762309229,87629,147,180,180,0,True
1732967039,21300272,6333241229324769798185762309229,87629,147,180,180,0,True
1732967051,21300273,6333241229324769798185762309229,87629,147,180,180,0,True
1732967063,21300274,6333241229324769798185762309229,87629,147,180,180,0,True
1732967075,21300275,6333241229324769798185762309229,87629,147,180,180,0,True
1732967087,21300276,6327140683614900162558040762632,87609,148,180,180,0,True
1732967099,21300277,6322744219005729424056503204160,87595,149,180,180,0,True
1732967111,21300278,6322744219005729424056503204160,87595,149,180,180,0,True
1732967123,21300279,6322744219005729424056503204160,87595,149,180,180,0,True
1732967135,21300280,6322744219005729424056503204160,87595,149,180,180,0,True
1732967147,21300281,6322744219005729424056503204160,87595,149,180,180,0,True
1732967159,21300282,6322744219005729424056503204160,87595,149,180,180,0,True
1732967171,21300283,6322744219005729424056503204160,87595,149,180,180,0,True
1732967183,21300284,6322744219005729424056503204160,87595,149,180,180,0,True
1732967195,21300285,6322744219005729424056503204160,87595,149,180,180,0,True
1732967207,21300286,6322744219005729424056503204160,87595,149,180,180,0,True
1732967219,21300287,6322744219005729424056503204160,87595,149,180,180,0,True
1732967231,21300288,6315798695669535392796305557754,87573,150,180,180,0,True
1732967243,21300289,6315798695669535392796305557754,87573,150,180,180,0,True
1732967255,21300290,6315798695669535392796305557754,87573,150,180,180,0,True
1732967267,21300291,6309764960800276513169459148789,87554,151,180,180,0,True
1732967279,21300292,6309764960800276513169459148789,87554,151,180,180,0,True
1732967291,21300293,6304823644349686527550164853400,87539,152,180,180,0,True
1732967303,21300294,6304823644349686527550164853400,87539,152,180,180,0,True
1732967315,21300295,6295780025571892842387922248810,87510,153,180,180,0,True
1732967327,21300296,6295780025571892842387922248810,87510,153,180,180,0,True
1732967339,21300297,6295780025571892842387922248810,87510,153,180,180,0,True
1732967351,21300298,6295780025571892842387922248810,87510,153,180,180,0,True
1732967363,21300299,6295780025571892842387922248810,87510,153,180,180,0,True
1732967375,21300300,6295780025571892842387922248810,87510,153,180,180,0,True
1732967387,21300301,6295780025571892842387922248810,87510,153,180,180,0,True
1732967399,21300302,6295780025571892842387922248810,87510,153,180,180,0,True
1732967411,21300303,6295780025571892842387922248810,87510,153,180,180,0,True
1732967423,21300304,6295780025571892842387922248810,87510,153,180,180,0,True
1732967435,21300305,6295780025571892842387922248810,87510,153,180,180,0,True
1732967447,21300306,6282326438669437351349387985702,87467,154,180,180,0,True
1732967459,21300307,6277504345402174447186841588374,87452,155,180,180,0,True
1732967471,21300308,6277504345402174447186841588374,87452,155,180,180,0,True
1732967483,21300309,6277504345402174447186841588374,87452,155,180,180,0,True
1732967495,21300310,6277504345402174447186841588374,87452,155,180,180,0,True
1732967507,21300311,6277504345402174447186841588374,87452,155,180,180,0,True
1732967519,21300312,6277504345402174447186841588374,87452,155,180,180,0,True
1732967531,21300313,6277504345402174447186841588374,87452,155,180,180,0,True
1732967543,21300314,6277504345402174447186841588374,87452,155,180,180,0,True
1732967555,21300315,6270832126242706968275119659831,87431,156,180,180,0,True
1732967567,21300316,6270832126242706968275119659831,87431,156,180,180,0,True
1732967579,21300317,6262879718115940064671406559559,87405,157,180,180,0,True
1732967591,21300318,6262879718115940064671406559559,87405,157,180,180,0,True
1732967603,21300319,6260926852073168409709106289119,87399,158,180,180,0,True
1732967615,21300320,6254966277926274917988560050202,87380,159,180,180,0,True
1732967627,21300321,6255260730837129390510383073456,87381,160,180,180,0,True
1732967639,21300322,6255260730837129390510383073456,87381,160,180,180,0,True
1732967651,21300323,6255260730837129390510383073456,87381,160,180,180,0,True
1732967663,21300324,6255260730837129390510383073456,87381,160,180,180,0,True
1732967675,21300325,6250859542918712117772784513895,87367,161,180,180,0,True
1732967687,21300326,6250859542918712117772784513895,87367,161,180,180,0,True
1732967699,21300327,6250859542918712117772784513895,87367,161,180,180,0,True
1732967711,21300328,6250859542918712117772784513895,87367,161,180,180,0,True
1732967723,21300329,6250859542918712117772784513895,87367,161,180,180,0,True
1732967735,21300330,6250859542918712117772784513895,87367,161,180,180,0,True
1732967747,21300331,6246664784038840048543796078796,87353,162,180,180,0,True
1732967759,21300332,6246664784038840048543796078796,87353,162,180,180,0,True
1732967771,21300333,6246664784038840048543796078796,87353,162,180,180,0,True
1732967783,21300334,6239198044783095275456274525309,87329,163,180,180,0,True
1732967795,21300335,6231136152719957445894684176757,87304,164,180,180,0,True
1732967807,21300336,6231480194342626229651719127914,87305,165,180,180,0,True
1732967819,21300337,6224437346122452767492921774081,87282,166,180,180,0,True
1732967831,21300338,6239187987168154105368133713738,87329,167,180,180,0,True
1732967843,21300339,6228000364070579565957415534821,87293,168,180,180,0,True
1732967855,21300340,6228000364070579565957415534821,87293,168,180,180,0,True
1732967867,21300341,6233433003079374874650859894351,87311,169,180,180,0,True
1732967879,21300342,6240756117717195990251115881270,87334,170,180,180,0,True
1732967891,21300343,6255120905515700373870295848683,87380,171,180,180,0,True
1732967903,21300344,6255120905515700373870295848683,87380,171,180,180,0,True
1732967915,21300345,6255120905515700373870295848683,87380,171,180,180,0,True
1732967927,21300346,6255120905515700373870295848683,87380,171,180,180,0,True
1732967939,21300347,6255120905515700373870295848683,87380,171,180,180,0,True
1732967951,21300348,6234532882568976638872893396953,87314,172,180,180,0,True
1732967963,21300349,6234532882568976638872893396953,87314,172,180,180,0,True
1732967975,21300350,6234532882568976638872893396953,87314,172,180,180,0,True
1732967987,21300351,6234532882568976638872893396953,87314,172,180,180,0,True
1732967999,21300352,6234532882568976638872893396953,87314,172,180,180,0,True
1732968011,21300353,6234532882568976638872893396953,87314,172,180,180,0,True
1732968023,21300354,6234532882568976638872893396953,87314,172,180,180,0,True
1732968035,21300355,6235094301067778282617431669958,87316,173,180,180,0,True
1732968047,21300356,6236226594616340141605262155940,87320,174,180,180,0,True
1732968059,21300357,6236226594616340141605262155940,87320,174,180,180,0,True
1732968071,21300358,6236226594616340141605262155940,87320,174,180,180,0,True
1732968083,21300359,6236226594616340141605262155940,87320,174,180,180,0,True
1732968095,21300360,6226345340127356033840511995957,87288,175,180,180,0,True
1732968107,21300361,6226345340127356033840511995957,87288,175,180,180,0,True
1732968119,21300362,6234271293292042008416403962777,87314,176,180,180,0,True
1732968131,21300363,6234271293292042008416403962777,87314,176,180,180,0,True
1732968143,21300364,6234271293292042008416403962777,87314,176,180,180,0,True
1732968155,21300365,6234271293292042008416403962777,87314,176,180,180,0,True
1732968167,21300366,6234271293292042008416403962777,87314,176,180,180,0,True
1732968179,21300367,6238958896342984524484863487959,87329,177,180,180,0,True
1732968191,21300368,6244405263775005103798579384923,87346,178,180,180,0,True
1732968203,21300369,6244405263775005103798579384923,87346,178,180,180,0,True
1732968215,21300370,6249257964183470838522917799202,87362,179,180,180,0,True
1732968227,21300371,6249257964183470838522917799202,87362,179,180,180,0,True
1732968239,21300372,6255201601849357981210829717877,87381,0,180,180,0,True
1732968251,21300373,6255201601849357981210829717877,87381,0,180,180,0,True
1732968263,21300374,6255201601849357981210829717877,87381,0,180,180,0,True
1732968275,21300375,6255201601849357981210829717877,87381,0,180,180,0,True
1732968287,21300376,6254622106799842403026433291751,87379,1,180,180,0,True
1732968299,21300377,6254622106799842403026433291751,87379,1,180,180,0,True
1732968323,21300378,6255332551097885157384713274541,87381,2,180,180,0,True
1732968335,21300379,6255332551097885157384713274541,87381,2,180,180,0,True
1732968347,21300380,6255332551097885157384713274541,87381,2,180,180,0,True
1732968359,21300381,6255332551097885157384713274541,87381,2,180,180,0,True
1732968371,21300382,6255332551097885157384713274541,87381,2,180,180,0,True
1732968383,21300383,6255332551097885157384713274541,87381,2,180,180,0,True
1732968395,21300384,6261315607151136754126698322918,87400,3,180,180,0,True
1732968407,21300385,6261315607151136754126698322918,87400,3,180,180,0,True
1732968419,21300386,6261315607151136754126698322918,87400,3,180,180,0,True
1732968431,21300387,6261315607151136754126698322918,87400,3,180,180,0,True
1732968443,21300388,6256599865988004305710918251111,87385,4,180,180,0,True
1732968455,21300389,6256599865988004305710918251111,87385,4,180,180,0,True
1732968467,21300390,6256599865988004305710918251111,87385,4,180,180,0,True
1732968479,21300391,6256599865988004305710918251111,87385,4,180,180,0,True
1732968491,21300392,6247791917550326663027434130690,87357,5,180,180,0,True
1732968503,21300393,6247791917550326663027434130690,87357,5,180,180,0,True
1732968515,21300394,6238234568087322999495599544800,87326,6,180,180,0,True
1732968527,21300395,6238234568087322999495599544800,87326,6,180,180,0,True
1732968539,21300396,6238234568087322999495599544800,87326,6,180,180,0,True
1732968551,21300397,6238234568087322999495599544800,87326,6,180,180,0,True
1732968563,21300398,6238234568087322999495599544800,87326,6,180,180,0,True
1732968575,21300399,6238234568087322999495599544800,87326,6,180,180,0,True
1732968587,21300400,6238234568087322999495599544800,87326,6,180,180,0,True
1732968599,21300401,6238234568087322999495599544800,87326,6,180,180,0,True
1732968611,21300402,6238234568087322999495599544800,87326,6,180,180,0,True
1732968623,21300403,6238234568087322999495599544800,87326,6,180,180,0,True
1732968635,21300404,6238234568087322999495599544800,87326,6,180,180,0,True
1732968647,21300405,6238234568087322999495599544800,87326,6,180,180,0,True
1732968659,21300406,6238234568087322999495599544800,87326,6,180,180,0,True
1732968671,21300407,6238234568087322999495599544800,87326,6,180,180,0,True
1732968683,21300408,6238234568087322999495599544800,87326,6,180,180,0,True
1732968695,21300409,6238234568087322999495599544800,87326,6,180,180,0,True
1732968707,21300410,6238234568087322999495599544800,87326,6,180,180,0,True
1732968719,21300411,6238234568087322999495599544800,87326,6,180,180,0,True
1732968731,21300412,6238234568087322999495599544800,87326,6,180,180,0,True
1732968743,21300413,6238234568087322999495599544800,87326,6,180,180,0,True
1732968755,21300414,6238234568087322999495599544800,87326,6,180,180,0,True
1732968767,21300415,6238234568087322999495599544800,87326,6,180,180,0,True
1732968779,21300416,6238234568087322999495599544800,87326,6,180,180,0,True
1732968791,21300417,6242898746557882942335367602140,87341,7,180,180,0,True
1732968803,21300418,6242898746557882942335367602140,87341,7,180,180,0,True
1732968815,21300419,6242898746557882942335367602140,87341,7,180,180,0,True
1732968827,21300420,6242898746557882942335367602140,87341,7,180,180,0,True
1732968839,21300421,6242898746557882942335367602140,87341,7,180,180,0,True
1732968851,21300422,6242898746557882942335367602140,87341,7,180,180,0,True
1732968863,21300423,6242898746557882942335367602140,87341,7,180,180,0,True
1732968875,21300424,6242898746557882942335367602140,87341,7,180,180,0,True
1732968887,21300425,6242898746557882942335367602140,87341,7,180,180,0,True
1732968899,21300426,6242898746557882942335367602140,87341,7,180,180,0,True
1732968911,21300427,6242898746557882942335367602140,87341,7,180,180,0,True
1732968923,21300428,6242898746557882942335367602140,87341,7,180,180,0,True
1732968935,21300429,6242898746557882942335367602140,87341,7,180,180,0,True
1732968947,21300430,6242898746557882942335367602140,87341,7,180,180,0,True
1732968959,21300431,6242898746557882942335367602140,87341,7,180,180,0,True
1732968971,21300432,6242898746557882942335367602140,87341,7,180,180,0,True
1732968983,21300433,6242898746557882942335367602140,87341,7,180,180,0,True
1732968995,21300434,6242898746557882942335367602140,87341,7,180,180,0,True
1732969007,21300435,6242898746557882942335367602140,87341,7,180,180,0,True
1732969019,21300436,6242898746557882942335367602140,87341,7,180,180,0,True
1732969031,21300437,6242898746557882942335367602140,87341,7,180,180,0,True
1732969043,21300438,6242898746557882942335367602140,87341,7,180,180,0,True
1732969055,21300439,6242898746557882942335367602140,87341,7,180,180,0,True
1732969067,21300440,6242898746557882942335367602140,87341,7,180,180,0,True
1732969079,21300441,6242898746557882942335367602140,87341,7,180,180,0,True
1732969091,21300442,6242898746557882942335367602140,87341,7,180,180,0,True
1732969103,21300443,6242898746557882942335367602140,87341,7,180,180,0,True
1732969115,21300444,6242898746557882942335367602140,87341,7,180,180,0,True
1732969127,21300445,6242898746557882942335367602140,87341,7,180,180,0,True
1732969139,21300446,6242898746557882942335367602140,87341,7,180,180,0,True
1732969151,21300447,6242898746557882942335367602140,87341,7,180,180,0,True
1732969163,21300448,6242898746557882942335367602140,87341,7,180,180,0,True
1732969175,21300449,6242898746557882942335367602140,87341,7,180,180,0,True
1732969187,21300450,6233786089583522241036816734560,87312,8,180,180,0,True
1732969199,21300451,6226447716608777283358805032197,87288,9,180,180,0,True
1732969211,21300452,6226447716608777283358805032197,87288,9,180,180,0,True
1732969223,21300453,6217072596003295980654910309478,87258,10,180,180,0,True
1732969235,21300454,6217072596003295980654910309478,87258,10,180,180,0,True
1732969247,21300455,6217072596003295980654910309478,87258,10,180,180,0,True
1732969259,21300456,6217072596003295980654910309478,87258,10,180,180,0,True
1732969271,21300457,6217072596003295980654910309478,87258,10,180,180,0,True
1732969283,21300458,6208350224347617803324191784862,87230,11,180,180,0,True
1732969295,21300459,6202420255981824618383587813796,87211,12,180,180,0,True
1732969307,21300460,6188378777146792175587466851916,87166,13,180,180,0,True
1732969319,21300461,6183023445473074464807965451542,87148,14,180,180,0,True
1732969331,21300462,6183216795550560977389828594993,87149,15,180,180,0,True
1732969343,21300463,6177577348881756062970196636667,87131,16,180,180,0,True
1732969355,21300464,6177577348881756062970196636667,87131,16,180,180,0,True
1732969367,21300465,6177577348881756062970196636667,87131,16,180,180,0,True
1732969379,21300466,6177577348881756062970196636667,87131,16,180,180,0,True
1732969391,21300467,6177577348881756062970196636667,87131,16,180,180,0,True
1732969403,21300468,6177577348881756062970196636667,87131,16,180,180,0,True
1732969415,21300469,6172279132895109180176393900245,87114,17,180,180,0,True
1732969427,21300470,6172279132895109180176393900245,87114,17,180,180,0,True
1732969439,21300471,6164444428502327175470061123612,87088,18,180,180,0,True
1732969451,21300472,6164444428502327175470061123612,87088,18,180,180,0,True
1732969463,21300473,6164444428502327175470061123612,87088,18,180,180,0,True
1732969475,21300474,6164444428502327175470061123612,87088,18,180,180,0,True
1732969487,21300475,6164444428502327175470061123612,87088,18,180,180,0,True
1732969499,21300476,6164444428502327175470061123612,87088,18,180,180,0,True
1732969511,21300477,6159006408522002961800950773596,87071,19,180,180,0,True
1732969523,21300478,6159006408522002961800950773596,87071,19,180,180,0,True
1732969535,21300479,6152829526158194577929262575395,87051,20,180,180,0,True
1732969547,21300480,6152829526158194577929262575395,87051,20,180,180,0,True
1732969559,21300481,6152829526158194577929262575395,87051,20,180,180,0,True
1732969571,21300482,6152829526158194577929262575395,87051,20,180,180,0,True
1732969583,21300483,6152829526158194577929262575395,87051,20,180,180,0,True
1732969595,21300484,6152829526158194577929262575395,87051,20,180,180,0,True
1732969607,21300485,6152829526158194577929262575395,87051,20,180,180,0,True
1732969619,21300486,6152829526158194577929262575395,87051,20,180,180,0,True
1732969631,21300487,6152829526158194577929262575395,87051,20,180,180,0,True
1732969643,21300488,6152829526158194577929262575395,87051,20,180,180,0,True
1732969655,21300489,6152829526158194577929262575395,87051,20,180,180,0,True
1732969667,21300490,6152829526158194577929262575395,87051,20,180,180,0,True
1732969679,21300491,6152829526158194577929262575395,87051,20,180,180,0,True
1732969691,21300492,6154085744463249778814791661710,87055,21,180,180,0,True
1732969703,21300493,6154085744463249778814791661710,87055,21,180,180,0,True
1732969715,21300494,6139728133988659249644318750690,87008,22,180,180,0,True
1732969727,21300495,6139728133988659249644318750690,87008,22,180,180,0,True
1732969739,21300496,6139728133988659249644318750690,87008,22,180,180,0,True
1732969751,21300497,6139728133988659249644318750690,87008,22,180,180,0,True
1732969763,21300498,6139728133988659249644318750690,87008,22,180,180,0,True
1732969775,21300499,6139728133988659249644318750690,87008,22,180,180,0,True
1732969787,21300500,6134236702987144535359125929054,86990,23,180,180,0,True
1732969799,21300501,6135564024598516239359076017961,86994,24,180,180,0,True
1732969811,21300502,6135564024598516239359076017961,86994,24,180,180,0,True
1732969823,21300503,6135564024598516239359076017961,86994,24,180,180,0,True
1732969835,21300504,6127367396358186688049892272699,86968,25,180,180,0,True
1732969847,21300505,6128142056847548818904173624525,86970,26,180,180,0,True
1732969859,21300506,6128890451684681216324823345443,86973,27,180,180,0,True
1732969871,21300507,6128890451684681216324823345443,86973,27,180,180,0,True
1732969883,21300508,6128890451684681216324823345443,86973,27,180,180,0,True
1732969895,21300509,6128890451684681216324823345443,86973,27,180,180,0,True
1732969907,21300510,6128890451684681216324823345443,86973,27,180,180,0,True
1732969919,21300511,6128890451684681216324823345443,86973,27,180,180,0,True
1732969931,21300512,6128890451684681216324823345443,86973,27,180,180,0,True
1732969955,21300513,6128890451684681216324823345443,86973,27,180,180,0,True
1732969967,21300514,6128890451684681216324823345443,86973,27,180,180,0,True
1732969979,21300515,6121861788748305582808113651951,86950,28,180,180,0,True
1732969991,21300516,6121861788748305582808113651951,86950,28,180,180,0,True
1732970003,21300517,6121861788748305582808113651951,86950,28,180,180,0,True
1732970015,21300518,6121861788748305582808113651951,86950,28,180,180,0,True
1732970027,21300519,6121861788748305582808113651951,86950,28,180,180,0,True
1732970039,21300520,6121861788748305582808113651951,86950,28,180,180,0,True
1732970051,21300521,6108541249534387303519575993149,86906,29,180,180,0,True
1732970063,21300522,6108541249534387303519575993149,86906,29,180,180,0,True
1732970075,21300523,6108541249534387303519575993149,86906,29,180,180,0,True
1732970087,21300524,6108541249534387303519575993149,86906,29,180,180,0,True
1732970099,21300525,6108541249534387303519575993149,86906,29,180,180,0,True
1732970111,21300526,6108541249534387303519575993149,86906,29,180,180,0,True
1732970123,21300527,6108541249534387303519575993149,86906,29,180,180,0,True
1732970135,21300528,6108541249534387303519575993149,86906,29,180,180,0,True
1732970147,21300529,6108541249534387303519575993149,86906,29,180,180,0,True
1732970159,21300530,6108541249534387303519575993149,86906,29,180,180,0,True
1732970171,21300531,6108541249534387303519575993149,86906,29,180,180,0,True
1732970183,21300532,6108541249534387303519575993149,86906,29,180,180,0,True
1732970195,21300533,6108541249534387303519575993149,86906,29,180,180,0,True
1732970207,21300534,6108541249534387303519575993149,86906,29,180,180,0,True
1732970219,21300535,6108541249534387303519575993149,86906,29,180,180,0,True
1732970231,21300536,6108541249534387303519575993149,86906,29,180,180,0,True
1732970243,21300537,6116400029905420702048484544270,86932,30,180,180,0,True
1732970255,21300538,6116400029905420702048484544270,86932,30,180,180,0,True
1732970267,21300539,6116400029905420702048484544270,86932,30,180,180,0,True
1732970279,21300540,6116400029905420702048484544270,86932,30,180,180,0,True
1732970291,21300541,6116400029905420702048484544270,86932,30,180,180,0,True
1732970303,21300542,6159279047747436612517605230983,87072,31,180,180,0,True
1732970315,21300543,6175379046734794476958131549494,87124,32,180,180,0,True
1732970327,21300544,6170512378598460049983565051590,87108,33,180,180,0,True
1732970339,21300545,6170512378598460049983565051590,87108,33,180,180,0,True
1732970351,21300546,6170512378598460049983565051590,87108,33,180,180,0,True
1732970363,21300547,6170512378598460049983565051590,87108,33,180,180,0,True
1732970375,21300548,6170512378598460049983565051590,87108,33,180,180,0,True
1732970387,21300549,6170512378598460049983565051590,87108,33,180,180,0,True
1732970399,21300550,6170512378598460049983565051590,87108,33,180,180,0,True
1732970411,21300551,6170512378598460049983565051590,87108,33,180,180,0,True
1732970423,21300552,6170512378598460049983565051590,87108,33,180,180,0,True
1732970435,21300553,6170512378598460049983565051590,87108,33,180,180,0,True
1732970447,21300554,6170512378598460049983565051590,87108,33,180,180,0,True
1732970459,21300555,6170512378598460049983565051590,87108,33,180,180,0,True
1732970471,21300556,6170512378598460049983565051590,87108,33,180,180,0,True
1732970483,21300557,6170512378598460049983565051590,87108,33,180,180,0,True
1732970495,21300558,6160929991480388273719453864883,87077,34,180,180,0,True
1732970507,21300559,6154165260486660697693697046987,87055,35,180,180,0,True
1732970519,21300560,6154165260486660697693697046987,87055,35,180,180,0,True
1732970531,21300561,6145529266530672302803494980480,87027,36,180,180,0,True
1732970543,21300562,6134770816977784723131125965099,86992,37,180,180,0,True
1732970555,21300563,6134770816977784723131125965099,86992,37,180,180,0,True
1732970567,21300564,6134770816977784723131125965099,86992,37,180,180,0,True
1732970579,21300565,6134770816977784723131125965099,86992,37,180,180,0,True
1732970591,21300566,6134770816977784723131125965099,86992,37,180,180,0,True
1732970603,21300567,6134770816977784723131125965099,86992,37,180,180,0,True
1732970615,21300568,6134770816977784723131125965099,86992,37,180,180,0,True
1732970627,21300569,6134770816977784723131125965099,86992,37,180,180,0,True
1732970639,21300570,6134770816977784723131125965099,86992,37,180,180,0,True
1732970651,21300571,6134770816977784723131125965099,86992,37,180,180,0,True
1732970663,21300572,6134770816977784723131125965099,86992,37,180,180,0,True
1732970675,21300573,6134770816977784723131125965099,86992,37,180,180,0,True
1732970687,21300574,6134770816977784723131125965099,86992,37,180,180,0,True
1732970699,21300575,6134770816977784723131125965099,86992,37,180,180,0,True
1732970711,21300576,6134770816977784723131125965099,86992,37,180,180,0,True
1732970723,21300577,6134770816977784723131125965099,86992,37,180,180,0,True
1732970735,21300578,6134770816977784723131125965099,86992,37,180,180,0,True
1732970747,21300579,6134770816977784723131125965099,86992,37,180,180,0,True
1732970759,21300580,6134770816977784723131125965099,86992,37,180,180,0,True
1732970771,21300581,6134770816977784723131125965099,86992,37,180,180,0,True
1732970783,21300582,6134770816977784723131125965099,86992,37,180,180,0,True
1732970795,21300583,6134770816977784723131125965099,86992,37,180,180,0,True
1732970807,21300584,6134770816977784723131125965099,86992,37,180,180,0,True
1732970819,21300585,6134770816977784723131125965099,86992,37,180,180,0,True
1732970831,21300586,6134770816977784723131125965099,86992,37,180,180,0,True
1732970843,21300587,6134770816977784723131125965099,86992,37,180,180,0,True
1732970855,21300588,6134770816977784723131125965099,86992,37,180,180,0,True
1732970867,21300589,6134770816977784723131125965099,86992,37,180,180,0,True
1732970879,21300590,6134770816977784723131125965099,86992,37,180,180,0,True
1732970891,21300591,6134770816977784723131125965099,86992,37,180,180,0,True
1732970903,21300592,6134770816977784723131125965099,86992,37,180,180,0,True
1732970915,21300593,6134770816977784723131125965099,86992,37,180,180,0,True
1732970927,21300594,6134770816977784723131125965099,86992,37,180,180,0,True
1732970939,21300595,6134770816977784723131125965099,86992,37,180,180,0,True
1732970951,21300596,6134770816977784723131125965099,86992,37,180,180,0,True
1732970963,21300597,6126127405992456922786030889616,86964,38,180,180,0,True
1732970975,21300598,6126127405992456922786030889616,86964,38,180,180,0,True
1732970987,21300599,6126127405992456922786030889616,86964,38,180,180,0,True
1732970999,21300600,6126127405992456922786030889616,86964,38,180,180,0,True
1732971011,21300601,6119818311372944592386616024749,86943,39,180,180,0,True
1732971023,21300602,6119818311372944592386616024749,86943,39,180,180,0,True
1732971035,21300603,6112636487864050073713525483922,86919,40,180,180,0,True
1732971047,21300604,6112636487864050073713525483922,86919,40,180,180,0,True
1732971059,21300605,6112636487864050073713525483922,86919,40,180,180,0,True
1732971071,21300606,6107691166754700815836640561133,86903,41,180,180,0,True
1732971083,21300607,6107691166754700815836640561133,86903,41,180,180,0,True
1732971095,21300608,6107691166754700815836640561133,86903,41,180,180,0,True
1732971107,21300609,6107691166754700815836640561133,86903,41,180,180,0,True
1732971119,21300610,6107110083472666014446184807011,86901,42,180,180,0,True
1732971131,21300611,6091666152875260963199850275980,86851,43,180,180,0,True
1732971143,21300612,6084259719920992131195219516619,86826,44,180,180,0,True
1732971155,21300613,6084401702635486315210259262407,86827,45,180,180,0,True
1732971167,21300614,6059605889931365242668511418928,86745,46,180,180,0,True
1732971179,21300615,6070557210845352877624514827813,86781,47,180,180,0,True
1732971191,21300616,6070557210845352877624514827813,86781,47,180,180,0,True
1732971203,21300617,6070557210845352877624514827813,86781,47,180,180,0,True
1732971215,21300618,6070557210845352877624514827813,86781,47,180,180,0,True
1732971227,21300619,6070557210845352877624514827813,86781,47,180,180,0,True
1732971239,21300620,6070557210845352877624514827813,86781,47,180,180,0,True
1732971251,21300621,6070557210845352877624514827813,86781,47,180,180,0,True
1732971263,21300622,6078067985683931971473248467509,86806,48,180,180,0,True
1732971275,21300623,6078067985683931971473248467509,86806,48,180,180,0,True
1732971287,21300624,6078067985683931971473248467509,86806,48,180,180,0,True
1732971299,21300625,6083704133376822108658108925019,86825,49,180,180,0,True
1732971311,21300626,6083704133376822108658108925019,86825,49,180,180,0,True
1732971323,21300627,6083704133376822108658108925019,86825,49,180,180,0,True
1732971335,21300628,6095986084079220735187626953097,86865,50,180,180,0,True
1732971347,21300629,6095986084079220735187626953097,86865,50,180,180,0,True
1732971359,21300630,6095986084079220735187626953097,86865,50,180,180,0,True
1732971371,21300631,6095986084079220735187626953097,86865,50,180,180,0,True
1732971383,21300632,6095986084079220735187626953097,86865,50,180,180,0,True
1732971395,21300633,6095986084079220735187626953097,86865,50,180,180,0,True
1732971407,21300634,6095986084079220735187626953097,86865,50,180,180,0,True
1732971419,21300635,6095986084079220735187626953097,86865,50,180,180,0,True
1732971431,21300636,6095986084079220735187626953097,86865,50,180,180,0,True
1732971443,21300637,6095986084079220735187626953097,86865,50,180,180,0,True
1732971467,21300638,6095986084079220735187626953097,86865,50,180,180,0,True
1732971479,21300639,6095986084079220735187626953097,86865,50,180,180,0,True
1732971491,21300640,6095986084079220735187626953097,86865,50,180,180,0,True
1732971503,21300641,6095986084079220735187626953097,86865,50,180,180,0,True
1732971515,21300642,6095986084079220735187626953097,86865,50,180,180,0,True
1732971527,21300643,6095986084079220735187626953097,86865,50,180,180,0,True
1732971539,21300644,6095862334509785321323005909503,86865,50,180,180,0,True
1732971551,21300645,6095862334509785321323005909503,86865,50,180,180,0,True
1732971563,21300646,6095862334509785321323005909503,86865,50,180,180,0,True
1732971575,21300647,6095862334509785321323005909503,86865,50,180,180,0,True
1732971587,21300648,6095862334509785321323005909503,86865,50,180,180,0,True
1732971599,21300649,6095862334509785321323005909503,86865,50,180,180,0,True
1732971611,21300650,6095862334509785321323005909503,86865,50,180,180,0,True
1732971623,21300651,6095862334509785321323005909503,86865,50,180,180,0,True
1732971635,21300652,6095862334509785321323005909503,86865,50,180,180,0,True
1732971647,21300653,6095862334509785321323005909503,86865,50,180,180,0,True
1732971659,21300654,6101752820087155306498811418143,86884,51,180,180,0,True
1732971671,21300655,6101752820087155306498811418143,86884,51,180,180,0,True
1732971683,21300656,6101752820087155306498811418143,86884,51,180,180,0,True
1732971695,21300657,6101752820087155306498811418143,86884,51,180,180,0,True
1732971707,21300658,6101752820087155306498811418143,86884,51,180,180,0,True
1732971719,21300659,6101752820087155306498811418143,86884,51,180,180,0,True
1732971731,21300660,6101752820087155306498811418143,86884,51,180,180,0,True
1732971743,21300661,6097705681902542470177685038398,86871,52,180,180,0,True
1732971755,21300662,6097705681902542470177685038398,86871,52,180,180,0,True
1732971767,21300663,6097705681902542470177685038398,86871,52,180,180,0,True
1732971779,21300664,6097705681902542470177685038398,86871,52,180,180,0,True
1732971791,21300665,6097705681902542470177685038398,86871,52,180,180,0,True
1732971803,21300666,6097705681902542470177685038398,86871,52,180,180,0,True
1732971815,21300667,6097705681902542470177685038398,86871,52,180,180,0,True
1732971827,21300668,6092857105743934380056748693978,86855,53,180,180,0,True
1732971839,21300669,6092857105743934380056748693978,86855,53,180,180,0,True
1732971851,21300670,6092857105743934380056748693978,86855,53,180,180,0,True
1732971863,21300671,6092857105743934380056748693978,86855,53,180,180,0,True
1732971875,21300672,6088017223126331340647499219924,86839,54,180,180,0,True
1732971887,21300673,6088017223126331340647499219924,86839,54,180,180,0,True
1732971899,21300674,6088017223126331340647499219924,86839,54,180,180,0,True
1732971911,21300675,6083186010689279360457808951478,86823,55,180,180,0,True
1732971923,21300676,6083186010689279360457808951478,86823,55,180,180,0,True
1732971935,21300677,6083186010689279360457808951478,86823,55,180,180,0,True
1732971947,21300678,6083186010689279360457808951478,86823,55,180,180,0,True
1732971959,21300679,6083186010689279360457808951478,86823,55,180,180,0,True
1732971971,21300680,6089234618859211662184159379456,86843,56,180,180,0,True
1732971983,21300681,6089234618859211662184159379456,86843,56,180,180,0,True
1732971995,21300682,6089234618859211662184159379456,86843,56,180,180,0,True
1732972007,21300683,6089562694559410085096911037725,86844,57,180,180,0,True
1732972019,21300684,6095834571357705847799762005508,86864,58,180,180,0,True
1732972031,21300685,6095834571357705847799762005508,86864,58,180,180,0,True
1732972043,21300686,6101687310596992625136433119002,86884,59,180,180,0,True
1732972055,21300687,6101687310596992625136433119002,86884,59,180,180,0,True
1732972067,21300688,6101687310596992625136433119002,86884,59,180,180,0,True
1732972079,21300689,6101687310596992625136433119002,86884,59,180,180,0,True
1732972091,21300690,6101687310596992625136433119002,86884,59,180,180,0,True
1732972103,21300691,6101687310596992625136433119002,86884,59,180,180,0,True
1732972115,21300692,6101687310596992625136433119002,86884,59,180,180,0,True
1732972127,21300693,6101687310596992625136433119002,86884,59,180,180,0,True
1732972139,21300694,6101687310596992625136433119002,86884,59,180,180,0,True
1732972151,21300695,6101687310596992625136433119002,86884,59,180,180,0,True
1732972163,21300696,6101687310596992625136433119002,86884,59,180,180,0,True
1732972175,21300697,6092520443243849757561345540096,86854,60,180,180,0,True
1732972187,21300698,6092520443243849757561345540096,86854,60,180,180,0,True
1732972199,21300699,6092520443243849757561345540096,86854,60,180,180,0,True
1732972211,21300700,6092520443243849757561345540096,86854,60,180,180,0,True
1732972223,21300701,6092520443243849757561345540096,86854,60,180,180,0,True
1732972235,21300702,6092520443243849757561345540096,86854,60,180,180,0,True
1732972247,21300703,6092520443243849757561345540096,86854,60,180,180,0,True
1732972259,21300704,6092520443243849757561345540096,86854,60,180,180,0,True
1732972271,21300705,6092520443243849757561345540096,86854,60,180,180,0,True
1732972283,21300706,6092520443243849757561345540096,86854,60,180,180,0,True
1732972295,21300707,6092520443243849757561345540096,86854,60,180,180,0,True
1732972307,21300708,6092520443243849757561345540096,86854,60,180,180,0,True
1732972319,21300709,6092520443243849757561345540096,86854,60,180,180,0,True
1732972331,21300710,6080207610617287021502831362562,86813,61,180,180,0,True
1732972343,21300711,6080207610617287021502831362562,86813,61,180,180,0,True
1732972355,21300712,6080207610617287021502831362562,86813,61,180,180,0,True
1732972367,21300713,6080207610617287021502831362562,86813,61,180,180,0,True
1732972379,21300714,6080207610617287021502831362562,86813,61,180,180,0,True
1732972391,21300715,6080207610617287021502831362562,86813,61,180,180,0,True
1732972403,21300716,6080207610617287021502831362562,86813,61,180,180,0,True
1732972415,21300717,6080207610617287021502831362562,86813,61,180,180,0,True
1732972427,21300718,6080207610617287021502831362562,86813,61,180,180,0,True
1732972439,21300719,6080207610617287021502831362562,86813,61,180,180,0,True
1732972451,21300720,6080207610617287021502831362562,86813,61,180,180,0,True
1732972463,21300721,6080207610617287021502831362562,86813,61,180,180,0,True
1732972475,21300722,6080207610617287021502831362562,86813,61,180,180,0,True
1732972487,21300723,6080207610617287021502831362562,86813,61,180,180,0,True
1732972499,21300724,6080207610617287021502831362562,86813,61,180,180,0,True
1732972511,21300725,6080207610617287021502831362562,86813,61,180,180,0,True
1732972523,21300726,6080207610617287021502831362562,86813,61,180,180,0,True
1732972535,21300727,6080207610617287021502831362562,86813,61,180,180,0,True
1732972547,21300728,6080207610617287021502831362562,86813,61,180,180,0,True
1732972559,21300729,6080207610617287021502831362562,86813,61,180,180,0,True
1732972571,21300730,6080207610617287021502831362562,86813,61,180,180,0,True
1732972583,21300731,6080207610617287021502831362562,86813,61,180,180,0,True
1732972595,21300732,6080207610617287021502831362562,86813,61,180,180,0,True
1732972607,21300733,6080207610617287021502831362562,86813,61,180,180,0,True
1732972619,21300734,6080207610617287021502831362562,86813,61,180,180,0,True
1732972631,21300735,6080207610617287021502831362562,86813,61,180,180,0,True
1732972643,21300736,6080207610617287021502831362562,86813,61,180,180,0,True
1732972655,21300737,6080207610617287021502831362562,86813,61,180,180,0,True
1732972667,21300738,6080207610617287021502831362562,86813,61,180,180,0,True
1732972679,21300739,6080207610617287021502831362562,86813,61,180,180,0,True
1732972691,21300740,6080207610617287021502831362562,86813,61,180,180,0,True
1732972703,21300741,6080207610617287021502831362562,86813,61,180,180,0,True
1732972715,21300742,6080207610617287021502831362562,86813,61,180,180,0,True
1732972727,21300743,6080207610617287021502831362562,86813,61,180,180,0,True
1732972739,21300744,6080207610617287021502831362562,86813,61,180,180,0,True
1732972751,21300745,6080207610617287021502831362562,86813,61,180,180,0,True
1732972763,21300746,6080207610617287021502831362562,86813,61,180,180,0,True
1732972775,21300747,6080207610617287021502831362562,86813,61,180,180,0,True
1732972787,21300748,6080207610617287021502831362562,86813,61,180,180,0,True
1732972799,21300749,6080207610617287021502831362562,86813,61,180,180,0,True
1732972811,21300750,6084840192135727202491737564184,86828,62,180,180,0,True
1732972823,21300751,6091095370488159864435053508281,86849,63,180,180,0,True
1732972835,21300752,6101975169979032783549181442813,86885,64,180,180,0,True
1732972847,21300753,6101975169979032783549181442813,86885,64,180,180,0,True
1732972859,21300754,6108572330937139085271731836681,86906,65,180,180,0,True
1732972871,21300755,6108572330937139085271731836681,86906,65,180,180,0,True
1732972883,21300756,6121018647352773368730242382313,86947,66,180,180,0,True
1732972895,21300757,6135374600220159973395774952126,86994,67,180,180,0,True
1732972907,21300758,6140832480170838969852694076621,87012,68,180,180,0,True
1732972919,21300759,6140832480170838969852694076621,87012,68,180,180,0,True
1732972931,21300760,6145077230675382912248813198319,87025,69,180,180,0,True
1732972943,21300761,6145077230675382912248813198319,87025,69,180,180,0,True
1732972955,21300762,6145077230675382912248813198319,87025,69,180,180,0,True
1732972967,21300763,6145077230675382912248813198319,87025,69,180,180,0,True
1732972979,21300764,6145077230675382912248813198319,87025,69,180,180,0,True
1732972991,21300765,6145077230675382912248813198319,87025,69,180,180,0,True
1732973003,21300766,6145077230675382912248813198319,87025,69,180,180,0,True
1732973015,21300767,6145077230675382912248813198319,87025,69,180,180,0,True
1732973027,21300768,6145077230675382912248813198319,87025,69,180,180,0,True
1732973039,21300769,6145077230675382912248813198319,87025,69,180,180,0,True
1732973051,21300770,6145077230675382912248813198319,87025,69,180,180,0,True
1732973063,21300771,6145077230675382912248813198319,87025,69,180,180,0,True
1732973075,21300772,6145077230675382912248813198319,87025,69,180,180,0,True
1732973087,21300773,6145077230675382912248813198319,87025,69,180,180,0,True
1732973099,21300774,6145077230675382912248813198319,87025,69,180,180,0,True
1732973111,21300775,6145077230675382912248813198319,87025,69,180,180,0,True
1732973123,21300776,6145077230675382912248813198319,87025,69,180,180,0,True
1732973135,21300777,6145077230675382912248813198319,87025,69,180,180,0,True
1732973147,21300778,6145077230675382912248813198319,87025,69,180,180,0,True
1732973159,21300779,6151585707217115369579375175761,87047,70,180,180,0,True
1732973171,21300780,6151585707217115369579375175761,87047,70,180,180,0,True
1732973183,21300781,6151585707217115369579375175761,87047,70,180,180,0,True
1732973195,21300782,6151585707217115369579375175761,87047,70,180,180,0,True
1732973207,21300783,6151585707217115369579375175761,87047,70,180,180,0,True
1732973219,21300784,6151585707217115369579375175761,87047,70,180,180,0,True
1732973231,21300785,6151585707217115369579375175761,87047,70,180,180,0,True
1732973243,21300786,6151585707217115369579375175761,87047,70,180,180,0,True
1732973255,21300787,6151585707217115369579375175761,87047,70,180,180,0,True
1732973267,21300788,6151585707217115369579375175761,87047,70,180,180,0,True
1732973279,21300789,6151585707217115369579375175761,87047,70,180,180,0,True
1732973291,21300790,6151585707217115369579375175761,87047,70,180,180,0,True
1732973303,21300791,6151585707217115369579375175761,87047,70,180,180,0,True
1732973315,21300792,6151585707217115369579375175761,87047,70,180,180,0,True
1732973327,21300793,6151585707217115369579375175761,87047,70,180,180,0,True
1732973339,21300794,6151585707217115369579375175761,87047,70,180,180,0,True
1732973351,21300795,6151585707217115369579375175761,87047,70,180,180,0,True
1732973363,21300796,6151585707217115369579375175761,87047,70,180,180,0,True
1732973375,21300797,6151585707217115369579375175761,87047,70,180,180,0,True
1732973387,21300798,6151585707217115369579375175761,87047,70,180,180,0,True
1732973399,21300799,6149829050860019774143081254180,87041,71,180,180,0,True
1732973411,21300800,6149829050860019774143081254180,87041,71,180,180,0,True
1732973423,21300801,6149829050860019774143081254180,87041,71,180,180,0,True
1732973435,21300802,6149829050860019774143081254180,87041,71,180,180,0,True
1732973447,21300803,6149829050860019774143081254180,87041,71,180,180,0,True
1732973459,21300804,6146496630683822188562190513475,87030,72,180,180,0,True
1732973471,21300805,6146496630683822188562190513475,87030,72,180,180,0,True
1732973483,21300806,6146496630683822188562190513475,87030,72,180,180,0,True
1732973495,21300807,6146496630683822188562190513475,87030,72,180,180,0,True
1732973507,21300808,6146496630683822188562190513475,87030,72,180,180,0,True
1732973519,21300809,6146496630683822188562190513475,87030,72,180,180,0,True
1732973531,21300810,6146496630683822188562190513475,87030,72,180,180,0,True
1732973543,21300811,6146496630683822188562190513475,87030,72,180,180,0,True
1732973555,21300812,6146475339386170894057525305657,87030,72,180,180,0,True
1732973567,21300813,6146475339386170894057525305657,87030,72,180,180,0,True
1732973579,21300814,6146475339386170894057525305657,87030,72,180,180,0,True
1732973591,21300815,6146475339386170894057525305657,87030,72,180,180,0,True
1732973603,21300816,6146475339386170894057525305657,87030,72,180,180,0,True
1732973615,21300817,6146475339386170894057525305657,87030,72,180,180,0,True
1732973627,21300818,6146475339386170894057525305657,87030,72,180,180,0,True
1732973639,21300819,6146475339386170894057525305657,87030,72,180,180,0,True
1732973651,21300820,6146475339386170894057525305657,87030,72,180,180,0,True
1732973663,21300821,6146475339386170894057525305657,87030,72,180,180,0,True
1732973675,21300822,6146475339386170894057525305657,87030,72,180,180,0,True
1732973687,21300823,6146475339386170894057525305657,87030,72,180,180,0,True
1732973699,21300824,6146475339386170894057525305657,87030,72,180,180,0,True
1732973711,21300825,6140098141209959628531788585808,87009,73,180,180,0,True
1732973723,21300826,6140098141209959628531788585808,87009,73,180,180,0,True
1732973735,21300827,6140098141209959628531788585808,87009,73,180,180,0,True
1732973747,21300828,6140098141209959628531788585808,87009,73,180,180,0,True
1732973759,21300829,6140098141209959628531788585808,87009,73,180,180,0,True
1732973771,21300830,6140098141209959628531788585808,87009,73,180,180,0,True
1732973783,21300831,6140098141209959628531788585808,87009,73,180,180,0,True
1732973795,21300832,6140098141209959628531788585808,87009,73,180,180,0,True
1732973807,21300833,6140098141209959628531788585808,87009,73,180,180,0,True
1732973819,21300834,6140098141209959628531788585808,87009,73,180,180,0,True
1732973831,21300835,6140098141209959628531788585808,87009,73,180,180,0,True
1732973843,21300836,6140098141209959628531788585808,87009,73,180,180,0,True
1732973855,21300837,6140098141209959628531788585808,87009,73,180,180,0,True
1732973867,21300838,6140098141209959628531788585808,87009,73,180,180,0,True
1732973879,21300839,6140098141209959628531788585808,87009,73,180,180,0,True
1732973891,21300840,6140098141209959628531788585808,87009,73,180,180,0,True
1732973903,21300841,6140098141209959628531788585808,87009,73,180,180,0,True
1732973915,21300842,6140098141209959628531788585808,87009,73,180,180,0,True
1732973927,21300843,6140098141209959628531788585808,87009,73,180,180,0,True
1732973939,21300844,6140098141209959628531788585808,87009,73,180,180,0,True
1732973951,21300845,6140098141209959628531788585808,87009,73,180,180,0,True
1732973963,21300846,6140098141209959628531788585808,87009,73,180,180,0,True
1732973975,21300847,6140098141209959628531788585808,87009,73,180,180,0,True
1732973987,21300848,6140098141209959628531788585808,87009,73,180,180,0,True
1732973999,21300849,6140098141209959628531788585808,87009,73,180,180,0,True
1732974011,21300850,6146117518423274135354684435924,87029,74,180,180,0,True
1732974023,21300851,6146117518423274135354684435924,87029,74,180,180,0,True
1732974035,21300852,6157099877360204152662868885504,87064,75,180,180,0,True
1732974047,21300853,6157099877360204152662868885504,87064,75,180,180,0,True
1732974059,21300854,6157099877360204152662868885504,87064,75,180,180,0,True
1732974071,21300855,6157099877360204152662868885504,87064,75,180,180,0,True
1732974083,21300856,6157099877360204152662868885504,87064,75,180,180,0,True
1732974095,21300857,6157099877360204152662868885504,87064,75,180,180,0,True
1732974107,21300858,6162382726074013560011546817419,87082,76,180,180,0,True
1732974119,21300859,6166291567124803460157077969565,87094,77,180,180,0,True
1732974131,21300860,6166291567124803460157077969565,87094,77,180,180,0,True
1732974143,21300861,6166291567124803460157077969565,87094,77,180,180,0,True
1732974155,21300862,6166291567124803460157077969565,87094,77,180,180,0,True
1732974167,21300863,6166291567124803460157077969565,87094,77,180,180,0,True
1732974179,21300864,6166291567124803460157077969565,87094,77,180,180,0,True
1732974191,21300865,6166291567124803460157077969565,87094,77,180,180,0,True
1732974203,21300866,6166291567124803460157077969565,87094,77,180,180,0,True
1732974215,21300867,6166291567124803460157077969565,87094,77,180,180,0,True
1732974227,21300868,6166291567124803460157077969565,87094,77,180,180,0,True
1732974239,21300869,6166291567124803460157077969565,87094,77,180,180,0,True
1732974251,21300870,6166291567124803460157077969565,87094,77,180,180,0,True
1732974263,21300871,6166291567124803460157077969565,87094,77,180,180,0,True
1732974275,21300872,6166291567124803460157077969565,87094,77,180,180,0,True
1732974287,21300873,6160108000562450491052597101039,87074,78,180,180,0,True
1732974299,21300874,6160108000562450491052597101039,87074,78,180,180,0,True
1732974311,21300875,6160108000562450491052597101039,87074,78,180,180,0,True
1732974323,21300876,6160108000562450491052597101039,87074,78,180,180,0,True
1732974335,21300877,6156125193496498167340662275609,87061,79,180,180,0,True
1732974347,21300878,6156125193496498167340662275609,87061,79,180,180,0,True
1732974359,21300879,6156125193496498167340662275609,87061,79,180,180,0,True
1732974371,21300880,6156125193496498167340662275609,87061,79,180,180,0,True
1732974383,21300881,6156125193496498167340662275609,87061,79,180,180,0,True
1732974395,21300882,6156125193496498167340662275609,87061,79,180,180,0,True
1732974407,21300883,6156125193496498167340662275609,87061,79,180,180,0,True
1732974419,21300884,6156125193496498167340662275609,87061,79,180,180,0,True
1732974431,21300885,6156125193496498167340662275609,87061,79,180,180,0,True
1732974443,21300886,6156125193496498167340662275609,87061,79,180,180,0,True
1732974455,21300887,6156125193496498167340662275609,87061,79,180,180,0,True
1732974467,21300888,6156125193496498167340662275609,87061,79,180,180,0,True
1732974479,21300889,6156125193496498167340662275609,87061,79,180,180,0,True
1732974491,21300890,6156125193496498167340662275609,87061,79,180,180,0,True
1732974503,21300891,6156125193496498167340662275609,87061,79,180,180,0,True
1732974515,21300892,6156125193496498167340662275609,87061,79,180,180,0,True
1732974527,21300893,6156125193496498167340662275609,87061,79,180,180,0,True
1732974539,21300894,6156125193496498167340662275609,87061,79,180,180,0,True
1732974551,21300895,6156125193496498167340662275609,87061,79,180,180,0,True
1732974563,21300896,6156125193496498167340662275609,87061,79,180,180,0,True
1732974575,21300897,6156125193496498167340662275609,87061,79,180,180,0,True
1732974587,21300898,6156125193496498167340662275609,87061,79,180,180,0,True
1732974599,21300899,6156125193496498167340662275609,87061,79,180,180,0,True
1732974611,21300900,6162221487924745376066617206358,87081,80,180,180,0,True
1732974623,21300901,6162221487924745376066617206358,87081,80,180,180,0,True
1732974635,21300902,6162221487924745376066617206358,87081,80,180,180,0,True
1732974647,21300903,6162221487924745376066617206358,87081,80,180,180,0,True
1732974659,21300904,6162221487924745376066617206358,87081,80,180,180,0,True
1732974671,21300905,6162221487924745376066617206358,87081,80,180,180,0,True
1732974683,21300906,6162221487924745376066617206358,87081,80,180,180,0,True
1732974695,21300907,6162221487924745376066617206358,87081,80,180,180,0,True
1732974707,21300908,6162221487924745376066617206358,87081,80,180,180,0,True
1732974719,21300909,6162221487924745376066617206358,87081,80,180,180,0,True
1732974731,21300910,6162221487924745376066617206358,87081,80,180,180,0,True
1732974743,21300911,6162221487924745376066617206358,87081,80,180,180,0,True
1732974755,21300912,6162221487924745376066617206358,87081,80,180,180,0,True
1732974767,21300913,6162221487924745376066617206358,87081,80,180,180,0,True
1732974779,21300914,6162221487924745376066617206358,87081,80,180,180,0,True
1732974791,21300915,6162221487924745376066617206358,87081,80,180,180,0,True
1732974803,21300916,6162221487924745376066617206358,87081,80,180,180,0,True
1732974815,21300917,6162221487924745376066617206358,87081,80,180,180,0,True
1732974827,21300918,6162221487924745376066617206358,87081,80,180,180,0,True
1732974839,21300919,6162221487924745376066617206358,87081,80,180,180,0,True
1732974851,21300920,6162221487924745376066617206358,87081,80,180,180,0,True
1732974863,21300921,6167677659360297205022578623897,87099,81,180,180,0,True
1732974875,21300922,6167677659360297205022578623897,87099,81,180,180,0,True
1732974887,21300923,6167677659360297205022578623897,87099,81,180,180,0,True
1732974899,21300924,6167677659360297205022578623897,87099,81,180,180,0,True
1732974911,21300925,6167677659360297205022578623897,87099,81,180,180,0,True
1732974923,21300926,6167677659360297205022578623897,87099,81,180,180,0,True
1732974947,21300927,6167677659360297205022578623897,87099,81,180,180,0,True
1732974959,21300928,6167677659360297205022578623897,87099,81,180,180,0,True
1732974971,21300929,6167677659360297205022578623897,87099,81,180,180,0,True
1732974983,21300930,6172980456670852493623863121021,87116,82,180,180,0,True
1732974995,21300931,6172980456670852493623863121021,87116,82,180,180,0,True
1732975007,21300932,6172980456670852493623863121021,87116,82,180,180,0,True
1732975019,21300933,6172980456670852493623863121021,87116,82,180,180,0,True
1732975031,21300934,6172980456670852493623863121021,87116,82,180,180,0,True
1732975043,21300935,6172980456670852493623863121021,87116,82,180,180,0,True
1732975055,21300936,6172980456670852493623863121021,87116,82,180,180,0,True
1732975067,21300937,6159813893581936697186046733239,87073,83,180,180,0,True
1732975079,21300938,6159813893581936697186046733239,87073,83,180,180,0,True
1732975091,21300939,6159813893581936697186046733239,87073,83,180,180,0,True
1732975103,21300940,6159813893581936697186046733239,87073,83,180,180,0,True
1732975115,21300941,6159813893581936697186046733239,87073,83,180,180,0,True
1732975127,21300942,6159813893581936697186046733239,87073,83,180,180,0,True
1732975139,21300943,6159813893581936697186046733239,87073,83,180,180,0,True
1732975151,21300944,6159813893581936697186046733239,87073,83,180,180,0,True
1732975163,21300945,6159813893581936697186046733239,87073,83,180,180,0,True
1732975175,21300946,6159813893581936697186046733239,87073,83,180,180,0,True
1732975187,21300947,6159813893581936697186046733239,87073,83,180,180,0,True
1732975199,21300948,6159813893581936697186046733239,87073,83,180,180,0,True
1732975211,21300949,6159813893581936697186046733239,87073,83,180,180,0,True
1732975223,21300950,6159813893581936697186046733239,87073,83,180,180,0,True
1732975235,21300951,6170306690962044401087839339512,87107,84,180,180,0,True
1732975247,21300952,6163939734257317239850014124995,87087,85,180,180,0,True
1732975259,21300953,6163939734257317239850014124995,87087,85,180,180,0,True
1732975271,21300954,6163939734257317239850014124995,87087,85,180,180,0,True
1732975283,21300955,6163939734257317239850014124995,87087,85,180,180,0,True
1732975295,21300956,6163939734257317239850014124995,87087,85,180,180,0,True
1732975307,21300957,6163939734257317239850014124995,87087,85,180,180,0,True
1732975319,21300958,6163939734257317239850014124995,87087,85,180,180,0,True
1732975331,21300959,6163939734257317239850014124995,87087,85,180,180,0,True
1732975343,21300960,6163939734257317239850014124995,87087,85,180,180,0,True
1732975355,21300961,6163939734257317239850014124995,87087,85,180,180,0,True
1732975367,21300962,6163939734257317239850014124995,87087,85,180,180,0,True
1732975391,21300963,6163939734257317239850014124995,87087,85,180,180,0,True
1732975403,21300964,6163939734257317239850014124995,87087,85,180,180,0,True
1732975415,21300965,6163939734257317239850014124995,87087,85,180,180,0,True
1732975427,21300966,6163939734257317239850014124995,87087,85,180,180,0,True
1732975439,21300967,6163939734257317239850014124995,87087,85,180,180,0,True
1732975451,21300968,6163939734257317239850014124995,87087,85,180,180,0,True
1732975463,21300969,6163939734257317239850014124995,87087,85,180,180,0,True
1732975475,21300970,6163939734257317239850014124995,87087,85,180,180,0,True
1732975487,21300971,6163939734257317239850014124995,87087,85,180,180,0,True
1732975499,21300972,6163939734257317239850014124995,87087,85,180,180,0,True
1732975511,21300973,6163939734257317239850014124995,87087,85,180,180,0,True
1732975523,21300974,6163939734257317239850014124995,87087,85,180,180,0,True
1732975535,21300975,6163939734257317239850014124995,87087,85,180,180,0,True
1732975547,21300976,6163939734257317239850014124995,87087,85,180,180,0,True
1732975559,21300977,6163939734257317239850014124995,87087,85,180,180,0,True
1732975571,21300978,6163939734257317239850014124995,87087,85,180,180,0,True
1732975583,21300979,6163939734257317239850014124995,87087,85,180,180,0,True
1732975595,21300980,6163939734257317239850014124995,87087,85,180,180,0,True
1732975607,21300981,6163939734257317239850014124995,87087,85,180,180,0,True
1732975619,21300982,6163939734257317239850014124995,87087,85,180,180,0,True
1732975631,21300983,6163939734257317239850014124995,87087,85,180,180,0,True
1732975643,21300984,6163939734257317239850014124995,87087,85,180,180,0,True
1732975655,21300985,6163939734257317239850014124995,87087,85,180,180,0,True
1732975667,21300986,6163939734257317239850014124995,87087,85,180,180,0,True
1732975679,21300987,6163939734257317239850014124995,87087,85,180,180,0,True
1732975691,21300988,6163939734257317239850014124995,87087,85,180,180,0,True
1732975703,21300989,6163939734257317239850014124995,87087,85,180,180,0,True
1732975715,21300990,6163939734257317239850014124995,87087,85,180,180,0,True
1732975727,21300991,6163939734257317239850014124995,87087,85,180,180,0,True
1732975739,21300992,6163939734257317239850014124995,87087,85,180,180,0,True
1732975751,21300993,6163939734257317239850014124995,87087,85,180,180,0,True
1732975763,21300994,6163939734257317239850014124995,87087,85,180,180,0,True
1732975775,21300995,6163939734257317239850014124995,87087,85,180,180,0,True
1732975787,21300996,6163939734257317239850014124995,87087,85,180,180,0,True
1732975799,21300997,6163939734257317239850014124995,87087,85,180,180,0,True
1732975811,21300998,6163939734257317239850014124995,87087,85,180,180,0,True
1732975823,21300999,6163939734257317239850014124995,87087,85,180,180,0,True
1732975835,21301000,6163939734257317239850014124995,87087,85,180,180,0,True
1732975847,21301001,6163939734257317239850014124995,87087,85,180,180,0,True
1732975859,21301002,6163939734257317239850014124995,87087,85,180,180,0,True
1732975871,21301003,6163939734257317239850014124995,87087,85,180,180,0,True
1732975883,21301004,6163939734257317239850014124995,87087,85,180,180,0,True
1732975895,21301005,6163939734257317239850014124995,87087,85,180,180,0,True
1732975907,21301006,6163939734257317239850014124995,87087,85,180,180,0,True
1732975919,21301007,6163939734257317239850014124995,87087,85,180,180,0,True
1732975931,21301008,6163939734257317239850014124995,87087,85,180,180,0,True
1732975943,21301009,6163939734257317239850014124995,87087,85,180,180,0,True
1732975955,21301010,6163939734257317239850014124995,87087,85,180,180,0,True
1732975967,21301011,6163939734257317239850014124995,87087,85,180,180,0,True
1732975979,21301012,6163939734257317239850014124995,87087,85,180,180,0,True
1732975991,21301013,6163939734257317239850014124995,87087,85,180,180,0,True
1732976003,21301014,6163939734257317239850014124995,87087,85,180,180,0,True
1732976015,21301015,6163939734257317239850014124995,87087,85,180,180,0,True
1732976027,21301016,6175082523314758578537744039936,87123,86,180,180,0,True
1732976039,21301017,6175082523314758578537744039936,87123,86,180,180,0,True
1732976051,21301018,6175082523314758578537744039936,87123,86,180,180,0,True
1732976063,21301019,6175082523314758578537744039936,87123,86,180,180,0,True
1732976075,21301020,6175082523314758578537744039936,87123,86,180,180,0,True
1732976087,21301021,6175082523314758578537744039936,87123,86,180,180,0,True
1732976099,21301022,6175082523314758578537744039936,87123,86,180,180,0,True
1732976111,21301023,6175082523314758578537744039936,87123,86,180,180,0,True
1732976123,21301024,6175082523314758578537744039936,87123,86,180,180,0,True
1732976135,21301025,6175082523314758578537744039936,87123,86,180,180,0,True
1732976147,21301026,6175082523314758578537744039936,87123,86,180,180,0,True
1732976159,21301027,6175082523314758578537744039936,87123,86,180,180,0,True
1732976171,21301028,6175082523314758578537744039936,87123,86,180,180,0,True
1732976183,21301029,6175082523314758578537744039936,87123,86,180,180,0,True
1732976195,21301030,6175082523314758578537744039936,87123,86,180,180,0,True
1732976207,21301031,6175082523314758578537744039936,87123,86,180,180,0,True
1732976219,21301032,6175082523314758578537744039936,87123,86,180,180,0,True
1732976231,21301033,6175082523314758578537744039936,87123,86,180,180,0,True
1732976243,21301034,6175082523314758578537744039936,87123,86,180,180,0,True
1732976255,21301035,6175082523314758578537744039936,87123,86,180,180,0,True
1732976267,21301036,6175082523314758578537744039936,87123,86,180,180,0,True
1732976279,21301037,6175082523314758578537744039936,87123,86,180,180,0,True
1732976291,21301038,6175082523314758578537744039936,87123,86,180,180,0,True
1732976303,21301039,6175082523314758578537744039936,87123,86,180,180,0,True
1732976315,21301040,6169320268827742378945804418648,87104,87,180,180,0,True
1732976327,21301041,6169320268827742378945804418648,87104,87,180,180,0,True
1732976339,21301042,6169320268827742378945804418648,87104,87,180,180,0,True
1732976351,21301043,6169320268827742378945804418648,87104,87,180,180,0,True
1732976363,21301044,6169320268827742378945804418648,87104,87,180,180,0,True
1732976375,21301045,6169320268827742378945804418648,87104,87,180,180,0,True
1732976387,21301046,6169320268827742378945804418648,87104,87,180,180,0,True
1732976399,21301047,6169320268827742378945804418648,87104,87,180,180,0,True
1732976411,21301048,6169320268827742378945804418648,87104,87,180,180,0,True
1732976423,21301049,6169320268827742378945804418648,87104,87,180,180,0,True
1732976435,21301050,6169320268827742378945804418648,87104,87,180,180,0,True
1732976447,21301051,6169320268827742378945804418648,87104,87,180,180,0,True
1732976459,21301052,6169320268827742378945804418648,87104,87,180,180,0,True
1732976471,21301053,6169320268827742378945804418648,87104,87,180,180,0,True
1732976483,21301054,6169320268827742378945804418648,87104,87,180,180,0,True
1732976495,21301055,6169320268827742378945804418648,87104,87,180,180,0,True
1732976507,21301056,6169320268827742378945804418648,87104,87,180,180,0,True
1732976519,21301057,6169320268827742378945804418648,87104,87,180,180,0,True
1732976531,21301058,6169320268827742378945804418648,87104,87,180,180,0,True
1732976543,21301059,6169320268827742378945804418648,87104,87,180,180,0,True
1732976555,21301060,6169320268827742378945804418648,87104,87,180,180,0,True
1732976567,21301061,6169320268827742378945804418648,87104,87,180,180,0,True
1732976579,21301062,6169320268827742378945804418648,87104,87,180,180,0,True
1732976591,21301063,6169320268827742378945804418648,87104,87,180,180,0,True
1732976603,21301064,6169320268827742378945804418648,87104,87,180,180,0,True
1732976615,21301065,6169320268827742378945804418648,87104,87,180,180,0,True
1732976627,21301066,6169320268827742378945804418648,87104,87,180,180,0,True
1732976639,21301067,6169320268827742378945804418648,87104,87,180,180,0,True
1732976651,21301068,6169320268827742378945804418648,87104,87,180,180,0,True
1732976663,21301069,6169320268827742378945804418648,87104,87,180,180,0,True
1732976675,21301070,6169320268827742378945804418648,87104,87,180,180,0,True
1732976687,21301071,6163239669979947237605725302231,87084,88,180,180,0,True
1732976699,21301072,6163239669979947237605725302231,87084,88,180,180,0,True
1732976711,21301073,6158719438333777456937055376809,87070,89,180,180,0,True
1732976723,21301074,6158719438333777456937055376809,87070,89,180,180,0,True
1732976735,21301075,6158719438333777456937055376809,87070,89,180,180,0,True
1732976747,21301076,6158719438333777456937055376809,87070,89,180,180,0,True
1732976759,21301077,6158719438333777456937055376809,87070,89,180,180,0,True
1732976771,21301078,6158719438333777456937055376809,87070,89,180,180,0,True
1732976783,21301079,6158719438333777456937055376809,87070,89,180,180,0,True
1732976795,21301080,6158719438333777456937055376809,87070,89,180,180,0,True
1732976807,21301081,6158719438333777456937055376809,87070,89,180,180,0,True
1732976819,21301082,6158719438333777456937055376809,87070,89,180,180,0,True
1732976831,21301083,6158719438333777456937055376809,87070,89,180,180,0,True
1732976843,21301084,6158719438333777456937055376809,87070,89,180,180,0,True
1732976855,21301085,6158719438333777456937055376809,87070,89,180,180,0,True
1732976867,21301086,6158719438333777456937055376809,87070,89,180,180,0,True
1732976879,21301087,6158719438333777456937055376809,87070,89,180,180,0,True
1732976891,21301088,6158719438333777456937055376809,87070,89,180,180,0,True
1732976903,21301089,6158719438333777456937055376809,87070,89,180,180,0,True
1732976915,21301090,6158719438333777456937055376809,87070,89,180,180,0,True
1732976927,21301091,6158719438333777456937055376809,87070,89,180,180,0,True
1732976939,21301092,6158719438333777456937055376809,87070,89,180,180,0,True
1732976951,21301093,6158719438333777456937055376809,87070,89,180,180,0,True
1732976963,21301094,6158719438333777456937055376809,87070,89,180,180,0,True
1732976975,21301095,6158719438333777456937055376809,87070,89,180,180,0,True
1732976987,21301096,6158719438333777456937055376809,87070,89,180,180,0,True
1732976999,21301097,6158719438333777456937055376809,87070,89,180,180,0,True
1732977011,21301098,6158719438333777456937055376809,87070,89,180,180,0,True
1732977023,21301099,6158719438333777456937055376809,87070,89,180,180,0,True
1732977035,21301100,6158719438333777456937055376809,87070,89,180,180,0,True
1732977047,21301101,6158719438333777456937055376809,87070,89,180,180,0,True
1732977059,21301102,6158719438333777456937055376809,87070,89,180,180,0,True
1732977071,21301103,6158719438333777456937055376809,87070,89,180,180,0,True
1732977083,21301104,6158719438333777456937055376809,87070,89,180,180,0,True
1732977095,21301105,6158719438333777456937055376809,87070,89,180,180,0,True
1732977107,21301106,6158719438333777456937055376809,87070,89,180,180,0,True
1732977119,21301107,6158719438333777456937055376809,87070,89,180,180,0,True
1732977131,21301108,6158719438333777456937055376809,87070,89,180,180,0,True
1732977143,21301109,6158719438333777456937055376809,87070,89,180,180,0,True
1732977155,21301110,6158719438333777456937055376809,87070,89,180,180,0,True
1732977167,21301111,6164659980316230708922507730109,87089,90,180,180,0,True
1732977179,21301112,6164659980316230708922507730109,87089,90,180,180,0,True
1732977191,21301113,6164659980316230708922507730109,87089,90,180,180,0,True
1732977203,21301114,6164659980316230708922507730109,87089,90,180,180,0,True
1732977215,21301115,6164659980316230708922507730109,87089,90,180,180,0,True
1732977227,21301116,6164659980316230708922507730109,87089,90,180,180,0,True
1732977239,21301117,6164659980316230708922507730109,87089,90,180,180,0,True
1732977251,21301118,6164659980316230708922507730109,87089,90,180,180,0,True
1732977263,21301119,6164659980316230708922507730109,87089,90,180,180,0,True
1732977275,21301120,6164659980316230708922507730109,87089,90,180,180,0,True
1732977287,21301121,6164659980316230708922507730109,87089,90,180,180,0,True
1732977299,21301122,6164659980316230708922507730109,87089,90,180,180,0,True
1732977311,21301123,6164659980316230708922507730109,87089,90,180,180,0,True
1732977323,21301124,6164659980316230708922507730109,87089,90,180,180,0,True
1732977335,21301125,6164659980316230708922507730109,87089,90,180,180,0,True
1732977347,21301126,6164659980316230708922507730109,87089,90,180,180,0,True
1732977359,21301127,6164659980316230708922507730109,87089,90,180,180,0,True
1732977371,21301128,6164659980316230708922507730109,87089,90,180,180,0,True
1732977383,21301129,6164659980316230708922507730109,87089,90,180,180,0,True
1732977395,21301130,6177010872071160272202558176451,87129,91,180,180,0,True
1732977407,21301131,6177010872071160272202558176451,87129,91,180,180,0,True
1732977419,21301132,6177010872071160272202558176451,87129,91,180,180,0,True
1732977431,21301133,6177010872071160272202558176451,87129,91,180,180,0,True
1732977443,21301134,6177010872071160272202558176451,87129,91,180,180,0,True
1732977455,21301135,6177010872071160272202558176451,87129,91,180,180,0,True
1732977467,21301136,6183723032670229233485310302961,87151,92,180,180,0,True
1732977479,21301137,6183723032670229233485310302961,87151,92,180,180,0,True
1732977491,21301138,6183723032670229233485310302961,87151,92,180,180,0,True
1732977503,21301139,6183723032670229233485310302961,87151,92,180,180,0,True
1732977515,21301140,6183723032670229233485310302961,87151,92,180,180,0,True
1732977527,21301141,6183723032670229233485310302961,87151,92,180,180,0,True
1732977539,21301142,6183723032670229233485310302961,87151,92,180,180,0,True
1732977551,21301143,6183723032670229233485310302961,87151,92,180,180,0,True
1732977563,21301144,6183723032670229233485310302961,87151,92,180,180,0,True
1732977575,21301145,6183723032670229233485310302961,87151,92,180,180,0,True
1732977587,21301146,6183723032670229233485310302961,87151,92,180,180,0,True
1732977599,21301147,6183723032670229233485310302961,87151,92,180,180,0,True
1732977611,21301148,6183723032670229233485310302961,87151,92,180,180,0,True
1732977623,21301149,6183723032670229233485310302961,87151,92,180,180,0,True
1732977635,21301150,6183723032670229233485310302961,87151,92,180,180,0,True
1732977647,21301151,6183723032670229233485310302961,87151,92,180,180,0,True
1732977659,21301152,6183723032670229233485310302961,87151,92,180,180,0,True
1732977671,21301153,6183723032670229233485310302961,87151,92,180,180,0,True
1732977683,21301154,6183723032670229233485310302961,87151,92,180,180,0,True
1732977695,21301155,6190822343429181729666232497822,87174,93,180,180,0,True
1732977707,21301156,6190822343429181729666232497822,87174,93,180,180,0,True
1732977719,21301157,6190822343429181729666232497822,87174,93,180,180,0,True
1732977731,21301158,6196493206920334205771553791968,87192,94,180,180,0,True
1732977743,21301159,6196493206920334205771553791968,87192,94,180,180,0,True
1732977755,21301160,6196493206920334205771553791968,87192,94,180,180,0,True
1732977767,21301161,6196493206920334205771553791968,87192,94,180,180,0,True
1732977779,21301162,6196493206920334205771553791968,87192,94,180,180,0,True
1732977791,21301163,6196493206920334205771553791968,87192,94,180,180,0,True
1732977803,21301164,6196493206920334205771553791968,87192,94,180,180,0,True
1732977815,21301165,6196493206920334205771553791968,87192,94,180,180,0,True
1732977827,21301166,6202676135193696410645238085195,87212,95,180,180,0,True
1732977839,21301167,6202676135193696410645238085195,87212,95,180,180,0,True
1732977851,21301168,6202676135193696410645238085195,87212,95,180,180,0,True
1732977863,21301169,6202676135193696410645238085195,87212,95,180,180,0,True
1732977875,21301170,6202676135193696410645238085195,87212,95,180,180,0,True
1732977887,21301171,6202676135193696410645238085195,87212,95,180,180,0,True
1732977899,21301172,6202676135193696410645238085195,87212,95,180,180,0,True
1732977911,21301173,6202676135193696410645238085195,87212,95,180,180,0,True
1732977923,21301174,6202676135193696410645238085195,87212,95,180,180,0,True
1732977935,21301175,6202676135193696410645238085195,87212,95,180,180,0,True
1732977947,21301176,6202676135193696410645238085195,87212,95,180,180,0,True
1732977959,21301177,6202676135193696410645238085195,87212,95,180,180,0,True
1732977971,21301178,6202676135193696410645238085195,87212,95,180,180,0,True
1732977983,21301179,6202676135193696410645238085195,87212,95,180,180,0,True
1732977995,21301180,6202676135193696410645238085195,87212,95,180,180,0,True
1732978007,21301181,6202676135193696410645238085195,87212,95,180,180,0,True
1732978019,21301182,6202676135193696410645238085195,87212,95,180,180,0,True
1732978031,21301183,6202676135193696410645238085195,87212,95,180,180,0,True
1732978043,21301184,6202676135193696410645238085195,87212,95,180,180,0,True
1732978055,21301185,6202676135193696410645238085195,87212,95,180,180,0,True
1732978067,21301186,6202676135193696410645238085195,87212,95,180,180,0,True
1732978079,21301187,6202676135193696410645238085195,87212,95,180,180,0,True
1732978091,21301188,6202676135193696410645238085195,87212,95,180,180,0,True
1732978103,21301189,6202676135193696410645238085195,87212,95,180,180,0,True
1732978115,21301190,6202676135193696410645238085195,87212,95,180,180,0,True
1732978127,21301191,6202676135193696410645238085195,87212,95,180,180,0,True
1732978139,21301192,6202676135193696410645238085195,87212,95,180,180,0,True
1732978151,21301193,6202676135193696410645238085195,87212,95,180,180,0,True
1732978163,21301194,6202676135193696410645238085195,87212,95,180,180,0,True
1732978175,21301195,6202676135193696410645238085195,87212,95,180,180,0,True
1732978187,21301196,6202676135193696410645238085195,87212,95,180,180,0,True
1732978199,21301197,6202676135193696410645238085195,87212,95,180,180,0,True
1732978211,21301198,6202676135193696410645238085195,87212,95,180,180,0,True
1732978223,21301199,6202676135193696410645238085195,87212,95,180,180,0,True
1732978235,21301200,6202676135193696410645238085195,87212,95,180,180,0,True
1732978247,21301201,6202676135193696410645238085195,87212,95,180,180,0,True
1732978259,21301202,6202676135193696410645238085195,87212,95,180,180,0,True
1732978271,21301203,6202676135193696410645238085195,87212,95,180,180,0,True
1732978283,21301204,6202676135193696410645238085195,87212,95,180,180,0,True
1732978295,21301205,6202676135193696410645238085195,87212,95,180,180,0,True
1732978307,21301206,6202676135193696410645238085195,87212,95,180,180,0,True
1732978319,21301207,6202676135193696410645238085195,87212,95,180,180,0,True
1732978331,21301208,6202676135193696410645238085195,87212,95,180,180,0,True
1732978343,21301209,6202676135193696410645238085195,87212,95,180,180,0,True
1732978355,21301210,6202676135193696410645238085195,87212,95,180,180,0,True
1732978367,21301211,6202676135193696410645238085195,87212,95,180,180,0,True
1732978379,21301212,6202676135193696410645238085195,87212,95,180,180,0,True
1732978391,21301213,6202676135193696410645238085195,87212,95,180,180,0,True
1732978403,21301214,6202676135193696410645238085195,87212,95,180,180,0,True
1732978415,21301215,6202676135193696410645238085195,87212,95,180,180,0,True
1732978427,21301216,6202676135193696410645238085195,87212,95,180,180,0,True
1732978439,21301217,6202676135193696410645238085195,87212,95,180,180,0,True
1732978451,21301218,6202676135193696410645238085195,87212,95,180,180,0,True
1732978463,21301219,6202676135193696410645238085195,87212,95,180,180,0,True
1732978475,21301220,6202676135193696410645238085195,87212,95,180,180,0,True
1732978487,21301221,6202676135193696410645238085195,87212,95,180,180,0,True
1732978499,21301222,6202676135193696410645238085195,87212,95,180,180,0,True
1732978511,21301223,6202676135193696410645238085195,87212,95,180,180,0,True
1732978523,21301224,6202676135193696410645238085195,87212,95,180,180,0,True
1732978535,21301225,6202676135193696410645238085195,87212,95,180,180,0,True
1732978547,21301226,6202676135193696410645238085195,87212,95,180,180,0,True
1732978559,21301227,6202676135193696410645238085195,87212,95,180,180,0,True
1732978571,21301228,6202676135193696410645238085195,87212,95,180,180,0,True
1732978583,21301229,6202676135193696410645238085195,87212,95,180,180,0,True
1732978595,21301230,6202676135193696410645238085195,87212,95,180,180,0,True
1732978607,21301231,6202676135193696410645238085195,87212,95,180,180,0,True
1732978619,21301232,6202676135193696410645238085195,87212,95,180,180,0,True
1732978631,21301233,6202676135193696410645238085195,87212,95,180,180,0,True
1732978643,21301234,6202676135193696410645238085195,87212,95,180,180,0,True
1732978655,21301235,6202676135193696410645238085195,87212,95,180,180,0,True
1732978667,21301236,6202676135193696410645238085195,87212,95,180,180,0,True
1732978679,21301237,6202676135193696410645238085195,87212,95,180,180,0,True
1732978691,21301238,6202676135193696410645238085195,87212,95,180,180,0,True
1732978703,21301239,6202676135193696410645238085195,87212,95,180,180,0,True
1732978715,21301240,6202676135193696410645238085195,87212,95,180,180,0,True
1732978727,21301241,6202676135193696410645238085195,87212,95,180,180,0,True
1732978739,21301242,6202676135193696410645238085195,87212,95,180,180,0,True
1732978751,21301243,6202676135193696410645238085195,87212,95,180,180,0,True
1732978763,21301244,6202676135193696410645238085195,87212,95,180,180,0,True
1732978775,21301245,6202676135193696410645238085195,87212,95,180,180,0,True
1732978787,21301246,6202676135193696410645238085195,87212,95,180,180,0,True
1732978799,21301247,6202676135193696410645238085195,87212,95,180,180,0,True
1732978811,21301248,6202676135193696410645238085195,87212,95,180,180,0,True
1732978823,21301249,6202676135193696410645238085195,87212,95,180,180,0,True
1732978835,21301250,6202676135193696410645238085195,87212,95,180,180,0,True
1732978847,21301251,6202676135193696410645238085195,87212,95,180,180,0,True
1732978859,21301252,6202676135193696410645238085195,87212,95,180,180,0,True
1732978871,21301253,6202676135193696410645238085195,87212,95,180,180,0,True
1732978883,21301254,6202676135193696410645238085195,87212,95,180,180,0,True
1732978895,21301255,6202676135193696410645238085195,87212,95,180,180,0,True
1732978907,21301256,6202676135193696410645238085195,87212,95,180,180,0,True
1732978919,21301257,6202676135193696410645238085195,87212,95,180,180,0,True
1732978931,21301258,6202676135193696410645238085195,87212,95,180,180,0,True
1732978943,21301259,6202676135193696410645238085195,87212,95,180,180,0,True
1732978955,21301260,6202676135193696410645238085195,87212,95,180,180,0,True
1732978967,21301261,6202676135193696410645238085195,87212,95,180,180,0,True
1732978979,21301262,6202676135193696410645238085195,87212,95,180,180,0,True
1732978991,21301263,6202676135193696410645238085195,87212,95,180,180,0,True
1732979003,21301264,6202676135193696410645238085195,87212,95,180,180,0,True
1732979015,21301265,6202676135193696410645238085195,87212,95,180,180,0,True
1732979027,21301266,6202676135193696410645238085195,87212,95,180,180,0,True
1732979039,21301267,6202676135193696410645238085195,87212,95,180,180,0,True
1732979051,21301268,6202676135193696410645238085195,87212,95,180,180,0,True
1732979063,21301269,6202676135193696410645238085195,87212,95,180,180,0,True
1732979075,21301270,6202676135193696410645238085195,87212,95,180,180,0,True
1732979087,21301271,6202676135193696410645238085195,87212,95,180,180,0,True
1732979099,21301272,6202676135193696410645238085195,87212,95,180,180,0,True
1732979111,21301273,6202676135193696410645238085195,87212,95,180,180,0,True
1732979123,21301274,6202676135193696410645238085195,87212,95,180,180,0,True
1732979135,21301275,6202676135193696410645238085195,87212,95,180,180,0,True
1732979147,21301276,6202676135193696410645238085195,87212,95,180,180,0,True
1732979159,21301277,6202239675781953126470580956441,87211,96,180,180,0,True
1732979171,21301278,6202239675781953126470580956441,87211,96,180,180,0,True
1732979183,21301279,6202239675781953126470580956441,87211,96,180,180,0,True
1732979195,21301280,6202239675781953126470580956441,87211,96,180,180,0,True
1732979207,21301281,6202239675781953126470580956441,87211,96,180,180,0,True
1732979219,21301282,6202239675781953126470580956441,87211,96,180,180,0,True
1732979231,21301283,6202239675781953126470580956441,87211,96,180,180,0,True
1732979243,21301284,6202239675781953126470580956441,87211,96,180,180,0,True
1732979255,21301285,6202239675781953126470580956441,87211,96,180,180,0,True
1732979267,21301286,6202239675781953126470580956441,87211,96,180,180,0,True
1732979279,21301287,6202239675781953126470580956441,87211,96,180,180,0,True
1732979291,21301288,6202239675781953126470580956441,87211,96,180,180,0,True
1732979303,21301289,6202239675781953126470580956441,87211,96,180,180,0,True
1732979315,21301290,6202239675781953126470580956441,87211,96,180,180,0,True
1732979327,21301291,6202239675781953126470580956441,87211,96,180,180,0,True
1732979339,21301292,6202239675781953126470580956441,87211,96,180,180,0,True
1732979351,21301293,6202239675781953126470580956441,87211,96,180,180,0,True
1732979363,21301294,6202239675781953126470580956441,87211,96,180,180,0,True
1732979375,21301295,6202239675781953126470580956441,87211,96,180,180,0,True
1732979387,21301296,6202239675781953126470580956441,87211,96,180,180,0,True
1732979399,21301297,6202239675781953126470580956441,87211,96,180,180,0,True
1732979411,21301298,6202239675781953126470580956441,87211,96,180,180,0,True
1732979423,21301299,6202239675781953126470580956441,87211,96,180,180,0,True
1732979435,21301300,6202239675781953126470580956441,87211,96,180,180,0,True
1732979447,21301301,6202239675781953126470580956441,87211,96,180,180,0,True
1732979459,21301302,6202239675781953126470580956441,87211,96,180,180,0,True
1732979471,21301303,6202239675781953126470580956441,87211,96,180,180,0,True
1732979483,21301304,6202239675781953126470580956441,87211,96,180,180,0,True
1732979495,21301305,6202239675781953126470580956441,87211,96,180,180,0,True
1732979507,21301306,6202239675781953126470580956441,87211,96,180,180,0,True
1732979519,21301307,6202239675781953126470580956441,87211,96,180,180,0,True
1732979531,21301308,6202239675781953126470580956441,87211,96,180,180,0,True
1732979543,21301309,6202239675781953126470580956441,87211,96,180,180,0,True
1732979555,21301310,6202239675781953126470580956441,87211,96,180,180,0,True
1732979567,21301311,6202239675781953126470580956441,87211,96,180,180,0,True
1732979579,21301312,6202239675781953126470580956441,87211,96,180,180,0,True
1732979591,21301313,6202239675781953126470580956441,87211,96,180,180,0,True
1732979603,21301314,6202239675781953126470580956441,87211,96,180,180,0,True
1732979615,21301315,6202239675781953126470580956441,87211,96,180,180,0,True
1732979627,21301316,6202239675781953126470580956441,87211,96,180,180,0,True
1732979639,21301317,6202239675781953126470580956441,87211,96,180,180,0,True
1732979651,21301318,6202239675781953126470580956441,87211,96,180,180,0,True
1732979663,21301319,6202239675781953126470580956441,87211,96,180,180,0,True
1732979675,21301320,6202239675781953126470580956441,87211,96,180,180,0,True
1732979687,21301321,6202239675781953126470580956441,87211,96,180,180,0,True
1732979699,21301322,6202239675781953126470580956441,87211,96,180,180,0,True
1732979711,21301323,6202239675781953126470580956441,87211,96,180,180,0,True
1732979723,21301324,6202239675781953126470580956441,87211,96,180,180,0,True
1732979735,21301325,6202239675781953126470580956441,87211,96,180,180,0,True
1732979747,21301326,6202239675781953126470580956441,87211,96,180,180,0,True
1732979759,21301327,6202239675781953126470580956441,87211,96,180,180,0,True
1732979771,21301328,6202239675781953126470580956441,87211,96,180,180,0,True
1732979783,21301329,6202239675781953126470580956441,87211,96,180,180,0,True
1732979795,21301330,6202239675781953126470580956441,87211,96,180,180,0,True
1732979807,21301331,6202239675781953126470580956441,87211,96,180,180,0,True
1732979819,21301332,6202239675781953126470580956441,87211,96,180,180,0,True
1732979831,21301333,6202239675781953126470580956441,87211,96,180,180,0,True
1732979843,21301334,6202239675781953126470580956441,87211,96,180,180,0,True
1732979855,21301335,6202239675781953126470580956441,87211,96,180,180,0,True
1732979867,21301336,6202239675781953126470580956441,87211,96,180,180,0,True
1732979879,21301337,6202239675781953126470580956441,87211,96,180,180,0,True
1732979891,21301338,6202239675781953126470580956441,87211,96,180,180,0,True
1732979903,21301339,6202239675781953126470580956441,87211,96,180,180,0,True
1732979915,21301340,6202239675781953126470580956441,87211,96,180,180,0,True
1732979927,21301341,6202239675781953126470580956441,87211,96,180,180,0,True
1732979939,21301342,6202239675781953126470580956441,87211,96,180,180,0,True
1732979951,21301343,6202239675781953126470580956441,87211,96,180,180,0,True
1732979963,21301344,6202239675781953126470580956441,87211,96,180,180,0,True
1732979975,21301345,6202239675781953126470580956441,87211,96,180,180,0,True
1732979987,21301346,6202239675781953126470580956441,87211,96,180,180,0,True
1732979999,21301347,6202239675781953126470580956441,87211,96,180,180,0,True
1732980011,21301348,6202239675781953126470580956441,87211,96,180,180,0,True
1732980023,21301349,6202239675781953126470580956441,87211,96,180,180,0,True
1732980035,21301350,6202239675781953126470580956441,87211,96,180,180,0,True
1732980047,21301351,6202239675781953126470580956441,87211,96,180,180,0,True
1732980059,21301352,6202239675781953126470580956441,87211,96,180,180,0,True
1732980071,21301353,6202735960506363529598073664565,87212,97,180,180,0,True
1732980083,21301354,6202735960506363529598073664565,87212,97,180,180,0,True
1732980095,21301355,6194039139114852880585803436864,87184,98,180,180,0,True
1732980107,21301356,6194039139114852880585803436864,87184,98,180,180,0,True
1732980119,21301357,6194039139114852880585803436864,87184,98,180,180,0,True
1732980131,21301358,6194039139114852880585803436864,87184,98,180,180,0,True
1732980143,21301359,6194039139114852880585803436864,87184,98,180,180,0,True
1732980155,21301360,6194039139114852880585803436864,87184,98,180,180,0,True
1732980167,21301361,6194039139114852880585803436864,87184,98,180,180,0,True
1732980179,21301362,6194039139114852880585803436864,87184,98,180,180,0,True
1732980191,21301363,6194039139114852880585803436864,87184,98,180,180,0,True
1732980203,21301364,6194039139114852880585803436864,87184,98,180,180,0,True
1732980215,21301365,6194039139114852880585803436864,87184,98,180,180,0,True
1732980227,21301366,6194039139114852880585803436864,87184,98,180,180,0,True
1732980239,21301367,6194039139114852880585803436864,87184,98,180,180,0,True
1732980251,21301368,6194039139114852880585803436864,87184,98,180,180,0,True
1732980263,21301369,6194039139114852880585803436864,87184,98,180,180,0,True
1732980275,21301370,6194039139114852880585803436864,87184,98,180,180,0,True
1732980287,21301371,6194039139114852880585803436864,87184,98,180,180,0,True
1732980299,21301372,6194039139114852880585803436864,87184,98,180,180,0,True
1732980311,21301373,6194039139114852880585803436864,87184,98,180,180,0,True
1732980323,21301374,6194039139114852880585803436864,87184,98,180,180,0,True
1732980335,21301375,6194039139114852880585803436864,87184,98,180,180,0,True
1732980347,21301376,6194039139114852880585803436864,87184,98,180,180,0,True
1732980359,21301377,6194039139114852880585803436864,87184,98,180,180,0,True
1732980371,21301378,6194039139114852880585803436864,87184,98,180,180,0,True
1732980383,21301379,6194039139114852880585803436864,87184,98,180,180,0,True
1732980395,21301380,6194039139114852880585803436864,87184,98,180,180,0,True
1732980407,21301381,6194039139114852880585803436864,87184,98,180,180,0,True
1732980419,21301382,6194039139114852880585803436864,87184,98,180,180,0,True
1732980431,21301383,6194039139114852880585803436864,87184,98,180,180,0,True
1732980443,21301384,6194039139114852880585803436864,87184,98,180,180,0,True
1732980455,21301385,6194039139114852880585803436864,87184,98,180,180,0,True
1732980479,21301386,6194039139114852880585803436864,87184,98,180,180,0,True
1732980491,21301387,6194039139114852880585803436864,87184,98,180,180,0,True
1732980503,21301388,6194039139114852880585803436864,87184,98,180,180,0,True
1732980515,21301389,6194039139114852880585803436864,87184,98,180,180,0,True
1732980527,21301390,6194039139114852880585803436864,87184,98,180,180,0,True
1732980539,21301391,6194039139114852880585803436864,87184,98,180,180,0,True
1732980551,21301392,6194039139114852880585803436864,87184,98,180,180,0,True
1732980563,21301393,6194039139114852880585803436864,87184,98,180,180,0,True
1732980575,21301394,6194039139114852880585803436864,87184,98,180,180,0,True
1732980587,21301395,6194039139114852880585803436864,87184,98,180,180,0,True
1732980599,21301396,6194039139114852880585803436864,87184,98,180,180,0,True
1732980611,21301397,6194039139114852880585803436864,87184,98,180,180,0,True
1732980623,21301398,6194039139114852880585803436864,87184,98,180,180,0,True
1732980635,21301399,6194039139114852880585803436864,87184,98,180,180,0,True
1732980647,21301400,6194039139114852880585803436864,87184,98,180,180,0,True
1732980659,21301401,6194039139114852880585803436864,87184,98,180,180,0,True
1732980671,21301402,6194039139114852880585803436864,87184,98,180,180,0,True
1732980683,21301403,6201720922503910113098970925481,87209,99,180,180,0,True
1732980695,21301404,6201720922503910113098970925481,87209,99,180,180,0,True
1732980707,21301405,6201720922503910113098970925481,87209,99,180,180,0,True
1732980719,21301406,6201720922503910113098970925481,87209,99,180,180,0,True
1732980731,21301407,6201720922503910113098970925481,87209,99,180,180,0,True
1732980743,21301408,6201720922503910113098970925481,87209,99,180,180,0,True
1732980755,21301409,6201720922503910113098970925481,87209,99,180,180,0,True
1732980767,21301410,6201720922503910113098970925481,87209,99,180,180,0,True
1732980779,21301411,6201720922503910113098970925481,87209,99,180,180,0,True
1732980791,21301412,6203589266254180238869621743956,87215,100,180,180,0,True
1732980803,21301413,6203589266254180238869621743956,87215,100,180,180,0,True
1732980815,21301414,6203589266254180238869621743956,87215,100,180,180,0,True
1732980827,21301415,6203589266254180238869621743956,87215,100,180,180,0,True
1732980839,21301416,6203589266254180238869621743956,87215,100,180,180,0,True
1732980851,21301417,6203589266254180238869621743956,87215,100,180,180,0,True
1732980863,21301418,6203589266254180238869621743956,87215,100,180,180,0,True
1732980875,21301419,6203589266254180238869621743956,87215,100,180,180,0,True
1732980887,21301420,6203589266254180238869621743956,87215,100,180,180,0,True
1732980899,21301421,6203589266254180238869621743956,87215,100,180,180,0,True
1732980911,21301422,6203589266254180238869621743956,87215,100,180,180,0,True
1732980923,21301423,6203589266254180238869621743956,87215,100,180,180,0,True
1732980935,21301424,6203589266254180238869621743956,87215,100,180,180,0,True
1732980947,21301425,6203589266254180238869621743956,87215,100,180,180,0,True
1732980959,21301426,6203589266254180238869621743956,87215,100,180,180,0,True
1732980971,21301427,6203589266254180238869621743956,87215,100,180,180,0,True
1732980983,21301428,6203589266254180238869621743956,87215,100,180,180,0,True
1732980995,21301429,6208946167941048317547746141709,87232,101,180,180,0,True
1732981007,21301430,6208946167941048317547746141709,87232,101,180,180,0,True
1732981019,21301431,6208946167941048317547746141709,87232,101,180,180,0,True
1732981031,21301432,6208946167941048317547746141709,87232,101,180,180,0,True
1732981043,21301433,6208946167941048317547746141709,87232,101,180,180,0,True
1732981055,21301434,6208946167941048317547746141709,87232,101,180,180,0,True
1732981067,21301435,6208946167941048317547746141709,87232,101,180,180,0,True
1732981079,21301436,6208946167941048317547746141709,87232,101,180,180,0,True
1732981091,21301437,6208946167941048317547746141709,87232,101,180,180,0,True
1732981103,21301438,6208946167941048317547746141709,87232,101,180,180,0,True
1732981115,21301439,6208946167941048317547746141709,87232,101,180,180,0,True
1732981127,21301440,6208946167941048317547746141709,87232,101,180,180,0,True
1732981139,21301441,6208946167941048317547746141709,87232,101,180,180,0,True
1732981151,21301442,6208946167941048317547746141709,87232,101,180,180,0,True
1732981163,21301443,6208946167941048317547746141709,87232,101,180,180,0,True
1732981175,21301444,6208946167941048317547746141709,87232,101,180,180,0,True
1732981187,21301445,6208946167941048317547746141709,87232,101,180,180,0,True
1732981199,21301446,6208946167941048317547746141709,87232,101,180,180,0,True
1732981211,21301447,6208946167941048317547746141709,87232,101,180,180,0,True
1732981223,21301448,6208946167941048317547746141709,87232,101,180,180,0,True
1732981235,21301449,6208946167941048317547746141709,87232,101,180,180,0,True
1732981247,21301450,6208946167941048317547746141709,87232,101,180,180,0,True
1732981259,21301451,6208946167941048317547746141709,87232,101,180,180,0,True
1732981271,21301452,6208946167941048317547746141709,87232,101,180,180,0,True
1732981283,21301453,6208946167941048317547746141709,87232,101,180,180,0,True
1732981295,21301454,6208946167941048317547746141709,87232,101,180,180,0,True
1732981307,21301455,6208946167941048317547746141709,87232,101,180,180,0,True
1732981319,21301456,6208946167941048317547746141709,87232,101,180,180,0,True
1732981331,21301457,6208946167941048317547746141709,87232,101,180,180,0,True
1732981343,21301458,6208946167941048317547746141709,87232,101,180,180,0,True
1732981355,21301459,6208946167941048317547746141709,87232,101,180,180,0,True
1732981367,21301460,6208946167941048317547746141709,87232,101,180,180,0,True
1732981391,21301461,6208946167941048317547746141709,87232,101,180,180,0,True
1732981403,21301462,6227045341674789019218450664836,87290,102,180,180,0,True
1732981415,21301463,6227045341674789019218450664836,87290,102,180,180,0,True
1732981427,21301464,6227045341674789019218450664836,87290,102,180,180,0,True
1732981439,21301465,6227045341674789019218450664836,87290,102,180,180,0,True
1732981451,21301466,6227045341674789019218450664836,87290,102,180,180,0,True
1732981463,21301467,6227045341674789019218450664836,87290,102,180,180,0,True
1732981475,21301468,6227045341674789019218450664836,87290,102,180,180,0,True
1732981487,21301469,6227045341674789019218450664836,87290,102,180,180,0,True
1732981499,21301470,6227045341674789019218450664836,87290,102,180,180,0,True
1732981511,21301471,6227045341674789019218450664836,87290,102,180,180,0,True
1732981523,21301472,6227045341674789019218450664836,87290,102,180,180,0,True
1732981535,21301473,6227045341674789019218450664836,87290,102,180,180,0,True
1732981547,21301474,6227045341674789019218450664836,87290,102,180,180,0,True
1732981559,21301475,6227045341674789019218450664836,87290,102,180,180,0,True
1732981571,21301476,6227045341674789019218450664836,87290,102,180,180,0,True
1732981583,21301477,6227045341674789019218450664836,87290,102,180,180,0,True
1732981595,21301478,6227045341674789019218450664836,87290,102,180,180,0,True
1732981607,21301479,6227045341674789019218450664836,87290,102,180,180,0,True
1732981619,21301480,6227045341674789019218450664836,87290,102,180,180,0,True
1732981631,21301481,6227045341674789019218450664836,87290,102,180,180,0,True
1732981643,21301482,6227045341674789019218450664836,87290,102,180,180,0,True
1732981655,21301483,6227045341674789019218450664836,87290,102,180,180,0,True
1732981667,21301484,6227045341674789019218450664836,87290,102,180,180,0,True
1732981679,21301485,6227045341674789019218450664836,87290,102,180,180,0,True
1732981691,21301486,6227045341674789019218450664836,87290,102,180,180,0,True
1732981703,21301487,6227045341674789019218450664836,87290,102,180,180,0,True
1732981715,21301488,6227045341674789019218450664836,87290,102,180,180,0,True
1732981727,21301489,6227045341674789019218450664836,87290,102,180,180,0,True
1732981739,21301490,6227045341674789019218450664836,87290,102,180,180,0,True
1732981751,21301491,6227045341674789019218450664836,87290,102,180,180,0,True
1732981763,21301492,6227045341674789019218450664836,87290,102,180,180,0,True
1732981775,21301493,6227045341674789019218450664836,87290,102,180,180,0,True
1732981787,21301494,6227045341674789019218450664836,87290,102,180,180,0,True
1732981799,21301495,6234837008133651869824056129065,87315,103,180,180,0,True
1732981811,21301496,6234837008133651869824056129065,87315,103,180,180,0,True
1732981823,21301497,6234837008133651869824056129065,87315,103,180,180,0,True
1732981835,21301498,6234837008133651869824056129065,87315,103,180,180,0,True
1732981847,21301499,6234837008133651869824056129065,87315,103,180,180,0,True
1732981859,21301500,6234837008133651869824056129065,87315,103,180,180,0,True
1732981871,21301501,6234837008133651869824056129065,87315,103,180,180,0,True
1732981883,21301502,6234837008133651869824056129065,87315,103,180,180,0,True
1732981895,21301503,6234837008133651869824056129065,87315,103,180,180,0,True
1732981907,21301504,6234837008133651869824056129065,87315,103,180,180,0,True
1732981919,21301505,6234837008133651869824056129065,87315,103,180,180,0,True
1732981931,21301506,6234837008133651869824056129065,87315,103,180,180,0,True
1732981943,21301507,6234837008133651869824056129065,87315,103,180,180,0,True
1732981955,21301508,6234837008133651869824056129065,87315,103,180,180,0,True
1732981967,21301509,6234837008133651869824056129065,87315,103,180,180,0,True
1732981979,21301510,6234837008133651869824056129065,87315,103,180,180,0,True
1732981991,21301511,6234837008133651869824056129065,87315,103,180,180,0,True
1732982003,21301512,6234837008133651869824056129065,87315,103,180,180,0,True
1732982015,21301513,6234837008133651869824056129065,87315,103,180,180,0,True
1732982027,21301514,6234837008133651869824056129065,87315,103,180,180,0,True
1732982039,21301515,6234837008133651869824056129065,87315,103,180,180,0,True
1732982051,21301516,6234837008133651869824056129065,87315,103,180,180,0,True
1732982063,21301517,6234837008133651869824056129065,87315,103,180,180,0,True
1732982075,21301518,6234837008133651869824056129065,87315,103,180,180,0,True
1732982087,21301519,6234837008133651869824056129065,87315,103,180,180,0,True
1732982099,21301520,6234837008133651869824056129065,87315,103,180,180,0,True
1732982111,21301521,6234837008133651869824056129065,87315,103,180,180,0,True
1732982123,21301522,6234837008133651869824056129065,87315,103,180,180,0,True
1732982135,21301523,6234837008133651869824056129065,87315,103,180,180,0,True
1732982147,21301524,6234837008133651869824056129065,87315,103,180,180,0,True
1732982159,21301525,6234837008133651869824056129065,87315,103,180,180,0,True
1732982171,21301526,6234837008133651869824056129065,87315,103,180,180,0,True
1732982183,21301527,6234837008133651869824056129065,87315,103,180,180,0,True
1732982195,21301528,6234837008133651869824056129065,87315,103,180,180,0,True
1732982207,21301529,6234659653541147748819426858066,87315,103,180,180,0,True
1732982219,21301530,6234659653541147748819426858066,87315,103,180,180,0,True
1732982231,21301531,6234659653541147748819426858066,87315,103,180,180,0,True
1732982243,21301532,6234659653541147748819426858066,87315,103,180,180,0,True
1732982255,21301533,6234659653541147748819426858066,87315,103,180,180,0,True
1732982267,21301534,6234659653541147748819426858066,87315,103,180,180,0,True
1732982279,21301535,6234659653541147748819426858066,87315,103,180,180,0,True
1732982291,21301536,6234659653541147748819426858066,87315,103,180,180,0,True
1732982303,21301537,6234659653541147748819426858066,87315,103,180,180,0,True
1732982315,21301538,6234659653541147748819426858066,87315,103,180,180,0,True
1732982327,21301539,6234659653541147748819426858066,87315,103,180,180,0,True
1732982339,21301540,6234659653541147748819426858066,87315,103,180,180,0,True
1732982351,21301541,6234659653541147748819426858066,87315,103,180,180,0,True
1732982363,21301542,6234659653541147748819426858066,87315,103,180,180,0,True
1732982375,21301543,6234659653541147748819426858066,87315,103,180,180,0,True
1732982387,21301544,6234659653541147748819426858066,87315,103,180,180,0,True
1732982399,21301545,6234659653541147748819426858066,87315,103,180,180,0,True
1732982411,21301546,6234659653541147748819426858066,87315,103,180,180,0,True
1732982423,21301547,6234659653541147748819426858066,87315,103,180,180,0,True
1732982435,21301548,6234659653541147748819426858066,87315,103,180,180,0,True
1732982447,21301549,6234659653541147748819426858066,87315,103,180,180,0,True
1732982459,21301550,6234659653541147748819426858066,87315,103,180,180,0,True
1732982471,21301551,6234659653541147748819426858066,87315,103,180,180,0,True
1732982483,21301552,6234659653541147748819426858066,87315,103,180,180,0,True
1732982495,21301553,6234659653541147748819426858066,87315,103,180,180,0,True
1732982507,21301554,6234659653541147748819426858066,87315,103,180,180,0,True
1732982519,21301555,6234659653541147748819426858066,87315,103,180,180,0,True
1732982531,21301556,6234659653541147748819426858066,87315,103,180,180,0,True
1732982543,21301557,6234659653541147748819426858066,87315,103,180,180,0,True
1732982555,21301558,6234659653541147748819426858066,87315,103,180,180,0,True
1732982567,21301559,6234659653541147748819426858066,87315,103,180,180,0,True
1732982579,21301560,6234659653541147748819426858066,87315,103,180,180,0,True
1732982591,21301561,6234659653541147748819426858066,87315,103,180,180,0,True
1732982603,21301562,6234659653541147748819426858066,87315,103,180,180,0,True
1732982615,21301563,6234659653541147748819426858066,87315,103,180,180,0,True
1732982627,21301564,6234659653541147748819426858066,87315,103,180,180,0,True
1732982639,21301565,6234659653541147748819426858066,87315,103,180,180,0,True
1732982651,21301566,6234659653541147748819426858066,87315,103,180,180,0,True
1732982663,21301567,6234659653541147748819426858066,87315,103,180,180,0,True
1732982675,21301568,6234659653541147748819426858066,87315,103,180,180,0,True
1732982687,21301569,6234659653541147748819426858066,87315,103,180,180,0,True
1732982699,21301570,6234659653541147748819426858066,87315,103,180,180,0,True
1732982711,21301571,6234659653541147748819426858066,87315,103,180,180,0,True
1732982723,21301572,6234659653541147748819426858066,87315,103,180,180,0,True
1732982735,21301573,6234659653541147748819426858066,87315,103,180,180,0,True
1732982747,21301574,6234659653541147748819426858066,87315,103,180,180,0,True
1732982759,21301575,6234659653541147748819426858066,87315,103,180,180,0,True
1732982771,21301576,6234659653541147748819426858066,87315,103,180,180,0,True
1732982783,21301577,6234659653541147748819426858066,87315,103,180,180,0,True
1732982795,21301578,6234659653541147748819426858066,87315,103,180,180,0,True
1732982807,21301579,6234659653541147748819426858066,87315,103,180,180,0,True
1732982819,21301580,6234659653541147748819426858066,87315,103,180,180,0,True
1732982831,21301581,6234659653541147748819426858066,87315,103,180,180,0,True
1732982843,21301582,6234659653541147748819426858066,87315,103,180,180,0,True
1732982855,21301583,6234659653541147748819426858066,87315,103,180,180,0,True
1732982867,21301584,6234659653541147748819426858066,87315,103,180,180,0,True
1732982879,21301585,6234659653541147748819426858066,87315,103,180,180,0,True
1732982891,21301586,6234659653541147748819426858066,87315,103,180,180,0,True
1732982903,21301587,6234659653541147748819426858066,87315,103,180,180,0,True
1732982915,21301588,6234659653541147748819426858066,87315,103,180,180,0,True
1732982927,21301589,6234659653541147748819426858066,87315,103,180,180,0,True
1732982939,21301590,6234659653541147748819426858066,87315,103,180,180,0,True
1732982951,21301591,6234659653541147748819426858066,87315,103,180,180,0,True
1732982963,21301592,6234659653541147748819426858066,87315,103,180,180,0,True
1732982975,21301593,6234659653541147748819426858066,87315,103,180,180,0,True
1732982987,21301594,6234659653541147748819426858066,87315,103,180,180,0,True
1732982999,21301595,6234659653541147748819426858066,87315,103,180,180,0,True
1732983011,21301596,6234659653541147748819426858066,87315,103,180,180,0,True
1732983023,21301597,6234659653541147748819426858066,87315,103,180,180,0,True
1732983035,21301598,6234659653541147748819426858066,87315,103,180,180,0,True
1732983047,21301599,6234659653541147748819426858066,87315,103,180,180,0,True
1732983059,21301600,6234659653541147748819426858066,87315,103,180,180,0,True
1732983071,21301601,6234659653541147748819426858066,87315,103,180,180,0,True
1732983083,21301602,6234659653541147748819426858066,87315,103,180,180,0,True
1732983095,21301603,6234659653541147748819426858066,87315,103,180,180,0,True
1732983107,21301604,6234659653541147748819426858066,87315,103,180,180,0,True
1732983119,21301605,6234659653541147748819426858066,87315,103,180,180,0,True
1732983131,21301606,6234659653541147748819426858066,87315,103,180,180,0,True
1732983143,21301607,6234659653541147748819426858066,87315,103,180,180,0,True
1732983155,21301608,6228724162509693055284060953573,87296,104,180,180,0,True
1732983167,21301609,6228724162509693055284060953573,87296,104,180,180,0,True
1732983179,21301610,6228724162509693055284060953573,87296,104,180,180,0,True
1732983191,21301611,6228724162509693055284060953573,87296,104,180,180,0,True
1732983203,21301612,6228724162509693055284060953573,87296,104,180,180,0,True
1732983227,21301613,6228724162509693055284060953573,87296,104,180,180,0,True
1732983239,21301614,6228724162509693055284060953573,87296,104,180,180,0,True
1732983251,21301615,6228724162509693055284060953573,87296,104,180,180,0,True
1732983263,21301616,6228724162509693055284060953573,87296,104,180,180,0,True
1732983275,21301617,6228724162509693055284060953573,87296,104,180,180,0,True
1732983287,21301618,6228724162509693055284060953573,87296,104,180,180,0,True
1732983299,21301619,6228724162509693055284060953573,87296,104,180,180,0,True
1732983311,21301620,6228724162509693055284060953573,87296,104,180,180,0,True
1732983323,21301621,6228724162509693055284060953573,87296,104,180,180,0,True
1732983335,21301622,6228724162509693055284060953573,87296,104,180,180,0,True
1732983347,21301623,6228724162509693055284060953573,87296,104,180,180,0,True
1732983359,21301624,6228724162509693055284060953573,87296,104,180,180,0,True
1732983371,21301625,6228724162509693055284060953573,87296,104,180,180,0,True
1732983383,21301626,6228724162509693055284060953573,87296,104,180,180,0,True
1732983395,21301627,6228724162509693055284060953573,87296,104,180,180,0,True
1732983407,21301628,6228724162509693055284060953573,87296,104,180,180,0,True
1732983419,21301629,6228724162509693055284060953573,87296,104,180,180,0,True
1732983431,21301630,6228724162509693055284060953573,87296,104,180,180,0,True
1732983443,21301631,6228724162509693055284060953573,87296,104,180,180,0,True
1732983455,21301632,6228724162509693055284060953573,87296,104,180,180,0,True
1732983467,21301633,6228724162509693055284060953573,87296,104,180,180,0,True
1732983479,21301634,6228724162509693055284060953573,87296,104,180,180,0,True
1732983491,21301635,6228724162509693055284060953573,87296,104,180,180,0,True
1732983503,21301636,6228724162509693055284060953573,87296,104,180,180,0,True
1732983515,21301637,6228724162509693055284060953573,87296,104,180,180,0,True
1732983527,21301638,6228724162509693055284060953573,87296,104,180,180,0,True
1732983539,21301639,6228724162509693055284060953573,87296,104,180,180,0,True
1732983551,21301640,6228724162509693055284060953573,87296,104,180,180,0,True
1732983563,21301641,6228724162509693055284060953573,87296,104,180,180,0,True
1732983575,21301642,6228724162509693055284060953573,87296,104,180,180,0,True
1732983587,21301643,6228724162509693055284060953573,87296,104,180,180,0,True
1732983599,21301644,6228724162509693055284060953573,87296,104,180,180,0,True
1732983611,21301645,6228724162509693055284060953573,87296,104,180,180,0,True
1732983623,21301646,6228724162509693055284060953573,87296,104,180,180,0,True
1732983635,21301647,6228724162509693055284060953573,87296,104,180,180,0,True
1732983647,21301648,6228724162509693055284060953573,87296,104,180,180,0,True
1732983659,21301649,6228724162509693055284060953573,87296,104,180,180,0,True
1732983671,21301650,6228724162509693055284060953573,87296,104,180,180,0,True
1732983683,21301651,6228724162509693055284060953573,87296,104,180,180,0,True
1732983695,21301652,6228724162509693055284060953573,87296,104,180,180,0,True
1732983707,21301653,6228724162509693055284060953573,87296,104,180,180,0,True
1732983719,21301654,6228724162509693055284060953573,87296,104,180,180,0,True
1732983731,21301655,6228724162509693055284060953573,87296,104,180,180,0,True
1732983743,21301656,6228724162509693055284060953573,87296,104,180,180,0,True
1732983755,21301657,6228724162509693055284060953573,87296,104,180,180,0,True
1732983767,21301658,6228724162509693055284060953573,87296,104,180,180,0,True
1732983779,21301659,6228724162509693055284060953573,87296,104,180,180,0,True
1732983791,21301660,6228724162509693055284060953573,87296,104,180,180,0,True
1732983803,21301661,6228724162509693055284060953573,87296,104,180,180,0,True
1732983815,21301662,6228724162509693055284060953573,87296,104,180,180,0,True
1732983827,21301663,6228724162509693055284060953573,87296,104,180,180,0,True
1732983839,21301664,6228724162509693055284060953573,87296,104,180,180,0,True
1732983851,21301665,6228724162509693055284060953573,87296,104,180,180,0,True
1732983863,21301666,6228724162509693055284060953573,87296,104,180,180,0,True
1732983875,21301667,6228724162509693055284060953573,87296,104,180,180,0,True
1732983887,21301668,6228724162509693055284060953573,87296,104,180,180,0,True
1732983899,21301669,6228724162509693055284060953573,87296,104,180,180,0,True
1732983911,21301670,6228724162509693055284060953573,87296,104,180,180,0,True
1732983923,21301671,6228724162509693055284060953573,87296,104,180,180,0,True
1732983935,21301672,6228724162509693055284060953573,87296,104,180,180,0,True
1732983947,21301673,6228724162509693055284060953573,87296,104,180,180,0,True
1732983959,21301674,6228724162509693055284060953573,87296,104,180,180,0,True
1732983971,21301675,6228724162509693055284060953573,87296,104,180,180,0,True
1732983983,21301676,6228724162509693055284060953573,87296,104,180,180,0,True
1732983995,21301677,6228724162509693055284060953573,87296,104,180,180,0,True
1732984007,21301678,6228724162509693055284060953573,87296,104,180,180,0,True
1732984019,21301679,6228724162509693055284060953573,87296,104,180,180,0,True
1732984031,21301680,6228724162509693055284060953573,87296,104,180,180,0,True
1732984043,21301681,6228724162509693055284060953573,87296,104,180,180,0,True
1732984055,21301682,6228724162509693055284060953573,87296,104,180,180,0,True
1732984067,21301683,6228724162509693055284060953573,87296,104,180,180,0,True
1732984079,21301684,6228724162509693055284060953573,87296,104,180,180,0,True
1732984091,21301685,6228724162509693055284060953573,87296,104,180,180,0,True
1732984103,21301686,6228724162509693055284060953573,87296,104,180,180,0,True
1732984115,21301687,6228724162509693055284060953573,87296,104,180,180,0,True
1732984127,21301688,6228724162509693055284060953573,87296,104,180,180,0,True
1732984139,21301689,6228724162509693055284060953573,87296,104,180,180,0,True
1732984151,21301690,6228724162509693055284060953573,87296,104,180,180,0,True
1732984163,21301691,6228724162509693055284060953573,87296,104,180,180,0,True
1732984175,21301692,6228724162509693055284060953573,87296,104,180,180,0,True
1732984187,21301693,6228724162509693055284060953573,87296,104,180,180,0,True
1732984199,21301694,6228724162509693055284060953573,87296,104,180,180,0,True
1732984211,21301695,6228724162509693055284060953573,87296,104,180,180,0,True
1732984223,21301696,6228724162509693055284060953573,87296,104,180,180,0,True
1732984235,21301697,6228724162509693055284060953573,87296,104,180,180,0,True
1732984247,21301698,6228724162509693055284060953573,87296,104,180,180,0,True
1732984259,21301699,6228724162509693055284060953573,87296,104,180,180,0,True
1732984271,21301700,6228724162509693055284060953573,87296,104,180,180,0,True
1732984283,21301701,6228724162509693055284060953573,87296,104,180,180,0,True
1732984295,21301702,6228724162509693055284060953573,87296,104,180,180,0,True
1732984307,21301703,6228724162509693055284060953573,87296,104,180,180,0,True
1732984319,21301704,6228724162509693055284060953573,87296,104,180,180,0,True
1732984331,21301705,6228724162509693055284060953573,87296,104,180,180,0,True
1732984343,21301706,6228724162509693055284060953573,87296,104,180,180,0,True
1732984355,21301707,6228724162509693055284060953573,87296,104,180,180,0,True
1732984367,21301708,6228724162509693055284060953573,87296,104,180,180,0,True
1732984379,21301709,6228724162509693055284060953573,87296,104,180,180,0,True
1732984391,21301710,6228724162509693055284060953573,87296,104,180,180,0,True
1732984403,21301711,6228724162509693055284060953573,87296,104,180,180,0,True
1732984415,21301712,6228724162509693055284060953573,87296,104,180,180,0,True
1732984427,21301713,6228724162509693055284060953573,87296,104,180,180,0,True
1732984439,21301714,6228724162509693055284060953573,87296,104,180,180,0,True
1732984451,21301715,6228724162509693055284060953573,87296,104,180,180,0,True
1732984463,21301716,6228724162509693055284060953573,87296,104,180,180,0,True
1732984475,21301717,6228724162509693055284060953573,87296,104,180,180,0,True
1732984487,21301718,6228724162509693055284060953573,87296,104,180,180,0,True
1732984499,21301719,6228724162509693055284060953573,87296,104,180,180,0,True
1732984511,21301720,6228724162509693055284060953573,87296,104,180,180,0,True
1732984523,21301721,6228724162509693055284060953573,87296,104,180,180,0,True
1732984535,21301722,6228724162509693055284060953573,87296,104,180,180,0,True
1732984547,21301723,6228724162509693055284060953573,87296,104,180,180,0,True
1732984559,21301724,6228724162509693055284060953573,87296,104,180,180,0,True
1732984571,21301725,6228724162509693055284060953573,87296,104,180,180,0,True
1732984583,21301726,6228724162509693055284060953573,87296,104,180,180,0,True
1732984595,21301727,6228724162509693055284060953573,87296,104,180,180,0,True
1732984607,21301728,6228724162509693055284060953573,87296,104,180,180,0,True
1732984619,21301729,6228724162509693055284060953573,87296,104,180,180,0,True
1732984631,21301730,6228724162509693055284060953573,87296,104,180,180,0,True
1732984643,21301731,6228724162509693055284060953573,87296,104,180,180,0,True
1732984655,21301732,6228724162509693055284060953573,87296,104,180,180,0,True
1732984667,21301733,6228724162509693055284060953573,87296,104,180,180,0,True
1732984679,21301734,6228724162509693055284060953573,87296,104,180,180,0,True
1732984691,21301735,6228724162509693055284060953573,87296,104,180,180,0,True
1732984703,21301736,6228724162509693055284060953573,87296,104,180,180,0,True
1732984715,21301737,6228724162509693055284060953573,87296,104,180,180,0,True
1732984727,21301738,6228724162509693055284060953573,87296,104,180,180,0,True
1732984739,21301739,6228724162509693055284060953573,87296,104,180,180,0,True
1732984751,21301740,6228724162509693055284060953573,87296,104,180,180,0,True
1732984763,21301741,6228724162509693055284060953573,87296,104,180,180,0,True
1732984775,21301742,6228724162509693055284060953573,87296,104,180,180,0,True
1732984787,21301743,6228724162509693055284060953573,87296,104,180,180,0,True
1732984799,21301744,6228724162509693055284060953573,87296,104,180,180,0,True
1732984811,21301745,6228724162509693055284060953573,87296,104,180,180,0,True
1732984823,21301746,6228724162509693055284060953573,87296,104,180,180,0,True
1732984835,21301747,6221026753330715328539722102480,87271,105,180,180,0,True
1732984847,21301748,6221026753330715328539722102480,87271,105,180,180,0,True
1732984859,21301749,6221026753330715328539722102480,87271,105,180,180,0,True
1732984871,21301750,6221026753330715328539722102480,87271,105,180,180,0,True
1732984883,21301751,6221026753330715328539722102480,87271,105,180,180,0,True
1732984895,21301752,6221026753330715328539722102480,87271,105,180,180,0,True
1732984907,21301753,6221026753330715328539722102480,87271,105,180,180,0,True
1732984919,21301754,6221026753330715328539722102480,87271,105,180,180,0,True
1732984931,21301755,6221026753330715328539722102480,87271,105,180,180,0,True
1732984943,21301756,6221026753330715328539722102480,87271,105,180,180,0,True
1732984955,21301757,6221026753330715328539722102480,87271,105,180,180,0,True
1732984967,21301758,6221026753330715328539722102480,87271,105,180,180,0,True
1732984979,21301759,6221026753330715328539722102480,87271,105,180,180,0,True
1732984991,21301760,6221026753330715328539722102480,87271,105,180,180,0,True
1732985003,21301761,6221026753330715328539722102480,87271,105,180,180,0,True
1732985015,21301762,6221026753330715328539722102480,87271,105,180,180,0,True
1732985027,21301763,6221026753330715328539722102480,87271,105,180,180,0,True
1732985039,21301764,6221026753330715328539722102480,87271,105,180,180,0,True
1732985051,21301765,6221026753330715328539722102480,87271,105,180,180,0,True
1732985063,21301766,6221026753330715328539722102480,87271,105,180,180,0,True
1732985075,21301767,6221026753330715328539722102480,87271,105,180,180,0,True
1732985087,21301768,6221026753330715328539722102480,87271,105,180,180,0,True
1732985099,21301769,6221026753330715328539722102480,87271,105,180,180,0,True
1732985111,21301770,6221026753330715328539722102480,87271,105,180,180,0,True
1732985123,21301771,6221026753330715328539722102480,87271,105,180,180,0,True
1732985135,21301772,6221026753330715328539722102480,87271,105,180,180,0,True
1732985147,21301773,6221026753330715328539722102480,87271,105,180,180,0,True
1732985159,21301774,6221026753330715328539722102480,87271,105,180,180,0,True
1732985171,21301775,6221026753330715328539722102480,87271,105,180,180,0,True
1732985183,21301776,6221026753330715328539722102480,87271,105,180,180,0,True
1732985195,21301777,6221026753330715328539722102480,87271,105,180,180,0,True
1732985207,21301778,6221026753330715328539722102480,87271,105,180,180,0,True
1732985219,21301779,6221026753330715328539722102480,87271,105,180,180,0,True
1732985231,21301780,6221026753330715328539722102480,87271,105,180,180,0,True
1732985243,21301781,6221026753330715328539722102480,87271,105,180,180,0,True
1732985255,21301782,6221026753330715328539722102480,87271,105,180,180,0,True
1732985267,21301783,6221026753330715328539722102480,87271,105,180,180,0,True
1732985279,21301784,6221026753330715328539722102480,87271,105,180,180,0,True
1732985291,21301785,6221026753330715328539722102480,87271,105,180,180,0,True
1732985303,21301786,6221026753330715328539722102480,87271,105,180,180,0,True
1732985315,21301787,6221026753330715328539722102480,87271,105,180,180,0,True
1732985327,21301788,6221026753330715328539722102480,87271,105,180,180,0,True
1732985339,21301789,6221026753330715328539722102480,87271,105,180,180,0,True
1732985351,21301790,6221026753330715328539722102480,87271,105,180,180,0,True
1732985363,21301791,6221026753330715328539722102480,87271,105,180,180,0,True
1732985375,21301792,6221026753330715328539722102480,87271,105,180,180,0,True
1732985387,21301793,6221026753330715328539722102480,87271,105,180,180,0,True
1732985399,21301794,6226934371471386240458457758068,87290,106,180,180,0,True
1732985411,21301795,6226934371471386240458457758068,87290,106,180,180,0,True
1732985423,21301796,6226934371471386240458457758068,87290,106,180,180,0,True
1732985435,21301797,6226934371471386240458457758068,87290,106,180,180,0,True
1732985447,21301798,6226934371471386240458457758068,87290,106,180,180,0,True
1732985459,21301799,6226934371471386240458457758068,87290,106,180,180,0,True
1732985471,21301800,6226934371471386240458457758068,87290,106,180,180,0,True
1732985483,21301801,6226934371471386240458457758068,87290,106,180,180,0,True
1732985495,21301802,6226934371471386240458457758068,87290,106,180,180,0,True
1732985507,21301803,6226934371471386240458457758068,87290,106,180,180,0,True
1732985519,21301804,6226934371471386240458457758068,87290,106,180,180,0,True
1732985531,21301805,6226934371471386240458457758068,87290,106,180,180,0,True
1732985543,21301806,6226934371471386240458457758068,87290,106,180,180,0,True
1732985555,21301807,6226934371471386240458457758068,87290,106,180,180,0,True
1732985567,21301808,6226934371471386240458457758068,87290,106,180,180,0,True
1732985579,21301809,6226934371471386240458457758068,87290,106,180,180,0,True
1732985591,21301810,6226934371471386240458457758068,87290,106,180,180,0,True
1732985603,21301811,6226934371471386240458457758068,87290,106,180,180,0,True
1732985615,21301812,6226934371471386240458457758068,87290,106,180,180,0,True
1732985627,21301813,6226934371471386240458457758068,87290,106,180,180,0,True
1732985639,21301814,6226934371471386240458457758068,87290,106,180,180,0,True
1732985651,21301815,6226934371471386240458457758068,87290,106,180,180,0,True
1732985675,21301816,6226934371471386240458457758068,87290,106,180,180,0,True
1732985687,21301817,6226934371471386240458457758068,87290,106,180,180,0,True
1732985699,21301818,6226934371471386240458457758068,87290,106,180,180,0,True
1732985711,21301819,6226934371471386240458457758068,87290,106,180,180,0,True
1732985723,21301820,6234748850073222779970634462964,87315,107,180,180,0,True
1732985735,21301821,6234748850073222779970634462964,87315,107,180,180,0,True
1732985747,21301822,6234748850073222779970634462964,87315,107,180,180,0,True
1732985759,21301823,6234748850073222779970634462964,87315,107,180,180,0,True
1732985771,21301824,6234748850073222779970634462964,87315,107,180,180,0,True
1732985783,21301825,6234748850073222779970634462964,87315,107,180,180,0,True
1732985795,21301826,6234748850073222779970634462964,87315,107,180,180,0,True
1732985807,21301827,6234748850073222779970634462964,87315,107,180,180,0,True
1732985819,21301828,6234748850073222779970634462964,87315,107,180,180,0,True
1732985831,21301829,6234748850073222779970634462964,87315,107,180,180,0,True
1732985843,21301830,6234748850073222779970634462964,87315,107,180,180,0,True
1732985855,21301831,6234748850073222779970634462964,87315,107,180,180,0,True
1732985867,21301832,6234748850073222779970634462964,87315,107,180,180,0,True
1732985879,21301833,6234748850073222779970634462964,87315,107,180,180,0,True
1732985891,21301834,6234748850073222779970634462964,87315,107,180,180,0,True
1732985903,21301835,6234748850073222779970634462964,87315,107,180,180,0,True
1732985915,21301836,6234748850073222779970634462964,87315,107,180,180,0,True
1732985927,21301837,6234748850073222779970634462964,87315,107,180,180,0,True
1732985939,21301838,6234748850073222779970634462964,87315,107,180,180,0,True
1732985951,21301839,6242530453311412671998429057239,87340,108,180,180,0,True
1732985963,21301840,6242530453311412671998429057239,87340,108,180,180,0,True
1732985975,21301841,6242530453311412671998429057239,87340,108,180,180,0,True
1732985987,21301842,6242530453311412671998429057239,87340,108,180,180,0,True
1732985999,21301843,6242530453311412671998429057239,87340,108,180,180,0,True
1732986011,21301844,6242530453311412671998429057239,87340,108,180,180,0,True
1732986023,21301845,6242530453311412671998429057239,87340,108,180,180,0,True
1732986035,21301846,6242530453311412671998429057239,87340,108,180,180,0,True
1732986047,21301847,6242530453311412671998429057239,87340,108,180,180,0,True
1732986059,21301848,6242530453311412671998429057239,87340,108,180,180,0,True
1732986071,21301849,6242530453311412671998429057239,87340,108,180,180,0,True
1732986083,21301850,6242530453311412671998429057239,87340,108,180,180,0,True
1732986095,21301851,6242530453311412671998429057239,87340,108,180,180,0,True
1732986107,21301852,6242530453311412671998429057239,87340,108,180,180,0,True
1732986119,21301853,6242530453311412671998429057239,87340,108,180,180,0,True
1732986131,21301854,6242530453311412671998429057239,87340,108,180,180,0,True
1732986143,21301855,6242530453311412671998429057239,87340,108,180,180,0,True
1732986155,21301856,6242530453311412671998429057239,87340,108,180,180,0,True
1732986167,21301857,6242530453311412671998429057239,87340,108,180,180,0,True
1732986179,21301858,6242530453311412671998429057239,87340,108,180,180,0,True
1732986191,21301859,6250180816956667003732904848851,87365,109,180,180,0,True
1732986203,21301860,6250180816956667003732904848851,87365,109,180,180,0,True
1732986215,21301861,6250180816956667003732904848851,87365,109,180,180,0,True
1732986227,21301862,6250180816956667003732904848851,87365,109,180,180,0,True
1732986239,21301863,6250180816956667003732904848851,87365,109,180,180,0,True
1732986251,21301864,6250180816956667003732904848851,87365,109,180,180,0,True
1732986263,21301865,6250180816956667003732904848851,87365,109,180,180,0,True
1732986275,21301866,6250180816956667003732904848851,87365,109,180,180,0,True
1732986287,21301867,6250180816956667003732904848851,87365,109,180,180,0,True
1732986299,21301868,6250180816956667003732904848851,87365,109,180,180,0,True
1732986311,21301869,6250180816956667003732904848851,87365,109,180,180,0,True
1732986323,21301870,6250180816956667003732904848851,87365,109,180,180,0,True
1732986335,21301871,6250180816956667003732904848851,87365,109,180,180,0,True
1732986347,21301872,6250180816956667003732904848851,87365,109,180,180,0,True
1732986359,21301873,6250180816956667003732904848851,87365,109,180,180,0,True
1732986371,21301874,6250180816956667003732904848851,87365,109,180,180,0,True
1732986383,21301875,6250180816956667003732904848851,87365,109,180,180,0,True
1732986395,21301876,6250180816956667003732904848851,87365,109,180,180,0,True
1732986407,21301877,6250180816956667003732904848851,87365,109,180,180,0,True
1732986419,21301878,6250180816956667003732904848851,87365,109,180,180,0,True
1732986431,21301879,6250180816956667003732904848851,87365,109,180,180,0,True
1732986443,21301880,6250180816956667003732904848851,87365,109,180,180,0,True
1732986455,21301881,6250180816956667003732904848851,87365,109,180,180,0,True
1732986467,21301882,6250180816956667003732904848851,87365,109,180,180,0,True
1732986479,21301883,6250180816956667003732904848851,87365,109,180,180,0,True
1732986491,21301884,6250180816956667003732904848851,87365,109,180,180,0,True
1732986503,21301885,6250180816956667003732904848851,87365,109,180,180,0,True
1732986515,21301886,6250180816956667003732904848851,87365,109,180,180,0,True
1732986527,21301887,6250180816956667003732904848851,87365,109,180,180,0,True
1732986539,21301888,6250051918479486028445972277064,87364,110,180,180,0,True
1732986551,21301889,6250051918479486028445972277064,87364,110,180,180,0,True
1732986563,21301890,6250051918479486028445972277064,87364,110,180,180,0,True
1732986575,21301891,6250051918479486028445972277064,87364,110,180,180,0,True
1732986587,21301892,6250051918479486028445972277064,87364,110,180,180,0,True
1732986599,21301893,6250051918479486028445972277064,87364,110,180,180,0,True
1732986611,21301894,6250051918479486028445972277064,87364,110,180,180,0,True
1732986623,21301895,6250051918479486028445972277064,87364,110,180,180,0,True
1732986635,21301896,6250051918479486028445972277064,87364,110,180,180,0,True
1732986647,21301897,6250051918479486028445972277064,87364,110,180,180,0,True
1732986659,21301898,6250051918479486028445972277064,87364,110,180,180,0,True
1732986671,21301899,6250051918479486028445972277064,87364,110,180,180,0,True
1732986683,21301900,6250051918479486028445972277064,87364,110,180,180,0,True
1732986695,21301901,6250051918479486028445972277064,87364,110,180,180,0,True
1732986707,21301902,6250051918479486028445972277064,87364,110,180,180,0,True
1732986719,21301903,6250051918479486028445972277064,87364,110,180,180,0,True
1732986731,21301904,6250051918479486028445972277064,87364,110,180,180,0,True
1732986743,21301905,6250051918479486028445972277064,87364,110,180,180,0,True
1732986755,21301906,6250051918479486028445972277064,87364,110,180,180,0,True
1732986767,21301907,6250051918479486028445972277064,87364,110,180,180,0,True
1732986779,21301908,6250051918479486028445972277064,87364,110,180,180,0,True
1732986791,21301909,6250051918479486028445972277064,87364,110,180,180,0,True
1732986803,21301910,6250051918479486028445972277064,87364,110,180,180,0,True
1732986815,21301911,6250051918479486028445972277064,87364,110,180,180,0,True
1732986827,21301912,6250051918479486028445972277064,87364,110,180,180,0,True
1732986839,21301913,6250051918479486028445972277064,87364,110,180,180,0,True
1732986851,21301914,6250051918479486028445972277064,87364,110,180,180,0,True
1732986863,21301915,6250051918479486028445972277064,87364,110,180,180,0,True
1732986875,21301916,6250051918479486028445972277064,87364,110,180,180,0,True
1732986887,21301917,6250051918479486028445972277064,87364,110,180,180,0,True
1732986899,21301918,6250051918479486028445972277064,87364,110,180,180,0,True
1732986911,21301919,6250051918479486028445972277064,87364,110,180,180,0,True
1732986923,21301920,6250051918479486028445972277064,87364,110,180,180,0,True
1732986935,21301921,6250051918479486028445972277064,87364,110,180,180,0,True
1732986947,21301922,6250051918479486028445972277064,87364,110,180,180,0,True
1732986959,21301923,6250051918479486028445972277064,87364,110,180,180,0,True
1732986971,21301924,6250051918479486028445972277064,87364,110,180,180,0,True
1732986983,21301925,6250051918479486028445972277064,87364,110,180,180,0,True
1732986995,21301926,6250051918479486028445972277064,87364,110,180,180,0,True
1732987007,21301927,6250051918479486028445972277064,87364,110,180,180,0,True
1732987019,21301928,6250051918479486028445972277064,87364,110,180,180,0,True
1732987031,21301929,6250051918479486028445972277064,87364,110,180,180,0,True
1732987043,21301930,6250051918479486028445972277064,87364,110,180,180,0,True
1732987055,21301931,6250051918479486028445972277064,87364,110,180,180,0,True
1732987067,21301932,6250051918479486028445972277064,87364,110,180,180,0,True
1732987079,21301933,6250051918479486028445972277064,87364,110,180,180,0,True
1732987091,21301934,6250051918479486028445972277064,87364,110,180,180,0,True
1732987103,21301935,6250051918479486028445972277064,87364,110,180,180,0,True
1732987115,21301936,6250051918479486028445972277064,87364,110,180,180,0,True
1732987127,21301937,6250051918479486028445972277064,87364,110,180,180,0,True
1732987139,21301938,6250051918479486028445972277064,87364,110,180,180,0,True
1732987151,21301939,6250051918479486028445972277064,87364,110,180,180,0,True
1732987163,21301940,6250051918479486028445972277064,87364,110,180,180,0,True
1732987175,21301941,6250051918479486028445972277064,87364,110,180,180,0,True
1732987187,21301942,6250051918479486028445972277064,87364,110,180,180,0,True
1732987199,21301943,6250051918479486028445972277064,87364,110,180,180,0,True
1732987211,21301944,6250051918479486028445972277064,87364,110,180,180,0,True
1732987223,21301945,6250051918479486028445972277064,87364,110,180,180,0,True
1732987235,21301946,6250051918479486028445972277064,87364,110,180,180,0,True
1732987247,21301947,6250051918479486028445972277064,87364,110,180,180,0,True
1732987259,21301948,6250051918479486028445972277064,87364,110,180,180,0,True
1732987271,21301949,6250051918479486028445972277064,87364,110,180,180,0,True
1732987283,21301950,6250051918479486028445972277064,87364,110,180,180,0,True
1732987295,21301951,6250051918479486028445972277064,87364,110,180,180,0,True
1732987307,21301952,6250051918479486028445972277064,87364,110,180,180,0,True
1732987319,21301953,6250051918479486028445972277064,87364,110,180,180,0,True
1732987331,21301954,6250051918479486028445972277064,87364,110,180,180,0,True
1732987343,21301955,6250051918479486028445972277064,87364,110,180,180,0,True
1732987355,21301956,6250051918479486028445972277064,87364,110,180,180,0,True
1732987367,21301957,6250051918479486028445972277064,87364,110,180,180,0,True
1732987379,21301958,6250051918479486028445972277064,87364,110,180,180,0,True
1732987391,21301959,6250051918479486028445972277064,87364,110,180,180,0,True
1732987403,21301960,6250051918479486028445972277064,87364,110,180,180,0,True
1732987415,21301961,6250051918479486028445972277064,87364,110,180,180,0,True
1732987427,21301962,6250051918479486028445972277064,87364,110,180,180,0,True
1732987439,21301963,6250051918479486028445972277064,87364,110,180,180,0,True
1732987451,21301964,6250051918479486028445972277064,87364,110,180,180,0,True
1732987463,21301965,6250051918479486028445972277064,87364,110,180,180,0,True
1732987475,21301966,6250051918479486028445972277064,87364,110,180,180,0,True
1732987487,21301967,6250051918479486028445972277064,87364,110,180,180,0,True
1732987499,21301968,6250051918479486028445972277064,87364,110,180,180,0,True
1732987511,21301969,6250051918479486028445972277064,87364,110,180,180,0,True
1732987523,21301970,6250051918479486028445972277064,87364,110,180,180,0,True
1732987547,21301971,6250051918479486028445972277064,87364,110,180,180,0,True
1732987559,21301972,6250051918479486028445972277064,87364,110,180,180,0,True
1732987571,21301973,6250051918479486028445972277064,87364,110,180,180,0,True
1732987583,21301974,6239116194365089596097407606115,87329,111,180,180,0,True
1732987595,21301975,6239116194365089596097407606115,87329,111,180,180,0,True
1732987607,21301976,6239116194365089596097407606115,87329,111,180,180,0,True
1732987619,21301977,6239116194365089596097407606115,87329,111,180,180,0,True
1732987631,21301978,6239116194365089596097407606115,87329,111,180,180,0,True
1732987643,21301979,6239116194365089596097407606115,87329,111,180,180,0,True
1732987655,21301980,6239116194365089596097407606115,87329,111,180,180,0,True
1732987667,21301981,6239116194365089596097407606115,87329,111,180,180,0,True
1732987679,21301982,6239116194365089596097407606115,87329,111,180,180,0,True
1732987691,21301983,6239116194365089596097407606115,87329,111,180,180,0,True
1732987703,21301984,6239116194365089596097407606115,87329,111,180,180,0,True
1732987715,21301985,6239116194365089596097407606115,87329,111,180,180,0,True
1732987727,21301986,6239116194365089596097407606115,87329,111,180,180,0,True
1732987739,21301987,6239116194365089596097407606115,87329,111,180,180,0,True
1732987751,21301988,6239116194365089596097407606115,87329,111,180,180,0,True
1732987763,21301989,6239116194365089596097407606115,87329,111,180,180,0,True
1732987775,21301990,6239116194365089596097407606115,87329,111,180,180,0,True
1732987787,21301991,6239116194365089596097407606115,87329,111,180,180,0,True
1732987799,21301992,6239116194365089596097407606115,87329,111,180,180,0,True
1732987811,21301993,6239116194365089596097407606115,87329,111,180,180,0,True
1732987823,21301994,6239116194365089596097407606115,87329,111,180,180,0,True
1732987835,21301995,6239116194365089596097407606115,87329,111,180,180,0,True
1732987859,21301996,6236426898531969997774567588696,87320,112,180,180,0,True
1732987871,21301997,6236426898531969997774567588696,87320,112,180,180,0,True
1732987883,21301998,6236426898531969997774567588696,87320,112,180,180,0,True
1732987895,21301999,6236426898531969997774567588696,87320,112,180,180,0,True
1732987907,21302000,6236426898531969997774567588696,87320,112,180,180,0,True
1732987919,21302001,6236426898531969997774567588696,87320,112,180,180,0,True
1732987931,21302002,6236426898531969997774567588696,87320,112,180,180,0,True
1732987943,21302003,6236426898531969997774567588696,87320,112,180,180,0,True
1732987955,21302004,6236426898531969997774567588696,87320,112,180,180,0,True
1732987967,21302005,6236426898531969997774567588696,87320,112,180,180,0,True
1732987979,21302006,6236426898531969997774567588696,87320,112,180,180,0,True
1732987991,21302007,6236426898531969997774567588696,87320,112,180,180,0,True
1732988015,21302008,6236426898531969997774567588696,87320,112,180,180,0,True
1732988027,21302009,6236426898531969997774567588696,87320,112,180,180,0,True
1732988039,21302010,6236426898531969997774567588696,87320,112,180,180,0,True
1732988051,21302011,6236426898531969997774567588696,87320,112,180,180,0,True
1732988063,21302012,6236426898531969997774567588696,87320,112,180,180,0,True
1732988075,21302013,6236426898531969997774567588696,87320,112,180,180,0,True
1732988087,21302014,6236426898531969997774567588696,87320,112,180,180,0,True
1732988099,21302015,6236426898531969997774567588696,87320,112,180,180,0,True
1732988111,21302016,6236426898531969997774567588696,87320,112,180,180,0,True
1732988123,21302017,6236426898531969997774567588696,87320,112,180,180,0,True
1732988135,21302018,6236426898531969997774567588696,87320,112,180,180,0,True
1732988147,21302019,6236426898531969997774567588696,87320,112,180,180,0,True
1732988159,21302020,6236426898531969997774567588696,87320,112,180,180,0,True
1732988171,21302021,6236426898531969997774567588696,87320,112,180,180,0,True
1732988183,21302022,6236426898531969997774567588696,87320,112,180,180,0,True
1732988195,21302023,6236426898531969997774567588696,87320,112,180,180,0,True
1732988207,21302024,6236426898531969997774567588696,87320,112,180,180,0,True
1732988219,21302025,6236426898531969997774567588696,87320,112,180,180,0,True
1732988231,21302026,6236426898531969997774567588696,87320,112,180,180,0,True
1732988243,21302027,6236426898531969997774567588696,87320,112,180,180,0,True
1732988255,21302028,6236426898531969997774567588696,87320,112,180,180,0,True
1732988267,21302029,6236426898531969997774567588696,87320,112,180,180,0,True
1732988279,21302030,6236426898531969997774567588696,87320,112,180,180,0,True
1732988291,21302031,6236426898531969997774567588696,87320,112,180,180,0,True
1732988303,21302032,6236426898531969997774567588696,87320,112,180,180,0,True
1732988315,21302033,6236426898531969997774567588696,87320,112,180,180,0,True
1732988327,21302034,6236426898531969997774567588696,87320,112,180,180,0,True
1732988339,21302035,6236426898531969997774567588696,87320,112,180,180,0,True
1732988351,21302036,6236426898531969997774567588696,87320,112,180,180,0,True
1732988363,21302037,6236426898531969997774567588696,87320,112,180,180,0,True
1732988375,21302038,6236426898531969997774567588696,87320,112,180,180,0,True
1732988387,21302039,6236426898531969997774567588696,87320,112,180,180,0,True
1732988399,21302040,6236426898531969997774567588696,87320,112,180,180,0,True
1732988411,21302041,6236426898531969997774567588696,87320,112,180,180,0,True
1732988423,21302042,6236426898531969997774567588696,87320,112,180,180,0,True
1732988435,21302043,6236426898531969997774567588696,87320,112,180,180,0,True
1732988447,21302044,6236426898531969997774567588696,87320,112,180,180,0,True
1732988459,21302045,6236426898531969997774567588696,87320,112,180,180,0,True
1732988471,21302046,6242513652388692901317714046963,87340,113,180,180,0,True
1732988483,21302047,6242513652388692901317714046963,87340,113,180,180,0,True
1732988495,21302048,6242513652388692901317714046963,87340,113,180,180,0,True
1732988507,21302049,6242513652388692901317714046963,87340,113,180,180,0,True
1732988519,21302050,6242513652388692901317714046963,87340,113,180,180,0,True
1732988531,21302051,6242513652388692901317714046963,87340,113,180,180,0,True
1732988543,21302052,6242513652388692901317714046963,87340,113,180,180,0,True
1732988555,21302053,6242513652388692901317714046963,87340,113,180,180,0,True
1732988567,21302054,6242513652388692901317714046963,87340,113,180,180,0,True
1732988579,21302055,6242513652388692901317714046963,87340,113,180,180,0,True
1732988591,21302056,6242513652388692901317714046963,87340,113,180,180,0,True
1732988603,21302057,6242513652388692901317714046963,87340,113,180,180,0,True
1732988615,21302058,6242513652388692901317714046963,87340,113,180,180,0,True
1732988627,21302059,6242513652388692901317714046963,87340,113,180,180,0,True
1732988639,21302060,6242513652388692901317714046963,87340,113,180,180,0,True
1732988651,21302061,6242513652388692901317714046963,87340,113,180,180,0,True
1732988663,21302062,6242513652388692901317714046963,87340,113,180,180,0,True
1732988675,21302063,6242513652388692901317714046963,87340,113,180,180,0,True
1732988687,21302064,6242513652388692901317714046963,87340,113,180,180,0,True
1732988699,21302065,6242513652388692901317714046963,87340,113,180,180,0,True
1732988711,21302066,6242513652388692901317714046963,87340,113,180,180,0,True
1732988723,21302067,6242513652388692901317714046963,87340,113,180,180,0,True
1732988735,21302068,6242513652388692901317714046963,87340,113,180,180,0,True
1732988747,21302069,6242513652388692901317714046963,87340,113,180,180,0,True
1732988759,21302070,6242513652388692901317714046963,87340,113,180,180,0,True
1732988771,21302071,6242513652388692901317714046963,87340,113,180,180,0,True
1732988783,21302072,6242513652388692901317714046963,87340,113,180,180,0,True
1732988795,21302073,6242513652388692901317714046963,87340,113,180,180,0,True
1732988807,21302074,6242513652388692901317714046963,87340,113,180,180,0,True
1732988819,21302075,6242513652388692901317714046963,87340,113,180,180,0,True
1732988831,21302076,6242513652388692901317714046963,87340,113,180,180,0,True
1732988843,21302077,6242513652388692901317714046963,87340,113,180,180,0,True
1732988855,21302078,6242513652388692901317714046963,87340,113,180,180,0,True
1732988867,21302079,6242513652388692901317714046963,87340,113,180,180,0,True
1732988879,21302080,6242513652388692901317714046963,87340,113,180,180,0,True
1732988891,21302081,6242513652388692901317714046963,87340,113,180,180,0,True
1732988903,21302082,6242513652388692901317714046963,87340,113,180,180,0,True
1732988915,21302083,6242513652388692901317714046963,87340,113,180,180,0,True
1732988927,21302084,6242513652388692901317714046963,87340,113,180,180,0,True
1732988939,21302085,6248948344603757225614788382804,87361,114,180,180,0,True
1732988951,21302086,6248948344603757225614788382804,87361,114,180,180,0,True
1732988963,21302087,6248948344603757225614788382804,87361,114,180,180,0,True
1732988975,21302088,6248948344603757225614788382804,87361,114,180,180,0,True
1732988987,21302089,6248948344603757225614788382804,87361,114,180,180,0,True
1732988999,21302090,6248948344603757225614788382804,87361,114,180,180,0,True
1732989011,21302091,6248948344603757225614788382804,87361,114,180,180,0,True
1732989023,21302092,6248948344603757225614788382804,87361,114,180,180,0,True
1732989035,21302093,6248948344603757225614788382804,87361,114,180,180,0,True
1732989047,21302094,6248948344603757225614788382804,87361,114,180,180,0,True
1732989059,21302095,6248948344603757225614788382804,87361,114,180,180,0,True
1732989071,21302096,6248948344603757225614788382804,87361,114,180,180,0,True
1732989083,21302097,6248948344603757225614788382804,87361,114,180,180,0,True
1732989095,21302098,6248948344603757225614788382804,87361,114,180,180,0,True
1732989107,21302099,6248948344603757225614788382804,87361,114,180,180,0,True
1732989119,21302100,6248948344603757225614788382804,87361,114,180,180,0,True
1732989131,21302101,6248948344603757225614788382804,87361,114,180,180,0,True
1732989143,21302102,6248948344603757225614788382804,87361,114,180,180,0,True
1732989155,21302103,6248948344603757225614788382804,87361,114,180,180,0,True
1732989167,21302104,6248948344603757225614788382804,87361,114,180,180,0,True
1732989179,21302105,6248948344603757225614788382804,87361,114,180,180,0,True
1732989191,21302106,6248948344603757225614788382804,87361,114,180,180,0,True
1732989203,21302107,6248948344603757225614788382804,87361,114,180,180,0,True
1732989215,21302108,6248948344603757225614788382804,87361,114,180,180,0,True
1732989227,21302109,6248948344603757225614788382804,87361,114,180,180,0,True
1732989239,21302110,6248948344603757225614788382804,87361,114,180,180,0,True
1732989251,21302111,6248948344603757225614788382804,87361,114,180,180,0,True
1732989263,21302112,6248948344603757225614788382804,87361,114,180,180,0,True
1732989275,21302113,6248948344603757225614788382804,87361,114,180,180,0,True
1732989287,21302114,6248948344603757225614788382804,87361,114,180,180,0,True
1732989299,21302115,6248948344603757225614788382804,87361,114,180,180,0,True
1732989311,21302116,6248948344603757225614788382804,87361,114,180,180,0,True
1732989323,21302117,6248948344603757225614788382804,87361,114,180,180,0,True
1732989335,21302118,6248948344603757225614788382804,87361,114,180,180,0,True
1732989347,21302119,6248948344603757225614788382804,87361,114,180,180,0,True
1732989359,21302120,6248948344603757225614788382804,87361,114,180,180,0,True
1732989371,21302121,6248948344603757225614788382804,87361,114,180,180,0,True
1732989383,21302122,6248948344603757225614788382804,87361,114,180,180,0,True
1732989395,21302123,6248948344603757225614788382804,87361,114,180,180,0,True
1732989407,21302124,6248948344603757225614788382804,87361,114,180,180,0,True
1732989419,21302125,6248948344603757225614788382804,87361,114,180,180,0,True
1732989431,21302126,6248948344603757225614788382804,87361,114,180,180,0,True
1732989443,21302127,6248948344603757225614788382804,87361,114,180,180,0,True
1732989455,21302128,6248948344603757225614788382804,87361,114,180,180,0,True
1732989467,21302129,6248948344603757225614788382804,87361,114,180,180,0,True
1732989479,21302130,6248948344603757225614788382804,87361,114,180,180,0,True
1732989491,21302131,6248948344603757225614788382804,87361,114,180,180,0,True
1732989503,21302132,6248948344603757225614788382804,87361,114,180,180,0,True
1732989515,21302133,6248948344603757225614788382804,87361,114,180,180,0,True
1732989527,21302134,6248948344603757225614788382804,87361,114,180,180,0,True
1732989539,21302135,6248948344603757225614788382804,87361,114,180,180,0,True
1732989551,21302136,6248948344603757225614788382804,87361,114,180,180,0,True
1732989563,21302137,6248948344603757225614788382804,87361,114,180,180,0,True
1732989575,21302138,6248948344603757225614788382804,87361,114,180,180,0,True
1732989587,21302139,6248948344603757225614788382804,87361,114,180,180,0,True
1732989599,21302140,6248948344603757225614788382804,87361,114,180,180,0,True
1732989611,21302141,6248948344603757225614788382804,87361,114,180,180,0,True
1732989623,21302142,6248948344603757225614788382804,87361,114,180,180,0,True
1732989635,21302143,6248948344603757225614788382804,87361,114,180,180,0,True
1732989647,21302144,6248948344603757225614788382804,87361,114,180,180,0,True
1732989659,21302145,6248948344603757225614788382804,87361,114,180,180,0,True
1732989671,21302146,6248948344603757225614788382804,87361,114,180,180,0,True
1732989683,21302147,6248948344603757225614788382804,87361,114,180,180,0,True
1732989695,21302148,6248948344603757225614788382804,87361,114,180,180,0,True
1732989707,21302149,6248948344603757225614788382804,87361,114,180,180,0,True
1732989719,21302150,6248948344603757225614788382804,87361,114,180,180,0,True
1732989731,21302151,6248948344603757225614788382804,87361,114,180,180,0,True
1732989743,21302152,6248948344603757225614788382804,87361,114,180,180,0,True
1732989755,21302153,6248948344603757225614788382804,87361,114,180,180,0,True
1732989767,21302154,6251450124800489136353151694594,87369,115,180,180,0,True
1732989779,21302155,6251450124800489136353151694594,87369,115,180,180,0,True
1732989791,21302156,6251450124800489136353151694594,87369,115,180,180,0,True
1732989803,21302157,6251450124800489136353151694594,87369,115,180,180,0,True
1732989815,21302158,6251450124800489136353151694594,87369,115,180,180,0,True
1732989827,21302159,6251450124800489136353151694594,87369,115,180,180,0,True
1732989839,21302160,6251450124800489136353151694594,87369,115,180,180,0,True
1732989851,21302161,6251450124800489136353151694594,87369,115,180,180,0,True
1732989863,21302162,6251450124800489136353151694594,87369,115,180,180,0,True
1732989875,21302163,6251450124800489136353151694594,87369,115,180,180,0,True
1732989887,21302164,6251450124800489136353151694594,87369,115,180,180,0,True
1732989899,21302165,6251450124800489136353151694594,87369,115,180,180,0,True
1732989911,21302166,6251450124800489136353151694594,87369,115,180,180,0,True
1732989923,21302167,6251450124800489136353151694594,87369,115,180,180,0,True
1732989935,21302168,6251450124800489136353151694594,87369,115,180,180,0,True
1732989947,21302169,6251450124800489136353151694594,87369,115,180,180,0,True
1732989959,21302170,6251450124800489136353151694594,87369,115,180,180,0,True
1732989971,21302171,6251450124800489136353151694594,87369,115,180,180,0,True
1732989983,21302172,6251450124800489136353151694594,87369,115,180,180,0,True
1732989995,21302173,6251450124800489136353151694594,87369,115,180,180,0,True
1732990007,21302174,6251450124800489136353151694594,87369,115,180,180,0,True
1732990019,21302175,6251450124800489136353151694594,87369,115,180,180,0,True
1732990031,21302176,6251450124800489136353151694594,87369,115,180,180,0,True
1732990043,21302177,6251450124800489136353151694594,87369,115,180,180,0,True
1732990055,21302178,6251450124800489136353151694594,87369,115,180,180,0,True
1732990067,21302179,6251450124800489136353151694594,87369,115,180,180,0,True
1732990079,21302180,6251450124800489136353151694594,87369,115,180,180,0,True
1732990091,21302181,6251450124800489136353151694594,87369,115,180,180,0,True
1732990103,21302182,6251450124800489136353151694594,87369,115,180,180,0,True
1732990115,21302183,6251450124800489136353151694594,87369,115,180,180,0,True
1732990127,21302184,6251450124800489136353151694594,87369,115,180,180,0,True
1732990139,21302185,6251450124800489136353151694594,87369,115,180,180,0,True
1732990151,21302186,6251450124800489136353151694594,87369,115,180,180,0,True
1732990163,21302187,6251450124800489136353151694594,87369,115,180,180,0,True
1732990175,21302188,6251450124800489136353151694594,87369,115,180,180,0,True
1732990187,21302189,6251450124800489136353151694594,87369,115,180,180,0,True
1732990199,21302190,6251450124800489136353151694594,87369,115,180,180,0,True
1732990211,21302191,6251450124800489136353151694594,87369,115,180,180,0,True
1732990223,21302192,6251450124800489136353151694594,87369,115,180,180,0,True
1732990235,21302193,6251450124800489136353151694594,87369,115,180,180,0,True
1732990247,21302194,6251450124800489136353151694594,87369,115,180,180,0,True
1732990259,21302195,6245460311545360816931757631455,87349,116,180,180,0,True
1732990271,21302196,6245460311545360816931757631455,87349,116,180,180,0,True
1732990283,21302197,6245460311545360816931757631455,87349,116,180,180,0,True
1732990295,21302198,6245460311545360816931757631455,87349,116,180,180,0,True
1732990307,21302199,6245460311545360816931757631455,87349,116,180,180,0,True
1732990319,21302200,6245460311545360816931757631455,87349,116,180,180,0,True
1732990331,21302201,6245460311545360816931757631455,87349,116,180,180,0,True
1732990343,21302202,6245460311545360816931757631455,87349,116,180,180,0,True
1732990355,21302203,6245460311545360816931757631455,87349,116,180,180,0,True
1732990367,21302204,6245460311545360816931757631455,87349,116,180,180,0,True
1732990379,21302205,6245460311545360816931757631455,87349,116,180,180,0,True
1732990391,21302206,6245460311545360816931757631455,87349,116,180,180,0,True
1732990403,21302207,6245460311545360816931757631455,87349,116,180,180,0,True
1732990415,21302208,6245460311545360816931757631455,87349,116,180,180,0,True
1732990427,21302209,6245460311545360816931757631455,87349,116,180,180,0,True
1732990439,21302210,6245460311545360816931757631455,87349,116,180,180,0,True
1732990451,21302211,6245460311545360816931757631455,87349,116,180,180,0,True
1732990463,21302212,6245460311545360816931757631455,87349,116,180,180,0,True
1732990475,21302213,6245460311545360816931757631455,87349,116,180,180,0,True
1732990487,21302214,6245460311545360816931757631455,87349,116,180,180,0,True
1732990499,21302215,6245460311545360816931757631455,87349,116,180,180,0,True
1732990511,21302216,6245460311545360816931757631455,87349,116,180,180,0,True
1732990523,21302217,6245460311545360816931757631455,87349,116,180,180,0,True
1732990535,21302218,6245460311545360816931757631455,87349,116,180,180,0,True
1732990547,21302219,6245460311545360816931757631455,87349,116,180,180,0,True
1732990559,21302220,6245460311545360816931757631455,87349,116,180,180,0,True
1732990571,21302221,6245460311545360816931757631455,87349,116,180,180,0,True
1732990583,21302222,6245460311545360816931757631455,87349,116,180,180,0,True
1732990595,21302223,6245460311545360816931757631455,87349,116,180,180,0,True
1732990607,21302224,6245460311545360816931757631455,87349,116,180,180,0,True
1732990619,21302225,6245460311545360816931757631455,87349,116,180,180,0,True
1732990631,21302226,6245460311545360816931757631455,87349,116,180,180,0,True
1732990643,21302227,6245460311545360816931757631455,87349,116,180,180,0,True
1732990655,21302228,6245460311545360816931757631455,87349,116,180,180,0,True
1732990667,21302229,6245460311545360816931757631455,87349,116,180,180,0,True
1732990679,21302230,6245460311545360816931757631455,87349,116,180,180,0,True
1732990691,21302231,6245460311545360816931757631455,87349,116,180,180,0,True
1732990703,21302232,6245460311545360816931757631455,87349,116,180,180,0,True
1732990715,21302233,6245460311545360816931757631455,87349,116,180,180,0,True
1732990727,21302234,6245460311545360816931757631455,87349,116,180,180,0,True
1732990739,21302235,6245460311545360816931757631455,87349,116,180,180,0,True
1732990751,21302236,6245460311545360816931757631455,87349,116,180,180,0,True
1732990763,21302237,6245460311545360816931757631455,87349,116,180,180,0,True
1732990775,21302238,6245460311545360816931757631455,87349,116,180,180,0,True
1732990787,21302239,6245460311545360816931757631455,87349,116,180,180,0,True
1732990799,21302240,6245460311545360816931757631455,87349,116,180,180,0,True
1732990811,21302241,6245460311545360816931757631455,87349,116,180,180,0,True
1732990823,21302242,6238411020130901749251306559043,87327,117,180,180,0,True
1732990835,21302243,6238411020130901749251306559043,87327,117,180,180,0,True
1732990847,21302244,6238411020130901749251306559043,87327,117,180,180,0,True
1732990859,21302245,6238411020130901749251306559043,87327,117,180,180,0,True
1732990871,21302246,6238411020130901749251306559043,87327,117,180,180,0,True
1732990883,21302247,6238411020130901749251306559043,87327,117,180,180,0,True
1732990895,21302248,6238411020130901749251306559043,87327,117,180,180,0,True
1732990907,21302249,6238411020130901749251306559043,87327,117,180,180,0,True
1732990919,21302250,6238411020130901749251306559043,87327,117,180,180,0,True
1732990931,21302251,6238411020130901749251306559043,87327,117,180,180,0,True
1732990943,21302252,6238411020130901749251306559043,87327,117,180,180,0,True
1732990955,21302253,6238411020130901749251306559043,87327,117,180,180,0,True
1732990967,21302254,6238411020130901749251306559043,87327,117,180,180,0,True
1732990979,21302255,6238411020130901749251306559043,87327,117,180,180,0,True
1732990991,21302256,6238411020130901749251306559043,87327,117,180,180,0,True
1732991003,21302257,6238411020130901749251306559043,87327,117,180,180,0,True
1732991015,21302258,6238411020130901749251306559043,87327,117,180,180,0,True
1732991027,21302259,6238411020130901749251306559043,87327,117,180,180,0,True
1732991039,21302260,6238411020130901749251306559043,87327,117,180,180,0,True
1732991051,21302261,6232511667667409013321297276742,87308,118,180,180,0,True
1732991063,21302262,6232511667667409013321297276742,87308,118,180,180,0,True
1732991075,21302263,6232511667667409013321297276742,87308,118,180,180,0,True
1732991087,21302264,6232511667667409013321297276742,87308,118,180,180,0,True
1732991099,21302265,6232511667667409013321297276742,87308,118,180,180,0,True
1732991111,21302266,6232511667667409013321297276742,87308,118,180,180,0,True
1732991123,21302267,6232511667667409013321297276742,87308,118,180,180,0,True
1732991135,21302268,6232511667667409013321297276742,87308,118,180,180,0,True
1732991147,21302269,6232511667667409013321297276742,87308,118,180,180,0,True
1732991159,21302270,6232511667667409013321297276742,87308,118,180,180,0,True
1732991171,21302271,6232511667667409013321297276742,87308,118,180,180,0,True
1732991183,21302272,6232511667667409013321297276742,87308,118,180,180,0,True
1732991195,21302273,6232511667667409013321297276742,87308,118,180,180,0,True
1732991207,21302274,6232511667667409013321297276742,87308,118,180,180,0,True
1732991219,21302275,6232511667667409013321297276742,87308,118,180,180,0,True
1732991231,21302276,6232511667667409013321297276742,87308,118,180,180,0,True
1732991243,21302277,6232511667667409013321297276742,87308,118,180,180,0,True
1732991255,21302278,6232511667667409013321297276742,87308,118,180,180,0,True
1732991267,21302279,6232511667667409013321297276742,87308,118,180,180,0,True
1732991279,21302280,6232511667667409013321297276742,87308,118,180,180,0,True
1732991291,21302281,6232511667667409013321297276742,87308,118,180,180,0,True
1732991303,21302282,6232511667667409013321297276742,87308,118,180,180,0,True
1732991315,21302283,6232511667667409013321297276742,87308,118,180,180,0,True
1732991327,21302284,6232511667667409013321297276742,87308,118,180,180,0,True
1732991339,21302285,6232511667667409013321297276742,87308,118,180,180,0,True
1732991351,21302286,6232511667667409013321297276742,87308,118,180,180,0,True
1732991363,21302287,6232511667667409013321297276742,87308,118,180,180,0,True
1732991375,21302288,6232511667667409013321297276742,87308,118,180,180,0,True
1732991387,21302289,6232511667667409013321297276742,87308,118,180,180,0,True
1732991399,21302290,6232511667667409013321297276742,87308,118,180,180,0,True
1732991411,21302291,6232511667667409013321297276742,87308,118,180,180,0,True
1732991423,21302292,6232511667667409013321297276742,87308,118,180,180,0,True
1732991435,21302293,6232511667667409013321297276742,87308,118,180,180,0,True
1732991447,21302294,6232511667667409013321297276742,87308,118,180,180,0,True
1732991459,21302295,6232511667667409013321297276742,87308,118,180,180,0,True
1732991471,21302296,6232511667667409013321297276742,87308,118,180,180,0,True
1732991483,21302297,6232511667667409013321297276742,87308,118,180,180,0,True
1732991495,21302298,6232511667667409013321297276742,87308,118,180,180,0,True
1732991507,21302299,6232511667667409013321297276742,87308,118,180,180,0,True
1732991519,21302300,6232511667667409013321297276742,87308,118,180,180,0,True
1732991531,21302301,6232511667667409013321297276742,87308,118,180,180,0,True
1732991543,21302302,6232511667667409013321297276742,87308,118,180,180,0,True
1732991555,21302303,6232511667667409013321297276742,87308,118,180,180,0,True
1732991567,21302304,6232511667667409013321297276742,87308,118,180,180,0,True
1732991579,21302305,6232511667667409013321297276742,87308,118,180,180,0,True
1732991591,21302306,6232511667667409013321297276742,87308,118,180,180,0,True
1732991603,21302307,6232511667667409013321297276742,87308,118,180,180,0,True
1732991615,21302308,6232511667667409013321297276742,87308,118,180,180,0,True
1732991627,21302309,6232511667667409013321297276742,87308,118,180,180,0,True
1732991639,21302310,6232511667667409013321297276742,87308,118,180,180,0,True
1732991651,21302311,6232511667667409013321297276742,87308,118,180,180,0,True
1732991663,21302312,6232511667667409013321297276742,87308,118,180,180,0,True
1732991675,21302313,6232511667667409013321297276742,87308,118,180,180,0,True
1732991687,21302314,6232511667667409013321297276742,87308,118,180,180,0,True
1732991699,21302315,6232511667667409013321297276742,87308,118,180,180,0,True
1732991711,21302316,6232511667667409013321297276742,87308,118,180,180,0,True
1732991723,21302317,6224255207325049486901902157635,87281,119,180,180,0,True
1732991735,21302318,6224255207325049486901902157635,87281,119,180,180,0,True
1732991747,21302319,6224255207325049486901902157635,87281,119,180,180,0,True
1732991759,21302320,6224255207325049486901902157635,87281,119,180,180,0,True
1732991771,21302321,6224255207325049486901902157635,87281,119,180,180,0,True
1732991783,21302322,6224255207325049486901902157635,87281,119,180,180,0,True
1732991795,21302323,6224255207325049486901902157635,87281,119,180,180,0,True
1732991807,21302324,6224255207325049486901902157635,87281,119,180,180,0,True
1732991819,21302325,6224255207325049486901902157635,87281,119,180,180,0,True
1732991831,21302326,6217982251263807880380844831393,87261,120,180,180,0,True
1732991843,21302327,6217982251263807880380844831393,87261,120,180,180,0,True
1732991855,21302328,6217982251263807880380844831393,87261,120,180,180,0,True
1732991867,21302329,6217982251263807880380844831393,87261,120,180,180,0,True
1732991879,21302330,6217982251263807880380844831393,87261,120,180,180,0,True
1732991891,21302331,6217982251263807880380844831393,87261,120,180,180,0,True
1732991903,21302332,6217982251263807880380844831393,87261,120,180,180,0,True
1732991915,21302333,6217982251263807880380844831393,87261,120,180,180,0,True
1732991927,21302334,6217982251263807880380844831393,87261,120,180,180,0,True
1732991939,21302335,6217982251263807880380844831393,87261,120,180,180,0,True
1732991951,21302336,6214722295824518359839893225852,87251,121,180,180,0,True
1732991963,21302337,6214722295824518359839893225852,87251,121,180,180,0,True
1732991975,21302338,6214722295824518359839893225852,87251,121,180,180,0,True
1732991987,21302339,6214722295824518359839893225852,87251,121,180,180,0,True
1732991999,21302340,6214722295824518359839893225852,87251,121,180,180,0,True
1732992011,21302341,6214722295824518359839893225852,87251,121,180,180,0,True
1732992023,21302342,6214722295824518359839893225852,87251,121,180,180,0,True
1732992035,21302343,6214722295824518359839893225852,87251,121,180,180,0,True
1732992047,21302344,6214722295824518359839893225852,87251,121,180,180,0,True
1732992059,21302345,6214722295824518359839893225852,87251,121,180,180,0,True
1732992071,21302346,6214722295824518359839893225852,87251,121,180,180,0,True
1732992083,21302347,6214722295824518359839893225852,87251,121,180,180,0,True
1732992095,21302348,6214722295824518359839893225852,87251,121,180,180,0,True
1732992107,21302349,6214722295824518359839893225852,87251,121,180,180,0,True
1732992119,21302350,6214722295824518359839893225852,87251,121,180,180,0,True
1732992131,21302351,6214722295824518359839893225852,87251,121,180,180,0,True
1732992143,21302352,6214722295824518359839893225852,87251,121,180,180,0,True
1732992155,21302353,6214722295824518359839893225852,87251,121,180,180,0,True
1732992167,21302354,6214722295824518359839893225852,87251,121,180,180,0,True
1732992179,21302355,6214722295824518359839893225852,87251,121,180,180,0,True
1732992191,21302356,6214722295824518359839893225852,87251,121,180,180,0,True
1732992203,21302357,6214722295824518359839893225852,87251,121,180,180,0,True
1732992215,21302358,6214722295824518359839893225852,87251,121,180,180,0,True
1732992227,21302359,6214722295824518359839893225852,87251,121,180,180,0,True
1732992239,21302360,6214722295824518359839893225852,87251,121,180,180,0,True
1732992251,21302361,6214722295824518359839893225852,87251,121,180,180,0,True
1732992263,21302362,6214722295824518359839893225852,87251,121,180,180,0,True
1732992275,21302363,6214722295824518359839893225852,87251,121,180,180,0,True
1732992287,21302364,6214722295824518359839893225852,87251,121,180,180,0,True
1732992299,21302365,6214722295824518359839893225852,87251,121,180,180,0,True
1732992311,21302366,6203253448088190747951530225694,87214,122,180,180,0,True
1732992323,21302367,6203253448088190747951530225694,87214,122,180,180,0,True
1732992335,21302368,6203171410265261249773496907528,87214,122,180,180,0,True
1732992347,21302369,6203171410265261249773496907528,87214,122,180,180,0,True
1732992359,21302370,6203171410265261249773496907528,87214,122,180,180,0,True
1732992371,21302371,6203171410265261249773496907528,87214,122,180,180,0,True
1732992383,21302372,6203171410265261249773496907528,87214,122,180,180,0,True
1732992395,21302373,6203171410265261249773496907528,87214,122,180,180,0,True
1732992407,21302374,6203171410265261249773496907528,87214,122,180,180,0,True
1732992419,21302375,6203171410265261249773496907528,87214,122,180,180,0,True
1732992431,21302376,6203171410265261249773496907528,87214,122,180,180,0,True
1732992443,21302377,6203171410265261249773496907528,87214,122,180,180,0,True
1732992455,21302378,6203171410265261249773496907528,87214,122,180,180,0,True
1732992467,21302379,6203171410265261249773496907528,87214,122,180,180,0,True
1732992479,21302380,6203171410265261249773496907528,87214,122,180,180,0,True
1732992491,21302381,6203171410265261249773496907528,87214,122,180,180,0,True
1732992503,21302382,6203171410265261249773496907528,87214,122,180,180,0,True
1732992515,21302383,6203171410265261249773496907528,87214,122,180,180,0,True
1732992527,21302384,6203171410265261249773496907528,87214,122,180,180,0,True
1732992539,21302385,6203171410265261249773496907528,87214,122,180,180,0,True
1732992551,21302386,6203171410265261249773496907528,87214,122,180,180,0,True
1732992563,21302387,6203171410265261249773496907528,87214,122,180,180,0,True
1732992575,21302388,6203171410265261249773496907528,87214,122,180,180,0,True
1732992587,21302389,6203171410265261249773496907528,87214,122,180,180,0,True
1732992599,21302390,6203171410265261249773496907528,87214,122,180,180,0,True
1732992611,21302391,6203171410265261249773496907528,87214,122,180,180,0,True
1732992623,21302392,6203171410265261249773496907528,87214,122,180,180,0,True
1732992635,21302393,6203171410265261249773496907528,87214,122,180,180,0,True
1732992647,21302394,6203171410265261249773496907528,87214,122,180,180,0,True
1732992659,21302395,6203171410265261249773496907528,87214,122,180,180,0,True
1732992671,21302396,6203171410265261249773496907528,87214,122,180,180,0,True
1732992683,21302397,6203171410265261249773496907528,87214,122,180,180,0,True
1732992695,21302398,6203171410265261249773496907528,87214,122,180,180,0,True
1732992707,21302399,6203171410265261249773496907528,87214,122,180,180,0,True
1732992719,21302400,6203171410265261249773496907528,87214,122,180,180,0,True
1732992731,21302401,6203171410265261249773496907528,87214,122,180,180,0,True
1732992743,21302402,6203171410265261249773496907528,87214,122,180,180,0,True
1732992755,21302403,6203171410265261249773496907528,87214,122,180,180,0,True
1732992767,21302404,6203171410265261249773496907528,87214,122,180,180,0,True
1732992779,21302405,6203171410265261249773496907528,87214,122,180,180,0,True
1732992791,21302406,6203171410265261249773496907528,87214,122,180,180,0,True
1732992803,21302407,6203171410265261249773496907528,87214,122,180,180,0,True
1732992815,21302408,6203171410265261249773496907528,87214,122,180,180,0,True
1732992827,21302409,6203171410265261249773496907528,87214,122,180,180,0,True
1732992839,21302410,6203171410265261249773496907528,87214,122,180,180,0,True
1732992851,21302411,6203171410265261249773496907528,87214,122,180,180,0,True
1732992863,21302412,6203171410265261249773496907528,87214,122,180,180,0,True
1732992875,21302413,6203171410265261249773496907528,87214,122,180,180,0,True
1732992887,21302414,6203171410265261249773496907528,87214,122,180,180,0,True
1732992899,21302415,6203171410265261249773496907528,87214,122,180,180,0,True
1732992911,21302416,6203171410265261249773496907528,87214,122,180,180,0,True
1732992923,21302417,6203171410265261249773496907528,87214,122,180,180,0,True
1732992935,21302418,6203171410265261249773496907528,87214,122,180,180,0,True
1732992947,21302419,6203171410265261249773496907528,87214,122,180,180,0,True
1732992959,21302420,6203171410265261249773496907528,87214,122,180,180,0,True
1732992971,21302421,6203171410265261249773496907528,87214,122,180,180,0,True
1732992983,21302422,6203171410265261249773496907528,87214,122,180,180,0,True
1732992995,21302423,6203171410265261249773496907528,87214,122,180,180,0,True
1732993007,21302424,6203171410265261249773496907528,87214,122,180,180,0,True
1732993019,21302425,6203171410265261249773496907528,87214,122,180,180,0,True
1732993031,21302426,6203171410265261249773496907528,87214,122,180,180,0,True
1732993043,21302427,6203171410265261249773496907528,87214,122,180,180,0,True
1732993055,21302428,6203171410265261249773496907528,87214,122,180,180,0,True
1732993067,21302429,6203171410265261249773496907528,87214,122,180,180,0,True
1732993079,21302430,6203171410265261249773496907528,87214,122,180,180,0,True
1732993091,21302431,6203171410265261249773496907528,87214,122,180,180,0,True
1732993103,21302432,6203171410265261249773496907528,87214,122,180,180,0,True
1732993115,21302433,6203171410265261249773496907528,87214,122,180,180,0,True
1732993127,21302434,6203171410265261249773496907528,87214,122,180,180,0,True
1732993139,21302435,6203171410265261249773496907528,87214,122,180,180,0,True
1732993151,21302436,6203171410265261249773496907528,87214,122,180,180,0,True
1732993163,21302437,6203171410265261249773496907528,87214,122,180,180,0,True
1732993175,21302438,6203171410265261249773496907528,87214,122,180,180,0,True
1732993187,21302439,6203171410265261249773496907528,87214,122,180,180,0,True
1732993199,21302440,6203171410265261249773496907528,87214,122,180,180,0,True
1732993211,21302441,6203171410265261249773496907528,87214,122,180,180,0,True
1732993223,21302442,6203171410265261249773496907528,87214,122,180,180,0,True
1732993235,21302443,6203171410265261249773496907528,87214,122,180,180,0,True
1732993247,21302444,6203171410265261249773496907528,87214,122,180,180,0,True
1732993259,21302445,6203171410265261249773496907528,87214,122,180,180,0,True
1732993271,21302446,6203171410265261249773496907528,87214,122,180,180,0,True
1732993283,21302447,6203171410265261249773496907528,87214,122,180,180,0,True
1732993295,21302448,6203171410265261249773496907528,87214,122,180,180,0,True
1732993307,21302449,6203171410265261249773496907528,87214,122,180,180,0,True
1732993319,21302450,6203171410265261249773496907528,87214,122,180,180,0,True
1732993331,21302451,6203171410265261249773496907528,87214,122,180,180,0,True
1732993343,21302452,6203171410265261249773496907528,87214,122,180,180,0,True
1732993355,21302453,6203171410265261249773496907528,87214,122,180,180,0,True
1732993367,21302454,6203171410265261249773496907528,87214,122,180,180,0,True
1732993379,21302455,6203171410265261249773496907528,87214,122,180,180,0,True
1732993391,21302456,6203171410265261249773496907528,87214,122,180,180,0,True
1732993403,21302457,6203171410265261249773496907528,87214,122,180,180,0,True
1732993415,21302458,6203171410265261249773496907528,87214,122,180,180,0,True
1732993427,21302459,6203171410265261249773496907528,87214,122,180,180,0,True
1732993439,21302460,6203171410265261249773496907528,87214,122,180,180,0,True
1732993451,21302461,6203171410265261249773496907528,87214,122,180,180,0,True
1732993463,21302462,6203171410265261249773496907528,87214,122,180,180,0,True
1732993475,21302463,6203171410265261249773496907528,87214,122,180,180,0,True
1732993487,21302464,6203171410265261249773496907528,87214,122,180,180,0,True
1732993499,21302465,6203171410265261249773496907528,87214,122,180,180,0,True
1732993511,21302466,6203171410265261249773496907528,87214,122,180,180,0,True
1732993523,21302467,6203171410265261249773496907528,87214,122,180,180,0,True
1732993535,21302468,6203171410265261249773496907528,87214,122,180,180,0,True
1732993547,21302469,6203171410265261249773496907528,87214,122,180,180,0,True
1732993559,21302470,6203171410265261249773496907528,87214,122,180,180,0,True
1732993571,21302471,6203171410265261249773496907528,87214,122,180,180,0,True
1732993583,21302472,6203171410265261249773496907528,87214,122,180,180,0,True
1732993595,21302473,6203171410265261249773496907528,87214,122,180,180,0,True
1732993607,21302474,6203171410265261249773496907528,87214,122,180,180,0,True
1732993619,21302475,6203171410265261249773496907528,87214,122,180,180,0,True
1732993631,21302476,6203171410265261249773496907528,87214,122,180,180,0,True
1732993643,21302477,6203171410265261249773496907528,87214,122,180,180,0,True
1732993655,21302478,6203171410265261249773496907528,87214,122,180,180,0,True
1732993667,21302479,6203171410265261249773496907528,87214,122,180,180,0,True
1732993679,21302480,6203171410265261249773496907528,87214,122,180,180,0,True
1732993691,21302481,6203171410265261249773496907528,87214,122,180,180,0,True
1732993703,21302482,6203171410265261249773496907528,87214,122,180,180,0,True
1732993715,21302483,6203171410265261249773496907528,87214,122,180,180,0,True
1732993727,21302484,6203171410265261249773496907528,87214,122,180,180,0,True
1732993739,21302485,6203171410265261249773496907528,87214,122,180,180,0,True
1732993751,21302486,6203171410265261249773496907528,87214,122,180,180,0,True
1732993763,21302487,6203171410265261249773496907528,87214,122,180,180,0,True
1732993775,21302488,6203171410265261249773496907528,87214,122,180,180,0,True
1732993787,21302489,6203171410265261249773496907528,87214,122,180,180,0,True
1732993799,21302490,6203171410265261249773496907528,87214,122,180,180,0,True
1732993811,21302491,6203171410265261249773496907528,87214,122,180,180,0,True
1732993835,21302492,6203171410265261249773496907528,87214,122,180,180,0,True
1732993847,21302493,6203171410265261249773496907528,87214,122,180,180,0,True
1732993859,21302494,6203171410265261249773496907528,87214,122,180,180,0,True
1732993871,21302495,6203171410265261249773496907528,87214,122,180,180,0,True
1732993883,21302496,6203171410265261249773496907528,87214,122,180,180,0,True
1732993895,21302497,6203171410265261249773496907528,87214,122,180,180,0,True
1732993907,21302498,6203171410265261249773496907528,87214,122,180,180,0,True
1732993919,21302499,6203171410265261249773496907528,87214,122,180,180,0,True
1732993931,21302500,6203171410265261249773496907528,87214,122,180,180,0,True
1732993943,21302501,6203171410265261249773496907528,87214,122,180,180,0,True
1732993955,21302502,6203171410265261249773496907528,87214,122,180,180,0,True
1732993967,21302503,6203171410265261249773496907528,87214,122,180,180,0,True
1732993979,21302504,6203171410265261249773496907528,87214,122,180,180,0,True
1732993991,21302505,6203171410265261249773496907528,87214,122,180,180,0,True
1732994003,21302506,6203171410265261249773496907528,87214,122,180,180,0,True
1732994015,21302507,6203171410265261249773496907528,87214,122,180,180,0,True
1732994027,21302508,6203171410265261249773496907528,87214,122,180,180,0,True
1732994039,21302509,6203171410265261249773496907528,87214,122,180,180,0,True
1732994051,21302510,6203171410265261249773496907528,87214,122,180,180,0,True
1732994063,21302511,6203171410265261249773496907528,87214,122,180,180,0,True
1732994075,21302512,6203171410265261249773496907528,87214,122,180,180,0,True
1732994087,21302513,6203171410265261249773496907528,87214,122,180,180,0,True
1732994099,21302514,6203171410265261249773496907528,87214,122,180,180,0,True
1732994111,21302515,6203171410265261249773496907528,87214,122,180,180,0,True
1732994123,21302516,6203171410265261249773496907528,87214,122,180,180,0,True
1732994135,21302517,6195151299263910127478968417115,87188,123,180,180,0,True
1732994147,21302518,6195151299263910127478968417115,87188,123,180,180,0,True
1732994159,21302519,6195151299263910127478968417115,87188,123,180,180,0,True
1732994171,21302520,6195151299263910127478968417115,87188,123,180,180,0,True
1732994183,21302521,6195151299263910127478968417115,87188,123,180,180,0,True
1732994195,21302522,6195151299263910127478968417115,87188,123,180,180,0,True
1732994207,21302523,6195151299263910127478968417115,87188,123,180,180,0,True
1732994219,21302524,6195151299263910127478968417115,87188,123,180,180,0,True
1732994231,21302525,6195151299263910127478968417115,87188,123,180,180,0,True
1732994243,21302526,6187585614828576557636766968698,87163,124,180,180,0,True
1732994255,21302527,6187585614828576557636766968698,87163,124,180,180,0,True
1732994267,21302528,6180835166532129378280479892525,87141,125,180,180,0,True
1732994279,21302529,6180835166532129378280479892525,87141,125,180,180,0,True
1732994291,21302530,6180835166532129378280479892525,87141,125,180,180,0,True
1732994303,21302531,6180835166532129378280479892525,87141,125,180,180,0,True
1732994315,21302532,6180835166532129378280479892525,87141,125,180,180,0,True
1732994327,21302533,6180835166532129378280479892525,87141,125,180,180,0,True
1732994339,21302534,6180835166532129378280479892525,87141,125,180,180,0,True
1732994351,21302535,6180835166532129378280479892525,87141,125,180,180,0,True
1732994363,21302536,6180835166532129378280479892525,87141,125,180,180,0,True
1732994375,21302537,6180835166532129378280479892525,87141,125,180,180,0,True
1732994387,21302538,6180835166532129378280479892525,87141,125,180,180,0,True
1732994399,21302539,6180835166532129378280479892525,87141,125,180,180,0,True
1732994411,21302540,6180835166532129378280479892525,87141,125,180,180,0,True
1732994423,21302541,6180835166532129378280479892525,87141,125,180,180,0,True
1732994435,21302542,6180835166532129378280479892525,87141,125,180,180,0,True
1732994447,21302543,6180835166532129378280479892525,87141,125,180,180,0,True
1732994459,21302544,6180835166532129378280479892525,87141,125,180,180,0,True
1732994471,21302545,6180835166532129378280479892525,87141,125,180,180,0,True
1732994483,21302546,6180835166532129378280479892525,87141,125,180,180,0,True
1732994495,21302547,6180835166532129378280479892525,87141,125,180,180,0,True
1732994507,21302548,6180835166532129378280479892525,87141,125,180,180,0,True
1732994519,21302549,6180835166532129378280479892525,87141,125,180,180,0,True
1732994531,21302550,6180835166532129378280479892525,87141,125,180,180,0,True
1732994543,21302551,6180835166532129378280479892525,87141,125,180,180,0,True
1732994555,21302552,6180835166532129378280479892525,87141,125,180,180,0,True
1732994567,21302553,6180835166532129378280479892525,87141,125,180,180,0,True
1732994579,21302554,6180835166532129378280479892525,87141,125,180,180,0,True
1732994591,21302555,6180835166532129378280479892525,87141,125,180,180,0,True
1732994603,21302556,6180835166532129378280479892525,87141,125,180,180,0,True
1732994615,21302557,6180835166532129378280479892525,87141,125,180,180,0,True
1732994627,21302558,6180835166532129378280479892525,87141,125,180,180,0,True
1732994651,21302559,6180835166532129378280479892525,87141,125,180,180,0,True
1732994663,21302560,6180835166532129378280479892525,87141,125,180,180,0,True
1732994675,21302561,6180835166532129378280479892525,87141,125,180,180,0,True
1732994687,21302562,6180835166532129378280479892525,87141,125,180,180,0,True
1732994699,21302563,6180835166532129378280479892525,87141,125,180,180,0,True
1732994711,21302564,6180835166532129378280479892525,87141,125,180,180,0,True
1732994723,21302565,6180835166532129378280479892525,87141,125,180,180,0,True
1732994735,21302566,6180835166532129378280479892525,87141,125,180,180,0,True
1732994747,21302567,6180835166532129378280479892525,87141,125,180,180,0,True
1732994759,21302568,6180835166532129378280479892525,87141,125,180,180,0,True
1732994771,21302569,6180835166532129378280479892525,87141,125,180,180,0,True
1732994783,21302570,6180835166532129378280479892525,87141,125,180,180,0,True
1732994795,21302571,6180835166532129378280479892525,87141,125,180,180,0,True
1732994807,21302572,6181113444720702523932775840729,87142,126,180,180,0,True
1732994819,21302573,6181113444720702523932775840729,87142,126,180,180,0,True
1732994831,21302574,6181113444720702523932775840729,87142,126,180,180,0,True
1732994843,21302575,6181113444720702523932775840729,87142,126,180,180,0,True
1732994855,21302576,6181113444720702523932775840729,87142,126,180,180,0,True
1732994867,21302577,6181113444720702523932775840729,87142,126,180,180,0,True
1732994879,21302578,6181113444720702523932775840729,87142,126,180,180,0,True
1732994891,21302579,6181113444720702523932775840729,87142,126,180,180,0,True
1732994903,21302580,6181113444720702523932775840729,87142,126,180,180,0,True
1732994915,21302581,6181113444720702523932775840729,87142,126,180,180,0,True
1732994927,21302582,6181113444720702523932775840729,87142,126,180,180,0,True
1732994939,21302583,6181113444720702523932775840729,87142,126,180,180,0,True
1732994951,21302584,6181113444720702523932775840729,87142,126,180,180,0,True
1732994963,21302585,6181113444720702523932775840729,87142,126,180,180,0,True
1732994975,21302586,6181113444720702523932775840729,87142,126,180,180,0,True
1732994987,21302587,6181113444720702523932775840729,87142,126,180,180,0,True
1732994999,21302588,6181113444720702523932775840729,87142,126,180,180,0,True
1732995011,21302589,6181113444720702523932775840729,87142,126,180,180,0,True
1732995023,21302590,6181113444720702523932775840729,87142,126,180,180,0,True
1732995035,21302591,6181113444720702523932775840729,87142,126,180,180,0,True
1732995047,21302592,6181113444720702523932775840729,87142,126,180,180,0,True
1732995059,21302593,6181113444720702523932775840729,87142,126,180,180,0,True
1732995071,21302594,6181113444720702523932775840729,87142,126,180,180,0,True
1732995083,21302595,6181113444720702523932775840729,87142,126,180,180,0,True
1732995095,21302596,6181113444720702523932775840729,87142,126,180,180,0,True
1732995107,21302597,6181113444720702523932775840729,87142,126,180,180,0,True
1732995119,21302598,6181113444720702523932775840729,87142,126,180,180,0,True
1732995131,21302599,6187263214987665340662485214797,87162,127,180,180,0,True
1732995143,21302600,6187263214987665340662485214797,87162,127,180,180,0,True
1732995155,21302601,6187263214987665340662485214797,87162,127,180,180,0,True
1732995167,21302602,6187263214987665340662485214797,87162,127,180,180,0,True
1732995179,21302603,6187263214987665340662485214797,87162,127,180,180,0,True
1732995191,21302604,6190583066035949626171386959749,87173,128,180,180,0,True
1732995203,21302605,6190583066035949626171386959749,87173,128,180,180,0,True
1732995215,21302606,6190583066035949626171386959749,87173,128,180,180,0,True
1732995227,21302607,6190583066035949626171386959749,87173,128,180,180,0,True
1732995239,21302608,6190583066035949626171386959749,87173,128,180,180,0,True
1732995251,21302609,6190583066035949626171386959749,87173,128,180,180,0,True
1732995263,21302610,6190583066035949626171386959749,87173,128,180,180,0,True
1732995275,21302611,6190583066035949626171386959749,87173,128,180,180,0,True
1732995287,21302612,6190583066035949626171386959749,87173,128,180,180,0,True
1732995299,21302613,6190583066035949626171386959749,87173,128,180,180,0,True
1732995311,21302614,6190583066035949626171386959749,87173,128,180,180,0,True
1732995323,21302615,6190583066035949626171386959749,87173,128,180,180,0,True
1732995335,21302616,6190583066035949626171386959749,87173,128,180,180,0,True
1732995347,21302617,6190583066035949626171386959749,87173,128,180,180,0,True
1732995359,21302618,6190583066035949626171386959749,87173,128,180,180,0,True
1732995371,21302619,6190583066035949626171386959749,87173,128,180,180,0,True
1732995383,21302620,6190583066035949626171386959749,87173,128,180,180,0,True
1732995395,21302621,6190583066035949626171386959749,87173,128,180,180,0,True
1732995407,21302622,6190583066035949626171386959749,87173,128,180,180,0,True
1732995419,21302623,6190583066035949626171386959749,87173,128,180,180,0,True
1732995431,21302624,6190583066035949626171386959749,87173,128,180,180,0,True
1732995443,21302625,6190583066035949626171386959749,87173,128,180,180,0,True
1732995455,21302626,6190583066035949626171386959749,87173,128,180,180,0,True
1732995467,21302627,6190583066035949626171386959749,87173,128,180,180,0,True
1732995479,21302628,6190583066035949626171386959749,87173,128,180,180,0,True
1732995491,21302629,6190583066035949626171386959749,87173,128,180,180,0,True
1732995503,21302630,6190583066035949626171386959749,87173,128,180,180,0,True
1732995515,21302631,6190583066035949626171386959749,87173,128,180,180,0,True
1732995527,21302632,6190583066035949626171386959749,87173,128,180,180,0,True
1732995539,21302633,6190583066035949626171386959749,87173,128,180,180,0,True
1732995551,21302634,6190583066035949626171386959749,87173,128,180,180,0,True
1732995563,21302635,6190583066035949626171386959749,87173,128,180,180,0,True
1732995575,21302636,6190583066035949626171386959749,87173,128,180,180,0,True
1732995587,21302637,6190583066035949626171386959749,87173,128,180,180,0,True
1732995599,21302638,6190583066035949626171386959749,87173,128,180,180,0,True
1732995611,21302639,6190583066035949626171386959749,87173,128,180,180,0,True
1732995623,21302640,6190583066035949626171386959749,87173,128,180,180,0,True
1732995635,21302641,6190583066035949626171386959749,87173,128,180,180,0,True
1732995647,21302642,6190583066035949626171386959749,87173,128,180,180,0,True
1732995659,21302643,6190583066035949626171386959749,87173,128,180,180,0,True
1732995671,21302644,6190583066035949626171386959749,87173,128,180,180,0,True
1732995683,21302645,6190583066035949626171386959749,87173,128,180,180,0,True
1732995695,21302646,6184105669467466468147299901670,87152,129,180,180,0,True
1732995707,21302647,6184105669467466468147299901670,87152,129,180,180,0,True
1732995719,21302648,6184105669467466468147299901670,87152,129,180,180,0,True
1732995731,21302649,6184105669467466468147299901670,87152,129,180,180,0,True
1732995743,21302650,6184105669467466468147299901670,87152,129,180,180,0,True
1732995755,21302651,6184105669467466468147299901670,87152,129,180,180,0,True
1732995767,21302652,6184105669467466468147299901670,87152,129,180,180,0,True
1732995779,21302653,6184105669467466468147299901670,87152,129,180,180,0,True
1732995791,21302654,6184105669467466468147299901670,87152,129,180,180,0,True
1732995803,21302655,6184105669467466468147299901670,87152,129,180,180,0,True
1732995815,21302656,6176696966136389691154881076625,87128,130,180,180,0,True
1732995827,21302657,6176696966136389691154881076625,87128,130,180,180,0,True
1732995839,21302658,6176696966136389691154881076625,87128,130,180,180,0,True
1732995851,21302659,6176696966136389691154881076625,87128,130,180,180,0,True
1732995863,21302660,6168860241161134625654526094014,87103,131,180,180,0,True
1732995875,21302661,6158305872417424635511903349453,87068,132,180,180,0,True
1732995887,21302662,6158305872417424635511903349453,87068,132,180,180,0,True
1732995899,21302663,6158305872417424635511903349453,87068,132,180,180,0,True
1732995911,21302664,6158305872417424635511903349453,87068,132,180,180,0,True
1732995923,21302665,6158305872417424635511903349453,87068,132,180,180,0,True
1732995935,21302666,6158305872417424635511903349453,87068,132,180,180,0,True
1732995947,21302667,6158305872417424635511903349453,87068,132,180,180,0,True
1732995959,21302668,6158305872417424635511903349453,87068,132,180,180,0,True
1732995971,21302669,6158305872417424635511903349453,87068,132,180,180,0,True
1732995983,21302670,6158305872417424635511903349453,87068,132,180,180,0,True
1732995995,21302671,6158305872417424635511903349453,87068,132,180,180,0,True
1732996007,21302672,6158305872417424635511903349453,87068,132,180,180,0,True
1732996019,21302673,6158305872417424635511903349453,87068,132,180,180,0,True
1732996031,21302674,6158305872417424635511903349453,87068,132,180,180,0,True
1732996043,21302675,6158305872417424635511903349453,87068,132,180,180,0,True
1732996055,21302676,6158305872417424635511903349453,87068,132,180,180,0,True
1732996067,21302677,6158305872417424635511903349453,87068,132,180,180,0,True
1732996079,21302678,6158305872417424635511903349453,87068,132,180,180,0,True
1732996091,21302679,6158305872417424635511903349453,87068,132,180,180,0,True
1732996103,21302680,6158305872417424635511903349453,87068,132,180,180,0,True
1732996115,21302681,6158305872417424635511903349453,87068,132,180,180,0,True
1732996127,21302682,6158305872417424635511903349453,87068,132,180,180,0,True
1732996139,21302683,6151042268484921020628148720486,87045,133,180,180,0,True
1732996151,21302684,6151042268484921020628148720486,87045,133,180,180,0,True
1732996163,21302685,6143841121233472360863214906867,87021,134,180,180,0,True
1732996175,21302686,6145879251883624069095645299355,87028,135,180,180,0,True
1732996187,21302687,6145879251883624069095645299355,87028,135,180,180,0,True
1732996199,21302688,6145879251883624069095645299355,87028,135,180,180,0,True
1732996211,21302689,6145879251883624069095645299355,87028,135,180,180,0,True
1732996223,21302690,6136577926043777102509131622863,86998,136,180,180,0,True
1732996235,21302691,6136577926043777102509131622863,86998,136,180,180,0,True
1732996247,21302692,6136577926043777102509131622863,86998,136,180,180,0,True
1732996259,21302693,6136577926043777102509131622863,86998,136,180,180,0,True
1732996271,21302694,6136577926043777102509131622863,86998,136,180,180,0,True
1732996283,21302695,6136577926043777102509131622863,86998,136,180,180,0,True
1732996295,21302696,6136577926043777102509131622863,86998,136,180,180,0,True
1732996307,21302697,6136577926043777102509131622863,86998,136,180,180,0,True
1732996319,21302698,6129706559384968280629242827678,86975,137,180,180,0,True
1732996331,21302699,6128611489424504309028684300288,86972,138,180,180,0,True
1732996343,21302700,6128611489424504309028684300288,86972,138,180,180,0,True
1732996355,21302701,6128611489424504309028684300288,86972,138,180,180,0,True
1732996367,21302702,6128611489424504309028684300288,86972,138,180,180,0,True
1732996379,21302703,6128611489424504309028684300288,86972,138,180,180,0,True
1732996391,21302704,6128611489424504309028684300288,86972,138,180,180,0,True
1732996403,21302705,6128611489424504309028684300288,86972,138,180,180,0,True
1732996415,21302706,6121051827881848328506162382776,86947,139,180,180,0,True
1732996427,21302707,6124681877723359601347350232575,86959,140,180,180,0,True
1732996439,21302708,6124681877723359601347350232575,86959,140,180,180,0,True
1732996451,21302709,6124681877723359601347350232575,86959,140,180,180,0,True
1732996463,21302710,6124681877723359601347350232575,86959,140,180,180,0,True
1732996475,21302711,6124681877723359601347350232575,86959,140,180,180,0,True
1732996487,21302712,6124681877723359601347350232575,86959,140,180,180,0,True
1732996499,21302713,6128657217204563253741092772179,86972,141,180,180,0,True
1732996511,21302714,6128657217204563253741092772179,86972,141,180,180,0,True
1732996523,21302715,6128657217204563253741092772179,86972,141,180,180,0,True
1732996535,21302716,6121989498551405511049991262943,86950,142,180,180,0,True
1732996547,21302717,6121989498551405511049991262943,86950,142,180,180,0,True
1732996559,21302718,6113345997081525815506057414352,86922,143,180,180,0,True
1732996571,21302719,6113345997081525815506057414352,86922,143,180,180,0,True
1732996583,21302720,6113345997081525815506057414352,86922,143,180,180,0,True
1732996595,21302721,6103032063761456359838527838533,86888,144,180,180,0,True
1732996607,21302722,6103032063761456359838527838533,86888,144,180,180,0,True
1732996619,21302723,6094812812907035477747608882696,86861,145,180,180,0,True
1732996631,21302724,6098509330864872492220142772136,86873,146,180,180,0,True
1732996643,21302725,6098509330864872492220142772136,86873,146,180,180,0,True
1732996655,21302726,6089968434717905432017465610515,86845,147,180,180,0,True
1732996667,21302727,6092111117674461206037875029967,86852,148,180,180,0,True
1732996679,21302728,6085859683804402822340922953720,86832,149,180,180,0,True
1732996691,21302729,6085859683804402822340922953720,86832,149,180,180,0,True
1732996703,21302730,6071122367250079159154671450134,86783,150,180,180,0,True
1732996715,21302731,6071122367250079159154671450134,86783,150,180,180,0,True
1732996727,21302732,6071122367250079159154671450134,86783,150,180,180,0,True
1732996739,21302733,6050499073635795548463857272782,86715,151,180,180,0,True
1732996751,21302734,6052969353898688595939857429900,86723,152,180,180,0,True
1732996763,21302735,6052969353898688595939857429900,86723,152,180,180,0,True
1732996775,21302736,6052969353898688595939857429900,86723,152,180,180,0,True
1732996787,21302737,6052969353898688595939857429900,86723,152,180,180,0,True
1732996799,21302738,6052969353898688595939857429900,86723,152,180,180,0,True
1732996811,21302739,6052969353898688595939857429900,86723,152,180,180,0,True
1732996823,21302740,6052969353898688595939857429900,86723,152,180,180,0,True
1732996835,21302741,6052969353898688595939857429900,86723,152,180,180,0,True
1732996847,21302742,6042846009650793069402467271712,86690,153,180,180,0,True
1732996859,21302743,6042846009650793069402467271712,86690,153,180,180,0,True
1732996871,21302744,6042846009650793069402467271712,86690,153,180,180,0,True
1732996883,21302745,6042846009650793069402467271712,86690,153,180,180,0,True
1732996895,21302746,6033837528101439639089554921017,86660,154,180,180,0,True
1732996907,21302747,6041880369572743323317933821442,86687,155,180,180,0,True
1732996919,21302748,6041880369572743323317933821442,86687,155,180,180,0,True
1732996931,21302749,6055230059211996737255419936768,86731,156,180,180,0,True
1732996943,21302750,6055230059211996737255419936768,86731,156,180,180,0,True
1732996955,21302751,6055230059211996737255419936768,86731,156,180,180,0,True
1732996967,21302752,6055230059211996737255419936768,86731,156,180,180,0,True
1732996979,21302753,6055230059211996737255419936768,86731,156,180,180,0,True
1732996991,21302754,6055230059211996737255419936768,86731,156,180,180,0,True
1732997003,21302755,6055230059211996737255419936768,86731,156,180,180,0,True
1732997015,21302756,6055230059211996737255419936768,86731,156,180,180,0,True
1732997027,21302757,6055230059211996737255419936768,86731,156,180,180,0,True
1732997039,21302758,6055230059211996737255419936768,86731,156,180,180,0,True
1732997051,21302759,6055230059211996737255419936768,86731,156,180,180,0,True
1732997063,21302760,6055230059211996737255419936768,86731,156,180,180,0,True
1732997075,21302761,6055230059211996737255419936768,86731,156,180,180,0,True
1732997087,21302762,6055230059211996737255419936768,86731,156,180,180,0,True
1732997099,21302763,6055230059211996737255419936768,86731,156,180,180,0,True
1732997111,21302764,6055230059211996737255419936768,86731,156,180,180,0,True
1732997123,21302765,6055230059211996737255419936768,86731,156,180,180,0,True
1732997135,21302766,6057508146396899842427343003211,86738,157,180,180,0,True
1732997147,21302767,6050706057741516223017437999981,86716,158,180,180,0,True
1732997159,21302768,6050706057741516223017437999981,86716,158,180,180,0,True
1732997171,21302769,6037742438127357094471668533295,86673,159,180,180,0,True
1732997183,21302770,6037742438127357094471668533295,86673,159,180,180,0,True
1732997195,21302771,6037742438127357094471668533295,86673,159,180,180,0,True
1732997207,21302772,6037742438127357094471668533295,86673,159,180,180,0,True
1732997219,21302773,6037742438127357094471668533295,86673,159,180,180,0,True
1732997231,21302774,6031384730021559216383861489762,86652,160,180,180,0,True
1732997243,21302775,6031384730021559216383861489762,86652,160,180,180,0,True
1732997255,21302776,6031384730021559216383861489762,86652,160,180,180,0,True
1732997267,21302777,6031384730021559216383861489762,86652,160,180,180,0,True
1732997279,21302778,6031384730021559216383861489762,86652,160,180,180,0,True
1732997291,21302779,6031384730021559216383861489762,86652,160,180,180,0,True
1732997303,21302780,6015972577168689959520296506692,86601,161,180,180,0,True
1732997315,21302781,6009378971635755825911424829602,86579,162,180,180,0,True
1732997327,21302782,6009378971635755825911424829602,86579,162,180,180,0,True
1732997339,21302783,6009378971635755825911424829602,86579,162,180,180,0,True
1732997351,21302784,6003157263114528248523674660201,86558,163,180,180,0,True
1732997363,21302785,5995926162958790326360320157994,86534,164,180,180,0,True
1732997375,21302786,5995926162958790326360320157994,86534,164,180,180,0,True
1732997387,21302787,5995926162958790326360320157994,86534,164,180,180,0,True
1732997399,21302788,5995926162958790326360320157994,86534,164,180,180,0,True
1732997411,21302789,5995926162958790326360320157994,86534,164,180,180,0,True
1732997423,21302790,5995926162958790326360320157994,86534,164,180,180,0,True
1732997435,21302791,5995926162958790326360320157994,86534,164,180,180,0,True
1732997447,21302792,5995926162958790326360320157994,86534,164,180,180,0,True
1732997459,21302793,5995926162958790326360320157994,86534,164,180,180,0,True
1732997471,21302794,5995926162958790326360320157994,86534,164,180,180,0,True
1732997483,21302795,5995926162958790326360320157994,86534,164,180,180,0,True
1732997495,21302796,5995926162958790326360320157994,86534,164,180,180,0,True
1732997507,21302797,5995926162958790326360320157994,86534,164,180,180,0,True
1732997519,21302798,5995926162958790326360320157994,86534,164,180,180,0,True
1732997531,21302799,5995926162958790326360320157994,86534,164,180,180,0,True
1732997543,21302800,5995926162958790326360320157994,86534,164,180,180,0,True
1732997555,21302801,5995926162958790326360320157994,86534,164,180,180,0,True
1732997567,21302802,5995926162958790326360320157994,86534,164,180,180,0,True
1732997579,21302803,6033928161077561198339619236261,86660,165,180,180,0,True
1732997591,21302804,6040041696582462091631361586250,86681,166,180,180,0,True
1732997603,21302805,6040041696582462091631361586250,86681,166,180,180,0,True
1732997615,21302806,6040041696582462091631361586250,86681,166,180,180,0,True
1732997627,21302807,6040041696582462091631361586250,86681,166,180,180,0,True
1732997639,21302808,6040041696582462091631361586250,86681,166,180,180,0,True
1732997651,21302809,6040041696582462091631361586250,86681,166,180,180,0,True
1732997663,21302810,6040041696582462091631361586250,86681,166,180,180,0,True
1732997675,21302811,6028666346201846581119036559444,86643,167,180,180,0,True
1732997687,21302812,6028666346201846581119036559444,86643,167,180,180,0,True
1732997699,21302813,6028666346201846581119036559444,86643,167,180,180,0,True
1732997711,21302814,6028666346201846581119036559444,86643,167,180,180,0,True
1732997723,21302815,6028666346201846581119036559444,86643,167,180,180,0,True
1732997735,21302816,6028666346201846581119036559444,86643,167,180,180,0,True
1732997747,21302817,6028666346201846581119036559444,86643,167,180,180,0,True
1732997759,21302818,6028666346201846581119036559444,86643,167,180,180,0,True
1732997771,21302819,6028666346201846581119036559444,86643,167,180,180,0,True
1732997783,21302820,6028666346201846581119036559444,86643,167,180,180,0,True
1732997795,21302821,6028666346201846581119036559444,86643,167,180,180,0,True
1732997807,21302822,6028666346201846581119036559444,86643,167,180,180,0,True
1732997819,21302823,6028666346201846581119036559444,86643,167,180,180,0,True
1732997831,21302824,6028666346201846581119036559444,86643,167,180,180,0,True
1732997843,21302825,6028666346201846581119036559444,86643,167,180,180,0,True
1732997855,21302826,6028666346201846581119036559444,86643,167,180,180,0,True
1732997867,21302827,6028666346201846581119036559444,86643,167,180,180,0,True
1732997879,21302828,6028666346201846581119036559444,86643,167,180,180,0,True
1732997891,21302829,6028666346201846581119036559444,86643,167,180,180,0,True
1732997903,21302830,6028666346201846581119036559444,86643,167,180,180,0,True
1732997915,21302831,6028666346201846581119036559444,86643,167,180,180,0,True
1732997927,21302832,6019655147804020667682903019242,86613,168,180,180,0,True
1732997939,21302833,6019655147804020667682903019242,86613,168,180,180,0,True
1732997951,21302834,6019655147804020667682903019242,86613,168,180,180,0,True
1732997963,21302835,6019655147804020667682903019242,86613,168,180,180,0,True
1732997975,21302836,6012683794817244982305602106755,86590,169,180,180,0,True
1732997987,21302837,6012683794817244982305602106755,86590,169,180,180,0,True
1732997999,21302838,6012683794817244982305602106755,86590,169,180,180,0,True
1732998011,21302839,6001538801323563739350918983561,86553,170,180,180,0,True
1732998023,21302840,6001538801323563739350918983561,86553,170,180,180,0,True
1732998035,21302841,6001538801323563739350918983561,86553,170,180,180,0,True
1732998047,21302842,6001538801323563739350918983561,86553,170,180,180,0,True
1732998059,21302843,6001538801323563739350918983561,86553,170,180,180,0,True
1732998071,21302844,6001538801323563739350918983561,86553,170,180,180,0,True
1732998083,21302845,6001538801323563739350918983561,86553,170,180,180,0,True
1732998095,21302846,6001538801323563739350918983561,86553,170,180,180,0,True
1732998107,21302847,6001538801323563739350918983561,86553,170,180,180,0,True
1732998119,21302848,6012725360153679552538799606291,86590,171,180,180,0,True
1732998131,21302849,6012725360153679552538799606291,86590,171,180,180,0,True
1732998143,21302850,6012725360153679552538799606291,86590,171,180,180,0,True
1732998155,21302851,6012725360153679552538799606291,86590,171,180,180,0,True
1732998167,21302852,6012725360153679552538799606291,86590,171,180,180,0,True
1732998179,21302853,6012725360153679552538799606291,86590,171,180,180,0,True
1732998191,21302854,6012725360153679552538799606291,86590,171,180,180,0,True
1732998203,21302855,6012725360153679552538799606291,86590,171,180,180,0,True
1732998215,21302856,6012725360153679552538799606291,86590,171,180,180,0,True
1732998227,21302857,6012725360153679552538799606291,86590,171,180,180,0,True
1732998239,21302858,6012725360153679552538799606291,86590,171,180,180,0,True
1732998251,21302859,6012725360153679552538799606291,86590,171,180,180,0,True
1732998263,21302860,6012725360153679552538799606291,86590,171,180,180,0,True
1732998275,21302861,6012725360153679552538799606291,86590,171,180,180,0,True
1732998287,21302862,6012725360153679552538799606291,86590,171,180,180,0,True
1732998299,21302863,6012725360153679552538799606291,86590,171,180,180,0,True
1732998311,21302864,6022048864876733470898726982963,86621,172,180,180,0,True
1732998323,21302865,6022048864876733470898726982963,86621,172,180,180,0,True
1732998335,21302866,6022048864876733470898726982963,86621,172,180,180,0,True
1732998347,21302867,6022048864876733470898726982963,86621,172,180,180,0,True
1732998359,21302868,6022048864876733470898726982963,86621,172,180,180,0,True
1732998371,21302869,6028144125814520480956931756696,86641,173,180,180,0,True
1732998383,21302870,6028144125814520480956931756696,86641,173,180,180,0,True
1732998395,21302871,6028144125814520480956931756696,86641,173,180,180,0,True
1732998407,21302872,6028144125814520480956931756696,86641,173,180,180,0,True
1732998419,21302873,6028144125814520480956931756696,86641,173,180,180,0,True
1732998431,21302874,6028144125814520480956931756696,86641,173,180,180,0,True
1732998443,21302875,6028144125814520480956931756696,86641,173,180,180,0,True
1732998455,21302876,6028144125814520480956931756696,86641,173,180,180,0,True
1732998467,21302877,6028144125814520480956931756696,86641,173,180,180,0,True
1732998479,21302878,6028144125814520480956931756696,86641,173,180,180,0,True
1732998491,21302879,6028144125814520480956931756696,86641,173,180,180,0,True
1732998503,21302880,6028144125814520480956931756696,86641,173,180,180,0,True
1732998515,21302881,6028144125814520480956931756696,86641,173,180,180,0,True
1732998527,21302882,6028144125814520480956931756696,86641,173,180,180,0,True
1732998539,21302883,6028144125814520480956931756696,86641,173,180,180,0,True
1732998551,21302884,6017528648224027650604067430967,86606,174,180,180,0,True
1732998563,21302885,6001134256983571551735714699968,86551,175,180,180,0,True
1732998575,21302886,6001134256983571551735714699968,86551,175,180,180,0,True
1732998587,21302887,5983485609301180565366242830356,86492,176,180,180,0,True
1732998599,21302888,5985444326228803868760868602308,86499,177,180,180,0,True
1732998611,21302889,5985444326228803868760868602308,86499,177,180,180,0,True
1732998623,21302890,5985444326228803868760868602308,86499,177,180,180,0,True
1732998635,21302891,5985444326228803868760868602308,86499,177,180,180,0,True
1732998647,21302892,5985444326228803868760868602308,86499,177,180,180,0,True
1732998659,21302893,5985444326228803868760868602308,86499,177,180,180,0,True
1732998671,21302894,5985444326228803868760868602308,86499,177,180,180,0,True
1732998683,21302895,5985444326228803868760868602308,86499,177,180,180,0,True
1732998695,21302896,5985444326228803868760868602308,86499,177,180,180,0,True
1732998707,21302897,5985444326228803868760868602308,86499,177,180,180,0,True
1732998731,21302898,5985444326228803868760868602308,86499,177,180,180,0,True
1732998743,21302899,5985444326228803868760868602308,86499,177,180,180,0,True
1732998755,21302900,5985444326228803868760868602308,86499,177,180,180,0,True
1732998767,21302901,5985444326228803868760868602308,86499,177,180,180,0,True
1732998779,21302902,5985444326228803868760868602308,86499,177,180,180,0,True
1732998791,21302903,5985444326228803868760868602308,86499,177,180,180,0,True
1732998803,21302904,5985444326228803868760868602308,86499,177,180,180,0,True
1732998815,21302905,5985444326228803868760868602308,86499,177,180,180,0,True
1732998827,21302906,5985444326228803868760868602308,86499,177,180,180,0,True
1732998839,21302907,5985444326228803868760868602308,86499,177,180,180,0,True
1732998851,21302908,5985444326228803868760868602308,86499,177,180,180,0,True
1732998863,21302909,5985444326228803868760868602308,86499,177,180,180,0,True
1732998875,21302910,5985444326228803868760868602308,86499,177,180,180,0,True
1732998887,21302911,5985444326228803868760868602308,86499,177,180,180,0,True
1732998899,21302912,5985444326228803868760868602308,86499,177,180,180,0,True
1732998911,21302913,5985444326228803868760868602308,86499,177,180,180,0,True
1732998923,21302914,5993340252350589233329152340927,86525,178,180,180,0,True
1732998935,21302915,5993340252350589233329152340927,86525,178,180,180,0,True
1732998947,21302916,5993340252350589233329152340927,86525,178,180,180,0,True
1732998959,21302917,5993340252350589233329152340927,86525,178,180,180,0,True
1732998971,21302918,5993340252350589233329152340927,86525,178,180,180,0,True
1732998983,21302919,5993340252350589233329152340927,86525,178,180,180,0,True
1732998995,21302920,5987328125114458935946585299990,86505,179,180,180,0,True
1732999007,21302921,5973633769275306237066536288256,86459,0,180,180,0,True
1732999019,21302922,5958385134794868690950479962736,86408,1,180,180,0,True
1732999031,21302923,5958385134794868690950479962736,86408,1,180,180,0,True
1732999043,21302924,5958385134794868690950479962736,86408,1,180,180,0,True
1732999055,21302925,5958385134794868690950479962736,86408,1,180,180,0,True
1732999067,21302926,5958385134794868690950479962736,86408,1,180,180,0,True
1732999079,21302927,5958385134794868690950479962736,86408,1,180,180,0,True
1732999091,21302928,5958385134794868690950479962736,86408,1,180,180,0,True
1732999103,21302929,5950683348179519815917255000064,86382,2,180,180,0,True
1732999115,21302930,5950683348179519815917255000064,86382,2,180,180,0,True
1732999127,21302931,5950683348179519815917255000064,86382,2,180,180,0,True
1732999139,21302932,5950683348179519815917255000064,86382,2,180,180,0,True
1732999151,21302933,5950683348179519815917255000064,86382,2,180,180,0,True
1732999163,21302934,5950683348179519815917255000064,86382,2,180,180,0,True
1732999175,21302935,5950683348179519815917255000064,86382,2,180,180,0,True
1732999187,21302936,5950683348179519815917255000064,86382,2,180,180,0,True
1732999199,21302937,5950683348179519815917255000064,86382,2,180,180,0,True
1732999211,21302938,5950683348179519815917255000064,86382,2,180,180,0,True
1732999223,21302939,5943874210830836605853596427276,86360,3,180,180,0,True
1732999235,21302940,5934678494893264804578403164831,86329,4,180,180,0,True
1732999247,21302941,5934678494893264804578403164831,86329,4,180,180,0,True
1732999259,21302942,5934678494893264804578403164831,86329,4,180,180,0,True
1732999271,21302943,5923136414818469838925099995774,86290,5,180,180,0,True
1732999283,21302944,5904762035411632822880601733590,86227,6,180,180,0,True
1732999295,21302945,5904762035411632822880601733590,86227,6,180,180,0,True
1732999307,21302946,5904762035411632822880601733590,86227,6,180,180,0,True
1732999319,21302947,5905370016880823248366920236192,86230,7,180,180,0,True
1732999331,21302948,5905370016880823248366920236192,86230,7,180,180,0,True
1732999343,21302949,5913244864201734602063537434388,86256,8,180,180,0,True
1732999355,21302950,5907152880833607111115344411598,86236,9,180,180,0,True
1732999367,21302951,5907152880833607111115344411598,86236,9,180,180,0,True
1732999379,21302952,5914844382602357475969306174613,86262,10,180,180,0,True
1732999391,21302953,5914844382602357475969306174613,86262,10,180,180,0,True
1732999403,21302954,5921697799577654149234594642652,86285,11,180,180,0,True
1732999415,21302955,5921697799577654149234594642652,86285,11,180,180,0,True
1732999427,21302956,5921697799577654149234594642652,86285,11,180,180,0,True
1732999439,21302957,5921697799577654149234594642652,86285,11,180,180,0,True
1732999451,21302958,5921697799577654149234594642652,86285,11,180,180,0,True
1732999463,21302959,5921697799577654149234594642652,86285,11,180,180,0,True
1732999475,21302960,5921697799577654149234594642652,86285,11,180,180,0,True
1732999487,21302961,5921697799577654149234594642652,86285,11,180,180,0,True
1732999499,21302962,5921697799577654149234594642652,86285,11,180,180,0,True
1732999511,21302963,5921697799577654149234594642652,86285,11,180,180,0,True
1732999523,21302964,5921697799577654149234594642652,86285,11,180,180,0,True
1732999535,21302965,5921697799577654149234594642652,86285,11,180,180,0,True
1732999547,21302966,5921697799577654149234594642652,86285,11,180,180,0,True
1732999559,21302967,5921697799577654149234594642652,86285,11,180,180,0,True
1732999571,21302968,5918454693417286074029568181115,86274,12,180,180,0,True
1732999583,21302969,5918454693417286074029568181115,86274,12,180,180,0,True
1732999595,21302970,5918454693417286074029568181115,86274,12,180,180,0,True
1732999607,21302971,5918454693417286074029568181115,86274,12,180,180,0,True
1732999619,21302972,5918454693417286074029568181115,86274,12,180,180,0,True
1732999631,21302973,5918454693417286074029568181115,86274,12,180,180,0,True
1732999643,21302974,5918454693417286074029568181115,86274,12,180,180,0,True
1732999655,21302975,5918454693417286074029568181115,86274,12,180,180,0,True
1732999667,21302976,5917333344572659279121725616874,86270,13,180,180,0,True
1732999679,21302977,5917333344572659279121725616874,86270,13,180,180,0,True
1732999691,21302978,5917333344572659279121725616874,86270,13,180,180,0,True
1732999703,21302979,5917333344572659279121725616874,86270,13,180,180,0,True
1732999715,21302980,5917333344572659279121725616874,86270,13,180,180,0,True
1732999727,21302981,5927458866749155392514508979719,86304,14,180,180,0,True
1732999739,21302982,5927458866749155392514508979719,86304,14,180,180,0,True
1732999751,21302983,5927458866749155392514508979719,86304,14,180,180,0,True
1732999763,21302984,5927458866749155392514508979719,86304,14,180,180,0,True
1732999775,21302985,5927458866749155392514508979719,86304,14,180,180,0,True
1732999787,21302986,5927458866749155392514508979719,86304,14,180,180,0,True
1732999799,21302987,5927458866749155392514508979719,86304,14,180,180,0,True
1732999811,21302988,5927458866749155392514508979719,86304,14,180,180,0,True
1732999823,21302989,5927458866749155392514508979719,86304,14,180,180,0,True
1732999835,21302990,5927458866749155392514508979719,86304,14,180,180,0,True
1732999847,21302991,5927458866749155392514508979719,86304,14,180,180,0,True
1732999859,21302992,5927458866749155392514508979719,86304,14,180,180,0,True
1732999871,21302993,5927458866749155392514508979719,86304,14,180,180,0,True
1732999883,21302994,5927458866749155392514508979719,86304,14,180,180,0,True
1732999895,21302995,5927458866749155392514508979719,86304,14,180,180,0,True
1732999907,21302996,5927458866749155392514508979719,86304,14,180,180,0,True
1732999919,21302997,5927458866749155392514508979719,86304,14,180,180,0,True
1732999931,21302998,5927458866749155392514508979719,86304,14,180,180,0,True
1732999943,21302999,5927458866749155392514508979719,86304,14,180,180,0,True
1732999955,21303000,5927458866749155392514508979719,86304,14,180,180,0,True
1732999967,21303001,5927458866749155392514508979719,86304,14,180,180,0,True
1732999979,21303002,5927458866749155392514508979719,86304,14,180,180,0,True
1733000003,21303003,5927458866749155392514508979719,86304,14,180,180,0,True
1733000015,21303004,5927458866749155392514508979719,86304,14,180,180,0,True
1733000027,21303005,5927458866749155392514508979719,86304,14,180,180,0,True
1733000039,21303006,5927458866749155392514508979719,86304,14,180,180,0,True
1733000051,21303007,5927458866749155392514508979719,86304,14,180,180,0,True
1733000063,21303008,5927458866749155392514508979719,86304,14,180,180,0,True
1733000075,21303009,5927458866749155392514508979719,86304,14,180,180,0,True
1733000087,21303010,5927458866749155392514508979719,86304,14,180,180,0,True
1733000099,21303011,5927458866749155392514508979719,86304,14,180,180,0,True
1733000111,21303012,5927458866749155392514508979719,86304,14,180,180,0,True
1733000123,21303013,5927458866749155392514508979719,86304,14,180,180,0,True
1733000135,21303014,5920955902716843648963595223944,86282,15,180,180,0,True
1733000147,21303015,5920955902716843648963595223944,86282,15,180,180,0,True
1733000159,21303016,5920955902716843648963595223944,86282,15,180,180,0,True
1733000171,21303017,5920955902716843648963595223944,86282,15,180,180,0,True
1733000183,21303018,5920955902716843648963595223944,86282,15,180,180,0,True
1733000195,21303019,5908902735721387181725739848110,86241,16,180,180,0,True
1733000207,21303020,5908902735721387181725739848110,86241,16,180,180,0,True
1733000219,21303021,5908902735721387181725739848110,86241,16,180,180,0,True
1733000231,21303022,5908902735721387181725739848110,86241,16,180,180,0,True
1733000243,21303023,5898378031875872524937241352951,86206,17,180,180,0,True
1733000255,21303024,5900392416755942828980755495867,86213,18,180,180,0,True
1733000267,21303025,5900392416755942828980755495867,86213,18,180,180,0,True
1733000279,21303026,5900392416755942828980755495867,86213,18,180,180,0,True
1733000291,21303027,5900392416755942828980755495867,86213,18,180,180,0,True
1733000303,21303028,5900392416755942828980755495867,86213,18,180,180,0,True
1733000315,21303029,5900392416755942828980755495867,86213,18,180,180,0,True
1733000327,21303030,5900392416755942828980755495867,86213,18,180,180,0,True
1733000339,21303031,5900392416755942828980755495867,86213,18,180,180,0,True
1733000351,21303032,5900392416755942828980755495867,86213,18,180,180,0,True
1733000363,21303033,5900392416755942828980755495867,86213,18,180,180,0,True
1733000375,21303034,5900392416755942828980755495867,86213,18,180,180,0,True
1733000387,21303035,5907674620438269983332066578839,86237,19,180,180,0,True
1733000399,21303036,5907674620438269983332066578839,86237,19,180,180,0,True
1733000411,21303037,5907674620438269983332066578839,86237,19,180,180,0,True
1733000423,21303038,5907674620438269983332066578839,86237,19,180,180,0,True
1733000435,21303039,5907674620438269983332066578839,86237,19,180,180,0,True
1733000447,21303040,5907674620438269983332066578839,86237,19,180,180,0,True
1733000459,21303041,5921938328731854037024980531641,86286,20,180,180,0,True
1733000471,21303042,5929830783633936070591553756873,86312,21,180,180,0,True
1733000483,21303043,5929830783633936070591553756873,86312,21,180,180,0,True
1733000495,21303044,5929830783633936070591553756873,86312,21,180,180,0,True
1733000507,21303045,5929830783633936070591553756873,86312,21,180,180,0,True
1733000519,21303046,5929830783633936070591553756873,86312,21,180,180,0,True
1733000531,21303047,5945885332268763840019755056193,86366,22,180,180,0,True
1733000543,21303048,5945885332268763840019755056193,86366,22,180,180,0,True
1733000555,21303049,5945885332268763840019755056193,86366,22,180,180,0,True
1733000567,21303050,5945885332268763840019755056193,86366,22,180,180,0,True
1733000579,21303051,5945885332268763840019755056193,86366,22,180,180,0,True
1733000591,21303052,5945885332268763840019755056193,86366,22,180,180,0,True
1733000603,21303053,5945885332268763840019755056193,86366,22,180,180,0,True
1733000615,21303054,5945885332268763840019755056193,86366,22,180,180,0,True
1733000639,21303055,5945885332268763840019755056193,86366,22,180,180,0,True
1733000651,21303056,5945885332268763840019755056193,86366,22,180,180,0,True
1733000663,21303057,5945885332268763840019755056193,86366,22,180,180,0,True
1733000675,21303058,5945885332268763840019755056193,86366,22,180,180,0,True
1733000687,21303059,5945885332268763840019755056193,86366,22,180,180,0,True
1733000699,21303060,5945885332268763840019755056193,86366,22,180,180,0,True
1733000711,21303061,5945885332268763840019755056193,86366,22,180,180,0,True
1733000723,21303062,5945885332268763840019755056193,86366,22,180,180,0,True
1733000735,21303063,5945885332268763840019755056193,86366,22,180,180,0,True
1733000747,21303064,5945885332268763840019755056193,86366,22,180,180,0,True
1733000759,21303065,5945885332268763840019755056193,86366,22,180,180,0,True
1733000771,21303066,5945885332268763840019755056193,86366,22,180,180,0,True
1733000783,21303067,5945885332268763840019755056193,86366,22,180,180,0,True
1733000795,21303068,5945885332268763840019755056193,86366,22,180,180,0,True
1733000807,21303069,5945885332268763840019755056193,86366,22,180,180,0,True
1733000819,21303070,5945885332268763840019755056193,86366,22,180,180,0,True
1733000831,21303071,5945885332268763840019755056193,86366,22,180,180,0,True
1733000843,21303072,5945885332268763840019755056193,86366,22,180,180,0,True
1733000855,21303073,5945885332268763840019755056193,86366,22,180,180,0,True
1733000867,21303074,5945885332268763840019755056193,86366,22,180,180,0,True
1733000879,21303075,5945885332268763840019755056193,86366,22,180,180,0,True
1733000891,21303076,5933526727410936792765986702201,86325,23,180,180,0,True
1733000903,21303077,5933526727410936792765986702201,86325,23,180,180,0,True
1733000915,21303078,5933526727410936792765986702201,86325,23,180,180,0,True
1733000927,21303079,5933526727410936792765986702201,86325,23,180,180,0,True
1733000939,21303080,5933526727410936792765986702201,86325,23,180,180,0,True
1733000951,21303081,5933526727410936792765986702201,86325,23,180,180,0,True
1733000963,21303082,5933526727410936792765986702201,86325,23,180,180,0,True
1733000975,21303083,5933526727410936792765986702201,86325,23,180,180,0,True
1733000987,21303084,5933526727410936792765986702201,86325,23,180,180,0,True
1733000999,21303085,5933526727410936792765986702201,86325,23,180,180,0,True
1733001011,21303086,5933526727410936792765986702201,86325,23,180,180,0,True
1733001023,21303087,5927484308806393248601860537118,86304,24,180,180,0,True
1733001035,21303088,5927484308806393248601860537118,86304,24,180,180,0,True
1733001047,21303089,5927484308806393248601860537118,86304,24,180,180,0,True
1733001059,21303090,5927484308806393248601860537118,86304,24,180,180,0,True
1733001071,21303091,5927484308806393248601860537118,86304,24,180,180,0,True
1733001083,21303092,5927484308806393248601860537118,86304,24,180,180,0,True
1733001095,21303093,5927484308806393248601860537118,86304,24,180,180,0,True
1733001107,21303094,5927484308806393248601860537118,86304,24,180,180,0,True
1733001119,21303095,5927484308806393248601860537118,86304,24,180,180,0,True
1733001131,21303096,5927484308806393248601860537118,86304,24,180,180,0,True
1733001143,21303097,5927484308806393248601860537118,86304,24,180,180,0,True
1733001155,21303098,5927484308806393248601860537118,86304,24,180,180,0,True
1733001167,21303099,5927484308806393248601860537118,86304,24,180,180,0,True
1733001179,21303100,5927484308806393248601860537118,86304,24,180,180,0,True
1733001191,21303101,5927484308806393248601860537118,86304,24,180,180,0,True
1733001203,21303102,5927484308806393248601860537118,86304,24,180,180,0,True
1733001215,21303103,5927484308806393248601860537118,86304,24,180,180,0,True
1733001227,21303104,5927484308806393248601860537118,86304,24,180,180,0,True
1733001239,21303105,5927484308806393248601860537118,86304,24,180,180,0,True
1733001251,21303106,5927484308806393248601860537118,86304,24,180,180,0,True
1733001263,21303107,5927484308806393248601860537118,86304,24,180,180,0,True
1733001275,21303108,5927484308806393248601860537118,86304,24,180,180,0,True
1733001287,21303109,5927484308806393248601860537118,86304,24,180,180,0,True
1733001299,21303110,5927484308806393248601860537118,86304,24,180,180,0,True
1733001311,21303111,5927484308806393248601860537118,86304,24,180,180,0,True
1733001323,21303112,5927484308806393248601860537118,86304,24,180,180,0,True
1733001335,21303113,5927484308806393248601860537118,86304,24,180,180,0,True
1733001347,21303114,5927484308806393248601860537118,86304,24,180,180,0,True
1733001359,21303115,5927484308806393248601860537118,86304,24,180,180,0,True
1733001371,21303116,5927484308806393248601860537118,86304,24,180,180,0,True
1733001383,21303117,5927484308806393248601860537118,86304,24,180,180,0,True
1733001395,21303118,5927484308806393248601860537118,86304,24,180,180,0,True
1733001407,21303119,5922782563604821560235819587151,86288,25,180,180,0,True
1733001419,21303120,5930127296535844423909338564967,86313,26,180,180,0,True
1733001431,21303121,5936011464133128000425299675877,86333,27,180,180,0,True
1733001443,21303122,5936011464133128000425299675877,86333,27,180,180,0,True
1733001455,21303123,5936011464133128000425299675877,86333,27,180,180,0,True
1733001467,21303124,5936011464133128000425299675877,86333,27,180,180,0,True
1733001479,21303125,5936011464133128000425299675877,86333,27,180,180,0,True
1733001491,21303126,5936011464133128000425299675877,86333,27,180,180,0,True
1733001503,21303127,5936011464133128000425299675877,86333,27,180,180,0,True
1733001515,21303128,5936011464133128000425299675877,86333,27,180,180,0,True
1733001527,21303129,5936011464133128000425299675877,86333,27,180,180,0,True
1733001539,21303130,5936011464133128000425299675877,86333,27,180,180,0,True
1733001551,21303131,5923624069005305413468724611232,86291,28,180,180,0,True
1733001563,21303132,5923624069005305413468724611232,86291,28,180,180,0,True
1733001575,21303133,5923624069005305413468724611232,86291,28,180,180,0,True
1733001587,21303134,5923624069005305413468724611232,86291,28,180,180,0,True
1733001599,21303135,5923624069005305413468724611232,86291,28,180,180,0,True
1733001611,21303136,5923624069005305413468724611232,86291,28,180,180,0,True
1733001623,21303137,5916278228944835019510789041175,86266,29,180,180,0,True
1733001635,21303138,5905692682682700196502461400917,86231,30,180,180,0,True
1733001647,21303139,5911175125755432055807233529920,86249,31,180,180,0,True
1733001659,21303140,5911175125755432055807233529920,86249,31,180,180,0,True
1733001671,21303141,5911175125755432055807233529920,86249,31,180,180,0,True
1733001683,21303142,5911175125755432055807233529920,86249,31,180,180,0,True
1733001695,21303143,5911175125755432055807233529920,86249,31,180,180,0,True
1733001707,21303144,5911175125755432055807233529920,86249,31,180,180,0,True
1733001719,21303145,5911175125755432055807233529920,86249,31,180,180,0,True
1733001731,21303146,5911175125755432055807233529920,86249,31,180,180,0,True
1733001743,21303147,5911175125755432055807233529920,86249,31,180,180,0,True
1733001755,21303148,5911175125755432055807233529920,86249,31,180,180,0,True
1733001767,21303149,5911175125755432055807233529920,86249,31,180,180,0,True
1733001779,21303150,5911175125755432055807233529920,86249,31,180,180,0,True
1733001791,21303151,5911175125755432055807233529920,86249,31,180,180,0,True
1733001803,21303152,5911175125755432055807233529920,86249,31,180,180,0,True
1733001815,21303153,5911175125755432055807233529920,86249,31,180,180,0,True
1733001827,21303154,5924164525699986474409255736880,86293,32,180,180,0,True
1733001839,21303155,5924164525699986474409255736880,86293,32,180,180,0,True
1733001851,21303156,5924164525699986474409255736880,86293,32,180,180,0,True
1733001863,21303157,5924164525699986474409255736880,86293,32,180,180,0,True
1733001875,21303158,5924164525699986474409255736880,86293,32,180,180,0,True
1733001887,21303159,5924164525699986474409255736880,86293,32,180,180,0,True
1733001899,21303160,5924164525699986474409255736880,86293,32,180,180,0,True
1733001911,21303161,5924164525699986474409255736880,86293,32,180,180,0,True
1733001923,21303162,5924164525699986474409255736880,86293,32,180,180,0,True
1733001935,21303163,5924164525699986474409255736880,86293,32,180,180,0,True
1733001947,21303164,5924164525699986474409255736880,86293,32,180,180,0,True
1733001959,21303165,5924164525699986474409255736880,86293,32,180,180,0,True
1733001971,21303166,5924164525699986474409255736880,86293,32,180,180,0,True
1733001983,21303167,5924164525699986474409255736880,86293,32,180,180,0,True
1733001995,21303168,5930596349151258935479599319479,86315,33,180,180,0,True
1733002007,21303169,5930596349151258935479599319479,86315,33,180,180,0,True
1733002019,21303170,5930596349151258935479599319479,86315,33,180,180,0,True
1733002031,21303171,5930596349151258935479599319479,86315,33,180,180,0,True
1733002043,21303172,5721457563489342520828044381432,85597,34,180,180,0,True
1733002055,21303173,5876544113505303727659062901082,86132,35,180,180,0,True
1733002067,21303174,5887892879776908428417311467828,86170,36,180,180,0,True
1733002079,21303175,5919096704834746183375760964911,86276,37,180,180,0,True
1733002091,21303176,5925801562512738419027200422548,86299,38,180,180,0,True
1733002103,21303177,5925801562512738419027200422548,86299,38,180,180,0,True
1733002115,21303178,5927059955789645422902561728777,86303,39,180,180,0,True
1733002127,21303179,5927059955789645422902561728777,86303,39,180,180,0,True
1733002139,21303180,5927059955789645422902561728777,86303,39,180,180,0,True
1733002151,21303181,5927059955789645422902561728777,86303,39,180,180,0,True
1733002163,21303182,5927059955789645422902561728777,86303,39,180,180,0,True
1733002175,21303183,5927059955789645422902561728777,86303,39,180,180,0,True
1733002187,21303184,5927059955789645422902561728777,86303,39,180,180,0,True
1733002199,21303185,5927059955789645422902561728777,86303,39,180,180,0,True
1733002211,21303186,5927059955789645422902561728777,86303,39,180,180,0,True
1733002223,21303187,5927059955789645422902561728777,86303,39,180,180,0,True
1733002235,21303188,5927059955789645422902561728777,86303,39,180,180,0,True
1733002247,21303189,5927059955789645422902561728777,86303,39,180,180,0,True
1733002259,21303190,5927059955789645422902561728777,86303,39,180,180,0,True
1733002271,21303191,5927059955789645422902561728777,86303,39,180,180,0,True
1733002283,21303192,5927059955789645422902561728777,86303,39,180,180,0,True
1733002295,21303193,5927059955789645422902561728777,86303,39,180,180,0,True
1733002307,21303194,5927059955789645422902561728777,86303,39,180,180,0,True
1733002319,21303195,5919282355261562039571618990210,86277,40,180,180,0,True
1733002331,21303196,5919282355261562039571618990210,86277,40,180,180,0,True
1733002343,21303197,5919282355261562039571618990210,86277,40,180,180,0,True
1733002355,21303198,5916859460202532208710579798555,86268,41,180,180,0,True
1733002367,21303199,5916859460202532208710579798555,86268,41,180,180,0,True
1733002379,21303200,5916859460202532208710579798555,86268,41,180,180,0,True
1733002391,21303201,5916859460202532208710579798555,86268,41,180,180,0,True
1733002403,21303202,5916859460202532208710579798555,86268,41,180,180,0,True
1733002415,21303203,5916859460202532208710579798555,86268,41,180,180,0,True
1733002427,21303204,5917573394734435163762570311945,86271,42,180,180,0,True
1733002439,21303205,5917573394734435163762570311945,86271,42,180,180,0,True
1733002451,21303206,5917573394734435163762570311945,86271,42,180,180,0,True
1733002463,21303207,5917573394734435163762570311945,86271,42,180,180,0,True
1733002475,21303208,5917573394734435163762570311945,86271,42,180,180,0,True
1733002487,21303209,5917573394734435163762570311945,86271,42,180,180,0,True
1733002499,21303210,5917573394734435163762570311945,86271,42,180,180,0,True
1733002511,21303211,5917573394734435163762570311945,86271,42,180,180,0,True
1733002523,21303212,5917573394734435163762570311945,86271,42,180,180,0,True
1733002535,21303213,5917573394734435163762570311945,86271,42,180,180,0,True
1733002547,21303214,5917573394734435163762570311945,86271,42,180,180,0,True
1733002559,21303215,5917573394734435163762570311945,86271,42,180,180,0,True
1733002571,21303216,5917573394734435163762570311945,86271,42,180,180,0,True
1733002583,21303217,5917573394734435163762570311945,86271,42,180,180,0,True
1733002595,21303218,5917573394734435163762570311945,86271,42,180,180,0,True
1733002607,21303219,5917573394734435163762570311945,86271,42,180,180,0,True
1733002619,21303220,5917573394734435163762570311945,86271,42,180,180,0,True
1733002631,21303221,5917573394734435163762570311945,86271,42,180,180,0,True
1733002643,21303222,5917573394734435163762570311945,86271,42,180,180,0,True
1733002655,21303223,5917573394734435163762570311945,86271,42,180,180,0,True
1733002667,21303224,5917573394734435163762570311945,86271,42,180,180,0,True
1733002679,21303225,5917573394734435163762570311945,86271,42,180,180,0,True
1733002691,21303226,5903244929787796403170290180148,86222,43,180,180,0,True
1733002703,21303227,5903244929787796403170290180148,86222,43,180,180,0,True
1733002715,21303228,5903244929787796403170290180148,86222,43,180,180,0,True
1733002727,21303229,5903244929787796403170290180148,86222,43,180,180,0,True
1733002739,21303230,5893732224405875348692942302920,86190,44,180,180,0,True
1733002751,21303231,5893732224405875348692942302920,86190,44,180,180,0,True
1733002763,21303232,5881147389367645496780239566709,86147,45,180,180,0,True
1733002775,21303233,5881147389367645496780239566709,86147,45,180,180,0,True
1733002787,21303234,5881147389367645496780239566709,86147,45,180,180,0,True
1733002799,21303235,5881147389367645496780239566709,86147,45,180,180,0,True
1733002811,21303236,5881147389367645496780239566709,86147,45,180,180,0,True
1733002823,21303237,5881147389367645496780239566709,86147,45,180,180,0,True
1733002835,21303238,5873736671144935263789347823246,86122,46,180,180,0,True
1733002847,21303239,5873736671144935263789347823246,86122,46,180,180,0,True
1733002859,21303240,5868844976398698724580282748471,86105,47,180,180,0,True
1733002871,21303241,5868844976398698724580282748471,86105,47,180,180,0,True
1733002883,21303242,5868844976398698724580282748471,86105,47,180,180,0,True
1733002895,21303243,5862801183499774891836983782766,86085,48,180,180,0,True
1733002907,21303244,5862801183499774891836983782766,86085,48,180,180,0,True
1733002919,21303245,5856713901105230145983561973063,86064,49,180,180,0,True
1733002931,21303246,5856713901105230145983561973063,86064,49,180,180,0,True
1733002943,21303247,5856713901105230145983561973063,86064,49,180,180,0,True
1733002955,21303248,5856713901105230145983561973063,86064,49,180,180,0,True
1733002967,21303249,5856713901105230145983561973063,86064,49,180,180,0,True
1733002979,21303250,5856713901105230145983561973063,86064,49,180,180,0,True
1733002991,21303251,5856713901105230145983561973063,86064,49,180,180,0,True
1733003003,21303252,5856713901105230145983561973063,86064,49,180,180,0,True
1733003015,21303253,5857161852896776829906202414955,86066,50,180,180,0,True
1733003027,21303254,5857161852896776829906202414955,86066,50,180,180,0,True
1733003039,21303255,5857161852896776829906202414955,86066,50,180,180,0,True
1733003051,21303256,5851314344339062665221612626620,86046,51,180,180,0,True
1733003063,21303257,5851314344339062665221612626620,86046,51,180,180,0,True
1733003075,21303258,5851314344339062665221612626620,86046,51,180,180,0,True
1733003087,21303259,5851314344339062665221612626620,86046,51,180,180,0,True
1733003099,21303260,5851314344339062665221612626620,86046,51,180,180,0,True
1733003111,21303261,5851314344339062665221612626620,86046,51,180,180,0,True
1733003123,21303262,5851314344339062665221612626620,86046,51,180,180,0,True
1733003135,21303263,5851314344339062665221612626620,86046,51,180,180,0,True
1733003147,21303264,5851314344339062665221612626620,86046,51,180,180,0,True
1733003159,21303265,5851314344339062665221612626620,86046,51,180,180,0,True
1733003171,21303266,5851314344339062665221612626620,86046,51,180,180,0,True
1733003183,21303267,5851314344339062665221612626620,86046,51,180,180,0,True
1733003195,21303268,5851314344339062665221612626620,86046,51,180,180,0,True
1733003207,21303269,5851314344339062665221612626620,86046,51,180,180,0,True
1733003219,21303270,5851314344339062665221612626620,86046,51,180,180,0,True
1733003231,21303271,5851314344339062665221612626620,86046,51,180,180,0,True
1733003243,21303272,5851314344339062665221612626620,86046,51,180,180,0,True
1733003255,21303273,5857217254969543389258447106954,86066,52,180,180,0,True
1733003267,21303274,5857217254969543389258447106954,86066,52,180,180,0,True
1733003279,21303275,5857217254969543389258447106954,86066,52,180,180,0,True
1733003291,21303276,5857217254969543389258447106954,86066,52,180,180,0,True
1733003303,21303277,5857217254969543389258447106954,86066,52,180,180,0,True
1733003315,21303278,5857217254969543389258447106954,86066,52,180,180,0,True
1733003327,21303279,5857217254969543389258447106954,86066,52,180,180,0,True
1733003339,21303280,5857217254969543389258447106954,86066,52,180,180,0,True
1733003351,21303281,5857217254969543389258447106954,86066,52,180,180,0,True
1733003363,21303282,5863316557962071737360153975677,86087,53,180,180,0,True
1733003375,21303283,5863316557962071737360153975677,86087,53,180,180,0,True
1733003387,21303284,5863316557962071737360153975677,86087,53,180,180,0,True
1733003399,21303285,5863316557962071737360153975677,86087,53,180,180,0,True
1733003411,21303286,5857833255800183922338587724704,86068,54,180,180,0,True
1733003423,21303287,5863960828699854633138603284623,86089,55,180,180,0,True
1733003435,21303288,5863960828699854633138603284623,86089,55,180,180,0,True
1733003447,21303289,5869697703361734542889117767160,86108,56,180,180,0,True
1733003459,21303290,5869697703361734542889117767160,86108,56,180,180,0,True
1733003471,21303291,5869697703361734542889117767160,86108,56,180,180,0,True
1733003483,21303292,5869697703361734542889117767160,86108,56,180,180,0,True
1733003495,21303293,5876692658550818503847590233632,86132,57,180,180,0,True
1733003507,21303294,5876692658550818503847590233632,86132,57,180,180,0,True
1733003519,21303295,5876692658550818503847590233632,86132,57,180,180,0,True
1733003531,21303296,5874484296892582606413456446557,86125,58,180,180,0,True
1733003543,21303297,5874484296892582606413456446557,86125,58,180,180,0,True
1733003555,21303298,5874484296892582606413456446557,86125,58,180,180,0,True
1733003567,21303299,5874484296892582606413456446557,86125,58,180,180,0,True
1733003579,21303300,5874484296892582606413456446557,86125,58,180,180,0,True
1733003591,21303301,5874484296892582606413456446557,86125,58,180,180,0,True
1733003603,21303302,5883597951874848482223978111251,86156,59,180,180,0,True
1733003615,21303303,5894255338040932715544861775836,86192,60,180,180,0,True
1733003627,21303304,5894255338040932715544861775836,86192,60,180,180,0,True
1733003639,21303305,5894255338040932715544861775836,86192,60,180,180,0,True
1733003651,21303306,5894255338040932715544861775836,86192,60,180,180,0,True
1733003663,21303307,5894255338040932715544861775836,86192,60,180,180,0,True
1733003675,21303308,5894255338040932715544861775836,86192,60,180,180,0,True
1733003687,21303309,5894255338040932715544861775836,86192,60,180,180,0,True
1733003699,21303310,5894255338040932715544861775836,86192,60,180,180,0,True
1733003711,21303311,5894255338040932715544861775836,86192,60,180,180,0,True
1733003723,21303312,5894255338040932715544861775836,86192,60,180,180,0,True
1733003735,21303313,5894255338040932715544861775836,86192,60,180,180,0,True
1733003747,21303314,5894255338040932715544861775836,86192,60,180,180,0,True
1733003759,21303315,5894255338040932715544861775836,86192,60,180,180,0,True
1733003771,21303316,5894255338040932715544861775836,86192,60,180,180,0,True
1733003783,21303317,5900037740702035194294772073868,86211,61,180,180,0,True
1733003795,21303318,5900037740702035194294772073868,86211,61,180,180,0,True
1733003807,21303319,5900037740702035194294772073868,86211,61,180,180,0,True
1733003819,21303320,5900037740702035194294772073868,86211,61,180,180,0,True
1733003831,21303321,5900037740702035194294772073868,86211,61,180,180,0,True
1733003843,21303322,5900037740702035194294772073868,86211,61,180,180,0,True
1733003855,21303323,5900037740702035194294772073868,86211,61,180,180,0,True
1733003867,21303324,5900037740702035194294772073868,86211,61,180,180,0,True
1733003879,21303325,5900037740702035194294772073868,86211,61,180,180,0,True
1733003891,21303326,5900037740702035194294772073868,86211,61,180,180,0,True
1733003903,21303327,5900037740702035194294772073868,86211,61,180,180,0,True
1733003915,21303328,5893541616827592025254631570050,86189,62,180,180,0,True
1733003927,21303329,5893541616827592025254631570050,86189,62,180,180,0,True
1733003939,21303330,5893541616827592025254631570050,86189,62,180,180,0,True
1733003951,21303331,5893541616827592025254631570050,86189,62,180,180,0,True
1733003963,21303332,5893541616827592025254631570050,86189,62,180,180,0,True
1733003975,21303333,5893541616827592025254631570050,86189,62,180,180,0,True
1733003987,21303334,5893541616827592025254631570050,86189,62,180,180,0,True
1733003999,21303335,5893541616827592025254631570050,86189,62,180,180,0,True
1733004011,21303336,5887770095239161523783608451516,86170,63,180,180,0,True
1733004023,21303337,5887770095239161523783608451516,86170,63,180,180,0,True
1733004035,21303338,5887770095239161523783608451516,86170,63,180,180,0,True
1733004047,21303339,5880581252394199132824947739769,86145,64,180,180,0,True
1733004059,21303340,5880581252394199132824947739769,86145,64,180,180,0,True
1733004071,21303341,5874838628588723996569427339589,86126,65,180,180,0,True
1733004083,21303342,5874838628588723996569427339589,86126,65,180,180,0,True
1733004095,21303343,5874838628588723996569427339589,86126,65,180,180,0,True
1733004107,21303344,5874838628588723996569427339589,86126,65,180,180,0,True
1733004119,21303345,5874838628588723996569427339589,86126,65,180,180,0,True
1733004131,21303346,5874838628588723996569427339589,86126,65,180,180,0,True
1733004143,21303347,5874838628588723996569427339589,86126,65,180,180,0,True
1733004155,21303348,5874838628588723996569427339589,86126,65,180,180,0,True
1733004167,21303349,5874838628588723996569427339589,86126,65,180,180,0,True
1733004179,21303350,5874838628588723996569427339589,86126,65,180,180,0,True
1733004191,21303351,5874838628588723996569427339589,86126,65,180,180,0,True
1733004203,21303352,5874838628588723996569427339589,86126,65,180,180,0,True
1733004215,21303353,5874838628588723996569427339589,86126,65,180,180,0,True
1733004227,21303354,5868333831339944993833469577615,86104,66,180,180,0,True
1733004239,21303355,5868333831339944993833469577615,86104,66,180,180,0,True
1733004251,21303356,5868333831339944993833469577615,86104,66,180,180,0,True
1733004263,21303357,5868333831339944993833469577615,86104,66,180,180,0,True
1733004275,21303358,5868333831339944993833469577615,86104,66,180,180,0,True
1733004287,21303359,5868333831339944993833469577615,86104,66,180,180,0,True
1733004299,21303360,5868333831339944993833469577615,86104,66,180,180,0,True
1733004311,21303361,5868333831339944993833469577615,86104,66,180,180,0,True
1733004323,21303362,5868333831339944993833469577615,86104,66,180,180,0,True
1733004335,21303363,5868333831339944993833469577615,86104,66,180,180,0,True
1733004347,21303364,5868333831339944993833469577615,86104,66,180,180,0,True
1733004359,21303365,5868333831339944993833469577615,86104,66,180,180,0,True
1733004371,21303366,5868333831339944993833469577615,86104,66,180,180,0,True
1733004383,21303367,5868333831339944993833469577615,86104,66,180,180,0,True
1733004395,21303368,5868333831339944993833469577615,86104,66,180,180,0,True
1733004407,21303369,5868333831339944993833469577615,86104,66,180,180,0,True
1733004419,21303370,5868333831339944993833469577615,86104,66,180,180,0,True
1733004431,21303371,5853667069871570877022860220775,86054,67,180,180,0,True
1733004443,21303372,5853667069871570877022860220775,86054,67,180,180,0,True
1733004455,21303373,5846260794270671881806847583908,86028,68,180,180,0,True
1733004467,21303374,5846260794270671881806847583908,86028,68,180,180,0,True
1733004479,21303375,5846260794270671881806847583908,86028,68,180,180,0,True
1733004491,21303376,5846260794270671881806847583908,86028,68,180,180,0,True
1733004503,21303377,5846260794270671881806847583908,86028,68,180,180,0,True
1733004515,21303378,5846260794270671881806847583908,86028,68,180,180,0,True
1733004527,21303379,5846260794270671881806847583908,86028,68,180,180,0,True
1733004539,21303380,5846260794270671881806847583908,86028,68,180,180,0,True
1733004551,21303381,5846260794270671881806847583908,86028,68,180,180,0,True
1733004563,21303382,5846260794270671881806847583908,86028,68,180,180,0,True
1733004575,21303383,5856853031806619686790758260491,86065,69,180,180,0,True
1733004587,21303384,5856853031806619686790758260491,86065,69,180,180,0,True
1733004599,21303385,5863858567449777757957961714534,86088,70,180,180,0,True
1733004611,21303386,5863858567449777757957961714534,86088,70,180,180,0,True
1733004623,21303387,5863858567449777757957961714534,86088,70,180,180,0,True
1733004635,21303388,5863858567449777757957961714534,86088,70,180,180,0,True
1733004647,21303389,5863858567449777757957961714534,86088,70,180,180,0,True
1733004659,21303390,5863858567449777757957961714534,86088,70,180,180,0,True
1733004671,21303391,5863858567449777757957961714534,86088,70,180,180,0,True
1733004683,21303392,5863858567449777757957961714534,86088,70,180,180,0,True
1733004695,21303393,5863858567449777757957961714534,86088,70,180,180,0,True
1733004707,21303394,5863858567449777757957961714534,86088,70,180,180,0,True
1733004719,21303395,5863858567449777757957961714534,86088,70,180,180,0,True
1733004731,21303396,5863858567449777757957961714534,86088,70,180,180,0,True
1733004743,21303397,5863858567449777757957961714534,86088,70,180,180,0,True
1733004755,21303398,5863858567449777757957961714534,86088,70,180,180,0,True
1733004767,21303399,5863858567449777757957961714534,86088,70,180,180,0,True
1733004779,21303400,5863858567449777757957961714534,86088,70,180,180,0,True
1733004791,21303401,5873021713904648322190223699949,86120,71,180,180,0,True
1733004803,21303402,5873021713904648322190223699949,86120,71,180,180,0,True
1733004815,21303403,5883921279681137182640118431744,86157,72,180,180,0,True
1733004827,21303404,5883921279681137182640118431744,86157,72,180,180,0,True
1733004839,21303405,5883921279681137182640118431744,86157,72,180,180,0,True
1733004851,21303406,5883921279681137182640118431744,86157,72,180,180,0,True
1733004863,21303407,5883921279681137182640118431744,86157,72,180,180,0,True
1733004875,21303408,5883921279681137182640118431744,86157,72,180,180,0,True
1733004899,21303409,5883921279681137182640118431744,86157,72,180,180,0,True
1733004911,21303410,5883921279681137182640118431744,86157,72,180,180,0,True
1733004923,21303411,5883921279681137182640118431744,86157,72,180,180,0,True
1733004935,21303412,5883921279681137182640118431744,86157,72,180,180,0,True
1733004947,21303413,5883921279681137182640118431744,86157,72,180,180,0,True
1733004959,21303414,5883921279681137182640118431744,86157,72,180,180,0,True
1733004971,21303415,5883921279681137182640118431744,86157,72,180,180,0,True
1733004983,21303416,5883921279681137182640118431744,86157,72,180,180,0,True
1733004995,21303417,5883921279681137182640118431744,86157,72,180,180,0,True
1733005007,21303418,5883921279681137182640118431744,86157,72,180,180,0,True
1733005019,21303419,5883921279681137182640118431744,86157,72,180,180,0,True
1733005031,21303420,5883921279681137182640118431744,86157,72,180,180,0,True
1733005043,21303421,5867692893670287897268005722309,86102,73,180,180,0,True
1733005055,21303422,5867692893670287897268005722309,86102,73,180,180,0,True
1733005067,21303423,5867692893670287897268005722309,86102,73,180,180,0,True
1733005079,21303424,5867692893670287897268005722309,86102,73,180,180,0,True
1733005091,21303425,5867692893670287897268005722309,86102,73,180,180,0,True
1733005103,21303426,5867692893670287897268005722309,86102,73,180,180,0,True
1733005115,21303427,5867692893670287897268005722309,86102,73,180,180,0,True
1733005127,21303428,5867692893670287897268005722309,86102,73,180,180,0,True
1733005139,21303429,5867692893670287897268005722309,86102,73,180,180,0,True
1733005151,21303430,5867692893670287897268005722309,86102,73,180,180,0,True
1733005163,21303431,5867692893670287897268005722309,86102,73,180,180,0,True
1733005175,21303432,5867692893670287897268005722309,86102,73,180,180,0,True
1733005187,21303433,5867692893670287897268005722309,86102,73,180,180,0,True
1733005199,21303434,5867692893670287897268005722309,86102,73,180,180,0,True
1733005211,21303435,5867692893670287897268005722309,86102,73,180,180,0,True
1733005223,21303436,5867692893670287897268005722309,86102,73,180,180,0,True
1733005235,21303437,5867692893670287897268005722309,86102,73,180,180,0,True
1733005247,21303438,5867692893670287897268005722309,86102,73,180,180,0,True
1733005259,21303439,5867692893670287897268005722309,86102,73,180,180,0,True
1733005271,21303440,5867692893670287897268005722309,86102,73,180,180,0,True
1733005283,21303441,5867692893670287897268005722309,86102,73,180,180,0,True
1733005295,21303442,5858651269064378494770417014166,86071,74,180,180,0,True
1733005307,21303443,5858651269064378494770417014166,86071,74,180,180,0,True
1733005319,21303444,5858651269064378494770417014166,86071,74,180,180,0,True
1733005331,21303445,5848929330256877992070955894978,86037,75,180,180,0,True
1733005343,21303446,5848361201066076752629527696213,86036,76,180,180,0,True
1733005355,21303447,5848361201066076752629527696213,86036,76,180,180,0,True
1733005367,21303448,5848361201066076752629527696213,86036,76,180,180,0,True
1733005379,21303449,5848361201066076752629527696213,86036,76,180,180,0,True
1733005391,21303450,5848361201066076752629527696213,86036,76,180,180,0,True
1733005403,21303451,5848361201066076752629527696213,86036,76,180,180,0,True
1733005415,21303452,5848602419736079063627022297623,86036,76,180,180,0,True
1733005427,21303453,5848602419736079063627022297623,86036,76,180,180,0,True
1733005439,21303454,5848602419736079063627022297623,86036,76,180,180,0,True
1733005451,21303455,5848602419736079063627022297623,86036,76,180,180,0,True
1733005463,21303456,5848602419736079063627022297623,86036,76,180,180,0,True
1733005475,21303457,5848602419736079063627022297623,86036,76,180,180,0,True
1733005487,21303458,5848602419736079063627022297623,86036,76,180,180,0,True
1733005499,21303459,5848602419736079063627022297623,86036,76,180,180,0,True
1733005511,21303460,5848602419736079063627022297623,86036,76,180,180,0,True
1733005523,21303461,5848602419736079063627022297623,86036,76,180,180,0,True
1733005535,21303462,5848602419736079063627022297623,86036,76,180,180,0,True
1733005547,21303463,5848602419736079063627022297623,86036,76,180,180,0,True
1733005559,21303464,5848602419736079063627022297623,86036,76,180,180,0,True
1733005571,21303465,5850671966318452704158440744910,86043,77,180,180,0,True
1733005583,21303466,5850671966318452704158440744910,86043,77,180,180,0,True
1733005595,21303467,5850671966318452704158440744910,86043,77,180,180,0,True
1733005607,21303468,5850671966318452704158440744910,86043,77,180,180,0,True
1733005619,21303469,5850671966318452704158440744910,86043,77,180,180,0,True
1733005631,21303470,5850671966318452704158440744910,86043,77,180,180,0,True
1733005643,21303471,5850671966318452704158440744910,86043,77,180,180,0,True
1733005655,21303472,5850671966318452704158440744910,86043,77,180,180,0,True
1733005667,21303473,5850671966318452704158440744910,86043,77,180,180,0,True
1733005679,21303474,5850671966318452704158440744910,86043,77,180,180,0,True
1733005691,21303475,5850671966318452704158440744910,86043,77,180,180,0,True
1733005703,21303476,5850671966318452704158440744910,86043,77,180,180,0,True
1733005715,21303477,5850671966318452704158440744910,86043,77,180,180,0,True
1733005727,21303478,5850671966318452704158440744910,86043,77,180,180,0,True
1733005739,21303479,5850671966318452704158440744910,86043,77,180,180,0,True
1733005751,21303480,5850671966318452704158440744910,86043,77,180,180,0,True
1733005763,21303481,5850671966318452704158440744910,86043,77,180,180,0,True
1733005775,21303482,5850671966318452704158440744910,86043,77,180,180,0,True
1733005787,21303483,5850671966318452704158440744910,86043,77,180,180,0,True
1733005799,21303484,5850671966318452704158440744910,86043,77,180,180,0,True
1733005811,21303485,5850671966318452704158440744910,86043,77,180,180,0,True
1733005823,21303486,5850671966318452704158440744910,86043,77,180,180,0,True
1733005835,21303487,5850671966318452704158440744910,86043,77,180,180,0,True
1733005847,21303488,5850671966318452704158440744910,86043,77,180,180,0,True
1733005859,21303489,5850671966318452704158440744910,86043,77,180,180,0,True
1733005871,21303490,5850671966318452704158440744910,86043,77,180,180,0,True
1733005883,21303491,5850671966318452704158440744910,86043,77,180,180,0,True
1733005895,21303492,5842425824677852245150382622134,86015,78,180,180,0,True
1733005907,21303493,5836956994484176998929935311430,85996,79,180,180,0,True
1733005919,21303494,5836956994484176998929935311430,85996,79,180,180,0,True
1733005931,21303495,5826370293029683650645081456640,85960,80,180,180,0,True
1733005943,21303496,5820031988106518052163987379144,85938,81,180,180,0,True
1733005955,21303497,5820031988106518052163987379144,85938,81,180,180,0,True
1733005967,21303498,5820031988106518052163987379144,85938,81,180,180,0,True
1733005979,21303499,5820031988106518052163987379144,85938,81,180,180,0,True
1733005991,21303500,5820031988106518052163987379144,85938,81,180,180,0,True
1733006003,21303501,5820031988106518052163987379144,85938,81,180,180,0,True
1733006015,21303502,5820031988106518052163987379144,85938,81,180,180,0,True
1733006027,21303503,5825903950360733802406314043868,85959,82,180,180,0,True
1733006039,21303504,5832775340976781586737257274936,85982,83,180,180,0,True
1733006051,21303505,5832775340976781586737257274936,85982,83,180,180,0,True
1733006063,21303506,5832775340976781586737257274936,85982,83,180,180,0,True
1733006075,21303507,5832775340976781586737257274936,85982,83,180,180,0,True
1733006087,21303508,5832775340976781586737257274936,85982,83,180,180,0,True
1733006099,21303509,5832775340976781586737257274936,85982,83,180,180,0,True
1733006111,21303510,5844196766809199380922393165824,86021,84,180,180,0,True
1733006123,21303511,5844196766809199380922393165824,86021,84,180,180,0,True
1733006135,21303512,5844196766809199380922393165824,86021,84,180,180,0,True
1733006147,21303513,5844196766809199380922393165824,86021,84,180,180,0,True
1733006159,21303514,5851521791128173588047796805614,86046,85,180,180,0,True
1733006171,21303515,5851521791128173588047796805614,86046,85,180,180,0,True
1733006183,21303516,5851521791128173588047796805614,86046,85,180,180,0,True
1733006195,21303517,5851521791128173588047796805614,86046,85,180,180,0,True
1733006207,21303518,5851521791128173588047796805614,86046,85,180,180,0,True
1733006219,21303519,5851521791128173588047796805614,86046,85,180,180,0,True
1733006231,21303520,5851521791128173588047796805614,86046,85,180,180,0,True
1733006243,21303521,5851521791128173588047796805614,86046,85,180,180,0,True
1733006255,21303522,5851521791128173588047796805614,86046,85,180,180,0,True
1733006267,21303523,5851521791128173588047796805614,86046,85,180,180,0,True
1733006279,21303524,5851521791128173588047796805614,86046,85,180,180,0,True
1733006291,21303525,5843187773876340719938725092046,86018,86,180,180,0,True
1733006303,21303526,5831443048105044214316838046701,85978,87,180,180,0,True
1733006315,21303527,5831443048105044214316838046701,85978,87,180,180,0,True
1733006327,21303528,5831443048105044214316838046701,85978,87,180,180,0,True
1733006339,21303529,5831443048105044214316838046701,85978,87,180,180,0,True
1733006351,21303530,5831443048105044214316838046701,85978,87,180,180,0,True
1733006363,21303531,5831443048105044214316838046701,85978,87,180,180,0,True
1733006375,21303532,5831443048105044214316838046701,85978,87,180,180,0,True
1733006387,21303533,5831443048105044214316838046701,85978,87,180,180,0,True
1733006399,21303534,5831443048105044214316838046701,85978,87,180,180,0,True
1733006411,21303535,5831443048105044214316838046701,85978,87,180,180,0,True
1733006423,21303536,5831443048105044214316838046701,85978,87,180,180,0,True
1733006435,21303537,5831443048105044214316838046701,85978,87,180,180,0,True
1733006447,21303538,5831443048105044214316838046701,85978,87,180,180,0,True
1733006459,21303539,5831443048105044214316838046701,85978,87,180,180,0,True
1733006471,21303540,5831443048105044214316838046701,85978,87,180,180,0,True
1733006483,21303541,5831443048105044214316838046701,85978,87,180,180,0,True
1733006495,21303542,5831443048105044214316838046701,85978,87,180,180,0,True
1733006507,21303543,5831443048105044214316838046701,85978,87,180,180,0,True
1733006519,21303544,5831443048105044214316838046701,85978,87,180,180,0,True
1733006531,21303545,5831443048105044214316838046701,85978,87,180,180,0,True
1733006543,21303546,5830432167864426148833663820391,85974,88,180,180,0,True
1733006555,21303547,5830432167864426148833663820391,85974,88,180,180,0,True
1733006567,21303548,5830432167864426148833663820391,85974,88,180,180,0,True
1733006579,21303549,5830432167864426148833663820391,85974,88,180,180,0,True
1733006591,21303550,5830432167864426148833663820391,85974,88,180,180,0,True
1733006603,21303551,5830432167864426148833663820391,85974,88,180,180,0,True
1733006615,21303552,5830432167864426148833663820391,85974,88,180,180,0,True
1733006627,21303553,5829802325968875481068873262501,85972,89,180,180,0,True
1733006639,21303554,5829802325968875481068873262501,85972,89,180,180,0,True
1733006651,21303555,5829802325968875481068873262501,85972,89,180,180,0,True
1733006663,21303556,5829802325968875481068873262501,85972,89,180,180,0,True
1733006675,21303557,5829802325968875481068873262501,85972,89,180,180,0,True
1733006687,21303558,5829802325968875481068873262501,85972,89,180,180,0,True
1733006699,21303559,5829802325968875481068873262501,85972,89,180,180,0,True
1733006711,21303560,5829802325968875481068873262501,85972,89,180,180,0,True
1733006723,21303561,5829802325968875481068873262501,85972,89,180,180,0,True
1733006735,21303562,5829802325968875481068873262501,85972,89,180,180,0,True
1733006747,21303563,5829802325968875481068873262501,85972,89,180,180,0,True
1733006759,21303564,5829802325968875481068873262501,85972,89,180,180,0,True
1733006771,21303565,5829802325968875481068873262501,85972,89,180,180,0,True
1733006783,21303566,5829802325968875481068873262501,85972,89,180,180,0,True
1733006795,21303567,5829802325968875481068873262501,85972,89,180,180,0,True
1733006807,21303568,5829802325968875481068873262501,85972,89,180,180,0,True
1733006819,21303569,5829802325968875481068873262501,85972,89,180,180,0,True
1733006831,21303570,5829802325968875481068873262501,85972,89,180,180,0,True
1733006843,21303571,5823095840383486276050229731472,85949,90,180,180,0,True
1733006855,21303572,5816929223685171424644960750453,85928,91,180,180,0,True
1733006867,21303573,5816929223685171424644960750453,85928,91,180,180,0,True
1733006879,21303574,5816929223685171424644960750453,85928,91,180,180,0,True
1733006891,21303575,5816929223685171424644960750453,85928,91,180,180,0,True
1733006903,21303576,5809568400925542829809885352781,85902,92,180,180,0,True
1733006915,21303577,5809568400925542829809885352781,85902,92,180,180,0,True
1733006927,21303578,5809568400925542829809885352781,85902,92,180,180,0,True
1733006939,21303579,5809568400925542829809885352781,85902,92,180,180,0,True
1733006951,21303580,5815574155386120584563510481935,85923,93,180,180,0,True
1733006963,21303581,5815574155386120584563510481935,85923,93,180,180,0,True
1733006975,21303582,5815574155386120584563510481935,85923,93,180,180,0,True
1733006987,21303583,5815574155386120584563510481935,85923,93,180,180,0,True
1733006999,21303584,5815574155386120584563510481935,85923,93,180,180,0,True
1733007011,21303585,5815574155386120584563510481935,85923,93,180,180,0,True
1733007023,21303586,5815574155386120584563510481935,85923,93,180,180,0,True
1733007035,21303587,5815574155386120584563510481935,85923,93,180,180,0,True
1733007047,21303588,5815574155386120584563510481935,85923,93,180,180,0,True
1733007059,21303589,5815574155386120584563510481935,85923,93,180,180,0,True
1733007071,21303590,5815574155386120584563510481935,85923,93,180,180,0,True
1733007083,21303591,5815574155386120584563510481935,85923,93,180,180,0,True
1733007095,21303592,5815574155386120584563510481935,85923,93,180,180,0,True
1733007107,21303593,5815574155386120584563510481935,85923,93,180,180,0,True
1733007119,21303594,5815574155386120584563510481935,85923,93,180,180,0,True
1733007131,21303595,5815574155386120584563510481935,85923,93,180,180,0,True
1733007143,21303596,5815574155386120584563510481935,85923,93,180,180,0,True
1733007155,21303597,5815574155386120584563510481935,85923,93,180,180,0,True
1733007167,21303598,5806391450206538859722288591068,85891,94,180,180,0,True
1733007179,21303599,5812042835010343686770943779193,85911,95,180,180,0,True
1733007191,21303600,5812042835010343686770943779193,85911,95,180,180,0,True
1733007203,21303601,5812042835010343686770943779193,85911,95,180,180,0,True
1733007215,21303602,5812042835010343686770943779193,85911,95,180,180,0,True
1733007227,21303603,5812042835010343686770943779193,85911,95,180,180,0,True
1733007239,21303604,5818061530116006817659393751385,85932,96,180,180,0,True
1733007251,21303605,5818061530116006817659393751385,85932,96,180,180,0,True
1733007263,21303606,5818061530116006817659393751385,85932,96,180,180,0,True
1733007275,21303607,5818061530116006817659393751385,85932,96,180,180,0,True
1733007287,21303608,5818061530116006817659393751385,85932,96,180,180,0,True
1733007299,21303609,5818061530116006817659393751385,85932,96,180,180,0,True
1733007311,21303610,5818061530116006817659393751385,85932,96,180,180,0,True
1733007323,21303611,5818061530116006817659393751385,85932,96,180,180,0,True
1733007335,21303612,5818061530116006817659393751385,85932,96,180,180,0,True
1733007347,21303613,5818061530116006817659393751385,85932,96,180,180,0,True
1733007359,21303614,5818061530116006817659393751385,85932,96,180,180,0,True
1733007371,21303615,5818061530116006817659393751385,85932,96,180,180,0,True
1733007383,21303616,5823725944512761638521793066656,85951,97,180,180,0,True
1733007395,21303617,5823725944512761638521793066656,85951,97,180,180,0,True
1733007407,21303618,5823725944512761638521793066656,85951,97,180,180,0,True
1733007419,21303619,5829406547016622441161856678450,85971,98,180,180,0,True
1733007431,21303620,5829406547016622441161856678450,85971,98,180,180,0,True
1733007443,21303621,5848263007650673404503157883804,86035,99,180,180,0,True
1733007455,21303622,5842838436917059512223566156351,86017,100,180,180,0,True
1733007467,21303623,5842838436917059512223566156351,86017,100,180,180,0,True
1733007479,21303624,5842838436917059512223566156351,86017,100,180,180,0,True
1733007491,21303625,5842838436917059512223566156351,86017,100,180,180,0,True
1733007503,21303626,5842838436917059512223566156351,86017,100,180,180,0,True
1733007515,21303627,5842838436917059512223566156351,86017,100,180,180,0,True
1733007527,21303628,5842838436917059512223566156351,86017,100,180,180,0,True
1733007539,21303629,5842838436917059512223566156351,86017,100,180,180,0,True
1733007551,21303630,5842838436917059512223566156351,86017,100,180,180,0,True
1733007563,21303631,5842838436917059512223566156351,86017,100,180,180,0,True
1733007575,21303632,5842838436917059512223566156351,86017,100,180,180,0,True
1733007587,21303633,5842838436917059512223566156351,86017,100,180,180,0,True
1733007599,21303634,5842838436917059512223566156351,86017,100,180,180,0,True
1733007611,21303635,5842838436917059512223566156351,86017,100,180,180,0,True
1733007623,21303636,5842838436917059512223566156351,86017,100,180,180,0,True
1733007635,21303637,5842838436917059512223566156351,86017,100,180,180,0,True
1733007647,21303638,5840072638749286307481560365797,86007,101,180,180,0,True
1733007659,21303639,5840072638749286307481560365797,86007,101,180,180,0,True
1733007671,21303640,5840072638749286307481560365797,86007,101,180,180,0,True
1733007683,21303641,5848282814680686839263731167354,86035,102,180,180,0,True
1733007695,21303642,5848282814680686839263731167354,86035,102,180,180,0,True
1733007707,21303643,5848282814680686839263731167354,86035,102,180,180,0,True
1733007719,21303644,5848282814680686839263731167354,86035,102,180,180,0,True
1733007731,21303645,5848282814680686839263731167354,86035,102,180,180,0,True
1733007743,21303646,5848282814680686839263731167354,86035,102,180,180,0,True
1733007755,21303647,5848282814680686839263731167354,86035,102,180,180,0,True
1733007767,21303648,5848282814680686839263731167354,86035,102,180,180,0,True
1733007779,21303649,5848282814680686839263731167354,86035,102,180,180,0,True
1733007791,21303650,5848282814680686839263731167354,86035,102,180,180,0,True
1733007803,21303651,5848282814680686839263731167354,86035,102,180,180,0,True
1733007815,21303652,5848282814680686839263731167354,86035,102,180,180,0,True
1733007827,21303653,5848282814680686839263731167354,86035,102,180,180,0,True
1733007839,21303654,5848282814680686839263731167354,86035,102,180,180,0,True
1733007851,21303655,5848282814680686839263731167354,86035,102,180,180,0,True
1733007863,21303656,5849773199270783474068717918635,86040,103,180,180,0,True
1733007875,21303657,5849773199270783474068717918635,86040,103,180,180,0,True
1733007887,21303658,5849773199270783474068717918635,86040,103,180,180,0,True
1733007899,21303659,5849773199270783474068717918635,86040,103,180,180,0,True
1733007911,21303660,5849773199270783474068717918635,86040,103,180,180,0,True
1733007923,21303661,5849773199270783474068717918635,86040,103,180,180,0,True
1733007935,21303662,5849773199270783474068717918635,86040,103,180,180,0,True
1733007947,21303663,5849773199270783474068717918635,86040,103,180,180,0,True
1733007959,21303664,5849773199270783474068717918635,86040,103,180,180,0,True
1733007971,21303665,5849773199270783474068717918635,86040,103,180,180,0,True
1733007983,21303666,5849773199270783474068717918635,86040,103,180,180,0,True
1733007995,21303667,5849773199270783474068717918635,86040,103,180,180,0,True
1733008007,21303668,5849773199270783474068717918635,86040,103,180,180,0,True
1733008019,21303669,5849773199270783474068717918635,86040,103,180,180,0,True
1733008031,21303670,5849773199270783474068717918635,86040,103,180,180,0,True
1733008043,21303671,5849773199270783474068717918635,86040,103,180,180,0,True
1733008055,21303672,5843547323946461315580608195484,86019,104,180,180,0,True
1733008067,21303673,5843547323946461315580608195484,86019,104,180,180,0,True
1733008079,21303674,5843547323946461315580608195484,86019,104,180,180,0,True
1733008091,21303675,5843547323946461315580608195484,86019,104,180,180,0,True
1733008103,21303676,5843547323946461315580608195484,86019,104,180,180,0,True
1733008115,21303677,5843547323946461315580608195484,86019,104,180,180,0,True
1733008127,21303678,5835796992941267034595473316544,85992,105,180,180,0,True
1733008139,21303679,5835796992941267034595473316544,85992,105,180,180,0,True
1733008151,21303680,5835796992941267034595473316544,85992,105,180,180,0,True
1733008163,21303681,5835796992941267034595473316544,85992,105,180,180,0,True
1733008175,21303682,5835796992941267034595473316544,85992,105,180,180,0,True
1733008187,21303683,5835796992941267034595473316544,85992,105,180,180,0,True
1733008199,21303684,5835796992941267034595473316544,85992,105,180,180,0,True
1733008211,21303685,5835796992941267034595473316544,85992,105,180,180,0,True
1733008223,21303686,5835796992941267034595473316544,85992,105,180,180,0,True
1733008235,21303687,5835796992941267034595473316544,85992,105,180,180,0,True
1733008247,21303688,5835796992941267034595473316544,85992,105,180,180,0,True
1733008259,21303689,5835796992941267034595473316544,85992,105,180,180,0,True
1733008271,21303690,5835796992941267034595473316544,85992,105,180,180,0,True
1733008283,21303691,5835796992941267034595473316544,85992,105,180,180,0,True
1733008295,21303692,5835796992941267034595473316544,85992,105,180,180,0,True
1733008307,21303693,5835796992941267034595473316544,85992,105,180,180,0,True
1733008319,21303694,5835796992941267034595473316544,85992,105,180,180,0,True
1733008331,21303695,5835796992941267034595473316544,85992,105,180,180,0,True
1733008343,21303696,5835796992941267034595473316544,85992,105,180,180,0,True
1733008355,21303697,5835796992941267034595473316544,85992,105,180,180,0,True
1733008367,21303698,5835796992941267034595473316544,85992,105,180,180,0,True
1733008379,21303699,5835796992941267034595473316544,85992,105,180,180,0,True
1733008391,21303700,5835796992941267034595473316544,85992,105,180,180,0,True
1733008403,21303701,5841826900809776488322375006276,86013,106,180,180,0,True
1733008415,21303702,5841826900809776488322375006276,86013,106,180,180,0,True
1733008427,21303703,5841826900809776488322375006276,86013,106,180,180,0,True
1733008439,21303704,5841826900809776488322375006276,86013,106,180,180,0,True
1733008451,21303705,5841826900809776488322375006276,86013,106,180,180,0,True
1733008463,21303706,5841826900809776488322375006276,86013,106,180,180,0,True
1733008475,21303707,5841826900809776488322375006276,86013,106,180,180,0,True
1733008487,21303708,5841826900809776488322375006276,86013,106,180,180,0,True
1733008499,21303709,5841826900809776488322375006276,86013,106,180,180,0,True
1733008511,21303710,5841826900809776488322375006276,86013,106,180,180,0,True
1733008523,21303711,5841826900809776488322375006276,86013,106,180,180,0,True
1733008535,21303712,5841826900809776488322375006276,86013,106,180,180,0,True
1733008547,21303713,5841826900809776488322375006276,86013,106,180,180,0,True
1733008559,21303714,5841826900809776488322375006276,86013,106,180,180,0,True
1733008571,21303715,5841826900809776488322375006276,86013,106,180,180,0,True
1733008583,21303716,5841826900809776488322375006276,86013,106,180,180,0,True
1733008595,21303717,5841826900809776488322375006276,86013,106,180,180,0,True
1733008607,21303718,5841826900809776488322375006276,86013,106,180,180,0,True
1733008619,21303719,5841826900809776488322375006276,86013,106,180,180,0,True
1733008631,21303720,5841826900809776488322375006276,86013,106,180,180,0,True
1733008643,21303721,5841826900809776488322375006276,86013,106,180,180,0,True
1733008655,21303722,5841826900809776488322375006276,86013,106,180,180,0,True
1733008667,21303723,5841826900809776488322375006276,86013,106,180,180,0,True
1733008679,21303724,5841826900809776488322375006276,86013,106,180,180,0,True
1733008691,21303725,5841826900809776488322375006276,86013,106,180,180,0,True
1733008703,21303726,5848582817594645932766155568462,86036,107,180,180,0,True
1733008715,21303727,5848582817594645932766155568462,86036,107,180,180,0,True
1733008727,21303728,5848582817594645932766155568462,86036,107,180,180,0,True
1733008739,21303729,5848582817594645932766155568462,86036,107,180,180,0,True
1733008751,21303730,5848582817594645932766155568462,86036,107,180,180,0,True
1733008763,21303731,5848582817594645932766155568462,86036,107,180,180,0,True
1733008775,21303732,5848582817594645932766155568462,86036,107,180,180,0,True
1733008787,21303733,5848582817594645932766155568462,86036,107,180,180,0,True
1733008799,21303734,5848582817594645932766155568462,86036,107,180,180,0,True
1733008811,21303735,5848582817594645932766155568462,86036,107,180,180,0,True
1733008823,21303736,5848582817594645932766155568462,86036,107,180,180,0,True
1733008835,21303737,5848582817594645932766155568462,86036,107,180,180,0,True
1733008847,21303738,5848582817594645932766155568462,86036,107,180,180,0,True
1733008859,21303739,5848582817594645932766155568462,86036,107,180,180,0,True
1733008871,21303740,5848582817594645932766155568462,86036,107,180,180,0,True
1733008883,21303741,5848582817594645932766155568462,86036,107,180,180,0,True
1733008895,21303742,5856977690734311355830247592724,86065,108,180,180,0,True
1733008907,21303743,5856977690734311355830247592724,86065,108,180,180,0,True
1733008919,21303744,5856977690734311355830247592724,86065,108,180,180,0,True
1733008931,21303745,5856977690734311355830247592724,86065,108,180,180,0,True
1733008943,21303746,5856977690734311355830247592724,86065,108,180,180,0,True
1733008955,21303747,5856977690734311355830247592724,86065,108,180,180,0,True
1733008967,21303748,5856977690734311355830247592724,86065,108,180,180,0,True
1733008979,21303749,5856977690734311355830247592724,86065,108,180,180,0,True
1733008991,21303750,5856977690734311355830247592724,86065,108,180,180,0,True
1733009003,21303751,5856977690734311355830247592724,86065,108,180,180,0,True
1733009015,21303752,5856977690734311355830247592724,86065,108,180,180,0,True
1733009027,21303753,5856977690734311355830247592724,86065,108,180,180,0,True
1733009039,21303754,5856977690734311355830247592724,86065,108,180,180,0,True
1733009051,21303755,5856977690734311355830247592724,86065,108,180,180,0,True
1733009063,21303756,5856977690734311355830247592724,86065,108,180,180,0,True
1733009075,21303757,5856977690734311355830247592724,86065,108,180,180,0,True
1733009087,21303758,5856977690734311355830247592724,86065,108,180,180,0,True
1733009099,21303759,5856977690734311355830247592724,86065,108,180,180,0,True
1733009111,21303760,5856977690734311355830247592724,86065,108,180,180,0,True
1733009123,21303761,5856977690734311355830247592724,86065,108,180,180,0,True
1733009135,21303762,5856977690734311355830247592724,86065,108,180,180,0,True
1733009147,21303763,5856977690734311355830247592724,86065,108,180,180,0,True
1733009159,21303764,5856977690734311355830247592724,86065,108,180,180,0,True
1733009171,21303765,5855918449532891222498935335257,86061,109,180,180,0,True
1733009183,21303766,5855918449532891222498935335257,86061,109,180,180,0,True
1733009195,21303767,5855918449532891222498935335257,86061,109,180,180,0,True
1733009207,21303768,5855918449532891222498935335257,86061,109,180,180,0,True
1733009219,21303769,5855918449532891222498935335257,86061,109,180,180,0,True
1733009231,21303770,5855918449532891222498935335257,86061,109,180,180,0,True
1733009243,21303771,5855918449532891222498935335257,86061,109,180,180,0,True
1733009255,21303772,5855918449532891222498935335257,86061,109,180,180,0,True
1733009267,21303773,5855918449532891222498935335257,86061,109,180,180,0,True
1733009279,21303774,5851396103908876622940000220970,86046,110,180,180,0,True
1733009291,21303775,5838568126783078513698403101538,86002,111,180,180,0,True
1733009303,21303776,5838568126783078513698403101538,86002,111,180,180,0,True
1733009315,21303777,5830208017040428380677546738098,85973,112,180,180,0,True
1733009327,21303778,5830208017040428380677546738098,85973,112,180,180,0,True
1733009339,21303779,5830208017040428380677546738098,85973,112,180,180,0,True
1733009351,21303780,5830709655815036081950798784560,85975,113,180,180,0,True
1733009363,21303781,5830709655815036081950798784560,85975,113,180,180,0,True
1733009375,21303782,5830709655815036081950798784560,85975,113,180,180,0,True
1733009387,21303783,5830709655815036081950798784560,85975,113,180,180,0,True
1733009399,21303784,5830709655815036081950798784560,85975,113,180,180,0,True
1733009411,21303785,5830709655815036081950798784560,85975,113,180,180,0,True
1733009423,21303786,5830709655815036081950798784560,85975,113,180,180,0,True
1733009435,21303787,5830709655815036081950798784560,85975,113,180,180,0,True
1733009447,21303788,5830709655815036081950798784560,85975,113,180,180,0,True
1733009459,21303789,5830709655815036081950798784560,85975,113,180,180,0,True
1733009471,21303790,5830709655815036081950798784560,85975,113,180,180,0,True
1733009483,21303791,5830709655815036081950798784560,85975,113,180,180,0,True
1733009495,21303792,5830709655815036081950798784560,85975,113,180,180,0,True
1733009507,21303793,5830709655815036081950798784560,85975,113,180,180,0,True
1733009519,21303794,5830709655815036081950798784560,85975,113,180,180,0,True
1733009531,21303795,5830709655815036081950798784560,85975,113,180,180,0,True
1733009543,21303796,5830709655815036081950798784560,85975,113,180,180,0,True
1733009555,21303797,5830709655815036081950798784560,85975,113,180,180,0,True
1733009567,21303798,5824650828223743023409979427189,85954,114,180,180,0,True
1733009579,21303799,5819093183032728951321468177794,85935,115,180,180,0,True
1733009591,21303800,5819093183032728951321468177794,85935,115,180,180,0,True
1733009603,21303801,5819093183032728951321468177794,85935,115,180,180,0,True
1733009615,21303802,5819093183032728951321468177794,85935,115,180,180,0,True
1733009627,21303803,5819093183032728951321468177794,85935,115,180,180,0,True
1733009639,21303804,5819093183032728951321468177794,85935,115,180,180,0,True
1733009651,21303805,5819093183032728951321468177794,85935,115,180,180,0,True
1733009663,21303806,5819093183032728951321468177794,85935,115,180,180,0,True
1733009675,21303807,5819093183032728951321468177794,85935,115,180,180,0,True
1733009687,21303808,5819093183032728951321468177794,85935,115,180,180,0,True
1733009699,21303809,5824937457686667223344767518431,85955,116,180,180,0,True
1733009711,21303810,5824937457686667223344767518431,85955,116,180,180,0,True
1733009723,21303811,5824937457686667223344767518431,85955,116,180,180,0,True
1733009735,21303812,5824937457686667223344767518431,85955,116,180,180,0,True
1733009747,21303813,5824937457686667223344767518431,85955,116,180,180,0,True
1733009759,21303814,5824937457686667223344767518431,85955,116,180,180,0,True
1733009771,21303815,5824937457686667223344767518431,85955,116,180,180,0,True
1733009783,21303816,5824937457686667223344767518431,85955,116,180,180,0,True
1733009795,21303817,5824937457686667223344767518431,85955,116,180,180,0,True
1733009807,21303818,5824937457686667223344767518431,85955,116,180,180,0,True
1733009819,21303819,5824937457686667223344767518431,85955,116,180,180,0,True
1733009831,21303820,5824937457686667223344767518431,85955,116,180,180,0,True
1733009843,21303821,5824937457686667223344767518431,85955,116,180,180,0,True
1733009855,21303822,5824937457686667223344767518431,85955,116,180,180,0,True
1733009867,21303823,5824937457686667223344767518431,85955,116,180,180,0,True
1733009879,21303824,5824937457686667223344767518431,85955,116,180,180,0,True
1733009891,21303825,5824937457686667223344767518431,85955,116,180,180,0,True
1733009903,21303826,5816866676237038485820609250647,85928,117,180,180,0,True
1733009915,21303827,5816866676237038485820609250647,85928,117,180,180,0,True
1733009927,21303828,5816866676237038485820609250647,85928,117,180,180,0,True
1733009939,21303829,5816866676237038485820609250647,85928,117,180,180,0,True
1733009951,21303830,5816866676237038485820609250647,85928,117,180,180,0,True
1733009963,21303831,5816866676237038485820609250647,85928,117,180,180,0,True
1733009975,21303832,5816866676237038485820609250647,85928,117,180,180,0,True
1733009987,21303833,5816866676237038485820609250647,85928,117,180,180,0,True
1733009999,21303834,5816866676237038485820609250647,85928,117,180,180,0,True
1733010011,21303835,5814851630725463068210452332378,85921,118,180,180,0,True
1733010023,21303836,5814851630725463068210452332378,85921,118,180,180,0,True
1733010035,21303837,5814851630725463068210452332378,85921,118,180,180,0,True
1733010047,21303838,5802970912202932777899450695680,85880,119,180,180,0,True
1733010059,21303839,5802970912202932777899450695680,85880,119,180,180,0,True
1733010071,21303840,5802970912202932777899450695680,85880,119,180,180,0,True
1733010083,21303841,5802970912202932777899450695680,85880,119,180,180,0,True
1733010095,21303842,5802970912202932777899450695680,85880,119,180,180,0,True
1733010107,21303843,5802970912202932777899450695680,85880,119,180,180,0,True
1733010119,21303844,5802970912202932777899450695680,85880,119,180,180,0,True
1733010131,21303845,5802970912202932777899450695680,85880,119,180,180,0,True
1733010143,21303846,5802970912202932777899450695680,85880,119,180,180,0,True
1733010155,21303847,5802970912202932777899450695680,85880,119,180,180,0,True
1733010167,21303848,5802970912202932777899450695680,85880,119,180,180,0,True
1733010179,21303849,5802970912202932777899450695680,85880,119,180,180,0,True
1733010203,21303850,5802970912202932777899450695680,85880,119,180,180,0,True
1733010215,21303851,5802970912202932777899450695680,85880,119,180,180,0,True
1733010227,21303852,5802970912202932777899450695680,85880,119,180,180,0,True
1733010239,21303853,5802970912202932777899450695680,85880,119,180,180,0,True
1733010251,21303854,5802970912202932777899450695680,85880,119,180,180,0,True
1733010263,21303855,5802970912202932777899450695680,85880,119,180,180,0,True
1733010275,21303856,5809303845564395180438171746800,85901,120,180,180,0,True
1733010287,21303857,5809303845564395180438171746800,85901,120,180,180,0,True
1733010299,21303858,5809303845564395180438171746800,85901,120,180,180,0,True
1733010311,21303859,5809303845564395180438171746800,85901,120,180,180,0,True
1733010323,21303860,5809303845564395180438171746800,85901,120,180,180,0,True
1733010335,21303861,5809303845564395180438171746800,85901,120,180,180,0,True
1733010347,21303862,5809303845564395180438171746800,85901,120,180,180,0,True
1733010359,21303863,5809303845564395180438171746800,85901,120,180,180,0,True
1733010371,21303864,5809303845564395180438171746800,85901,120,180,180,0,True
1733010383,21303865,5814954576415145709840240551142,85921,121,180,180,0,True
1733010395,21303866,5814954576415145709840240551142,85921,121,180,180,0,True
1733010407,21303867,5814954576415145709840240551142,85921,121,180,180,0,True
1733010419,21303868,5819194044452368798937634170466,85936,122,180,180,0,True
1733010431,21303869,5819194044452368798937634170466,85936,122,180,180,0,True
1733010443,21303870,5824435082111908464224376496181,85954,123,180,180,0,True
1733010455,21303871,5824435082111908464224376496181,85954,123,180,180,0,True
1733010467,21303872,5824435082111908464224376496181,85954,123,180,180,0,True
1733010479,21303873,5824435082111908464224376496181,85954,123,180,180,0,True
1733010491,21303874,5824435082111908464224376496181,85954,123,180,180,0,True
1733010503,21303875,5824435082111908464224376496181,85954,123,180,180,0,True
1733010515,21303876,5824435082111908464224376496181,85954,123,180,180,0,True
1733010527,21303877,5824435082111908464224376496181,85954,123,180,180,0,True
1733010539,21303878,5824435082111908464224376496181,85954,123,180,180,0,True
1733010551,21303879,5824435082111908464224376496181,85954,123,180,180,0,True
1733010563,21303880,5824435082111908464224376496181,85954,123,180,180,0,True
1733010575,21303881,5824435082111908464224376496181,85954,123,180,180,0,True
1733010587,21303882,5824435082111908464224376496181,85954,123,180,180,0,True
1733010599,21303883,5824435082111908464224376496181,85954,123,180,180,0,True
1733010611,21303884,5824435082111908464224376496181,85954,123,180,180,0,True
1733010623,21303885,5824435082111908464224376496181,85954,123,180,180,0,True
1733010635,21303886,5824435082111908464224376496181,85954,123,180,180,0,True
1733010647,21303887,5824435082111908464224376496181,85954,123,180,180,0,True
1733010659,21303888,5824435082111908464224376496181,85954,123,180,180,0,True
1733010671,21303889,5824435082111908464224376496181,85954,123,180,180,0,True
1733010683,21303890,5824435082111908464224376496181,85954,123,180,180,0,True
1733010695,21303891,5815009926006931833251784901810,85921,124,180,180,0,True
1733010707,21303892,5815009926006931833251784901810,85921,124,180,180,0,True
1733010719,21303893,5815009926006931833251784901810,85921,124,180,180,0,True
1733010731,21303894,5815009926006931833251784901810,85921,124,180,180,0,True
1733010743,21303895,5815009926006931833251784901810,85921,124,180,180,0,True
1733010755,21303896,5815009926006931833251784901810,85921,124,180,180,0,True
1733010767,21303897,5815009926006931833251784901810,85921,124,180,180,0,True
1733010779,21303898,5815009926006931833251784901810,85921,124,180,180,0,True
1733010791,21303899,5815009926006931833251784901810,85921,124,180,180,0,True
1733010803,21303900,5815009926006931833251784901810,85921,124,180,180,0,True
1733010815,21303901,5815009926006931833251784901810,85921,124,180,180,0,True
1733010827,21303902,5815009926006931833251784901810,85921,124,180,180,0,True
1733010839,21303903,5815009926006931833251784901810,85921,124,180,180,0,True
1733010851,21303904,5815009926006931833251784901810,85921,124,180,180,0,True
1733010863,21303905,5815009926006931833251784901810,85921,124,180,180,0,True
1733010875,21303906,5815009926006931833251784901810,85921,124,180,180,0,True
1733010887,21303907,5815009926006931833251784901810,85921,124,180,180,0,True
1733010899,21303908,5815009926006931833251784901810,85921,124,180,180,0,True
1733010911,21303909,5815009926006931833251784901810,85921,124,180,180,0,True
1733010923,21303910,5815009926006931833251784901810,85921,124,180,180,0,True
1733010935,21303911,5815009926006931833251784901810,85921,124,180,180,0,True
1733010947,21303912,5815009926006931833251784901810,85921,124,180,180,0,True
1733010959,21303913,5815009926006931833251784901810,85921,124,180,180,0,True
1733010971,21303914,5815009926006931833251784901810,85921,124,180,180,0,True
1733010983,21303915,5815009926006931833251784901810,85921,124,180,180,0,True
1733010995,21303916,5815009926006931833251784901810,85921,124,180,180,0,True
1733011007,21303917,5816366159291056651133461277889,85926,125,180,180,0,True
1733011019,21303918,5816366159291056651133461277889,85926,125,180,180,0,True
1733011031,21303919,5816366159291056651133461277889,85926,125,180,180,0,True
1733011043,21303920,5816366159291056651133461277889,85926,125,180,180,0,True
1733011055,21303921,5816366159291056651133461277889,85926,125,180,180,0,True
1733011067,21303922,5816031246349944945266540542567,85925,126,180,180,0,True
1733011079,21303923,5816031246349944945266540542567,85925,126,180,180,0,True
1733011091,21303924,5816031246349944945266540542567,85925,126,180,180,0,True
1733011103,21303925,5816031246349944945266540542567,85925,126,180,180,0,True
1733011115,21303926,5816031246349944945266540542567,85925,126,180,180,0,True
1733011127,21303927,5826254512020735616735780380828,85960,127,180,180,0,True
1733011139,21303928,5835573202668823542213974242051,85992,128,180,180,0,True
1733011151,21303929,5837309083170925813896064495403,85998,129,180,180,0,True
1733011163,21303930,5837309083170925813896064495403,85998,129,180,180,0,True
1733011175,21303931,5837309083170925813896064495403,85998,129,180,180,0,True
1733011199,21303933,5835605610416317147939582747267,85992,130,180,180,0,True
