timestamp,blocknumber,sqrtPriceX96,tick,observationIndex,observationCardinality,observationCardinalityNext,feeProtocol,unlocked
1718236799,20079184,7884495627136030012830283304881,92011,34,180,180,0,True
1718236811,20079185,7884495627136030012830283304881,92011,34,180,180,0,True
1718236823,20079186,7884495627136030012830283304881,92011,34,180,180,0,True
1718236835,20079187,7884495627136030012830283304881,92011,34,180,180,0,True
1718236847,20079188,7884495627136030012830283304881,92011,34,180,180,0,True
1718236859,20079189,7884495627136030012830283304881,92011,34,180,180,0,True
1718236871,20079190,7884495627136030012830283304881,92011,34,180,180,0,True
1718236883,20079191,7884495627136030012830283304881,92011,34,180,180,0,True
1718236895,20079192,7884495627136030012830283304881,92011,34,180,180,0,True
1718236907,20079193,7884495627136030012830283304881,92011,34,180,180,0,True
1718236919,20079194,7884495627136030012830283304881,92011,34,180,180,0,True
1718236931,20079195,7884495627136030012830283304881,92011,34,180,180,0,True
1718236943,20079196,7884495627136030012830283304881,92011,34,180,180,0,True
1718236955,20079197,7884495627136030012830283304881,92011,34,180,180,0,True
1718236967,20079198,7884495627136030012830283304881,92011,34,180,180,0,True
1718236979,20079199,7884495627136030012830283304881,92011,34,180,180,0,True
1718236991,20079200,7884495627136030012830283304881,92011,34,180,180,0,True
1718237003,20079201,7884495627136030012830283304881,92011,34,180,180,0,True
1718237015,20079202,7884495627136030012830283304881,92011,34,180,180,0,True
1718237027,20079203,7884495627136030012830283304881,92011,34,180,180,0,True
1718237039,20079204,7884495627136030012830283304881,92011,34,180,180,0,True
1718237051,20079205,7884495627136030012830283304881,92011,34,180,180,0,True
1718237063,20079206,7884495627136030012830283304881,92011,34,180,180,0,True
1718237075,20079207,7884495627136030012830283304881,92011,34,180,180,0,True
1718237087,20079208,7884495627136030012830283304881,92011,34,180,180,0,True
1718237099,20079209,7884495627136030012830283304881,92011,34,180,180,0,True
1718237111,20079210,7884495627136030012830283304881,92011,34,180,180,0,True
1718237123,20079211,7884495627136030012830283304881,92011,34,180,180,0,True
1718237135,20079212,7884495627136030012830283304881,92011,34,180,180,0,True
1718237147,20079213,7884495627136030012830283304881,92011,34,180,180,0,True
1718237159,20079214,7884495627136030012830283304881,92011,34,180,180,0,True
1718237171,20079215,7884495627136030012830283304881,92011,34,180,180,0,True
1718237183,20079216,7884495627136030012830283304881,92011,34,180,180,0,True
1718237195,20079217,7884495627136030012830283304881,92011,34,180,180,0,True
1718237207,20079218,7884495627136030012830283304881,92011,34,180,180,0,True
1718237219,20079219,7884495627136030012830283304881,92011,34,180,180,0,True
1718237231,20079220,7884495627136030012830283304881,92011,34,180,180,0,True
1718237243,20079221,7884495627136030012830283304881,92011,34,180,180,0,True
1718237255,20079222,7884495627136030012830283304881,92011,34,180,180,0,True
1718237267,20079223,7884495627136030012830283304881,92011,34,180,180,0,True
1718237279,20079224,7884495627136030012830283304881,92011,34,180,180,0,True
1718237291,20079225,7884495627136030012830283304881,92011,34,180,180,0,True
1718237303,20079226,7884495627136030012830283304881,92011,34,180,180,0,True
1718237315,20079227,7884495627136030012830283304881,92011,34,180,180,0,True
1718237327,20079228,7884495627136030012830283304881,92011,34,180,180,0,True
1718237339,20079229,7884495627136030012830283304881,92011,34,180,180,0,True
1718237351,20079230,7884495627136030012830283304881,92011,34,180,180,0,True
1718237363,20079231,7884495627136030012830283304881,92011,34,180,180,0,True
1718237375,20079232,7884495627136030012830283304881,92011,34,180,180,0,True
1718237387,20079233,7884495627136030012830283304881,92011,34,180,180,0,True
1718237399,20079234,7884495627136030012830283304881,92011,34,180,180,0,True
1718237411,20079235,7884495627136030012830283304881,92011,34,180,180,0,True
1718237423,20079236,7884495627136030012830283304881,92011,34,180,180,0,True
1718237435,20079237,7884495627136030012830283304881,92011,34,180,180,0,True
1718237447,20079238,7884495627136030012830283304881,92011,34,180,180,0,True
1718237459,20079239,7884495627136030012830283304881,92011,34,180,180,0,True
1718237471,20079240,7884495627136030012830283304881,92011,34,180,180,0,True
1718237483,20079241,7884495627136030012830283304881,92011,34,180,180,0,True
1718237495,20079242,7884495627136030012830283304881,92011,34,180,180,0,True
1718237507,20079243,7884495627136030012830283304881,92011,34,180,180,0,True
1718237531,20079244,7884495627136030012830283304881,92011,34,180,180,0,True
1718237543,20079245,7884495627136030012830283304881,92011,34,180,180,0,True
1718237555,20079246,7884495627136030012830283304881,92011,34,180,180,0,True
1718237567,20079247,7884495627136030012830283304881,92011,34,180,180,0,True
1718237579,20079248,7884495627136030012830283304881,92011,34,180,180,0,True
1718237591,20079249,7884495627136030012830283304881,92011,34,180,180,0,True
1718237603,20079250,7884495627136030012830283304881,92011,34,180,180,0,True
1718237615,20079251,7884495627136030012830283304881,92011,34,180,180,0,True
1718237627,20079252,7884495627136030012830283304881,92011,34,180,180,0,True
1718237639,20079253,7884495627136030012830283304881,92011,34,180,180,0,True
1718237651,20079254,7884495627136030012830283304881,92011,34,180,180,0,True
1718237663,20079255,7884495627136030012830283304881,92011,34,180,180,0,True
1718237675,20079256,7884495627136030012830283304881,92011,34,180,180,0,True
1718237687,20079257,7884495627136030012830283304881,92011,34,180,180,0,True
1718237699,20079258,7884495627136030012830283304881,92011,34,180,180,0,True
1718237711,20079259,7884495627136030012830283304881,92011,34,180,180,0,True
1718237723,20079260,7884495627136030012830283304881,92011,34,180,180,0,True
1718237735,20079261,7884495627136030012830283304881,92011,34,180,180,0,True
1718237747,20079262,7884495627136030012830283304881,92011,34,180,180,0,True
1718237759,20079263,7884495627136030012830283304881,92011,34,180,180,0,True
1718237771,20079264,7884495627136030012830283304881,92011,34,180,180,0,True
1718237783,20079265,7884495627136030012830283304881,92011,34,180,180,0,True
1718237795,20079266,7884495627136030012830283304881,92011,34,180,180,0,True
1718237807,20079267,7884495627136030012830283304881,92011,34,180,180,0,True
1718237819,20079268,7884495627136030012830283304881,92011,34,180,180,0,True
1718237831,20079269,7884495627136030012830283304881,92011,34,180,180,0,True
1718237843,20079270,7884495627136030012830283304881,92011,34,180,180,0,True
1718237855,20079271,7884495627136030012830283304881,92011,34,180,180,0,True
1718237867,20079272,7884495627136030012830283304881,92011,34,180,180,0,True
1718237879,20079273,7884495627136030012830283304881,92011,34,180,180,0,True
1718237891,20079274,7891256949361290624539703785449,92028,35,180,180,0,True
1718237903,20079275,7891256949361290624539703785449,92028,35,180,180,0,True
1718237915,20079276,7891256949361290624539703785449,92028,35,180,180,0,True
1718237927,20079277,7891256949361290624539703785449,92028,35,180,180,0,True
1718237939,20079278,7897023374113379114153434725032,92042,36,180,180,0,True
1718237951,20079279,7897023374113379114153434725032,92042,36,180,180,0,True
1718237963,20079280,7897023374113379114153434725032,92042,36,180,180,0,True
1718237975,20079281,7897023374113379114153434725032,92042,36,180,180,0,True
1718237987,20079282,7897023374113379114153434725032,92042,36,180,180,0,True
1718237999,20079283,7897023374113379114153434725032,92042,36,180,180,0,True
1718238011,20079284,7897023374113379114153434725032,92042,36,180,180,0,True
1718238023,20079285,7897023374113379114153434725032,92042,36,180,180,0,True
1718238035,20079286,7897023374113379114153434725032,92042,36,180,180,0,True
1718238047,20079287,7897023374113379114153434725032,92042,36,180,180,0,True
1718238059,20079288,7897023374113379114153434725032,92042,36,180,180,0,True
1718238071,20079289,7897023374113379114153434725032,92042,36,180,180,0,True
1718238083,20079290,7897023374113379114153434725032,92042,36,180,180,0,True
1718238095,20079291,7897023374113379114153434725032,92042,36,180,180,0,True
1718238107,20079292,7897023374113379114153434725032,92042,36,180,180,0,True
1718238119,20079293,7897023374113379114153434725032,92042,36,180,180,0,True
1718238131,20079294,7897023374113379114153434725032,92042,36,180,180,0,True
1718238143,20079295,7897023374113379114153434725032,92042,36,180,180,0,True
1718238155,20079296,7897023374113379114153434725032,92042,36,180,180,0,True
1718238167,20079297,7897023374113379114153434725032,92042,36,180,180,0,True
1718238179,20079298,7897023374113379114153434725032,92042,36,180,180,0,True
1718238191,20079299,7897023374113379114153434725032,92042,36,180,180,0,True
1718238203,20079300,7897023374113379114153434725032,92042,36,180,180,0,True
1718238215,20079301,7897023374113379114153434725032,92042,36,180,180,0,True
1718238227,20079302,7897023374113379114153434725032,92042,36,180,180,0,True
1718238239,20079303,7897023374113379114153434725032,92042,36,180,180,0,True
1718238251,20079304,7897023374113379114153434725032,92042,36,180,180,0,True
1718238263,20079305,7897023374113379114153434725032,92042,36,180,180,0,True
1718238275,20079306,7897023374113379114153434725032,92042,36,180,180,0,True
1718238287,20079307,7897023374113379114153434725032,92042,36,180,180,0,True
1718238299,20079308,7897023374113379114153434725032,92042,36,180,180,0,True
1718238311,20079309,7897023374113379114153434725032,92042,36,180,180,0,True
1718238323,20079310,7897023374113379114153434725032,92042,36,180,180,0,True
1718238335,20079311,7897023374113379114153434725032,92042,36,180,180,0,True
1718238347,20079312,7897023374113379114153434725032,92042,36,180,180,0,True
1718238359,20079313,7897023374113379114153434725032,92042,36,180,180,0,True
1718238371,20079314,7897023374113379114153434725032,92042,36,180,180,0,True
1718238383,20079315,7897023374113379114153434725032,92042,36,180,180,0,True
1718238395,20079316,7897023374113379114153434725032,92042,36,180,180,0,True
1718238407,20079317,7897023374113379114153434725032,92042,36,180,180,0,True
1718238419,20079318,7897023374113379114153434725032,92042,36,180,180,0,True
1718238431,20079319,7897023374113379114153434725032,92042,36,180,180,0,True
1718238443,20079320,7897023374113379114153434725032,92042,36,180,180,0,True
1718238455,20079321,7897023374113379114153434725032,92042,36,180,180,0,True
1718238467,20079322,7897023374113379114153434725032,92042,36,180,180,0,True
1718238479,20079323,7907631841700823720717584563170,92069,37,180,180,0,True
1718238491,20079324,7907631841700823720717584563170,92069,37,180,180,0,True
1718238503,20079325,7907631841700823720717584563170,92069,37,180,180,0,True
1718238515,20079326,7907631841700823720717584563170,92069,37,180,180,0,True
1718238527,20079327,7907631841700823720717584563170,92069,37,180,180,0,True
1718238539,20079328,7907631841700823720717584563170,92069,37,180,180,0,True
1718238551,20079329,7907631841700823720717584563170,92069,37,180,180,0,True
1718238563,20079330,7907631841700823720717584563170,92069,37,180,180,0,True
1718238575,20079331,7907631841700823720717584563170,92069,37,180,180,0,True
1718238587,20079332,7907631841700823720717584563170,92069,37,180,180,0,True
1718238599,20079333,7907631841700823720717584563170,92069,37,180,180,0,True
1718238611,20079334,7907631841700823720717584563170,92069,37,180,180,0,True
1718238623,20079335,7907631841700823720717584563170,92069,37,180,180,0,True
1718238635,20079336,7907631841700823720717584563170,92069,37,180,180,0,True
1718238647,20079337,7907631841700823720717584563170,92069,37,180,180,0,True
1718238659,20079338,7907631841700823720717584563170,92069,37,180,180,0,True
1718238671,20079339,7907631841700823720717584563170,92069,37,180,180,0,True
1718238683,20079340,7907631841700823720717584563170,92069,37,180,180,0,True
1718238695,20079341,7907631841700823720717584563170,92069,37,180,180,0,True
1718238707,20079342,7907631841700823720717584563170,92069,37,180,180,0,True
1718238719,20079343,7907631841700823720717584563170,92069,37,180,180,0,True
1718238731,20079344,7907631841700823720717584563170,92069,37,180,180,0,True
1718238743,20079345,7907631841700823720717584563170,92069,37,180,180,0,True
1718238755,20079346,7907631841700823720717584563170,92069,37,180,180,0,True
1718238767,20079347,7907631841700823720717584563170,92069,37,180,180,0,True
1718238779,20079348,7907631841700823720717584563170,92069,37,180,180,0,True
1718238791,20079349,7899827421048100113886518323910,92049,38,180,180,0,True
1718238803,20079350,7899827421048100113886518323910,92049,38,180,180,0,True
1718238815,20079351,7899827421048100113886518323910,92049,38,180,180,0,True
1718238827,20079352,7899827421048100113886518323910,92049,38,180,180,0,True
1718238839,20079353,7899827421048100113886518323910,92049,38,180,180,0,True
1718238851,20079354,7899827421048100113886518323910,92049,38,180,180,0,True
1718238863,20079355,7899827421048100113886518323910,92049,38,180,180,0,True
1718238875,20079356,7899827421048100113886518323910,92049,38,180,180,0,True
1718238887,20079357,7899827421048100113886518323910,92049,38,180,180,0,True
1718238899,20079358,7899827421048100113886518323910,92049,38,180,180,0,True
1718238911,20079359,7899827421048100113886518323910,92049,38,180,180,0,True
1718238923,20079360,7899827421048100113886518323910,92049,38,180,180,0,True
1718238935,20079361,7899827421048100113886518323910,92049,38,180,180,0,True
1718238947,20079362,7899827421048100113886518323910,92049,38,180,180,0,True
1718238959,20079363,7899827421048100113886518323910,92049,38,180,180,0,True
1718238971,20079364,7899827421048100113886518323910,92049,38,180,180,0,True
1718238983,20079365,7899827421048100113886518323910,92049,38,180,180,0,True
1718238995,20079366,7899827421048100113886518323910,92049,38,180,180,0,True
1718239007,20079367,7899827421048100113886518323910,92049,38,180,180,0,True
1718239019,20079368,7899827421048100113886518323910,92049,38,180,180,0,True
1718239031,20079369,7899827421048100113886518323910,92049,38,180,180,0,True
1718239043,20079370,7899827421048100113886518323910,92049,38,180,180,0,True
1718239055,20079371,7899827421048100113886518323910,92049,38,180,180,0,True
1718239067,20079372,7899827421048100113886518323910,92049,38,180,180,0,True
1718239079,20079373,7899827421048100113886518323910,92049,38,180,180,0,True
1718239091,20079374,7899827421048100113886518323910,92049,38,180,180,0,True
1718239103,20079375,7899827421048100113886518323910,92049,38,180,180,0,True
1718239115,20079376,7899827421048100113886518323910,92049,38,180,180,0,True
1718239127,20079377,7899827421048100113886518323910,92049,38,180,180,0,True
1718239139,20079378,7899827421048100113886518323910,92049,38,180,180,0,True
1718239151,20079379,7899827421048100113886518323910,92049,38,180,180,0,True
1718239163,20079380,7899827421048100113886518323910,92049,38,180,180,0,True
1718239175,20079381,7899827421048100113886518323910,92049,38,180,180,0,True
1718239187,20079382,7899827421048100113886518323910,92049,38,180,180,0,True
1718239199,20079383,7899827421048100113886518323910,92049,38,180,180,0,True
1718239211,20079384,7899827421048100113886518323910,92049,38,180,180,0,True
1718239223,20079385,7899827421048100113886518323910,92049,38,180,180,0,True
1718239235,20079386,7899827421048100113886518323910,92049,38,180,180,0,True
1718239247,20079387,7899827421048100113886518323910,92049,38,180,180,0,True
1718239259,20079388,7899827421048100113886518323910,92049,38,180,180,0,True
1718239271,20079389,7899827421048100113886518323910,92049,38,180,180,0,True
1718239283,20079390,7899827421048100113886518323910,92049,38,180,180,0,True
1718239295,20079391,7899827421048100113886518323910,92049,38,180,180,0,True
1718239307,20079392,7899827421048100113886518323910,92049,38,180,180,0,True
1718239319,20079393,7899827421048100113886518323910,92049,38,180,180,0,True
1718239331,20079394,7899827421048100113886518323910,92049,38,180,180,0,True
1718239343,20079395,7899827421048100113886518323910,92049,38,180,180,0,True
1718239355,20079396,7899827421048100113886518323910,92049,38,180,180,0,True
1718239367,20079397,7899827421048100113886518323910,92049,38,180,180,0,True
1718239379,20079398,7899827421048100113886518323910,92049,38,180,180,0,True
1718239391,20079399,7899827421048100113886518323910,92049,38,180,180,0,True
1718239403,20079400,7899827421048100113886518323910,92049,38,180,180,0,True
1718239415,20079401,7899827421048100113886518323910,92049,38,180,180,0,True
1718239427,20079402,7899827421048100113886518323910,92049,38,180,180,0,True
1718239439,20079403,7899827421048100113886518323910,92049,38,180,180,0,True
1718239451,20079404,7899827421048100113886518323910,92049,38,180,180,0,True
1718239463,20079405,7899827421048100113886518323910,92049,38,180,180,0,True
1718239475,20079406,7899827421048100113886518323910,92049,38,180,180,0,True
1718239487,20079407,7899827421048100113886518323910,92049,38,180,180,0,True
1718239499,20079408,7899827421048100113886518323910,92049,38,180,180,0,True
1718239511,20079409,7899827421048100113886518323910,92049,38,180,180,0,True
1718239523,20079410,7899827421048100113886518323910,92049,38,180,180,0,True
1718239535,20079411,7899827421048100113886518323910,92049,38,180,180,0,True
1718239547,20079412,7899827421048100113886518323910,92049,38,180,180,0,True
1718239559,20079413,7899827421048100113886518323910,92049,38,180,180,0,True
1718239571,20079414,7899827421048100113886518323910,92049,38,180,180,0,True
1718239583,20079415,7899827421048100113886518323910,92049,38,180,180,0,True
1718239595,20079416,7899827421048100113886518323910,92049,38,180,180,0,True
1718239607,20079417,7899827421048100113886518323910,92049,38,180,180,0,True
1718239631,20079418,7899827421048100113886518323910,92049,38,180,180,0,True
1718239643,20079419,7899827421048100113886518323910,92049,38,180,180,0,True
1718239655,20079420,7899827421048100113886518323910,92049,38,180,180,0,True
1718239667,20079421,7899827421048100113886518323910,92049,38,180,180,0,True
1718239679,20079422,7899827421048100113886518323910,92049,38,180,180,0,True
1718239691,20079423,7899827421048100113886518323910,92049,38,180,180,0,True
1718239703,20079424,7899827421048100113886518323910,92049,38,180,180,0,True
1718239715,20079425,7899827421048100113886518323910,92049,38,180,180,0,True
1718239727,20079426,7899827421048100113886518323910,92049,38,180,180,0,True
1718239739,20079427,7899827421048100113886518323910,92049,38,180,180,0,True
1718239751,20079428,7899827421048100113886518323910,92049,38,180,180,0,True
1718239763,20079429,7899827421048100113886518323910,92049,38,180,180,0,True
1718239775,20079430,7899827421048100113886518323910,92049,38,180,180,0,True
1718239787,20079431,7899827421048100113886518323910,92049,38,180,180,0,True
1718239799,20079432,7899827421048100113886518323910,92049,38,180,180,0,True
1718239811,20079433,7899827421048100113886518323910,92049,38,180,180,0,True
1718239823,20079434,7899827421048100113886518323910,92049,38,180,180,0,True
1718239835,20079435,7899827421048100113886518323910,92049,38,180,180,0,True
1718239847,20079436,7899827421048100113886518323910,92049,38,180,180,0,True
1718239859,20079437,7899827421048100113886518323910,92049,38,180,180,0,True
1718239871,20079438,7899827421048100113886518323910,92049,38,180,180,0,True
1718239883,20079439,7899827421048100113886518323910,92049,38,180,180,0,True
1718239895,20079440,7899827421048100113886518323910,92049,38,180,180,0,True
1718239907,20079441,7899827421048100113886518323910,92049,38,180,180,0,True
1718239919,20079442,7899827421048100113886518323910,92049,38,180,180,0,True
1718239931,20079443,7899827421048100113886518323910,92049,38,180,180,0,True
1718239943,20079444,7899827421048100113886518323910,92049,38,180,180,0,True
1718239967,20079445,7899827421048100113886518323910,92049,38,180,180,0,True
1718239979,20079446,7899827421048100113886518323910,92049,38,180,180,0,True
1718239991,20079447,7899827421048100113886518323910,92049,38,180,180,0,True
1718240003,20079448,7899827421048100113886518323910,92049,38,180,180,0,True
1718240015,20079449,7899827421048100113886518323910,92049,38,180,180,0,True
1718240027,20079450,7899827421048100113886518323910,92049,38,180,180,0,True
1718240039,20079451,7899827421048100113886518323910,92049,38,180,180,0,True
1718240051,20079452,7899827421048100113886518323910,92049,38,180,180,0,True
1718240063,20079453,7899827421048100113886518323910,92049,38,180,180,0,True
1718240075,20079454,7899827421048100113886518323910,92049,38,180,180,0,True
1718240099,20079455,7899827421048100113886518323910,92049,38,180,180,0,True
1718240111,20079456,7899827421048100113886518323910,92049,38,180,180,0,True
1718240123,20079457,7899827421048100113886518323910,92049,38,180,180,0,True
1718240135,20079458,7899827421048100113886518323910,92049,38,180,180,0,True
1718240147,20079459,7899827421048100113886518323910,92049,38,180,180,0,True
1718240159,20079460,7899827421048100113886518323910,92049,38,180,180,0,True
1718240171,20079461,7899827421048100113886518323910,92049,38,180,180,0,True
1718240183,20079462,7899827421048100113886518323910,92049,38,180,180,0,True
1718240195,20079463,7899827421048100113886518323910,92049,38,180,180,0,True
1718240207,20079464,7899827421048100113886518323910,92049,38,180,180,0,True
1718240219,20079465,7899827421048100113886518323910,92049,38,180,180,0,True
1718240231,20079466,7899827421048100113886518323910,92049,38,180,180,0,True
1718240243,20079467,7899827421048100113886518323910,92049,38,180,180,0,True
1718240255,20079468,7899827421048100113886518323910,92049,38,180,180,0,True
1718240267,20079469,7899827421048100113886518323910,92049,38,180,180,0,True
1718240279,20079470,7899827421048100113886518323910,92049,38,180,180,0,True
1718240291,20079471,7899827421048100113886518323910,92049,38,180,180,0,True
1718240303,20079472,7899827421048100113886518323910,92049,38,180,180,0,True
1718240315,20079473,7899827421048100113886518323910,92049,38,180,180,0,True
1718240327,20079474,7899827421048100113886518323910,92049,38,180,180,0,True
1718240339,20079475,7899827421048100113886518323910,92049,38,180,180,0,True
1718240351,20079476,7899827421048100113886518323910,92049,38,180,180,0,True
1718240363,20079477,7899827421048100113886518323910,92049,38,180,180,0,True
1718240375,20079478,7899827421048100113886518323910,92049,38,180,180,0,True
1718240387,20079479,7899827421048100113886518323910,92049,38,180,180,0,True
1718240399,20079480,7899827421048100113886518323910,92049,38,180,180,0,True
1718240411,20079481,7899827421048100113886518323910,92049,38,180,180,0,True
1718240423,20079482,7899827421048100113886518323910,92049,38,180,180,0,True
1718240435,20079483,7899827421048100113886518323910,92049,38,180,180,0,True
1718240447,20079484,7899827421048100113886518323910,92049,38,180,180,0,True
1718240459,20079485,7899827421048100113886518323910,92049,38,180,180,0,True
1718240471,20079486,7899827421048100113886518323910,92049,38,180,180,0,True
1718240483,20079487,7899827421048100113886518323910,92049,38,180,180,0,True
1718240495,20079488,7899827421048100113886518323910,92049,38,180,180,0,True
1718240507,20079489,7899827421048100113886518323910,92049,38,180,180,0,True
1718240519,20079490,7899827421048100113886518323910,92049,38,180,180,0,True
1718240531,20079491,7899827421048100113886518323910,92049,38,180,180,0,True
1718240543,20079492,7899827421048100113886518323910,92049,38,180,180,0,True
1718240555,20079493,7899827421048100113886518323910,92049,38,180,180,0,True
1718240567,20079494,7899827421048100113886518323910,92049,38,180,180,0,True
1718240579,20079495,7899827421048100113886518323910,92049,38,180,180,0,True
1718240591,20079496,7899827421048100113886518323910,92049,38,180,180,0,True
1718240603,20079497,7899827421048100113886518323910,92049,38,180,180,0,True
1718240615,20079498,7899827421048100113886518323910,92049,38,180,180,0,True
1718240627,20079499,7899827421048100113886518323910,92049,38,180,180,0,True
1718240639,20079500,7899827421048100113886518323910,92049,38,180,180,0,True
1718240651,20079501,7899827421048100113886518323910,92049,38,180,180,0,True
1718240663,20079502,7899827421048100113886518323910,92049,38,180,180,0,True
1718240675,20079503,7899827421048100113886518323910,92049,38,180,180,0,True
1718240687,20079504,7899827421048100113886518323910,92049,38,180,180,0,True
1718240699,20079505,7899827421048100113886518323910,92049,38,180,180,0,True
1718240711,20079506,7899827421048100113886518323910,92049,38,180,180,0,True
1718240723,20079507,7899827421048100113886518323910,92049,38,180,180,0,True
1718240735,20079508,7899827421048100113886518323910,92049,38,180,180,0,True
1718240747,20079509,7899827421048100113886518323910,92049,38,180,180,0,True
1718240759,20079510,7899827421048100113886518323910,92049,38,180,180,0,True
1718240771,20079511,7899827421048100113886518323910,92049,38,180,180,0,True
1718240783,20079512,7899827421048100113886518323910,92049,38,180,180,0,True
1718240795,20079513,7899827421048100113886518323910,92049,38,180,180,0,True
1718240807,20079514,7899827421048100113886518323910,92049,38,180,180,0,True
1718240819,20079515,7899827421048100113886518323910,92049,38,180,180,0,True
1718240831,20079516,7899827421048100113886518323910,92049,38,180,180,0,True
1718240843,20079517,7899827421048100113886518323910,92049,38,180,180,0,True
1718240855,20079518,7899827421048100113886518323910,92049,38,180,180,0,True
1718240867,20079519,7908298196118120627974349427252,92071,39,180,180,0,True
1718240879,20079520,7908298196118120627974349427252,92071,39,180,180,0,True
1718240891,20079521,7908298196118120627974349427252,92071,39,180,180,0,True
1718240903,20079522,7908298196118120627974349427252,92071,39,180,180,0,True
1718240915,20079523,7908298196118120627974349427252,92071,39,180,180,0,True
1718240927,20079524,7908298196118120627974349427252,92071,39,180,180,0,True
1718240939,20079525,7908298196118120627974349427252,92071,39,180,180,0,True
1718240951,20079526,7908298196118120627974349427252,92071,39,180,180,0,True
1718240963,20079527,7908298196118120627974349427252,92071,39,180,180,0,True
1718240975,20079528,7908298196118120627974349427252,92071,39,180,180,0,True
1718240987,20079529,7908298196118120627974349427252,92071,39,180,180,0,True
1718240999,20079530,7908298196118120627974349427252,92071,39,180,180,0,True
1718241011,20079531,7908298196118120627974349427252,92071,39,180,180,0,True
1718241023,20079532,7908298196118120627974349427252,92071,39,180,180,0,True
1718241035,20079533,7908298196118120627974349427252,92071,39,180,180,0,True
1718241047,20079534,7908298196118120627974349427252,92071,39,180,180,0,True
1718241059,20079535,7908298196118120627974349427252,92071,39,180,180,0,True
1718241071,20079536,7908298196118120627974349427252,92071,39,180,180,0,True
1718241083,20079537,7908298196118120627974349427252,92071,39,180,180,0,True
1718241095,20079538,7908298196118120627974349427252,92071,39,180,180,0,True
1718241107,20079539,7908298196118120627974349427252,92071,39,180,180,0,True
1718241119,20079540,7908298196118120627974349427252,92071,39,180,180,0,True
1718241131,20079541,7908298196118120627974349427252,92071,39,180,180,0,True
1718241143,20079542,7908298196118120627974349427252,92071,39,180,180,0,True
1718241155,20079543,7908298196118120627974349427252,92071,39,180,180,0,True
1718241167,20079544,7908298196118120627974349427252,92071,39,180,180,0,True
1718241179,20079545,7908298196118120627974349427252,92071,39,180,180,0,True
1718241191,20079546,7908298196118120627974349427252,92071,39,180,180,0,True
1718241203,20079547,7908298196118120627974349427252,92071,39,180,180,0,True
1718241215,20079548,7908298196118120627974349427252,92071,39,180,180,0,True
1718241227,20079549,7908298196118120627974349427252,92071,39,180,180,0,True
1718241239,20079550,7908298196118120627974349427252,92071,39,180,180,0,True
1718241251,20079551,7908298196118120627974349427252,92071,39,180,180,0,True
1718241263,20079552,7908298196118120627974349427252,92071,39,180,180,0,True
1718241275,20079553,7908298196118120627974349427252,92071,39,180,180,0,True
1718241287,20079554,7908298196118120627974349427252,92071,39,180,180,0,True
1718241299,20079555,7908298196118120627974349427252,92071,39,180,180,0,True
1718241311,20079556,7908298196118120627974349427252,92071,39,180,180,0,True
1718241323,20079557,7908298196118120627974349427252,92071,39,180,180,0,True
1718241335,20079558,7908298196118120627974349427252,92071,39,180,180,0,True
1718241347,20079559,7908298196118120627974349427252,92071,39,180,180,0,True
1718241359,20079560,7908298196118120627974349427252,92071,39,180,180,0,True
1718241371,20079561,7908298196118120627974349427252,92071,39,180,180,0,True
1718241383,20079562,7908298196118120627974349427252,92071,39,180,180,0,True
1718241395,20079563,7908298196118120627974349427252,92071,39,180,180,0,True
1718241407,20079564,7908298196118120627974349427252,92071,39,180,180,0,True
1718241419,20079565,7908298196118120627974349427252,92071,39,180,180,0,True
1718241431,20079566,7908298196118120627974349427252,92071,39,180,180,0,True
1718241443,20079567,7908298196118120627974349427252,92071,39,180,180,0,True
1718241455,20079568,7908298196118120627974349427252,92071,39,180,180,0,True
1718241467,20079569,7908298196118120627974349427252,92071,39,180,180,0,True
1718241479,20079570,7908298196118120627974349427252,92071,39,180,180,0,True
1718241491,20079571,7908298196118120627974349427252,92071,39,180,180,0,True
1718241503,20079572,7908298196118120627974349427252,92071,39,180,180,0,True
1718241515,20079573,7908298196118120627974349427252,92071,39,180,180,0,True
1718241527,20079574,7908298196118120627974349427252,92071,39,180,180,0,True
1718241539,20079575,7908298196118120627974349427252,92071,39,180,180,0,True
1718241551,20079576,7908298196118120627974349427252,92071,39,180,180,0,True
1718241563,20079577,7908298196118120627974349427252,92071,39,180,180,0,True
1718241575,20079578,7908298196118120627974349427252,92071,39,180,180,0,True
1718241587,20079579,7908298196118120627974349427252,92071,39,180,180,0,True
1718241599,20079580,7908298196118120627974349427252,92071,39,180,180,0,True
1718241611,20079581,7908298196118120627974349427252,92071,39,180,180,0,True
1718241623,20079582,7908298196118120627974349427252,92071,39,180,180,0,True
1718241635,20079583,7908298196118120627974349427252,92071,39,180,180,0,True
1718241647,20079584,7908298196118120627974349427252,92071,39,180,180,0,True
1718241659,20079585,7908298196118120627974349427252,92071,39,180,180,0,True
1718241671,20079586,7908298196118120627974349427252,92071,39,180,180,0,True
1718241683,20079587,7908298196118120627974349427252,92071,39,180,180,0,True
1718241695,20079588,7908298196118120627974349427252,92071,39,180,180,0,True
1718241707,20079589,7908298196118120627974349427252,92071,39,180,180,0,True
1718241719,20079590,7908298196118120627974349427252,92071,39,180,180,0,True
1718241731,20079591,7908298196118120627974349427252,92071,39,180,180,0,True
1718241743,20079592,7908298196118120627974349427252,92071,39,180,180,0,True
1718241755,20079593,7908298196118120627974349427252,92071,39,180,180,0,True
1718241767,20079594,7908298196118120627974349427252,92071,39,180,180,0,True
1718241779,20079595,7908298196118120627974349427252,92071,39,180,180,0,True
1718241791,20079596,7908298196118120627974349427252,92071,39,180,180,0,True
1718241803,20079597,7908298196118120627974349427252,92071,39,180,180,0,True
1718241815,20079598,7908298196118120627974349427252,92071,39,180,180,0,True
1718241827,20079599,7908298196118120627974349427252,92071,39,180,180,0,True
1718241839,20079600,7908298196118120627974349427252,92071,39,180,180,0,True
1718241851,20079601,7908298196118120627974349427252,92071,39,180,180,0,True
1718241863,20079602,7908298196118120627974349427252,92071,39,180,180,0,True
1718241875,20079603,7908298196118120627974349427252,92071,39,180,180,0,True
1718241887,20079604,7908298196118120627974349427252,92071,39,180,180,0,True
1718241899,20079605,7908298196118120627974349427252,92071,39,180,180,0,True
1718241911,20079606,7908298196118120627974349427252,92071,39,180,180,0,True
1718241923,20079607,7908298196118120627974349427252,92071,39,180,180,0,True
1718241935,20079608,7908298196118120627974349427252,92071,39,180,180,0,True
1718241947,20079609,7908298196118120627974349427252,92071,39,180,180,0,True
1718241959,20079610,7908298196118120627974349427252,92071,39,180,180,0,True
1718241971,20079611,7908298196118120627974349427252,92071,39,180,180,0,True
1718241983,20079612,7908298196118120627974349427252,92071,39,180,180,0,True
1718241995,20079613,7908298196118120627974349427252,92071,39,180,180,0,True
1718242007,20079614,7908298196118120627974349427252,92071,39,180,180,0,True
1718242019,20079615,7908298196118120627974349427252,92071,39,180,180,0,True
1718242031,20079616,7908298196118120627974349427252,92071,39,180,180,0,True
1718242043,20079617,7908298196118120627974349427252,92071,39,180,180,0,True
1718242055,20079618,7908298196118120627974349427252,92071,39,180,180,0,True
1718242067,20079619,7908298196118120627974349427252,92071,39,180,180,0,True
1718242079,20079620,7908298196118120627974349427252,92071,39,180,180,0,True
1718242091,20079621,7908298196118120627974349427252,92071,39,180,180,0,True
1718242103,20079622,7908298196118120627974349427252,92071,39,180,180,0,True
1718242115,20079623,7908298196118120627974349427252,92071,39,180,180,0,True
1718242127,20079624,7908298196118120627974349427252,92071,39,180,180,0,True
1718242139,20079625,7908298196118120627974349427252,92071,39,180,180,0,True
1718242151,20079626,7908298196118120627974349427252,92071,39,180,180,0,True
1718242163,20079627,7908298196118120627974349427252,92071,39,180,180,0,True
1718242175,20079628,7908298196118120627974349427252,92071,39,180,180,0,True
1718242187,20079629,7908298196118120627974349427252,92071,39,180,180,0,True
1718242199,20079630,7908298196118120627974349427252,92071,39,180,180,0,True
1718242211,20079631,7908298196118120627974349427252,92071,39,180,180,0,True
1718242223,20079632,7908298196118120627974349427252,92071,39,180,180,0,True
1718242235,20079633,7908298196118120627974349427252,92071,39,180,180,0,True
1718242247,20079634,7908298196118120627974349427252,92071,39,180,180,0,True
1718242259,20079635,7908298196118120627974349427252,92071,39,180,180,0,True
1718242271,20079636,7908298196118120627974349427252,92071,39,180,180,0,True
1718242283,20079637,7908298196118120627974349427252,92071,39,180,180,0,True
1718242295,20079638,7908298196118120627974349427252,92071,39,180,180,0,True
1718242307,20079639,7908298196118120627974349427252,92071,39,180,180,0,True
1718242319,20079640,7908298196118120627974349427252,92071,39,180,180,0,True
1718242331,20079641,7908298196118120627974349427252,92071,39,180,180,0,True
1718242343,20079642,7908298196118120627974349427252,92071,39,180,180,0,True
1718242355,20079643,7908298196118120627974349427252,92071,39,180,180,0,True
1718242367,20079644,7908298196118120627974349427252,92071,39,180,180,0,True
1718242379,20079645,7908298196118120627974349427252,92071,39,180,180,0,True
1718242391,20079646,7908298196118120627974349427252,92071,39,180,180,0,True
1718242403,20079647,7908298196118120627974349427252,92071,39,180,180,0,True
1718242415,20079648,7908298196118120627974349427252,92071,39,180,180,0,True
1718242427,20079649,7908298196118120627974349427252,92071,39,180,180,0,True
1718242439,20079650,7908298196118120627974349427252,92071,39,180,180,0,True
1718242451,20079651,7908298196118120627974349427252,92071,39,180,180,0,True
1718242463,20079652,7908298196118120627974349427252,92071,39,180,180,0,True
1718242475,20079653,7916291664466384123119521925703,92091,40,180,180,0,True
1718242487,20079654,7916291664466384123119521925703,92091,40,180,180,0,True
1718242499,20079655,7916291664466384123119521925703,92091,40,180,180,0,True
1718242511,20079656,7916291664466384123119521925703,92091,40,180,180,0,True
1718242523,20079657,7916291664466384123119521925703,92091,40,180,180,0,True
1718242535,20079658,7916291664466384123119521925703,92091,40,180,180,0,True
1718242547,20079659,7916291664466384123119521925703,92091,40,180,180,0,True
1718242559,20079660,7916291664466384123119521925703,92091,40,180,180,0,True
1718242571,20079661,7916291664466384123119521925703,92091,40,180,180,0,True
1718242583,20079662,7916291664466384123119521925703,92091,40,180,180,0,True
1718242595,20079663,7916291664466384123119521925703,92091,40,180,180,0,True
1718242607,20079664,7916291664466384123119521925703,92091,40,180,180,0,True
1718242619,20079665,7916291664466384123119521925703,92091,40,180,180,0,True
1718242631,20079666,7916291664466384123119521925703,92091,40,180,180,0,True
1718242643,20079667,7916291664466384123119521925703,92091,40,180,180,0,True
1718242655,20079668,7916291664466384123119521925703,92091,40,180,180,0,True
1718242667,20079669,7916291664466384123119521925703,92091,40,180,180,0,True
1718242679,20079670,7916291664466384123119521925703,92091,40,180,180,0,True
1718242691,20079671,7916291664466384123119521925703,92091,40,180,180,0,True
1718242703,20079672,7916291664466384123119521925703,92091,40,180,180,0,True
1718242715,20079673,7916291664466384123119521925703,92091,40,180,180,0,True
1718242727,20079674,7916291664466384123119521925703,92091,40,180,180,0,True
1718242739,20079675,7916291664466384123119521925703,92091,40,180,180,0,True
1718242751,20079676,7914758267533653045554809888125,92087,41,180,180,0,True
1718242763,20079677,7914758267533653045554809888125,92087,41,180,180,0,True
1718242775,20079678,7914758267533653045554809888125,92087,41,180,180,0,True
1718242787,20079679,7914758267533653045554809888125,92087,41,180,180,0,True
1718242799,20079680,7914758267533653045554809888125,92087,41,180,180,0,True
1718242811,20079681,7914758267533653045554809888125,92087,41,180,180,0,True
1718242823,20079682,7914758267533653045554809888125,92087,41,180,180,0,True
1718242835,20079683,7914758267533653045554809888125,92087,41,180,180,0,True
1718242847,20079684,7914758267533653045554809888125,92087,41,180,180,0,True
1718242859,20079685,7914758267533653045554809888125,92087,41,180,180,0,True
1718242871,20079686,7914758267533653045554809888125,92087,41,180,180,0,True
1718242883,20079687,7914758267533653045554809888125,92087,41,180,180,0,True
1718242895,20079688,7914758267533653045554809888125,92087,41,180,180,0,True
1718242907,20079689,7914758267533653045554809888125,92087,41,180,180,0,True
1718242919,20079690,7914758267533653045554809888125,92087,41,180,180,0,True
1718242931,20079691,7914758267533653045554809888125,92087,41,180,180,0,True
1718242943,20079692,7914758267533653045554809888125,92087,41,180,180,0,True
1718242955,20079693,7914758267533653045554809888125,92087,41,180,180,0,True
1718242967,20079694,7914758267533653045554809888125,92087,41,180,180,0,True
1718242979,20079695,7914825398324734649453015570913,92087,41,180,180,0,True
1718242991,20079696,7914825398324734649453015570913,92087,41,180,180,0,True
1718243003,20079697,7914825398324734649453015570913,92087,41,180,180,0,True
1718243015,20079698,7914825398324734649453015570913,92087,41,180,180,0,True
1718243027,20079699,7914825398324734649453015570913,92087,41,180,180,0,True
1718243039,20079700,7914825398324734649453015570913,92087,41,180,180,0,True
1718243051,20079701,7914825398324734649453015570913,92087,41,180,180,0,True
1718243063,20079702,7914825398324734649453015570913,92087,41,180,180,0,True
1718243075,20079703,7914825398324734649453015570913,92087,41,180,180,0,True
1718243087,20079704,7914825398324734649453015570913,92087,41,180,180,0,True
1718243099,20079705,7914825398324734649453015570913,92087,41,180,180,0,True
1718243111,20079706,7914825398324734649453015570913,92087,41,180,180,0,True
1718243123,20079707,7914825398324734649453015570913,92087,41,180,180,0,True
1718243135,20079708,7914825398324734649453015570913,92087,41,180,180,0,True
1718243147,20079709,7914825398324734649453015570913,92087,41,180,180,0,True
1718243159,20079710,7914825398324734649453015570913,92087,41,180,180,0,True
1718243171,20079711,7914825398324734649453015570913,92087,41,180,180,0,True
1718243183,20079712,7914825398324734649453015570913,92087,41,180,180,0,True
1718243195,20079713,7914825398324734649453015570913,92087,41,180,180,0,True
1718243207,20079714,7914825398324734649453015570913,92087,41,180,180,0,True
1718243219,20079715,7914825398324734649453015570913,92087,41,180,180,0,True
1718243231,20079716,7914825398324734649453015570913,92087,41,180,180,0,True
1718243243,20079717,7914825398324734649453015570913,92087,41,180,180,0,True
1718243255,20079718,7914825398324734649453015570913,92087,41,180,180,0,True
1718243267,20079719,7914825398324734649453015570913,92087,41,180,180,0,True
1718243279,20079720,7914825398324734649453015570913,92087,41,180,180,0,True
1718243291,20079721,7914825398324734649453015570913,92087,41,180,180,0,True
1718243303,20079722,7914825398324734649453015570913,92087,41,180,180,0,True
1718243315,20079723,7914825398324734649453015570913,92087,41,180,180,0,True
1718243327,20079724,7914825398324734649453015570913,92087,41,180,180,0,True
1718243339,20079725,7914825398324734649453015570913,92087,41,180,180,0,True
1718243351,20079726,7928483877689604619233053733478,92122,42,180,180,0,True
1718243363,20079727,7928483877689604619233053733478,92122,42,180,180,0,True
1718243375,20079728,7928483877689604619233053733478,92122,42,180,180,0,True
1718243387,20079729,7928483877689604619233053733478,92122,42,180,180,0,True
1718243399,20079730,7928483877689604619233053733478,92122,42,180,180,0,True
1718243411,20079731,7928483877689604619233053733478,92122,42,180,180,0,True
1718243423,20079732,7928483877689604619233053733478,92122,42,180,180,0,True
1718243435,20079733,7928483877689604619233053733478,92122,42,180,180,0,True
1718243447,20079734,7928483877689604619233053733478,92122,42,180,180,0,True
1718243459,20079735,7928483877689604619233053733478,92122,42,180,180,0,True
1718243471,20079736,7928483877689604619233053733478,92122,42,180,180,0,True
1718243483,20079737,7928483877689604619233053733478,92122,42,180,180,0,True
1718243495,20079738,7928483877689604619233053733478,92122,42,180,180,0,True
1718243507,20079739,7928483877689604619233053733478,92122,42,180,180,0,True
1718243519,20079740,7928483877689604619233053733478,92122,42,180,180,0,True
1718243531,20079741,7928483877689604619233053733478,92122,42,180,180,0,True
1718243543,20079742,7928483877689604619233053733478,92122,42,180,180,0,True
1718243555,20079743,7928483877689604619233053733478,92122,42,180,180,0,True
1718243567,20079744,7928483877689604619233053733478,92122,42,180,180,0,True
1718243579,20079745,7928483877689604619233053733478,92122,42,180,180,0,True
1718243591,20079746,7928483877689604619233053733478,92122,42,180,180,0,True
1718243603,20079747,7928483877689604619233053733478,92122,42,180,180,0,True
1718243615,20079748,7928483877689604619233053733478,92122,42,180,180,0,True
1718243627,20079749,7928483877689604619233053733478,92122,42,180,180,0,True
1718243639,20079750,7928483877689604619233053733478,92122,42,180,180,0,True
1718243651,20079751,7928483877689604619233053733478,92122,42,180,180,0,True
1718243663,20079752,7928483877689604619233053733478,92122,42,180,180,0,True
1718243675,20079753,7928483877689604619233053733478,92122,42,180,180,0,True
1718243687,20079754,7928483877689604619233053733478,92122,42,180,180,0,True
1718243699,20079755,7928483877689604619233053733478,92122,42,180,180,0,True
1718243711,20079756,7928483877689604619233053733478,92122,42,180,180,0,True
1718243723,20079757,7928483877689604619233053733478,92122,42,180,180,0,True
1718243735,20079758,7928483877689604619233053733478,92122,42,180,180,0,True
1718243747,20079759,7928483877689604619233053733478,92122,42,180,180,0,True
1718243759,20079760,7928483877689604619233053733478,92122,42,180,180,0,True
1718243771,20079761,7928483877689604619233053733478,92122,42,180,180,0,True
1718243783,20079762,7928483877689604619233053733478,92122,42,180,180,0,True
1718243795,20079763,7928483877689604619233053733478,92122,42,180,180,0,True
1718243807,20079764,7928483877689604619233053733478,92122,42,180,180,0,True
1718243819,20079765,7928483877689604619233053733478,92122,42,180,180,0,True
1718243831,20079766,7928483877689604619233053733478,92122,42,180,180,0,True
1718243843,20079767,7928483877689604619233053733478,92122,42,180,180,0,True
1718243855,20079768,7928483877689604619233053733478,92122,42,180,180,0,True
1718243867,20079769,7928483877689604619233053733478,92122,42,180,180,0,True
1718243879,20079770,7928483877689604619233053733478,92122,42,180,180,0,True
1718243891,20079771,7928483877689604619233053733478,92122,42,180,180,0,True
1718243903,20079772,7928483877689604619233053733478,92122,42,180,180,0,True
1718243915,20079773,7928483877689604619233053733478,92122,42,180,180,0,True
1718243927,20079774,7937854612777359841953722367529,92145,43,180,180,0,True
1718243939,20079775,7937854612777359841953722367529,92145,43,180,180,0,True
1718243951,20079776,7937854612777359841953722367529,92145,43,180,180,0,True
1718243963,20079777,7937854612777359841953722367529,92145,43,180,180,0,True
1718243975,20079778,7937854612777359841953722367529,92145,43,180,180,0,True
1718243987,20079779,7937854612777359841953722367529,92145,43,180,180,0,True
1718243999,20079780,7937854612777359841953722367529,92145,43,180,180,0,True
1718244011,20079781,7937854612777359841953722367529,92145,43,180,180,0,True
1718244023,20079782,7937854612777359841953722367529,92145,43,180,180,0,True
1718244035,20079783,7937854612777359841953722367529,92145,43,180,180,0,True
1718244047,20079784,7937854612777359841953722367529,92145,43,180,180,0,True
1718244059,20079785,7937854612777359841953722367529,92145,43,180,180,0,True
1718244071,20079786,7937854612777359841953722367529,92145,43,180,180,0,True
1718244083,20079787,7937854612777359841953722367529,92145,43,180,180,0,True
1718244095,20079788,7937854612777359841953722367529,92145,43,180,180,0,True
1718244107,20079789,7937854612777359841953722367529,92145,43,180,180,0,True
1718244119,20079790,7937854612777359841953722367529,92145,43,180,180,0,True
1718244131,20079791,7937854612777359841953722367529,92145,43,180,180,0,True
1718244143,20079792,7937854612777359841953722367529,92145,43,180,180,0,True
1718244155,20079793,7937854612777359841953722367529,92145,43,180,180,0,True
1718244167,20079794,7937854612777359841953722367529,92145,43,180,180,0,True
1718244179,20079795,7937854612777359841953722367529,92145,43,180,180,0,True
1718244191,20079796,7937854612777359841953722367529,92145,43,180,180,0,True
1718244203,20079797,7937854612777359841953722367529,92145,43,180,180,0,True
1718244215,20079798,7937854612777359841953722367529,92145,43,180,180,0,True
1718244227,20079799,7937854612777359841953722367529,92145,43,180,180,0,True
1718244239,20079800,7937854612777359841953722367529,92145,43,180,180,0,True
1718244251,20079801,7937854612777359841953722367529,92145,43,180,180,0,True
1718244263,20079802,7937854612777359841953722367529,92145,43,180,180,0,True
1718244275,20079803,7937854612777359841953722367529,92145,43,180,180,0,True
1718244287,20079804,7937854612777359841953722367529,92145,43,180,180,0,True
1718244299,20079805,7937854612777359841953722367529,92145,43,180,180,0,True
1718244311,20079806,7937937882310876014154825573476,92146,44,180,180,0,True
1718244323,20079807,7937937882310876014154825573476,92146,44,180,180,0,True
1718244335,20079808,7937937882310876014154825573476,92146,44,180,180,0,True
1718244347,20079809,7937937882310876014154825573476,92146,44,180,180,0,True
1718244359,20079810,7937937882310876014154825573476,92146,44,180,180,0,True
1718244371,20079811,7937937882310876014154825573476,92146,44,180,180,0,True
1718244383,20079812,7937937882310876014154825573476,92146,44,180,180,0,True
1718244395,20079813,7937937882310876014154825573476,92146,44,180,180,0,True
1718244407,20079814,7937937882310876014154825573476,92146,44,180,180,0,True
1718244419,20079815,7937937882310876014154825573476,92146,44,180,180,0,True
1718244431,20079816,7937937882310876014154825573476,92146,44,180,180,0,True
1718244443,20079817,7963352969413494803760735179356,92210,45,180,180,0,True
1718244455,20079818,7963352969413494803760735179356,92210,45,180,180,0,True
1718244467,20079819,7963352969413494803760735179356,92210,45,180,180,0,True
1718244479,20079820,7990433717817169485548550983552,92277,46,180,180,0,True
1718244491,20079821,7990433717817169485548550983552,92277,46,180,180,0,True
1718244503,20079822,7990433717817169485548550983552,92277,46,180,180,0,True
1718244515,20079823,8018510204791865550189041038544,92348,47,180,180,0,True
1718244527,20079824,8018510204791865550189041038544,92348,47,180,180,0,True
1718244539,20079825,8018510204791865550189041038544,92348,47,180,180,0,True
1718244551,20079826,8018510204791865550189041038544,92348,47,180,180,0,True
1718244563,20079827,8094230200192498504352692739507,92536,48,180,180,0,True
1718244575,20079828,8094230200192498504352692739507,92536,48,180,180,0,True
1718244587,20079829,8094230200192498504352692739507,92536,48,180,180,0,True
1718244599,20079830,8090616920461851314258230430432,92527,49,180,180,0,True
1718244611,20079831,8090616920461851314258230430432,92527,49,180,180,0,True
1718244623,20079832,8090616920461851314258230430432,92527,49,180,180,0,True
1718244635,20079833,8086997054934484491959132114299,92518,50,180,180,0,True
1718244647,20079834,8086997054934484491959132114299,92518,50,180,180,0,True
1718244659,20079835,8086997054934484491959132114299,92518,50,180,180,0,True
1718244671,20079836,8083105587729562398845035275345,92508,51,180,180,0,True
1718244683,20079837,8083105587729562398845035275345,92508,51,180,180,0,True
1718244695,20079838,8083105587729562398845035275345,92508,51,180,180,0,True
1718244707,20079839,8083105587729562398845035275345,92508,51,180,180,0,True
1718244719,20079840,8083105587729562398845035275345,92508,51,180,180,0,True
1718244731,20079841,8083105587729562398845035275345,92508,51,180,180,0,True
1718244743,20079842,8083105587729562398845035275345,92508,51,180,180,0,True
1718244755,20079843,8083105587729562398845035275345,92508,51,180,180,0,True
1718244767,20079844,8083105587729562398845035275345,92508,51,180,180,0,True
1718244779,20079845,8083105587729562398845035275345,92508,51,180,180,0,True
1718244791,20079846,8420897109182793497181476452992,93327,52,180,180,0,True
1718244803,20079847,8118185198453512810846115825352,92595,53,180,180,0,True
1718244815,20079848,8118185198453512810846115825352,92595,53,180,180,0,True
1718244827,20079849,8433743861849099019256819187994,93357,54,180,180,0,True
1718244839,20079850,8117765553230671523430425425237,92594,55,180,180,0,True
1718244851,20079851,8117765553230671523430425425237,92594,55,180,180,0,True
1718244863,20079852,8117765553230671523430425425237,92594,55,180,180,0,True
1718244875,20079853,8248416451127876640647301821889,92913,56,180,180,0,True
1718244887,20079854,8154704743246427214020638866565,92685,57,180,180,0,True
1718244899,20079855,8154704743246427214020638866565,92685,57,180,180,0,True
1718244911,20079856,8154704743246427214020638866565,92685,57,180,180,0,True
1718244923,20079857,8324151270678407191070204918456,93096,58,180,180,0,True
1718244935,20079858,8351639780717992065003343388982,93162,59,180,180,0,True
1718244947,20079859,8135294241339096314068340276396,92637,60,180,180,0,True
1718244959,20079860,8290648323232097946921665618414,93015,61,180,180,0,True
1718244971,20079861,8116943417096004958661607889560,92592,62,180,180,0,True
1718244983,20079862,8183171896061734282030168156737,92754,63,180,180,0,True
1718244995,20079863,8124461898088515958382224474112,92610,64,180,180,0,True
1718245007,20079864,8354850507780704425068156061219,93169,65,180,180,0,True
1718245019,20079865,8148220345534213552871903794023,92669,66,180,180,0,True
1718245031,20079866,8253294786499391207687131412130,92925,67,180,180,0,True
1718245043,20079867,8129001529951439688306300960150,92621,68,180,180,0,True
1718245055,20079868,8511676733466350897100705682908,93541,69,180,180,0,True
1718245067,20079869,8136552889612677693798450302616,92640,70,180,180,0,True
1718245079,20079870,8136552889612677693798450302616,92640,70,180,180,0,True
1718245091,20079871,8224110740059850348196570363287,92854,71,180,180,0,True
1718245103,20079872,8144884592990411073802597984956,92660,72,180,180,0,True
1718245115,20079873,8144884592990411073802597984956,92660,72,180,180,0,True
1718245127,20079874,8144884592990411073802597984956,92660,72,180,180,0,True
1718245139,20079875,8144884592990411073802597984956,92660,72,180,180,0,True
1718245151,20079876,8144884592990411073802597984956,92660,72,180,180,0,True
1718245163,20079877,8144884592990411073802597984956,92660,72,180,180,0,True
1718245175,20079878,8144884592990411073802597984956,92660,72,180,180,0,True
1718245187,20079879,8144884592990411073802597984956,92660,72,180,180,0,True
1718245199,20079880,8144884592990411073802597984956,92660,72,180,180,0,True
1718245211,20079881,8144884592990411073802597984956,92660,72,180,180,0,True
1718245223,20079882,8144884592990411073802597984956,92660,72,180,180,0,True
1718245235,20079883,8144884592990411073802597984956,92660,72,180,180,0,True
1718245247,20079884,8144884592990411073802597984956,92660,72,180,180,0,True
1718245259,20079885,8144884592990411073802597984956,92660,72,180,180,0,True
1718245271,20079886,8192634149560858690501941488050,92777,73,180,180,0,True
1718245283,20079887,8192634149560858690501941488050,92777,73,180,180,0,True
1718245295,20079888,8192634149560858690501941488050,92777,73,180,180,0,True
1718245307,20079889,8192634149560858690501941488050,92777,73,180,180,0,True
1718245319,20079890,8192634149560858690501941488050,92777,73,180,180,0,True
1718245331,20079891,8192634149560858690501941488050,92777,73,180,180,0,True
1718245343,20079892,8192634149560858690501941488050,92777,73,180,180,0,True
1718245355,20079893,8192634149560858690501941488050,92777,73,180,180,0,True
1718245367,20079894,8192634149560858690501941488050,92777,73,180,180,0,True
1718245379,20079895,8192634149560858690501941488050,92777,73,180,180,0,True
1718245391,20079896,8192634149560858690501941488050,92777,73,180,180,0,True
1718245403,20079897,8192634149560858690501941488050,92777,73,180,180,0,True
1718245415,20079898,8192634149560858690501941488050,92777,73,180,180,0,True
1718245427,20079899,8192634149560858690501941488050,92777,73,180,180,0,True
1718245439,20079900,8192634149560858690501941488050,92777,73,180,180,0,True
1718245451,20079901,8192634149560858690501941488050,92777,73,180,180,0,True
1718245463,20079902,8192634149560858690501941488050,92777,73,180,180,0,True
1718245475,20079903,8192634149560858690501941488050,92777,73,180,180,0,True
1718245487,20079904,8192634149560858690501941488050,92777,73,180,180,0,True
1718245499,20079905,8192634149560858690501941488050,92777,73,180,180,0,True
1718245511,20079906,8192634149560858690501941488050,92777,73,180,180,0,True
1718245523,20079907,8192634149560858690501941488050,92777,73,180,180,0,True
1718245535,20079908,8192634149560858690501941488050,92777,73,180,180,0,True
1718245547,20079909,8192634149560858690501941488050,92777,73,180,180,0,True
1718245559,20079910,8192634149560858690501941488050,92777,73,180,180,0,True
1718245571,20079911,8192634149560858690501941488050,92777,73,180,180,0,True
1718245583,20079912,8244178631924111553080099362812,92903,74,180,180,0,True
1718245595,20079913,8244178631924111553080099362812,92903,74,180,180,0,True
1718245607,20079914,8244178631924111553080099362812,92903,74,180,180,0,True
1718245619,20079915,8244178631924111553080099362812,92903,74,180,180,0,True
1718245631,20079916,8244178631924111553080099362812,92903,74,180,180,0,True
1718245643,20079917,8244178631924111553080099362812,92903,74,180,180,0,True
1718245655,20079918,8244178631924111553080099362812,92903,74,180,180,0,True
1718245667,20079919,8244178631924111553080099362812,92903,74,180,180,0,True
1718245679,20079920,8244178631924111553080099362812,92903,74,180,180,0,True
1718245691,20079921,8244178631924111553080099362812,92903,74,180,180,0,True
1718245703,20079922,8244178631924111553080099362812,92903,74,180,180,0,True
1718245715,20079923,8290134793340777406955475404058,93014,75,180,180,0,True
1718245727,20079924,8290134793340777406955475404058,93014,75,180,180,0,True
1718245739,20079925,8282446118580245324581936794641,92995,76,180,180,0,True
1718245751,20079926,8358623768723004471757768969754,93179,77,180,180,0,True
1718245763,20079927,8358623768723004471757768969754,93179,77,180,180,0,True
1718245775,20079928,8358623768723004471757768969754,93179,77,180,180,0,True
1718245787,20079929,8358623768723004471757768969754,93179,77,180,180,0,True
1718245799,20079930,8358623768723004471757768969754,93179,77,180,180,0,True
1718245811,20079931,8358623768723004471757768969754,93179,77,180,180,0,True
1718245823,20079932,8358623768723004471757768969754,93179,77,180,180,0,True
1718245835,20079933,8358623768723004471757768969754,93179,77,180,180,0,True
1718245847,20079934,8275948474608911492030453670752,92980,78,180,180,0,True
1718245859,20079935,8275948474608911492030453670752,92980,78,180,180,0,True
1718245871,20079936,8275948474608911492030453670752,92980,78,180,180,0,True
1718245883,20079937,8275948474608911492030453670752,92980,78,180,180,0,True
1718245895,20079938,8275948474608911492030453670752,92980,78,180,180,0,True
1718245907,20079939,8275948474608911492030453670752,92980,78,180,180,0,True
1718245919,20079940,8275948474608911492030453670752,92980,78,180,180,0,True
1718245931,20079941,8275948474608911492030453670752,92980,78,180,180,0,True
1718245943,20079942,8275948474608911492030453670752,92980,78,180,180,0,True
1718245955,20079943,8275948474608911492030453670752,92980,78,180,180,0,True
1718245967,20079944,8275948474608911492030453670752,92980,78,180,180,0,True
1718245979,20079945,8354987986987181384793718117813,93170,79,180,180,0,True
1718245991,20079946,8354987986987181384793718117813,93170,79,180,180,0,True
1718246003,20079947,8354987986987181384793718117813,93170,79,180,180,0,True
1718246015,20079948,8354987986987181384793718117813,93170,79,180,180,0,True
1718246027,20079949,8354987986987181384793718117813,93170,79,180,180,0,True
1718246039,20079950,8354987986987181384793718117813,93170,79,180,180,0,True
1718246051,20079951,8354987986987181384793718117813,93170,79,180,180,0,True
1718246063,20079952,8354987986987181384793718117813,93170,79,180,180,0,True
1718246075,20079953,8354987986987181384793718117813,93170,79,180,180,0,True
1718246087,20079954,8354987986987181384793718117813,93170,79,180,180,0,True
1718246099,20079955,8507471663160007919465726624953,93532,80,180,180,0,True
1718246111,20079956,8507471663160007919465726624953,93532,80,180,180,0,True
1718246123,20079957,8390848733276233861176903073792,93255,81,180,180,0,True
1718246135,20079958,8390848733276233861176903073792,93255,81,180,180,0,True
1718246147,20079959,8390848733276233861176903073792,93255,81,180,180,0,True
1718246159,20079960,8390848733276233861176903073792,93255,81,180,180,0,True
1718246171,20079961,8390848733276233861176903073792,93255,81,180,180,0,True
1718246183,20079962,8543738078934168743603544182052,93617,82,180,180,0,True
1718246195,20079963,8440208615498580642467705029397,93373,83,180,180,0,True
1718246207,20079964,8440208615498580642467705029397,93373,83,180,180,0,True
1718246219,20079965,8440208615498580642467705029397,93373,83,180,180,0,True
1718246231,20079966,8440208615498580642467705029397,93373,83,180,180,0,True
1718246243,20079967,8440208615498580642467705029397,93373,83,180,180,0,True
1718246255,20079968,8440208615498580642467705029397,93373,83,180,180,0,True
1718246267,20079969,8440208615498580642467705029397,93373,83,180,180,0,True
1718246279,20079970,8440208615498580642467705029397,93373,83,180,180,0,True
1718246291,20079971,8440208615498580642467705029397,93373,83,180,180,0,True
1718246303,20079972,8584059922574203390381789113862,93711,84,180,180,0,True
1718246315,20079973,8419381382184403064178496786255,93323,85,180,180,0,True
1718246327,20079974,8589417228506363069569928042188,93723,86,180,180,0,True
1718246339,20079975,8589417228506363069569928042188,93723,86,180,180,0,True
1718246351,20079976,8441377810462083319755177138197,93376,87,180,180,0,True
1718246363,20079977,8441377810462083319755177138197,93376,87,180,180,0,True
1718246375,20079978,8441377810462083319755177138197,93376,87,180,180,0,True
1718246387,20079979,8616026102487255886531651887712,93785,88,180,180,0,True
1718246399,20079980,8425735068222826920889928987093,93338,89,180,180,0,True
1718246411,20079981,8425735068222826920889928987093,93338,89,180,180,0,True
1718246423,20079982,8631951653539693136143803137544,93822,90,180,180,0,True
1718246435,20079983,8410688037462476171775830065907,93303,91,180,180,0,True
1718246447,20079984,8663052549621286842397618452423,93894,92,180,180,0,True
1718246459,20079985,8451859999443046601001412188678,93400,93,180,180,0,True
1718246471,20079986,8451859999443046601001412188678,93400,93,180,180,0,True
1718246483,20079987,8451859999443046601001412188678,93400,93,180,180,0,True
1718246495,20079988,8451859999443046601001412188678,93400,93,180,180,0,True
1718246507,20079989,8682261922513636198287385329406,93938,94,180,180,0,True
1718246519,20079990,8461053747292462826155331442692,93422,95,180,180,0,True
1718246531,20079991,8691455670363052423441304583420,93959,96,180,180,0,True
1718246543,20079992,8442610793457464301301458569699,93378,97,180,180,0,True
1718246555,20079993,8712930834938793703602996973588,94009,98,180,180,0,True
1718246567,20079994,8712930834938793703602996973588,94009,98,180,180,0,True
1718246579,20079995,8516436531960285725796773559283,93553,99,180,180,0,True
1718246591,20079996,8506494810960425934594547184361,93529,100,180,180,0,True
1718246603,20079997,8506494810960425934594547184361,93529,100,180,180,0,True
1718246615,20079998,8506494810960425934594547184361,93529,100,180,180,0,True
1718246627,20079999,8595965148207497670313293584077,93739,101,180,180,0,True
1718246639,20080000,8595965148207497670313293584077,93739,101,180,180,0,True
1718246651,20080001,8595965148207497670313293584077,93739,101,180,180,0,True
1718246663,20080002,8595965148207497670313293584077,93739,101,180,180,0,True
1718246675,20080003,8595965148207497670313293584077,93739,101,180,180,0,True
1718246687,20080004,8651323821959039898786038694044,93867,102,180,180,0,True
1718246699,20080005,8651323821959039898786038694044,93867,102,180,180,0,True
1718246711,20080006,8504467388399584706344439348306,93524,103,180,180,0,True
1718246723,20080007,8704458075043570406946858214843,93989,104,180,180,0,True
1718246735,20080008,8704458075043570406946858214843,93989,104,180,180,0,True
1718246747,20080009,8629701682001935826846962551452,93817,105,180,180,0,True
1718246759,20080010,8629701682001935826846962551452,93817,105,180,180,0,True
1718246771,20080011,8629701682001935826846962551452,93817,105,180,180,0,True
1718246783,20080012,8575685976803187947127220455289,93691,106,180,180,0,True
1718246795,20080013,8575685976803187947127220455289,93691,106,180,180,0,True
1718246807,20080014,8575685976803187947127220455289,93691,106,180,180,0,True
1718246819,20080015,8903223933165798359218636036679,94441,107,180,180,0,True
1718246831,20080016,8849684185747657477404159546315,94320,108,180,180,0,True
1718246843,20080017,8778300543311577990292981353838,94158,109,180,180,0,True
1718246855,20080018,8778300543311577990292981353838,94158,109,180,180,0,True
1718246867,20080019,8778300543311577990292981353838,94158,109,180,180,0,True
1718246879,20080020,8586860050641615864737641016369,93717,110,180,180,0,True
1718246891,20080021,8807689038723641436308343066700,94225,111,180,180,0,True
1718246903,20080022,8807689038723641436308343066700,94225,111,180,180,0,True
1718246915,20080023,8807689038723641436308343066700,94225,111,180,180,0,True
1718246927,20080024,8807689038723641436308343066700,94225,111,180,180,0,True
1718246939,20080025,8935208749032321195165443080579,94513,112,180,180,0,True
1718246951,20080026,8935208749032321195165443080579,94513,112,180,180,0,True
1718246963,20080027,8875325076270965595916639452946,94378,113,180,180,0,True
1718246975,20080028,8875325076270965595916639452946,94378,113,180,180,0,True
1718246987,20080029,8952815173028320249138341553775,94552,114,180,180,0,True
1718246999,20080030,8778364255026067838913649990600,94158,115,180,180,0,True
1718247011,20080031,8974928149705888155935760151833,94601,116,180,180,0,True
1718247023,20080032,8792424010621766173640124718374,94190,117,180,180,0,True
1718247035,20080033,8963809174948006716323211643849,94577,118,180,180,0,True
1718247047,20080034,8963809174948006716323211643849,94577,118,180,180,0,True
1718247059,20080035,8971165096897516599827370064523,94593,119,180,180,0,True
1718247071,20080036,8916869541748370333943922809010,94472,120,180,180,0,True
1718247083,20080037,8916869541748370333943922809010,94472,120,180,180,0,True
1718247095,20080038,8916869541748370333943922809010,94472,120,180,180,0,True
1718247107,20080039,8916869541748370333943922809010,94472,120,180,180,0,True
1718247119,20080040,8916869541748370333943922809010,94472,120,180,180,0,True
1718247131,20080041,8916869541748370333943922809010,94472,120,180,180,0,True
1718247143,20080042,9190845779563269440447679285760,95077,121,180,180,0,True
1718247155,20080043,9003892511431685005878222817825,94666,122,180,180,0,True
1718247167,20080044,9003892511431685005878222817825,94666,122,180,180,0,True
1718247179,20080045,9003892511431685005878222817825,94666,122,180,180,0,True
1718247191,20080046,9079595329741958238183245623457,94833,123,180,180,0,True
1718247203,20080047,8843904340762966738654076595625,94307,124,180,180,0,True
1718247215,20080048,8960673394308308894841792747890,94570,125,180,180,0,True
1718247227,20080049,8960673394308308894841792747890,94570,125,180,180,0,True
1718247239,20080050,8960673394308308894841792747890,94570,125,180,180,0,True
1718247251,20080051,8960673394308308894841792747890,94570,125,180,180,0,True
1718247263,20080052,8960673394308308894841792747890,94570,125,180,180,0,True
1718247275,20080053,8960673394308308894841792747890,94570,125,180,180,0,True
1718247287,20080054,9080069348081559503599521461120,94834,126,180,180,0,True
1718247299,20080055,9080069348081559503599521461120,94834,126,180,180,0,True
1718247311,20080056,9080069348081559503599521461120,94834,126,180,180,0,True
1718247323,20080057,9080069348081559503599521461120,94834,126,180,180,0,True
1718247335,20080058,9133668277754749676425730159864,94952,127,180,180,0,True
1718247347,20080059,9224977106532228572794608108909,95151,128,180,180,0,True
1718247359,20080060,8806254560130254909015036435771,94222,129,180,180,0,True
1718247371,20080061,9497292594704324678837701255895,95733,130,180,180,0,True
1718247383,20080062,9138367498780805477750588856882,94962,131,180,180,0,True
1718247395,20080063,9138367498780805477750588856882,94962,131,180,180,0,True
1718247407,20080064,9138367498780805477750588856882,94962,131,180,180,0,True
1718247419,20080065,9138367498780805477750588856882,94962,131,180,180,0,True
1718247431,20080066,9138367498780805477750588856882,94962,131,180,180,0,True
1718247443,20080067,9138367498780805477750588856882,94962,131,180,180,0,True
1718247455,20080068,9138367498780805477750588856882,94962,131,180,180,0,True
1718247467,20080069,9138367498780805477750588856882,94962,131,180,180,0,True
1718247479,20080070,9138367498780805477750588856882,94962,131,180,180,0,True
1718247491,20080071,9138367498780805477750588856882,94962,131,180,180,0,True
1718247503,20080072,9138367498780805477750588856882,94962,131,180,180,0,True
1718247515,20080073,9590854072397180962122204840685,95929,132,180,180,0,True
1718247527,20080074,9479384909157622631978455986648,95695,133,180,180,0,True
1718247539,20080075,9479384909157622631978455986648,95695,133,180,180,0,True
1718247551,20080076,9479384909157622631978455986648,95695,133,180,180,0,True
1718247563,20080077,9479384909157622631978455986648,95695,133,180,180,0,True
1718247575,20080078,9479384909157622631978455986648,95695,133,180,180,0,True
1718247587,20080079,9479384909157622631978455986648,95695,133,180,180,0,True
1718247599,20080080,9479384909157622631978455986648,95695,133,180,180,0,True
1718247611,20080081,9479384909157622631978455986648,95695,133,180,180,0,True
1718247623,20080082,9479384909157622631978455986648,95695,133,180,180,0,True
1718247635,20080083,9479384909157622631978455986648,95695,133,180,180,0,True
1718247647,20080084,9479384909157622631978455986648,95695,133,180,180,0,True
1718247659,20080085,9479384909157622631978455986648,95695,133,180,180,0,True
1718247671,20080086,9479384909157622631978455986648,95695,133,180,180,0,True
1718247683,20080087,9479384909157622631978455986648,95695,133,180,180,0,True
1718247695,20080088,9479384909157622631978455986648,95695,133,180,180,0,True
1718247707,20080089,9479384909157622631978455986648,95695,133,180,180,0,True
1718247719,20080090,9479384909157622631978455986648,95695,133,180,180,0,True
1718247731,20080091,9479384909157622631978455986648,95695,133,180,180,0,True
1718247743,20080092,9479384909157622631978455986648,95695,133,180,180,0,True
1718247755,20080093,9479384909157622631978455986648,95695,133,180,180,0,True
1718247767,20080094,9479384909157622631978455986648,95695,133,180,180,0,True
1718247779,20080095,9479384909157622631978455986648,95695,133,180,180,0,True
1718247791,20080096,9479384909157622631978455986648,95695,133,180,180,0,True
1718247803,20080097,9479384909157622631978455986648,95695,133,180,180,0,True
1718247815,20080098,9479384909157622631978455986648,95695,133,180,180,0,True
1718247827,20080099,9913872624072888211815384938303,96591,134,180,180,0,True
1718247839,20080100,9913872624072888211815384938303,96591,134,180,180,0,True
1718247851,20080101,9913872624072888211815384938303,96591,134,180,180,0,True
1718247863,20080102,9913872624072888211815384938303,96591,134,180,180,0,True
1718247875,20080103,9913872624072888211815384938303,96591,134,180,180,0,True
1718247887,20080104,9913872624072888211815384938303,96591,134,180,180,0,True
1718247899,20080105,9913872624072888211815384938303,96591,134,180,180,0,True
1718247911,20080106,9913872624072888211815384938303,96591,134,180,180,0,True
1718247923,20080107,9913872624072888211815384938303,96591,134,180,180,0,True
1718247935,20080108,9913872624072888211815384938303,96591,134,180,180,0,True
1718247947,20080109,9913872624072888211815384938303,96591,134,180,180,0,True
1718247959,20080110,9913872624072888211815384938303,96591,134,180,180,0,True
1718247971,20080111,9461088977105704792524219577031,95657,135,180,180,0,True
1718247983,20080112,9461088977105704792524219577031,95657,135,180,180,0,True
1718247995,20080113,9461088977105704792524219577031,95657,135,180,180,0,True
1718248007,20080114,9461088977105704792524219577031,95657,135,180,180,0,True
1718248019,20080115,9461088977105704792524219577031,95657,135,180,180,0,True
1718248031,20080116,10125967203024966115574054333893,97015,136,180,180,0,True
1718248043,20080117,10125967203024966115574054333893,97015,136,180,180,0,True
1718248055,20080118,10125967203024966115574054333893,97015,136,180,180,0,True
1718248067,20080119,10125967203024966115574054333893,97015,136,180,180,0,True
1718248079,20080120,10496694989682439323589441273090,97734,137,180,180,0,True
1718248091,20080121,9782233168181510207188407873321,96324,138,180,180,0,True
1718248103,20080122,9782233168181510207188407873321,96324,138,180,180,0,True
1718248115,20080123,9782233168181510207188407873321,96324,138,180,180,0,True
1718248127,20080124,9782233168181510207188407873321,96324,138,180,180,0,True
1718248139,20080125,9782233168181510207188407873321,96324,138,180,180,0,True
1718248151,20080126,9782233168181510207188407873321,96324,138,180,180,0,True
1718248163,20080127,9782233168181510207188407873321,96324,138,180,180,0,True
1718248175,20080128,9782233168181510207188407873321,96324,138,180,180,0,True
1718248187,20080129,9782233168181510207188407873321,96324,138,180,180,0,True
1718248199,20080130,9782233168181510207188407873321,96324,138,180,180,0,True
1718248211,20080131,9782233168181510207188407873321,96324,138,180,180,0,True
1718248223,20080132,9782233168181510207188407873321,96324,138,180,180,0,True
1718248235,20080133,9782233168181510207188407873321,96324,138,180,180,0,True
1718248247,20080134,9782233168181510207188407873321,96324,138,180,180,0,True
1718248259,20080135,10124970497281209816578606841530,97013,139,180,180,0,True
1718248271,20080136,10124970497281209816578606841530,97013,139,180,180,0,True
1718248283,20080137,10124970497281209816578606841530,97013,139,180,180,0,True
1718248295,20080138,10124970497281209816578606841530,97013,139,180,180,0,True
1718248307,20080139,10124970497281209816578606841530,97013,139,180,180,0,True
1718248319,20080140,10124970497281209816578606841530,97013,139,180,180,0,True
1718248331,20080141,10124970497281209816578606841530,97013,139,180,180,0,True
1718248343,20080142,10124970497281209816578606841530,97013,139,180,180,0,True
1718248355,20080143,10095859262345837296816006023634,96955,140,180,180,0,True
1718248367,20080144,10095859262345837296816006023634,96955,140,180,180,0,True
1718248379,20080145,10095859262345837296816006023634,96955,140,180,180,0,True
1718248391,20080146,10095859262345837296816006023634,96955,140,180,180,0,True
1718248403,20080147,10095859262345837296816006023634,96955,140,180,180,0,True
1718248415,20080148,10095859262345837296816006023634,96955,140,180,180,0,True
1718248427,20080149,10095859262345837296816006023634,96955,140,180,180,0,True
1718248439,20080150,9578222065031344208118628526585,95903,141,180,180,0,True
1718248451,20080151,9578222065031344208118628526585,95903,141,180,180,0,True
1718248463,20080152,9578222065031344208118628526585,95903,141,180,180,0,True
1718248475,20080153,9578222065031344208118628526585,95903,141,180,180,0,True
1718248487,20080154,9578222065031344208118628526585,95903,141,180,180,0,True
1718248499,20080155,10045374014402130163508495775681,96855,142,180,180,0,True
1718248511,20080156,9580892499068118881485102046599,95908,143,180,180,0,True
1718248523,20080157,9580892499068118881485102046599,95908,143,180,180,0,True
1718248535,20080158,9580892499068118881485102046599,95908,143,180,180,0,True
1718248547,20080159,9580892499068118881485102046599,95908,143,180,180,0,True
1718248559,20080160,9580892499068118881485102046599,95908,143,180,180,0,True
1718248571,20080161,9580892499068118881485102046599,95908,143,180,180,0,True
1718248583,20080162,9580892499068118881485102046599,95908,143,180,180,0,True
1718248595,20080163,9580892499068118881485102046599,95908,143,180,180,0,True
1718248607,20080164,9580892499068118881485102046599,95908,143,180,180,0,True
1718248619,20080165,9580892499068118881485102046599,95908,143,180,180,0,True
1718248631,20080166,9580892499068118881485102046599,95908,143,180,180,0,True
1718248643,20080167,9580892499068118881485102046599,95908,143,180,180,0,True
1718248655,20080168,9241949823894623887213895489784,95188,144,180,180,0,True
1718248667,20080169,9241949823894623887213895489784,95188,144,180,180,0,True
1718248679,20080170,9241949823894623887213895489784,95188,144,180,180,0,True
1718248691,20080171,9241949823894623887213895489784,95188,144,180,180,0,True
1718248703,20080172,9241949823894623887213895489784,95188,144,180,180,0,True
1718248715,20080173,9241949823894623887213895489784,95188,144,180,180,0,True
1718248727,20080174,9241949823894623887213895489784,95188,144,180,180,0,True
1718248739,20080175,9241949823894623887213895489784,95188,144,180,180,0,True
1718248751,20080176,9241949823894623887213895489784,95188,144,180,180,0,True
1718248763,20080177,9241949823894623887213895489784,95188,144,180,180,0,True
1718248775,20080178,9241949823894623887213895489784,95188,144,180,180,0,True
1718248787,20080179,9241949823894623887213895489784,95188,144,180,180,0,True
1718248799,20080180,9241949823894623887213895489784,95188,144,180,180,0,True
1718248811,20080181,9241949823894623887213895489784,95188,144,180,180,0,True
1718248823,20080182,9241949823894623887213895489784,95188,144,180,180,0,True
1718248835,20080183,9241949823894623887213895489784,95188,144,180,180,0,True
1718248847,20080184,9241949823894623887213895489784,95188,144,180,180,0,True
1718248859,20080185,9241949823894623887213895489784,95188,144,180,180,0,True
1718248871,20080186,9241949823894623887213895489784,95188,144,180,180,0,True
1718248883,20080187,9241949823894623887213895489784,95188,144,180,180,0,True
1718248895,20080188,9241949823894623887213895489784,95188,144,180,180,0,True
1718248907,20080189,9241949823894623887213895489784,95188,144,180,180,0,True
1718248919,20080190,9241949823894623887213895489784,95188,144,180,180,0,True
1718248931,20080191,9241949823894623887213895489784,95188,144,180,180,0,True
1718248943,20080192,9241949823894623887213895489784,95188,144,180,180,0,True
1718248955,20080193,9241949823894623887213895489784,95188,144,180,180,0,True
1718248967,20080194,9241949823894623887213895489784,95188,144,180,180,0,True
1718248979,20080195,9241949823894623887213895489784,95188,144,180,180,0,True
1718248991,20080196,9241949823894623887213895489784,95188,144,180,180,0,True
1718249003,20080197,9241949823894623887213895489784,95188,144,180,180,0,True
1718249015,20080198,9241949823894623887213895489784,95188,144,180,180,0,True
1718249027,20080199,9241949823894623887213895489784,95188,144,180,180,0,True
1718249039,20080200,9241949823894623887213895489784,95188,144,180,180,0,True
1718249051,20080201,9009495383872619177199371940325,94678,145,180,180,0,True
1718249063,20080202,9154554486067297695679507382121,94998,146,180,180,0,True
1718249075,20080203,9154554486067297695679507382121,94998,146,180,180,0,True
1718249087,20080204,9154554486067297695679507382121,94998,146,180,180,0,True
1718249099,20080205,9154554486067297695679507382121,94998,146,180,180,0,True
1718249111,20080206,9154554486067297695679507382121,94998,146,180,180,0,True
1718249123,20080207,9154554486067297695679507382121,94998,146,180,180,0,True
1718249135,20080208,9154554486067297695679507382121,94998,146,180,180,0,True
1718249147,20080209,9154554486067297695679507382121,94998,146,180,180,0,True
1718249159,20080210,9154554486067297695679507382121,94998,146,180,180,0,True
1718249171,20080211,9154554486067297695679507382121,94998,146,180,180,0,True
1718249183,20080212,9154554486067297695679507382121,94998,146,180,180,0,True
1718249195,20080213,9154554486067297695679507382121,94998,146,180,180,0,True
1718249207,20080214,9154554486067297695679507382121,94998,146,180,180,0,True
1718249219,20080215,9154554486067297695679507382121,94998,146,180,180,0,True
1718249231,20080216,9154554486067297695679507382121,94998,146,180,180,0,True
1718249243,20080217,9154554486067297695679507382121,94998,146,180,180,0,True
1718249255,20080218,9154554486067297695679507382121,94998,146,180,180,0,True
1718249267,20080219,9154554486067297695679507382121,94998,146,180,180,0,True
1718249279,20080220,9154554486067297695679507382121,94998,146,180,180,0,True
1718249291,20080221,9154554486067297695679507382121,94998,146,180,180,0,True
1718249303,20080222,9154554486067297695679507382121,94998,146,180,180,0,True
1718249315,20080223,9154554486067297695679507382121,94998,146,180,180,0,True
1718249327,20080224,9154554486067297695679507382121,94998,146,180,180,0,True
1718249339,20080225,9154554486067297695679507382121,94998,146,180,180,0,True
1718249351,20080226,9154554486067297695679507382121,94998,146,180,180,0,True
1718249363,20080227,9154554486067297695679507382121,94998,146,180,180,0,True
1718249375,20080228,9154554486067297695679507382121,94998,146,180,180,0,True
1718249387,20080229,9154554486067297695679507382121,94998,146,180,180,0,True
1718249399,20080230,9154554486067297695679507382121,94998,146,180,180,0,True
1718249411,20080231,9154554486067297695679507382121,94998,146,180,180,0,True
1718249423,20080232,9154554486067297695679507382121,94998,146,180,180,0,True
1718249435,20080233,9154554486067297695679507382121,94998,146,180,180,0,True
1718249447,20080234,9154554486067297695679507382121,94998,146,180,180,0,True
1718249459,20080235,9154554486067297695679507382121,94998,146,180,180,0,True
1718249471,20080236,9154554486067297695679507382121,94998,146,180,180,0,True
1718249483,20080237,9154554486067297695679507382121,94998,146,180,180,0,True
1718249495,20080238,9154554486067297695679507382121,94998,146,180,180,0,True
1718249507,20080239,9154554486067297695679507382121,94998,146,180,180,0,True
1718249519,20080240,9154554486067297695679507382121,94998,146,180,180,0,True
1718249531,20080241,9154554486067297695679507382121,94998,146,180,180,0,True
1718249543,20080242,9154554486067297695679507382121,94998,146,180,180,0,True
1718249555,20080243,9154554486067297695679507382121,94998,146,180,180,0,True
1718249567,20080244,9154554486067297695679507382121,94998,146,180,180,0,True
1718249579,20080245,9154554486067297695679507382121,94998,146,180,180,0,True
1718249591,20080246,9154554486067297695679507382121,94998,146,180,180,0,True
1718249603,20080247,9154554486067297695679507382121,94998,146,180,180,0,True
1718249615,20080248,9154554486067297695679507382121,94998,146,180,180,0,True
1718249627,20080249,9134315222913078686859302082396,94953,147,180,180,0,True
1718249639,20080250,9134315222913078686859302082396,94953,147,180,180,0,True
1718249651,20080251,9134315222913078686859302082396,94953,147,180,180,0,True
1718249663,20080252,9134315222913078686859302082396,94953,147,180,180,0,True
1718249675,20080253,9134315222913078686859302082396,94953,147,180,180,0,True
1718249687,20080254,9134315222913078686859302082396,94953,147,180,180,0,True
1718249699,20080255,9134315222913078686859302082396,94953,147,180,180,0,True
1718249711,20080256,9134315222913078686859302082396,94953,147,180,180,0,True
1718249723,20080257,9134315222913078686859302082396,94953,147,180,180,0,True
1718249735,20080258,9134315222913078686859302082396,94953,147,180,180,0,True
1718249747,20080259,9134315222913078686859302082396,94953,147,180,180,0,True
1718249759,20080260,9185878914943364783917993257995,95066,148,180,180,0,True
1718249771,20080261,9185878914943364783917993257995,95066,148,180,180,0,True
1718249783,20080262,9185878914943364783917993257995,95066,148,180,180,0,True
1718249795,20080263,9185878914943364783917993257995,95066,148,180,180,0,True
1718249807,20080264,9185878914943364783917993257995,95066,148,180,180,0,True
1718249819,20080265,9185878914943364783917993257995,95066,148,180,180,0,True
1718249831,20080266,9185878914943364783917993257995,95066,148,180,180,0,True
1718249843,20080267,9185878914943364783917993257995,95066,148,180,180,0,True
1718249855,20080268,9185878914943364783917993257995,95066,148,180,180,0,True
1718249867,20080269,9185878914943364783917993257995,95066,148,180,180,0,True
1718249879,20080270,9185878914943364783917993257995,95066,148,180,180,0,True
1718249891,20080271,9185878914943364783917993257995,95066,148,180,180,0,True
1718249903,20080272,9185878914943364783917993257995,95066,148,180,180,0,True
1718249915,20080273,9185878914943364783917993257995,95066,148,180,180,0,True
1718249927,20080274,9185878914943364783917993257995,95066,148,180,180,0,True
1718249939,20080275,9185878914943364783917993257995,95066,148,180,180,0,True
1718249951,20080276,9185878914943364783917993257995,95066,148,180,180,0,True
1718249963,20080277,9185878914943364783917993257995,95066,148,180,180,0,True
1718249975,20080278,9185878914943364783917993257995,95066,148,180,180,0,True
1718249987,20080279,9185878914943364783917993257995,95066,148,180,180,0,True
1718249999,20080280,9185878914943364783917993257995,95066,148,180,180,0,True
1718250011,20080281,9185878914943364783917993257995,95066,148,180,180,0,True
1718250023,20080282,9185878914943364783917993257995,95066,148,180,180,0,True
1718250035,20080283,9185878914943364783917993257995,95066,148,180,180,0,True
1718250047,20080284,9185878914943364783917993257995,95066,148,180,180,0,True
1718250059,20080285,9185878914943364783917993257995,95066,148,180,180,0,True
1718250071,20080286,9185878914943364783917993257995,95066,148,180,180,0,True
1718250083,20080287,9185878914943364783917993257995,95066,148,180,180,0,True
1718250095,20080288,9185878914943364783917993257995,95066,148,180,180,0,True
1718250107,20080289,9185878914943364783917993257995,95066,148,180,180,0,True
1718250119,20080290,9185878914943364783917993257995,95066,148,180,180,0,True
1718250131,20080291,9185878914943364783917993257995,95066,148,180,180,0,True
1718250143,20080292,9185878914943364783917993257995,95066,148,180,180,0,True
1718250155,20080293,9185878914943364783917993257995,95066,148,180,180,0,True
1718250167,20080294,9082638749990519404312947818630,94840,149,180,180,0,True
1718250179,20080295,9082638749990519404312947818630,94840,149,180,180,0,True
1718250191,20080296,9082638749990519404312947818630,94840,149,180,180,0,True
1718250203,20080297,9082638749990519404312947818630,94840,149,180,180,0,True
1718250215,20080298,9082638749990519404312947818630,94840,149,180,180,0,True
1718250227,20080299,9082638749990519404312947818630,94840,149,180,180,0,True
1718250239,20080300,9082638749990519404312947818630,94840,149,180,180,0,True
1718250251,20080301,9082638749990519404312947818630,94840,149,180,180,0,True
1718250263,20080302,9082638749990519404312947818630,94840,149,180,180,0,True
1718250275,20080303,9082638749990519404312947818630,94840,149,180,180,0,True
1718250287,20080304,9082638749990519404312947818630,94840,149,180,180,0,True
1718250299,20080305,9082638749990519404312947818630,94840,149,180,180,0,True
1718250311,20080306,9082638749990519404312947818630,94840,149,180,180,0,True
1718250323,20080307,9082638749990519404312947818630,94840,149,180,180,0,True
1718250335,20080308,9038618252607036881332081067949,94743,150,180,180,0,True
1718250347,20080309,9038618252607036881332081067949,94743,150,180,180,0,True
1718250359,20080310,9038618252607036881332081067949,94743,150,180,180,0,True
1718250371,20080311,9038618252607036881332081067949,94743,150,180,180,0,True
1718250383,20080312,9038618252607036881332081067949,94743,150,180,180,0,True
1718250395,20080313,9038618252607036881332081067949,94743,150,180,180,0,True
1718250407,20080314,9048396442232924787051274394100,94764,151,180,180,0,True
1718250419,20080315,9048396442232924787051274394100,94764,151,180,180,0,True
1718250431,20080316,9048396442232924787051274394100,94764,151,180,180,0,True
1718250443,20080317,9048396442232924787051274394100,94764,151,180,180,0,True
1718250455,20080318,9048396442232924787051274394100,94764,151,180,180,0,True
1718250467,20080319,9048396442232924787051274394100,94764,151,180,180,0,True
1718250479,20080320,9048396442232924787051274394100,94764,151,180,180,0,True
1718250491,20080321,9048396442232924787051274394100,94764,151,180,180,0,True
1718250503,20080322,9048396442232924787051274394100,94764,151,180,180,0,True
1718250515,20080323,8911776085569462491812508383598,94460,152,180,180,0,True
1718250527,20080324,8945506501643983570421684079764,94536,153,180,180,0,True
1718250539,20080325,9000910649897364233257286814845,94659,154,180,180,0,True
1718250551,20080326,9000910649897364233257286814845,94659,154,180,180,0,True
1718250563,20080327,9000910649897364233257286814845,94659,154,180,180,0,True
1718250575,20080328,9000910649897364233257286814845,94659,154,180,180,0,True
1718250587,20080329,9000910649897364233257286814845,94659,154,180,180,0,True
1718250599,20080330,9000910649897364233257286814845,94659,154,180,180,0,True
1718250611,20080331,9000910649897364233257286814845,94659,154,180,180,0,True
1718250623,20080332,9000910649897364233257286814845,94659,154,180,180,0,True
1718250635,20080333,9000910649897364233257286814845,94659,154,180,180,0,True
1718250647,20080334,9106575683999056890432718383692,94893,155,180,180,0,True
1718250659,20080335,9106575683999056890432718383692,94893,155,180,180,0,True
1718250671,20080336,9106575683999056890432718383692,94893,155,180,180,0,True
1718250683,20080337,9106575683999056890432718383692,94893,155,180,180,0,True
1718250695,20080338,9106575683999056890432718383692,94893,155,180,180,0,True
1718250707,20080339,9025570947659497982698385032236,94714,156,180,180,0,True
1718250719,20080340,9130256622870423801386665771505,94945,157,180,180,0,True
1718250731,20080341,9130256622870423801386665771505,94945,157,180,180,0,True
1718250743,20080342,9130256622870423801386665771505,94945,157,180,180,0,True
1718250755,20080343,9130256622870423801386665771505,94945,157,180,180,0,True
1718250767,20080344,9130256622870423801386665771505,94945,157,180,180,0,True
1718250779,20080345,9130256622870423801386665771505,94945,157,180,180,0,True
1718250791,20080346,9130256622870423801386665771505,94945,157,180,180,0,True
1718250803,20080347,9130256622870423801386665771505,94945,157,180,180,0,True
1718250815,20080348,9130256622870423801386665771505,94945,157,180,180,0,True
1718250827,20080349,9130256622870423801386665771505,94945,157,180,180,0,True
1718250839,20080350,9130256622870423801386665771505,94945,157,180,180,0,True
1718250851,20080351,9130256622870423801386665771505,94945,157,180,180,0,True
1718250863,20080352,9130256622870423801386665771505,94945,157,180,180,0,True
1718250875,20080353,9130256622870423801386665771505,94945,157,180,180,0,True
1718250887,20080354,9130256622870423801386665771505,94945,157,180,180,0,True
1718250899,20080355,9130256622870423801386665771505,94945,157,180,180,0,True
1718250911,20080356,9080360875105381992642634253441,94835,158,180,180,0,True
1718250923,20080357,9080360875105381992642634253441,94835,158,180,180,0,True
1718250935,20080358,9080360875105381992642634253441,94835,158,180,180,0,True
1718250947,20080359,9080360875105381992642634253441,94835,158,180,180,0,True
1718250959,20080360,9080360875105381992642634253441,94835,158,180,180,0,True
1718250971,20080361,9080360875105381992642634253441,94835,158,180,180,0,True
1718250983,20080362,8981999543429079817668009457879,94617,159,180,180,0,True
1718250995,20080363,9093311080701580350975010427915,94863,160,180,180,0,True
1718251007,20080364,9093311080701580350975010427915,94863,160,180,180,0,True
1718251019,20080365,9093311080701580350975010427915,94863,160,180,180,0,True
1718251031,20080366,9093311080701580350975010427915,94863,160,180,180,0,True
1718251043,20080367,9093311080701580350975010427915,94863,160,180,180,0,True
1718251055,20080368,9093311080701580350975010427915,94863,160,180,180,0,True
1718251067,20080369,9093311080701580350975010427915,94863,160,180,180,0,True
1718251079,20080370,9093311080701580350975010427915,94863,160,180,180,0,True
1718251091,20080371,9093311080701580350975010427915,94863,160,180,180,0,True
1718251103,20080372,9093311080701580350975010427915,94863,160,180,180,0,True
1718251115,20080373,9013305879469854923313023071168,94687,161,180,180,0,True
1718251127,20080374,9013305879469854923313023071168,94687,161,180,180,0,True
1718251139,20080375,9013305879469854923313023071168,94687,161,180,180,0,True
1718251151,20080376,9013305879469854923313023071168,94687,161,180,180,0,True
1718251163,20080377,9013305879469854923313023071168,94687,161,180,180,0,True
1718251175,20080378,9013305879469854923313023071168,94687,161,180,180,0,True
1718251187,20080379,9013305879469854923313023071168,94687,161,180,180,0,True
1718251199,20080380,9013305879469854923313023071168,94687,161,180,180,0,True
1718251211,20080381,9013305879469854923313023071168,94687,161,180,180,0,True
1718251223,20080382,9013305879469854923313023071168,94687,161,180,180,0,True
1718251235,20080383,9013305879469854923313023071168,94687,161,180,180,0,True
1718251247,20080384,9013305879469854923313023071168,94687,161,180,180,0,True
1718251259,20080385,9013305879469854923313023071168,94687,161,180,180,0,True
1718251271,20080386,9013305879469854923313023071168,94687,161,180,180,0,True
1718251283,20080387,9013305879469854923313023071168,94687,161,180,180,0,True
1718251295,20080388,9013305879469854923313023071168,94687,161,180,180,0,True
1718251307,20080389,9013305879469854923313023071168,94687,161,180,180,0,True
1718251319,20080390,9013305879469854923313023071168,94687,161,180,180,0,True
1718251331,20080391,9013305879469854923313023071168,94687,161,180,180,0,True
1718251343,20080392,9013305879469854923313023071168,94687,161,180,180,0,True
1718251355,20080393,9013305879469854923313023071168,94687,161,180,180,0,True
1718251367,20080394,9013305879469854923313023071168,94687,161,180,180,0,True
1718251379,20080395,9013305879469854923313023071168,94687,161,180,180,0,True
1718251391,20080396,9013305879469854923313023071168,94687,161,180,180,0,True
1718251403,20080397,9013305879469854923313023071168,94687,161,180,180,0,True
1718251415,20080398,9013305879469854923313023071168,94687,161,180,180,0,True
1718251427,20080399,9013305879469854923313023071168,94687,161,180,180,0,True
1718251439,20080400,9013305879469854923313023071168,94687,161,180,180,0,True
1718251451,20080401,9013305879469854923313023071168,94687,161,180,180,0,True
1718251463,20080402,9013305879469854923313023071168,94687,161,180,180,0,True
1718251475,20080403,9013305879469854923313023071168,94687,161,180,180,0,True
1718251487,20080404,9013305879469854923313023071168,94687,161,180,180,0,True
1718251499,20080405,9013305879469854923313023071168,94687,161,180,180,0,True
1718251511,20080406,9013305879469854923313023071168,94687,161,180,180,0,True
1718251523,20080407,9013305879469854923313023071168,94687,161,180,180,0,True
1718251535,20080408,9013305879469854923313023071168,94687,161,180,180,0,True
1718251547,20080409,9013305879469854923313023071168,94687,161,180,180,0,True
1718251559,20080410,9013305879469854923313023071168,94687,161,180,180,0,True
1718251571,20080411,9013305879469854923313023071168,94687,161,180,180,0,True
1718251583,20080412,9013305879469854923313023071168,94687,161,180,180,0,True
1718251595,20080413,9013305879469854923313023071168,94687,161,180,180,0,True
1718251607,20080414,8850859523125051385415320416804,94323,162,180,180,0,True
1718251619,20080415,8850859523125051385415320416804,94323,162,180,180,0,True
1718251631,20080416,8964120865320004119122848916503,94577,163,180,180,0,True
1718251643,20080417,8964120865320004119122848916503,94577,163,180,180,0,True
1718251655,20080418,8964120865320004119122848916503,94577,163,180,180,0,True
1718251667,20080419,8964120865320004119122848916503,94577,163,180,180,0,True
1718251679,20080420,8964120865320004119122848916503,94577,163,180,180,0,True
1718251691,20080421,8964120865320004119122848916503,94577,163,180,180,0,True
1718251703,20080422,8964120865320004119122848916503,94577,163,180,180,0,True
1718251715,20080423,8964120865320004119122848916503,94577,163,180,180,0,True
1718251727,20080424,8964120865320004119122848916503,94577,163,180,180,0,True
1718251739,20080425,8964120865320004119122848916503,94577,163,180,180,0,True
1718251751,20080426,8964120865320004119122848916503,94577,163,180,180,0,True
1718251763,20080427,8964120865320004119122848916503,94577,163,180,180,0,True
1718251775,20080428,8964120865320004119122848916503,94577,163,180,180,0,True
1718251787,20080429,8964120865320004119122848916503,94577,163,180,180,0,True
1718251799,20080430,8964120865320004119122848916503,94577,163,180,180,0,True
1718251811,20080431,8964120865320004119122848916503,94577,163,180,180,0,True
1718251823,20080432,8964120865320004119122848916503,94577,163,180,180,0,True
1718251835,20080433,8964120865320004119122848916503,94577,163,180,180,0,True
1718251847,20080434,8964120865320004119122848916503,94577,163,180,180,0,True
1718251859,20080435,8964120865320004119122848916503,94577,163,180,180,0,True
1718251871,20080436,8964120865320004119122848916503,94577,163,180,180,0,True
1718251883,20080437,8964120865320004119122848916503,94577,163,180,180,0,True
1718251895,20080438,8964120865320004119122848916503,94577,163,180,180,0,True
1718251907,20080439,8964120865320004119122848916503,94577,163,180,180,0,True
1718251919,20080440,8964120865320004119122848916503,94577,163,180,180,0,True
1718251931,20080441,8964120865320004119122848916503,94577,164,180,180,0,True
1718251943,20080442,8964120865320004119122848916503,94577,164,180,180,0,True
1718251967,20080443,9011679640929823265854464963728,94683,165,180,180,0,True
1718251979,20080444,9011679640929823265854464963728,94683,165,180,180,0,True
1718251991,20080445,8997315613211491106207138836422,94651,166,180,180,0,True
1718252003,20080446,9002549003464382855369408110839,94663,167,180,180,0,True
1718252015,20080447,9002549003464382855369408110839,94663,167,180,180,0,True
1718252027,20080448,8929399128893850177939570538983,94500,168,180,180,0,True
1718252039,20080449,8996182105744926856186446048908,94649,169,180,180,0,True
1718252051,20080450,8996182105744926856186446048908,94649,169,180,180,0,True
1718252063,20080451,8996182105744926856186446048908,94649,169,180,180,0,True
1718252075,20080452,8996182105744926856186446048908,94649,169,180,180,0,True
1718252087,20080453,8996182105744926856186446048908,94649,169,180,180,0,True
1718252099,20080454,8996182105744926856186446048908,94649,169,180,180,0,True
1718252111,20080455,8996182105744926856186446048908,94649,169,180,180,0,True
1718252123,20080456,8996182105744926856186446048908,94649,169,180,180,0,True
1718252135,20080457,8997845771068296089085233358847,94652,170,180,180,0,True
1718252147,20080458,8997845771068296089085233358847,94652,170,180,180,0,True
1718252159,20080459,8997845771068296089085233358847,94652,170,180,180,0,True
1718252171,20080460,9023885460532938678208615184949,94710,171,180,180,0,True
1718252183,20080461,8997918866759355727604729001699,94653,172,180,180,0,True
1718252195,20080462,8997918866759355727604729001699,94653,172,180,180,0,True
1718252207,20080463,8997918866759355727604729001699,94653,172,180,180,0,True
1718252219,20080464,8997918866759355727604729001699,94653,172,180,180,0,True
1718252231,20080465,8997918866759355727604729001699,94653,172,180,180,0,True
1718252243,20080466,8997918866759355727604729001699,94653,172,180,180,0,True
1718252255,20080467,9098949105552350569319441842549,94876,173,180,180,0,True
1718252267,20080468,8992732047259906135311712037279,94641,174,180,180,0,True
1718252279,20080469,8992732047259906135311712037279,94641,174,180,180,0,True
1718252291,20080470,8992732047259906135311712037279,94641,174,180,180,0,True
1718252303,20080471,8992732047259906135311712037279,94641,174,180,180,0,True
1718252315,20080472,8992732047259906135311712037279,94641,174,180,180,0,True
1718252327,20080473,8992732047259906135311712037279,94641,174,180,180,0,True
1718252339,20080474,8973485963550583951867189213668,94598,175,180,180,0,True
1718252351,20080475,8973485963550583951867189213668,94598,175,180,180,0,True
1718252363,20080476,8948391338432678896572017332489,94542,176,180,180,0,True
1718252375,20080477,8948391338432678896572017332489,94542,176,180,180,0,True
1718252387,20080478,8948391338432678896572017332489,94542,176,180,180,0,True
1718252399,20080479,8948391338432678896572017332489,94542,176,180,180,0,True
1718252411,20080480,8948391338432678896572017332489,94542,176,180,180,0,True
1718252423,20080481,8948391338432678896572017332489,94542,176,180,180,0,True
1718252435,20080482,8948391338432678896572017332489,94542,176,180,180,0,True
1718252447,20080483,8948391338432678896572017332489,94542,176,180,180,0,True
1718252459,20080484,8957567186217949198996293764920,94563,177,180,180,0,True
1718252471,20080485,8957567186217949198996293764920,94563,177,180,180,0,True
1718252483,20080486,8957567186217949198996293764920,94563,177,180,180,0,True
1718252495,20080487,8957567186217949198996293764920,94563,177,180,180,0,True
1718252507,20080488,8957567186217949198996293764920,94563,177,180,180,0,True
1718252519,20080489,8957567186217949198996293764920,94563,177,180,180,0,True
1718252531,20080490,8957567186217949198996293764920,94563,177,180,180,0,True
1718252543,20080491,8957567186217949198996293764920,94563,177,180,180,0,True
1718252555,20080492,8957567186217949198996293764920,94563,177,180,180,0,True
1718252567,20080493,8957567186217949198996293764920,94563,177,180,180,0,True
1718252579,20080494,8957567186217949198996293764920,94563,177,180,180,0,True
1718252591,20080495,8957567186217949198996293764920,94563,177,180,180,0,True
1718252603,20080496,8957567186217949198996293764920,94563,177,180,180,0,True
1718252615,20080497,8957567186217949198996293764920,94563,177,180,180,0,True
1718252627,20080498,8957567186217949198996293764920,94563,177,180,180,0,True
1718252639,20080499,8957567186217949198996293764920,94563,177,180,180,0,True
1718252651,20080500,8957567186217949198996293764920,94563,177,180,180,0,True
1718252663,20080501,8957567186217949198996293764920,94563,177,180,180,0,True
1718252675,20080502,8957567186217949198996293764920,94563,177,180,180,0,True
1718252687,20080503,8991125973185136986274897240562,94637,178,180,180,0,True
1718252699,20080504,8991125973185136986274897240562,94637,178,180,180,0,True
1718252711,20080505,8991125973185136986274897240562,94637,178,180,180,0,True
1718252723,20080506,8991125973185136986274897240562,94637,178,180,180,0,True
1718252735,20080507,8991125973185136986274897240562,94637,178,180,180,0,True
1718252747,20080508,8991125973185136986274897240562,94637,178,180,180,0,True
1718252759,20080509,8991125973185136986274897240562,94637,178,180,180,0,True
1718252771,20080510,9005920633733730279444517542083,94670,179,180,180,0,True
1718252783,20080511,9005920633733730279444517542083,94670,179,180,180,0,True
1718252795,20080512,9005920633733730279444517542083,94670,179,180,180,0,True
1718252807,20080513,9005920633733730279444517542083,94670,179,180,180,0,True
1718252819,20080514,9005920633733730279444517542083,94670,179,180,180,0,True
1718252831,20080515,8957565560362217709701456088949,94563,0,180,180,0,True
1718252843,20080516,8957565560362217709701456088949,94563,0,180,180,0,True
1718252855,20080517,8957565560362217709701456088949,94563,0,180,180,0,True
1718252867,20080518,8998814014545746560886566660091,94655,1,180,180,0,True
1718252879,20080519,8998814014545746560886566660091,94655,1,180,180,0,True
1718252891,20080520,9018546091995870508510965664100,94698,2,180,180,0,True
1718252903,20080521,9018546091995870508510965664100,94698,2,180,180,0,True
1718252915,20080522,9018546091995870508510965664100,94698,2,180,180,0,True
1718252927,20080523,9011046399582411302394426674157,94682,3,180,180,0,True
1718252939,20080524,9011046399582411302394426674157,94682,3,180,180,0,True
1718252951,20080525,9013684412689105111189329887590,94688,4,180,180,0,True
1718252963,20080526,9013684412689105111189329887590,94688,4,180,180,0,True
1718252975,20080527,8978555270586169986912063984495,94609,5,180,180,0,True
1718252987,20080528,8996827217934686078647278371854,94650,6,180,180,0,True
1718252999,20080529,8996827217934686078647278371854,94650,6,180,180,0,True
1718253011,20080530,9027116857176508621711372919222,94717,7,180,180,0,True
1718253023,20080531,9033541214967276754437840879998,94732,8,180,180,0,True
1718253035,20080532,9033541214967276754437840879998,94732,8,180,180,0,True
1718253047,20080533,9033541214967276754437840879998,94732,8,180,180,0,True
1718253059,20080534,9033541214967276754437840879998,94732,8,180,180,0,True
1718253071,20080535,9046776372536803910440046009661,94761,9,180,180,0,True
1718253083,20080536,9020395771922170302384420071933,94702,10,180,180,0,True
1718253095,20080537,9046532443470480080862074209215,94760,11,180,180,0,True
1718253107,20080538,9046532443470480080862074209215,94760,11,180,180,0,True
1718253119,20080539,9046532443470480080862074209215,94760,11,180,180,0,True
1718253131,20080540,9046532443470480080862074209215,94760,11,180,180,0,True
1718253143,20080541,9046532443470480080862074209215,94760,11,180,180,0,True
1718253155,20080542,9046532443470480080862074209215,94760,11,180,180,0,True
1718253167,20080543,9046532443470480080862074209215,94760,11,180,180,0,True
1718253179,20080544,9046532443470480080862074209215,94760,11,180,180,0,True
1718253191,20080545,9046532443470480080862074209215,94760,11,180,180,0,True
1718253203,20080546,9046532443470480080862074209215,94760,11,180,180,0,True
1718253215,20080547,9046532443470480080862074209215,94760,11,180,180,0,True
1718253227,20080548,9033852962323728692798092353094,94732,12,180,180,0,True
1718253239,20080549,8993892731734161975037689380447,94644,13,180,180,0,True
1718253251,20080550,9051209409610236039652188547614,94771,14,180,180,0,True
1718253263,20080551,9051209409610236039652188547614,94771,14,180,180,0,True
1718253275,20080552,9051209409610236039652188547614,94771,14,180,180,0,True
1718253287,20080553,9051209409610236039652188547614,94771,14,180,180,0,True
1718253299,20080554,9051209409610236039652188547614,94771,14,180,180,0,True
1718253311,20080555,9051209409610236039652188547614,94771,14,180,180,0,True
1718253323,20080556,9051209409610236039652188547614,94771,14,180,180,0,True
1718253347,20080557,9051209409610236039652188547614,94771,14,180,180,0,True
1718253359,20080558,9051209409610236039652188547614,94771,14,180,180,0,True
1718253371,20080559,9051209409610236039652188547614,94771,14,180,180,0,True
1718253383,20080560,9051209409610236039652188547614,94771,14,180,180,0,True
1718253395,20080561,9051209409610236039652188547614,94771,14,180,180,0,True
1718253407,20080562,9051209409610236039652188547614,94771,14,180,180,0,True
1718253419,20080563,9075141258654454179436267735671,94823,15,180,180,0,True
1718253431,20080564,9069186034830280994137115240192,94810,16,180,180,0,True
1718253443,20080565,9069186034830280994137115240192,94810,16,180,180,0,True
1718253455,20080566,9069186034830280994137115240192,94810,16,180,180,0,True
1718253467,20080567,9069186034830280994137115240192,94810,16,180,180,0,True
1718253479,20080568,9069186034830280994137115240192,94810,16,180,180,0,True
1718253491,20080569,9069186034830280994137115240192,94810,16,180,180,0,True
1718253503,20080570,9069186034830280994137115240192,94810,16,180,180,0,True
1718253515,20080571,9069186034830280994137115240192,94810,16,180,180,0,True
1718253527,20080572,9069186034830280994137115240192,94810,16,180,180,0,True
1718253539,20080573,9069186034830280994137115240192,94810,16,180,180,0,True
1718253551,20080574,9069186034830280994137115240192,94810,16,180,180,0,True
1718253563,20080575,9069186034830280994137115240192,94810,16,180,180,0,True
1718253575,20080576,9069186034830280994137115240192,94810,16,180,180,0,True
1718253587,20080577,9069186034830280994137115240192,94810,16,180,180,0,True
1718253599,20080578,9040292393560039809258747380907,94747,17,180,180,0,True
1718253611,20080579,9040292393560039809258747380907,94747,17,180,180,0,True
1718253623,20080580,9040292393560039809258747380907,94747,17,180,180,0,True
1718253635,20080581,9040292393560039809258747380907,94747,17,180,180,0,True
1718253647,20080582,9040292393560039809258747380907,94747,17,180,180,0,True
1718253659,20080583,9040292393560039809258747380907,94747,17,180,180,0,True
1718253671,20080584,9040292393560039809258747380907,94747,17,180,180,0,True
1718253683,20080585,9040292393560039809258747380907,94747,17,180,180,0,True
1718253695,20080586,9040292393560039809258747380907,94747,17,180,180,0,True
1718253707,20080587,9040292393560039809258747380907,94747,17,180,180,0,True
1718253719,20080588,9040292393560039809258747380907,94747,17,180,180,0,True
1718253731,20080589,9040292393560039809258747380907,94747,17,180,180,0,True
1718253743,20080590,9040292393560039809258747380907,94747,17,180,180,0,True
1718253755,20080591,9040292393560039809258747380907,94747,17,180,180,0,True
1718253767,20080592,9040292393560039809258747380907,94747,17,180,180,0,True
1718253779,20080593,9059532086237584389261701044231,94789,18,180,180,0,True
1718253791,20080594,9059532086237584389261701044231,94789,18,180,180,0,True
1718253803,20080595,9059532086237584389261701044231,94789,18,180,180,0,True
1718253815,20080596,9059532086237584389261701044231,94789,18,180,180,0,True
1718253827,20080597,9059532086237584389261701044231,94789,18,180,180,0,True
1718253839,20080598,9059101671181918233202226546248,94788,19,180,180,0,True
1718253851,20080599,9059101671181918233202226546248,94788,19,180,180,0,True
1718253863,20080600,9059101671181918233202226546248,94788,19,180,180,0,True
1718253875,20080601,9059101671181918233202226546248,94788,19,180,180,0,True
1718253887,20080602,9059101671181918233202226546248,94788,19,180,180,0,True
1718253899,20080603,9059101671181918233202226546248,94788,19,180,180,0,True
1718253911,20080604,9052434329993282873070915239291,94773,20,180,180,0,True
1718253935,20080605,9094614952632936660541684456820,94866,21,180,180,0,True
1718253947,20080606,9094614952632936660541684456820,94866,21,180,180,0,True
1718253959,20080607,9094614952632936660541684456820,94866,21,180,180,0,True
1718253971,20080608,9094614952632936660541684456820,94866,21,180,180,0,True
1718253983,20080609,9067573285843386099560207823053,94807,22,180,180,0,True
1718253995,20080610,9067573285843386099560207823053,94807,22,180,180,0,True
1718254007,20080611,9083562443368598078963506698214,94842,23,180,180,0,True
1718254019,20080612,9111044566024095075365995094989,94902,24,180,180,0,True
1718254031,20080613,9111044566024095075365995094989,94902,24,180,180,0,True
1718254043,20080614,9111044566024095075365995094989,94902,24,180,180,0,True
1718254055,20080615,9111044566024095075365995094989,94902,24,180,180,0,True
1718254067,20080616,9111044566024095075365995094989,94902,24,180,180,0,True
1718254079,20080617,9111044566024095075365995094989,94902,24,180,180,0,True
1718254091,20080618,9111044566024095075365995094989,94902,24,180,180,0,True
1718254103,20080619,9111044566024095075365995094989,94902,25,180,180,0,True
1718254115,20080620,9135460903877313444523689259850,94956,26,180,180,0,True
1718254127,20080621,9135460903877313444523689259850,94956,26,180,180,0,True
1718254139,20080622,9135460903877313444523689259850,94956,26,180,180,0,True
1718254151,20080623,9135460903877313444523689259850,94956,26,180,180,0,True
1718254163,20080624,9135460903877313444523689259850,94956,26,180,180,0,True
1718254175,20080625,9135460903877313444523689259850,94956,26,180,180,0,True
1718254187,20080626,9135460903877313444523689259850,94956,26,180,180,0,True
1718254199,20080627,9135460903877313444523689259850,94956,26,180,180,0,True
1718254211,20080628,9135460903877313444523689259850,94956,26,180,180,0,True
1718254223,20080629,9135460903877313444523689259850,94956,26,180,180,0,True
1718254235,20080630,9135460903877313444523689259850,94956,26,180,180,0,True
1718254247,20080631,9135460903877313444523689259850,94956,26,180,180,0,True
1718254259,20080632,9135460903877313444523689259850,94956,26,180,180,0,True
1718254271,20080633,9135460903877313444523689259850,94956,26,180,180,0,True
1718254283,20080634,9135460903877313444523689259850,94956,26,180,180,0,True
1718254295,20080635,9135460903877313444523689259850,94956,26,180,180,0,True
1718254307,20080636,9135460903877313444523689259850,94956,26,180,180,0,True
1718254319,20080637,9104525519090702901252747702112,94888,27,180,180,0,True
1718254331,20080638,9104525519090702901252747702112,94888,27,180,180,0,True
1718254343,20080639,9104525519090702901252747702112,94888,27,180,180,0,True
1718254355,20080640,9104525519090702901252747702112,94888,27,180,180,0,True
1718254367,20080641,9092212938776430992978678313434,94861,28,180,180,0,True
1718254379,20080642,9092212938776430992978678313434,94861,28,180,180,0,True
1718254391,20080643,9092212938776430992978678313434,94861,28,180,180,0,True
1718254403,20080644,9092212938776430992978678313434,94861,28,180,180,0,True
1718254415,20080645,9092212938776430992978678313434,94861,28,180,180,0,True
1718254427,20080646,9092212938776430992978678313434,94861,28,180,180,0,True
1718254439,20080647,9092212938776430992978678313434,94861,28,180,180,0,True
1718254451,20080648,9092212938776430992978678313434,94861,28,180,180,0,True
1718254463,20080649,9092212938776430992978678313434,94861,28,180,180,0,True
1718254475,20080650,9071394693789301449352250406991,94815,29,180,180,0,True
1718254487,20080651,9071394693789301449352250406991,94815,29,180,180,0,True
1718254499,20080652,9071394693789301449352250406991,94815,29,180,180,0,True
1718254511,20080653,9071394693789301449352250406991,94815,29,180,180,0,True
1718254523,20080654,9071394693789301449352250406991,94815,29,180,180,0,True
1718254535,20080655,9071394693789301449352250406991,94815,29,180,180,0,True
1718254547,20080656,9058348496957577008946236869534,94786,30,180,180,0,True
1718254559,20080657,9047591629632468352873011018340,94763,31,180,180,0,True
1718254571,20080658,9047591629632468352873011018340,94763,31,180,180,0,True
1718254583,20080659,9047591629632468352873011018340,94763,31,180,180,0,True
1718254595,20080660,9047591629632468352873011018340,94763,31,180,180,0,True
1718254607,20080661,9047591629632468352873011018340,94763,31,180,180,0,True
1718254619,20080662,9047591629632468352873011018340,94763,31,180,180,0,True
1718254631,20080663,9047591629632468352873011018340,94763,31,180,180,0,True
1718254643,20080664,9039666218726225080308634330483,94745,32,180,180,0,True
1718254655,20080665,9039666218726225080308634330483,94745,32,180,180,0,True
1718254667,20080666,9016924931438940809295784050602,94695,33,180,180,0,True
1718254679,20080667,9016896200884088741347385013407,94695,33,180,180,0,True
1718254691,20080668,9016896200884088741347385013407,94695,33,180,180,0,True
1718254703,20080669,9016896200884088741347385013407,94695,33,180,180,0,True
1718254715,20080670,9016896200884088741347385013407,94695,33,180,180,0,True
1718254727,20080671,9016896200884088741347385013407,94695,33,180,180,0,True
1718254739,20080672,9016896200884088741347385013407,94695,33,180,180,0,True
1718254751,20080673,9011742801753732420281337411255,94683,34,180,180,0,True
1718254763,20080674,9000027510454307836865783811188,94657,35,180,180,0,True
1718254775,20080675,8984459553706902685444401167850,94623,36,180,180,0,True
1718254787,20080676,8984459553706902685444401167850,94623,36,180,180,0,True
1718254799,20080677,8984459553706902685444401167850,94623,36,180,180,0,True
1718254811,20080678,8984459553706902685444401167850,94623,36,180,180,0,True
1718254823,20080679,8984459553706902685444401167850,94623,36,180,180,0,True
1718254835,20080680,8984459553706902685444401167850,94623,36,180,180,0,True
1718254847,20080681,8978566714307734525945186363226,94610,37,180,180,0,True
1718254859,20080682,8993789968550007862944578541224,94643,38,180,180,0,True
1718254871,20080683,8993789968550007862944578541224,94643,38,180,180,0,True
1718254883,20080684,8978850220445418850959496637378,94610,39,180,180,0,True
1718254895,20080685,8978850220445418850959496637378,94610,39,180,180,0,True
1718254907,20080686,8978850220445418850959496637378,94610,39,180,180,0,True
1718254919,20080687,8978850220445418850959496637378,94610,39,180,180,0,True
1718254931,20080688,8978850220445418850959496637378,94610,39,180,180,0,True
1718254943,20080689,8978850220445418850959496637378,94610,39,180,180,0,True
1718254955,20080690,8978850220445418850959496637378,94610,39,180,180,0,True
1718254967,20080691,8978850220445418850959496637378,94610,39,180,180,0,True
1718254979,20080692,8978850220445418850959496637378,94610,39,180,180,0,True
1718254991,20080693,8978850220445418850959496637378,94610,39,180,180,0,True
1718255003,20080694,8978850220445418850959496637378,94610,39,180,180,0,True
1718255015,20080695,8978850220445418850959496637378,94610,39,180,180,0,True
1718255027,20080696,8966710999606518411127535553367,94583,40,180,180,0,True
1718255039,20080697,8939280374796089752156871311360,94522,41,180,180,0,True
1718255051,20080698,8939280374796089752156871311360,94522,41,180,180,0,True
1718255063,20080699,8939280374796089752156871311360,94522,41,180,180,0,True
1718255075,20080700,8939280374796089752156871311360,94522,41,180,180,0,True
1718255087,20080701,8939280374796089752156871311360,94522,41,180,180,0,True
1718255099,20080702,8939280374796089752156871311360,94522,41,180,180,0,True
1718255111,20080703,8939280374796089752156871311360,94522,41,180,180,0,True
1718255123,20080704,8939280374796089752156871311360,94522,41,180,180,0,True
1718255135,20080705,8939280374796089752156871311360,94522,41,180,180,0,True
1718255147,20080706,8939280374796089752156871311360,94522,41,180,180,0,True
1718255159,20080707,8939280374796089752156871311360,94522,41,180,180,0,True
1718255171,20080708,8939280374796089752156871311360,94522,41,180,180,0,True
1718255183,20080709,8960975507175518416882299924781,94570,42,180,180,0,True
1718255195,20080710,8960975507175518416882299924781,94570,42,180,180,0,True
1718255207,20080711,8960975507175518416882299924781,94570,42,180,180,0,True
1718255219,20080712,8960975507175518416882299924781,94570,42,180,180,0,True
1718255231,20080713,8960975507175518416882299924781,94570,42,180,180,0,True
1718255243,20080714,8960975507175518416882299924781,94570,42,180,180,0,True
1718255255,20080715,8960975507175518416882299924781,94570,42,180,180,0,True
1718255267,20080716,8960975507175518416882299924781,94570,42,180,180,0,True
1718255279,20080717,8960975507175518416882299924781,94570,42,180,180,0,True
1718255291,20080718,8960975507175518416882299924781,94570,42,180,180,0,True
1718255303,20080719,8960975507175518416882299924781,94570,42,180,180,0,True
1718255315,20080720,8960975507175518416882299924781,94570,42,180,180,0,True
1718255327,20080721,8960975507175518416882299924781,94570,42,180,180,0,True
1718255339,20080722,8960975507175518416882299924781,94570,42,180,180,0,True
1718255351,20080723,8960975507175518416882299924781,94570,42,180,180,0,True
1718255363,20080724,8949898645387990691411900480223,94546,43,180,180,0,True
1718255375,20080725,8949898645387990691411900480223,94546,43,180,180,0,True
1718255387,20080726,8949898645387990691411900480223,94546,43,180,180,0,True
1718255399,20080727,8949898645387990691411900480223,94546,43,180,180,0,True
1718255411,20080728,8949898645387990691411900480223,94546,43,180,180,0,True
1718255423,20080729,8949898645387990691411900480223,94546,43,180,180,0,True
1718255435,20080730,8949898645387990691411900480223,94546,43,180,180,0,True
1718255447,20080731,8949898645387990691411900480223,94546,43,180,180,0,True
1718255459,20080732,8949898645387990691411900480223,94546,43,180,180,0,True
1718255471,20080733,8949898645387990691411900480223,94546,43,180,180,0,True
1718255483,20080734,8949898645387990691411900480223,94546,43,180,180,0,True
1718255495,20080735,8989379563520376196468832142989,94634,44,180,180,0,True
1718255507,20080736,8989379563520376196468832142989,94634,44,180,180,0,True
1718255519,20080737,8989379563520376196468832142989,94634,44,180,180,0,True
1718255531,20080738,8989379563520376196468832142989,94634,44,180,180,0,True
1718255543,20080739,8989379563520376196468832142989,94634,44,180,180,0,True
1718255555,20080740,8989379563520376196468832142989,94634,44,180,180,0,True
1718255567,20080741,9358389195692620130871033514753,95438,45,180,180,0,True
1718255579,20080742,8973247927442617013405251157212,94598,46,180,180,0,True
1718255591,20080743,8973247927442617013405251157212,94598,46,180,180,0,True
1718255603,20080744,9117641793899393411597506561093,94917,47,180,180,0,True
1718255615,20080745,8999469900691258560141783891392,94656,48,180,180,0,True
1718255627,20080746,9215251736424482759116293150822,95130,49,180,180,0,True
1718255639,20080747,8972199984593417568958504252706,94595,50,180,180,0,True
1718255651,20080748,9182516920932651686023569614717,95059,51,180,180,0,True
1718255663,20080749,9016732841763711295154274526613,94694,52,180,180,0,True
1718255675,20080750,9016732841763711295154274526613,94694,52,180,180,0,True
1718255687,20080751,9016732841763711295154274526613,94694,52,180,180,0,True
1718255699,20080752,9016732841763711295154274526613,94694,52,180,180,0,True
1718255711,20080753,9016732841763711295154274526613,94694,52,180,180,0,True
1718255723,20080754,9016732841763711295154274526613,94694,52,180,180,0,True
1718255735,20080755,9016732841763711295154274526613,94694,52,180,180,0,True
1718255759,20080756,9016732841763711295154274526613,94694,52,180,180,0,True
1718255771,20080757,9016732841763711295154274526613,94694,52,180,180,0,True
1718255783,20080758,9016732841763711295154274526613,94694,52,180,180,0,True
1718255795,20080759,9016732841763711295154274526613,94694,52,180,180,0,True
1718255807,20080760,9016732841763711295154274526613,94694,52,180,180,0,True
1718255819,20080761,9016732841763711295154274526613,94694,52,180,180,0,True
1718255831,20080762,9206644081531499466366341015957,95111,53,180,180,0,True
1718255843,20080763,9025168043946898833961765329524,94713,54,180,180,0,True
1718255855,20080764,9025168043946898833961765329524,94713,54,180,180,0,True
1718255867,20080765,9158105911784350553810211872065,95006,55,180,180,0,True
1718255879,20080766,9008346713472869398963271485803,94676,56,180,180,0,True
1718255891,20080767,9008346713472869398963271485803,94676,56,180,180,0,True
1718255903,20080768,9008346713472869398963271485803,94676,56,180,180,0,True
1718255915,20080769,9008346713472869398963271485803,94676,56,180,180,0,True
1718255927,20080770,9008346713472869398963271485803,94676,56,180,180,0,True
1718255939,20080771,9008346713472869398963271485803,94676,56,180,180,0,True
1718255951,20080772,9008346713472869398963271485803,94676,56,180,180,0,True
1718255963,20080773,9008346713472869398963271485803,94676,56,180,180,0,True
1718255975,20080774,9132019014913170496815282572078,94948,57,180,180,0,True
1718255987,20080775,9132019014913170496815282572078,94948,57,180,180,0,True
1718255999,20080776,9132019014913170496815282572078,94948,57,180,180,0,True
1718256011,20080777,9132019014913170496815282572078,94948,57,180,180,0,True
1718256023,20080778,9132019014913170496815282572078,94948,57,180,180,0,True
1718256035,20080779,9132019014913170496815282572078,94948,57,180,180,0,True
1718256047,20080780,9132019014913170496815282572078,94948,57,180,180,0,True
1718256059,20080781,9132019014913170496815282572078,94948,57,180,180,0,True
1718256071,20080782,9132019014913170496815282572078,94948,57,180,180,0,True
1718256083,20080783,9132019014913170496815282572078,94948,57,180,180,0,True
1718256095,20080784,9132019014913170496815282572078,94948,57,180,180,0,True
1718256107,20080785,9132019014913170496815282572078,94948,57,180,180,0,True
1718256119,20080786,9132019014913170496815282572078,94948,57,180,180,0,True
1718256131,20080787,9132019014913170496815282572078,94948,57,180,180,0,True
1718256143,20080788,9132019014913170496815282572078,94948,57,180,180,0,True
1718256155,20080789,9132019014913170496815282572078,94948,57,180,180,0,True
1718256167,20080790,9132019014913170496815282572078,94948,57,180,180,0,True
1718256179,20080791,9132019014913170496815282572078,94948,57,180,180,0,True
1718256191,20080792,9132019014913170496815282572078,94948,57,180,180,0,True
1718256203,20080793,9132019014913170496815282572078,94948,57,180,180,0,True
1718256215,20080794,9132019014913170496815282572078,94948,57,180,180,0,True
1718256227,20080795,9132019014913170496815282572078,94948,57,180,180,0,True
1718256239,20080796,9132019014913170496815282572078,94948,57,180,180,0,True
1718256251,20080797,9132019014913170496815282572078,94948,57,180,180,0,True
1718256263,20080798,9132019014913170496815282572078,94948,57,180,180,0,True
1718256275,20080799,9132019014913170496815282572078,94948,57,180,180,0,True
1718256287,20080800,9132019014913170496815282572078,94948,57,180,180,0,True
1718256299,20080801,9132019014913170496815282572078,94948,57,180,180,0,True
1718256311,20080802,9132019014913170496815282572078,94948,57,180,180,0,True
1718256323,20080803,9132019014913170496815282572078,94948,57,180,180,0,True
1718256335,20080804,9132019014913170496815282572078,94948,57,180,180,0,True
1718256347,20080805,9132019014913170496815282572078,94948,57,180,180,0,True
1718256359,20080806,9132019014913170496815282572078,94948,57,180,180,0,True
1718256371,20080807,9132019014913170496815282572078,94948,57,180,180,0,True
1718256383,20080808,9132019014913170496815282572078,94948,57,180,180,0,True
1718256395,20080809,9132019014913170496815282572078,94948,57,180,180,0,True
1718256407,20080810,9132019014913170496815282572078,94948,57,180,180,0,True
1718256419,20080811,9132019014913170496815282572078,94948,57,180,180,0,True
1718256431,20080812,9132019014913170496815282572078,94948,57,180,180,0,True
1718256443,20080813,9132019014913170496815282572078,94948,57,180,180,0,True
1718256455,20080814,9132019014913170496815282572078,94948,57,180,180,0,True
1718256467,20080815,9132019014913170496815282572078,94948,57,180,180,0,True
1718256479,20080816,9132019014913170496815282572078,94948,57,180,180,0,True
1718256491,20080817,9132019014913170496815282572078,94948,57,180,180,0,True
1718256503,20080818,9132019014913170496815282572078,94948,57,180,180,0,True
1718256515,20080819,9132019014913170496815282572078,94948,57,180,180,0,True
1718256527,20080820,9132019014913170496815282572078,94948,57,180,180,0,True
1718256539,20080821,9132019014913170496815282572078,94948,57,180,180,0,True
1718256551,20080822,9132019014913170496815282572078,94948,57,180,180,0,True
1718256563,20080823,9132019014913170496815282572078,94948,57,180,180,0,True
1718256575,20080824,9132019014913170496815282572078,94948,57,180,180,0,True
1718256587,20080825,9132019014913170496815282572078,94948,57,180,180,0,True
1718256599,20080826,9132019014913170496815282572078,94948,57,180,180,0,True
1718256611,20080827,9132019014913170496815282572078,94948,57,180,180,0,True
1718256623,20080828,9132019014913170496815282572078,94948,57,180,180,0,True
1718256635,20080829,9132019014913170496815282572078,94948,57,180,180,0,True
1718256647,20080830,9132019014913170496815282572078,94948,57,180,180,0,True
1718256659,20080831,9132019014913170496815282572078,94948,57,180,180,0,True
1718256671,20080832,9132019014913170496815282572078,94948,57,180,180,0,True
1718256683,20080833,9132019014913170496815282572078,94948,57,180,180,0,True
1718256695,20080834,9132019014913170496815282572078,94948,57,180,180,0,True
1718256707,20080835,9132019014913170496815282572078,94948,57,180,180,0,True
1718256719,20080836,9132019014913170496815282572078,94948,57,180,180,0,True
1718256731,20080837,9132019014913170496815282572078,94948,57,180,180,0,True
1718256743,20080838,9132019014913170496815282572078,94948,57,180,180,0,True
1718256755,20080839,9132019014913170496815282572078,94948,57,180,180,0,True
1718256767,20080840,9132019014913170496815282572078,94948,57,180,180,0,True
1718256779,20080841,9132019014913170496815282572078,94948,57,180,180,0,True
1718256791,20080842,9132019014913170496815282572078,94948,57,180,180,0,True
1718256803,20080843,9118664228663382921728816625082,94919,58,180,180,0,True
1718256815,20080844,9069727750820435000600169136878,94812,59,180,180,0,True
1718256827,20080845,9069727750820435000600169136878,94812,59,180,180,0,True
1718256839,20080846,9073462511887485662629821330185,94820,60,180,180,0,True
1718256851,20080847,9073462511887485662629821330185,94820,60,180,180,0,True
1718256863,20080848,9073462511887485662629821330185,94820,60,180,180,0,True
1718256875,20080849,9073462511887485662629821330185,94820,60,180,180,0,True
1718256887,20080850,9101427786598008140491426650230,94881,61,180,180,0,True
1718256899,20080851,9117458743787867853207702223890,94917,62,180,180,0,True
1718256911,20080852,9103719769176555999443467358121,94886,63,180,180,0,True
1718256923,20080853,9163118892970545812065416366305,95016,64,180,180,0,True
1718256935,20080854,9160690923880573235699950002146,95011,65,180,180,0,True
1718256947,20080855,9122777282102701469261156042688,94928,66,180,180,0,True
1718256959,20080856,9101376697980891780144647103471,94881,67,180,180,0,True
1718256971,20080857,9101376697980891780144647103471,94881,67,180,180,0,True
1718256983,20080858,9101376697980891780144647103471,94881,67,180,180,0,True
1718256995,20080859,9117202034919419952296875015731,94916,68,180,180,0,True
1718257007,20080860,9117202034919419952296875015731,94916,68,180,180,0,True
1718257019,20080861,9132586311933359095357217444145,94950,69,180,180,0,True
1718257031,20080862,9132586311933359095357217444145,94950,69,180,180,0,True
1718257043,20080863,9132586311933359095357217444145,94950,69,180,180,0,True
1718257055,20080864,9132586311933359095357217444145,94950,69,180,180,0,True
1718257067,20080865,9132586311933359095357217444145,94950,69,180,180,0,True
1718257079,20080866,9122434007899393542138913513578,94927,70,180,180,0,True
1718257091,20080867,9133600696954558647641616456347,94952,71,180,180,0,True
1718257103,20080868,9158638245694046438573448210564,95007,72,180,180,0,True
1718257115,20080869,9187180880725566183414436740591,95069,73,180,180,0,True
1718257127,20080870,9208165326736189559794043777956,95115,74,180,180,0,True
1718257151,20080871,9213171586476772849328482840806,95125,75,180,180,0,True
1718257163,20080872,9213171586476772849328482840806,95125,75,180,180,0,True
1718257175,20080873,9213171586476772849328482840806,95125,75,180,180,0,True
1718257187,20080874,9213171586476772849328482840806,95125,75,180,180,0,True
1718257199,20080875,9213171586476772849328482840806,95125,75,180,180,0,True
1718257211,20080876,9227604345498118936725200162155,95157,76,180,180,0,True
1718257223,20080877,9227604345498118936725200162155,95157,76,180,180,0,True
1718257235,20080878,9227604345498118936725200162155,95157,76,180,180,0,True
1718257247,20080879,9312195635902728265951499131704,95339,77,180,180,0,True
1718257259,20080880,9308684537321180933767765201244,95332,78,180,180,0,True
1718257271,20080881,9308684537321180933767765201244,95332,78,180,180,0,True
1718257283,20080882,9283276325621512039210158498831,95277,79,180,180,0,True
1718257295,20080883,9257008172643924839288984980133,95220,80,180,180,0,True
1718257307,20080884,9257008172643924839288984980133,95220,80,180,180,0,True
1718257319,20080885,9257008172643924839288984980133,95220,80,180,180,0,True
1718257331,20080886,9257008172643924839288984980133,95220,80,180,180,0,True
1718257343,20080887,9257008172643924839288984980133,95220,80,180,180,0,True
1718257355,20080888,9257008172643924839288984980133,95220,80,180,180,0,True
1718257367,20080889,9257008172643924839288984980133,95220,80,180,180,0,True
1718257379,20080890,9245430847766208437683703598036,95195,81,180,180,0,True
1718257391,20080891,9232842751294460936742152459849,95168,82,180,180,0,True
1718257403,20080892,9232842751294460936742152459849,95168,82,180,180,0,True
1718257415,20080893,9217215256702011724970520436950,95134,83,180,180,0,True
1718257427,20080894,9217215256702011724970520436950,95134,83,180,180,0,True
1718257439,20080895,9217215256702011724970520436950,95134,83,180,180,0,True
1718257451,20080896,9217215256702011724970520436950,95134,83,180,180,0,True
1718257463,20080897,9217215256702011724970520436950,95134,83,180,180,0,True
1718257475,20080898,9230849905379533304320248124035,95164,84,180,180,0,True
1718257487,20080899,9230849905379533304320248124035,95164,84,180,180,0,True
1718257499,20080900,9230849905379533304320248124035,95164,84,180,180,0,True
1718257511,20080901,9230849905379533304320248124035,95164,84,180,180,0,True
1718257523,20080902,9265301759621350754424447097899,95238,85,180,180,0,True
1718257535,20080903,9261072943085788802987848747138,95229,86,180,180,0,True
1718257547,20080904,9261072943085788802987848747138,95229,86,180,180,0,True
1718257559,20080905,9261072943085788802987848747138,95229,86,180,180,0,True
1718257571,20080906,9261072943085788802987848747138,95229,86,180,180,0,True
1718257583,20080907,9261072943085788802987848747138,95229,86,180,180,0,True
1718257595,20080908,9261072943085788802987848747138,95229,86,180,180,0,True
1718257607,20080909,9270558381469341908341064313274,95250,87,180,180,0,True
1718257619,20080910,9270428198213593243606784833851,95249,88,180,180,0,True
1718257631,20080911,9270428198213593243606784833851,95249,88,180,180,0,True
1718257643,20080912,9270428198213593243606784833851,95249,88,180,180,0,True
1718257655,20080913,9270428198213593243606784833851,95249,88,180,180,0,True
1718257667,20080914,9270428198213593243606784833851,95249,88,180,180,0,True
1718257679,20080915,9270428198213593243606784833851,95249,88,180,180,0,True
1718257691,20080916,9270428198213593243606784833851,95249,88,180,180,0,True
1718257703,20080917,9270428198213593243606784833851,95249,88,180,180,0,True
1718257715,20080918,9259625874732008283174178643253,95226,89,180,180,0,True
1718257727,20080919,9238452267063741682234918334027,95180,90,180,180,0,True
1718257739,20080920,9238452267063741682234918334027,95180,90,180,180,0,True
1718257751,20080921,9226452737701081365224997300513,95154,91,180,180,0,True
1718257763,20080922,9226452737701081365224997300513,95154,91,180,180,0,True
1718257775,20080923,9226452737701081365224997300513,95154,91,180,180,0,True
1718257787,20080924,9226452737701081365224997300513,95154,91,180,180,0,True
1718257799,20080925,9209195060825422548742217113481,95117,92,180,180,0,True
1718257811,20080926,9195334640547297142541200361953,95087,93,180,180,0,True
1718257835,20080927,9185862279314591713626064010957,95066,94,180,180,0,True
1718257847,20080928,9174238759012579716695737424678,95041,95,180,180,0,True
1718257859,20080929,9174238759012579716695737424678,95041,95,180,180,0,True
1718257871,20080930,9174238759012579716695737424678,95041,95,180,180,0,True
1718257883,20080931,9174238759012579716695737424678,95041,95,180,180,0,True
1718257895,20080932,9174238759012579716695737424678,95041,95,180,180,0,True
1718257907,20080933,9156159965803089005008306806658,95001,96,180,180,0,True
1718257919,20080934,9156159965803089005008306806658,95001,96,180,180,0,True
1718257931,20080935,9156159965803089005008306806658,95001,96,180,180,0,True
1718257943,20080936,9156159965803089005008306806658,95001,96,180,180,0,True
1718257955,20080937,9156251314872010822955104995678,95001,96,180,180,0,True
1718257967,20080938,9156251314872010822955104995678,95001,96,180,180,0,True
1718257979,20080939,9156251314872010822955104995678,95001,96,180,180,0,True
1718257991,20080940,9156251314872010822955104995678,95001,96,180,180,0,True
1718258003,20080941,9156251314872010822955104995678,95001,96,180,180,0,True
1718258015,20080942,9156251314872010822955104995678,95001,96,180,180,0,True
1718258027,20080943,9156251314872010822955104995678,95001,96,180,180,0,True
1718258039,20080944,9152729030618965623542879187979,94994,97,180,180,0,True
1718258051,20080945,9171412413267798006101078025642,95035,98,180,180,0,True
1718258063,20080946,9171412413267798006101078025642,95035,98,180,180,0,True
1718258075,20080947,9171412413267798006101078025642,95035,98,180,180,0,True
1718258087,20080948,9171412413267798006101078025642,95035,98,180,180,0,True
1718258099,20080949,9171412413267798006101078025642,95035,98,180,180,0,True
1718258111,20080950,9172884904393437209039807288708,95038,99,180,180,0,True
1718258123,20080951,9188682820659772793809757152782,95072,100,180,180,0,True
1718258135,20080952,9188682820659772793809757152782,95072,100,180,180,0,True
1718258147,20080953,9188682820659772793809757152782,95072,100,180,180,0,True
1718258159,20080954,9175584292785635952820832192486,95044,101,180,180,0,True
1718258171,20080955,9194281738742004250559035511212,95084,102,180,180,0,True
1718258183,20080956,9194281738742004250559035511212,95084,102,180,180,0,True
1718258195,20080957,9194281738742004250559035511212,95084,102,180,180,0,True
1718258207,20080958,9194281738742004250559035511212,95084,102,180,180,0,True
1718258219,20080959,9194281738742004250559035511212,95084,102,180,180,0,True
1718258231,20080960,9219141584908746426568239188840,95138,103,180,180,0,True
1718258243,20080961,9219141584908746426568239188840,95138,103,180,180,0,True
1718258255,20080962,9219141584908746426568239188840,95138,103,180,180,0,True
1718258267,20080963,9219141584908746426568239188840,95138,103,180,180,0,True
1718258279,20080964,9235188151693162322369513860101,95173,104,180,180,0,True
1718258291,20080965,9235188151693162322369513860101,95173,104,180,180,0,True
1718258303,20080966,9280392430310567130739474943617,95271,105,180,180,0,True
1718258315,20080967,9310767088892842181635453458772,95336,106,180,180,0,True
1718258327,20080968,9310767088892842181635453458772,95336,106,180,180,0,True
1718258339,20080969,9298424863304490754965593363828,95310,107,180,180,0,True
1718258351,20080970,9342253562832013020912360626385,95404,108,180,180,0,True
1718258363,20080971,9307589939878337869466561311248,95329,109,180,180,0,True
1718258375,20080972,9404941362742540632791594303488,95537,110,180,180,0,True
1718258387,20080973,9404941362742540632791594303488,95537,110,180,180,0,True
1718258399,20080974,9404941362742540632791594303488,95537,110,180,180,0,True
1718258411,20080975,9404941362742540632791594303488,95537,110,180,180,0,True
1718258423,20080976,9404941362742540632791594303488,95537,110,180,180,0,True
1718258435,20080977,9404941362742540632791594303488,95537,110,180,180,0,True
1718258447,20080978,9404941362742540632791594303488,95537,110,180,180,0,True
1718258459,20080979,9404941362742540632791594303488,95537,110,180,180,0,True
1718258471,20080980,9404941362742540632791594303488,95537,110,180,180,0,True
1718258483,20080981,9404941362742540632791594303488,95537,110,180,180,0,True
1718258495,20080982,9404941362742540632791594303488,95537,110,180,180,0,True
1718258507,20080983,9404941362742540632791594303488,95537,110,180,180,0,True
1718258519,20080984,9404941362742540632791594303488,95537,110,180,180,0,True
1718258531,20080985,9404941362742540632791594303488,95537,110,180,180,0,True
1718258543,20080986,9404941362742540632791594303488,95537,110,180,180,0,True
1718258555,20080987,9404941362742540632791594303488,95537,110,180,180,0,True
1718258567,20080988,9404941362742540632791594303488,95537,110,180,180,0,True
1718258579,20080989,9404941362742540632791594303488,95537,110,180,180,0,True
1718258591,20080990,9404941362742540632791594303488,95537,110,180,180,0,True
1718258603,20080991,9404941362742540632791594303488,95537,110,180,180,0,True
1718258615,20080992,9404941362742540632791594303488,95537,110,180,180,0,True
1718258627,20080993,9404941362742540632791594303488,95537,110,180,180,0,True
1718258639,20080994,9404941362742540632791594303488,95537,110,180,180,0,True
1718258651,20080995,9404941362742540632791594303488,95537,110,180,180,0,True
1718258663,20080996,9404941362742540632791594303488,95537,110,180,180,0,True
1718258675,20080997,9404941362742540632791594303488,95537,110,180,180,0,True
1718258687,20080998,9404941362742540632791594303488,95537,110,180,180,0,True
1718258699,20080999,9404941362742540632791594303488,95537,110,180,180,0,True
1718258711,20081000,9404941362742540632791594303488,95537,110,180,180,0,True
1718258723,20081001,9404941362742540632791594303488,95537,110,180,180,0,True
1718258735,20081002,9404941362742540632791594303488,95537,110,180,180,0,True
1718258747,20081003,9404941362742540632791594303488,95537,110,180,180,0,True
1718258759,20081004,9404941362742540632791594303488,95537,110,180,180,0,True
1718258771,20081005,9404941362742540632791594303488,95537,110,180,180,0,True
1718258783,20081006,9404941362742540632791594303488,95537,110,180,180,0,True
1718258795,20081007,9404941362742540632791594303488,95537,110,180,180,0,True
1718258807,20081008,9404941362742540632791594303488,95537,110,180,180,0,True
1718258819,20081009,9404941362742540632791594303488,95537,110,180,180,0,True
1718258831,20081010,9404941362742540632791594303488,95537,110,180,180,0,True
1718258843,20081011,9404941362742540632791594303488,95537,110,180,180,0,True
1718258855,20081012,9404941362742540632791594303488,95537,110,180,180,0,True
1718258867,20081013,9404941362742540632791594303488,95537,110,180,180,0,True
1718258879,20081014,9404941362742540632791594303488,95537,110,180,180,0,True
1718258891,20081015,9404941362742540632791594303488,95537,110,180,180,0,True
1718258903,20081016,9404941362742540632791594303488,95537,110,180,180,0,True
1718258915,20081017,9404941362742540632791594303488,95537,110,180,180,0,True
1718258927,20081018,9228888878975231966493470885331,95160,111,180,180,0,True
1718258939,20081019,9228888878975231966493470885331,95160,111,180,180,0,True
1718258951,20081020,9228888878975231966493470885331,95160,111,180,180,0,True
1718258963,20081021,9228888878975231966493470885331,95160,111,180,180,0,True
1718258975,20081022,9228888878975231966493470885331,95160,111,180,180,0,True
1718258987,20081023,9228888878975231966493470885331,95160,111,180,180,0,True
1718258999,20081024,9228888878975231966493470885331,95160,111,180,180,0,True
1718259011,20081025,9228888878975231966493470885331,95160,111,180,180,0,True
1718259023,20081026,9228888878975231966493470885331,95160,111,180,180,0,True
1718259035,20081027,9228888878975231966493470885331,95160,111,180,180,0,True
1718259047,20081028,9228888878975231966493470885331,95160,111,180,180,0,True
1718259059,20081029,9228888878975231966493470885331,95160,111,180,180,0,True
1718259071,20081030,9228888878975231966493470885331,95160,111,180,180,0,True
1718259083,20081031,9228888878975231966493470885331,95160,111,180,180,0,True
1718259095,20081032,9228888878975231966493470885331,95160,111,180,180,0,True
1718259107,20081033,9228888878975231966493470885331,95160,111,180,180,0,True
1718259119,20081034,9228888878975231966493470885331,95160,111,180,180,0,True
1718259131,20081035,9228888878975231966493470885331,95160,111,180,180,0,True
1718259143,20081036,9228888878975231966493470885331,95160,111,180,180,0,True
1718259155,20081037,9228888878975231966493470885331,95160,111,180,180,0,True
1718259167,20081038,9228888878975231966493470885331,95160,111,180,180,0,True
1718259179,20081039,9228888878975231966493470885331,95160,111,180,180,0,True
1718259191,20081040,9228888878975231966493470885331,95160,111,180,180,0,True
1718259203,20081041,9228888878975231966493470885331,95160,111,180,180,0,True
1718259215,20081042,9228888878975231966493470885331,95160,111,180,180,0,True
1718259227,20081043,9228888878975231966493470885331,95160,111,180,180,0,True
1718259239,20081044,9228888878975231966493470885331,95160,111,180,180,0,True
1718259251,20081045,9228888878975231966493470885331,95160,111,180,180,0,True
1718259263,20081046,9228888878975231966493470885331,95160,111,180,180,0,True
1718259275,20081047,9228888878975231966493470885331,95160,111,180,180,0,True
1718259287,20081048,9180023274445287506551505518339,95053,112,180,180,0,True
1718259299,20081049,9180023274445287506551505518339,95053,112,180,180,0,True
1718259311,20081050,9180023274445287506551505518339,95053,112,180,180,0,True
1718259323,20081051,9180023274445287506551505518339,95053,112,180,180,0,True
1718259335,20081052,9180023274445287506551505518339,95053,112,180,180,0,True
1718259347,20081053,9180023274445287506551505518339,95053,112,180,180,0,True
1718259359,20081054,9180023274445287506551505518339,95053,112,180,180,0,True
1718259371,20081055,9180023274445287506551505518339,95053,112,180,180,0,True
1718259383,20081056,9180023274445287506551505518339,95053,112,180,180,0,True
1718259395,20081057,9180023274445287506551505518339,95053,112,180,180,0,True
1718259407,20081058,9180023274445287506551505518339,95053,112,180,180,0,True
1718259419,20081059,9180023274445287506551505518339,95053,112,180,180,0,True
1718259431,20081060,9180023274445287506551505518339,95053,112,180,180,0,True
1718259443,20081061,9180023274445287506551505518339,95053,112,180,180,0,True
1718259455,20081062,9180023274445287506551505518339,95053,112,180,180,0,True
1718259467,20081063,9180023274445287506551505518339,95053,112,180,180,0,True
1718259479,20081064,9180023274445287506551505518339,95053,112,180,180,0,True
1718259491,20081065,9180023274445287506551505518339,95053,112,180,180,0,True
1718259503,20081066,9180023274445287506551505518339,95053,112,180,180,0,True
1718259515,20081067,9180023274445287506551505518339,95053,112,180,180,0,True
1718259527,20081068,9180023274445287506551505518339,95053,112,180,180,0,True
1718259539,20081069,9180023274445287506551505518339,95053,112,180,180,0,True
1718259551,20081070,9089263523394451626297709452039,94855,113,180,180,0,True
1718259563,20081071,9089263523394451626297709452039,94855,113,180,180,0,True
1718259575,20081072,9089263523394451626297709452039,94855,113,180,180,0,True
1718259587,20081073,9089263523394451626297709452039,94855,113,180,180,0,True
1718259599,20081074,9171013145510484267084980271077,95034,114,180,180,0,True
1718259611,20081075,9171013145510484267084980271077,95034,114,180,180,0,True
1718259623,20081076,9171013145510484267084980271077,95034,114,180,180,0,True
1718259635,20081077,9171013145510484267084980271077,95034,114,180,180,0,True
1718259647,20081078,9171013145510484267084980271077,95034,114,180,180,0,True
1718259659,20081079,9171013145510484267084980271077,95034,114,180,180,0,True
1718259671,20081080,9171013145510484267084980271077,95034,114,180,180,0,True
1718259683,20081081,9171013145510484267084980271077,95034,114,180,180,0,True
1718259695,20081082,9171013145510484267084980271077,95034,114,180,180,0,True
1718259707,20081083,9171013145510484267084980271077,95034,114,180,180,0,True
1718259719,20081084,9171013145510484267084980271077,95034,114,180,180,0,True
1718259731,20081085,9171013145510484267084980271077,95034,114,180,180,0,True
1718259743,20081086,9171013145510484267084980271077,95034,114,180,180,0,True
1718259755,20081087,9171013145510484267084980271077,95034,114,180,180,0,True
1718259767,20081088,9171013145510484267084980271077,95034,114,180,180,0,True
1718259779,20081089,9171013145510484267084980271077,95034,114,180,180,0,True
1718259791,20081090,9171013145510484267084980271077,95034,114,180,180,0,True
1718259803,20081091,9171013145510484267084980271077,95034,114,180,180,0,True
1718259815,20081092,9171013145510484267084980271077,95034,114,180,180,0,True
1718259827,20081093,9171013145510484267084980271077,95034,114,180,180,0,True
1718259839,20081094,9171013145510484267084980271077,95034,114,180,180,0,True
1718259851,20081095,9171013145510484267084980271077,95034,114,180,180,0,True
1718259863,20081096,9171013145510484267084980271077,95034,114,180,180,0,True
1718259875,20081097,9171013145510484267084980271077,95034,114,180,180,0,True
1718259887,20081098,9171013145510484267084980271077,95034,114,180,180,0,True
1718259899,20081099,9171013145510484267084980271077,95034,114,180,180,0,True
1718259911,20081100,9171013145510484267084980271077,95034,114,180,180,0,True
1718259923,20081101,9171013145510484267084980271077,95034,114,180,180,0,True
1718259935,20081102,9171013145510484267084980271077,95034,114,180,180,0,True
1718259947,20081103,9171013145510484267084980271077,95034,114,180,180,0,True
1718259959,20081104,9171013145510484267084980271077,95034,114,180,180,0,True
1718259971,20081105,9171013145510484267084980271077,95034,114,180,180,0,True
1718259983,20081106,9171013145510484267084980271077,95034,114,180,180,0,True
1718259995,20081107,9171013145510484267084980271077,95034,114,180,180,0,True
1718260007,20081108,9171013145510484267084980271077,95034,114,180,180,0,True
1718260019,20081109,9171013145510484267084980271077,95034,114,180,180,0,True
1718260031,20081110,9171013145510484267084980271077,95034,114,180,180,0,True
1718260043,20081111,9171013145510484267084980271077,95034,114,180,180,0,True
1718260055,20081112,9171013145510484267084980271077,95034,114,180,180,0,True
1718260067,20081113,9171013145510484267084980271077,95034,114,180,180,0,True
1718260079,20081114,9171013145510484267084980271077,95034,114,180,180,0,True
1718260091,20081115,9171013145510484267084980271077,95034,114,180,180,0,True
1718260103,20081116,9171013145510484267084980271077,95034,114,180,180,0,True
1718260115,20081117,9171013145510484267084980271077,95034,114,180,180,0,True
1718260127,20081118,9171013145510484267084980271077,95034,114,180,180,0,True
1718260139,20081119,9171013145510484267084980271077,95034,114,180,180,0,True
1718260151,20081120,9171013145510484267084980271077,95034,114,180,180,0,True
1718260163,20081121,9171013145510484267084980271077,95034,114,180,180,0,True
1718260175,20081122,9171013145510484267084980271077,95034,114,180,180,0,True
1718260187,20081123,9171013145510484267084980271077,95034,114,180,180,0,True
1718260199,20081124,9171013145510484267084980271077,95034,114,180,180,0,True
1718260211,20081125,9171013145510484267084980271077,95034,114,180,180,0,True
1718260223,20081126,9171013145510484267084980271077,95034,114,180,180,0,True
1718260235,20081127,9171013145510484267084980271077,95034,114,180,180,0,True
1718260247,20081128,9171013145510484267084980271077,95034,114,180,180,0,True
1718260259,20081129,9171013145510484267084980271077,95034,114,180,180,0,True
1718260271,20081130,9171013145510484267084980271077,95034,114,180,180,0,True
1718260283,20081131,9171013145510484267084980271077,95034,114,180,180,0,True
1718260295,20081132,9171013145510484267084980271077,95034,114,180,180,0,True
1718260307,20081133,9171013145510484267084980271077,95034,114,180,180,0,True
1718260319,20081134,9171013145510484267084980271077,95034,114,180,180,0,True
1718260331,20081135,9171013145510484267084980271077,95034,114,180,180,0,True
1718260343,20081136,9171013145510484267084980271077,95034,114,180,180,0,True
1718260355,20081137,9171013145510484267084980271077,95034,114,180,180,0,True
1718260367,20081138,9171013145510484267084980271077,95034,114,180,180,0,True
1718260379,20081139,9171013145510484267084980271077,95034,114,180,180,0,True
1718260391,20081140,9171013145510484267084980271077,95034,114,180,180,0,True
1718260403,20081141,9171013145510484267084980271077,95034,114,180,180,0,True
1718260415,20081142,9171013145510484267084980271077,95034,114,180,180,0,True
1718260427,20081143,9171013145510484267084980271077,95034,114,180,180,0,True
1718260439,20081144,9171013145510484267084980271077,95034,114,180,180,0,True
1718260451,20081145,9171013145510484267084980271077,95034,114,180,180,0,True
1718260475,20081146,9171013145510484267084980271077,95034,114,180,180,0,True
1718260487,20081147,9175185038688039146148279091200,95043,115,180,180,0,True
1718260499,20081148,9175185038688039146148279091200,95043,115,180,180,0,True
1718260511,20081149,9175185038688039146148279091200,95043,115,180,180,0,True
1718260523,20081150,9175185038688039146148279091200,95043,115,180,180,0,True
1718260535,20081151,9175185038688039146148279091200,95043,115,180,180,0,True
1718260547,20081152,9175185038688039146148279091200,95043,115,180,180,0,True
1718260559,20081153,9175185038688039146148279091200,95043,115,180,180,0,True
1718260571,20081154,9175185038688039146148279091200,95043,115,180,180,0,True
1718260583,20081155,9175185038688039146148279091200,95043,115,180,180,0,True
1718260595,20081156,9175185038688039146148279091200,95043,115,180,180,0,True
1718260607,20081157,9175185038688039146148279091200,95043,115,180,180,0,True
1718260619,20081158,9175185038688039146148279091200,95043,115,180,180,0,True
1718260631,20081159,9175185038688039146148279091200,95043,115,180,180,0,True
1718260643,20081160,9175185038688039146148279091200,95043,115,180,180,0,True
1718260655,20081161,9175185038688039146148279091200,95043,115,180,180,0,True
1718260667,20081162,9175185038688039146148279091200,95043,115,180,180,0,True
1718260679,20081163,9175185038688039146148279091200,95043,115,180,180,0,True
1718260691,20081164,9175185038688039146148279091200,95043,115,180,180,0,True
1718260703,20081165,9175185038688039146148279091200,95043,115,180,180,0,True
1718260715,20081166,9175185038688039146148279091200,95043,115,180,180,0,True
1718260727,20081167,9175185038688039146148279091200,95043,115,180,180,0,True
1718260739,20081168,9175185038688039146148279091200,95043,115,180,180,0,True
1718260751,20081169,9175185038688039146148279091200,95043,115,180,180,0,True
1718260763,20081170,9175185038688039146148279091200,95043,115,180,180,0,True
1718260775,20081171,9175185038688039146148279091200,95043,115,180,180,0,True
1718260787,20081172,9175185038688039146148279091200,95043,115,180,180,0,True
1718260799,20081173,9228888878975231965805537601863,95159,116,180,180,0,True
1718260811,20081174,9228888878975231965805537601863,95159,116,180,180,0,True
1718260823,20081175,9228888878975231965805537601863,95159,116,180,180,0,True
1718260835,20081176,9228888878975231965805537601863,95159,116,180,180,0,True
1718260847,20081177,9228888878975231965805537601863,95159,116,180,180,0,True
1718260859,20081178,9228888878975231965805537601863,95159,116,180,180,0,True
1718260871,20081179,9228888878975231965805537601863,95159,116,180,180,0,True
1718260883,20081180,9228888878975231965805537601863,95159,116,180,180,0,True
1718260895,20081181,9228888878975231965805537601863,95159,116,180,180,0,True
1718260907,20081182,9228888878975231965805537601863,95159,116,180,180,0,True
1718260919,20081183,9228888878975231965805537601863,95159,116,180,180,0,True
1718260931,20081184,9228888878975231965805537601863,95159,116,180,180,0,True
1718260943,20081185,9228888878975231965805537601863,95159,116,180,180,0,True
1718260955,20081186,9228888878975231965805537601863,95159,116,180,180,0,True
1718260967,20081187,9228888878975231965805537601863,95159,116,180,180,0,True
1718260979,20081188,9228888878975231965805537601863,95159,116,180,180,0,True
1718260991,20081189,9228888878975231965805537601863,95159,116,180,180,0,True
1718261003,20081190,9228888878975231965805537601863,95159,116,180,180,0,True
1718261015,20081191,9228888878975231965805537601863,95159,116,180,180,0,True
1718261039,20081192,9228888878975231965805537601863,95159,116,180,180,0,True
1718261051,20081193,9228888878975231965805537601863,95159,116,180,180,0,True
1718261063,20081194,9228888878975231965805537601863,95159,116,180,180,0,True
1718261075,20081195,9228888878975231965805537601863,95159,116,180,180,0,True
1718261087,20081196,9228888878975231965805537601863,95159,116,180,180,0,True
1718261099,20081197,9228888878975231965805537601863,95159,116,180,180,0,True
1718261111,20081198,9228888878975231965805537601863,95159,116,180,180,0,True
1718261123,20081199,9228888878975231965805537601863,95159,116,180,180,0,True
1718261135,20081200,9228888878975231965805537601863,95159,116,180,180,0,True
1718261147,20081201,9228888878975231965805537601863,95159,116,180,180,0,True
1718261159,20081202,9228888878975231965805537601863,95159,116,180,180,0,True
1718261171,20081203,9228888878975231965805537601863,95159,116,180,180,0,True
1718261183,20081204,9228888878975231965805537601863,95159,116,180,180,0,True
1718261195,20081205,9228888878975231965805537601863,95159,116,180,180,0,True
1718261207,20081206,9228888878975231965805537601863,95159,116,180,180,0,True
1718261219,20081207,9228888878975231965805537601863,95159,116,180,180,0,True
1718261231,20081208,9228888878975231965805537601863,95159,116,180,180,0,True
1718261243,20081209,9228888878975231965805537601863,95159,116,180,180,0,True
1718261255,20081210,9228888878975231965805537601863,95159,116,180,180,0,True
1718261267,20081211,9228888878975231965805537601863,95159,116,180,180,0,True
1718261279,20081212,9228888878975231965805537601863,95159,116,180,180,0,True
1718261291,20081213,9228888878975231965805537601863,95159,116,180,180,0,True
1718261303,20081214,9228888878975231965805537601863,95159,116,180,180,0,True
1718261315,20081215,9228888878975231965805537601863,95159,116,180,180,0,True
1718261327,20081216,9228888878975231965805537601863,95159,116,180,180,0,True
1718261339,20081217,9228888878975231965805537601863,95159,116,180,180,0,True
1718261351,20081218,9228888878975231965805537601863,95159,116,180,180,0,True
1718261363,20081219,9228888878975231965805537601863,95159,116,180,180,0,True
1718261375,20081220,9228888878975231965805537601863,95159,116,180,180,0,True
1718261387,20081221,9228888878975231965805537601863,95159,116,180,180,0,True
1718261399,20081222,9228888878975231965805537601863,95159,116,180,180,0,True
1718261411,20081223,9228888878975231965805537601863,95159,116,180,180,0,True
1718261423,20081224,9228888878975231965805537601863,95159,116,180,180,0,True
1718261435,20081225,9228888878975231965805537601863,95159,116,180,180,0,True
1718261447,20081226,9228888878975231965805537601863,95159,116,180,180,0,True
1718261459,20081227,9228888878975231965805537601863,95159,116,180,180,0,True
1718261471,20081228,9228888878975231965805537601863,95159,116,180,180,0,True
1718261483,20081229,9228888878975231965805537601863,95159,116,180,180,0,True
1718261495,20081230,9228888878975231965805537601863,95159,116,180,180,0,True
1718261507,20081231,9228888878975231965805537601863,95159,116,180,180,0,True
1718261519,20081232,9228888878975231965805537601863,95159,116,180,180,0,True
1718261531,20081233,9228888878975231965805537601863,95159,116,180,180,0,True
1718261543,20081234,9228888878975231965805537601863,95159,116,180,180,0,True
1718261555,20081235,9228888878975231965805537601863,95159,116,180,180,0,True
1718261567,20081236,9228888878975231965805537601863,95159,116,180,180,0,True
1718261579,20081237,9228888878975231965805537601863,95159,116,180,180,0,True
1718261591,20081238,9228888878975231965805537601863,95159,116,180,180,0,True
1718261603,20081239,9228888878975231965805537601863,95159,116,180,180,0,True
1718261615,20081240,9228888878975231965805537601863,95159,116,180,180,0,True
1718261627,20081241,9228888878975231965805537601863,95159,116,180,180,0,True
1718261639,20081242,9228888878975231965805537601863,95159,116,180,180,0,True
1718261651,20081243,9228888878975231965805537601863,95159,116,180,180,0,True
1718261663,20081244,9228888878975231965805537601863,95159,116,180,180,0,True
1718261675,20081245,9228888878975231965805537601863,95159,116,180,180,0,True
1718261687,20081246,9228888878975231965805537601863,95159,116,180,180,0,True
1718261699,20081247,9228888878975231965805537601863,95159,116,180,180,0,True
1718261711,20081248,9228888878975231965805537601863,95159,116,180,180,0,True
1718261723,20081249,9228888878975231965805537601863,95159,116,180,180,0,True
1718261735,20081250,9228888878975231965805537601863,95159,116,180,180,0,True
1718261747,20081251,9228888878975231965805537601863,95159,116,180,180,0,True
1718261759,20081252,9228888878975231965805537601863,95159,116,180,180,0,True
1718261771,20081253,9228888878975231965805537601863,95159,116,180,180,0,True
1718261783,20081254,9228888878975231965805537601863,95159,116,180,180,0,True
1718261795,20081255,9228888878975231965805537601863,95159,116,180,180,0,True
1718261807,20081256,9228888878975231965805537601863,95159,116,180,180,0,True
1718261819,20081257,9228888878975231965805537601863,95159,116,180,180,0,True
1718261831,20081258,9228888878975231965805537601863,95159,116,180,180,0,True
1718261843,20081259,9228888878975231965805537601863,95159,116,180,180,0,True
1718261855,20081260,9228888878975231965805537601863,95159,116,180,180,0,True
1718261867,20081261,9228888878975231965805537601863,95159,116,180,180,0,True
1718261879,20081262,9228888878975231965805537601863,95159,116,180,180,0,True
1718261891,20081263,9228888878975231965805537601863,95159,116,180,180,0,True
1718261903,20081264,9228888878975231965805537601863,95159,116,180,180,0,True
1718261915,20081265,9228888878975231965805537601863,95159,116,180,180,0,True
1718261927,20081266,9228888878975231965805537601863,95159,116,180,180,0,True
1718261939,20081267,9228888878975231965805537601863,95159,116,180,180,0,True
1718261951,20081268,9228888878975231965805537601863,95159,116,180,180,0,True
1718261963,20081269,9228888878975231965805537601863,95159,116,180,180,0,True
1718261975,20081270,9228888878975231965805537601863,95159,116,180,180,0,True
1718261987,20081271,9228888878975231965805537601863,95159,116,180,180,0,True
1718261999,20081272,9228888878975231965805537601863,95159,116,180,180,0,True
1718262011,20081273,9228888878975231965805537601863,95159,116,180,180,0,True
1718262023,20081274,9228888878975231965805537601863,95159,116,180,180,0,True
1718262035,20081275,9228888878975231965805537601863,95159,116,180,180,0,True
1718262047,20081276,9228888878975231965805537601863,95159,116,180,180,0,True
1718262059,20081277,9228888878975231965805537601863,95159,116,180,180,0,True
1718262071,20081278,9228888878975231965805537601863,95159,116,180,180,0,True
1718262083,20081279,9228888878975231965805537601863,95159,116,180,180,0,True
1718262095,20081280,9228888878975231965805537601863,95159,116,180,180,0,True
1718262107,20081281,9228888878975231965805537601863,95159,116,180,180,0,True
1718262119,20081282,9228888878975231965805537601863,95159,116,180,180,0,True
1718262131,20081283,9228888878975231965805537601863,95159,116,180,180,0,True
1718262143,20081284,9228888878975231965805537601863,95159,116,180,180,0,True
1718262155,20081285,9228888878975231965805537601863,95159,116,180,180,0,True
1718262167,20081286,9228888878975231965805537601863,95159,116,180,180,0,True
1718262179,20081287,9228888878975231965805537601863,95159,116,180,180,0,True
1718262191,20081288,9228888878975231965805537601863,95159,116,180,180,0,True
1718262203,20081289,9228888878975231965805537601863,95159,116,180,180,0,True
1718262215,20081290,9228888878975231965805537601863,95159,116,180,180,0,True
1718262227,20081291,9228888878975231965805537601863,95159,116,180,180,0,True
1718262239,20081292,9228888878975231965805537601863,95159,116,180,180,0,True
1718262251,20081293,9228888878975231965805537601863,95159,116,180,180,0,True
1718262263,20081294,9228888878975231965805537601863,95159,116,180,180,0,True
1718262275,20081295,9228888878975231965805537601863,95159,116,180,180,0,True
1718262287,20081296,9228888878975231965805537601863,95159,116,180,180,0,True
1718262299,20081297,9228888878975231965805537601863,95159,116,180,180,0,True
1718262311,20081298,9228888878975231965805537601863,95159,116,180,180,0,True
1718262323,20081299,9228888878975231965805537601863,95159,116,180,180,0,True
1718262335,20081300,9228888878975231965805537601863,95159,116,180,180,0,True
1718262347,20081301,9228888878975231965805537601863,95159,116,180,180,0,True
1718262359,20081302,9228888878975231965805537601863,95159,116,180,180,0,True
1718262371,20081303,9228888878975231965805537601863,95159,116,180,180,0,True
1718262383,20081304,9228888878975231965805537601863,95159,116,180,180,0,True
1718262395,20081305,9228888878975231965805537601863,95159,116,180,180,0,True
1718262407,20081306,9228888878975231965805537601863,95159,116,180,180,0,True
1718262419,20081307,9228888878975231965805537601863,95159,116,180,180,0,True
1718262431,20081308,9228888878975231965805537601863,95159,116,180,180,0,True
1718262443,20081309,9228888878975231965805537601863,95159,116,180,180,0,True
1718262455,20081310,9228888878975231965805537601863,95159,116,180,180,0,True
1718262467,20081311,9228888878975231965805537601863,95159,116,180,180,0,True
1718262479,20081312,9228888878975231965805537601863,95159,116,180,180,0,True
1718262491,20081313,9228888878975231965805537601863,95159,116,180,180,0,True
1718262503,20081314,9228888878975231965805537601863,95159,116,180,180,0,True
1718262515,20081315,9228888878975231965805537601863,95159,116,180,180,0,True
1718262527,20081316,9228888878975231965805537601863,95159,116,180,180,0,True
1718262539,20081317,9228888878975231965805537601863,95159,116,180,180,0,True
1718262551,20081318,9228888878975231965805537601863,95159,116,180,180,0,True
1718262563,20081319,9228888878975231965805537601863,95159,116,180,180,0,True
1718262575,20081320,9228888878975231965805537601863,95159,116,180,180,0,True
1718262587,20081321,9228888878975231965805537601863,95159,116,180,180,0,True
1718262599,20081322,9228888878975231965805537601863,95159,116,180,180,0,True
1718262611,20081323,9228888878975231965805537601863,95159,116,180,180,0,True
1718262623,20081324,9228888878975231965805537601863,95159,116,180,180,0,True
1718262635,20081325,9228888878975231965805537601863,95159,116,180,180,0,True
1718262647,20081326,9228888878975231965805537601863,95159,116,180,180,0,True
1718262659,20081327,9228888878975231965805537601863,95159,116,180,180,0,True
1718262671,20081328,9228888878975231965805537601863,95159,116,180,180,0,True
1718262683,20081329,9184052229195119145480044933477,95062,117,180,180,0,True
1718262695,20081330,9184052229195119145480044933477,95062,117,180,180,0,True
1718262707,20081331,9184052229195119145480044933477,95062,117,180,180,0,True
1718262719,20081332,9184052229195119145480044933477,95062,117,180,180,0,True
1718262731,20081333,9184052229195119145480044933477,95062,117,180,180,0,True
1718262743,20081334,9184052229195119145480044933477,95062,117,180,180,0,True
1718262755,20081335,9184052229195119145480044933477,95062,117,180,180,0,True
1718262767,20081336,9184052229195119145480044933477,95062,117,180,180,0,True
1718262779,20081337,9184052229195119145480044933477,95062,117,180,180,0,True
1718262791,20081338,9184052229195119145480044933477,95062,117,180,180,0,True
1718262803,20081339,9184052229195119145480044933477,95062,117,180,180,0,True
1718262815,20081340,9184052229195119145480044933477,95062,117,180,180,0,True
1718262827,20081341,9184052229195119145480044933477,95062,117,180,180,0,True
1718262839,20081342,9184052229195119145480044933477,95062,117,180,180,0,True
1718262851,20081343,9184052229195119145480044933477,95062,117,180,180,0,True
1718262863,20081344,9184052229195119145480044933477,95062,117,180,180,0,True
1718262875,20081345,9184052229195119145480044933477,95062,117,180,180,0,True
1718262887,20081346,9184052229195119145480044933477,95062,117,180,180,0,True
1718262899,20081347,9184052229195119145480044933477,95062,117,180,180,0,True
1718262911,20081348,9184052229195119145480044933477,95062,117,180,180,0,True
1718262923,20081349,9184052229195119145480044933477,95062,117,180,180,0,True
1718262935,20081350,9184052229195119145480044933477,95062,117,180,180,0,True
1718262947,20081351,9184052229195119145480044933477,95062,117,180,180,0,True
1718262959,20081352,9184052229195119145480044933477,95062,117,180,180,0,True
1718262971,20081353,9184052229195119145480044933477,95062,117,180,180,0,True
1718262983,20081354,9184052229195119145480044933477,95062,117,180,180,0,True
1718262995,20081355,9184052229195119145480044933477,95062,117,180,180,0,True
1718263007,20081356,9184052229195119145480044933477,95062,117,180,180,0,True
1718263019,20081357,9184052229195119145480044933477,95062,117,180,180,0,True
1718263031,20081358,9184052229195119145480044933477,95062,117,180,180,0,True
1718263043,20081359,9184052229195119145480044933477,95062,117,180,180,0,True
1718263055,20081360,9184052229195119145480044933477,95062,117,180,180,0,True
1718263067,20081361,9184052229195119145480044933477,95062,117,180,180,0,True
1718263079,20081362,9184052229195119145480044933477,95062,117,180,180,0,True
1718263091,20081363,9184052229195119145480044933477,95062,117,180,180,0,True
1718263103,20081364,8971341828463347354834485309359,94593,118,180,180,0,True
1718263115,20081365,8971341828463347354834485309359,94593,118,180,180,0,True
1718263127,20081366,9123270820277577891804138500834,94929,119,180,180,0,True
1718263139,20081367,9040235994491253777763496917656,94746,120,180,180,0,True
1718263151,20081368,9040235994491253777763496917656,94746,120,180,180,0,True
1718263163,20081369,9040235994491253777763496917656,94746,120,180,180,0,True
1718263175,20081370,9040235994491253777763496917656,94746,120,180,180,0,True
1718263187,20081371,9040235994491253777763496917656,94746,120,180,180,0,True
1718263199,20081372,8967465289259754823271459524349,94585,121,180,180,0,True
1718263211,20081373,8967465289259754823271459524349,94585,121,180,180,0,True
1718263223,20081374,8967465289259754823271459524349,94585,121,180,180,0,True
1718263235,20081375,8967465289259754823271459524349,94585,121,180,180,0,True
1718263247,20081376,8967465289259754823271459524349,94585,121,180,180,0,True
1718263259,20081377,8967465289259754823271459524349,94585,121,180,180,0,True
1718263271,20081378,9047287608445831054827326079678,94762,122,180,180,0,True
1718263283,20081379,9047287608445831054827326079678,94762,122,180,180,0,True
1718263295,20081380,9047287608445831054827326079678,94762,122,180,180,0,True
1718263307,20081381,9047287608445831054827326079678,94762,122,180,180,0,True
1718263319,20081382,9047287608445831054827326079678,94762,122,180,180,0,True
1718263331,20081383,9047287608445831054827326079678,94762,122,180,180,0,True
1718263343,20081384,9047287608445831054827326079678,94762,122,180,180,0,True
1718263355,20081385,9047287608445831054827326079678,94762,122,180,180,0,True
1718263367,20081386,9047287608445831054827326079678,94762,122,180,180,0,True
1718263379,20081387,9047287608445831054827326079678,94762,122,180,180,0,True
1718263391,20081388,9047287608445831054827326079678,94762,122,180,180,0,True
1718263403,20081389,9047287608445831054827326079678,94762,122,180,180,0,True
1718263415,20081390,9047287608445831054827326079678,94762,122,180,180,0,True
1718263427,20081391,9047287608445831054827326079678,94762,122,180,180,0,True
1718263439,20081392,9047287608445831054827326079678,94762,122,180,180,0,True
1718263451,20081393,9047287608445831054827326079678,94762,122,180,180,0,True
1718263463,20081394,8908350522216321315543760048437,94452,123,180,180,0,True
1718263475,20081395,8982344961606702082429968443121,94618,124,180,180,0,True
1718263487,20081396,8982344961606702082429968443121,94618,124,180,180,0,True
1718263499,20081397,8982344961606702082429968443121,94618,124,180,180,0,True
1718263511,20081398,8982344961606702082429968443121,94618,124,180,180,0,True
1718263523,20081399,8982344961606702082429968443121,94618,124,180,180,0,True
1718263535,20081400,8982344961606702082429968443121,94618,124,180,180,0,True
1718263547,20081401,8982344961606702082429968443121,94618,124,180,180,0,True
1718263559,20081402,8982344961606702082429968443121,94618,124,180,180,0,True
1718263571,20081403,8982344961606702082429968443121,94618,124,180,180,0,True
1718263583,20081404,8982344961606702082429968443121,94618,124,180,180,0,True
1718263595,20081405,8982344961606702082429968443121,94618,124,180,180,0,True
1718263607,20081406,8982344961606702082429968443121,94618,124,180,180,0,True
1718263619,20081407,8982344961606702082429968443121,94618,124,180,180,0,True
1718263631,20081408,8982344961606702082429968443121,94618,124,180,180,0,True
1718263643,20081409,8982344961606702082429968443121,94618,124,180,180,0,True
1718263655,20081410,8982344961606702082429968443121,94618,124,180,180,0,True
1718263667,20081411,8982344961606702082429968443121,94618,124,180,180,0,True
1718263679,20081412,8982344961606702082429968443121,94618,124,180,180,0,True
1718263691,20081413,8982344961606702082429968443121,94618,124,180,180,0,True
1718263703,20081414,8982344961606702082429968443121,94618,124,180,180,0,True
1718263715,20081415,8982344961606702082429968443121,94618,124,180,180,0,True
1718263727,20081416,8982344961606702082429968443121,94618,124,180,180,0,True
1718263739,20081417,8982344961606702082429968443121,94618,124,180,180,0,True
1718263751,20081418,8982344961606702082429968443121,94618,124,180,180,0,True
1718263763,20081419,8982344961606702082429968443121,94618,124,180,180,0,True
1718263775,20081420,8982344961606702082429968443121,94618,124,180,180,0,True
1718263787,20081421,8982344961606702082429968443121,94618,124,180,180,0,True
1718263799,20081422,8982344961606702082429968443121,94618,124,180,180,0,True
1718263811,20081423,8982344961606702082429968443121,94618,124,180,180,0,True
1718263823,20081424,8982344961606702082429968443121,94618,124,180,180,0,True
1718263835,20081425,8982344961606702082429968443121,94618,124,180,180,0,True
1718263847,20081426,8982344961606702082429968443121,94618,124,180,180,0,True
1718263859,20081427,8982344961606702082429968443121,94618,124,180,180,0,True
1718263871,20081428,8982344961606702082429968443121,94618,124,180,180,0,True
1718263883,20081429,8982344961606702082429968443121,94618,124,180,180,0,True
1718263895,20081430,8982344961606702082429968443121,94618,124,180,180,0,True
1718263907,20081431,8982344961606702082429968443121,94618,124,180,180,0,True
1718263919,20081432,8982344961606702082429968443121,94618,124,180,180,0,True
1718263931,20081433,8982344961606702082429968443121,94618,124,180,180,0,True
1718263943,20081434,8982344961606702082429968443121,94618,124,180,180,0,True
1718263955,20081435,8982344961606702082429968443121,94618,124,180,180,0,True
1718263967,20081436,8982344961606702082429968443121,94618,124,180,180,0,True
1718263979,20081437,8982344961606702082429968443121,94618,124,180,180,0,True
1718263991,20081438,8982344961606702082429968443121,94618,124,180,180,0,True
1718264003,20081439,8982344961606702082429968443121,94618,124,180,180,0,True
1718264015,20081440,9063607453073615599556822056949,94798,125,180,180,0,True
1718264027,20081441,9063607453073615599556822056949,94798,125,180,180,0,True
1718264039,20081442,9063607453073615599556822056949,94798,125,180,180,0,True
1718264051,20081443,9063607453073615599556822056949,94798,125,180,180,0,True
1718264063,20081444,9063607453073615599556822056949,94798,125,180,180,0,True
1718264075,20081445,9063607453073615599556822056949,94798,125,180,180,0,True
1718264087,20081446,9063607453073615599556822056949,94798,125,180,180,0,True
1718264099,20081447,9063607453073615599556822056949,94798,125,180,180,0,True
1718264111,20081448,9063607453073615599556822056949,94798,125,180,180,0,True
1718264123,20081449,9063607453073615599556822056949,94798,125,180,180,0,True
1718264135,20081450,9063607453073615599556822056949,94798,125,180,180,0,True
1718264147,20081451,9063607453073615599556822056949,94798,125,180,180,0,True
1718264159,20081452,9063607453073615599556822056949,94798,125,180,180,0,True
1718264171,20081453,9063607453073615599556822056949,94798,125,180,180,0,True
1718264183,20081454,9063607453073615599556822056949,94798,125,180,180,0,True
1718264195,20081455,9063607453073615599556822056949,94798,125,180,180,0,True
1718264207,20081456,9063607453073615599556822056949,94798,125,180,180,0,True
1718264219,20081457,9063607453073615599556822056949,94798,125,180,180,0,True
1718264231,20081458,9063607453073615599556822056949,94798,125,180,180,0,True
1718264243,20081459,9063607453073615599556822056949,94798,125,180,180,0,True
1718264255,20081460,9063607453073615599556822056949,94798,125,180,180,0,True
1718264267,20081461,9063607453073615599556822056949,94798,125,180,180,0,True
1718264279,20081462,9063607453073615599556822056949,94798,125,180,180,0,True
1718264291,20081463,9063607453073615599556822056949,94798,125,180,180,0,True
1718264303,20081464,9063607453073615599556822056949,94798,125,180,180,0,True
1718264315,20081465,9063607453073615599556822056949,94798,125,180,180,0,True
1718264327,20081466,9063607453073615599556822056949,94798,125,180,180,0,True
1718264339,20081467,9063607453073615599556822056949,94798,125,180,180,0,True
1718264351,20081468,9063607453073615599556822056949,94798,125,180,180,0,True
1718264363,20081469,9063607453073615599556822056949,94798,125,180,180,0,True
1718264375,20081470,9063607453073615599556822056949,94798,125,180,180,0,True
1718264387,20081471,9063607453073615599556822056949,94798,125,180,180,0,True
1718264399,20081472,9063607453073615599556822056949,94798,125,180,180,0,True
1718264411,20081473,9063607453073615599556822056949,94798,125,180,180,0,True
1718264423,20081474,9063607453073615599556822056949,94798,125,180,180,0,True
1718264435,20081475,9063607453073615599556822056949,94798,125,180,180,0,True
1718264447,20081476,9063607453073615599556822056949,94798,125,180,180,0,True
1718264459,20081477,9063607453073615599556822056949,94798,125,180,180,0,True
1718264471,20081478,9063607453073615599556822056949,94798,125,180,180,0,True
1718264483,20081479,9063607453073615599556822056949,94798,125,180,180,0,True
1718264495,20081480,9063607453073615599556822056949,94798,125,180,180,0,True
1718264507,20081481,9063607453073615599556822056949,94798,125,180,180,0,True
1718264519,20081482,9063607453073615599556822056949,94798,125,180,180,0,True
1718264531,20081483,9063607453073615599556822056949,94798,125,180,180,0,True
1718264543,20081484,9063607453073615599556822056949,94798,125,180,180,0,True
1718264555,20081485,9063607453073615599556822056949,94798,125,180,180,0,True
1718264567,20081486,9063607453073615599556822056949,94798,125,180,180,0,True
1718264579,20081487,9063607453073615599556822056949,94798,125,180,180,0,True
1718264591,20081488,9063607453073615599556822056949,94798,125,180,180,0,True
1718264603,20081489,8969184738361093242119610202004,94589,126,180,180,0,True
1718264615,20081490,8969184738361093242119610202004,94589,126,180,180,0,True
1718264627,20081491,8969184738361093242119610202004,94589,126,180,180,0,True
1718264639,20081492,8969184738361093242119610202004,94589,126,180,180,0,True
1718264651,20081493,8969184738361093242119610202004,94589,126,180,180,0,True
1718264663,20081494,8969184738361093242119610202004,94589,126,180,180,0,True
1718264675,20081495,8969184738361093242119610202004,94589,126,180,180,0,True
1718264687,20081496,8969184738361093242119610202004,94589,126,180,180,0,True
1718264699,20081497,8969184738361093242119610202004,94589,126,180,180,0,True
1718264711,20081498,8969184738361093242119610202004,94589,126,180,180,0,True
1718264723,20081499,8969184738361093242119610202004,94589,126,180,180,0,True
1718264735,20081500,8969184738361093242119610202004,94589,126,180,180,0,True
1718264747,20081501,8969184738361093242119610202004,94589,126,180,180,0,True
1718264759,20081502,8969184738361093242119610202004,94589,126,180,180,0,True
1718264771,20081503,8969184738361093242119610202004,94589,126,180,180,0,True
1718264783,20081504,8969184738361093242119610202004,94589,126,180,180,0,True
1718264795,20081505,8969184738361093242119610202004,94589,126,180,180,0,True
1718264807,20081506,8969184738361093242119610202004,94589,126,180,180,0,True
1718264819,20081507,8969184738361093242119610202004,94589,126,180,180,0,True
1718264831,20081508,8969184738361093242119610202004,94589,126,180,180,0,True
1718264843,20081509,8969184738361093242119610202004,94589,126,180,180,0,True
1718264867,20081510,8940072770678972356752891636884,94524,127,180,180,0,True
1718264879,20081511,8908267453280740297914097739951,94452,128,180,180,0,True
1718264891,20081512,8908267453280740297914097739951,94452,128,180,180,0,True
1718264903,20081513,8908267453280740297914097739951,94452,128,180,180,0,True
1718264915,20081514,8908267453280740297914097739951,94452,128,180,180,0,True
1718264927,20081515,8908267453280740297914097739951,94452,128,180,180,0,True
1718264939,20081516,8908267453280740297914097739951,94452,128,180,180,0,True
1718264951,20081517,8908267453280740297914097739951,94452,128,180,180,0,True
1718264963,20081518,8908267453280740297914097739951,94452,128,180,180,0,True
1718264975,20081519,8908267453280740297914097739951,94452,128,180,180,0,True
1718264987,20081520,8908267453280740297914097739951,94452,128,180,180,0,True
1718264999,20081521,8908267453280740297914097739951,94452,128,180,180,0,True
1718265011,20081522,8908267453280740297914097739951,94452,128,180,180,0,True
1718265023,20081523,8908267453280740297914097739951,94452,128,180,180,0,True
1718265035,20081524,8908267453280740297914097739951,94452,128,180,180,0,True
1718265047,20081525,8908267453280740297914097739951,94452,128,180,180,0,True
1718265059,20081526,8908267453280740297914097739951,94452,128,180,180,0,True
1718265071,20081527,8908267453280740297914097739951,94452,128,180,180,0,True
1718265083,20081528,8908267453280740297914097739951,94452,128,180,180,0,True
1718265095,20081529,8908267453280740297914097739951,94452,129,180,180,0,True
1718265107,20081530,8908267453280740297914097739951,94452,129,180,180,0,True
1718265119,20081531,8908267453280740297914097739951,94452,129,180,180,0,True
1718265131,20081532,8908267453280740297914097739951,94452,129,180,180,0,True
1718265143,20081533,8908267453280740297914097739951,94452,129,180,180,0,True
1718265155,20081534,8908267453280740297914097739951,94452,129,180,180,0,True
1718265167,20081535,8908267453280740297914097739951,94452,129,180,180,0,True
1718265179,20081536,8908267453280740297914097739951,94452,129,180,180,0,True
1718265191,20081537,8908267453280740297914097739951,94452,129,180,180,0,True
1718265203,20081538,8908267453280740297914097739951,94452,129,180,180,0,True
1718265215,20081539,8908267453280740297914097739951,94452,129,180,180,0,True
1718265227,20081540,8908267453280740297914097739951,94452,129,180,180,0,True
1718265239,20081541,8908267453280740297914097739951,94452,129,180,180,0,True
1718265251,20081542,8908267453280740297914097739951,94452,129,180,180,0,True
1718265263,20081543,8908267453280740297914097739951,94452,129,180,180,0,True
1718265275,20081544,8908267453280740297914097739951,94452,129,180,180,0,True
1718265287,20081545,8908267453280740297914097739951,94452,129,180,180,0,True
1718265299,20081546,8908267453280740297914097739951,94452,129,180,180,0,True
1718265311,20081547,8908267453280740297914097739951,94452,129,180,180,0,True
1718265323,20081548,8908267453280740297914097739951,94452,129,180,180,0,True
1718265335,20081549,8908267453280740297914097739951,94452,129,180,180,0,True
1718265347,20081550,8908267453280740297914097739951,94452,129,180,180,0,True
1718265359,20081551,8908267453280740297914097739951,94452,129,180,180,0,True
1718265371,20081552,8908267453280740297914097739951,94452,129,180,180,0,True
1718265383,20081553,8908267453280740297914097739951,94452,129,180,180,0,True
1718265395,20081554,8908267453280740297914097739951,94452,129,180,180,0,True
1718265407,20081555,8908267453280740297914097739951,94452,129,180,180,0,True
1718265419,20081556,8908267453280740297914097739951,94452,129,180,180,0,True
1718265431,20081557,8908267453280740297914097739951,94452,129,180,180,0,True
1718265443,20081558,8908267453280740297914097739951,94452,129,180,180,0,True
1718265455,20081559,8908267453280740297914097739951,94452,129,180,180,0,True
1718265467,20081560,8908267453280740297914097739951,94452,129,180,180,0,True
1718265479,20081561,8908267453280740297914097739951,94452,129,180,180,0,True
1718265491,20081562,8908267453280740297914097739951,94452,129,180,180,0,True
1718265503,20081563,8908267453280740297914097739951,94452,129,180,180,0,True
1718265515,20081564,8908267453280740297914097739951,94452,129,180,180,0,True
1718265527,20081565,8908267453280740297914097739951,94452,129,180,180,0,True
1718265539,20081566,8908267453280740297914097739951,94452,129,180,180,0,True
1718265551,20081567,8908267453280740297914097739951,94452,129,180,180,0,True
1718265563,20081568,8908267453280740297914097739951,94452,129,180,180,0,True
1718265575,20081569,8908267453280740297914097739951,94452,129,180,180,0,True
1718265587,20081570,8908267453280740297914097739951,94452,129,180,180,0,True
1718265599,20081571,8908267453280740297914097739951,94452,129,180,180,0,True
1718265611,20081572,8908267453280740297914097739951,94452,129,180,180,0,True
1718265623,20081573,8908267453280740297914097739951,94452,129,180,180,0,True
1718265635,20081574,8908267453280740297914097739951,94452,129,180,180,0,True
1718265647,20081575,8908267453280740297914097739951,94452,129,180,180,0,True
1718265659,20081576,8976695530795728968103470773731,94605,130,180,180,0,True
1718265671,20081577,8976695530795728968103470773731,94605,130,180,180,0,True
1718265683,20081578,8976695530795728968103470773731,94605,130,180,180,0,True
1718265695,20081579,8976695530795728968103470773731,94605,130,180,180,0,True
1718265707,20081580,8976695530795728968103470773731,94605,130,180,180,0,True
1718265719,20081581,8976695530795728968103470773731,94605,130,180,180,0,True
1718265731,20081582,8976695530795728968103470773731,94605,130,180,180,0,True
1718265743,20081583,8976695530795728968103470773731,94605,130,180,180,0,True
1718265755,20081584,8976695530795728968103470773731,94605,130,180,180,0,True
1718265767,20081585,8976695530795728968103470773731,94605,130,180,180,0,True
1718265779,20081586,8976695530795728968103470773731,94605,130,180,180,0,True
1718265791,20081587,8976695530795728968103470773731,94605,130,180,180,0,True
1718265803,20081588,8976695530795728968103470773731,94605,130,180,180,0,True
1718265815,20081589,8976695530795728968103470773731,94605,130,180,180,0,True
1718265827,20081590,8976695530795728968103470773731,94605,130,180,180,0,True
1718265839,20081591,8976695530795728968103470773731,94605,130,180,180,0,True
1718265851,20081592,8976695530795728968103470773731,94605,130,180,180,0,True
1718265863,20081593,8976695530795728968103470773731,94605,130,180,180,0,True
1718265875,20081594,8976695530795728968103470773731,94605,130,180,180,0,True
1718265887,20081595,8976695530795728968103470773731,94605,130,180,180,0,True
1718265899,20081596,8976695530795728968103470773731,94605,130,180,180,0,True
1718265911,20081597,8976695530795728968103470773731,94605,130,180,180,0,True
1718265923,20081598,8976695530795728968103470773731,94605,130,180,180,0,True
1718265935,20081599,8976695530795728968103470773731,94605,130,180,180,0,True
1718265947,20081600,8976695530795728968103470773731,94605,130,180,180,0,True
1718265959,20081601,8976695530795728968103470773731,94605,130,180,180,0,True
1718265971,20081602,8976695530795728968103470773731,94605,130,180,180,0,True
1718265983,20081603,8976695530795728968103470773731,94605,130,180,180,0,True
1718265995,20081604,8976695530795728968103470773731,94605,130,180,180,0,True
1718266007,20081605,8976695530795728968103470773731,94605,130,180,180,0,True
1718266019,20081606,8976695530795728968103470773731,94605,130,180,180,0,True
1718266031,20081607,8976695530795728968103470773731,94605,130,180,180,0,True
1718266043,20081608,8976695530795728968103470773731,94605,130,180,180,0,True
1718266055,20081609,8976695530795728968103470773731,94605,130,180,180,0,True
1718266067,20081610,8976695530795728968103470773731,94605,130,180,180,0,True
1718266079,20081611,8976695530795728968103470773731,94605,130,180,180,0,True
1718266091,20081612,8976695530795728968103470773731,94605,130,180,180,0,True
1718266103,20081613,8976695530795728968103470773731,94605,130,180,180,0,True
1718266115,20081614,8976695530795728968103470773731,94605,130,180,180,0,True
1718266127,20081615,8976695530795728968103470773731,94605,130,180,180,0,True
1718266139,20081616,8976695530795728968103470773731,94605,130,180,180,0,True
1718266151,20081617,8976695530795728968103470773731,94605,130,180,180,0,True
1718266163,20081618,8976695530795728968103470773731,94605,130,180,180,0,True
1718266175,20081619,8976695530795728968103470773731,94605,130,180,180,0,True
1718266187,20081620,8976695530795728968103470773731,94605,130,180,180,0,True
1718266199,20081621,8976695530795728968103470773731,94605,130,180,180,0,True
1718266211,20081622,8912256819998325118911031180334,94461,131,180,180,0,True
1718266223,20081623,8912256819998325118911031180334,94461,131,180,180,0,True
1718266235,20081624,8912256819998325118911031180334,94461,131,180,180,0,True
1718266247,20081625,8912256819998325118911031180334,94461,131,180,180,0,True
1718266259,20081626,8912256819998325118911031180334,94461,131,180,180,0,True
1718266271,20081627,8912256819998325118911031180334,94461,131,180,180,0,True
1718266283,20081628,8912256819998325118911031180334,94461,131,180,180,0,True
1718266295,20081629,8912256819998325118911031180334,94461,131,180,180,0,True
1718266307,20081630,8912256819998325118911031180334,94461,131,180,180,0,True
1718266319,20081631,8912256819998325118911031180334,94461,131,180,180,0,True
1718266331,20081632,8912256819998325118911031180334,94461,131,180,180,0,True
1718266343,20081633,8912256819998325118911031180334,94461,131,180,180,0,True
1718266355,20081634,8912256819998325118911031180334,94461,131,180,180,0,True
1718266367,20081635,8912256819998325118911031180334,94461,131,180,180,0,True
1718266379,20081636,8912256819998325118911031180334,94461,131,180,180,0,True
1718266391,20081637,8912256819998325118911031180334,94461,131,180,180,0,True
1718266403,20081638,8912256819998325118911031180334,94461,131,180,180,0,True
1718266415,20081639,8912256819998325118911031180334,94461,131,180,180,0,True
1718266427,20081640,8912256819998325118911031180334,94461,131,180,180,0,True
1718266439,20081641,8912256819998325118911031180334,94461,131,180,180,0,True
1718266451,20081642,8912256819998325118911031180334,94461,131,180,180,0,True
1718266475,20081643,8912256819998325118911031180334,94461,131,180,180,0,True
1718266487,20081644,8912256819998325118911031180334,94461,131,180,180,0,True
1718266499,20081645,8912256819998325118911031180334,94461,131,180,180,0,True
1718266511,20081646,8912256819998325118911031180334,94461,131,180,180,0,True
1718266523,20081647,8912256819998325118911031180334,94461,131,180,180,0,True
1718266535,20081648,8912256819998325118911031180334,94461,131,180,180,0,True
1718266547,20081649,8912256819998325118911031180334,94461,131,180,180,0,True
1718266559,20081650,8912256819998325118911031180334,94461,131,180,180,0,True
1718266571,20081651,8912256819998325118911031180334,94461,131,180,180,0,True
1718266583,20081652,8912256819998325118911031180334,94461,131,180,180,0,True
1718266595,20081653,8912256819998325118911031180334,94461,131,180,180,0,True
1718266607,20081654,8912256819998325118911031180334,94461,131,180,180,0,True
1718266619,20081655,8912256819998325118911031180334,94461,131,180,180,0,True
1718266631,20081656,8912256819998325118911031180334,94461,131,180,180,0,True
1718266643,20081657,8912256819998325118911031180334,94461,131,180,180,0,True
1718266655,20081658,8912256819998325118911031180334,94461,131,180,180,0,True
1718266667,20081659,8912256819998325118911031180334,94461,131,180,180,0,True
1718266679,20081660,8912256819998325118911031180334,94461,131,180,180,0,True
1718266691,20081661,8912256819998325118911031180334,94461,131,180,180,0,True
1718266703,20081662,8912256819998325118911031180334,94461,131,180,180,0,True
1718266715,20081663,8912256819998325118911031180334,94461,131,180,180,0,True
1718266727,20081664,8912256819998325118911031180334,94461,131,180,180,0,True
1718266739,20081665,8912256819998325118911031180334,94461,131,180,180,0,True
1718266751,20081666,8912256819998325118911031180334,94461,131,180,180,0,True
1718266763,20081667,8912256819998325118911031180334,94461,131,180,180,0,True
1718266775,20081668,8912256819998325118911031180334,94461,131,180,180,0,True
1718266787,20081669,8912256819998325118911031180334,94461,131,180,180,0,True
1718266799,20081670,8912256819998325118911031180334,94461,131,180,180,0,True
1718266811,20081671,8912256819998325118911031180334,94461,131,180,180,0,True
1718266823,20081672,8912256819998325118911031180334,94461,131,180,180,0,True
1718266835,20081673,8912256819998325118911031180334,94461,131,180,180,0,True
1718266847,20081674,8912256819998325118911031180334,94461,131,180,180,0,True
1718266859,20081675,8912256819998325118911031180334,94461,131,180,180,0,True
1718266871,20081676,8912256819998325118911031180334,94461,131,180,180,0,True
1718266883,20081677,8912256819998325118911031180334,94461,131,180,180,0,True
1718266895,20081678,8912256819998325118911031180334,94461,131,180,180,0,True
1718266907,20081679,8912256819998325118911031180334,94461,131,180,180,0,True
1718266919,20081680,8912256819998325118911031180334,94461,131,180,180,0,True
1718266931,20081681,8912256819998325118911031180334,94461,131,180,180,0,True
1718266943,20081682,8912256819998325118911031180334,94461,131,180,180,0,True
1718266955,20081683,8984435770569359730739517146189,94623,132,180,180,0,True
1718266967,20081684,8984435770569359730739517146189,94623,132,180,180,0,True
1718266979,20081685,8984435770569359730739517146189,94623,132,180,180,0,True
1718266991,20081686,8984435770569359730739517146189,94623,132,180,180,0,True
1718267003,20081687,8984435770569359730739517146189,94623,132,180,180,0,True
1718267015,20081688,8984435770569359730739517146189,94623,132,180,180,0,True
1718267027,20081689,8984435770569359730739517146189,94623,132,180,180,0,True
1718267039,20081690,8984435770569359730739517146189,94623,132,180,180,0,True
1718267051,20081691,8984435770569359730739517146189,94623,132,180,180,0,True
1718267063,20081692,8984435770569359730739517146189,94623,132,180,180,0,True
1718267075,20081693,8984435770569359730739517146189,94623,132,180,180,0,True
1718267087,20081694,8984435770569359730739517146189,94623,132,180,180,0,True
1718267099,20081695,8984435770569359730739517146189,94623,132,180,180,0,True
1718267111,20081696,8984435770569359730739517146189,94623,132,180,180,0,True
1718267123,20081697,8984435770569359730739517146189,94623,132,180,180,0,True
1718267135,20081698,8984435770569359730739517146189,94623,132,180,180,0,True
1718267147,20081699,8984435770569359730739517146189,94623,132,180,180,0,True
1718267159,20081700,8984435770569359730739517146189,94623,132,180,180,0,True
1718267171,20081701,8984435770569359730739517146189,94623,132,180,180,0,True
1718267183,20081702,8984435770569359730739517146189,94623,132,180,180,0,True
1718267195,20081703,8984435770569359730739517146189,94623,132,180,180,0,True
1718267207,20081704,8984435770569359730739517146189,94623,132,180,180,0,True
1718267219,20081705,8984435770569359730739517146189,94623,132,180,180,0,True
1718267231,20081706,8984435770569359730739517146189,94623,132,180,180,0,True
1718267243,20081707,8984435770569359730739517146189,94623,132,180,180,0,True
1718267255,20081708,8984435770569359730739517146189,94623,132,180,180,0,True
1718267267,20081709,8984435770569359730739517146189,94623,132,180,180,0,True
1718267279,20081710,8984435770569359730739517146189,94623,132,180,180,0,True
1718267291,20081711,8984435770569359730739517146189,94623,132,180,180,0,True
1718267303,20081712,8984435770569359730739517146189,94623,132,180,180,0,True
1718267315,20081713,8984435770569359730739517146189,94623,132,180,180,0,True
1718267327,20081714,8984435770569359730739517146189,94623,132,180,180,0,True
1718267339,20081715,8984435770569359730739517146189,94623,132,180,180,0,True
1718267351,20081716,8984435770569359730739517146189,94623,132,180,180,0,True
1718267363,20081717,8984435770569359730739517146189,94623,132,180,180,0,True
1718267375,20081718,8984435770569359730739517146189,94623,132,180,180,0,True
1718267387,20081719,8984435770569359730739517146189,94623,132,180,180,0,True
1718267399,20081720,8984435770569359730739517146189,94623,132,180,180,0,True
1718267411,20081721,8984435770569359730739517146189,94623,132,180,180,0,True
1718267423,20081722,8984435770569359730739517146189,94623,132,180,180,0,True
1718267435,20081723,8984435770569359730739517146189,94623,132,180,180,0,True
1718267447,20081724,8984435770569359730739517146189,94623,132,180,180,0,True
1718267459,20081725,8984435770569359730739517146189,94623,132,180,180,0,True
1718267483,20081726,8984435770569359730739517146189,94623,132,180,180,0,True
1718267495,20081727,8984435770569359730739517146189,94623,132,180,180,0,True
1718267507,20081728,8984435770569359730739517146189,94623,132,180,180,0,True
1718267519,20081729,8984435770569359730739517146189,94623,132,180,180,0,True
1718267531,20081730,8984435770569359730739517146189,94623,132,180,180,0,True
1718267543,20081731,8984435770569359730739517146189,94623,132,180,180,0,True
1718267555,20081732,8984435770569359730739517146189,94623,132,180,180,0,True
1718267567,20081733,8984435770569359730739517146189,94623,132,180,180,0,True
1718267579,20081734,8984435770569359730739517146189,94623,132,180,180,0,True
1718267591,20081735,8984435770569359730739517146189,94623,132,180,180,0,True
1718267603,20081736,8984435770569359730739517146189,94623,132,180,180,0,True
1718267615,20081737,8984435770569359730739517146189,94623,132,180,180,0,True
1718267627,20081738,8984435770569359730739517146189,94623,132,180,180,0,True
1718267639,20081739,8984435770569359730739517146189,94623,132,180,180,0,True
1718267651,20081740,8984435770569359730739517146189,94623,132,180,180,0,True
1718267663,20081741,8984435770569359730739517146189,94623,132,180,180,0,True
1718267675,20081742,8878029864920827344527992256860,94384,133,180,180,0,True
1718267687,20081743,8878029864920827344527992256860,94384,133,180,180,0,True
1718267711,20081744,8878029864920827344527992256860,94384,133,180,180,0,True
1718267723,20081745,8878029864920827344527992256860,94384,133,180,180,0,True
1718267735,20081746,8878029864920827344527992256860,94384,133,180,180,0,True
1718267747,20081747,8878029864920827344527992256860,94384,133,180,180,0,True
1718267759,20081748,8878029864920827344527992256860,94384,133,180,180,0,True
1718267771,20081749,8878029864920827344527992256860,94384,133,180,180,0,True
1718267783,20081750,8878029864920827344527992256860,94384,133,180,180,0,True
1718267795,20081751,8878029864920827344527992256860,94384,133,180,180,0,True
1718267807,20081752,8878029864920827344527992256860,94384,133,180,180,0,True
1718267819,20081753,8878029864920827344527992256860,94384,133,180,180,0,True
1718267831,20081754,8878029864920827344527992256860,94384,133,180,180,0,True
1718267843,20081755,8878029864920827344527992256860,94384,133,180,180,0,True
1718267855,20081756,8878029864920827344527992256860,94384,133,180,180,0,True
1718267867,20081757,8878029864920827344527992256860,94384,133,180,180,0,True
1718267879,20081758,8878029864920827344527992256860,94384,133,180,180,0,True
1718267891,20081759,8878029864920827344527992256860,94384,133,180,180,0,True
1718267903,20081760,8878029864920827344527992256860,94384,133,180,180,0,True
1718267915,20081761,8878029864920827344527992256860,94384,133,180,180,0,True
1718267927,20081762,8878029864920827344527992256860,94384,133,180,180,0,True
1718267939,20081763,8878029864920827344527992256860,94384,133,180,180,0,True
1718267951,20081764,8878029864920827344527992256860,94384,133,180,180,0,True
1718267963,20081765,8878029864920827344527992256860,94384,133,180,180,0,True
1718267975,20081766,8878029864920827344527992256860,94384,133,180,180,0,True
1718267987,20081767,8878029864920827344527992256860,94384,133,180,180,0,True
1718267999,20081768,8878029864920827344527992256860,94384,133,180,180,0,True
1718268011,20081769,8878029864920827344527992256860,94384,133,180,180,0,True
1718268023,20081770,8878029864920827344527992256860,94384,133,180,180,0,True
1718268035,20081771,8878029864920827344527992256860,94384,133,180,180,0,True
1718268047,20081772,8878029864920827344527992256860,94384,133,180,180,0,True
1718268059,20081773,8878029864920827344527992256860,94384,133,180,180,0,True
1718268071,20081774,8878029864920827344527992256860,94384,133,180,180,0,True
1718268083,20081775,8878029864920827344527992256860,94384,133,180,180,0,True
1718268095,20081776,8878029864920827344527992256860,94384,133,180,180,0,True
1718268107,20081777,8878029864920827344527992256860,94384,133,180,180,0,True
1718268119,20081778,8878029864920827344527992256860,94384,133,180,180,0,True
1718268131,20081779,8878029864920827344527992256860,94384,133,180,180,0,True
1718268143,20081780,8878029864920827344527992256860,94384,133,180,180,0,True
1718268155,20081781,8878029864920827344527992256860,94384,134,180,180,0,True
1718268167,20081782,8878029864920827344527992256860,94384,134,180,180,0,True
1718268179,20081783,8878029864920827344527992256860,94384,134,180,180,0,True
1718268191,20081784,8878029864920827344527992256860,94384,134,180,180,0,True
1718268203,20081785,8878029864920827344527992256860,94384,134,180,180,0,True
1718268215,20081786,8878029864920827344527992256860,94384,134,180,180,0,True
1718268227,20081787,8878029864920827344527992256860,94384,134,180,180,0,True
1718268239,20081788,8878029864920827344527992256860,94384,134,180,180,0,True
1718268251,20081789,8878029864920827344527992256860,94384,134,180,180,0,True
1718268263,20081790,8878029864920827344527992256860,94384,134,180,180,0,True
1718268275,20081791,8878029864920827344527992256860,94384,134,180,180,0,True
1718268287,20081792,8878029864920827344527992256860,94384,134,180,180,0,True
1718268299,20081793,8878029864920827344527992256860,94384,134,180,180,0,True
1718268311,20081794,8878029864920827344527992256860,94384,134,180,180,0,True
1718268323,20081795,8878029864920827344527992256860,94384,134,180,180,0,True
1718268335,20081796,8878029864920827344527992256860,94384,134,180,180,0,True
1718268347,20081797,8878029864920827344527992256860,94384,134,180,180,0,True
1718268359,20081798,8878029864920827344527992256860,94384,134,180,180,0,True
1718268371,20081799,8878029864920827344527992256860,94384,134,180,180,0,True
1718268383,20081800,8878029864920827344527992256860,94384,134,180,180,0,True
1718268395,20081801,8878029864920827344527992256860,94384,134,180,180,0,True
1718268407,20081802,8878029864920827344527992256860,94384,134,180,180,0,True
1718268419,20081803,8878029864920827344527992256860,94384,134,180,180,0,True
1718268431,20081804,8878029864920827344527992256860,94384,134,180,180,0,True
1718268443,20081805,8878029864920827344527992256860,94384,134,180,180,0,True
1718268455,20081806,8878029864920827344527992256860,94384,134,180,180,0,True
1718268467,20081807,8878029864920827344527992256860,94384,134,180,180,0,True
1718268479,20081808,8878029864920827344527992256860,94384,134,180,180,0,True
1718268491,20081809,8878029864920827344527992256860,94384,134,180,180,0,True
1718268503,20081810,8878029864920827344527992256860,94384,134,180,180,0,True
1718268515,20081811,8878029864920827344527992256860,94384,134,180,180,0,True
1718268527,20081812,8878029864920827344527992256860,94384,134,180,180,0,True
1718268539,20081813,8878029864920827344527992256860,94384,134,180,180,0,True
1718268551,20081814,8878029864920827344527992256860,94384,134,180,180,0,True
1718268563,20081815,8878029864920827344527992256860,94384,134,180,180,0,True
1718268575,20081816,8878029864920827344527992256860,94384,134,180,180,0,True
1718268587,20081817,8878029864920827344527992256860,94384,134,180,180,0,True
1718268599,20081818,8878029864920827344527992256860,94384,134,180,180,0,True
1718268611,20081819,8878029864920827344527992256860,94384,134,180,180,0,True
1718268623,20081820,8878029864920827344527992256860,94384,134,180,180,0,True
1718268635,20081821,8878029864920827344527992256860,94384,134,180,180,0,True
1718268647,20081822,8878029864920827344527992256860,94384,134,180,180,0,True
1718268659,20081823,8878029864920827344527992256860,94384,134,180,180,0,True
1718268683,20081824,8878029864920827344527992256860,94384,134,180,180,0,True
1718268695,20081825,8878029864920827344527992256860,94384,134,180,180,0,True
1718268707,20081826,8878029864920827344527992256860,94384,134,180,180,0,True
1718268719,20081827,8878029864920827344527992256860,94384,134,180,180,0,True
1718268731,20081828,8878029864920827344527992256860,94384,134,180,180,0,True
1718268743,20081829,8878029864920827344527992256860,94384,134,180,180,0,True
1718268755,20081830,8878029864920827344527992256860,94384,134,180,180,0,True
1718268767,20081831,8878029864920827344527992256860,94384,134,180,180,0,True
1718268779,20081832,8878029864920827344527992256860,94384,134,180,180,0,True
1718268791,20081833,8789302738752498890290632967299,94183,135,180,180,0,True
1718268803,20081834,8849123682858780905986723447879,94319,136,180,180,0,True
1718268815,20081835,8849123682858780905986723447879,94319,136,180,180,0,True
1718268827,20081836,8849123682858780905986723447879,94319,136,180,180,0,True
1718268839,20081837,8849123682858780905986723447879,94319,136,180,180,0,True
1718268851,20081838,8849123682858780905986723447879,94319,136,180,180,0,True
1718268863,20081839,8849123682858780905986723447879,94319,136,180,180,0,True
1718268875,20081840,8849123682858780905986723447879,94319,136,180,180,0,True
1718268887,20081841,8849123682858780905986723447879,94319,136,180,180,0,True
1718268899,20081842,8849123682858780905986723447879,94319,136,180,180,0,True
1718268911,20081843,8849123682858780905986723447879,94319,136,180,180,0,True
1718268923,20081844,8849123682858780905986723447879,94319,136,180,180,0,True
1718268935,20081845,8849123682858780905986723447879,94319,136,180,180,0,True
1718268947,20081846,8849123682858780905986723447879,94319,136,180,180,0,True
1718268959,20081847,8849123682858780905986723447879,94319,136,180,180,0,True
1718268971,20081848,8849123682858780905986723447879,94319,136,180,180,0,True
1718268983,20081849,8849123682858780905986723447879,94319,136,180,180,0,True
1718268995,20081850,8849123682858780905986723447879,94319,136,180,180,0,True
1718269007,20081851,8849123682858780905986723447879,94319,136,180,180,0,True
1718269019,20081852,8849123682858780905986723447879,94319,136,180,180,0,True
1718269031,20081853,8849123682858780905986723447879,94319,136,180,180,0,True
1718269043,20081854,8849123682858780905986723447879,94319,136,180,180,0,True
1718269055,20081855,8849123682858780905986723447879,94319,136,180,180,0,True
1718269067,20081856,8849123682858780905986723447879,94319,136,180,180,0,True
1718269079,20081857,8849123682858780905986723447879,94319,136,180,180,0,True
1718269091,20081858,8849123682858780905986723447879,94319,136,180,180,0,True
1718269103,20081859,8849123682858780905986723447879,94319,136,180,180,0,True
1718269115,20081860,8849123682858780905986723447879,94319,136,180,180,0,True
1718269127,20081861,8849123682858780905986723447879,94319,136,180,180,0,True
1718269139,20081862,8849123682858780905986723447879,94319,136,180,180,0,True
1718269151,20081863,8849123682858780905986723447879,94319,136,180,180,0,True
1718269163,20081864,8849123682858780905986723447879,94319,136,180,180,0,True
1718269175,20081865,8849123682858780905986723447879,94319,136,180,180,0,True
1718269187,20081866,8849123682858780905986723447879,94319,136,180,180,0,True
1718269199,20081867,8849123682858780905986723447879,94319,136,180,180,0,True
1718269211,20081868,8849123682858780905986723447879,94319,136,180,180,0,True
1718269223,20081869,8849123682858780905986723447879,94319,136,180,180,0,True
1718269235,20081870,8849123682858780905986723447879,94319,136,180,180,0,True
1718269247,20081871,8849123682858780905986723447879,94319,136,180,180,0,True
1718269259,20081872,8849123682858780905986723447879,94319,136,180,180,0,True
1718269271,20081873,8849123682858780905986723447879,94319,136,180,180,0,True
1718269283,20081874,8849123682858780905986723447879,94319,136,180,180,0,True
1718269295,20081875,8849123682858780905986723447879,94319,136,180,180,0,True
1718269307,20081876,8849123682858780905986723447879,94319,136,180,180,0,True
1718269319,20081877,8849123682858780905986723447879,94319,136,180,180,0,True
1718269331,20081878,8849123682858780905986723447879,94319,136,180,180,0,True
1718269343,20081879,8849123682858780905986723447879,94319,136,180,180,0,True
1718269355,20081880,8849123682858780905986723447879,94319,136,180,180,0,True
1718269367,20081881,8849123682858780905986723447879,94319,136,180,180,0,True
1718269379,20081882,8849123682858780905986723447879,94319,136,180,180,0,True
1718269391,20081883,8849123682858780905986723447879,94319,136,180,180,0,True
1718269403,20081884,8849123682858780905986723447879,94319,136,180,180,0,True
1718269415,20081885,8849123682858780905986723447879,94319,136,180,180,0,True
1718269427,20081886,8849123682858780905986723447879,94319,136,180,180,0,True
1718269439,20081887,8849123682858780905986723447879,94319,136,180,180,0,True
1718269451,20081888,8849123682858780905986723447879,94319,136,180,180,0,True
1718269463,20081889,8849123682858780905986723447879,94319,136,180,180,0,True
1718269475,20081890,8849123682858780905986723447879,94319,136,180,180,0,True
1718269487,20081891,8849123682858780905986723447879,94319,136,180,180,0,True
1718269499,20081892,8849123682858780905986723447879,94319,136,180,180,0,True
1718269511,20081893,8849123682858780905986723447879,94319,136,180,180,0,True
1718269523,20081894,8849123682858780905986723447879,94319,136,180,180,0,True
1718269535,20081895,8849123682858780905986723447879,94319,136,180,180,0,True
1718269547,20081896,8849123682858780905986723447879,94319,136,180,180,0,True
1718269559,20081897,8849123682858780905986723447879,94319,136,180,180,0,True
1718269571,20081898,8849123682858780905986723447879,94319,136,180,180,0,True
1718269583,20081899,8849123682858780905986723447879,94319,136,180,180,0,True
1718269595,20081900,8849123682858780905986723447879,94319,136,180,180,0,True
1718269607,20081901,8849123682858780905986723447879,94319,136,180,180,0,True
1718269619,20081902,8849123682858780905986723447879,94319,136,180,180,0,True
1718269631,20081903,8849123682858780905986723447879,94319,136,180,180,0,True
1718269643,20081904,8849123682858780905986723447879,94319,136,180,180,0,True
1718269655,20081905,8849123682858780905986723447879,94319,136,180,180,0,True
1718269667,20081906,8849123682858780905986723447879,94319,136,180,180,0,True
1718269679,20081907,8849123682858780905986723447879,94319,136,180,180,0,True
1718269691,20081908,8849123682858780905986723447879,94319,136,180,180,0,True
1718269703,20081909,8849123682858780905986723447879,94319,136,180,180,0,True
1718269715,20081910,8849123682858780905986723447879,94319,136,180,180,0,True
1718269727,20081911,8849123682858780905986723447879,94319,136,180,180,0,True
1718269739,20081912,8849123682858780905986723447879,94319,136,180,180,0,True
1718269751,20081913,8849123682858780905986723447879,94319,136,180,180,0,True
1718269763,20081914,8849123682858780905986723447879,94319,136,180,180,0,True
1718269775,20081915,8849123682858780905986723447879,94319,136,180,180,0,True
1718269787,20081916,8849123682858780905986723447879,94319,136,180,180,0,True
1718269799,20081917,8849123682858780905986723447879,94319,136,180,180,0,True
1718269811,20081918,8849123682858780905986723447879,94319,136,180,180,0,True
1718269823,20081919,8849123682858780905986723447879,94319,136,180,180,0,True
1718269835,20081920,8849123682858780905986723447879,94319,136,180,180,0,True
1718269847,20081921,8849123682858780905986723447879,94319,136,180,180,0,True
1718269859,20081922,8849123682858780905986723447879,94319,136,180,180,0,True
1718269871,20081923,8849123682858780905986723447879,94319,136,180,180,0,True
1718269883,20081924,8849123682858780905986723447879,94319,136,180,180,0,True
1718269895,20081925,8849123682858780905986723447879,94319,136,180,180,0,True
1718269907,20081926,8849123682858780905986723447879,94319,136,180,180,0,True
1718269919,20081927,8849123682858780905986723447879,94319,136,180,180,0,True
1718269931,20081928,8849123682858780905986723447879,94319,136,180,180,0,True
1718269943,20081929,8849123682858780905986723447879,94319,136,180,180,0,True
1718269955,20081930,8849123682858780905986723447879,94319,136,180,180,0,True
1718269967,20081931,8849123682858780905986723447879,94319,136,180,180,0,True
1718269979,20081932,8849123682858780905986723447879,94319,136,180,180,0,True
1718269991,20081933,8849123682858780905986723447879,94319,136,180,180,0,True
1718270003,20081934,8849123682858780905986723447879,94319,136,180,180,0,True
1718270015,20081935,8920555062906080756242844872405,94480,137,180,180,0,True
1718270027,20081936,8920555062906080756242844872405,94480,137,180,180,0,True
1718270039,20081937,8920555062906080756242844872405,94480,137,180,180,0,True
1718270051,20081938,8920555062906080756242844872405,94480,137,180,180,0,True
1718270063,20081939,8920555062906080756242844872405,94480,137,180,180,0,True
1718270075,20081940,8920555062906080756242844872405,94480,137,180,180,0,True
1718270087,20081941,8920555062906080756242844872405,94480,137,180,180,0,True
1718270099,20081942,8888546101693526839642538505572,94408,138,180,180,0,True
1718270111,20081943,8888546101693526839642538505572,94408,138,180,180,0,True
1718270123,20081944,8888546101693526839642538505572,94408,138,180,180,0,True
1718270135,20081945,8888546101693526839642538505572,94408,138,180,180,0,True
1718270147,20081946,8888546101693526839642538505572,94408,138,180,180,0,True
1718270159,20081947,8888546101693526839642538505572,94408,138,180,180,0,True
1718270171,20081948,8888546101693526839642538505572,94408,138,180,180,0,True
1718270183,20081949,8888546101693526839642538505572,94408,138,180,180,0,True
1718270195,20081950,8888546101693526839642538505572,94408,138,180,180,0,True
1718270207,20081951,8888546101693526839642538505572,94408,138,180,180,0,True
1718270219,20081952,8888546101693526839642538505572,94408,138,180,180,0,True
1718270231,20081953,8888546101693526839642538505572,94408,138,180,180,0,True
1718270243,20081954,8888546101693526839642538505572,94408,138,180,180,0,True
1718270255,20081955,8888546101693526839642538505572,94408,138,180,180,0,True
1718270267,20081956,8888546101693526839642538505572,94408,138,180,180,0,True
1718270279,20081957,8888546101693526839642538505572,94408,138,180,180,0,True
1718270291,20081958,8888546101693526839642538505572,94408,138,180,180,0,True
1718270303,20081959,8888546101693526839642538505572,94408,138,180,180,0,True
1718270315,20081960,8888546101693526839642538505572,94408,138,180,180,0,True
1718270327,20081961,8888546101693526839642538505572,94408,138,180,180,0,True
1718270339,20081962,8888546101693526839642538505572,94408,138,180,180,0,True
1718270351,20081963,8888546101693526839642538505572,94408,138,180,180,0,True
1718270363,20081964,8888546101693526839642538505572,94408,138,180,180,0,True
1718270375,20081965,8888546101693526839642538505572,94408,138,180,180,0,True
1718270387,20081966,8888546101693526839642538505572,94408,138,180,180,0,True
1718270399,20081967,8888546101693526839642538505572,94408,138,180,180,0,True
1718270411,20081968,8888546101693526839642538505572,94408,138,180,180,0,True
1718270423,20081969,8888546101693526839642538505572,94408,138,180,180,0,True
1718270435,20081970,8888546101693526839642538505572,94408,138,180,180,0,True
1718270447,20081971,8888546101693526839642538505572,94408,138,180,180,0,True
1718270459,20081972,8888546101693526839642538505572,94408,138,180,180,0,True
1718270471,20081973,8888546101693526839642538505572,94408,138,180,180,0,True
1718270483,20081974,8888546101693526839642538505572,94408,138,180,180,0,True
1718270495,20081975,8888546101693526839642538505572,94408,138,180,180,0,True
1718270507,20081976,8888546101693526839642538505572,94408,138,180,180,0,True
1718270519,20081977,8888546101693526839642538505572,94408,138,180,180,0,True
1718270531,20081978,8888546101693526839642538505572,94408,138,180,180,0,True
1718270543,20081979,8888546101693526839642538505572,94408,138,180,180,0,True
1718270555,20081980,8888546101693526839642538505572,94408,138,180,180,0,True
1718270567,20081981,8888546101693526839642538505572,94408,138,180,180,0,True
1718270579,20081982,8888546101693526839642538505572,94408,138,180,180,0,True
1718270591,20081983,8857081993207928182944959183212,94337,139,180,180,0,True
1718270603,20081984,8857081993207928182944959183212,94337,139,180,180,0,True
1718270615,20081985,8857081993207928182944959183212,94337,139,180,180,0,True
1718270627,20081986,8857081993207928182944959183212,94337,139,180,180,0,True
1718270639,20081987,8857081993207928182944959183212,94337,139,180,180,0,True
1718270651,20081988,8857081993207928182944959183212,94337,139,180,180,0,True
1718270663,20081989,8857081993207928182944959183212,94337,139,180,180,0,True
1718270675,20081990,8857081993207928182944959183212,94337,139,180,180,0,True
1718270687,20081991,8857081993207928182944959183212,94337,139,180,180,0,True
1718270699,20081992,8857081993207928182944959183212,94337,139,180,180,0,True
1718270711,20081993,8857081993207928182944959183212,94337,139,180,180,0,True
1718270723,20081994,8857081993207928182944959183212,94337,139,180,180,0,True
1718270735,20081995,8857081993207928182944959183212,94337,139,180,180,0,True
1718270747,20081996,8857081993207928182944959183212,94337,139,180,180,0,True
1718270759,20081997,8857081993207928182944959183212,94337,139,180,180,0,True
1718270771,20081998,8857081993207928182944959183212,94337,139,180,180,0,True
1718270783,20081999,8857081993207928182944959183212,94337,139,180,180,0,True
1718270795,20082000,8857081993207928182944959183212,94337,139,180,180,0,True
1718270807,20082001,8857081993207928182944959183212,94337,139,180,180,0,True
1718270819,20082002,8857081993207928182944959183212,94337,139,180,180,0,True
1718270831,20082003,8857081993207928182944959183212,94337,139,180,180,0,True
1718270843,20082004,8857081993207928182944959183212,94337,139,180,180,0,True
1718270855,20082005,8857081993207928182944959183212,94337,139,180,180,0,True
1718270867,20082006,8857081993207928182944959183212,94337,139,180,180,0,True
1718270879,20082007,8857081993207928182944959183212,94337,139,180,180,0,True
1718270891,20082008,8857081993207928182944959183212,94337,139,180,180,0,True
1718270903,20082009,8857081993207928182944959183212,94337,139,180,180,0,True
1718270915,20082010,8857081993207928182944959183212,94337,139,180,180,0,True
1718270927,20082011,8857081993207928182944959183212,94337,139,180,180,0,True
1718270939,20082012,8857081993207928182944959183212,94337,139,180,180,0,True
1718270951,20082013,8857081993207928182944959183212,94337,139,180,180,0,True
1718270963,20082014,8857081993207928182944959183212,94337,139,180,180,0,True
1718270975,20082015,8857081993207928182944959183212,94337,139,180,180,0,True
1718270987,20082016,8857081993207928182944959183212,94337,139,180,180,0,True
1718270999,20082017,8857081993207928182944959183212,94337,139,180,180,0,True
1718271011,20082018,8857081993207928182944959183212,94337,139,180,180,0,True
1718271023,20082019,8857081993207928182944959183212,94337,139,180,180,0,True
1718271035,20082020,8857081993207928182944959183212,94337,139,180,180,0,True
1718271047,20082021,8857081993207928182944959183212,94337,139,180,180,0,True
1718271059,20082022,8857081993207928182944959183212,94337,139,180,180,0,True
1718271071,20082023,8857081993207928182944959183212,94337,139,180,180,0,True
1718271083,20082024,8857081993207928182944959183212,94337,139,180,180,0,True
1718271095,20082025,8857081993207928182944959183212,94337,139,180,180,0,True
1718271107,20082026,8857081993207928182944959183212,94337,139,180,180,0,True
1718271119,20082027,8857081993207928182944959183212,94337,139,180,180,0,True
1718271131,20082028,8857081993207928182944959183212,94337,139,180,180,0,True
1718271143,20082029,8857081993207928182944959183212,94337,139,180,180,0,True
1718271155,20082030,8857081993207928182944959183212,94337,139,180,180,0,True
1718271167,20082031,8857081993207928182944959183212,94337,139,180,180,0,True
1718271179,20082032,8857081993207928182944959183212,94337,139,180,180,0,True
1718271191,20082033,8857081993207928182944959183212,94337,139,180,180,0,True
1718271203,20082034,8857081993207928182944959183212,94337,139,180,180,0,True
1718271215,20082035,8857081993207928182944959183212,94337,139,180,180,0,True
1718271227,20082036,8857081993207928182944959183212,94337,139,180,180,0,True
1718271239,20082037,8857081993207928182944959183212,94337,139,180,180,0,True
1718271251,20082038,8857081993207928182944959183212,94337,139,180,180,0,True
1718271263,20082039,8857081993207928182944959183212,94337,139,180,180,0,True
1718271275,20082040,8857081993207928182944959183212,94337,139,180,180,0,True
1718271287,20082041,8857081993207928182944959183212,94337,139,180,180,0,True
1718271299,20082042,8857081993207928182944959183212,94337,139,180,180,0,True
1718271311,20082043,8857081993207928182944959183212,94337,139,180,180,0,True
1718271323,20082044,8857081993207928182944959183212,94337,139,180,180,0,True
1718271335,20082045,8857081993207928182944959183212,94337,139,180,180,0,True
1718271347,20082046,8857081993207928182944959183212,94337,139,180,180,0,True
1718271359,20082047,8857081993207928182944959183212,94337,139,180,180,0,True
1718271371,20082048,8857081993207928182944959183212,94337,139,180,180,0,True
1718271383,20082049,8857081993207928182944959183212,94337,139,180,180,0,True
1718271395,20082050,8857081993207928182944959183212,94337,139,180,180,0,True
1718271407,20082051,8857081993207928182944959183212,94337,139,180,180,0,True
1718271419,20082052,8857081993207928182944959183212,94337,139,180,180,0,True
1718271431,20082053,8857081993207928182944959183212,94337,139,180,180,0,True
1718271443,20082054,8857081993207928182944959183212,94337,139,180,180,0,True
1718271455,20082055,8857081993207928182944959183212,94337,139,180,180,0,True
1718271467,20082056,8857081993207928182944959183212,94337,139,180,180,0,True
1718271479,20082057,8857081993207928182944959183212,94337,139,180,180,0,True
1718271491,20082058,8857081993207928182944959183212,94337,139,180,180,0,True
1718271503,20082059,8857081993207928182944959183212,94337,139,180,180,0,True
1718271515,20082060,8857081993207928182944959183212,94337,139,180,180,0,True
1718271527,20082061,8857081993207928182944959183212,94337,139,180,180,0,True
1718271539,20082062,8857081993207928182944959183212,94337,139,180,180,0,True
1718271551,20082063,8857081993207928182944959183212,94337,139,180,180,0,True
1718271563,20082064,8857081993207928182944959183212,94337,139,180,180,0,True
1718271575,20082065,8857081993207928182944959183212,94337,139,180,180,0,True
1718271587,20082066,8857081993207928182944959183212,94337,139,180,180,0,True
1718271599,20082067,8857081993207928182944959183212,94337,139,180,180,0,True
1718271611,20082068,8857081993207928182944959183212,94337,139,180,180,0,True
1718271623,20082069,8857081993207928182944959183212,94337,139,180,180,0,True
1718271635,20082070,8857081993207928182944959183212,94337,139,180,180,0,True
1718271647,20082071,8857081993207928182944959183212,94337,139,180,180,0,True
1718271659,20082072,8857081993207928182944959183212,94337,139,180,180,0,True
1718271671,20082073,8857081993207928182944959183212,94337,139,180,180,0,True
1718271683,20082074,8843172317743646376567608690514,94306,140,180,180,0,True
1718271695,20082075,8843172317743646376567608690514,94306,140,180,180,0,True
1718271707,20082076,8843172317743646376567608690514,94306,140,180,180,0,True
1718271719,20082077,8843172317743646376567608690514,94306,140,180,180,0,True
1718271731,20082078,8843172317743646376567608690514,94306,140,180,180,0,True
1718271743,20082079,8843172317743646376567608690514,94306,140,180,180,0,True
1718271755,20082080,8843172317743646376567608690514,94306,140,180,180,0,True
1718271767,20082081,8843172317743646376567608690514,94306,140,180,180,0,True
1718271779,20082082,8843172317743646376567608690514,94306,140,180,180,0,True
1718271791,20082083,8823302283274816492448891949106,94261,141,180,180,0,True
1718271803,20082084,8823302283274816492448891949106,94261,141,180,180,0,True
1718271815,20082085,8823302283274816492448891949106,94261,141,180,180,0,True
1718271827,20082086,8823302283274816492448891949106,94261,141,180,180,0,True
1718271839,20082087,8823302283274816492448891949106,94261,141,180,180,0,True
1718271851,20082088,8823302283274816492448891949106,94261,141,180,180,0,True
1718271863,20082089,8823302283274816492448891949106,94261,141,180,180,0,True
1718271875,20082090,8823302283274816492448891949106,94261,141,180,180,0,True
1718271887,20082091,8823302283274816492448891949106,94261,141,180,180,0,True
1718271899,20082092,8823302283274816492448891949106,94261,141,180,180,0,True
1718271911,20082093,8823302283274816492448891949106,94261,141,180,180,0,True
1718271923,20082094,8895652123210790490350182895027,94424,142,180,180,0,True
1718271935,20082095,8895652123210790490350182895027,94424,142,180,180,0,True
1718271947,20082096,8895652123210790490350182895027,94424,142,180,180,0,True
1718271959,20082097,8895652123210790490350182895027,94424,142,180,180,0,True
1718271971,20082098,8895652123210790490350182895027,94424,142,180,180,0,True
1718271983,20082099,8895652123210790490350182895027,94424,142,180,180,0,True
1718271995,20082100,8895652123210790490350182895027,94424,142,180,180,0,True
1718272007,20082101,8895652123210790490350182895027,94424,142,180,180,0,True
1718272019,20082102,8895652123210790490350182895027,94424,142,180,180,0,True
1718272031,20082103,8895652123210790490350182895027,94424,142,180,180,0,True
1718272043,20082104,8895652123210790490350182895027,94424,142,180,180,0,True
1718272055,20082105,8895652123210790490350182895027,94424,142,180,180,0,True
1718272067,20082106,8895652123210790490350182895027,94424,142,180,180,0,True
1718272079,20082107,8895652123210790490350182895027,94424,142,180,180,0,True
1718272091,20082108,8895652123210790490350182895027,94424,142,180,180,0,True
1718272103,20082109,8895652123210790490350182895027,94424,142,180,180,0,True
1718272115,20082110,8895652123210790490350182895027,94424,142,180,180,0,True
1718272127,20082111,8895652123210790490350182895027,94424,142,180,180,0,True
1718272139,20082112,8895652123210790490350182895027,94424,142,180,180,0,True
1718272151,20082113,8895652123210790490350182895027,94424,142,180,180,0,True
1718272163,20082114,8895652123210790490350182895027,94424,142,180,180,0,True
1718272175,20082115,8895652123210790490350182895027,94424,142,180,180,0,True
1718272187,20082116,8895652123210790490350182895027,94424,142,180,180,0,True
1718272199,20082117,8895652123210790490350182895027,94424,142,180,180,0,True
1718272211,20082118,8895652123210790490350182895027,94424,142,180,180,0,True
1718272223,20082119,8895652123210790490350182895027,94424,142,180,180,0,True
1718272235,20082120,8895652123210790490350182895027,94424,142,180,180,0,True
1718272247,20082121,8895652123210790490350182895027,94424,142,180,180,0,True
1718272259,20082122,8895652123210790490350182895027,94424,142,180,180,0,True
1718272271,20082123,8895652123210790490350182895027,94424,142,180,180,0,True
1718272283,20082124,8895652123210790490350182895027,94424,142,180,180,0,True
1718272295,20082125,8895652123210790490350182895027,94424,142,180,180,0,True
1718272307,20082126,8895652123210790490350182895027,94424,142,180,180,0,True
1718272319,20082127,8895652123210790490350182895027,94424,142,180,180,0,True
1718272331,20082128,8895652123210790490350182895027,94424,142,180,180,0,True
1718272343,20082129,8895652123210790490350182895027,94424,142,180,180,0,True
1718272355,20082130,8895652123210790490350182895027,94424,142,180,180,0,True
1718272367,20082131,8895652123210790490350182895027,94424,142,180,180,0,True
1718272379,20082132,8895652123210790490350182895027,94424,142,180,180,0,True
1718272391,20082133,8895652123210790490350182895027,94424,142,180,180,0,True
1718272403,20082134,8895652123210790490350182895027,94424,142,180,180,0,True
1718272415,20082135,8895652123210790490350182895027,94424,142,180,180,0,True
1718272427,20082136,8895652123210790490350182895027,94424,142,180,180,0,True
1718272439,20082137,8895652123210790490350182895027,94424,142,180,180,0,True
1718272451,20082138,8895652123210790490350182895027,94424,142,180,180,0,True
1718272463,20082139,8895652123210790490350182895027,94424,142,180,180,0,True
1718272475,20082140,8895652123210790490350182895027,94424,142,180,180,0,True
1718272487,20082141,8895652123210790490350182895027,94424,142,180,180,0,True
1718272499,20082142,8895652123210790490350182895027,94424,142,180,180,0,True
1718272511,20082143,8895652123210790490350182895027,94424,142,180,180,0,True
1718272523,20082144,8895652123210790490350182895027,94424,142,180,180,0,True
1718272535,20082145,8895652123210790490350182895027,94424,142,180,180,0,True
1718272547,20082146,8895652123210790490350182895027,94424,142,180,180,0,True
1718272559,20082147,8895652123210790490350182895027,94424,142,180,180,0,True
1718272571,20082148,8895652123210790490350182895027,94424,142,180,180,0,True
1718272583,20082149,8895652123210790490350182895027,94424,142,180,180,0,True
1718272595,20082150,8895652123210790490350182895027,94424,142,180,180,0,True
1718272607,20082151,8895652123210790490350182895027,94424,142,180,180,0,True
1718272619,20082152,8895652123210790490350182895027,94424,142,180,180,0,True
1718272631,20082153,8895652123210790490350182895027,94424,142,180,180,0,True
1718272643,20082154,8895652123210790490350182895027,94424,142,180,180,0,True
1718272655,20082155,8895652123210790490350182895027,94424,142,180,180,0,True
1718272667,20082156,8895652123210790490350182895027,94424,142,180,180,0,True
1718272679,20082157,8928829328173103714852768398441,94498,143,180,180,0,True
1718272691,20082158,8928829328173103714852768398441,94498,143,180,180,0,True
1718272703,20082159,8928829328173103714852768398441,94498,143,180,180,0,True
1718272715,20082160,8928829328173103714852768398441,94498,143,180,180,0,True
1718272739,20082161,8928829328173103714852768398441,94498,143,180,180,0,True
1718272751,20082162,8928829328173103714852768398441,94498,143,180,180,0,True
1718272763,20082163,8928829328173103714852768398441,94498,143,180,180,0,True
1718272775,20082164,8928829328173103714852768398441,94498,143,180,180,0,True
1718272799,20082165,8928829328173103714852768398441,94498,143,180,180,0,True
1718272811,20082166,8928829328173103714852768398441,94498,143,180,180,0,True
1718272823,20082167,8928829328173103714852768398441,94498,143,180,180,0,True
1718272835,20082168,8928829328173103714852768398441,94498,143,180,180,0,True
1718272847,20082169,8928829328173103714852768398441,94498,143,180,180,0,True
1718272859,20082170,8928829328173103714852768398441,94498,143,180,180,0,True
1718272871,20082171,8928829328173103714852768398441,94498,143,180,180,0,True
1718272883,20082172,8928829328173103714852768398441,94498,143,180,180,0,True
1718272895,20082173,8928829328173103714852768398441,94498,143,180,180,0,True
1718272907,20082174,8928829328173103714852768398441,94498,143,180,180,0,True
1718272919,20082175,8928829328173103714852768398441,94498,143,180,180,0,True
1718272931,20082176,8928829328173103714852768398441,94498,143,180,180,0,True
1718272943,20082177,8928829328173103714852768398441,94498,143,180,180,0,True
1718272955,20082178,8928829328173103714852768398441,94498,143,180,180,0,True
1718272967,20082179,8928829328173103714852768398441,94498,143,180,180,0,True
1718272979,20082180,8928829328173103714852768398441,94498,143,180,180,0,True
1718272991,20082181,8928829328173103714852768398441,94498,143,180,180,0,True
1718273003,20082182,8928829328173103714852768398441,94498,143,180,180,0,True
1718273015,20082183,8928829328173103714852768398441,94498,143,180,180,0,True
1718273027,20082184,8928829328173103714852768398441,94498,143,180,180,0,True
1718273039,20082185,8928829328173103714852768398441,94498,143,180,180,0,True
1718273051,20082186,8928829328173103714852768398441,94498,143,180,180,0,True
1718273063,20082187,8928829328173103714852768398441,94498,143,180,180,0,True
1718273075,20082188,8928829328173103714852768398441,94498,143,180,180,0,True
1718273087,20082189,8928829328173103714852768398441,94498,143,180,180,0,True
1718273099,20082190,8928829328173103714852768398441,94498,143,180,180,0,True
1718273111,20082191,8928829328173103714852768398441,94498,143,180,180,0,True
1718273123,20082192,8928829328173103714852768398441,94498,143,180,180,0,True
1718273135,20082193,8928829328173103714852768398441,94498,143,180,180,0,True
1718273147,20082194,8928829328173103714852768398441,94498,143,180,180,0,True
1718273159,20082195,8928829328173103714852768398441,94498,143,180,180,0,True
1718273171,20082196,8928829328173103714852768398441,94498,143,180,180,0,True
1718273183,20082197,8928829328173103714852768398441,94498,143,180,180,0,True
1718273195,20082198,8928829328173103714852768398441,94498,143,180,180,0,True
1718273207,20082199,8928829328173103714852768398441,94498,143,180,180,0,True
1718273219,20082200,8928829328173103714852768398441,94498,143,180,180,0,True
1718273231,20082201,8928829328173103714852768398441,94498,143,180,180,0,True
1718273243,20082202,8928829328173103714852768398441,94498,143,180,180,0,True
1718273255,20082203,8928829328173103714852768398441,94498,143,180,180,0,True
1718273267,20082204,8928829328173103714852768398441,94498,143,180,180,0,True
1718273279,20082205,8928829328173103714852768398441,94498,143,180,180,0,True
1718273291,20082206,8928829328173103714852768398441,94498,143,180,180,0,True
1718273303,20082207,8928829328173103714852768398441,94498,143,180,180,0,True
1718273315,20082208,8928829328173103714852768398441,94498,143,180,180,0,True
1718273327,20082209,8928829328173103714852768398441,94498,143,180,180,0,True
1718273339,20082210,8928829328173103714852768398441,94498,143,180,180,0,True
1718273351,20082211,8928829328173103714852768398441,94498,143,180,180,0,True
1718273363,20082212,8928829328173103714852768398441,94498,143,180,180,0,True
1718273375,20082213,8928829328173103714852768398441,94498,143,180,180,0,True
1718273387,20082214,8928829328173103714852768398441,94498,143,180,180,0,True
1718273399,20082215,8928829328173103714852768398441,94498,143,180,180,0,True
1718273411,20082216,8928829328173103714852768398441,94498,143,180,180,0,True
1718273423,20082217,8928829328173103714852768398441,94498,143,180,180,0,True
1718273435,20082218,8928829328173103714852768398441,94498,143,180,180,0,True
1718273447,20082219,8928829328173103714852768398441,94498,143,180,180,0,True
1718273459,20082220,8928829328173103714852768398441,94498,143,180,180,0,True
1718273471,20082221,8928829328173103714852768398441,94498,143,180,180,0,True
1718273483,20082222,8928829328173103714852768398441,94498,143,180,180,0,True
1718273507,20082223,8928829328173103714852768398441,94498,143,180,180,0,True
1718273531,20082224,8928829328173103714852768398441,94498,143,180,180,0,True
1718273543,20082225,8928829328173103714852768398441,94498,143,180,180,0,True
1718273555,20082226,8928829328173103714852768398441,94498,143,180,180,0,True
1718273567,20082227,8928829328173103714852768398441,94498,143,180,180,0,True
1718273579,20082228,8928829328173103714852768398441,94498,143,180,180,0,True
1718273591,20082229,8928829328173103714852768398441,94498,143,180,180,0,True
1718273603,20082230,8928829328173103714852768398441,94498,143,180,180,0,True
1718273615,20082231,8928829328173103714852768398441,94498,143,180,180,0,True
1718273627,20082232,8928829328173103714852768398441,94498,143,180,180,0,True
1718273639,20082233,8928829328173103714852768398441,94498,143,180,180,0,True
1718273651,20082234,8928829328173103714852768398441,94498,143,180,180,0,True
1718273663,20082235,8928829328173103714852768398441,94498,143,180,180,0,True
1718273675,20082236,8928829328173103714852768398441,94498,143,180,180,0,True
1718273687,20082237,8928829328173103714852768398441,94498,143,180,180,0,True
1718273699,20082238,8928829328173103714852768398441,94498,143,180,180,0,True
1718273711,20082239,8928829328173103714852768398441,94498,143,180,180,0,True
1718273723,20082240,8928829328173103714852768398441,94498,143,180,180,0,True
1718273735,20082241,8928829328173103714852768398441,94498,143,180,180,0,True
1718273747,20082242,8928829328173103714852768398441,94498,143,180,180,0,True
1718273759,20082243,8928829328173103714852768398441,94498,143,180,180,0,True
1718273771,20082244,8928829328173103714852768398441,94498,143,180,180,0,True
1718273783,20082245,8928829328173103714852768398441,94498,143,180,180,0,True
1718273795,20082246,8928829328173103714852768398441,94498,143,180,180,0,True
1718273807,20082247,8928829328173103714852768398441,94498,143,180,180,0,True
1718273819,20082248,8928829328173103714852768398441,94498,143,180,180,0,True
1718273831,20082249,8928829328173103714852768398441,94498,143,180,180,0,True
1718273843,20082250,8928829328173103714852768398441,94498,143,180,180,0,True
1718273855,20082251,8928829328173103714852768398441,94498,143,180,180,0,True
1718273867,20082252,8928829328173103714852768398441,94498,143,180,180,0,True
1718273879,20082253,8928829328173103714852768398441,94498,143,180,180,0,True
1718273891,20082254,8928829328173103714852768398441,94498,143,180,180,0,True
1718273903,20082255,8928829328173103714852768398441,94498,143,180,180,0,True
1718273915,20082256,8928829328173103714852768398441,94498,143,180,180,0,True
1718273927,20082257,8928829328173103714852768398441,94498,143,180,180,0,True
1718273939,20082258,8928829328173103714852768398441,94498,143,180,180,0,True
1718273951,20082259,8928829328173103714852768398441,94498,143,180,180,0,True
1718273963,20082260,8928829328173103714852768398441,94498,143,180,180,0,True
1718273975,20082261,8928829328173103714852768398441,94498,143,180,180,0,True
1718273987,20082262,8928829328173103714852768398441,94498,143,180,180,0,True
1718273999,20082263,8928829328173103714852768398441,94498,143,180,180,0,True
1718274011,20082264,8928829328173103714852768398441,94498,143,180,180,0,True
1718274023,20082265,8928829328173103714852768398441,94498,143,180,180,0,True
1718274035,20082266,8928829328173103714852768398441,94498,143,180,180,0,True
1718274047,20082267,8928829328173103714852768398441,94498,143,180,180,0,True
1718274059,20082268,8928829328173103714852768398441,94498,143,180,180,0,True
1718274071,20082269,8928829328173103714852768398441,94498,143,180,180,0,True
1718274083,20082270,8928829328173103714852768398441,94498,143,180,180,0,True
1718274095,20082271,8928829328173103714852768398441,94498,143,180,180,0,True
1718274107,20082272,8928829328173103714852768398441,94498,143,180,180,0,True
1718274119,20082273,8928829328173103714852768398441,94498,143,180,180,0,True
1718274131,20082274,8928829328173103714852768398441,94498,143,180,180,0,True
1718274143,20082275,8928829328173103714852768398441,94498,143,180,180,0,True
1718274155,20082276,8928829328173103714852768398441,94498,143,180,180,0,True
1718274167,20082277,8928829328173103714852768398441,94498,143,180,180,0,True
1718274179,20082278,8928829328173103714852768398441,94498,143,180,180,0,True
1718274191,20082279,8928829328173103714852768398441,94498,143,180,180,0,True
1718274203,20082280,8928829328173103714852768398441,94498,143,180,180,0,True
1718274215,20082281,8928829328173103714852768398441,94498,143,180,180,0,True
1718274227,20082282,8928829328173103714852768398441,94498,143,180,180,0,True
1718274239,20082283,8928829328173103714852768398441,94498,143,180,180,0,True
1718274251,20082284,8928829328173103714852768398441,94498,143,180,180,0,True
1718274275,20082285,8928829328173103714852768398441,94498,143,180,180,0,True
1718274287,20082286,8928829328173103714852768398441,94498,143,180,180,0,True
1718274299,20082287,8928829328173103714852768398441,94498,143,180,180,0,True
1718274311,20082288,8928829328173103714852768398441,94498,143,180,180,0,True
1718274323,20082289,8928829328173103714852768398441,94498,143,180,180,0,True
1718274335,20082290,8928829328173103714852768398441,94498,143,180,180,0,True
1718274347,20082291,8928829328173103714852768398441,94498,143,180,180,0,True
1718274359,20082292,8928829328173103714852768398441,94498,143,180,180,0,True
1718274371,20082293,8928829328173103714852768398441,94498,143,180,180,0,True
1718274383,20082294,8928829328173103714852768398441,94498,143,180,180,0,True
1718274395,20082295,8928829328173103714852768398441,94498,143,180,180,0,True
1718274407,20082296,8928829328173103714852768398441,94498,143,180,180,0,True
1718274419,20082297,8928829328173103714852768398441,94498,143,180,180,0,True
1718274431,20082298,8928829328173103714852768398441,94498,143,180,180,0,True
1718274443,20082299,8928829328173103714852768398441,94498,143,180,180,0,True
1718274455,20082300,8928829328173103714852768398441,94498,143,180,180,0,True
1718274467,20082301,8928829328173103714852768398441,94498,143,180,180,0,True
1718274479,20082302,8928829328173103714852768398441,94498,143,180,180,0,True
1718274491,20082303,8928829328173103714852768398441,94498,143,180,180,0,True
1718274503,20082304,8928829328173103714852768398441,94498,143,180,180,0,True
1718274515,20082305,8928829328173103714852768398441,94498,143,180,180,0,True
1718274527,20082306,8928829328173103714852768398441,94498,143,180,180,0,True
1718274539,20082307,8867363138507148680383472233314,94360,144,180,180,0,True
1718274551,20082308,8867363138507148680383472233314,94360,144,180,180,0,True
1718274563,20082309,8867363138507148680383472233314,94360,144,180,180,0,True
1718274575,20082310,8867363138507148680383472233314,94360,144,180,180,0,True
1718274587,20082311,8867363138507148680383472233314,94360,144,180,180,0,True
1718274599,20082312,8867363138507148680383472233314,94360,144,180,180,0,True
1718274611,20082313,8867363138507148680383472233314,94360,144,180,180,0,True
1718274623,20082314,8867363138507148680383472233314,94360,144,180,180,0,True
1718274635,20082315,8797822867378866628037392925817,94203,145,180,180,0,True
1718274647,20082316,8797822867378866628037392925817,94203,145,180,180,0,True
1718274659,20082317,8807298680761767629367391324628,94224,146,180,180,0,True
1718274671,20082318,8807298680761767629367391324628,94224,146,180,180,0,True
1718274683,20082319,8807298680761767629367391324628,94224,146,180,180,0,True
1718274695,20082320,8807298680761767629367391324628,94224,146,180,180,0,True
1718274707,20082321,8807298680761767629367391324628,94224,146,180,180,0,True
1718274719,20082322,8807298680761767629367391324628,94224,146,180,180,0,True
1718274731,20082323,8807298680761767629367391324628,94224,146,180,180,0,True
1718274743,20082324,8807298680761767629367391324628,94224,146,180,180,0,True
1718274755,20082325,8807298680761767629367391324628,94224,146,180,180,0,True
1718274767,20082326,8807298680761767629367391324628,94224,146,180,180,0,True
1718274779,20082327,8807298680761767629367391324628,94224,146,180,180,0,True
1718274791,20082328,8807298680761767629367391324628,94224,146,180,180,0,True
1718274803,20082329,8807298680761767629367391324628,94224,146,180,180,0,True
1718274815,20082330,8807298680761767629367391324628,94224,146,180,180,0,True
1718274827,20082331,8807298680761767629367391324628,94224,146,180,180,0,True
1718274839,20082332,8807298680761767629367391324628,94224,146,180,180,0,True
1718274851,20082333,8807298680761767629367391324628,94224,146,180,180,0,True
1718274863,20082334,8807298680761767629367391324628,94224,146,180,180,0,True
1718274875,20082335,8807298680761767629367391324628,94224,146,180,180,0,True
1718274887,20082336,8807298680761767629367391324628,94224,146,180,180,0,True
1718274899,20082337,8807298680761767629367391324628,94224,146,180,180,0,True
1718274911,20082338,8807298680761767629367391324628,94224,146,180,180,0,True
1718274923,20082339,8807298680761767629367391324628,94224,146,180,180,0,True
1718274935,20082340,8807298680761767629367391324628,94224,146,180,180,0,True
1718274947,20082341,8807298680761767629367391324628,94224,146,180,180,0,True
1718274959,20082342,8807298680761767629367391324628,94224,146,180,180,0,True
1718274971,20082343,8807298680761767629367391324628,94224,146,180,180,0,True
1718274983,20082344,8807298680761767629367391324628,94224,146,180,180,0,True
1718274995,20082345,8807298680761767629367391324628,94224,146,180,180,0,True
1718275007,20082346,8807298680761767629367391324628,94224,146,180,180,0,True
1718275019,20082347,8807298680761767629367391324628,94224,146,180,180,0,True
1718275031,20082348,8807298680761767629367391324628,94224,146,180,180,0,True
1718275043,20082349,8807298680761767629367391324628,94224,146,180,180,0,True
1718275055,20082350,8807298680761767629367391324628,94224,146,180,180,0,True
1718275067,20082351,8807298680761767629367391324628,94224,146,180,180,0,True
1718275079,20082352,8807298680761767629367391324628,94224,146,180,180,0,True
1718275091,20082353,8807298680761767629367391324628,94224,146,180,180,0,True
1718275115,20082354,8807298680761767629367391324628,94224,146,180,180,0,True
1718275127,20082355,8807298680761767629367391324628,94224,146,180,180,0,True
1718275139,20082356,8807298680761767629367391324628,94224,146,180,180,0,True
1718275151,20082357,8807298680761767629367391324628,94224,146,180,180,0,True
1718275163,20082358,8807298680761767629367391324628,94224,146,180,180,0,True
1718275175,20082359,8807298680761767629367391324628,94224,146,180,180,0,True
1718275187,20082360,8807298680761767629367391324628,94224,146,180,180,0,True
1718275199,20082361,8807298680761767629367391324628,94224,146,180,180,0,True
1718275211,20082362,8807298680761767629367391324628,94224,146,180,180,0,True
1718275223,20082363,8807298680761767629367391324628,94224,146,180,180,0,True
1718275235,20082364,8807298680761767629367391324628,94224,146,180,180,0,True
1718275247,20082365,8807298680761767629367391324628,94224,146,180,180,0,True
1718275259,20082366,8807298680761767629367391324628,94224,146,180,180,0,True
1718275271,20082367,8807298680761767629367391324628,94224,146,180,180,0,True
1718275283,20082368,8807298680761767629367391324628,94224,146,180,180,0,True
1718275295,20082369,8807298680761767629367391324628,94224,146,180,180,0,True
1718275307,20082370,8807298680761767629367391324628,94224,146,180,180,0,True
1718275319,20082371,8807298680761767629367391324628,94224,146,180,180,0,True
1718275331,20082372,8807298680761767629367391324628,94224,146,180,180,0,True
1718275343,20082373,8807298680761767629367391324628,94224,146,180,180,0,True
1718275355,20082374,8807298680761767629367391324628,94224,146,180,180,0,True
1718275367,20082375,8807298680761767629367391324628,94224,146,180,180,0,True
1718275379,20082376,8807298680761767629367391324628,94224,146,180,180,0,True
1718275391,20082377,8807298680761767629367391324628,94224,146,180,180,0,True
1718275403,20082378,8807298680761767629367391324628,94224,146,180,180,0,True
1718275415,20082379,8807298680761767629367391324628,94224,146,180,180,0,True
1718275427,20082380,8807298680761767629367391324628,94224,146,180,180,0,True
1718275439,20082381,8807298680761767629367391324628,94224,146,180,180,0,True
1718275451,20082382,8765920314493608148719290454780,94130,147,180,180,0,True
1718275463,20082383,8765920314493608148719290454780,94130,147,180,180,0,True
1718275475,20082384,8765920314493608148719290454780,94130,147,180,180,0,True
1718275487,20082385,8765920314493608148719290454780,94130,147,180,180,0,True
1718275499,20082386,8765920314493608148719290454780,94130,147,180,180,0,True
1718275511,20082387,8765920314493608148719290454780,94130,147,180,180,0,True
1718275523,20082388,8765920314493608148719290454780,94130,147,180,180,0,True
1718275535,20082389,8765920314493608148719290454780,94130,147,180,180,0,True
1718275547,20082390,8765920314493608148719290454780,94130,147,180,180,0,True
1718275559,20082391,8765920314493608148719290454780,94130,147,180,180,0,True
1718275571,20082392,8765920314493608148719290454780,94130,147,180,180,0,True
1718275583,20082393,8765920314493608148719290454780,94130,147,180,180,0,True
1718275595,20082394,8694343721600140182701272367185,93966,148,180,180,0,True
1718275607,20082395,8694343721600140182701272367185,93966,148,180,180,0,True
1718275619,20082396,8694343721600140182701272367185,93966,148,180,180,0,True
1718275631,20082397,8694343721600140182701272367185,93966,148,180,180,0,True
1718275643,20082398,8694343721600140182701272367185,93966,148,180,180,0,True
1718275655,20082399,8694343721600140182701272367185,93966,148,180,180,0,True
1718275667,20082400,8694343721600140182701272367185,93966,148,180,180,0,True
1718275679,20082401,8694343721600140182701272367185,93966,148,180,180,0,True
1718275691,20082402,8694343721600140182701272367185,93966,148,180,180,0,True
1718275703,20082403,8694343721600140182701272367185,93966,148,180,180,0,True
1718275715,20082404,8694343721600140182701272367185,93966,148,180,180,0,True
1718275727,20082405,8694343721600140182701272367185,93966,148,180,180,0,True
1718275739,20082406,8694343721600140182701272367185,93966,148,180,180,0,True
1718275751,20082407,8765117215697768859962547835289,94128,149,180,180,0,True
1718275763,20082408,8765117215697768859962547835289,94128,149,180,180,0,True
1718275775,20082409,8765117215697768859962547835289,94128,149,180,180,0,True
1718275787,20082410,8765117215697768859962547835289,94128,149,180,180,0,True
1718275799,20082411,8765117215697768859962547835289,94128,149,180,180,0,True
1718275811,20082412,8765117215697768859962547835289,94128,149,180,180,0,True
1718275823,20082413,8765117215697768859962547835289,94128,149,180,180,0,True
1718275835,20082414,8765117215697768859962547835289,94128,149,180,180,0,True
1718275847,20082415,8765117215697768859962547835289,94128,149,180,180,0,True
1718275859,20082416,8765117215697768859962547835289,94128,149,180,180,0,True
1718275871,20082417,8765117215697768859962547835289,94128,149,180,180,0,True
1718275883,20082418,8765117215697768859962547835289,94128,149,180,180,0,True
1718275895,20082419,8765117215697768859962547835289,94128,149,180,180,0,True
1718275907,20082420,8765117215697768859962547835289,94128,149,180,180,0,True
1718275919,20082421,8765117215697768859962547835289,94128,149,180,180,0,True
1718275931,20082422,8765117215697768859962547835289,94128,149,180,180,0,True
1718275943,20082423,8765117215697768859962547835289,94128,149,180,180,0,True
1718275955,20082424,8765117215697768859962547835289,94128,150,180,180,0,True
1718275967,20082425,8765117215697768859962547835289,94128,150,180,180,0,True
1718275979,20082426,8765117215697768859962547835289,94128,150,180,180,0,True
1718275991,20082427,8765117215697768859962547835289,94128,150,180,180,0,True
1718276003,20082428,8765117215697768859962547835289,94128,150,180,180,0,True
1718276015,20082429,8765117215697768859962547835289,94128,150,180,180,0,True
1718276027,20082430,8765117215697768859962547835289,94128,150,180,180,0,True
1718276039,20082431,8765117215697768859962547835289,94128,150,180,180,0,True
1718276051,20082432,8765117215697768859962547835289,94128,150,180,180,0,True
1718276063,20082433,8765117215697768859962547835289,94128,150,180,180,0,True
1718276075,20082434,8765117215697768859962547835289,94128,150,180,180,0,True
1718276087,20082435,8765117215697768859962547835289,94128,150,180,180,0,True
1718276099,20082436,8765117215697768859962547835289,94128,150,180,180,0,True
1718276111,20082437,8765117215697768859962547835289,94128,150,180,180,0,True
1718276123,20082438,8765117215697768859962547835289,94128,150,180,180,0,True
1718276135,20082439,8765117215697768859962547835289,94128,150,180,180,0,True
1718276147,20082440,8765117215697768859962547835289,94128,150,180,180,0,True
1718276159,20082441,8765117215697768859962547835289,94128,150,180,180,0,True
1718276171,20082442,8765117215697768859962547835289,94128,150,180,180,0,True
1718276183,20082443,8765117215697768859962547835289,94128,150,180,180,0,True
1718276195,20082444,8765117215697768859962547835289,94128,150,180,180,0,True
1718276207,20082445,8765117215697768859962547835289,94128,150,180,180,0,True
1718276219,20082446,8765117215697768859962547835289,94128,150,180,180,0,True
1718276231,20082447,8765117215697768859962547835289,94128,150,180,180,0,True
1718276243,20082448,8765117215697768859962547835289,94128,150,180,180,0,True
1718276255,20082449,8765117215697768859962547835289,94128,150,180,180,0,True
1718276267,20082450,8765117215697768859962547835289,94128,150,180,180,0,True
1718276279,20082451,8765117215697768859962547835289,94128,150,180,180,0,True
1718276291,20082452,8765117215697768859962547835289,94128,150,180,180,0,True
1718276303,20082453,8765117215697768859962547835289,94128,150,180,180,0,True
1718276315,20082454,8765117215697768859962547835289,94128,150,180,180,0,True
1718276327,20082455,8765117215697768859962547835289,94128,150,180,180,0,True
1718276339,20082456,8765117215697768859962547835289,94128,150,180,180,0,True
1718276351,20082457,8765117215697768859962547835289,94128,150,180,180,0,True
1718276363,20082458,8765117215697768859962547835289,94128,150,180,180,0,True
1718276375,20082459,8765117215697768859962547835289,94128,150,180,180,0,True
1718276387,20082460,8765117215697768859962547835289,94128,150,180,180,0,True
1718276399,20082461,8765117215697768859962547835289,94128,150,180,180,0,True
1718276411,20082462,8765117215697768859962547835289,94128,150,180,180,0,True
1718276423,20082463,8765117215697768859962547835289,94128,150,180,180,0,True
1718276435,20082464,8765117215697768859962547835289,94128,150,180,180,0,True
1718276447,20082465,8765117215697768859962547835289,94128,150,180,180,0,True
1718276459,20082466,8765117215697768859962547835289,94128,150,180,180,0,True
1718276471,20082467,8765117215697768859962547835289,94128,150,180,180,0,True
1718276483,20082468,8765117215697768859962547835289,94128,150,180,180,0,True
1718276495,20082469,8765117215697768859962547835289,94128,150,180,180,0,True
1718276507,20082470,8765117215697768859962547835289,94128,150,180,180,0,True
1718276519,20082471,8765117215697768859962547835289,94128,150,180,180,0,True
1718276531,20082472,8765117215697768859962547835289,94128,150,180,180,0,True
1718276543,20082473,8765117215697768859962547835289,94128,150,180,180,0,True
1718276555,20082474,8765117215697768859962547835289,94128,150,180,180,0,True
1718276567,20082475,8765117215697768859962547835289,94128,150,180,180,0,True
1718276579,20082476,8765117215697768859962547835289,94128,150,180,180,0,True
1718276591,20082477,8765117215697768859962547835289,94128,150,180,180,0,True
1718276603,20082478,8765117215697768859962547835289,94128,150,180,180,0,True
1718276615,20082479,8765117215697768859962547835289,94128,150,180,180,0,True
1718276627,20082480,8765117215697768859962547835289,94128,150,180,180,0,True
1718276639,20082481,8765117215697768859962547835289,94128,150,180,180,0,True
1718276651,20082482,8765117215697768859962547835289,94128,150,180,180,0,True
1718276663,20082483,8765117215697768859962547835289,94128,150,180,180,0,True
1718276675,20082484,8765117215697768859962547835289,94128,150,180,180,0,True
1718276687,20082485,8765117215697768859962547835289,94128,150,180,180,0,True
1718276699,20082486,8765117215697768859962547835289,94128,150,180,180,0,True
1718276711,20082487,8765117215697768859962547835289,94128,150,180,180,0,True
1718276723,20082488,8765117215697768859962547835289,94128,150,180,180,0,True
1718276735,20082489,8765117215697768859962547835289,94128,150,180,180,0,True
1718276747,20082490,8765117215697768859962547835289,94128,150,180,180,0,True
1718276759,20082491,8765117215697768859962547835289,94128,150,180,180,0,True
1718276771,20082492,8765117215697768859962547835289,94128,150,180,180,0,True
1718276783,20082493,8765117215697768859962547835289,94128,150,180,180,0,True
1718276795,20082494,8765117215697768859962547835289,94128,150,180,180,0,True
1718276807,20082495,8765117215697768859962547835289,94128,150,180,180,0,True
1718276819,20082496,8765117215697768859962547835289,94128,150,180,180,0,True
1718276831,20082497,8765117215697768859962547835289,94128,150,180,180,0,True
1718276843,20082498,8765117215697768859962547835289,94128,150,180,180,0,True
1718276855,20082499,8765117215697768859962547835289,94128,150,180,180,0,True
1718276867,20082500,8765117215697768859962547835289,94128,150,180,180,0,True
1718276879,20082501,8765117215697768859962547835289,94128,150,180,180,0,True
1718276891,20082502,8765117215697768859962547835289,94128,150,180,180,0,True
1718276903,20082503,8765117215697768859962547835289,94128,150,180,180,0,True
1718276915,20082504,8765117215697768859962547835289,94128,150,180,180,0,True
1718276927,20082505,8765117215697768859962547835289,94128,150,180,180,0,True
1718276939,20082506,8765117215697768859962547835289,94128,150,180,180,0,True
1718276951,20082507,8765117215697768859962547835289,94128,150,180,180,0,True
1718276963,20082508,8765117215697768859962547835289,94128,150,180,180,0,True
1718276975,20082509,8765117215697768859962547835289,94128,150,180,180,0,True
1718276987,20082510,8765117215697768859962547835289,94128,150,180,180,0,True
1718276999,20082511,8765117215697768859962547835289,94128,150,180,180,0,True
1718277011,20082512,8765117215697768859962547835289,94128,150,180,180,0,True
1718277023,20082513,8765117215697768859962547835289,94128,150,180,180,0,True
1718277035,20082514,8765117215697768859962547835289,94128,150,180,180,0,True
1718277047,20082515,8765117215697768859962547835289,94128,150,180,180,0,True
1718277059,20082516,8765117215697768859962547835289,94128,150,180,180,0,True
1718277071,20082517,8765117215697768859962547835289,94128,150,180,180,0,True
1718277083,20082518,8765117215697768859962547835289,94128,150,180,180,0,True
1718277095,20082519,8765117215697768859962547835289,94128,150,180,180,0,True
1718277107,20082520,8765117215697768859962547835289,94128,150,180,180,0,True
1718277119,20082521,8765117215697768859962547835289,94128,150,180,180,0,True
1718277131,20082522,8765117215697768859962547835289,94128,150,180,180,0,True
1718277143,20082523,8765117215697768859962547835289,94128,150,180,180,0,True
1718277155,20082524,8765117215697768859962547835289,94128,150,180,180,0,True
1718277167,20082525,8765117215697768859962547835289,94128,150,180,180,0,True
1718277179,20082526,8765117215697768859962547835289,94128,150,180,180,0,True
1718277191,20082527,8765117215697768859962547835289,94128,150,180,180,0,True
1718277203,20082528,8765117215697768859962547835289,94128,150,180,180,0,True
1718277215,20082529,8765117215697768859962547835289,94128,150,180,180,0,True
1718277227,20082530,8765117215697768859962547835289,94128,150,180,180,0,True
1718277239,20082531,8765117215697768859962547835289,94128,150,180,180,0,True
1718277251,20082532,8765117215697768859962547835289,94128,150,180,180,0,True
1718277263,20082533,8759934541558161072919809452369,94116,151,180,180,0,True
1718277275,20082534,8759934541558161072919809452369,94116,151,180,180,0,True
1718277287,20082535,8759934541558161072919809452369,94116,151,180,180,0,True
1718277299,20082536,8759934541558161072919809452369,94116,151,180,180,0,True
1718277311,20082537,8759934541558161072919809452369,94116,151,180,180,0,True
1718277323,20082538,8759934541558161072919809452369,94116,151,180,180,0,True
1718277335,20082539,8759934541558161072919809452369,94116,151,180,180,0,True
1718277347,20082540,8759934541558161072919809452369,94116,151,180,180,0,True
1718277359,20082541,8759934541558161072919809452369,94116,151,180,180,0,True
1718277371,20082542,8759934541558161072919809452369,94116,151,180,180,0,True
1718277383,20082543,8759934541558161072919809452369,94116,151,180,180,0,True
1718277395,20082544,8759934541558161072919809452369,94116,151,180,180,0,True
1718277407,20082545,8708413459827720543930958641617,93998,152,180,180,0,True
1718277419,20082546,8708413459827720543930958641617,93998,152,180,180,0,True
1718277431,20082547,8708413459827720543930958641617,93998,152,180,180,0,True
1718277443,20082548,8708413459827720543930958641617,93998,152,180,180,0,True
1718277455,20082549,8708413459827720543930958641617,93998,152,180,180,0,True
1718277467,20082550,8708413459827720543930958641617,93998,152,180,180,0,True
1718277479,20082551,8708413459827720543930958641617,93998,152,180,180,0,True
1718277491,20082552,8708413459827720543930958641617,93998,152,180,180,0,True
1718277503,20082553,8708413459827720543930958641617,93998,152,180,180,0,True
1718277515,20082554,8708413459827720543930958641617,93998,152,180,180,0,True
1718277527,20082555,8708413459827720543930958641617,93998,152,180,180,0,True
1718277539,20082556,8708413459827720543930958641617,93998,152,180,180,0,True
1718277551,20082557,8708413459827720543930958641617,93998,152,180,180,0,True
1718277563,20082558,8754209122276579911179570085379,94103,153,180,180,0,True
1718277575,20082559,8754209122276579911179570085379,94103,153,180,180,0,True
1718277587,20082560,8754209122276579911179570085379,94103,153,180,180,0,True
1718277599,20082561,8754209122276579911179570085379,94103,153,180,180,0,True
1718277611,20082562,8754209122276579911179570085379,94103,153,180,180,0,True
1718277623,20082563,8754209122276579911179570085379,94103,153,180,180,0,True
1718277635,20082564,8754209122276579911179570085379,94103,153,180,180,0,True
1718277647,20082565,8754209122276579911179570085379,94103,153,180,180,0,True
1718277659,20082566,8754209122276579911179570085379,94103,153,180,180,0,True
1718277671,20082567,8754209122276579911179570085379,94103,153,180,180,0,True
1718277683,20082568,8754209122276579911179570085379,94103,153,180,180,0,True
1718277695,20082569,8754209122276579911179570085379,94103,153,180,180,0,True
1718277707,20082570,8754209122276579911179570085379,94103,153,180,180,0,True
1718277719,20082571,8754209122276579911179570085379,94103,153,180,180,0,True
1718277731,20082572,8754209122276579911179570085379,94103,153,180,180,0,True
1718277743,20082573,8754209122276579911179570085379,94103,153,180,180,0,True
1718277755,20082574,8754209122276579911179570085379,94103,153,180,180,0,True
1718277767,20082575,8754209122276579911179570085379,94103,153,180,180,0,True
1718277779,20082576,8754209122276579911179570085379,94103,153,180,180,0,True
1718277791,20082577,8754209122276579911179570085379,94103,153,180,180,0,True
1718277803,20082578,8754209122276579911179570085379,94103,153,180,180,0,True
1718277815,20082579,8754209122276579911179570085379,94103,153,180,180,0,True
1718277827,20082580,8754209122276579911179570085379,94103,153,180,180,0,True
1718277839,20082581,8754209122276579911179570085379,94103,153,180,180,0,True
1718277863,20082582,8754209122276579911179570085379,94103,153,180,180,0,True
1718277875,20082583,8754209122276579911179570085379,94103,153,180,180,0,True
1718277887,20082584,8754209122276579911179570085379,94103,153,180,180,0,True
1718277899,20082585,8754209122276579911179570085379,94103,153,180,180,0,True
1718277911,20082586,8754209122276579911179570085379,94103,153,180,180,0,True
1718277923,20082587,8754209122276579911179570085379,94103,153,180,180,0,True
1718277935,20082588,8754209122276579911179570085379,94103,153,180,180,0,True
1718277947,20082589,8754209122276579911179570085379,94103,153,180,180,0,True
1718277959,20082590,8754209122276579911179570085379,94103,153,180,180,0,True
1718277971,20082591,8754209122276579911179570085379,94103,153,180,180,0,True
1718277983,20082592,8754209122276579911179570085379,94103,153,180,180,0,True
1718277995,20082593,8772269575365237460216233982446,94145,154,180,180,0,True
1718278007,20082594,8772269575365237460216233982446,94145,154,180,180,0,True
1718278019,20082595,8772269575365237460216233982446,94145,154,180,180,0,True
1718278031,20082596,8772269575365237460216233982446,94145,154,180,180,0,True
1718278043,20082597,8772269575365237460216233982446,94145,154,180,180,0,True
1718278055,20082598,8772269575365237460216233982446,94145,154,180,180,0,True
1718278067,20082599,8772269575365237460216233982446,94145,154,180,180,0,True
1718278079,20082600,8772269575365237460216233982446,94145,154,180,180,0,True
1718278091,20082601,8772269575365237460216233982446,94145,154,180,180,0,True
1718278103,20082602,8772269575365237460216233982446,94145,154,180,180,0,True
1718278115,20082603,8772269575365237460216233982446,94145,154,180,180,0,True
1718278127,20082604,8772269575365237460216233982446,94145,154,180,180,0,True
1718278139,20082605,8772269575365237460216233982446,94145,154,180,180,0,True
1718278151,20082606,8772269575365237460216233982446,94145,154,180,180,0,True
1718278163,20082607,8772269575365237460216233982446,94145,154,180,180,0,True
1718278175,20082608,8772269575365237460216233982446,94145,154,180,180,0,True
1718278187,20082609,8772269575365237460216233982446,94145,154,180,180,0,True
1718278199,20082610,8772269575365237460216233982446,94145,154,180,180,0,True
1718278211,20082611,8772269575365237460216233982446,94145,154,180,180,0,True
1718278223,20082612,8772269575365237460216233982446,94145,154,180,180,0,True
1718278235,20082613,8772269575365237460216233982446,94145,154,180,180,0,True
1718278247,20082614,8772269575365237460216233982446,94145,154,180,180,0,True
1718278259,20082615,8772269575365237460216233982446,94145,154,180,180,0,True
1718278271,20082616,8772269575365237460216233982446,94145,154,180,180,0,True
1718278283,20082617,8772269575365237460216233982446,94145,154,180,180,0,True
1718278295,20082618,8772269575365237460216233982446,94145,154,180,180,0,True
1718278307,20082619,8772269575365237460216233982446,94145,154,180,180,0,True
1718278319,20082620,8772269575365237460216233982446,94145,154,180,180,0,True
1718278331,20082621,8772269575365237460216233982446,94145,154,180,180,0,True
1718278343,20082622,8772269575365237460216233982446,94145,154,180,180,0,True
1718278355,20082623,8772269575365237460216233982446,94145,154,180,180,0,True
1718278367,20082624,8772269575365237460216233982446,94145,154,180,180,0,True
1718278379,20082625,8772269575365237460216233982446,94145,154,180,180,0,True
1718278391,20082626,8772269575365237460216233982446,94145,154,180,180,0,True
1718278403,20082627,8772269575365237460216233982446,94145,154,180,180,0,True
1718278415,20082628,8772269575365237460216233982446,94145,154,180,180,0,True
1718278427,20082629,8772269575365237460216233982446,94145,154,180,180,0,True
1718278439,20082630,8772269575365237460216233982446,94145,154,180,180,0,True
1718278451,20082631,8772269575365237460216233982446,94145,154,180,180,0,True
1718278463,20082632,8772269575365237460216233982446,94145,154,180,180,0,True
1718278475,20082633,8772269575365237460216233982446,94145,154,180,180,0,True
1718278487,20082634,8772269575365237460216233982446,94145,154,180,180,0,True
1718278499,20082635,8772269575365237460216233982446,94145,154,180,180,0,True
1718278511,20082636,8772269575365237460216233982446,94145,154,180,180,0,True
1718278523,20082637,8772269575365237460216233982446,94145,154,180,180,0,True
1718278535,20082638,8772269575365237460216233982446,94145,154,180,180,0,True
1718278547,20082639,8772269575365237460216233982446,94145,154,180,180,0,True
1718278559,20082640,8772269575365237460216233982446,94145,154,180,180,0,True
1718278571,20082641,8772269575365237460216233982446,94145,154,180,180,0,True
1718278583,20082642,8772269575365237460216233982446,94145,154,180,180,0,True
1718278595,20082643,8772269575365237460216233982446,94145,154,180,180,0,True
1718278607,20082644,8772269575365237460216233982446,94145,154,180,180,0,True
1718278619,20082645,8772269575365237460216233982446,94145,154,180,180,0,True
1718278631,20082646,8772269575365237460216233982446,94145,154,180,180,0,True
1718278643,20082647,8772269575365237460216233982446,94145,154,180,180,0,True
1718278655,20082648,8772269575365237460216233982446,94145,154,180,180,0,True
1718278667,20082649,8772269575365237460216233982446,94145,154,180,180,0,True
1718278679,20082650,8772269575365237460216233982446,94145,154,180,180,0,True
1718278691,20082651,8772269575365237460216233982446,94145,154,180,180,0,True
1718278703,20082652,8772269575365237460216233982446,94145,154,180,180,0,True
1718278715,20082653,8772269575365237460216233982446,94145,154,180,180,0,True
1718278727,20082654,8772269575365237460216233982446,94145,154,180,180,0,True
1718278739,20082655,8772269575365237460216233982446,94145,154,180,180,0,True
1718278751,20082656,8772269575365237460216233982446,94145,154,180,180,0,True
1718278763,20082657,8772269575365237460216233982446,94145,154,180,180,0,True
1718278775,20082658,8772269575365237460216233982446,94145,154,180,180,0,True
1718278787,20082659,8772269575365237460216233982446,94145,154,180,180,0,True
1718278799,20082660,8772269575365237460216233982446,94145,154,180,180,0,True
1718278811,20082661,8772269575365237460216233982446,94145,154,180,180,0,True
1718278823,20082662,8772269575365237460216233982446,94145,154,180,180,0,True
1718278835,20082663,8772269575365237460216233982446,94145,154,180,180,0,True
1718278847,20082664,8772269575365237460216233982446,94145,154,180,180,0,True
1718278859,20082665,8772269575365237460216233982446,94145,154,180,180,0,True
1718278871,20082666,8772269575365237460216233982446,94145,154,180,180,0,True
1718278883,20082667,8772269575365237460216233982446,94145,154,180,180,0,True
1718278895,20082668,8772269575365237460216233982446,94145,154,180,180,0,True
1718278907,20082669,8772269575365237460216233982446,94145,154,180,180,0,True
1718278919,20082670,8772269575365237460216233982446,94145,154,180,180,0,True
1718278931,20082671,8772269575365237460216233982446,94145,154,180,180,0,True
1718278943,20082672,8772269575365237460216233982446,94145,154,180,180,0,True
1718278955,20082673,8772269575365237460216233982446,94145,154,180,180,0,True
1718278967,20082674,8772269575365237460216233982446,94145,154,180,180,0,True
1718278979,20082675,8772269575365237460216233982446,94145,154,180,180,0,True
1718278991,20082676,8772269575365237460216233982446,94145,154,180,180,0,True
1718279003,20082677,8772269575365237460216233982446,94145,154,180,180,0,True
1718279015,20082678,8772269575365237460216233982446,94145,154,180,180,0,True
1718279027,20082679,8772269575365237460216233982446,94145,154,180,180,0,True
1718279039,20082680,8772269575365237460216233982446,94145,154,180,180,0,True
1718279051,20082681,8772269575365237460216233982446,94145,154,180,180,0,True
1718279063,20082682,8772269575365237460216233982446,94145,154,180,180,0,True
1718279075,20082683,8772269575365237460216233982446,94145,154,180,180,0,True
1718279087,20082684,8772269575365237460216233982446,94145,154,180,180,0,True
1718279099,20082685,8772269575365237460216233982446,94145,154,180,180,0,True
1718279111,20082686,8772269575365237460216233982446,94145,154,180,180,0,True
1718279123,20082687,8772269575365237460216233982446,94145,154,180,180,0,True
1718279135,20082688,8772269575365237460216233982446,94145,154,180,180,0,True
1718279147,20082689,8772269575365237460216233982446,94145,154,180,180,0,True
1718279159,20082690,8772269575365237460216233982446,94145,154,180,180,0,True
1718279171,20082691,8772269575365237460216233982446,94145,154,180,180,0,True
1718279183,20082692,8772269575365237460216233982446,94145,154,180,180,0,True
1718279195,20082693,8772269575365237460216233982446,94145,154,180,180,0,True
1718279207,20082694,8772269575365237460216233982446,94145,154,180,180,0,True
1718279219,20082695,8772269575365237460216233982446,94145,154,180,180,0,True
1718279231,20082696,8772269575365237460216233982446,94145,154,180,180,0,True
1718279243,20082697,8772269575365237460216233982446,94145,154,180,180,0,True
1718279255,20082698,8772269575365237460216233982446,94145,154,180,180,0,True
1718279267,20082699,8772269575365237460216233982446,94145,154,180,180,0,True
1718279279,20082700,8772269575365237460216233982446,94145,154,180,180,0,True
1718279291,20082701,8772269575365237460216233982446,94145,154,180,180,0,True
1718279303,20082702,8772269575365237460216233982446,94145,154,180,180,0,True
1718279315,20082703,8772269575365237460216233982446,94145,154,180,180,0,True
1718279327,20082704,8772269575365237460216233982446,94145,154,180,180,0,True
1718279339,20082705,8772269575365237460216233982446,94145,154,180,180,0,True
1718279351,20082706,8772269575365237460216233982446,94145,154,180,180,0,True
1718279363,20082707,8772269575365237460216233982446,94145,154,180,180,0,True
1718279375,20082708,8772269575365237460216233982446,94145,154,180,180,0,True
1718279387,20082709,8772269575365237460216233982446,94145,154,180,180,0,True
1718279399,20082710,8772269575365237460216233982446,94145,154,180,180,0,True
1718279411,20082711,8772269575365237460216233982446,94145,154,180,180,0,True
1718279423,20082712,8772269575365237460216233982446,94145,154,180,180,0,True
1718279435,20082713,8772269575365237460216233982446,94145,154,180,180,0,True
1718279447,20082714,8772269575365237460216233982446,94145,154,180,180,0,True
1718279459,20082715,8772269575365237460216233982446,94145,154,180,180,0,True
1718279471,20082716,8849351200822610677743511922487,94320,155,180,180,0,True
1718279483,20082717,8849351200822610677743511922487,94320,155,180,180,0,True
1718279495,20082718,8849351200822610677743511922487,94320,155,180,180,0,True
1718279507,20082719,8849351200822610677743511922487,94320,155,180,180,0,True
1718279519,20082720,8849351200822610677743511922487,94320,155,180,180,0,True
1718279531,20082721,8849351200822610677743511922487,94320,155,180,180,0,True
1718279543,20082722,8849351200822610677743511922487,94320,155,180,180,0,True
1718279555,20082723,8849351200822610677743511922487,94320,155,180,180,0,True
1718279567,20082724,8849351200822610677743511922487,94320,155,180,180,0,True
1718279579,20082725,8849351200822610677743511922487,94320,155,180,180,0,True
1718279591,20082726,8849351200822610677743511922487,94320,155,180,180,0,True
1718279603,20082727,8849351200822610677743511922487,94320,155,180,180,0,True
1718279615,20082728,8849351200822610677743511922487,94320,155,180,180,0,True
1718279627,20082729,8849351200822610677743511922487,94320,155,180,180,0,True
1718279639,20082730,8849351200822610677743511922487,94320,155,180,180,0,True
1718279651,20082731,8849351200822610677743511922487,94320,155,180,180,0,True
1718279663,20082732,8849351200822610677743511922487,94320,155,180,180,0,True
1718279675,20082733,8849351200822610677743511922487,94320,155,180,180,0,True
1718279687,20082734,8849351200822610677743511922487,94320,155,180,180,0,True
1718279699,20082735,8849351200822610677743511922487,94320,155,180,180,0,True
1718279711,20082736,8849351200822610677743511922487,94320,155,180,180,0,True
1718279723,20082737,8849351200822610677743511922487,94320,155,180,180,0,True
1718279735,20082738,8849351200822610677743511922487,94320,155,180,180,0,True
1718279747,20082739,8849351200822610677743511922487,94320,155,180,180,0,True
1718279759,20082740,8849351200822610677743511922487,94320,155,180,180,0,True
1718279771,20082741,8849351200822610677743511922487,94320,155,180,180,0,True
1718279783,20082742,8849351200822610677743511922487,94320,155,180,180,0,True
1718279795,20082743,8849351200822610677743511922487,94320,155,180,180,0,True
1718279807,20082744,8849351200822610677743511922487,94320,155,180,180,0,True
1718279819,20082745,8772690170118620339820624258264,94146,156,180,180,0,True
1718279831,20082746,8772690170118620339820624258264,94146,156,180,180,0,True
1718279843,20082747,8772690170118620339820624258264,94146,156,180,180,0,True
1718279855,20082748,8772690170118620339820624258264,94146,156,180,180,0,True
1718279867,20082749,8772690170118620339820624258264,94146,156,180,180,0,True
1718279879,20082750,8772690170118620339820624258264,94146,156,180,180,0,True
1718279891,20082751,8772690170118620339820624258264,94146,156,180,180,0,True
1718279903,20082752,8772690170118620339820624258264,94146,156,180,180,0,True
1718279915,20082753,8772690170118620339820624258264,94146,156,180,180,0,True
1718279927,20082754,8772690170118620339820624258264,94146,156,180,180,0,True
1718279939,20082755,8772690170118620339820624258264,94146,156,180,180,0,True
1718279951,20082756,8772690170118620339820624258264,94146,156,180,180,0,True
1718279963,20082757,8772690170118620339820624258264,94146,156,180,180,0,True
1718279975,20082758,8772690170118620339820624258264,94146,156,180,180,0,True
1718279987,20082759,8772690170118620339820624258264,94146,156,180,180,0,True
1718279999,20082760,8772690170118620339820624258264,94146,156,180,180,0,True
1718280011,20082761,8828743065988077971809552209394,94273,157,180,180,0,True
1718280023,20082762,8828743065988077971809552209394,94273,157,180,180,0,True
1718280035,20082763,8828743065988077971809552209394,94273,157,180,180,0,True
1718280047,20082764,8828743065988077971809552209394,94273,157,180,180,0,True
1718280059,20082765,8828743065988077971809552209394,94273,157,180,180,0,True
1718280071,20082766,8828743065988077971809552209394,94273,157,180,180,0,True
1718280083,20082767,8828743065988077971809552209394,94273,157,180,180,0,True
1718280095,20082768,8828743065988077971809552209394,94273,157,180,180,0,True
1718280107,20082769,8828743065988077971809552209394,94273,157,180,180,0,True
1718280119,20082770,8828743065988077971809552209394,94273,157,180,180,0,True
1718280131,20082771,8828743065988077971809552209394,94273,157,180,180,0,True
1718280143,20082772,8828743065988077971809552209394,94273,157,180,180,0,True
1718280155,20082773,8828743065988077971809552209394,94273,157,180,180,0,True
1718280167,20082774,8828743065988077971809552209394,94273,157,180,180,0,True
1718280179,20082775,8825690299541523345932060148461,94266,158,180,180,0,True
1718280191,20082776,8825690299541523345932060148461,94266,158,180,180,0,True
1718280203,20082777,8825690299541523345932060148461,94266,158,180,180,0,True
1718280215,20082778,8825690299541523345932060148461,94266,158,180,180,0,True
1718280227,20082779,8825690299541523345932060148461,94266,158,180,180,0,True
1718280239,20082780,8825690299541523345932060148461,94266,158,180,180,0,True
1718280251,20082781,8825690299541523345932060148461,94266,158,180,180,0,True
1718280263,20082782,8825690299541523345932060148461,94266,158,180,180,0,True
1718280275,20082783,8825690299541523345932060148461,94266,158,180,180,0,True
1718280287,20082784,8825690299541523345932060148461,94266,158,180,180,0,True
1718280299,20082785,8825690299541523345932060148461,94266,158,180,180,0,True
1718280311,20082786,8825690299541523345932060148461,94266,158,180,180,0,True
1718280323,20082787,8825690299541523345932060148461,94266,158,180,180,0,True
1718280335,20082788,8825690299541523345932060148461,94266,158,180,180,0,True
1718280347,20082789,8825690299541523345932060148461,94266,158,180,180,0,True
1718280359,20082790,8825690299541523345932060148461,94266,158,180,180,0,True
1718280371,20082791,8825690299541523345932060148461,94266,158,180,180,0,True
1718280383,20082792,8825690299541523345932060148461,94266,158,180,180,0,True
1718280395,20082793,8825690299541523345932060148461,94266,158,180,180,0,True
1718280407,20082794,8825690299541523345932060148461,94266,158,180,180,0,True
1718280419,20082795,8825690299541523345932060148461,94266,158,180,180,0,True
1718280431,20082796,8825690299541523345932060148461,94266,158,180,180,0,True
1718280443,20082797,8825690299541523345932060148461,94266,158,180,180,0,True
1718280455,20082798,8825690299541523345932060148461,94266,158,180,180,0,True
1718280467,20082799,8825690299541523345932060148461,94266,158,180,180,0,True
1718280479,20082800,8825690299541523345932060148461,94266,158,180,180,0,True
1718280491,20082801,8825690299541523345932060148461,94266,158,180,180,0,True
1718280503,20082802,8825690299541523345932060148461,94266,158,180,180,0,True
1718280515,20082803,8825690299541523345932060148461,94266,158,180,180,0,True
1718280527,20082804,8825690299541523345932060148461,94266,158,180,180,0,True
1718280539,20082805,8825690299541523345932060148461,94266,158,180,180,0,True
1718280551,20082806,8825690299541523345932060148461,94266,158,180,180,0,True
1718280563,20082807,8825690299541523345932060148461,94266,158,180,180,0,True
1718280575,20082808,8825690299541523345932060148461,94266,158,180,180,0,True
1718280587,20082809,8825690299541523345932060148461,94266,158,180,180,0,True
1718280599,20082810,8825690299541523345932060148461,94266,158,180,180,0,True
1718280611,20082811,8825690299541523345932060148461,94266,158,180,180,0,True
1718280623,20082812,8825690299541523345932060148461,94266,158,180,180,0,True
1718280635,20082813,8825690299541523345932060148461,94266,158,180,180,0,True
1718280647,20082814,8801183408722190659926521684969,94210,159,180,180,0,True
1718280659,20082815,8801183408722190659926521684969,94210,159,180,180,0,True
1718280671,20082816,8801183408722190659926521684969,94210,159,180,180,0,True
1718280683,20082817,8801183408722190659926521684969,94210,159,180,180,0,True
1718280695,20082818,8801183408722190659926521684969,94210,159,180,180,0,True
1718280707,20082819,8801183408722190659926521684969,94210,159,180,180,0,True
1718280719,20082820,8801183408722190659926521684969,94210,159,180,180,0,True
1718280731,20082821,8801183408722190659926521684969,94210,159,180,180,0,True
1718280743,20082822,8801183408722190659926521684969,94210,159,180,180,0,True
1718280755,20082823,8801183408722190659926521684969,94210,159,180,180,0,True
1718280767,20082824,8801183408722190659926521684969,94210,159,180,180,0,True
1718280779,20082825,8801183408722190659926521684969,94210,159,180,180,0,True
1718280791,20082826,8801183408722190659926521684969,94210,159,180,180,0,True
1718280803,20082827,8801183408722190659926521684969,94210,159,180,180,0,True
1718280815,20082828,8801183408722190659926521684969,94210,159,180,180,0,True
1718280827,20082829,8801183408722190659926521684969,94210,159,180,180,0,True
1718280839,20082830,8801183408722190659926521684969,94210,159,180,180,0,True
1718280851,20082831,8801183408722190659926521684969,94210,159,180,180,0,True
1718280863,20082832,8801183408722190659926521684969,94210,159,180,180,0,True
1718280875,20082833,8801183408722190659926521684969,94210,159,180,180,0,True
1718280887,20082834,8801183408722190659926521684969,94210,159,180,180,0,True
1718280899,20082835,8784810166756395348124002497862,94173,160,180,180,0,True
1718280911,20082836,8784810166756395348124002497862,94173,160,180,180,0,True
1718280923,20082837,8784810166756395348124002497862,94173,160,180,180,0,True
1718280935,20082838,8784810166756395348124002497862,94173,160,180,180,0,True
1718280947,20082839,8784810166756395348124002497862,94173,160,180,180,0,True
1718280959,20082840,8784810166756395348124002497862,94173,160,180,180,0,True
1718280971,20082841,8784810166756395348124002497862,94173,160,180,180,0,True
1718280983,20082842,8784810166756395348124002497862,94173,160,180,180,0,True
1718280995,20082843,8784810166756395348124002497862,94173,160,180,180,0,True
1718281007,20082844,8784810166756395348124002497862,94173,160,180,180,0,True
1718281019,20082845,8784810166756395348124002497862,94173,160,180,180,0,True
1718281031,20082846,8780058049802069177244707428352,94162,161,180,180,0,True
1718281043,20082847,8780058049802069177244707428352,94162,161,180,180,0,True
1718281067,20082848,8780058049802069177244707428352,94162,161,180,180,0,True
1718281079,20082849,8780058049802069177244707428352,94162,161,180,180,0,True
1718281091,20082850,8780058049802069177244707428352,94162,161,180,180,0,True
1718281103,20082851,8780058049802069177244707428352,94162,161,180,180,0,True
1718281115,20082852,8780058049802069177244707428352,94162,161,180,180,0,True
1718281127,20082853,8780058049802069177244707428352,94162,161,180,180,0,True
1718281139,20082854,8780058049802069177244707428352,94162,161,180,180,0,True
1718281151,20082855,8780058049802069177244707428352,94162,161,180,180,0,True
1718281163,20082856,8780058049802069177244707428352,94162,161,180,180,0,True
1718281175,20082857,8780058049802069177244707428352,94162,161,180,180,0,True
1718281187,20082858,8780058049802069177244707428352,94162,161,180,180,0,True
1718281199,20082859,8780058049802069177244707428352,94162,161,180,180,0,True
1718281211,20082860,8789322482974818872309806954476,94183,162,180,180,0,True
1718281223,20082861,8789322482974818872309806954476,94183,162,180,180,0,True
1718281235,20082862,8789322482974818872309806954476,94183,162,180,180,0,True
1718281247,20082863,8789322482974818872309806954476,94183,162,180,180,0,True
1718281259,20082864,8789322482974818872309806954476,94183,162,180,180,0,True
1718281271,20082865,8789322482974818872309806954476,94183,162,180,180,0,True
1718281283,20082866,8789322482974818872309806954476,94183,162,180,180,0,True
1718281295,20082867,8789322482974818872309806954476,94183,162,180,180,0,True
1718281307,20082868,8789322482974818872309806954476,94183,162,180,180,0,True
1718281319,20082869,8789322482974818872309806954476,94183,162,180,180,0,True
1718281331,20082870,8789322482974818872309806954476,94183,162,180,180,0,True
1718281343,20082871,8789322482974818872309806954476,94183,162,180,180,0,True
1718281355,20082872,8789322482974818872309806954476,94183,162,180,180,0,True
1718281367,20082873,8789322482974818872309806954476,94183,162,180,180,0,True
1718281379,20082874,8789322482974818872309806954476,94183,162,180,180,0,True
1718281391,20082875,8789322482974818872309806954476,94183,162,180,180,0,True
1718281403,20082876,8789322482974818872309806954476,94183,162,180,180,0,True
1718281415,20082877,8789322482974818872309806954476,94183,162,180,180,0,True
1718281427,20082878,8789322482974818872309806954476,94183,162,180,180,0,True
1718281439,20082879,8789322482974818872309806954476,94183,162,180,180,0,True
1718281451,20082880,8789322482974818872309806954476,94183,162,180,180,0,True
1718281463,20082881,8789322482974818872309806954476,94183,162,180,180,0,True
1718281475,20082882,8789322482974818872309806954476,94183,162,180,180,0,True
1718281487,20082883,8789322482974818872309806954476,94183,162,180,180,0,True
1718281499,20082884,8789322482974818872309806954476,94183,162,180,180,0,True
1718281511,20082885,8789322482974818872309806954476,94183,162,180,180,0,True
1718281523,20082886,8789322482974818872309806954476,94183,162,180,180,0,True
1718281535,20082887,8789322482974818872309806954476,94183,162,180,180,0,True
1718281547,20082888,8789322482974818872309806954476,94183,162,180,180,0,True
1718281559,20082889,8789322482974818872309806954476,94183,162,180,180,0,True
1718281571,20082890,8789322482974818872309806954476,94183,162,180,180,0,True
1718281583,20082891,8789322482974818872309806954476,94183,162,180,180,0,True
1718281595,20082892,8789322482974818872309806954476,94183,162,180,180,0,True
1718281607,20082893,8789322482974818872309806954476,94183,162,180,180,0,True
1718281619,20082894,8789322482974818872309806954476,94183,162,180,180,0,True
1718281631,20082895,8789322482974818872309806954476,94183,162,180,180,0,True
1718281643,20082896,8789322482974818872309806954476,94183,162,180,180,0,True
1718281655,20082897,8789322482974818872309806954476,94183,162,180,180,0,True
1718281667,20082898,8789322482974818872309806954476,94183,162,180,180,0,True
1718281679,20082899,8789322482974818872309806954476,94183,162,180,180,0,True
1718281691,20082900,8789322482974818872309806954476,94183,162,180,180,0,True
1718281703,20082901,8728625456511465476334735860273,94045,163,180,180,0,True
1718281715,20082902,8728625456511465476334735860273,94045,163,180,180,0,True
1718281727,20082903,8728625456511465476334735860273,94045,163,180,180,0,True
1718281739,20082904,8728625456511465476334735860273,94045,163,180,180,0,True
1718281751,20082905,8728625456511465476334735860273,94045,163,180,180,0,True
1718281763,20082906,8728625456511465476334735860273,94045,163,180,180,0,True
1718281775,20082907,8728625456511465476334735860273,94045,163,180,180,0,True
1718281787,20082908,8728625456511465476334735860273,94045,163,180,180,0,True
1718281799,20082909,8728625456511465476334735860273,94045,163,180,180,0,True
1718281811,20082910,8728625456511465476334735860273,94045,163,180,180,0,True
1718281823,20082911,8728625456511465476334735860273,94045,163,180,180,0,True
1718281835,20082912,8728625456511465476334735860273,94045,163,180,180,0,True
1718281847,20082913,8728625456511465476334735860273,94045,163,180,180,0,True
1718281859,20082914,8728625456511465476334735860273,94045,163,180,180,0,True
1718281871,20082915,8728625456511465476334735860273,94045,163,180,180,0,True
1718281883,20082916,8728625456511465476334735860273,94045,163,180,180,0,True
1718281895,20082917,8728625456511465476334735860273,94045,163,180,180,0,True
1718281907,20082918,8728625456511465476334735860273,94045,163,180,180,0,True
1718281919,20082919,8728625456511465476334735860273,94045,163,180,180,0,True
1718281931,20082920,8728625456511465476334735860273,94045,163,180,180,0,True
1718281943,20082921,8728625456511465476334735860273,94045,163,180,180,0,True
1718281955,20082922,8728625456511465476334735860273,94045,163,180,180,0,True
1718281967,20082923,8728625456511465476334735860273,94045,163,180,180,0,True
1718281979,20082924,8728625456511465476334735860273,94045,163,180,180,0,True
1718281991,20082925,8728625456511465476334735860273,94045,163,180,180,0,True
1718282003,20082926,8728625456511465476334735860273,94045,163,180,180,0,True
1718282015,20082927,8728625456511465476334735860273,94045,163,180,180,0,True
1718282027,20082928,8728625456511465476334735860273,94045,163,180,180,0,True
1718282039,20082929,8728625456511465476334735860273,94045,163,180,180,0,True
1718282051,20082930,8728625456511465476334735860273,94045,163,180,180,0,True
1718282063,20082931,8728625456511465476334735860273,94045,163,180,180,0,True
1718282075,20082932,8728625456511465476334735860273,94045,163,180,180,0,True
1718282087,20082933,8728625456511465476334735860273,94045,163,180,180,0,True
1718282099,20082934,8728625456511465476334735860273,94045,163,180,180,0,True
1718282111,20082935,8728625456511465476334735860273,94045,163,180,180,0,True
1718282123,20082936,8728625456511465476334735860273,94045,163,180,180,0,True
1718282147,20082937,8728625456511465476334735860273,94045,163,180,180,0,True
1718282159,20082938,8728625456511465476334735860273,94045,163,180,180,0,True
1718282171,20082939,8728625456511465476334735860273,94045,163,180,180,0,True
1718282183,20082940,8728625456511465476334735860273,94045,163,180,180,0,True
1718282195,20082941,8728625456511465476334735860273,94045,163,180,180,0,True
1718282207,20082942,8728625456511465476334735860273,94045,163,180,180,0,True
1718282219,20082943,8728625456511465476334735860273,94045,163,180,180,0,True
1718282231,20082944,8728625456511465476334735860273,94045,163,180,180,0,True
1718282243,20082945,8728625456511465476334735860273,94045,163,180,180,0,True
1718282255,20082946,8728625456511465476334735860273,94045,163,180,180,0,True
1718282267,20082947,8728625456511465476334735860273,94045,163,180,180,0,True
1718282279,20082948,8728625456511465476334735860273,94045,163,180,180,0,True
1718282291,20082949,8728625456511465476334735860273,94045,163,180,180,0,True
1718282303,20082950,8728625456511465476334735860273,94045,163,180,180,0,True
1718282315,20082951,8728625456511465476334735860273,94045,163,180,180,0,True
1718282327,20082952,8728625456511465476334735860273,94045,163,180,180,0,True
1718282339,20082953,8728625456511465476334735860273,94045,163,180,180,0,True
1718282351,20082954,8728625456511465476334735860273,94045,163,180,180,0,True
1718282363,20082955,8728625456511465476334735860273,94045,163,180,180,0,True
1718282375,20082956,8728625456511465476334735860273,94045,163,180,180,0,True
1718282387,20082957,8728625456511465476334735860273,94045,163,180,180,0,True
1718282399,20082958,8728625456511465476334735860273,94045,163,180,180,0,True
1718282411,20082959,8680057815576277313225039305111,93933,164,180,180,0,True
1718282423,20082960,8739836990382705194496577218880,94071,165,180,180,0,True
1718282435,20082961,8739836990382705194496577218880,94071,165,180,180,0,True
1718282447,20082962,8739836990382705194496577218880,94071,165,180,180,0,True
1718282459,20082963,8739836990382705194496577218880,94071,165,180,180,0,True
1718282471,20082964,8739836990382705194496577218880,94071,165,180,180,0,True
1718282483,20082965,8739836990382705194496577218880,94071,165,180,180,0,True
1718282495,20082966,8739836990382705194496577218880,94071,165,180,180,0,True
1718282507,20082967,8739836990382705194496577218880,94071,165,180,180,0,True
1718282519,20082968,8739836990382705194496577218880,94071,165,180,180,0,True
1718282531,20082969,8739836990382705194496577218880,94071,165,180,180,0,True
1718282543,20082970,8739836990382705194496577218880,94071,165,180,180,0,True
1718282555,20082971,8739836990382705194496577218880,94071,165,180,180,0,True
1718282567,20082972,8739836990382705194496577218880,94071,165,180,180,0,True
1718282579,20082973,8739836990382705194496577218880,94071,165,180,180,0,True
1718282591,20082974,8739836990382705194496577218880,94071,165,180,180,0,True
1718282603,20082975,8739836990382705194496577218880,94071,165,180,180,0,True
1718282615,20082976,8739836990382705194496577218880,94071,165,180,180,0,True
1718282627,20082977,8739836990382705194496577218880,94071,165,180,180,0,True
1718282639,20082978,8739836990382705194496577218880,94071,165,180,180,0,True
1718282651,20082979,8739836990382705194496577218880,94071,165,180,180,0,True
1718282663,20082980,8739836990382705194496577218880,94071,165,180,180,0,True
1718282675,20082981,8739836990382705194496577218880,94071,165,180,180,0,True
1718282687,20082982,8739836990382705194496577218880,94071,165,180,180,0,True
1718282699,20082983,8739836990382705194496577218880,94071,165,180,180,0,True
1718282711,20082984,8739836990382705194496577218880,94071,165,180,180,0,True
1718282723,20082985,8739836990382705194496577218880,94071,165,180,180,0,True
1718282735,20082986,8739836990382705194496577218880,94071,165,180,180,0,True
1718282747,20082987,8739836990382705194496577218880,94071,165,180,180,0,True
1718282759,20082988,8739836990382705194496577218880,94071,165,180,180,0,True
1718282771,20082989,8739836990382705194496577218880,94071,165,180,180,0,True
1718282783,20082990,8739836990382705194496577218880,94071,165,180,180,0,True
1718282795,20082991,8739836990382705194496577218880,94071,165,180,180,0,True
1718282807,20082992,8739836990382705194496577218880,94071,165,180,180,0,True
1718282819,20082993,8739836990382705194496577218880,94071,165,180,180,0,True
1718282831,20082994,8739836990382705194496577218880,94071,165,180,180,0,True
1718282843,20082995,8739836990382705194496577218880,94071,165,180,180,0,True
1718282855,20082996,8739836990382705194496577218880,94071,165,180,180,0,True
1718282867,20082997,8739836990382705194496577218880,94071,165,180,180,0,True
1718282879,20082998,8739836990382705194496577218880,94071,165,180,180,0,True
1718282891,20082999,8739836990382705194496577218880,94071,165,180,180,0,True
1718282903,20083000,8739836990382705194496577218880,94071,165,180,180,0,True
1718282915,20083001,8739836990382705194496577218880,94071,165,180,180,0,True
1718282927,20083002,8739836990382705194496577218880,94071,165,180,180,0,True
1718282939,20083003,8739836990382705194496577218880,94071,165,180,180,0,True
1718282951,20083004,8739836990382705194496577218880,94071,165,180,180,0,True
1718282963,20083005,8739836990382705194496577218880,94071,165,180,180,0,True
1718282975,20083006,8739836990382705194496577218880,94071,165,180,180,0,True
1718282987,20083007,8739836990382705194496577218880,94071,165,180,180,0,True
1718282999,20083008,8739836990382705194496577218880,94071,165,180,180,0,True
1718283011,20083009,8739836990382705194496577218880,94071,165,180,180,0,True
1718283023,20083010,8739836990382705194496577218880,94071,165,180,180,0,True
1718283035,20083011,8739836990382705194496577218880,94071,165,180,180,0,True
1718283047,20083012,8739836990382705194496577218880,94071,165,180,180,0,True
1718283059,20083013,8739836990382705194496577218880,94071,165,180,180,0,True
1718283071,20083014,8739836990382705194496577218880,94071,165,180,180,0,True
1718283083,20083015,8739836990382705194496577218880,94071,165,180,180,0,True
1718283095,20083016,8739836990382705194496577218880,94071,165,180,180,0,True
1718283107,20083017,8739836990382705194496577218880,94071,165,180,180,0,True
1718283119,20083018,8739836990382705194496577218880,94071,165,180,180,0,True
1718283131,20083019,8739836990382705194496577218880,94071,165,180,180,0,True
1718283143,20083020,8739836990382705194496577218880,94071,165,180,180,0,True
1718283155,20083021,8739836990382705194496577218880,94071,165,180,180,0,True
1718283167,20083022,8739836990382705194496577218880,94071,165,180,180,0,True
1718283179,20083023,8739836990382705194496577218880,94071,165,180,180,0,True
1718283191,20083024,8739836990382705194496577218880,94071,165,180,180,0,True
1718283203,20083025,8739836990382705194496577218880,94071,165,180,180,0,True
1718283215,20083026,8739836990382705194496577218880,94071,165,180,180,0,True
1718283227,20083027,8739836990382705194496577218880,94071,165,180,180,0,True
1718283239,20083028,8739836990382705194496577218880,94071,165,180,180,0,True
1718283251,20083029,8739836990382705194496577218880,94071,165,180,180,0,True
1718283263,20083030,8739836990382705194496577218880,94071,165,180,180,0,True
1718283275,20083031,8739836990382705194496577218880,94071,165,180,180,0,True
1718283287,20083032,8739836990382705194496577218880,94071,165,180,180,0,True
1718283299,20083033,8739836990382705194496577218880,94071,165,180,180,0,True
1718283311,20083034,8739836990382705194496577218880,94071,165,180,180,0,True
1718283323,20083035,8739836990382705194496577218880,94071,165,180,180,0,True
1718283335,20083036,8739836990382705194496577218880,94071,165,180,180,0,True
1718283347,20083037,8739836990382705194496577218880,94071,165,180,180,0,True
1718283359,20083038,8739836990382705194496577218880,94071,165,180,180,0,True
1718283371,20083039,8739836990382705194496577218880,94071,165,180,180,0,True
1718283383,20083040,8739836990382705194496577218880,94071,165,180,180,0,True
1718283395,20083041,8739836990382705194496577218880,94071,165,180,180,0,True
1718283407,20083042,8739836990382705194496577218880,94071,165,180,180,0,True
1718283419,20083043,8739836990382705194496577218880,94071,165,180,180,0,True
1718283431,20083044,8739836990382705194496577218880,94071,165,180,180,0,True
1718283443,20083045,8739836990382705194496577218880,94071,165,180,180,0,True
1718283455,20083046,8739836990382705194496577218880,94071,165,180,180,0,True
1718283467,20083047,8739836990382705194496577218880,94071,165,180,180,0,True
1718283479,20083048,8739836990382705194496577218880,94071,165,180,180,0,True
1718283491,20083049,8739836990382705194496577218880,94071,165,180,180,0,True
1718283503,20083050,8739836990382705194496577218880,94071,165,180,180,0,True
1718283515,20083051,8739836990382705194496577218880,94071,165,180,180,0,True
1718283527,20083052,8739836990382705194496577218880,94071,165,180,180,0,True
1718283539,20083053,8739836990382705194496577218880,94071,165,180,180,0,True
1718283551,20083054,8739836990382705194496577218880,94071,165,180,180,0,True
1718283563,20083055,8739836990382705194496577218880,94071,165,180,180,0,True
1718283575,20083056,8739836990382705194496577218880,94071,165,180,180,0,True
1718283587,20083057,8739836990382705194496577218880,94071,165,180,180,0,True
1718283599,20083058,8739836990382705194496577218880,94071,165,180,180,0,True
1718283611,20083059,8739836990382705194496577218880,94071,165,180,180,0,True
1718283623,20083060,8739836990382705194496577218880,94071,165,180,180,0,True
1718283635,20083061,8739836990382705194496577218880,94071,165,180,180,0,True
1718283647,20083062,8739836990382705194496577218880,94071,165,180,180,0,True
1718283659,20083063,8739836990382705194496577218880,94071,165,180,180,0,True
1718283671,20083064,8739836990382705194496577218880,94071,165,180,180,0,True
1718283683,20083065,8739836990382705194496577218880,94071,165,180,180,0,True
1718283695,20083066,8739836990382705194496577218880,94071,165,180,180,0,True
1718283707,20083067,8739836990382705194496577218880,94071,165,180,180,0,True
1718283719,20083068,8739836990382705194496577218880,94071,165,180,180,0,True
1718283731,20083069,8739836990382705194496577218880,94071,165,180,180,0,True
1718283743,20083070,8739836990382705194496577218880,94071,165,180,180,0,True
1718283755,20083071,8739836990382705194496577218880,94071,165,180,180,0,True
1718283767,20083072,8739836990382705194496577218880,94071,165,180,180,0,True
1718283779,20083073,8739836990382705194496577218880,94071,165,180,180,0,True
1718283791,20083074,8739836990382705194496577218880,94071,165,180,180,0,True
1718283803,20083075,8739836990382705194496577218880,94071,165,180,180,0,True
1718283815,20083076,8739836990382705194496577218880,94071,165,180,180,0,True
1718283827,20083077,8739836990382705194496577218880,94071,165,180,180,0,True
1718283839,20083078,8739836990382705194496577218880,94071,165,180,180,0,True
1718283851,20083079,8739836990382705194496577218880,94071,165,180,180,0,True
1718283863,20083080,8800727809572045376767245712155,94209,166,180,180,0,True
1718283875,20083081,8800727809572045376767245712155,94209,166,180,180,0,True
1718283887,20083082,8800727809572045376767245712155,94209,166,180,180,0,True
1718283899,20083083,8800727809572045376767245712155,94209,166,180,180,0,True
1718283911,20083084,8800727809572045376767245712155,94209,166,180,180,0,True
1718283923,20083085,8800727809572045376767245712155,94209,166,180,180,0,True
1718283935,20083086,8800727809572045376767245712155,94209,166,180,180,0,True
1718283947,20083087,8800727809572045376767245712155,94209,166,180,180,0,True
1718283959,20083088,8800727809572045376767245712155,94209,166,180,180,0,True
1718283971,20083089,8800727809572045376767245712155,94209,166,180,180,0,True
1718283983,20083090,8800727809572045376767245712155,94209,166,180,180,0,True
1718283995,20083091,8800727809572045376767245712155,94209,166,180,180,0,True
1718284007,20083092,8800727809572045376767245712155,94209,166,180,180,0,True
1718284019,20083093,8800727809572045376767245712155,94209,166,180,180,0,True
1718284031,20083094,8800727809572045376767245712155,94209,166,180,180,0,True
1718284043,20083095,8800727809572045376767245712155,94209,166,180,180,0,True
1718284055,20083096,8800727809572045376767245712155,94209,166,180,180,0,True
1718284067,20083097,8800727809572045376767245712155,94209,166,180,180,0,True
1718284079,20083098,8800727809572045376767245712155,94209,166,180,180,0,True
1718284091,20083099,8800727809572045376767245712155,94209,166,180,180,0,True
1718284103,20083100,8800727809572045376767245712155,94209,166,180,180,0,True
1718284115,20083101,8800727809572045376767245712155,94209,166,180,180,0,True
1718284127,20083102,8800727809572045376767245712155,94209,166,180,180,0,True
1718284139,20083103,8800727809572045376767245712155,94209,166,180,180,0,True
1718284151,20083104,8800727809572045376767245712155,94209,166,180,180,0,True
1718284163,20083105,8800727809572045376767245712155,94209,166,180,180,0,True
1718284175,20083106,8800727809572045376767245712155,94209,166,180,180,0,True
1718284187,20083107,8800727809572045376767245712155,94209,166,180,180,0,True
1718284199,20083108,8800727809572045376767245712155,94209,166,180,180,0,True
1718284211,20083109,8800727809572045376767245712155,94209,166,180,180,0,True
1718284223,20083110,8800727809572045376767245712155,94209,166,180,180,0,True
1718284235,20083111,8800727809572045376767245712155,94209,166,180,180,0,True
1718284247,20083112,8800727809572045376767245712155,94209,166,180,180,0,True
1718284259,20083113,8800727809572045376767245712155,94209,166,180,180,0,True
1718284271,20083114,8800727809572045376767245712155,94209,166,180,180,0,True
1718284283,20083115,8800727809572045376767245712155,94209,166,180,180,0,True
1718284295,20083116,8800727809572045376767245712155,94209,166,180,180,0,True
1718284307,20083117,8800727809572045376767245712155,94209,166,180,180,0,True
1718284319,20083118,8800727809572045376767245712155,94209,166,180,180,0,True
1718284331,20083119,8800727809572045376767245712155,94209,166,180,180,0,True
1718284343,20083120,8800727809572045376767245712155,94209,166,180,180,0,True
1718284355,20083121,8800727809572045376767245712155,94209,166,180,180,0,True
1718284367,20083122,8800727809572045376767245712155,94209,166,180,180,0,True
1718284379,20083123,8800727809572045376767245712155,94209,166,180,180,0,True
1718284391,20083124,8800727809572045376767245712155,94209,166,180,180,0,True
1718284403,20083125,8800727809572045376767245712155,94209,166,180,180,0,True
1718284415,20083126,8800727809572045376767245712155,94209,166,180,180,0,True
1718284427,20083127,8800727809572045376767245712155,94209,166,180,180,0,True
1718284439,20083128,8800727809572045376767245712155,94209,166,180,180,0,True
1718284451,20083129,8800727809572045376767245712155,94209,166,180,180,0,True
1718284463,20083130,8800727809572045376767245712155,94209,166,180,180,0,True
1718284475,20083131,8800727809572045376767245712155,94209,166,180,180,0,True
1718284487,20083132,8800727809572045376767245712155,94209,166,180,180,0,True
1718284499,20083133,8800727809572045376767245712155,94209,166,180,180,0,True
1718284511,20083134,8800727809572045376767245712155,94209,166,180,180,0,True
1718284523,20083135,8800727809572045376767245712155,94209,166,180,180,0,True
1718284535,20083136,8800727809572045376767245712155,94209,166,180,180,0,True
1718284547,20083137,8800727809572045376767245712155,94209,166,180,180,0,True
1718284559,20083138,8911135124621282498284942617826,94459,167,180,180,0,True
1718284571,20083139,8881177107090466873229866362908,94391,168,180,180,0,True
1718284583,20083140,8881177107090466873229866362908,94391,168,180,180,0,True
1718284595,20083141,8881177107090466873229866362908,94391,168,180,180,0,True
1718284607,20083142,8881177107090466873229866362908,94391,168,180,180,0,True
1718284619,20083143,8881177107090466873229866362908,94391,168,180,180,0,True
1718284631,20083144,8881177107090466873229866362908,94391,168,180,180,0,True
1718284643,20083145,8881177107090466873229866362908,94391,168,180,180,0,True
1718284655,20083146,8881177107090466873229866362908,94391,168,180,180,0,True
1718284667,20083147,8881177107090466873229866362908,94391,168,180,180,0,True
1718284679,20083148,8881177107090466873229866362908,94391,168,180,180,0,True
1718284691,20083149,8881177107090466873229866362908,94391,168,180,180,0,True
1718284703,20083150,8881177107090466873229866362908,94391,168,180,180,0,True
1718284715,20083151,8881177107090466873229866362908,94391,168,180,180,0,True
1718284727,20083152,8881177107090466873229866362908,94391,168,180,180,0,True
1718284739,20083153,8881177107090466873229866362908,94391,168,180,180,0,True
1718284751,20083154,8881177107090466873229866362908,94391,168,180,180,0,True
1718284763,20083155,8881177107090466873229866362908,94391,168,180,180,0,True
1718284775,20083156,8881177107090466873229866362908,94391,168,180,180,0,True
1718284787,20083157,8881177107090466873229866362908,94391,168,180,180,0,True
1718284799,20083158,8881177107090466873229866362908,94391,168,180,180,0,True
1718284811,20083159,8881177107090466873229866362908,94391,168,180,180,0,True
1718284823,20083160,8881177107090466873229866362908,94391,168,180,180,0,True
1718284835,20083161,8881177107090466873229866362908,94391,168,180,180,0,True
1718284847,20083162,8768218620608326930397263277091,94135,169,180,180,0,True
1718284859,20083163,8837734801188445414436498426546,94293,170,180,180,0,True
1718284871,20083164,8837734801188445414436498426546,94293,170,180,180,0,True
1718284883,20083165,8837734801188445414436498426546,94293,170,180,180,0,True
1718284895,20083166,8837734801188445414436498426546,94293,170,180,180,0,True
1718284907,20083167,8837734801188445414436498426546,94293,170,180,180,0,True
1718284919,20083168,8837734801188445414436498426546,94293,170,180,180,0,True
1718284931,20083169,8837734801188445414436498426546,94293,170,180,180,0,True
1718284943,20083170,8837734801188445414436498426546,94293,170,180,180,0,True
1718284955,20083171,8837734801188445414436498426546,94293,170,180,180,0,True
1718284967,20083172,8837734801188445414436498426546,94293,170,180,180,0,True
1718284979,20083173,8837734801188445414436498426546,94293,170,180,180,0,True
1718284991,20083174,8837734801188445414436498426546,94293,170,180,180,0,True
1718285003,20083175,8837734801188445414436498426546,94293,170,180,180,0,True
1718285015,20083176,8837734801188445414436498426546,94293,170,180,180,0,True
1718285027,20083177,8837734801188445414436498426546,94293,170,180,180,0,True
1718285039,20083178,8837734801188445414436498426546,94293,170,180,180,0,True
1718285051,20083179,8837734801188445414436498426546,94293,170,180,180,0,True
1718285063,20083180,8837734801188445414436498426546,94293,170,180,180,0,True
1718285075,20083181,8837734801188445414436498426546,94293,170,180,180,0,True
1718285087,20083182,8837734801188445414436498426546,94293,170,180,180,0,True
1718285099,20083183,8837734801188445414436498426546,94293,170,180,180,0,True
1718285111,20083184,8837734801188445414436498426546,94293,170,180,180,0,True
1718285123,20083185,8837734801188445414436498426546,94293,170,180,180,0,True
1718285135,20083186,8837734801188445414436498426546,94293,170,180,180,0,True
1718285147,20083187,8837734801188445414436498426546,94293,170,180,180,0,True
1718285159,20083188,8837734801188445414436498426546,94293,170,180,180,0,True
1718285171,20083189,8837734801188445414436498426546,94293,170,180,180,0,True
1718285183,20083190,8837734801188445414436498426546,94293,170,180,180,0,True
1718285195,20083191,8837734801188445414436498426546,94293,170,180,180,0,True
1718285207,20083192,8837734801188445414436498426546,94293,170,180,180,0,True
1718285219,20083193,8837734801188445414436498426546,94293,170,180,180,0,True
1718285231,20083194,8837734801188445414436498426546,94293,170,180,180,0,True
1718285243,20083195,8837734801188445414436498426546,94293,170,180,180,0,True
1718285255,20083196,8837734801188445414436498426546,94293,170,180,180,0,True
1718285267,20083197,8837734801188445414436498426546,94293,170,180,180,0,True
1718285279,20083198,8837734801188445414436498426546,94293,170,180,180,0,True
1718285291,20083199,8837734801188445414436498426546,94293,170,180,180,0,True
1718285303,20083200,8837734801188445414436498426546,94293,170,180,180,0,True
1718285315,20083201,8837734801188445414436498426546,94293,170,180,180,0,True
1718285327,20083202,8837734801188445414436498426546,94293,170,180,180,0,True
1718285339,20083203,8837734801188445414436498426546,94293,170,180,180,0,True
1718285351,20083204,8837734801188445414436498426546,94293,170,180,180,0,True
1718285363,20083205,8837734801188445414436498426546,94293,170,180,180,0,True
1718285375,20083206,8837734801188445414436498426546,94293,170,180,180,0,True
1718285387,20083207,8837734801188445414436498426546,94293,170,180,180,0,True
1718285399,20083208,8837734801188445414436498426546,94293,170,180,180,0,True
1718285411,20083209,8837734801188445414436498426546,94293,170,180,180,0,True
1718285423,20083210,8837734801188445414436498426546,94293,170,180,180,0,True
1718285435,20083211,8837734801188445414436498426546,94293,170,180,180,0,True
1718285447,20083212,8837734801188445414436498426546,94293,170,180,180,0,True
1718285459,20083213,8837734801188445414436498426546,94293,170,180,180,0,True
1718285471,20083214,8837734801188445414436498426546,94293,170,180,180,0,True
1718285483,20083215,8837734801188445414436498426546,94293,170,180,180,0,True
1718285495,20083216,8837734801188445414436498426546,94293,170,180,180,0,True
1718285507,20083217,8837734801188445414436498426546,94293,170,180,180,0,True
1718285519,20083218,8837734801188445414436498426546,94293,170,180,180,0,True
1718285531,20083219,8837734801188445414436498426546,94293,170,180,180,0,True
1718285543,20083220,8837734801188445414436498426546,94293,170,180,180,0,True
1718285555,20083221,8837734801188445414436498426546,94293,170,180,180,0,True
1718285567,20083222,8837734801188445414436498426546,94293,170,180,180,0,True
1718285579,20083223,8837734801188445414436498426546,94293,170,180,180,0,True
1718285591,20083224,8837734801188445414436498426546,94293,170,180,180,0,True
1718285603,20083225,8837734801188445414436498426546,94293,170,180,180,0,True
1718285615,20083226,8837734801188445414436498426546,94293,170,180,180,0,True
1718285627,20083227,8837734801188445414436498426546,94293,170,180,180,0,True
1718285639,20083228,8837734801188445414436498426546,94293,170,180,180,0,True
1718285651,20083229,8837734801188445414436498426546,94293,170,180,180,0,True
1718285663,20083230,8837734801188445414436498426546,94293,170,180,180,0,True
1718285675,20083231,8837734801188445414436498426546,94293,170,180,180,0,True
1718285687,20083232,8837734801188445414436498426546,94293,170,180,180,0,True
1718285699,20083233,8837734801188445414436498426546,94293,170,180,180,0,True
1718285711,20083234,8837734801188445414436498426546,94293,170,180,180,0,True
1718285723,20083235,8837734801188445414436498426546,94293,170,180,180,0,True
1718285735,20083236,8837734801188445414436498426546,94293,170,180,180,0,True
1718285747,20083237,8837734801188445414436498426546,94293,170,180,180,0,True
1718285759,20083238,8837734801188445414436498426546,94293,170,180,180,0,True
1718285771,20083239,8837734801188445414436498426546,94293,170,180,180,0,True
1718285783,20083240,8837734801188445414436498426546,94293,170,180,180,0,True
1718285795,20083241,8837734801188445414436498426546,94293,170,180,180,0,True
1718285807,20083242,8837734801188445414436498426546,94293,170,180,180,0,True
1718285819,20083243,8837734801188445414436498426546,94293,170,180,180,0,True
1718285831,20083244,8837734801188445414436498426546,94293,170,180,180,0,True
1718285843,20083245,8837734801188445414436498426546,94293,170,180,180,0,True
1718285855,20083246,8837734801188445414436498426546,94293,170,180,180,0,True
1718285867,20083247,8837734801188445414436498426546,94293,170,180,180,0,True
1718285879,20083248,8837734801188445414436498426546,94293,170,180,180,0,True
1718285891,20083249,8837734801188445414436498426546,94293,170,180,180,0,True
1718285903,20083250,8837734801188445414436498426546,94293,170,180,180,0,True
1718285915,20083251,8837734801188445414436498426546,94293,170,180,180,0,True
1718285927,20083252,8837734801188445414436498426546,94293,170,180,180,0,True
1718285939,20083253,8837734801188445414436498426546,94293,170,180,180,0,True
1718285951,20083254,8837734801188445414436498426546,94293,170,180,180,0,True
1718285963,20083255,8837734801188445414436498426546,94293,170,180,180,0,True
1718285975,20083256,8837734801188445414436498426546,94293,170,180,180,0,True
1718285987,20083257,8837734801188445414436498426546,94293,170,180,180,0,True
1718285999,20083258,8837734801188445414436498426546,94293,170,180,180,0,True
1718286011,20083259,8834675814402225325449557802028,94286,171,180,180,0,True
1718286023,20083260,8834675814402225325449557802028,94286,171,180,180,0,True
1718286035,20083261,8834675814402225325449557802028,94286,171,180,180,0,True
1718286047,20083262,8834675814402225325449557802028,94286,171,180,180,0,True
1718286071,20083263,8834675814402225325449557802028,94286,171,180,180,0,True
1718286083,20083264,8834675814402225325449557802028,94286,171,180,180,0,True
1718286095,20083265,8834675814402225325449557802028,94286,171,180,180,0,True
1718286107,20083266,8834675814402225325449557802028,94286,171,180,180,0,True
1718286119,20083267,8834675814402225325449557802028,94286,171,180,180,0,True
1718286131,20083268,8834675814402225325449557802028,94286,171,180,180,0,True
1718286143,20083269,8834675814402225325449557802028,94286,171,180,180,0,True
1718286155,20083270,8834675814402225325449557802028,94286,171,180,180,0,True
1718286167,20083271,8834675814402225325449557802028,94286,171,180,180,0,True
1718286179,20083272,8834675814402225325449557802028,94286,171,180,180,0,True
1718286191,20083273,8834675814402225325449557802028,94286,171,180,180,0,True
1718286203,20083274,8834675814402225325449557802028,94286,171,180,180,0,True
1718286215,20083275,8834675814402225325449557802028,94286,171,180,180,0,True
1718286227,20083276,8834675814402225325449557802028,94286,171,180,180,0,True
1718286239,20083277,8834675814402225325449557802028,94286,171,180,180,0,True
1718286251,20083278,8834675814402225325449557802028,94286,171,180,180,0,True
1718286263,20083279,8834675814402225325449557802028,94286,171,180,180,0,True
1718286275,20083280,8834675814402225325449557802028,94286,171,180,180,0,True
1718286287,20083281,8834675814402225325449557802028,94286,171,180,180,0,True
1718286299,20083282,8834675814402225325449557802028,94286,171,180,180,0,True
1718286311,20083283,8834675814402225325449557802028,94286,171,180,180,0,True
1718286323,20083284,8834675814402225325449557802028,94286,171,180,180,0,True
1718286335,20083285,8834675814402225325449557802028,94286,171,180,180,0,True
1718286347,20083286,8834675814402225325449557802028,94286,171,180,180,0,True
1718286359,20083287,8834675814402225325449557802028,94286,171,180,180,0,True
1718286371,20083288,8834675814402225325449557802028,94286,171,180,180,0,True
1718286383,20083289,8834675814402225325449557802028,94286,171,180,180,0,True
1718286395,20083290,8834675814402225325449557802028,94286,171,180,180,0,True
1718286407,20083291,8834675814402225325449557802028,94286,171,180,180,0,True
1718286419,20083292,8834675814402225325449557802028,94286,171,180,180,0,True
1718286431,20083293,8834675814402225325449557802028,94286,171,180,180,0,True
1718286443,20083294,8834675814402225325449557802028,94286,171,180,180,0,True
1718286455,20083295,8834675814402225325449557802028,94286,171,180,180,0,True
1718286467,20083296,8834675814402225325449557802028,94286,171,180,180,0,True
1718286479,20083297,8834675814402225325449557802028,94286,171,180,180,0,True
1718286491,20083298,8834675814402225325449557802028,94286,171,180,180,0,True
1718286503,20083299,8834675814402225325449557802028,94286,171,180,180,0,True
1718286515,20083300,8834675814402225325449557802028,94286,171,180,180,0,True
1718286527,20083301,8834675814402225325449557802028,94286,171,180,180,0,True
1718286539,20083302,8834675814402225325449557802028,94286,171,180,180,0,True
1718286551,20083303,8834675814402225325449557802028,94286,171,180,180,0,True
1718286563,20083304,8834675814402225325449557802028,94286,171,180,180,0,True
1718286575,20083305,8834675814402225325449557802028,94286,171,180,180,0,True
1718286587,20083306,8834675814402225325449557802028,94286,171,180,180,0,True
1718286599,20083307,8834675814402225325449557802028,94286,171,180,180,0,True
1718286611,20083308,8834675814402225325449557802028,94286,171,180,180,0,True
1718286623,20083309,8834675814402225325449557802028,94286,171,180,180,0,True
1718286635,20083310,8834675814402225325449557802028,94286,171,180,180,0,True
1718286647,20083311,8834675814402225325449557802028,94286,171,180,180,0,True
1718286659,20083312,8834675814402225325449557802028,94286,171,180,180,0,True
1718286671,20083313,8834675814402225325449557802028,94286,171,180,180,0,True
1718286683,20083314,8834675814402225325449557802028,94286,171,180,180,0,True
1718286695,20083315,8834675814402225325449557802028,94286,171,180,180,0,True
1718286707,20083316,8834675814402225325449557802028,94286,171,180,180,0,True
1718286719,20083317,8834675814402225325449557802028,94286,171,180,180,0,True
1718286731,20083318,8834675814402225325449557802028,94286,171,180,180,0,True
1718286743,20083319,8834675814402225325449557802028,94286,171,180,180,0,True
1718286755,20083320,8834675814402225325449557802028,94286,171,180,180,0,True
1718286767,20083321,8834675814402225325449557802028,94286,171,180,180,0,True
1718286779,20083322,8834675814402225325449557802028,94286,171,180,180,0,True
1718286791,20083323,8834675814402225325449557802028,94286,171,180,180,0,True
1718286803,20083324,8834675814402225325449557802028,94286,171,180,180,0,True
1718286815,20083325,8834675814402225325449557802028,94286,171,180,180,0,True
1718286827,20083326,8834675814402225325449557802028,94286,171,180,180,0,True
1718286839,20083327,8834675814402225325449557802028,94286,171,180,180,0,True
1718286851,20083328,8834675814402225325449557802028,94286,171,180,180,0,True
1718286863,20083329,8834675814402225325449557802028,94286,171,180,180,0,True
1718286875,20083330,8834675814402225325449557802028,94286,171,180,180,0,True
1718286887,20083331,8834675814402225325449557802028,94286,171,180,180,0,True
1718286899,20083332,8834675814402225325449557802028,94286,171,180,180,0,True
1718286911,20083333,8834675814402225325449557802028,94286,171,180,180,0,True
1718286923,20083334,8834675814402225325449557802028,94286,171,180,180,0,True
1718286947,20083335,8834675814402225325449557802028,94286,171,180,180,0,True
1718286959,20083336,8834675814402225325449557802028,94286,171,180,180,0,True
1718286971,20083337,8834675814402225325449557802028,94286,171,180,180,0,True
1718286983,20083338,8834675814402225325449557802028,94286,171,180,180,0,True
1718286995,20083339,8834675814402225325449557802028,94286,171,180,180,0,True
1718287007,20083340,8834675814402225325449557802028,94286,171,180,180,0,True
1718287019,20083341,8834675814402225325449557802028,94286,171,180,180,0,True
1718287031,20083342,8834675814402225325449557802028,94286,171,180,180,0,True
1718287043,20083343,8834675814402225325449557802028,94286,171,180,180,0,True
1718287055,20083344,8834675814402225325449557802028,94286,171,180,180,0,True
1718287067,20083345,8834675814402225325449557802028,94286,171,180,180,0,True
1718287079,20083346,8834675814402225325449557802028,94286,171,180,180,0,True
1718287091,20083347,8834675814402225325449557802028,94286,171,180,180,0,True
1718287103,20083348,8834675814402225325449557802028,94286,171,180,180,0,True
1718287115,20083349,8834675814402225325449557802028,94286,171,180,180,0,True
1718287127,20083350,8834675814402225325449557802028,94286,171,180,180,0,True
1718287139,20083351,8834675814402225325449557802028,94286,171,180,180,0,True
1718287151,20083352,8834675814402225325449557802028,94286,171,180,180,0,True
1718287163,20083353,8834675814402225325449557802028,94286,171,180,180,0,True
1718287175,20083354,8834675814402225325449557802028,94286,171,180,180,0,True
1718287187,20083355,8834675814402225325449557802028,94286,171,180,180,0,True
1718287199,20083356,8834675814402225325449557802028,94286,171,180,180,0,True
1718287211,20083357,8834675814402225325449557802028,94286,171,180,180,0,True
1718287223,20083358,8834675814402225325449557802028,94286,171,180,180,0,True
1718287235,20083359,8834675814402225325449557802028,94286,171,180,180,0,True
1718287247,20083360,8834675814402225325449557802028,94286,171,180,180,0,True
1718287259,20083361,8834675814402225325449557802028,94286,171,180,180,0,True
1718287271,20083362,8834675814402225325449557802028,94286,171,180,180,0,True
1718287283,20083363,8834675814402225325449557802028,94286,171,180,180,0,True
1718287295,20083364,8834675814402225325449557802028,94286,171,180,180,0,True
1718287307,20083365,8834675814402225325449557802028,94286,171,180,180,0,True
1718287319,20083366,8834675814402225325449557802028,94286,171,180,180,0,True
1718287331,20083367,8834675814402225325449557802028,94286,171,180,180,0,True
1718287343,20083368,8834675814402225325449557802028,94286,171,180,180,0,True
1718287355,20083369,8834675814402225325449557802028,94286,171,180,180,0,True
1718287367,20083370,8834675814402225325449557802028,94286,171,180,180,0,True
1718287379,20083371,8834675814402225325449557802028,94286,171,180,180,0,True
1718287391,20083372,8834675814402225325449557802028,94286,171,180,180,0,True
1718287403,20083373,8834675814402225325449557802028,94286,171,180,180,0,True
1718287415,20083374,8834675814402225325449557802028,94286,171,180,180,0,True
1718287427,20083375,8834675814402225325449557802028,94286,171,180,180,0,True
1718287439,20083376,8834675814402225325449557802028,94286,171,180,180,0,True
1718287451,20083377,8834675814402225325449557802028,94286,171,180,180,0,True
1718287463,20083378,8834675814402225325449557802028,94286,171,180,180,0,True
1718287475,20083379,8834675814402225325449557802028,94286,171,180,180,0,True
1718287487,20083380,8834675814402225325449557802028,94286,171,180,180,0,True
1718287499,20083381,8834675814402225325449557802028,94286,171,180,180,0,True
1718287511,20083382,8834675814402225325449557802028,94286,171,180,180,0,True
1718287523,20083383,8834675814402225325449557802028,94286,171,180,180,0,True
1718287535,20083384,8834675814402225325449557802028,94286,171,180,180,0,True
1718287547,20083385,8834675814402225325449557802028,94286,171,180,180,0,True
1718287559,20083386,8834675814402225325449557802028,94286,171,180,180,0,True
1718287571,20083387,8834675814402225325449557802028,94286,171,180,180,0,True
1718287583,20083388,8834675814402225325449557802028,94286,171,180,180,0,True
1718287595,20083389,8834675814402225325449557802028,94286,171,180,180,0,True
1718287607,20083390,8834675814402225325449557802028,94286,171,180,180,0,True
1718287619,20083391,8834675814402225325449557802028,94286,171,180,180,0,True
1718287631,20083392,8721559562679097178025440540740,94029,172,180,180,0,True
1718287643,20083393,8790872089047755032967375189809,94187,173,180,180,0,True
1718287655,20083394,8790872089047755032967375189809,94187,173,180,180,0,True
1718287667,20083395,8790872089047755032967375189809,94187,173,180,180,0,True
1718287679,20083396,8790872089047755032967375189809,94187,173,180,180,0,True
1718287691,20083397,8790872089047755032967375189809,94187,173,180,180,0,True
1718287703,20083398,8790872089047755032967375189809,94187,173,180,180,0,True
1718287715,20083399,8790872089047755032967375189809,94187,173,180,180,0,True
1718287727,20083400,8790872089047755032967375189809,94187,173,180,180,0,True
1718287739,20083401,8790872089047755032967375189809,94187,173,180,180,0,True
1718287751,20083402,8790872089047755032967375189809,94187,173,180,180,0,True
1718287763,20083403,8790872089047755032967375189809,94187,173,180,180,0,True
1718287775,20083404,8790872089047755032967375189809,94187,173,180,180,0,True
1718287787,20083405,8790872089047755032967375189809,94187,173,180,180,0,True
1718287799,20083406,8790872089047755032967375189809,94187,173,180,180,0,True
1718287811,20083407,8790872089047755032967375189809,94187,173,180,180,0,True
1718287823,20083408,8790872089047755032967375189809,94187,173,180,180,0,True
1718287835,20083409,8790872089047755032967375189809,94187,173,180,180,0,True
1718287847,20083410,8611559776166604178804049766803,93775,174,180,180,0,True
1718287859,20083411,8611559776166604178804049766803,93775,174,180,180,0,True
1718287871,20083412,8611559776166604178804049766803,93775,174,180,180,0,True
1718287883,20083413,8611559776166604178804049766803,93775,174,180,180,0,True
1718287895,20083414,8611559776166604178804049766803,93775,174,180,180,0,True
1718287907,20083415,8611559776166604178804049766803,93775,174,180,180,0,True
1718287919,20083416,8611559776166604178804049766803,93775,174,180,180,0,True
1718287931,20083417,8611559776166604178804049766803,93775,174,180,180,0,True
1718287943,20083418,8611559776166604178804049766803,93775,174,180,180,0,True
1718287955,20083419,8611559776166604178804049766803,93775,174,180,180,0,True
1718287967,20083420,8611559776166604178804049766803,93775,174,180,180,0,True
1718287979,20083421,8611559776166604178804049766803,93775,174,180,180,0,True
1718287991,20083422,8611559776166604178804049766803,93775,174,180,180,0,True
1718288003,20083423,8611559776166604178804049766803,93775,174,180,180,0,True
1718288015,20083424,8611559776166604178804049766803,93775,174,180,180,0,True
1718288027,20083425,8611559776166604178804049766803,93775,174,180,180,0,True
1718288039,20083426,8611559776166604178804049766803,93775,174,180,180,0,True
1718288051,20083427,8611559776166604178804049766803,93775,174,180,180,0,True
1718288063,20083428,8611559776166604178804049766803,93775,174,180,180,0,True
1718288075,20083429,8611559776166604178804049766803,93775,174,180,180,0,True
1718288087,20083430,8611559776166604178804049766803,93775,174,180,180,0,True
1718288099,20083431,8611559776166604178804049766803,93775,174,180,180,0,True
1718288111,20083432,8611559776166604178804049766803,93775,174,180,180,0,True
1718288123,20083433,8611559776166604178804049766803,93775,174,180,180,0,True
1718288135,20083434,8611559776166604178804049766803,93775,174,180,180,0,True
1718288147,20083435,8611559776166604178804049766803,93775,174,180,180,0,True
1718288159,20083436,8611559776166604178804049766803,93775,174,180,180,0,True
1718288171,20083437,8611559776166604178804049766803,93775,174,180,180,0,True
1718288183,20083438,8629874603128223136005198043941,93817,175,180,180,0,True
1718288195,20083439,8629874603128223136005198043941,93817,175,180,180,0,True
1718288207,20083440,8629874603128223136005198043941,93817,175,180,180,0,True
1718288219,20083441,8629874603128223136005198043941,93817,175,180,180,0,True
1718288231,20083442,8629874603128223136005198043941,93817,175,180,180,0,True
1718288243,20083443,8629874603128223136005198043941,93817,175,180,180,0,True
1718288255,20083444,8629874603128223136005198043941,93817,175,180,180,0,True
1718288267,20083445,8629874603128223136005198043941,93817,175,180,180,0,True
1718288279,20083446,8629874603128223136005198043941,93817,175,180,180,0,True
1718288291,20083447,8629874603128223136005198043941,93817,175,180,180,0,True
1718288303,20083448,8556892971715549587146665132828,93647,176,180,180,0,True
1718288315,20083449,8556892971715549587146665132828,93647,176,180,180,0,True
1718288327,20083450,8582690658041435209805451670668,93708,177,180,180,0,True
1718288339,20083451,8582690658041435209805451670668,93708,177,180,180,0,True
1718288351,20083452,8582690658041435209805451670668,93708,177,180,180,0,True
1718288363,20083453,8582690658041435209805451670668,93708,177,180,180,0,True
1718288375,20083454,8582690658041435209805451670668,93708,177,180,180,0,True
1718288387,20083455,8582690658041435209805451670668,93708,177,180,180,0,True
1718288399,20083456,8519690802138499364108772347742,93560,178,180,180,0,True
1718288411,20083457,8519690802138499364108772347742,93560,178,180,180,0,True
1718288423,20083458,8519690802138499364108772347742,93560,178,180,180,0,True
1718288435,20083459,8519690802138499364108772347742,93560,178,180,180,0,True
1718288447,20083460,8519690802138499364108772347742,93560,178,180,180,0,True
1718288459,20083461,8519690802138499364108772347742,93560,178,180,180,0,True
1718288471,20083462,8519690802138499364108772347742,93560,178,180,180,0,True
1718288483,20083463,8519690802138499364108772347742,93560,178,180,180,0,True
1718288495,20083464,8519690802138499364108772347742,93560,178,180,180,0,True
1718288507,20083465,8595276678905315676030874456574,93737,179,180,180,0,True
1718288519,20083466,8595276678905315676030874456574,93737,179,180,180,0,True
1718288531,20083467,8548941681920813949211150197713,93629,0,180,180,0,True
1718288543,20083468,8548941681920813949211150197713,93629,0,180,180,0,True
1718288555,20083469,8548941681920813949211150197713,93629,0,180,180,0,True
1718288567,20083470,8548941681920813949211150197713,93629,0,180,180,0,True
1718288579,20083471,8548941681920813949211150197713,93629,0,180,180,0,True
1718288591,20083472,8548941681920813949211150197713,93629,0,180,180,0,True
1718288603,20083473,8548941681920813949211150197713,93629,0,180,180,0,True
1718288615,20083474,8548941681920813949211150197713,93629,0,180,180,0,True
1718288627,20083475,8548941681920813949211150197713,93629,0,180,180,0,True
1718288639,20083476,8548941681920813949211150197713,93629,0,180,180,0,True
1718288651,20083477,8490979605009681631341963335219,93493,1,180,180,0,True
1718288663,20083478,8543440483996853737551109849768,93616,2,180,180,0,True
1718288675,20083479,8543440483996853737551109849768,93616,2,180,180,0,True
1718288687,20083480,8543440483996853737551109849768,93616,2,180,180,0,True
1718288699,20083481,8499868632218949237303582095217,93514,3,180,180,0,True
1718288711,20083482,8603055191011253292461906198679,93755,4,180,180,0,True
1718288723,20083483,8603055191011253292461906198679,93755,4,180,180,0,True
1718288735,20083484,8514677143474037745657922124859,93548,5,180,180,0,True
1718288747,20083485,8578231725439295165032036477317,93697,6,180,180,0,True
1718288759,20083486,8578231725439295165032036477317,93697,6,180,180,0,True
1718288771,20083487,8578231725439295165032036477317,93697,6,180,180,0,True
1718288783,20083488,8493452111308582950939573149586,93499,7,180,180,0,True
1718288795,20083489,8541423292238627066758059921322,93611,8,180,180,0,True
1718288807,20083490,8559673137809145435605778692394,93654,9,180,180,0,True
1718288819,20083491,8559673137809145435605778692394,93654,9,180,180,0,True
1718288831,20083492,8598422602943245371705143675413,93744,10,180,180,0,True
1718288843,20083493,8598422602943245371705143675413,93744,10,180,180,0,True
1718288855,20083494,8598422602943245371705143675413,93744,10,180,180,0,True
1718288867,20083495,8598422602943245371705143675413,93744,10,180,180,0,True
1718288879,20083496,8598422602943245371705143675413,93744,10,180,180,0,True
1718288891,20083497,8598422602943245371705143675413,93744,10,180,180,0,True
1718288903,20083498,8598422602943245371705143675413,93744,10,180,180,0,True
1718288915,20083499,8598422602943245371705143675413,93744,10,180,180,0,True
1718288927,20083500,8598422602943245371705143675413,93744,10,180,180,0,True
1718288939,20083501,8598422602943245371705143675413,93744,10,180,180,0,True
1718288951,20083502,8533317812997290180915290618490,93592,11,180,180,0,True
1718288963,20083503,8533317812997290180915290618490,93592,11,180,180,0,True
1718288975,20083504,8533317812997290180915290618490,93592,11,180,180,0,True
1718288999,20083505,8591744890112389296059355075105,93729,12,180,180,0,True
1718289011,20083506,8591744890112389296059355075105,93729,12,180,180,0,True
1718289023,20083507,8591744890112389296059355075105,93729,12,180,180,0,True
1718289035,20083508,8591744890112389296059355075105,93729,12,180,180,0,True
1718289047,20083509,8591744890112389296059355075105,93729,12,180,180,0,True
1718289059,20083510,8591744890112389296059355075105,93729,12,180,180,0,True
1718289071,20083511,8591744890112389296059355075105,93729,12,180,180,0,True
1718289083,20083512,8591744890112389296059355075105,93729,12,180,180,0,True
1718289095,20083513,8591744890112389296059355075105,93729,12,180,180,0,True
1718289107,20083514,8591744890112389296059355075105,93729,12,180,180,0,True
1718289119,20083515,8591744890112389296059355075105,93729,12,180,180,0,True
1718289131,20083516,8591744890112389296059355075105,93729,12,180,180,0,True
1718289143,20083517,8591744890112389296059355075105,93729,12,180,180,0,True
1718289155,20083518,8591744890112389296059355075105,93729,12,180,180,0,True
1718289167,20083519,8591744890112389296059355075105,93729,12,180,180,0,True
1718289179,20083520,8591744890112389296059355075105,93729,12,180,180,0,True
1718289191,20083521,8591744890112389296059355075105,93729,12,180,180,0,True
1718289215,20083522,8591744890112389296059355075105,93729,12,180,180,0,True
1718289227,20083523,8591744890112389296059355075105,93729,12,180,180,0,True
1718289239,20083524,8591744890112389296059355075105,93729,12,180,180,0,True
1718289251,20083525,8591744890112389296059355075105,93729,12,180,180,0,True
1718289263,20083526,8591744890112389296059355075105,93729,12,180,180,0,True
1718289275,20083527,8591744890112389296059355075105,93729,12,180,180,0,True
1718289287,20083528,8591744890112389296059355075105,93729,12,180,180,0,True
1718289299,20083529,8591744890112389296059355075105,93729,12,180,180,0,True
1718289311,20083530,8591744890112389296059355075105,93729,12,180,180,0,True
1718289323,20083531,8591744890112389296059355075105,93729,12,180,180,0,True
1718289335,20083532,8591744890112389296059355075105,93729,12,180,180,0,True
1718289347,20083533,8591744890112389296059355075105,93729,12,180,180,0,True
1718289359,20083534,8591744890112389296059355075105,93729,12,180,180,0,True
1718289371,20083535,8591744890112389296059355075105,93729,12,180,180,0,True
1718289383,20083536,8598453259736510242040398568084,93744,13,180,180,0,True
1718289395,20083537,8450511743188581187628595751321,93397,14,180,180,0,True
1718289407,20083538,8600039910274691567628159119519,93748,15,180,180,0,True
1718289419,20083539,8600039910274691567628159119519,93748,15,180,180,0,True
1718289431,20083540,8600039910274691567628159119519,93748,15,180,180,0,True
1718289443,20083541,8600039910274691567628159119519,93748,15,180,180,0,True
1718289455,20083542,8600039910274691567628159119519,93748,15,180,180,0,True
1718289467,20083543,8600039910274691567628159119519,93748,15,180,180,0,True
1718289479,20083544,8600039910274691567628159119519,93748,15,180,180,0,True
1718289491,20083545,8600039910274691567628159119519,93748,15,180,180,0,True
1718289503,20083546,8600039910274691567628159119519,93748,15,180,180,0,True
1718289515,20083547,8600039910274691567628159119519,93748,15,180,180,0,True
1718289527,20083548,8600039910274691567628159119519,93748,15,180,180,0,True
1718289539,20083549,8600039910274691567628159119519,93748,15,180,180,0,True
1718289551,20083550,8600039910274691567628159119519,93748,15,180,180,0,True
1718289563,20083551,8600039910274691567628159119519,93748,15,180,180,0,True
1718289575,20083552,8600039910274691567628159119519,93748,15,180,180,0,True
1718289587,20083553,8600039910274691567628159119519,93748,15,180,180,0,True
1718289599,20083554,8600039910274691567628159119519,93748,15,180,180,0,True
1718289611,20083555,8600039910274691567628159119519,93748,15,180,180,0,True
1718289623,20083556,8600039910274691567628159119519,93748,15,180,180,0,True
1718289635,20083557,8600039910274691567628159119519,93748,15,180,180,0,True
1718289647,20083558,8600039910274691567628159119519,93748,15,180,180,0,True
1718289659,20083559,8600039910274691567628159119519,93748,15,180,180,0,True
1718289671,20083560,8600039910274691567628159119519,93748,15,180,180,0,True
1718289683,20083561,8600039910274691567628159119519,93748,15,180,180,0,True
1718289695,20083562,8600039910274691567628159119519,93748,15,180,180,0,True
1718289707,20083563,8600039910274691567628159119519,93748,15,180,180,0,True
1718289719,20083564,8600039910274691567628159119519,93748,15,180,180,0,True
1718289731,20083565,8600039910274691567628159119519,93748,15,180,180,0,True
1718289743,20083566,8600039910274691567628159119519,93748,15,180,180,0,True
1718289755,20083567,8600039910274691567628159119519,93748,15,180,180,0,True
1718289767,20083568,8600039910274691567628159119519,93748,15,180,180,0,True
1718289779,20083569,8600039910274691567628159119519,93748,15,180,180,0,True
1718289791,20083570,8600039910274691567628159119519,93748,15,180,180,0,True
1718289803,20083571,8600039910274691567628159119519,93748,15,180,180,0,True
1718289815,20083572,8600039910274691567628159119519,93748,15,180,180,0,True
1718289827,20083573,8600039910274691567628159119519,93748,15,180,180,0,True
1718289839,20083574,8600039910274691567628159119519,93748,15,180,180,0,True
1718289851,20083575,8600039910274691567628159119519,93748,15,180,180,0,True
1718289863,20083576,8600039910274691567628159119519,93748,15,180,180,0,True
1718289875,20083577,8600039910274691567628159119519,93748,15,180,180,0,True
1718289887,20083578,8600039910274691567628159119519,93748,15,180,180,0,True
1718289899,20083579,8600039910274691567628159119519,93748,15,180,180,0,True
1718289911,20083580,8600039910274691567628159119519,93748,15,180,180,0,True
1718289923,20083581,8600039910274691567628159119519,93748,15,180,180,0,True
1718289935,20083582,8600039910274691567628159119519,93748,15,180,180,0,True
1718289947,20083583,8600039910274691567628159119519,93748,15,180,180,0,True
1718289959,20083584,8600039910274691567628159119519,93748,15,180,180,0,True
1718289971,20083585,8600039910274691567628159119519,93748,15,180,180,0,True
1718289983,20083586,8600039910274691567628159119519,93748,15,180,180,0,True
1718289995,20083587,8600039910274691567628159119519,93748,15,180,180,0,True
1718290007,20083588,8600039910274691567628159119519,93748,15,180,180,0,True
1718290019,20083589,8600039910274691567628159119519,93748,15,180,180,0,True
1718290031,20083590,8600039910274691567628159119519,93748,15,180,180,0,True
1718290043,20083591,8600039910274691567628159119519,93748,15,180,180,0,True
1718290055,20083592,8600039910274691567628159119519,93748,15,180,180,0,True
1718290067,20083593,8600039910274691567628159119519,93748,15,180,180,0,True
1718290079,20083594,8600039910274691567628159119519,93748,15,180,180,0,True
1718290091,20083595,8600039910274691567628159119519,93748,15,180,180,0,True
1718290103,20083596,8600039910274691567628159119519,93748,15,180,180,0,True
1718290115,20083597,8600039910274691567628159119519,93748,15,180,180,0,True
1718290127,20083598,8600039910274691567628159119519,93748,15,180,180,0,True
1718290139,20083599,8600039910274691567628159119519,93748,15,180,180,0,True
1718290151,20083600,8600039910274691567628159119519,93748,15,180,180,0,True
1718290163,20083601,8600039910274691567628159119519,93748,15,180,180,0,True
1718290175,20083602,8600039910274691567628159119519,93748,15,180,180,0,True
1718290187,20083603,8600039910274691567628159119519,93748,15,180,180,0,True
1718290199,20083604,8600039910274691567628159119519,93748,15,180,180,0,True
1718290211,20083605,8600039910274691567628159119519,93748,15,180,180,0,True
1718290223,20083606,8600039910274691567628159119519,93748,15,180,180,0,True
1718290235,20083607,8600039910274691567628159119519,93748,15,180,180,0,True
1718290247,20083608,8600039910274691567628159119519,93748,15,180,180,0,True
1718290259,20083609,8600039910274691567628159119519,93748,15,180,180,0,True
1718290271,20083610,8600039910274691567628159119519,93748,15,180,180,0,True
1718290283,20083611,8600039910274691567628159119519,93748,15,180,180,0,True
1718290295,20083612,8600039910274691567628159119519,93748,15,180,180,0,True
1718290307,20083613,8600039910274691567628159119519,93748,15,180,180,0,True
1718290319,20083614,8600039910274691567628159119519,93748,15,180,180,0,True
1718290331,20083615,8600039910274691567628159119519,93748,15,180,180,0,True
1718290343,20083616,8600039910274691567628159119519,93748,15,180,180,0,True
1718290355,20083617,8600039910274691567628159119519,93748,15,180,180,0,True
1718290367,20083618,8600039910274691567628159119519,93748,15,180,180,0,True
1718290379,20083619,8600039910274691567628159119519,93748,15,180,180,0,True
1718290391,20083620,8600039910274691567628159119519,93748,15,180,180,0,True
1718290403,20083621,8600039910274691567628159119519,93748,15,180,180,0,True
1718290415,20083622,8600039910274691567628159119519,93748,15,180,180,0,True
1718290427,20083623,8600039910274691567628159119519,93748,15,180,180,0,True
1718290439,20083624,8600039910274691567628159119519,93748,15,180,180,0,True
1718290451,20083625,8600039910274691567628159119519,93748,15,180,180,0,True
1718290463,20083626,8600039910274691567628159119519,93748,15,180,180,0,True
1718290475,20083627,8600039910274691567628159119519,93748,15,180,180,0,True
1718290487,20083628,8600039910274691567628159119519,93748,15,180,180,0,True
1718290499,20083629,8600039910274691567628159119519,93748,15,180,180,0,True
1718290511,20083630,8600039910274691567628159119519,93748,15,180,180,0,True
1718290523,20083631,8600039910274691567628159119519,93748,15,180,180,0,True
1718290535,20083632,8600039910274691567628159119519,93748,15,180,180,0,True
1718290547,20083633,8600039910274691567628159119519,93748,15,180,180,0,True
1718290559,20083634,8600039910274691567628159119519,93748,15,180,180,0,True
1718290571,20083635,8600039910274691567628159119519,93748,15,180,180,0,True
1718290583,20083636,8600039910274691567628159119519,93748,15,180,180,0,True
1718290595,20083637,8600039910274691567628159119519,93748,15,180,180,0,True
1718290607,20083638,8600039910274691567628159119519,93748,15,180,180,0,True
1718290619,20083639,8600039910274691567628159119519,93748,15,180,180,0,True
1718290631,20083640,8600039910274691567628159119519,93748,15,180,180,0,True
1718290643,20083641,8600039910274691567628159119519,93748,15,180,180,0,True
1718290655,20083642,8600039910274691567628159119519,93748,15,180,180,0,True
1718290667,20083643,8600039910274691567628159119519,93748,15,180,180,0,True
1718290679,20083644,8600039910274691567628159119519,93748,15,180,180,0,True
1718290691,20083645,8600039910274691567628159119519,93748,15,180,180,0,True
1718290703,20083646,8600039910274691567628159119519,93748,15,180,180,0,True
1718290715,20083647,8600039910274691567628159119519,93748,15,180,180,0,True
1718290727,20083648,8600039910274691567628159119519,93748,15,180,180,0,True
1718290739,20083649,8600039910274691567628159119519,93748,15,180,180,0,True
1718290751,20083650,8600039910274691567628159119519,93748,15,180,180,0,True
1718290763,20083651,8600039910274691567628159119519,93748,15,180,180,0,True
1718290775,20083652,8600039910274691567628159119519,93748,15,180,180,0,True
1718290787,20083653,8600039910274691567628159119519,93748,15,180,180,0,True
1718290799,20083654,8600039910274691567628159119519,93748,15,180,180,0,True
1718290811,20083655,8600039910274691567628159119519,93748,15,180,180,0,True
1718290823,20083656,8600039910274691567628159119519,93748,15,180,180,0,True
1718290835,20083657,8545259257618960792258555885426,93620,16,180,180,0,True
1718290847,20083658,8545259257618960792258555885426,93620,16,180,180,0,True
1718290859,20083659,8545259257618960792258555885426,93620,16,180,180,0,True
1718290871,20083660,8626182312135117430715396078762,93809,17,180,180,0,True
1718290883,20083661,8626182312135117430715396078762,93809,17,180,180,0,True
1718290895,20083662,8626182312135117430715396078762,93809,17,180,180,0,True
1718290907,20083663,8626182312135117430715396078762,93809,17,180,180,0,True
1718290919,20083664,8626182312135117430715396078762,93809,17,180,180,0,True
1718290931,20083665,8626182312135117430715396078762,93809,17,180,180,0,True
1718290943,20083666,8626182312135117430715396078762,93809,17,180,180,0,True
1718290955,20083667,8626182312135117430715396078762,93809,17,180,180,0,True
1718290967,20083668,8626182312135117430715396078762,93809,17,180,180,0,True
1718290979,20083669,8626182312135117430715396078762,93809,17,180,180,0,True
1718290991,20083670,8626182312135117430715396078762,93809,17,180,180,0,True
1718291003,20083671,8626182312135117430715396078762,93809,17,180,180,0,True
1718291015,20083672,8626182312135117430715396078762,93809,17,180,180,0,True
1718291027,20083673,8626182312135117430715396078762,93809,17,180,180,0,True
1718291039,20083674,8626182312135117430715396078762,93809,17,180,180,0,True
1718291051,20083675,8626182312135117430715396078762,93809,17,180,180,0,True
1718291063,20083676,8626182312135117430715396078762,93809,17,180,180,0,True
1718291075,20083677,8626182312135117430715396078762,93809,17,180,180,0,True
1718291087,20083678,8626182312135117430715396078762,93809,17,180,180,0,True
1718291099,20083679,8626182312135117430715396078762,93809,17,180,180,0,True
1718291111,20083680,8626182312135117430715396078762,93809,17,180,180,0,True
1718291123,20083681,8556063679423941437383547905739,93645,18,180,180,0,True
1718291135,20083682,8556063679423941437383547905739,93645,18,180,180,0,True
1718291147,20083683,8623136381336212557761214895970,93802,19,180,180,0,True
1718291159,20083684,8623136381336212557761214895970,93802,19,180,180,0,True
1718291171,20083685,8623136381336212557761214895970,93802,19,180,180,0,True
1718291183,20083686,8623136381336212557761214895970,93802,19,180,180,0,True
1718291195,20083687,8623136381336212557761214895970,93802,19,180,180,0,True
1718291207,20083688,8623136381336212557761214895970,93802,19,180,180,0,True
1718291219,20083689,8623136381336212557761214895970,93802,19,180,180,0,True
1718291231,20083690,8623136381336212557761214895970,93802,19,180,180,0,True
1718291243,20083691,8623136381336212557761214895970,93802,19,180,180,0,True
1718291255,20083692,8623136381336212557761214895970,93802,19,180,180,0,True
1718291267,20083693,8623136381336212557761214895970,93802,19,180,180,0,True
1718291279,20083694,8623136381336212557761214895970,93802,19,180,180,0,True
1718291291,20083695,8623136381336212557761214895970,93802,19,180,180,0,True
1718291303,20083696,8623136381336212557761214895970,93802,19,180,180,0,True
1718291315,20083697,8623136381336212557761214895970,93802,19,180,180,0,True
1718291327,20083698,8623136381336212557761214895970,93802,19,180,180,0,True
1718291339,20083699,8623136381336212557761214895970,93802,19,180,180,0,True
1718291351,20083700,8623136381336212557761214895970,93802,19,180,180,0,True
1718291363,20083701,8623136381336212557761214895970,93802,19,180,180,0,True
1718291375,20083702,8623136381336212557761214895970,93802,19,180,180,0,True
1718291387,20083703,8623136381336212557761214895970,93802,19,180,180,0,True
1718291399,20083704,8623136381336212557761214895970,93802,19,180,180,0,True
1718291411,20083705,8623136381336212557761214895970,93802,19,180,180,0,True
1718291423,20083706,8623136381336212557761214895970,93802,19,180,180,0,True
1718291435,20083707,8623136381336212557761214895970,93802,19,180,180,0,True
1718291447,20083708,8623136381336212557761214895970,93802,19,180,180,0,True
1718291459,20083709,8623136381336212557761214895970,93802,19,180,180,0,True
1718291471,20083710,8623136381336212557761214895970,93802,19,180,180,0,True
1718291483,20083711,8623136381336212557761214895970,93802,19,180,180,0,True
1718291495,20083712,8623136381336212557761214895970,93802,19,180,180,0,True
1718291507,20083713,8623136381336212557761214895970,93802,19,180,180,0,True
1718291519,20083714,8623136381336212557761214895970,93802,19,180,180,0,True
1718291531,20083715,8623136381336212557761214895970,93802,19,180,180,0,True
1718291543,20083716,8623136381336212557761214895970,93802,19,180,180,0,True
1718291555,20083717,8623136381336212557761214895970,93802,19,180,180,0,True
1718291567,20083718,8623136381336212557761214895970,93802,19,180,180,0,True
1718291579,20083719,8623136381336212557761214895970,93802,19,180,180,0,True
1718291591,20083720,8623136381336212557761214895970,93802,19,180,180,0,True
1718291603,20083721,8675661897286915498901163015246,93923,20,180,180,0,True
1718291615,20083722,8675661897286915498901163015246,93923,20,180,180,0,True
1718291627,20083723,8675661897286915498901163015246,93923,20,180,180,0,True
1718291639,20083724,8675661897286915498901163015246,93923,20,180,180,0,True
1718291651,20083725,8675661897286915498901163015246,93923,20,180,180,0,True
1718291663,20083726,8675661897286915498901163015246,93923,20,180,180,0,True
1718291675,20083727,8675661897286915498901163015246,93923,20,180,180,0,True
1718291687,20083728,8675661897286915498901163015246,93923,20,180,180,0,True
1718291699,20083729,8675661897286915498901163015246,93923,20,180,180,0,True
1718291711,20083730,8675661897286915498901163015246,93923,20,180,180,0,True
1718291723,20083731,8675661897286915498901163015246,93923,20,180,180,0,True
1718291735,20083732,8675661897286915498901163015246,93923,20,180,180,0,True
1718291747,20083733,8675661897286915498901163015246,93923,20,180,180,0,True
1718291759,20083734,8675661897286915498901163015246,93923,20,180,180,0,True
1718291771,20083735,8675661897286915498901163015246,93923,20,180,180,0,True
1718291783,20083736,8675661897286915498901163015246,93923,20,180,180,0,True
1718291795,20083737,8675661897286915498901163015246,93923,20,180,180,0,True
1718291807,20083738,8675661897286915498901163015246,93923,20,180,180,0,True
1718291819,20083739,8675661897286915498901163015246,93923,20,180,180,0,True
1718291831,20083740,8675661897286915498901163015246,93923,20,180,180,0,True
1718291843,20083741,8675661897286915498901163015246,93923,20,180,180,0,True
1718291855,20083742,8675661897286915498901163015246,93923,20,180,180,0,True
1718291867,20083743,8675661897286915498901163015246,93923,20,180,180,0,True
1718291879,20083744,8675661897286915498901163015246,93923,20,180,180,0,True
1718291891,20083745,8675661897286915498901163015246,93923,20,180,180,0,True
1718291903,20083746,8675661897286915498901163015246,93923,20,180,180,0,True
1718291915,20083747,8675661897286915498901163015246,93923,20,180,180,0,True
1718291927,20083748,8675661897286915498901163015246,93923,20,180,180,0,True
1718291939,20083749,8675661897286915498901163015246,93923,20,180,180,0,True
1718291951,20083750,8675661897286915498901163015246,93923,20,180,180,0,True
1718291963,20083751,8675661897286915498901163015246,93923,20,180,180,0,True
1718291975,20083752,8675661897286915498901163015246,93923,20,180,180,0,True
1718291987,20083753,8675661897286915498901163015246,93923,20,180,180,0,True
1718291999,20083754,8675661897286915498901163015246,93923,20,180,180,0,True
1718292011,20083755,8675661897286915498901163015246,93923,20,180,180,0,True
1718292023,20083756,8675661897286915498901163015246,93923,20,180,180,0,True
1718292035,20083757,8675661897286915498901163015246,93923,20,180,180,0,True
1718292047,20083758,8675661897286915498901163015246,93923,20,180,180,0,True
1718292059,20083759,8675661897286915498901163015246,93923,20,180,180,0,True
1718292071,20083760,8675661897286915498901163015246,93923,20,180,180,0,True
1718292083,20083761,8675661897286915498901163015246,93923,20,180,180,0,True
1718292095,20083762,8675661897286915498901163015246,93923,20,180,180,0,True
1718292107,20083763,8675661897286915498901163015246,93923,20,180,180,0,True
1718292119,20083764,8675661897286915498901163015246,93923,20,180,180,0,True
1718292131,20083765,8675661897286915498901163015246,93923,20,180,180,0,True
1718292143,20083766,8675661897286915498901163015246,93923,20,180,180,0,True
1718292155,20083767,8675661897286915498901163015246,93923,20,180,180,0,True
1718292167,20083768,8675661897286915498901163015246,93923,20,180,180,0,True
1718292179,20083769,8675661897286915498901163015246,93923,20,180,180,0,True
1718292191,20083770,8675661897286915498901163015246,93923,20,180,180,0,True
1718292203,20083771,8675661897286915498901163015246,93923,20,180,180,0,True
1718292215,20083772,8675661897286915498901163015246,93923,20,180,180,0,True
1718292227,20083773,8675661897286915498901163015246,93923,20,180,180,0,True
1718292239,20083774,8675661897286915498901163015246,93923,20,180,180,0,True
1718292251,20083775,8675661897286915498901163015246,93923,20,180,180,0,True
1718292263,20083776,8675661897286915498901163015246,93923,20,180,180,0,True
1718292275,20083777,8675661897286915498901163015246,93923,20,180,180,0,True
1718292287,20083778,8675661897286915498901163015246,93923,20,180,180,0,True
1718292299,20083779,8675661897286915498901163015246,93923,20,180,180,0,True
1718292311,20083780,8675661897286915498901163015246,93923,20,180,180,0,True
1718292323,20083781,8675661897286915498901163015246,93923,20,180,180,0,True
1718292335,20083782,8675661897286915498901163015246,93923,20,180,180,0,True
1718292347,20083783,8675661897286915498901163015246,93923,20,180,180,0,True
1718292359,20083784,8675661897286915498901163015246,93923,20,180,180,0,True
1718292371,20083785,8675661897286915498901163015246,93923,20,180,180,0,True
1718292383,20083786,8675661897286915498901163015246,93923,20,180,180,0,True
1718292395,20083787,8675661897286915498901163015246,93923,20,180,180,0,True
1718292407,20083788,8675661897286915498901163015246,93923,20,180,180,0,True
1718292419,20083789,8675661897286915498901163015246,93923,20,180,180,0,True
1718292431,20083790,8675661897286915498901163015246,93923,20,180,180,0,True
1718292443,20083791,8675661897286915498901163015246,93923,20,180,180,0,True
1718292455,20083792,8675661897286915498901163015246,93923,20,180,180,0,True
1718292467,20083793,8730613094300601962130938701472,94049,21,180,180,0,True
1718292479,20083794,8666214419072578248974204668183,93901,22,180,180,0,True
1718292491,20083795,8720256514152094350378151106174,94026,23,180,180,0,True
1718292503,20083796,8720256514152094350378151106174,94026,23,180,180,0,True
1718292515,20083797,8720256514152094350378151106174,94026,23,180,180,0,True
1718292527,20083798,8720256514152094350378151106174,94026,23,180,180,0,True
1718292539,20083799,8720256514152094350378151106174,94026,23,180,180,0,True
1718292551,20083800,8720256514152094350378151106174,94026,23,180,180,0,True
1718292563,20083801,8720256514152094350378151106174,94026,23,180,180,0,True
1718292575,20083802,8728542349339282964326068966671,94045,24,180,180,0,True
1718292587,20083803,8664582507290199385432937508809,93898,25,180,180,0,True
1718292599,20083804,8647861463568845711968193827310,93859,26,180,180,0,True
1718292611,20083805,8647861463568845711968193827310,93859,26,180,180,0,True
1718292623,20083806,8647861463568845711968193827310,93859,26,180,180,0,True
1718292647,20083807,8647861463568845711968193827310,93859,26,180,180,0,True
1718292659,20083808,8647861463568845711968193827310,93859,26,180,180,0,True
1718292671,20083809,8647861463568845711968193827310,93859,26,180,180,0,True
1718292683,20083810,8647861463568845711968193827310,93859,26,180,180,0,True
1718292695,20083811,8647861463568845711968193827310,93859,26,180,180,0,True
1718292707,20083812,8647861463568845711968193827310,93859,26,180,180,0,True
1718292719,20083813,8647861463568845711968193827310,93859,26,180,180,0,True
1718292731,20083814,8647861463568845711968193827310,93859,26,180,180,0,True
1718292743,20083815,8647861463568845711968193827310,93859,26,180,180,0,True
1718292755,20083816,8647861463568845711968193827310,93859,26,180,180,0,True
1718292767,20083817,8647861463568845711968193827310,93859,26,180,180,0,True
1718292779,20083818,8647861463568845711968193827310,93859,26,180,180,0,True
1718292791,20083819,8647861463568845711968193827310,93859,26,180,180,0,True
1718292803,20083820,8647861463568845711968193827310,93859,26,180,180,0,True
1718292815,20083821,8647861463568845711968193827310,93859,26,180,180,0,True
1718292827,20083822,8647861463568845711968193827310,93859,26,180,180,0,True
1718292839,20083823,8647861463568845711968193827310,93859,26,180,180,0,True
1718292851,20083824,8647861463568845711968193827310,93859,26,180,180,0,True
1718292863,20083825,8647861463568845711968193827310,93859,26,180,180,0,True
1718292875,20083826,8647861463568845711968193827310,93859,26,180,180,0,True
1718292887,20083827,8647861463568845711968193827310,93859,26,180,180,0,True
1718292899,20083828,8647861463568845711968193827310,93859,26,180,180,0,True
1718292911,20083829,8647861463568845711968193827310,93859,26,180,180,0,True
1718292923,20083830,8647861463568845711968193827310,93859,26,180,180,0,True
1718292935,20083831,8647861463568845711968193827310,93859,26,180,180,0,True
1718292947,20083832,8647861463568845711968193827310,93859,26,180,180,0,True
1718292959,20083833,8647861463568845711968193827310,93859,26,180,180,0,True
1718292971,20083834,8647861463568845711968193827310,93859,26,180,180,0,True
1718292983,20083835,8647861463568845711968193827310,93859,26,180,180,0,True
1718292995,20083836,8647861463568845711968193827310,93859,26,180,180,0,True
1718293007,20083837,8647861463568845711968193827310,93859,26,180,180,0,True
1718293019,20083838,8647861463568845711968193827310,93859,26,180,180,0,True
1718293031,20083839,8647861463568845711968193827310,93859,26,180,180,0,True
1718293043,20083840,8647861463568845711968193827310,93859,26,180,180,0,True
1718293055,20083841,8647861463568845711968193827310,93859,26,180,180,0,True
1718293067,20083842,8647861463568845711968193827310,93859,26,180,180,0,True
1718293079,20083843,8647861463568845711968193827310,93859,26,180,180,0,True
1718293091,20083844,8647861463568845711968193827310,93859,26,180,180,0,True
1718293103,20083845,8647861463568845711968193827310,93859,26,180,180,0,True
1718293115,20083846,8647861463568845711968193827310,93859,26,180,180,0,True
1718293127,20083847,8647861463568845711968193827310,93859,26,180,180,0,True
1718293139,20083848,8647861463568845711968193827310,93859,26,180,180,0,True
1718293151,20083849,8647861463568845711968193827310,93859,26,180,180,0,True
1718293163,20083850,8647861463568845711968193827310,93859,26,180,180,0,True
1718293175,20083851,8647861463568845711968193827310,93859,26,180,180,0,True
1718293187,20083852,8647861463568845711968193827310,93859,26,180,180,0,True
1718293199,20083853,8647861463568845711968193827310,93859,26,180,180,0,True
1718293211,20083854,8647861463568845711968193827310,93859,26,180,180,0,True
1718293223,20083855,8647861463568845711968193827310,93859,26,180,180,0,True
1718293235,20083856,8647861463568845711968193827310,93859,26,180,180,0,True
1718293247,20083857,8647861463568845711968193827310,93859,26,180,180,0,True
1718293259,20083858,8647861463568845711968193827310,93859,26,180,180,0,True
1718293271,20083859,8647861463568845711968193827310,93859,26,180,180,0,True
1718293283,20083860,8647861463568845711968193827310,93859,26,180,180,0,True
1718293295,20083861,8647861463568845711968193827310,93859,26,180,180,0,True
1718293307,20083862,8647861463568845711968193827310,93859,26,180,180,0,True
1718293319,20083863,8647861463568845711968193827310,93859,26,180,180,0,True
1718293331,20083864,8647861463568845711968193827310,93859,26,180,180,0,True
1718293343,20083865,8647861463568845711968193827310,93859,26,180,180,0,True
1718293355,20083866,8647861463568845711968193827310,93859,26,180,180,0,True
1718293367,20083867,8647861463568845711968193827310,93859,26,180,180,0,True
1718293379,20083868,8647861463568845711968193827310,93859,26,180,180,0,True
1718293391,20083869,8647861463568845711968193827310,93859,26,180,180,0,True
1718293403,20083870,8647861463568845711968193827310,93859,26,180,180,0,True
1718293415,20083871,8647861463568845711968193827310,93859,26,180,180,0,True
1718293427,20083872,8647861463568845711968193827310,93859,26,180,180,0,True
1718293439,20083873,8647861463568845711968193827310,93859,26,180,180,0,True
1718293451,20083874,8647861463568845711968193827310,93859,26,180,180,0,True
1718293463,20083875,8647861463568845711968193827310,93859,26,180,180,0,True
1718293475,20083876,8647861463568845711968193827310,93859,26,180,180,0,True
1718293487,20083877,8647861463568845711968193827310,93859,26,180,180,0,True
1718293499,20083878,8647861463568845711968193827310,93859,26,180,180,0,True
1718293511,20083879,8647861463568845711968193827310,93859,26,180,180,0,True
1718293523,20083880,8647861463568845711968193827310,93859,26,180,180,0,True
1718293535,20083881,8647861463568845711968193827310,93859,26,180,180,0,True
1718293547,20083882,8647861463568845711968193827310,93859,26,180,180,0,True
1718293559,20083883,8647861463568845711968193827310,93859,26,180,180,0,True
1718293571,20083884,8647861463568845711968193827310,93859,26,180,180,0,True
1718293583,20083885,8647861463568845711968193827310,93859,26,180,180,0,True
1718293595,20083886,8647861463568845711968193827310,93859,26,180,180,0,True
1718293607,20083887,8647861463568845711968193827310,93859,26,180,180,0,True
1718293619,20083888,8647861463568845711968193827310,93859,26,180,180,0,True
1718293631,20083889,8647861463568845711968193827310,93859,26,180,180,0,True
1718293643,20083890,8647861463568845711968193827310,93859,26,180,180,0,True
1718293655,20083891,8647861463568845711968193827310,93859,26,180,180,0,True
1718293667,20083892,8647861463568845711968193827310,93859,26,180,180,0,True
1718293679,20083893,8647861463568845711968193827310,93859,26,180,180,0,True
1718293691,20083894,8647861463568845711968193827310,93859,26,180,180,0,True
1718293703,20083895,8647861463568845711968193827310,93859,26,180,180,0,True
1718293715,20083896,8647861463568845711968193827310,93859,26,180,180,0,True
1718293727,20083897,8647861463568845711968193827310,93859,26,180,180,0,True
1718293739,20083898,8647861463568845711968193827310,93859,26,180,180,0,True
1718293751,20083899,8647861463568845711968193827310,93859,26,180,180,0,True
1718293763,20083900,8647861463568845711968193827310,93859,26,180,180,0,True
1718293775,20083901,8647861463568845711968193827310,93859,26,180,180,0,True
1718293787,20083902,8647861463568845711968193827310,93859,26,180,180,0,True
1718293799,20083903,8647861463568845711968193827310,93859,26,180,180,0,True
1718293811,20083904,8647861463568845711968193827310,93859,26,180,180,0,True
1718293823,20083905,8647861463568845711968193827310,93859,26,180,180,0,True
1718293835,20083906,8647861463568845711968193827310,93859,26,180,180,0,True
1718293847,20083907,8647861463568845711968193827310,93859,26,180,180,0,True
1718293859,20083908,8647861463568845711968193827310,93859,26,180,180,0,True
1718293871,20083909,8647861463568845711968193827310,93859,26,180,180,0,True
1718293883,20083910,8647861463568845711968193827310,93859,26,180,180,0,True
1718293895,20083911,8647861463568845711968193827310,93859,26,180,180,0,True
1718293907,20083912,8647861463568845711968193827310,93859,26,180,180,0,True
1718293919,20083913,8647861463568845711968193827310,93859,26,180,180,0,True
1718293931,20083914,8647861463568845711968193827310,93859,26,180,180,0,True
1718293943,20083915,8647861463568845711968193827310,93859,26,180,180,0,True
1718293955,20083916,8647861463568845711968193827310,93859,26,180,180,0,True
1718293967,20083917,8647861463568845711968193827310,93859,26,180,180,0,True
1718293979,20083918,8647861463568845711968193827310,93859,26,180,180,0,True
1718293991,20083919,8647861463568845711968193827310,93859,26,180,180,0,True
1718294003,20083920,8647861463568845711968193827310,93859,26,180,180,0,True
1718294015,20083921,8720442869191674968637387348131,94026,27,180,180,0,True
1718294027,20083922,8720442869191674968637387348131,94026,27,180,180,0,True
1718294039,20083923,8720442869191674968637387348131,94026,27,180,180,0,True
1718294051,20083924,8720442869191674968637387348131,94026,27,180,180,0,True
1718294063,20083925,8720442869191674968637387348131,94026,27,180,180,0,True
1718294075,20083926,8720442869191674968637387348131,94026,27,180,180,0,True
1718294087,20083927,8720442869191674968637387348131,94026,27,180,180,0,True
1718294099,20083928,8720442869191674968637387348131,94026,27,180,180,0,True
1718294111,20083929,8720442869191674968637387348131,94026,27,180,180,0,True
1718294123,20083930,8720442869191674968637387348131,94026,27,180,180,0,True
1718294135,20083931,8720442869191674968637387348131,94026,27,180,180,0,True
1718294147,20083932,8720442869191674968637387348131,94026,27,180,180,0,True
1718294159,20083933,8720442869191674968637387348131,94026,27,180,180,0,True
1718294171,20083934,8647792037440616573681920917264,93859,28,180,180,0,True
1718294183,20083935,8647792037440616573681920917264,93859,28,180,180,0,True
1718294195,20083936,8647792037440616573681920917264,93859,28,180,180,0,True
1718294207,20083937,8647792037440616573681920917264,93859,28,180,180,0,True
1718294219,20083938,8647792037440616573681920917264,93859,28,180,180,0,True
1718294231,20083939,8647792037440616573681920917264,93859,28,180,180,0,True
1718294243,20083940,8647792037440616573681920917264,93859,28,180,180,0,True
1718294255,20083941,8647792037440616573681920917264,93859,28,180,180,0,True
1718294267,20083942,8647792037440616573681920917264,93859,28,180,180,0,True
1718294279,20083943,8647792037440616573681920917264,93859,28,180,180,0,True
1718294291,20083944,8647792037440616573681920917264,93859,28,180,180,0,True
1718294303,20083945,8647792037440616573681920917264,93859,28,180,180,0,True
1718294315,20083946,8647792037440616573681920917264,93859,28,180,180,0,True
1718294327,20083947,8647792037440616573681920917264,93859,28,180,180,0,True
1718294339,20083948,8647792037440616573681920917264,93859,28,180,180,0,True
1718294351,20083949,8647792037440616573681920917264,93859,28,180,180,0,True
1718294363,20083950,8647792037440616573681920917264,93859,28,180,180,0,True
1718294375,20083951,8647792037440616573681920917264,93859,28,180,180,0,True
1718294387,20083952,8647792037440616573681920917264,93859,28,180,180,0,True
1718294399,20083953,8647792037440616573681920917264,93859,28,180,180,0,True
1718294411,20083954,8647792037440616573681920917264,93859,28,180,180,0,True
1718294423,20083955,8647792037440616573681920917264,93859,28,180,180,0,True
1718294435,20083956,8647792037440616573681920917264,93859,28,180,180,0,True
1718294447,20083957,8647792037440616573681920917264,93859,28,180,180,0,True
1718294459,20083958,8647792037440616573681920917264,93859,28,180,180,0,True
1718294471,20083959,8647792037440616573681920917264,93859,28,180,180,0,True
1718294483,20083960,8724346586322247841911378343161,94035,29,180,180,0,True
1718294495,20083961,8724346586322247841911378343161,94035,29,180,180,0,True
1718294507,20083962,8724346586322247841911378343161,94035,29,180,180,0,True
1718294519,20083963,8724346586322247841911378343161,94035,29,180,180,0,True
1718294531,20083964,8724346586322247841911378343161,94035,29,180,180,0,True
1718294543,20083965,8724346586322247841911378343161,94035,29,180,180,0,True
1718294555,20083966,8724346586322247841911378343161,94035,29,180,180,0,True
1718294567,20083967,8724346586322247841911378343161,94035,29,180,180,0,True
1718294579,20083968,8724346586322247841911378343161,94035,29,180,180,0,True
1718294591,20083969,8724346586322247841911378343161,94035,29,180,180,0,True
1718294603,20083970,8724346586322247841911378343161,94035,29,180,180,0,True
1718294615,20083971,8724346586322247841911378343161,94035,29,180,180,0,True
1718294627,20083972,8724346586322247841911378343161,94035,29,180,180,0,True
1718294639,20083973,8724346586322247841911378343161,94035,29,180,180,0,True
1718294651,20083974,8724346586322247841911378343161,94035,29,180,180,0,True
1718294663,20083975,8724346586322247841911378343161,94035,29,180,180,0,True
1718294675,20083976,8724346586322247841911378343161,94035,29,180,180,0,True
1718294687,20083977,8724346586322247841911378343161,94035,29,180,180,0,True
1718294699,20083978,8724346586322247841911378343161,94035,29,180,180,0,True
1718294711,20083979,8724346586322247841911378343161,94035,29,180,180,0,True
1718294723,20083980,8724346586322247841911378343161,94035,29,180,180,0,True
1718294735,20083981,8724346586322247841911378343161,94035,29,180,180,0,True
1718294747,20083982,8724346586322247841911378343161,94035,29,180,180,0,True
1718294759,20083983,8724346586322247841911378343161,94035,29,180,180,0,True
1718294771,20083984,8724346586322247841911378343161,94035,29,180,180,0,True
1718294783,20083985,8724346586322247841911378343161,94035,29,180,180,0,True
1718294795,20083986,8724346586322247841911378343161,94035,29,180,180,0,True
1718294807,20083987,8724346586322247841911378343161,94035,29,180,180,0,True
1718294819,20083988,8724346586322247841911378343161,94035,29,180,180,0,True
1718294831,20083989,8639634546024963361876230882678,93840,30,180,180,0,True
1718294843,20083990,8639634546024963361876230882678,93840,30,180,180,0,True
1718294855,20083991,8639634546024963361876230882678,93840,30,180,180,0,True
1718294867,20083992,8639634546024963361876230882678,93840,30,180,180,0,True
1718294879,20083993,8639634546024963361876230882678,93840,30,180,180,0,True
1718294891,20083994,8639634546024963361876230882678,93840,30,180,180,0,True
1718294903,20083995,8639634546024963361876230882678,93840,30,180,180,0,True
1718294915,20083996,8639634546024963361876230882678,93840,30,180,180,0,True
1718294927,20083997,8639634546024963361876230882678,93840,30,180,180,0,True
1718294939,20083998,8639634546024963361876230882678,93840,30,180,180,0,True
1718294951,20083999,8639634546024963361876230882678,93840,30,180,180,0,True
1718294963,20084000,8639634546024963361876230882678,93840,30,180,180,0,True
1718294975,20084001,8639634546024963361876230882678,93840,30,180,180,0,True
1718294987,20084002,8639634546024963361876230882678,93840,30,180,180,0,True
1718294999,20084003,8639634546024963361876230882678,93840,30,180,180,0,True
1718295011,20084004,8639634546024963361876230882678,93840,30,180,180,0,True
1718295023,20084005,8639634546024963361876230882678,93840,30,180,180,0,True
1718295035,20084006,8639634546024963361876230882678,93840,30,180,180,0,True
1718295047,20084007,8639634546024963361876230882678,93840,30,180,180,0,True
1718295059,20084008,8639634546024963361876230882678,93840,30,180,180,0,True
1718295071,20084009,8639634546024963361876230882678,93840,30,180,180,0,True
1718295083,20084010,8639634546024963361876230882678,93840,30,180,180,0,True
1718295095,20084011,8639634546024963361876230882678,93840,30,180,180,0,True
1718295107,20084012,8639634546024963361876230882678,93840,30,180,180,0,True
1718295119,20084013,8639634546024963361876230882678,93840,30,180,180,0,True
1718295131,20084014,8639634546024963361876230882678,93840,30,180,180,0,True
1718295143,20084015,8639634546024963361876230882678,93840,30,180,180,0,True
1718295155,20084016,8639634546024963361876230882678,93840,30,180,180,0,True
1718295167,20084017,8639634546024963361876230882678,93840,30,180,180,0,True
1718295179,20084018,8639634546024963361876230882678,93840,30,180,180,0,True
1718295191,20084019,8639634546024963361876230882678,93840,30,180,180,0,True
1718295203,20084020,8639634546024963361876230882678,93840,30,180,180,0,True
1718295215,20084021,8639634546024963361876230882678,93840,30,180,180,0,True
1718295227,20084022,8639634546024963361876230882678,93840,30,180,180,0,True
1718295239,20084023,8639634546024963361876230882678,93840,30,180,180,0,True
1718295251,20084024,8639634546024963361876230882678,93840,30,180,180,0,True
1718295263,20084025,8639634546024963361876230882678,93840,30,180,180,0,True
1718295275,20084026,8639634546024963361876230882678,93840,30,180,180,0,True
1718295287,20084027,8639634546024963361876230882678,93840,30,180,180,0,True
1718295299,20084028,8639634546024963361876230882678,93840,30,180,180,0,True
1718295311,20084029,8639634546024963361876230882678,93840,30,180,180,0,True
1718295323,20084030,8639634546024963361876230882678,93840,30,180,180,0,True
1718295335,20084031,8639634546024963361876230882678,93840,30,180,180,0,True
1718295347,20084032,8639634546024963361876230882678,93840,30,180,180,0,True
1718295359,20084033,8639634546024963361876230882678,93840,30,180,180,0,True
1718295371,20084034,8639634546024963361876230882678,93840,30,180,180,0,True
1718295383,20084035,8639634546024963361876230882678,93840,30,180,180,0,True
1718295395,20084036,8639634546024963361876230882678,93840,30,180,180,0,True
1718295407,20084037,8639634546024963361876230882678,93840,30,180,180,0,True
1718295419,20084038,8639634546024963361876230882678,93840,30,180,180,0,True
1718295431,20084039,8639634546024963361876230882678,93840,30,180,180,0,True
1718295443,20084040,8639634546024963361876230882678,93840,30,180,180,0,True
1718295455,20084041,8639634546024963361876230882678,93840,30,180,180,0,True
1718295467,20084042,8639634546024963361876230882678,93840,30,180,180,0,True
1718295479,20084043,8639634546024963361876230882678,93840,30,180,180,0,True
1718295491,20084044,8639634546024963361876230882678,93840,30,180,180,0,True
1718295503,20084045,8639634546024963361876230882678,93840,30,180,180,0,True
1718295515,20084046,8639634546024963361876230882678,93840,30,180,180,0,True
1718295527,20084047,8639634546024963361876230882678,93840,30,180,180,0,True
1718295539,20084048,8639634546024963361876230882678,93840,30,180,180,0,True
1718295551,20084049,8639634546024963361876230882678,93840,30,180,180,0,True
1718295563,20084050,8639634546024963361876230882678,93840,30,180,180,0,True
1718295575,20084051,8639634546024963361876230882678,93840,30,180,180,0,True
1718295587,20084052,8639634546024963361876230882678,93840,30,180,180,0,True
1718295599,20084053,8639634546024963361876230882678,93840,30,180,180,0,True
1718295611,20084054,8639634546024963361876230882678,93840,30,180,180,0,True
1718295623,20084055,8639634546024963361876230882678,93840,30,180,180,0,True
1718295635,20084056,8639634546024963361876230882678,93840,30,180,180,0,True
1718295647,20084057,8639634546024963361876230882678,93840,30,180,180,0,True
1718295659,20084058,8639634546024963361876230882678,93840,30,180,180,0,True
1718295671,20084059,8639634546024963361876230882678,93840,30,180,180,0,True
1718295683,20084060,8639634546024963361876230882678,93840,30,180,180,0,True
1718295695,20084061,8639634546024963361876230882678,93840,30,180,180,0,True
1718295707,20084062,8639634546024963361876230882678,93840,30,180,180,0,True
1718295719,20084063,8639634546024963361876230882678,93840,30,180,180,0,True
1718295731,20084064,8639634546024963361876230882678,93840,30,180,180,0,True
1718295743,20084065,8639634546024963361876230882678,93840,30,180,180,0,True
1718295755,20084066,8639634546024963361876230882678,93840,30,180,180,0,True
1718295767,20084067,8639634546024963361876230882678,93840,30,180,180,0,True
1718295779,20084068,8639634546024963361876230882678,93840,30,180,180,0,True
1718295791,20084069,8639634546024963361876230882678,93840,30,180,180,0,True
1718295803,20084070,8639634546024963361876230882678,93840,30,180,180,0,True
1718295815,20084071,8639634546024963361876230882678,93840,30,180,180,0,True
1718295827,20084072,8639634546024963361876230882678,93840,30,180,180,0,True
1718295839,20084073,8639634546024963361876230882678,93840,30,180,180,0,True
1718295851,20084074,8639634546024963361876230882678,93840,30,180,180,0,True
1718295863,20084075,8639634546024963361876230882678,93840,30,180,180,0,True
1718295875,20084076,8639634546024963361876230882678,93840,30,180,180,0,True
1718295887,20084077,8639634546024963361876230882678,93840,30,180,180,0,True
1718295899,20084078,8639634546024963361876230882678,93840,30,180,180,0,True
1718295911,20084079,8639634546024963361876230882678,93840,30,180,180,0,True
1718295923,20084080,8639634546024963361876230882678,93840,30,180,180,0,True
1718295935,20084081,8639634546024963361876230882678,93840,30,180,180,0,True
1718295947,20084082,8639634546024963361876230882678,93840,30,180,180,0,True
1718295959,20084083,8639634546024963361876230882678,93840,30,180,180,0,True
1718295983,20084084,8639634546024963361876230882678,93840,30,180,180,0,True
1718295995,20084085,8639634546024963361876230882678,93840,30,180,180,0,True
1718296007,20084086,8639634546024963361876230882678,93840,30,180,180,0,True
1718296019,20084087,8639634546024963361876230882678,93840,30,180,180,0,True
1718296031,20084088,8639634546024963361876230882678,93840,30,180,180,0,True
1718296043,20084089,8639634546024963361876230882678,93840,30,180,180,0,True
1718296055,20084090,8639634546024963361876230882678,93840,30,180,180,0,True
1718296067,20084091,8639634546024963361876230882678,93840,30,180,180,0,True
1718296079,20084092,8639634546024963361876230882678,93840,30,180,180,0,True
1718296091,20084093,8639634546024963361876230882678,93840,30,180,180,0,True
1718296103,20084094,8576505739766494535947979576176,93693,31,180,180,0,True
1718296115,20084095,8576505739766494535947979576176,93693,31,180,180,0,True
1718296127,20084096,8576505739766494535947979576176,93693,31,180,180,0,True
1718296139,20084097,8576505739766494535947979576176,93693,31,180,180,0,True
1718296151,20084098,8576505739766494535947979576176,93693,31,180,180,0,True
1718296163,20084099,8576505739766494535947979576176,93693,31,180,180,0,True
1718296175,20084100,8576505739766494535947979576176,93693,31,180,180,0,True
1718296187,20084101,8576505739766494535947979576176,93693,31,180,180,0,True
1718296199,20084102,8576505739766494535947979576176,93693,31,180,180,0,True
1718296211,20084103,8576505739766494535947979576176,93693,31,180,180,0,True
1718296223,20084104,8576505739766494535947979576176,93693,31,180,180,0,True
1718296235,20084105,8576505739766494535947979576176,93693,31,180,180,0,True
1718296247,20084106,8576505739766494535947979576176,93693,31,180,180,0,True
1718296259,20084107,8576505739766494535947979576176,93693,31,180,180,0,True
1718296271,20084108,8576505739766494535947979576176,93693,31,180,180,0,True
1718296283,20084109,8576505739766494535947979576176,93693,31,180,180,0,True
1718296295,20084110,8576505739766494535947979576176,93693,31,180,180,0,True
1718296307,20084111,8576505739766494535947979576176,93693,31,180,180,0,True
1718296319,20084112,8576505739766494535947979576176,93693,31,180,180,0,True
1718296331,20084113,8576505739766494535947979576176,93693,31,180,180,0,True
1718296343,20084114,8576505739766494535947979576176,93693,31,180,180,0,True
1718296355,20084115,8576505739766494535947979576176,93693,31,180,180,0,True
1718296367,20084116,8576505739766494535947979576176,93693,31,180,180,0,True
1718296391,20084117,8576505739766494535947979576176,93693,31,180,180,0,True
1718296403,20084118,8576505739766494535947979576176,93693,31,180,180,0,True
1718296415,20084119,8576505739766494535947979576176,93693,31,180,180,0,True
1718296427,20084120,8576505739766494535947979576176,93693,31,180,180,0,True
1718296439,20084121,8576505739766494535947979576176,93693,31,180,180,0,True
1718296451,20084122,8576505739766494535947979576176,93693,31,180,180,0,True
1718296463,20084123,8576505739766494535947979576176,93693,31,180,180,0,True
1718296475,20084124,8576505739766494535947979576176,93693,31,180,180,0,True
1718296487,20084125,8576505739766494535947979576176,93693,31,180,180,0,True
1718296499,20084126,8576505739766494535947979576176,93693,31,180,180,0,True
1718296511,20084127,8576505739766494535947979576176,93693,31,180,180,0,True
1718296523,20084128,8576505739766494535947979576176,93693,31,180,180,0,True
1718296535,20084129,8576505739766494535947979576176,93693,31,180,180,0,True
1718296547,20084130,8576505739766494535947979576176,93693,31,180,180,0,True
1718296559,20084131,8576505739766494535947979576176,93693,31,180,180,0,True
1718296571,20084132,8576505739766494535947979576176,93693,31,180,180,0,True
1718296583,20084133,8576505739766494535947979576176,93693,31,180,180,0,True
1718296595,20084134,8576505739766494535947979576176,93693,31,180,180,0,True
1718296607,20084135,8576505739766494535947979576176,93693,31,180,180,0,True
1718296619,20084136,8576505739766494535947979576176,93693,31,180,180,0,True
1718296631,20084137,8576505739766494535947979576176,93693,31,180,180,0,True
1718296643,20084138,8576505739766494535947979576176,93693,31,180,180,0,True
1718296655,20084139,8576505739766494535947979576176,93693,31,180,180,0,True
1718296667,20084140,8576505739766494535947979576176,93693,31,180,180,0,True
1718296679,20084141,8576505739766494535947979576176,93693,31,180,180,0,True
1718296691,20084142,8576505739766494535947979576176,93693,31,180,180,0,True
1718296703,20084143,8576505739766494535947979576176,93693,31,180,180,0,True
1718296715,20084144,8576505739766494535947979576176,93693,31,180,180,0,True
1718296727,20084145,8576505739766494535947979576176,93693,31,180,180,0,True
1718296739,20084146,8576505739766494535947979576176,93693,31,180,180,0,True
1718296751,20084147,8576505739766494535947979576176,93693,31,180,180,0,True
1718296763,20084148,8576505739766494535947979576176,93693,31,180,180,0,True
1718296775,20084149,8576505739766494535947979576176,93693,31,180,180,0,True
1718296787,20084150,8576505739766494535947979576176,93693,31,180,180,0,True
1718296799,20084151,8576505739766494535947979576176,93693,31,180,180,0,True
1718296811,20084152,8576505739766494535947979576176,93693,31,180,180,0,True
1718296823,20084153,8576505739766494535947979576176,93693,31,180,180,0,True
1718296835,20084154,8576505739766494535947979576176,93693,31,180,180,0,True
1718296847,20084155,8576505739766494535947979576176,93693,31,180,180,0,True
1718296859,20084156,8576505739766494535947979576176,93693,31,180,180,0,True
1718296871,20084157,8576505739766494535947979576176,93693,31,180,180,0,True
1718296883,20084158,8576505739766494535947979576176,93693,31,180,180,0,True
1718296895,20084159,8576505739766494535947979576176,93693,31,180,180,0,True
1718296907,20084160,8576505739766494535947979576176,93693,31,180,180,0,True
1718296919,20084161,8576505739766494535947979576176,93693,31,180,180,0,True
1718296931,20084162,8576505739766494535947979576176,93693,31,180,180,0,True
1718296943,20084163,8506489321821647403564795906436,93529,32,180,180,0,True
1718296955,20084164,8506489321821647403564795906436,93529,32,180,180,0,True
1718296967,20084165,8506489321821647403564795906436,93529,32,180,180,0,True
1718296979,20084166,8506489321821647403564795906436,93529,32,180,180,0,True
1718296991,20084167,8506489321821647403564795906436,93529,32,180,180,0,True
1718297003,20084168,8506489321821647403564795906436,93529,32,180,180,0,True
1718297015,20084169,8506489321821647403564795906436,93529,32,180,180,0,True
1718297027,20084170,8506489321821647403564795906436,93529,32,180,180,0,True
1718297039,20084171,8506489321821647403564795906436,93529,32,180,180,0,True
1718297051,20084172,8506489321821647403564795906436,93529,32,180,180,0,True
1718297063,20084173,8506489321821647403564795906436,93529,32,180,180,0,True
1718297075,20084174,8506489321821647403564795906436,93529,32,180,180,0,True
1718297087,20084175,8506489321821647403564795906436,93529,32,180,180,0,True
1718297099,20084176,8506489321821647403564795906436,93529,32,180,180,0,True
1718297111,20084177,8506489321821647403564795906436,93529,32,180,180,0,True
1718297123,20084178,8506489321821647403564795906436,93529,32,180,180,0,True
1718297135,20084179,8506489321821647403564795906436,93529,32,180,180,0,True
1718297147,20084180,8506489321821647403564795906436,93529,32,180,180,0,True
1718297159,20084181,8506489321821647403564795906436,93529,32,180,180,0,True
1718297171,20084182,8506489321821647403564795906436,93529,32,180,180,0,True
1718297183,20084183,8506489321821647403564795906436,93529,32,180,180,0,True
1718297195,20084184,8506489321821647403564795906436,93529,32,180,180,0,True
1718297207,20084185,8506489321821647403564795906436,93529,32,180,180,0,True
1718297219,20084186,8506489321821647403564795906436,93529,32,180,180,0,True
1718297231,20084187,8506489321821647403564795906436,93529,32,180,180,0,True
1718297243,20084188,8506489321821647403564795906436,93529,32,180,180,0,True
1718297255,20084189,8506489321821647403564795906436,93529,32,180,180,0,True
1718297267,20084190,8506489321821647403564795906436,93529,32,180,180,0,True
1718297279,20084191,8506489321821647403564795906436,93529,32,180,180,0,True
1718297291,20084192,8409874764551130532897111881180,93301,33,180,180,0,True
1718297303,20084193,8475719254296096275493212729732,93457,34,180,180,0,True
1718297315,20084194,8475719254296096275493212729732,93457,34,180,180,0,True
1718297327,20084195,8475719254296096275493212729732,93457,34,180,180,0,True
1718297339,20084196,8475719254296096275493212729732,93457,34,180,180,0,True
1718297351,20084197,8475719254296096275493212729732,93457,34,180,180,0,True
1718297363,20084198,8475719254296096275493212729732,93457,34,180,180,0,True
1718297375,20084199,8475719254296096275493212729732,93457,34,180,180,0,True
1718297387,20084200,8475719254296096275493212729732,93457,34,180,180,0,True
1718297399,20084201,8475719254296096275493212729732,93457,34,180,180,0,True
1718297411,20084202,8475719254296096275493212729732,93457,34,180,180,0,True
1718297423,20084203,8475719254296096275493212729732,93457,34,180,180,0,True
1718297435,20084204,8475719254296096275493212729732,93457,34,180,180,0,True
1718297447,20084205,8475719254296096275493212729732,93457,34,180,180,0,True
1718297459,20084206,8475719254296096275493212729732,93457,34,180,180,0,True
1718297471,20084207,8475719254296096275493212729732,93457,34,180,180,0,True
1718297483,20084208,8475719254296096275493212729732,93457,34,180,180,0,True
1718297495,20084209,8475719254296096275493212729732,93457,34,180,180,0,True
1718297507,20084210,8475719254296096275493212729732,93457,34,180,180,0,True
1718297519,20084211,8475719254296096275493212729732,93457,34,180,180,0,True
1718297531,20084212,8475719254296096275493212729732,93457,34,180,180,0,True
1718297543,20084213,8475719254296096275493212729732,93457,34,180,180,0,True
1718297555,20084214,8475719254296096275493212729732,93457,34,180,180,0,True
1718297567,20084215,8475719254296096275493212729732,93457,34,180,180,0,True
1718297579,20084216,8475719254296096275493212729732,93457,34,180,180,0,True
1718297591,20084217,8475719254296096275493212729732,93457,34,180,180,0,True
1718297603,20084218,8475719254296096275493212729732,93457,34,180,180,0,True
1718297615,20084219,8533463419733348967307819717753,93593,35,180,180,0,True
1718297627,20084220,8533463419733348967307819717753,93593,35,180,180,0,True
1718297639,20084221,8533463419733348967307819717753,93593,35,180,180,0,True
1718297663,20084222,8533463419733348967307819717753,93593,35,180,180,0,True
1718297675,20084223,8533463419733348967307819717753,93593,35,180,180,0,True
1718297687,20084224,8533463419733348967307819717753,93593,35,180,180,0,True
1718297699,20084225,8533463419733348967307819717753,93593,35,180,180,0,True
1718297711,20084226,8533463419733348967307819717753,93593,35,180,180,0,True
1718297723,20084227,8533463419733348967307819717753,93593,35,180,180,0,True
1718297735,20084228,8533463419733348967307819717753,93593,35,180,180,0,True
1718297747,20084229,8533463419733348967307819717753,93593,35,180,180,0,True
1718297759,20084230,8533463419733348967307819717753,93593,35,180,180,0,True
1718297771,20084231,8533463419733348967307819717753,93593,35,180,180,0,True
1718297783,20084232,8533463419733348967307819717753,93593,35,180,180,0,True
1718297795,20084233,8533463419733348967307819717753,93593,35,180,180,0,True
1718297807,20084234,8533463419733348967307819717753,93593,35,180,180,0,True
1718297819,20084235,8533463419733348967307819717753,93593,35,180,180,0,True
1718297831,20084236,8533463419733348967307819717753,93593,35,180,180,0,True
1718297843,20084237,8533463419733348967307819717753,93593,35,180,180,0,True
1718297855,20084238,8533463419733348967307819717753,93593,35,180,180,0,True
1718297867,20084239,8533463419733348967307819717753,93593,35,180,180,0,True
1718297879,20084240,8533463419733348967307819717753,93593,35,180,180,0,True
1718297891,20084241,8533463419733348967307819717753,93593,35,180,180,0,True
1718297903,20084242,8533463419733348967307819717753,93593,35,180,180,0,True
1718297915,20084243,8533463419733348967307819717753,93593,35,180,180,0,True
1718297927,20084244,8533463419733348967307819717753,93593,35,180,180,0,True
1718297939,20084245,8533463419733348967307819717753,93593,35,180,180,0,True
1718297951,20084246,8533463419733348967307819717753,93593,35,180,180,0,True
1718297963,20084247,8533463419733348967307819717753,93593,35,180,180,0,True
1718297975,20084248,8533463419733348967307819717753,93593,35,180,180,0,True
1718297987,20084249,8533463419733348967307819717753,93593,35,180,180,0,True
1718297999,20084250,8533463419733348967307819717753,93593,35,180,180,0,True
1718298011,20084251,8533463419733348967307819717753,93593,35,180,180,0,True
1718298023,20084252,8533463419733348967307819717753,93593,35,180,180,0,True
1718298035,20084253,8533463419733348967307819717753,93593,35,180,180,0,True
1718298047,20084254,8533463419733348967307819717753,93593,35,180,180,0,True
1718298059,20084255,8533463419733348967307819717753,93593,35,180,180,0,True
1718298071,20084256,8533463419733348967307819717753,93593,35,180,180,0,True
1718298083,20084257,8533463419733348967307819717753,93593,35,180,180,0,True
1718298095,20084258,8533463419733348967307819717753,93593,35,180,180,0,True
1718298107,20084259,8533463419733348967307819717753,93593,35,180,180,0,True
1718298119,20084260,8533463419733348967307819717753,93593,35,180,180,0,True
1718298131,20084261,8533463419733348967307819717753,93593,35,180,180,0,True
1718298143,20084262,8533463419733348967307819717753,93593,35,180,180,0,True
1718298155,20084263,8533463419733348967307819717753,93593,35,180,180,0,True
1718298167,20084264,8533463419733348967307819717753,93593,35,180,180,0,True
1718298179,20084265,8533463419733348967307819717753,93593,35,180,180,0,True
1718298191,20084266,8533463419733348967307819717753,93593,35,180,180,0,True
1718298203,20084267,8533463419733348967307819717753,93593,35,180,180,0,True
1718298215,20084268,8533463419733348967307819717753,93593,35,180,180,0,True
1718298227,20084269,8533463419733348967307819717753,93593,35,180,180,0,True
1718298239,20084270,8533463419733348967307819717753,93593,35,180,180,0,True
1718298251,20084271,8533463419733348967307819717753,93593,35,180,180,0,True
1718298263,20084272,8533463419733348967307819717753,93593,35,180,180,0,True
1718298275,20084273,8533463419733348967307819717753,93593,35,180,180,0,True
1718298287,20084274,8533463419733348967307819717753,93593,35,180,180,0,True
1718298299,20084275,8533463419733348967307819717753,93593,35,180,180,0,True
1718298311,20084276,8533463419733348967307819717753,93593,35,180,180,0,True
1718298323,20084277,8533463419733348967307819717753,93593,35,180,180,0,True
1718298335,20084278,8533463419733348967307819717753,93593,35,180,180,0,True
1718298347,20084279,8533463419733348967307819717753,93593,35,180,180,0,True
1718298359,20084280,8533463419733348967307819717753,93593,35,180,180,0,True
1718298371,20084281,8533463419733348967307819717753,93593,35,180,180,0,True
1718298383,20084282,8533463419733348967307819717753,93593,35,180,180,0,True
1718298395,20084283,8533463419733348967307819717753,93593,35,180,180,0,True
1718298407,20084284,8533463419733348967307819717753,93593,35,180,180,0,True
1718298431,20084285,8533463419733348967307819717753,93593,35,180,180,0,True
1718298443,20084286,8533463419733348967307819717753,93593,35,180,180,0,True
1718298455,20084287,8533463419733348967307819717753,93593,35,180,180,0,True
1718298467,20084288,8533463419733348967307819717753,93593,35,180,180,0,True
1718298479,20084289,8533463419733348967307819717753,93593,35,180,180,0,True
1718298491,20084290,8533463419733348967307819717753,93593,35,180,180,0,True
1718298503,20084291,8533463419733348967307819717753,93593,35,180,180,0,True
1718298515,20084292,8533463419733348967307819717753,93593,35,180,180,0,True
1718298527,20084293,8533463419733348967307819717753,93593,35,180,180,0,True
1718298539,20084294,8533463419733348967307819717753,93593,35,180,180,0,True
1718298551,20084295,8533463419733348967307819717753,93593,35,180,180,0,True
1718298563,20084296,8533463419733348967307819717753,93593,35,180,180,0,True
1718298575,20084297,8533463419733348967307819717753,93593,35,180,180,0,True
1718298587,20084298,8533463419733348967307819717753,93593,35,180,180,0,True
1718298599,20084299,8533463419733348967307819717753,93593,35,180,180,0,True
1718298611,20084300,8590833476403878227030752113929,93727,36,180,180,0,True
1718298623,20084301,8590833476403878227030752113929,93727,36,180,180,0,True
1718298635,20084302,8590833476403878227030752113929,93727,36,180,180,0,True
1718298647,20084303,8590833476403878227030752113929,93727,36,180,180,0,True
1718298659,20084304,8590833476403878227030752113929,93727,36,180,180,0,True
1718298671,20084305,8590833476403878227030752113929,93727,36,180,180,0,True
1718298683,20084306,8590833476403878227030752113929,93727,36,180,180,0,True
1718298695,20084307,8590833476403878227030752113929,93727,36,180,180,0,True
1718298707,20084308,8590833476403878227030752113929,93727,36,180,180,0,True
1718298719,20084309,8590833476403878227030752113929,93727,36,180,180,0,True
1718298731,20084310,8590833476403878227030752113929,93727,36,180,180,0,True
1718298743,20084311,8590833476403878227030752113929,93727,36,180,180,0,True
1718298755,20084312,8590833476403878227030752113929,93727,36,180,180,0,True
1718298767,20084313,8590833476403878227030752113929,93727,36,180,180,0,True
1718298779,20084314,8590833476403878227030752113929,93727,36,180,180,0,True
1718298791,20084315,8590833476403878227030752113929,93727,36,180,180,0,True
1718298803,20084316,8590833476403878227030752113929,93727,36,180,180,0,True
1718298815,20084317,8590833476403878227030752113929,93727,36,180,180,0,True
1718298827,20084318,8590833476403878227030752113929,93727,36,180,180,0,True
1718298839,20084319,8520076760345864094732109298027,93561,37,180,180,0,True
1718298851,20084320,8520076760345864094732109298027,93561,37,180,180,0,True
1718298863,20084321,8520076760345864094732109298027,93561,37,180,180,0,True
1718298887,20084322,8520076760345864094732109298027,93561,37,180,180,0,True
1718298899,20084323,8520076760345864094732109298027,93561,37,180,180,0,True
1718298911,20084324,8520076760345864094732109298027,93561,37,180,180,0,True
1718298923,20084325,8520076760345864094732109298027,93561,37,180,180,0,True
1718298935,20084326,8578308137676123158999261230198,93697,38,180,180,0,True
1718298947,20084327,8578308137676123158999261230198,93697,38,180,180,0,True
1718298959,20084328,8578308137676123158999261230198,93697,38,180,180,0,True
1718298971,20084329,8578308137676123158999261230198,93697,38,180,180,0,True
1718298983,20084330,8578308137676123158999261230198,93697,38,180,180,0,True
1718298995,20084331,8578308137676123158999261230198,93697,38,180,180,0,True
1718299007,20084332,8578308137676123158999261230198,93697,38,180,180,0,True
1718299019,20084333,8578308137676123158999261230198,93697,38,180,180,0,True
1718299031,20084334,8578308137676123158999261230198,93697,38,180,180,0,True
1718299043,20084335,8578308137676123158999261230198,93697,38,180,180,0,True
1718299055,20084336,8578308137676123158999261230198,93697,38,180,180,0,True
1718299067,20084337,8578308137676123158999261230198,93697,38,180,180,0,True
1718299079,20084338,8578308137676123158999261230198,93697,38,180,180,0,True
1718299091,20084339,8578308137676123158999261230198,93697,38,180,180,0,True
1718299103,20084340,8578308137676123158999261230198,93697,38,180,180,0,True
1718299115,20084341,8578308137676123158999261230198,93697,38,180,180,0,True
1718299127,20084342,8578308137676123158999261230198,93697,38,180,180,0,True
1718299139,20084343,8578308137676123158999261230198,93697,38,180,180,0,True
1718299151,20084344,8578308137676123158999261230198,93697,38,180,180,0,True
1718299163,20084345,8578308137676123158999261230198,93697,38,180,180,0,True
1718299175,20084346,8578308137676123158999261230198,93697,38,180,180,0,True
1718299187,20084347,8578308137676123158999261230198,93697,38,180,180,0,True
1718299199,20084348,8578308137676123158999261230198,93697,38,180,180,0,True
1718299211,20084349,8578308137676123158999261230198,93697,38,180,180,0,True
1718299223,20084350,8578308137676123158999261230198,93697,38,180,180,0,True
1718299235,20084351,8578308137676123158999261230198,93697,38,180,180,0,True
1718299247,20084352,8578308137676123158999261230198,93697,38,180,180,0,True
1718299259,20084353,8578308137676123158999261230198,93697,38,180,180,0,True
1718299271,20084354,8578308137676123158999261230198,93697,38,180,180,0,True
1718299283,20084355,8578308137676123158999261230198,93697,38,180,180,0,True
1718299295,20084356,8578308137676123158999261230198,93697,38,180,180,0,True
1718299307,20084357,8578308137676123158999261230198,93697,38,180,180,0,True
1718299319,20084358,8578308137676123158999261230198,93697,38,180,180,0,True
1718299331,20084359,8578308137676123158999261230198,93697,38,180,180,0,True
1718299343,20084360,8578308137676123158999261230198,93697,38,180,180,0,True
1718299355,20084361,8578308137676123158999261230198,93697,38,180,180,0,True
1718299367,20084362,8578308137676123158999261230198,93697,38,180,180,0,True
1718299379,20084363,8578308137676123158999261230198,93697,38,180,180,0,True
1718299391,20084364,8578308137676123158999261230198,93697,38,180,180,0,True
1718299403,20084365,8578308137676123158999261230198,93697,38,180,180,0,True
1718299415,20084366,8578308137676123158999261230198,93697,38,180,180,0,True
1718299427,20084367,8578308137676123158999261230198,93697,38,180,180,0,True
1718299439,20084368,8578308137676123158999261230198,93697,38,180,180,0,True
1718299451,20084369,8578308137676123158999261230198,93697,38,180,180,0,True
1718299463,20084370,8578308137676123158999261230198,93697,38,180,180,0,True
1718299475,20084371,8578308137676123158999261230198,93697,38,180,180,0,True
1718299487,20084372,8578308137676123158999261230198,93697,38,180,180,0,True
1718299499,20084373,8578308137676123158999261230198,93697,38,180,180,0,True
1718299511,20084374,8578308137676123158999261230198,93697,38,180,180,0,True
1718299523,20084375,8578308137676123158999261230198,93697,38,180,180,0,True
1718299535,20084376,8578308137676123158999261230198,93697,38,180,180,0,True
1718299547,20084377,8578308137676123158999261230198,93697,38,180,180,0,True
1718299559,20084378,8578308137676123158999261230198,93697,38,180,180,0,True
1718299583,20084379,8578308137676123158999261230198,93697,38,180,180,0,True
1718299595,20084380,8578308137676123158999261230198,93697,38,180,180,0,True
1718299607,20084381,8578308137676123158999261230198,93697,38,180,180,0,True
1718299619,20084382,8578308137676123158999261230198,93697,38,180,180,0,True
1718299631,20084383,8578308137676123158999261230198,93697,38,180,180,0,True
1718299643,20084384,8578308137676123158999261230198,93697,38,180,180,0,True
1718299655,20084385,8578308137676123158999261230198,93697,38,180,180,0,True
1718299667,20084386,8578308137676123158999261230198,93697,38,180,180,0,True
1718299679,20084387,8578308137676123158999261230198,93697,38,180,180,0,True
1718299691,20084388,8578308137676123158999261230198,93697,38,180,180,0,True
1718299703,20084389,8578308137676123158999261230198,93697,38,180,180,0,True
1718299715,20084390,8578308137676123158999261230198,93697,38,180,180,0,True
1718299727,20084391,8578308137676123158999261230198,93697,38,180,180,0,True
1718299739,20084392,8578308137676123158999261230198,93697,38,180,180,0,True
1718299751,20084393,8578308137676123158999261230198,93697,38,180,180,0,True
1718299763,20084394,8578308137676123158999261230198,93697,38,180,180,0,True
1718299775,20084395,8578308137676123158999261230198,93697,38,180,180,0,True
1718299787,20084396,8578308137676123158999261230198,93697,38,180,180,0,True
1718299799,20084397,8578308137676123158999261230198,93697,38,180,180,0,True
1718299811,20084398,8578308137676123158999261230198,93697,38,180,180,0,True
1718299823,20084399,8578308137676123158999261230198,93697,38,180,180,0,True
1718299835,20084400,8578308137676123158999261230198,93697,38,180,180,0,True
1718299847,20084401,8578308137676123158999261230198,93697,38,180,180,0,True
1718299859,20084402,8578308137676123158999261230198,93697,38,180,180,0,True
1718299871,20084403,8578308137676123158999261230198,93697,38,180,180,0,True
1718299883,20084404,8578308137676123158999261230198,93697,38,180,180,0,True
1718299895,20084405,8578308137676123158999261230198,93697,38,180,180,0,True
1718299907,20084406,8578308137676123158999261230198,93697,38,180,180,0,True
1718299919,20084407,8578308137676123158999261230198,93697,38,180,180,0,True
1718299931,20084408,8578308137676123158999261230198,93697,38,180,180,0,True
1718299943,20084409,8578308137676123158999261230198,93697,38,180,180,0,True
1718299955,20084410,8578308137676123158999261230198,93697,38,180,180,0,True
1718299967,20084411,8578308137676123158999261230198,93697,38,180,180,0,True
1718299979,20084412,8578308137676123158999261230198,93697,38,180,180,0,True
1718299991,20084413,8578308137676123158999261230198,93697,38,180,180,0,True
1718300003,20084414,8578308137676123158999261230198,93697,38,180,180,0,True
1718300015,20084415,8578308137676123158999261230198,93697,38,180,180,0,True
1718300027,20084416,8578308137676123158999261230198,93697,38,180,180,0,True
1718300039,20084417,8578308137676123158999261230198,93697,38,180,180,0,True
1718300051,20084418,8578308137676123158999261230198,93697,38,180,180,0,True
1718300063,20084419,8578308137676123158999261230198,93697,38,180,180,0,True
1718300075,20084420,8578308137676123158999261230198,93697,38,180,180,0,True
1718300087,20084421,8578308137676123158999261230198,93697,38,180,180,0,True
1718300099,20084422,8578308137676123158999261230198,93697,38,180,180,0,True
1718300111,20084423,8578308137676123158999261230198,93697,38,180,180,0,True
1718300123,20084424,8578308137676123158999261230198,93697,38,180,180,0,True
1718300135,20084425,8578308137676123158999261230198,93697,38,180,180,0,True
1718300147,20084426,8578308137676123158999261230198,93697,38,180,180,0,True
1718300159,20084427,8578308137676123158999261230198,93697,38,180,180,0,True
1718300171,20084428,8578308137676123158999261230198,93697,38,180,180,0,True
1718300183,20084429,8578308137676123158999261230198,93697,38,180,180,0,True
1718300195,20084430,8578308137676123158999261230198,93697,38,180,180,0,True
1718300207,20084431,8578308137676123158999261230198,93697,38,180,180,0,True
1718300219,20084432,8578308137676123158999261230198,93697,38,180,180,0,True
1718300231,20084433,8578308137676123158999261230198,93697,38,180,180,0,True
1718300243,20084434,8578308137676123158999261230198,93697,38,180,180,0,True
1718300255,20084435,8578308137676123158999261230198,93697,38,180,180,0,True
1718300267,20084436,8578308137676123158999261230198,93697,38,180,180,0,True
1718300279,20084437,8578308137676123158999261230198,93697,38,180,180,0,True
1718300291,20084438,8578308137676123158999261230198,93697,38,180,180,0,True
1718300303,20084439,8578308137676123158999261230198,93697,38,180,180,0,True
1718300315,20084440,8578308137676123158999261230198,93697,38,180,180,0,True
1718300327,20084441,8578308137676123158999261230198,93697,38,180,180,0,True
1718300339,20084442,8578308137676123158999261230198,93697,38,180,180,0,True
1718300351,20084443,8578308137676123158999261230198,93697,38,180,180,0,True
1718300363,20084444,8578308137676123158999261230198,93697,38,180,180,0,True
1718300375,20084445,8578308137676123158999261230198,93697,38,180,180,0,True
1718300387,20084446,8578308137676123158999261230198,93697,38,180,180,0,True
1718300399,20084447,8578308137676123158999261230198,93697,38,180,180,0,True
1718300411,20084448,8578308137676123158999261230198,93697,38,180,180,0,True
1718300423,20084449,8578308137676123158999261230198,93697,38,180,180,0,True
1718300435,20084450,8578308137676123158999261230198,93697,38,180,180,0,True
1718300447,20084451,8578308137676123158999261230198,93697,38,180,180,0,True
1718300459,20084452,8578308137676123158999261230198,93697,38,180,180,0,True
1718300471,20084453,8578308137676123158999261230198,93697,38,180,180,0,True
1718300483,20084454,8578308137676123158999261230198,93697,38,180,180,0,True
1718300495,20084455,8578308137676123158999261230198,93697,38,180,180,0,True
1718300507,20084456,8578308137676123158999261230198,93697,38,180,180,0,True
1718300519,20084457,8578308137676123158999261230198,93697,38,180,180,0,True
1718300531,20084458,8578308137676123158999261230198,93697,38,180,180,0,True
1718300543,20084459,8578308137676123158999261230198,93697,38,180,180,0,True
1718300555,20084460,8578308137676123158999261230198,93697,38,180,180,0,True
1718300567,20084461,8578308137676123158999261230198,93697,38,180,180,0,True
1718300579,20084462,8578308137676123158999261230198,93697,38,180,180,0,True
1718300591,20084463,8578308137676123158999261230198,93697,38,180,180,0,True
1718300603,20084464,8578308137676123158999261230198,93697,38,180,180,0,True
1718300615,20084465,8578308137676123158999261230198,93697,38,180,180,0,True
1718300627,20084466,8578308137676123158999261230198,93697,38,180,180,0,True
1718300639,20084467,8578308137676123158999261230198,93697,38,180,180,0,True
1718300651,20084468,8578308137676123158999261230198,93697,38,180,180,0,True
1718300663,20084469,8624037476944728281034889557158,93804,39,180,180,0,True
1718300675,20084470,8624037476944728281034889557158,93804,39,180,180,0,True
1718300687,20084471,8624037476944728281034889557158,93804,39,180,180,0,True
1718300699,20084472,8624037476944728281034889557158,93804,39,180,180,0,True
1718300711,20084473,8624037476944728281034889557158,93804,39,180,180,0,True
1718300723,20084474,8624037476944728281034889557158,93804,39,180,180,0,True
1718300735,20084475,8624037476944728281034889557158,93804,39,180,180,0,True
1718300747,20084476,8624037476944728281034889557158,93804,39,180,180,0,True
1718300771,20084477,8624037476944728281034889557158,93804,39,180,180,0,True
1718300783,20084478,8624037476944728281034889557158,93804,39,180,180,0,True
1718300795,20084479,8624037476944728281034889557158,93804,39,180,180,0,True
1718300807,20084480,8624037476944728281034889557158,93804,39,180,180,0,True
1718300819,20084481,8624037476944728281034889557158,93804,39,180,180,0,True
1718300831,20084482,8624037476944728281034889557158,93804,39,180,180,0,True
1718300843,20084483,8624037476944728281034889557158,93804,39,180,180,0,True
1718300855,20084484,8624037476944728281034889557158,93804,39,180,180,0,True
1718300867,20084485,8624037476944728281034889557158,93804,39,180,180,0,True
1718300879,20084486,8624037476944728281034889557158,93804,39,180,180,0,True
1718300891,20084487,8624037476944728281034889557158,93804,39,180,180,0,True
1718300903,20084488,8624037476944728281034889557158,93804,39,180,180,0,True
1718300915,20084489,8624037476944728281034889557158,93804,39,180,180,0,True
1718300927,20084490,8624037476944728281034889557158,93804,39,180,180,0,True
1718300939,20084491,8624037476944728281034889557158,93804,39,180,180,0,True
1718300951,20084492,8624037476944728281034889557158,93804,39,180,180,0,True
1718300963,20084493,8624037476944728281034889557158,93804,39,180,180,0,True
1718300975,20084494,8624037476944728281034889557158,93804,39,180,180,0,True
1718300987,20084495,8624037476944728281034889557158,93804,39,180,180,0,True
1718300999,20084496,8624037476944728281034889557158,93804,39,180,180,0,True
1718301011,20084497,8624037476944728281034889557158,93804,39,180,180,0,True
1718301023,20084498,8624037476944728281034889557158,93804,39,180,180,0,True
1718301035,20084499,8624037476944728281034889557158,93804,39,180,180,0,True
1718301047,20084500,8624037476944728281034889557158,93804,39,180,180,0,True
1718301059,20084501,8624037476944728281034889557158,93804,39,180,180,0,True
1718301071,20084502,8624037476944728281034889557158,93804,39,180,180,0,True
1718301083,20084503,8624037476944728281034889557158,93804,39,180,180,0,True
1718301095,20084504,8624037476944728281034889557158,93804,39,180,180,0,True
1718301107,20084505,8624037476944728281034889557158,93804,39,180,180,0,True
1718301119,20084506,8624037476944728281034889557158,93804,39,180,180,0,True
1718301131,20084507,8624037476944728281034889557158,93804,39,180,180,0,True
1718301143,20084508,8624037476944728281034889557158,93804,39,180,180,0,True
1718301155,20084509,8624037476944728281034889557158,93804,39,180,180,0,True
1718301167,20084510,8624037476944728281034889557158,93804,39,180,180,0,True
1718301179,20084511,8624037476944728281034889557158,93804,39,180,180,0,True
1718301191,20084512,8624037476944728281034889557158,93804,39,180,180,0,True
1718301203,20084513,8624037476944728281034889557158,93804,39,180,180,0,True
1718301215,20084514,8624037476944728281034889557158,93804,39,180,180,0,True
1718301227,20084515,8624037476944728281034889557158,93804,39,180,180,0,True
1718301239,20084516,8624037476944728281034889557158,93804,39,180,180,0,True
1718301251,20084517,8624037476944728281034889557158,93804,39,180,180,0,True
1718301263,20084518,8624037476944728281034889557158,93804,39,180,180,0,True
1718301275,20084519,8624037476944728281034889557158,93804,39,180,180,0,True
1718301287,20084520,8624037476944728281034889557158,93804,39,180,180,0,True
1718301299,20084521,8624037476944728281034889557158,93804,39,180,180,0,True
1718301311,20084522,8624037476944728281034889557158,93804,39,180,180,0,True
1718301323,20084523,8624037476944728281034889557158,93804,39,180,180,0,True
1718301335,20084524,8624037476944728281034889557158,93804,39,180,180,0,True
1718301347,20084525,8624037476944728281034889557158,93804,39,180,180,0,True
1718301359,20084526,8624037476944728281034889557158,93804,39,180,180,0,True
1718301371,20084527,8624037476944728281034889557158,93804,39,180,180,0,True
1718301383,20084528,8624037476944728281034889557158,93804,39,180,180,0,True
1718301395,20084529,8624037476944728281034889557158,93804,39,180,180,0,True
1718301407,20084530,8624037476944728281034889557158,93804,39,180,180,0,True
1718301419,20084531,8624037476944728281034889557158,93804,39,180,180,0,True
1718301431,20084532,8624037476944728281034889557158,93804,39,180,180,0,True
1718301443,20084533,8624037476944728281034889557158,93804,39,180,180,0,True
1718301455,20084534,8624037476944728281034889557158,93804,39,180,180,0,True
1718301467,20084535,8624037476944728281034889557158,93804,39,180,180,0,True
1718301479,20084536,8624037476944728281034889557158,93804,39,180,180,0,True
1718301491,20084537,8624037476944728281034889557158,93804,39,180,180,0,True
1718301503,20084538,8624037476944728281034889557158,93804,39,180,180,0,True
1718301515,20084539,8624037476944728281034889557158,93804,39,180,180,0,True
1718301527,20084540,8624037476944728281034889557158,93804,39,180,180,0,True
1718301539,20084541,8624037476944728281034889557158,93804,39,180,180,0,True
1718301551,20084542,8624037476944728281034889557158,93804,39,180,180,0,True
1718301563,20084543,8624037476944728281034889557158,93804,39,180,180,0,True
1718301575,20084544,8624037476944728281034889557158,93804,39,180,180,0,True
1718301587,20084545,8624037476944728281034889557158,93804,39,180,180,0,True
1718301599,20084546,8624037476944728281034889557158,93804,39,180,180,0,True
1718301611,20084547,8624037476944728281034889557158,93804,39,180,180,0,True
1718301623,20084548,8624037476944728281034889557158,93804,39,180,180,0,True
1718301635,20084549,8624037476944728281034889557158,93804,39,180,180,0,True
1718301647,20084550,8624037476944728281034889557158,93804,39,180,180,0,True
1718301659,20084551,8624037476944728281034889557158,93804,39,180,180,0,True
1718301671,20084552,8624037476944728281034889557158,93804,39,180,180,0,True
1718301683,20084553,8624037476944728281034889557158,93804,39,180,180,0,True
1718301695,20084554,8624037476944728281034889557158,93804,39,180,180,0,True
1718301707,20084555,8624037476944728281034889557158,93804,39,180,180,0,True
1718301719,20084556,8624037476944728281034889557158,93804,39,180,180,0,True
1718301731,20084557,8624037476944728281034889557158,93804,39,180,180,0,True
1718301743,20084558,8624037476944728281034889557158,93804,39,180,180,0,True
1718301755,20084559,8624037476944728281034889557158,93804,39,180,180,0,True
1718301767,20084560,8624037476944728281034889557158,93804,39,180,180,0,True
1718301779,20084561,8624037476944728281034889557158,93804,39,180,180,0,True
1718301791,20084562,8624037476944728281034889557158,93804,39,180,180,0,True
1718301803,20084563,8624037476944728281034889557158,93804,39,180,180,0,True
1718301815,20084564,8624037476944728281034889557158,93804,39,180,180,0,True
1718301827,20084565,8624037476944728281034889557158,93804,39,180,180,0,True
1718301839,20084566,8624037476944728281034889557158,93804,39,180,180,0,True
1718301851,20084567,8624037476944728281034889557158,93804,39,180,180,0,True
1718301863,20084568,8624037476944728281034889557158,93804,39,180,180,0,True
1718301875,20084569,8624037476944728281034889557158,93804,39,180,180,0,True
1718301899,20084570,8624037476944728281034889557158,93804,39,180,180,0,True
1718301911,20084571,8624037476944728281034889557158,93804,39,180,180,0,True
1718301923,20084572,8624037476944728281034889557158,93804,39,180,180,0,True
1718301935,20084573,8624037476944728281034889557158,93804,39,180,180,0,True
1718301947,20084574,8624037476944728281034889557158,93804,39,180,180,0,True
1718301971,20084575,8624037476944728281034889557158,93804,39,180,180,0,True
1718301983,20084576,8624037476944728281034889557158,93804,39,180,180,0,True
1718301995,20084577,8624037476944728281034889557158,93804,39,180,180,0,True
1718302007,20084578,8624037476944728281034889557158,93804,39,180,180,0,True
1718302019,20084579,8624037476944728281034889557158,93804,39,180,180,0,True
1718302031,20084580,8624037476944728281034889557158,93804,39,180,180,0,True
1718302043,20084581,8624037476944728281034889557158,93804,39,180,180,0,True
1718302055,20084582,8624037476944728281034889557158,93804,39,180,180,0,True
1718302067,20084583,8624037476944728281034889557158,93804,39,180,180,0,True
1718302079,20084584,8624037476944728281034889557158,93804,39,180,180,0,True
1718302091,20084585,8624037476944728281034889557158,93804,39,180,180,0,True
1718302103,20084586,8624037476944728281034889557158,93804,39,180,180,0,True
1718302115,20084587,8701888973667737161547355085286,93983,40,180,180,0,True
1718302127,20084588,8701888973667737161547355085286,93983,40,180,180,0,True
1718302139,20084589,8701888973667737161547355085286,93983,40,180,180,0,True
1718302151,20084590,8701888973667737161547355085286,93983,40,180,180,0,True
1718302163,20084591,8701888973667737161547355085286,93983,40,180,180,0,True
1718302175,20084592,8701888973667737161547355085286,93983,40,180,180,0,True
1718302187,20084593,8701888973667737161547355085286,93983,40,180,180,0,True
1718302199,20084594,8701888973667737161547355085286,93983,40,180,180,0,True
1718302211,20084595,8701888973667737161547355085286,93983,40,180,180,0,True
1718302223,20084596,8701888973667737161547355085286,93983,40,180,180,0,True
1718302235,20084597,8701888973667737161547355085286,93983,40,180,180,0,True
1718302247,20084598,8701888973667737161547355085286,93983,40,180,180,0,True
1718302259,20084599,8701888973667737161547355085286,93983,40,180,180,0,True
1718302271,20084600,8701888973667737161547355085286,93983,40,180,180,0,True
1718302283,20084601,8701888973667737161547355085286,93983,40,180,180,0,True
1718302295,20084602,8701888973667737161547355085286,93983,40,180,180,0,True
1718302307,20084603,8701888973667737161547355085286,93983,40,180,180,0,True
1718302319,20084604,8701888973667737161547355085286,93983,40,180,180,0,True
1718302331,20084605,8701888973667737161547355085286,93983,40,180,180,0,True
1718302343,20084606,8701888973667737161547355085286,93983,40,180,180,0,True
1718302355,20084607,8701888973667737161547355085286,93983,40,180,180,0,True
1718302367,20084608,8701888973667737161547355085286,93983,40,180,180,0,True
1718302379,20084609,8701888973667737161547355085286,93983,40,180,180,0,True
1718302391,20084610,8701888973667737161547355085286,93983,40,180,180,0,True
1718302403,20084611,8701888973667737161547355085286,93983,40,180,180,0,True
1718302415,20084612,8701888973667737161547355085286,93983,40,180,180,0,True
1718302427,20084613,8701888973667737161547355085286,93983,40,180,180,0,True
1718302439,20084614,8701888973667737161547355085286,93983,40,180,180,0,True
1718302451,20084615,8701888973667737161547355085286,93983,40,180,180,0,True
1718302463,20084616,8701888973667737161547355085286,93983,40,180,180,0,True
1718302475,20084617,8701888973667737161547355085286,93983,40,180,180,0,True
1718302487,20084618,8701888973667737161547355085286,93983,40,180,180,0,True
1718302499,20084619,8701888973667737161547355085286,93983,40,180,180,0,True
1718302511,20084620,8701888973667737161547355085286,93983,40,180,180,0,True
1718302523,20084621,8701888973667737161547355085286,93983,40,180,180,0,True
1718302535,20084622,8701888973667737161547355085286,93983,40,180,180,0,True
1718302547,20084623,8701888973667737161547355085286,93983,40,180,180,0,True
1718302559,20084624,8701888973667737161547355085286,93983,40,180,180,0,True
1718302571,20084625,8701888973667737161547355085286,93983,40,180,180,0,True
1718302583,20084626,8701888973667737161547355085286,93983,40,180,180,0,True
1718302595,20084627,8701888973667737161547355085286,93983,40,180,180,0,True
1718302607,20084628,8701888973667737161547355085286,93983,40,180,180,0,True
1718302619,20084629,8701888973667737161547355085286,93983,40,180,180,0,True
1718302631,20084630,8701888973667737161547355085286,93983,40,180,180,0,True
1718302643,20084631,8701888973667737161547355085286,93983,40,180,180,0,True
1718302655,20084632,8701888973667737161547355085286,93983,40,180,180,0,True
1718302667,20084633,8701888973667737161547355085286,93983,40,180,180,0,True
1718302679,20084634,8701888973667737161547355085286,93983,40,180,180,0,True
1718302691,20084635,8701888973667737161547355085286,93983,40,180,180,0,True
1718302703,20084636,8701888973667737161547355085286,93983,40,180,180,0,True
1718302715,20084637,8701888973667737161547355085286,93983,40,180,180,0,True
1718302727,20084638,8701888973667737161547355085286,93983,40,180,180,0,True
1718302739,20084639,8701888973667737161547355085286,93983,40,180,180,0,True
1718302751,20084640,8701888973667737161547355085286,93983,40,180,180,0,True
1718302763,20084641,8701888973667737161547355085286,93983,40,180,180,0,True
1718302775,20084642,8701888973667737161547355085286,93983,40,180,180,0,True
1718302787,20084643,8701888973667737161547355085286,93983,40,180,180,0,True
1718302799,20084644,8701888973667737161547355085286,93983,40,180,180,0,True
1718302811,20084645,8701888973667737161547355085286,93983,40,180,180,0,True
1718302823,20084646,8701888973667737161547355085286,93983,40,180,180,0,True
1718302835,20084647,8701888973667737161547355085286,93983,40,180,180,0,True
1718302847,20084648,8701888973667737161547355085286,93983,40,180,180,0,True
1718302859,20084649,8651065721855114342265610502507,93866,41,180,180,0,True
1718302871,20084650,8651065721855114342265610502507,93866,41,180,180,0,True
1718302883,20084651,8651065721855114342265610502507,93866,41,180,180,0,True
1718302895,20084652,8651065721855114342265610502507,93866,41,180,180,0,True
1718302919,20084653,8651065721855114342265610502507,93866,41,180,180,0,True
1718302931,20084654,8651065721855114342265610502507,93866,41,180,180,0,True
1718302943,20084655,8651065721855114342265610502507,93866,41,180,180,0,True
1718302955,20084656,8651065721855114342265610502507,93866,41,180,180,0,True
1718302967,20084657,8651065721855114342265610502507,93866,41,180,180,0,True
1718302979,20084658,8651065721855114342265610502507,93866,41,180,180,0,True
1718302991,20084659,8651065721855114342265610502507,93866,41,180,180,0,True
1718303003,20084660,8651065721855114342265610502507,93866,41,180,180,0,True
1718303015,20084661,8651065721855114342265610502507,93866,41,180,180,0,True
1718303027,20084662,8651065721855114342265610502507,93866,41,180,180,0,True
1718303039,20084663,8651065721855114342265610502507,93866,41,180,180,0,True
1718303051,20084664,8651065721855114342265610502507,93866,41,180,180,0,True
1718303063,20084665,8651065721855114342265610502507,93866,41,180,180,0,True
1718303075,20084666,8651065721855114342265610502507,93866,41,180,180,0,True
1718303087,20084667,8651065721855114342265610502507,93866,41,180,180,0,True
1718303099,20084668,8651065721855114342265610502507,93866,41,180,180,0,True
1718303111,20084669,8651065721855114342265610502507,93866,41,180,180,0,True
1718303123,20084670,8651065721855114342265610502507,93866,41,180,180,0,True
1718303135,20084671,8651065721855114342265610502507,93866,41,180,180,0,True
1718303147,20084672,8651065721855114342265610502507,93866,41,180,180,0,True
1718303159,20084673,8651065721855114342265610502507,93866,41,180,180,0,True
1718303171,20084674,8651065721855114342265610502507,93866,41,180,180,0,True
1718303183,20084675,8651065721855114342265610502507,93866,41,180,180,0,True
1718303195,20084676,8651065721855114342265610502507,93866,41,180,180,0,True
1718303207,20084677,8651065721855114342265610502507,93866,41,180,180,0,True
1718303219,20084678,8651065721855114342265610502507,93866,41,180,180,0,True
1718303231,20084679,8651065721855114342265610502507,93866,41,180,180,0,True
1718303243,20084680,8651065721855114342265610502507,93866,41,180,180,0,True
1718303255,20084681,8651065721855114342265610502507,93866,41,180,180,0,True
1718303267,20084682,8651065721855114342265610502507,93866,41,180,180,0,True
1718303279,20084683,8651065721855114342265610502507,93866,41,180,180,0,True
1718303291,20084684,8651065721855114342265610502507,93866,41,180,180,0,True
1718303303,20084685,8651065721855114342265610502507,93866,41,180,180,0,True
1718303315,20084686,8651065721855114342265610502507,93866,41,180,180,0,True
1718303327,20084687,8651065721855114342265610502507,93866,41,180,180,0,True
1718303339,20084688,8651065721855114342265610502507,93866,41,180,180,0,True
1718303351,20084689,8651065721855114342265610502507,93866,41,180,180,0,True
1718303363,20084690,8651065721855114342265610502507,93866,41,180,180,0,True
1718303375,20084691,8651065721855114342265610502507,93866,41,180,180,0,True
1718303387,20084692,8651065721855114342265610502507,93866,41,180,180,0,True
1718303399,20084693,8651065721855114342265610502507,93866,41,180,180,0,True
1718303411,20084694,8651065721855114342265610502507,93866,41,180,180,0,True
1718303423,20084695,8651065721855114342265610502507,93866,41,180,180,0,True
1718303435,20084696,8651065721855114342265610502507,93866,41,180,180,0,True
1718303447,20084697,8651065721855114342265610502507,93866,41,180,180,0,True
1718303459,20084698,8651065721855114342265610502507,93866,41,180,180,0,True
1718303471,20084699,8651065721855114342265610502507,93866,41,180,180,0,True
1718303495,20084700,8651065721855114342265610502507,93866,41,180,180,0,True
1718303507,20084701,8603370340342252207894319806568,93756,42,180,180,0,True
1718303519,20084702,8603370340342252207894319806568,93756,42,180,180,0,True
1718303531,20084703,8603370340342252207894319806568,93756,42,180,180,0,True
1718303543,20084704,8603370340342252207894319806568,93756,42,180,180,0,True
1718303555,20084705,8603370340342252207894319806568,93756,42,180,180,0,True
1718303567,20084706,8603370340342252207894319806568,93756,42,180,180,0,True
1718303579,20084707,8603370340342252207894319806568,93756,42,180,180,0,True
1718303591,20084708,8603370340342252207894319806568,93756,42,180,180,0,True
1718303603,20084709,8603370340342252207894319806568,93756,42,180,180,0,True
1718303615,20084710,8603370340342252207894319806568,93756,42,180,180,0,True
1718303627,20084711,8603370340342252207894319806568,93756,42,180,180,0,True
1718303639,20084712,8603370340342252207894319806568,93756,42,180,180,0,True
1718303651,20084713,8603370340342252207894319806568,93756,42,180,180,0,True
1718303663,20084714,8603370340342252207894319806568,93756,42,180,180,0,True
1718303675,20084715,8603370340342252207894319806568,93756,42,180,180,0,True
1718303687,20084716,8603370340342252207894319806568,93756,42,180,180,0,True
1718303699,20084717,8603370340342252207894319806568,93756,42,180,180,0,True
1718303711,20084718,8603370340342252207894319806568,93756,42,180,180,0,True
1718303723,20084719,8603370340342252207894319806568,93756,42,180,180,0,True
1718303735,20084720,8603370340342252207894319806568,93756,42,180,180,0,True
1718303747,20084721,8603370340342252207894319806568,93756,42,180,180,0,True
1718303759,20084722,8603370340342252207894319806568,93756,42,180,180,0,True
1718303771,20084723,8603370340342252207894319806568,93756,42,180,180,0,True
1718303783,20084724,8603370340342252207894319806568,93756,42,180,180,0,True
1718303795,20084725,8603370340342252207894319806568,93756,42,180,180,0,True
1718303807,20084726,8603370340342252207894319806568,93756,42,180,180,0,True
1718303819,20084727,8603370340342252207894319806568,93756,42,180,180,0,True
1718303831,20084728,8603370340342252207894319806568,93756,42,180,180,0,True
1718303843,20084729,8603370340342252207894319806568,93756,42,180,180,0,True
1718303855,20084730,8603370340342252207894319806568,93756,42,180,180,0,True
1718303867,20084731,8603370340342252207894319806568,93756,42,180,180,0,True
1718303879,20084732,8603370340342252207894319806568,93756,42,180,180,0,True
1718303891,20084733,8603370340342252207894319806568,93756,42,180,180,0,True
1718303903,20084734,8603370340342252207894319806568,93756,42,180,180,0,True
1718303915,20084735,8603370340342252207894319806568,93756,42,180,180,0,True
1718303927,20084736,8603370340342252207894319806568,93756,42,180,180,0,True
1718303939,20084737,8603370340342252207894319806568,93756,42,180,180,0,True
1718303951,20084738,8603370340342252207894319806568,93756,42,180,180,0,True
1718303963,20084739,8603370340342252207894319806568,93756,42,180,180,0,True
1718303975,20084740,8603370340342252207894319806568,93756,42,180,180,0,True
1718303987,20084741,8603370340342252207894319806568,93756,42,180,180,0,True
1718303999,20084742,8603370340342252207894319806568,93756,42,180,180,0,True
1718304011,20084743,8603370340342252207894319806568,93756,42,180,180,0,True
1718304023,20084744,8603370340342252207894319806568,93756,42,180,180,0,True
1718304035,20084745,8603370340342252207894319806568,93756,42,180,180,0,True
1718304047,20084746,8603370340342252207894319806568,93756,42,180,180,0,True
1718304059,20084747,8603370340342252207894319806568,93756,42,180,180,0,True
1718304071,20084748,8603370340342252207894319806568,93756,42,180,180,0,True
1718304083,20084749,8603370340342252207894319806568,93756,42,180,180,0,True
1718304095,20084750,8603370340342252207894319806568,93756,42,180,180,0,True
1718304107,20084751,8603370340342252207894319806568,93756,42,180,180,0,True
1718304119,20084752,8603370340342252207894319806568,93756,42,180,180,0,True
1718304131,20084753,8603370340342252207894319806568,93756,42,180,180,0,True
1718304143,20084754,8603370340342252207894319806568,93756,42,180,180,0,True
1718304155,20084755,8603370340342252207894319806568,93756,42,180,180,0,True
1718304167,20084756,8603370340342252207894319806568,93756,42,180,180,0,True
1718304179,20084757,8603370340342252207894319806568,93756,42,180,180,0,True
1718304191,20084758,8603370340342252207894319806568,93756,42,180,180,0,True
1718304203,20084759,8603370340342252207894319806568,93756,42,180,180,0,True
1718304215,20084760,8603370340342252207894319806568,93756,42,180,180,0,True
1718304227,20084761,8603370340342252207894319806568,93756,42,180,180,0,True
1718304239,20084762,8603370340342252207894319806568,93756,42,180,180,0,True
1718304251,20084763,8603370340342252207894319806568,93756,42,180,180,0,True
1718304263,20084764,8603370340342252207894319806568,93756,42,180,180,0,True
1718304275,20084765,8603370340342252207894319806568,93756,42,180,180,0,True
1718304287,20084766,8603370340342252207894319806568,93756,42,180,180,0,True
1718304299,20084767,8603370340342252207894319806568,93756,42,180,180,0,True
1718304311,20084768,8603370340342252207894319806568,93756,42,180,180,0,True
1718304323,20084769,8603370340342252207894319806568,93756,42,180,180,0,True
1718304335,20084770,8603370340342252207894319806568,93756,42,180,180,0,True
1718304347,20084771,8603370340342252207894319806568,93756,42,180,180,0,True
1718304359,20084772,8603370340342252207894319806568,93756,42,180,180,0,True
1718304371,20084773,8603370340342252207894319806568,93756,42,180,180,0,True
1718304383,20084774,8603370340342252207894319806568,93756,42,180,180,0,True
1718304395,20084775,8603370340342252207894319806568,93756,42,180,180,0,True
1718304407,20084776,8603370340342252207894319806568,93756,42,180,180,0,True
1718304419,20084777,8603370340342252207894319806568,93756,42,180,180,0,True
1718304431,20084778,8603370340342252207894319806568,93756,42,180,180,0,True
1718304443,20084779,8603370340342252207894319806568,93756,42,180,180,0,True
1718304455,20084780,8603370340342252207894319806568,93756,42,180,180,0,True
1718304467,20084781,8603370340342252207894319806568,93756,42,180,180,0,True
1718304479,20084782,8603370340342252207894319806568,93756,42,180,180,0,True
1718304491,20084783,8603370340342252207894319806568,93756,42,180,180,0,True
1718304503,20084784,8603370340342252207894319806568,93756,42,180,180,0,True
1718304515,20084785,8603370340342252207894319806568,93756,42,180,180,0,True
1718304527,20084786,8603370340342252207894319806568,93756,42,180,180,0,True
1718304539,20084787,8603370340342252207894319806568,93756,42,180,180,0,True
1718304551,20084788,8603370340342252207894319806568,93756,42,180,180,0,True
1718304563,20084789,8603370340342252207894319806568,93756,42,180,180,0,True
1718304575,20084790,8603370340342252207894319806568,93756,42,180,180,0,True
1718304587,20084791,8603370340342252207894319806568,93756,42,180,180,0,True
1718304599,20084792,8603370340342252207894319806568,93756,42,180,180,0,True
1718304611,20084793,8603370340342252207894319806568,93756,42,180,180,0,True
1718304623,20084794,8603370340342252207894319806568,93756,42,180,180,0,True
1718304635,20084795,8603370340342252207894319806568,93756,42,180,180,0,True
1718304647,20084796,8603370340342252207894319806568,93756,42,180,180,0,True
1718304659,20084797,8603370340342252207894319806568,93756,42,180,180,0,True
1718304671,20084798,8603370340342252207894319806568,93756,42,180,180,0,True
1718304683,20084799,8603370340342252207894319806568,93756,42,180,180,0,True
1718304695,20084800,8603370340342252207894319806568,93756,42,180,180,0,True
1718304707,20084801,8603370340342252207894319806568,93756,42,180,180,0,True
1718304719,20084802,8603370340342252207894319806568,93756,42,180,180,0,True
1718304731,20084803,8603370340342252207894319806568,93756,42,180,180,0,True
1718304743,20084804,8603370340342252207894319806568,93756,42,180,180,0,True
1718304755,20084805,8603370340342252207894319806568,93756,42,180,180,0,True
1718304767,20084806,8603370340342252207894319806568,93756,42,180,180,0,True
1718304779,20084807,8603370340342252207894319806568,93756,42,180,180,0,True
1718304791,20084808,8603370340342252207894319806568,93756,42,180,180,0,True
1718304803,20084809,8603370340342252207894319806568,93756,42,180,180,0,True
1718304815,20084810,8603370340342252207894319806568,93756,42,180,180,0,True
1718304827,20084811,8603370340342252207894319806568,93756,42,180,180,0,True
1718304839,20084812,8603370340342252207894319806568,93756,42,180,180,0,True
1718304851,20084813,8603370340342252207894319806568,93756,42,180,180,0,True
1718304863,20084814,8603370340342252207894319806568,93756,42,180,180,0,True
1718304875,20084815,8603370340342252207894319806568,93756,42,180,180,0,True
1718304887,20084816,8603370340342252207894319806568,93756,42,180,180,0,True
1718304899,20084817,8603370340342252207894319806568,93756,42,180,180,0,True
1718304911,20084818,8603370340342252207894319806568,93756,42,180,180,0,True
1718304923,20084819,8603370340342252207894319806568,93756,42,180,180,0,True
1718304935,20084820,8603370340342252207894319806568,93756,42,180,180,0,True
1718304947,20084821,8603370340342252207894319806568,93756,42,180,180,0,True
1718304959,20084822,8603370340342252207894319806568,93756,42,180,180,0,True
1718304971,20084823,8603370340342252207894319806568,93756,42,180,180,0,True
1718304983,20084824,8603370340342252207894319806568,93756,42,180,180,0,True
1718304995,20084825,8603370340342252207894319806568,93756,42,180,180,0,True
1718305007,20084826,8603370340342252207894319806568,93756,42,180,180,0,True
1718305019,20084827,8603370340342252207894319806568,93756,42,180,180,0,True
1718305031,20084828,8603370340342252207894319806568,93756,42,180,180,0,True
1718305043,20084829,8603370340342252207894319806568,93756,42,180,180,0,True
1718305055,20084830,8603370340342252207894319806568,93756,42,180,180,0,True
1718305067,20084831,8603370340342252207894319806568,93756,42,180,180,0,True
1718305079,20084832,8603370340342252207894319806568,93756,42,180,180,0,True
1718305091,20084833,8603370340342252207894319806568,93756,42,180,180,0,True
1718305103,20084834,8603370340342252207894319806568,93756,42,180,180,0,True
1718305115,20084835,8603370340342252207894319806568,93756,42,180,180,0,True
1718305127,20084836,8603370340342252207894319806568,93756,42,180,180,0,True
1718305139,20084837,8603370340342252207894319806568,93756,42,180,180,0,True
1718305151,20084838,8603370340342252207894319806568,93756,42,180,180,0,True
1718305163,20084839,8603370340342252207894319806568,93756,42,180,180,0,True
1718305175,20084840,8603370340342252207894319806568,93756,42,180,180,0,True
1718305187,20084841,8603370340342252207894319806568,93756,42,180,180,0,True
1718305199,20084842,8603370340342252207894319806568,93756,42,180,180,0,True
1718305211,20084843,8603370340342252207894319806568,93756,42,180,180,0,True
1718305223,20084844,8603370340342252207894319806568,93756,42,180,180,0,True
1718305235,20084845,8603370340342252207894319806568,93756,42,180,180,0,True
1718305247,20084846,8603370340342252207894319806568,93756,42,180,180,0,True
1718305259,20084847,8603370340342252207894319806568,93756,42,180,180,0,True
1718305271,20084848,8603370340342252207894319806568,93756,42,180,180,0,True
1718305283,20084849,8603370340342252207894319806568,93756,42,180,180,0,True
1718305295,20084850,8603370340342252207894319806568,93756,42,180,180,0,True
1718305307,20084851,8603370340342252207894319806568,93756,42,180,180,0,True
1718305319,20084852,8603370340342252207894319806568,93756,42,180,180,0,True
1718305331,20084853,8603370340342252207894319806568,93756,42,180,180,0,True
1718305343,20084854,8603370340342252207894319806568,93756,42,180,180,0,True
1718305355,20084855,8603370340342252207894319806568,93756,42,180,180,0,True
1718305367,20084856,8603370340342252207894319806568,93756,42,180,180,0,True
1718305379,20084857,8603370340342252207894319806568,93756,42,180,180,0,True
1718305391,20084858,8603370340342252207894319806568,93756,42,180,180,0,True
1718305403,20084859,8603370340342252207894319806568,93756,42,180,180,0,True
1718305415,20084860,8603370340342252207894319806568,93756,42,180,180,0,True
1718305427,20084861,8603370340342252207894319806568,93756,42,180,180,0,True
1718305439,20084862,8603370340342252207894319806568,93756,42,180,180,0,True
1718305451,20084863,8603370340342252207894319806568,93756,42,180,180,0,True
1718305463,20084864,8603370340342252207894319806568,93756,42,180,180,0,True
1718305475,20084865,8603370340342252207894319806568,93756,42,180,180,0,True
1718305487,20084866,8603370340342252207894319806568,93756,42,180,180,0,True
1718305499,20084867,8603370340342252207894319806568,93756,42,180,180,0,True
1718305511,20084868,8603370340342252207894319806568,93756,42,180,180,0,True
1718305523,20084869,8603370340342252207894319806568,93756,42,180,180,0,True
1718305535,20084870,8603370340342252207894319806568,93756,42,180,180,0,True
1718305547,20084871,8603370340342252207894319806568,93756,42,180,180,0,True
1718305559,20084872,8603370340342252207894319806568,93756,42,180,180,0,True
1718305571,20084873,8603370340342252207894319806568,93756,42,180,180,0,True
1718305583,20084874,8603370340342252207894319806568,93756,42,180,180,0,True
1718305595,20084875,8655064600613317943773152173335,93876,43,180,180,0,True
1718305607,20084876,8655064600613317943773152173335,93876,43,180,180,0,True
1718305619,20084877,8655064600613317943773152173335,93876,43,180,180,0,True
1718305631,20084878,8655064600613317943773152173335,93876,43,180,180,0,True
1718305643,20084879,8655064600613317943773152173335,93876,43,180,180,0,True
1718305655,20084880,8655064600613317943773152173335,93876,43,180,180,0,True
1718305667,20084881,8655064600613317943773152173335,93876,43,180,180,0,True
1718305679,20084882,8655064600613317943773152173335,93876,43,180,180,0,True
1718305691,20084883,8655064600613317943773152173335,93876,43,180,180,0,True
1718305703,20084884,8655064600613317943773152173335,93876,43,180,180,0,True
1718305715,20084885,8655064600613317943773152173335,93876,43,180,180,0,True
1718305727,20084886,8655064600613317943773152173335,93876,43,180,180,0,True
1718305739,20084887,8655064600613317943773152173335,93876,43,180,180,0,True
1718305751,20084888,8655064600613317943773152173335,93876,43,180,180,0,True
1718305763,20084889,8655064600613317943773152173335,93876,43,180,180,0,True
1718305775,20084890,8655064600613317943773152173335,93876,43,180,180,0,True
1718305787,20084891,8655064600613317943773152173335,93876,43,180,180,0,True
1718305799,20084892,8655064600613317943773152173335,93876,43,180,180,0,True
1718305811,20084893,8655064600613317943773152173335,93876,43,180,180,0,True
1718305823,20084894,8655064600613317943773152173335,93876,43,180,180,0,True
1718305835,20084895,8655064600613317943773152173335,93876,43,180,180,0,True
1718305847,20084896,8655064600613317943773152173335,93876,43,180,180,0,True
1718305859,20084897,8655064600613317943773152173335,93876,43,180,180,0,True
1718305871,20084898,8655064600613317943773152173335,93876,43,180,180,0,True
1718305883,20084899,8655064600613317943773152173335,93876,43,180,180,0,True
1718305895,20084900,8655064600613317943773152173335,93876,43,180,180,0,True
1718305907,20084901,8655064600613317943773152173335,93876,43,180,180,0,True
1718305919,20084902,8655064600613317943773152173335,93876,43,180,180,0,True
1718305931,20084903,8655064600613317943773152173335,93876,43,180,180,0,True
1718305943,20084904,8655064600613317943773152173335,93876,43,180,180,0,True
1718305955,20084905,8655064600613317943773152173335,93876,43,180,180,0,True
1718305967,20084906,8655064600613317943773152173335,93876,43,180,180,0,True
1718305979,20084907,8655064600613317943773152173335,93876,43,180,180,0,True
1718305991,20084908,8655064600613317943773152173335,93876,43,180,180,0,True
1718306003,20084909,8655064600613317943773152173335,93876,43,180,180,0,True
1718306015,20084910,8655064600613317943773152173335,93876,43,180,180,0,True
1718306027,20084911,8655064600613317943773152173335,93876,43,180,180,0,True
1718306039,20084912,8655064600613317943773152173335,93876,43,180,180,0,True
1718306051,20084913,8655064600613317943773152173335,93876,43,180,180,0,True
1718306063,20084914,8655064600613317943773152173335,93876,43,180,180,0,True
1718306075,20084915,8655064600613317943773152173335,93876,43,180,180,0,True
1718306087,20084916,8655064600613317943773152173335,93876,43,180,180,0,True
1718306099,20084917,8655064600613317943773152173335,93876,43,180,180,0,True
1718306111,20084918,8655064600613317943773152173335,93876,43,180,180,0,True
1718306123,20084919,8655064600613317943773152173335,93876,43,180,180,0,True
1718306135,20084920,8655064600613317943773152173335,93876,43,180,180,0,True
1718306147,20084921,8655064600613317943773152173335,93876,43,180,180,0,True
1718306159,20084922,8655064600613317943773152173335,93876,43,180,180,0,True
1718306171,20084923,8655064600613317943773152173335,93876,43,180,180,0,True
1718306183,20084924,8655064600613317943773152173335,93876,43,180,180,0,True
1718306195,20084925,8655064600613317943773152173335,93876,43,180,180,0,True
1718306207,20084926,8655064600613317943773152173335,93876,43,180,180,0,True
1718306219,20084927,8655064600613317943773152173335,93876,43,180,180,0,True
1718306231,20084928,8655064600613317943773152173335,93876,43,180,180,0,True
1718306243,20084929,8655064600613317943773152173335,93876,43,180,180,0,True
1718306255,20084930,8655064600613317943773152173335,93876,43,180,180,0,True
1718306267,20084931,8655064600613317943773152173335,93876,43,180,180,0,True
1718306279,20084932,8655064600613317943773152173335,93876,43,180,180,0,True
1718306291,20084933,8655064600613317943773152173335,93876,43,180,180,0,True
1718306303,20084934,8655064600613317943773152173335,93876,43,180,180,0,True
1718306315,20084935,8655064600613317943773152173335,93876,43,180,180,0,True
1718306327,20084936,8655064600613317943773152173335,93876,43,180,180,0,True
1718306339,20084937,8655064600613317943773152173335,93876,43,180,180,0,True
1718306351,20084938,8655064600613317943773152173335,93876,43,180,180,0,True
1718306363,20084939,8655064600613317943773152173335,93876,43,180,180,0,True
1718306375,20084940,8655064600613317943773152173335,93876,43,180,180,0,True
1718306387,20084941,8655064600613317943773152173335,93876,43,180,180,0,True
1718306399,20084942,8655064600613317943773152173335,93876,43,180,180,0,True
1718306411,20084943,8655064600613317943773152173335,93876,43,180,180,0,True
1718306423,20084944,8655064600613317943773152173335,93876,43,180,180,0,True
1718306435,20084945,8655064600613317943773152173335,93876,43,180,180,0,True
1718306447,20084946,8655064600613317943773152173335,93876,43,180,180,0,True
1718306459,20084947,8655064600613317943773152173335,93876,43,180,180,0,True
1718306471,20084948,8655064600613317943773152173335,93876,43,180,180,0,True
1718306483,20084949,8655064600613317943773152173335,93876,43,180,180,0,True
1718306495,20084950,8655064600613317943773152173335,93876,43,180,180,0,True
1718306507,20084951,8655064600613317943773152173335,93876,43,180,180,0,True
1718306519,20084952,8655064600613317943773152173335,93876,43,180,180,0,True
1718306531,20084953,8655064600613317943773152173335,93876,43,180,180,0,True
1718306543,20084954,8655064600613317943773152173335,93876,43,180,180,0,True
1718306555,20084955,8655064600613317943773152173335,93876,43,180,180,0,True
1718306567,20084956,8655064600613317943773152173335,93876,43,180,180,0,True
1718306579,20084957,8655064600613317943773152173335,93876,43,180,180,0,True
1718306591,20084958,8655064600613317943773152173335,93876,43,180,180,0,True
1718306603,20084959,8655064600613317943773152173335,93876,43,180,180,0,True
1718306615,20084960,8655064600613317943773152173335,93876,43,180,180,0,True
1718306627,20084961,8655064600613317943773152173335,93876,43,180,180,0,True
1718306639,20084962,8655064600613317943773152173335,93876,43,180,180,0,True
1718306651,20084963,8655064600613317943773152173335,93876,43,180,180,0,True
1718306663,20084964,8655064600613317943773152173335,93876,43,180,180,0,True
1718306675,20084965,8655064600613317943773152173335,93876,43,180,180,0,True
1718306687,20084966,8655064600613317943773152173335,93876,43,180,180,0,True
1718306699,20084967,8655064600613317943773152173335,93876,43,180,180,0,True
1718306711,20084968,8655064600613317943773152173335,93876,43,180,180,0,True
1718306723,20084969,8655064600613317943773152173335,93876,43,180,180,0,True
1718306735,20084970,8655064600613317943773152173335,93876,43,180,180,0,True
1718306747,20084971,8655064600613317943773152173335,93876,43,180,180,0,True
1718306759,20084972,8655064600613317943773152173335,93876,43,180,180,0,True
1718306771,20084973,8655064600613317943773152173335,93876,43,180,180,0,True
1718306783,20084974,8655064600613317943773152173335,93876,43,180,180,0,True
1718306795,20084975,8655064600613317943773152173335,93876,43,180,180,0,True
1718306807,20084976,8655064600613317943773152173335,93876,43,180,180,0,True
1718306819,20084977,8655064600613317943773152173335,93876,43,180,180,0,True
1718306843,20084978,8655064600613317943773152173335,93876,43,180,180,0,True
1718306855,20084979,8655064600613317943773152173335,93876,43,180,180,0,True
1718306867,20084980,8655064600613317943773152173335,93876,43,180,180,0,True
1718306879,20084981,8655064600613317943773152173335,93876,43,180,180,0,True
1718306891,20084982,8655064600613317943773152173335,93876,43,180,180,0,True
1718306915,20084983,8655064600613317943773152173335,93876,43,180,180,0,True
1718306927,20084984,8655064600613317943773152173335,93876,43,180,180,0,True
1718306939,20084985,8655064600613317943773152173335,93876,43,180,180,0,True
1718306951,20084986,8655064600613317943773152173335,93876,43,180,180,0,True
1718306963,20084987,8655064600613317943773152173335,93876,43,180,180,0,True
1718306975,20084988,8655064600613317943773152173335,93876,43,180,180,0,True
1718306987,20084989,8655064600613317943773152173335,93876,43,180,180,0,True
1718306999,20084990,8655064600613317943773152173335,93876,43,180,180,0,True
1718307011,20084991,8655064600613317943773152173335,93876,43,180,180,0,True
1718307023,20084992,8655064600613317943773152173335,93876,43,180,180,0,True
1718307035,20084993,8655064600613317943773152173335,93876,43,180,180,0,True
1718307047,20084994,8655064600613317943773152173335,93876,43,180,180,0,True
1718307059,20084995,8655064600613317943773152173335,93876,43,180,180,0,True
1718307071,20084996,8655064600613317943773152173335,93876,43,180,180,0,True
1718307083,20084997,8655064600613317943773152173335,93876,43,180,180,0,True
1718307095,20084998,8655064600613317943773152173335,93876,43,180,180,0,True
1718307107,20084999,8655064600613317943773152173335,93876,43,180,180,0,True
1718307119,20085000,8655064600613317943773152173335,93876,43,180,180,0,True
1718307131,20085001,8655064600613317943773152173335,93876,43,180,180,0,True
1718307143,20085002,8655064600613317943773152173335,93876,43,180,180,0,True
1718307155,20085003,8655064600613317943773152173335,93876,43,180,180,0,True
1718307167,20085004,8655064600613317943773152173335,93876,43,180,180,0,True
1718307179,20085005,8655064600613317943773152173335,93876,43,180,180,0,True
1718307191,20085006,8655064600613317943773152173335,93876,43,180,180,0,True
1718307203,20085007,8655064600613317943773152173335,93876,43,180,180,0,True
1718307215,20085008,8655064600613317943773152173335,93876,43,180,180,0,True
1718307227,20085009,8655064600613317943773152173335,93876,43,180,180,0,True
1718307239,20085010,8655064600613317943773152173335,93876,43,180,180,0,True
1718307251,20085011,8655064600613317943773152173335,93876,43,180,180,0,True
1718307263,20085012,8655064600613317943773152173335,93876,43,180,180,0,True
1718307287,20085013,8655064600613317943773152173335,93876,43,180,180,0,True
1718307299,20085014,8655064600613317943773152173335,93876,43,180,180,0,True
1718307311,20085015,8655064600613317943773152173335,93876,43,180,180,0,True
1718307323,20085016,8655064600613317943773152173335,93876,43,180,180,0,True
1718307335,20085017,8655064600613317943773152173335,93876,43,180,180,0,True
1718307347,20085018,8655064600613317943773152173335,93876,43,180,180,0,True
1718307359,20085019,8655064600613317943773152173335,93876,43,180,180,0,True
1718307371,20085020,8655064600613317943773152173335,93876,43,180,180,0,True
1718307383,20085021,8655064600613317943773152173335,93876,43,180,180,0,True
1718307395,20085022,8655064600613317943773152173335,93876,43,180,180,0,True
1718307407,20085023,8655064600613317943773152173335,93876,43,180,180,0,True
1718307419,20085024,8655064600613317943773152173335,93876,43,180,180,0,True
1718307431,20085025,8655064600613317943773152173335,93876,43,180,180,0,True
1718307443,20085026,8655064600613317943773152173335,93876,43,180,180,0,True
1718307455,20085027,8655064600613317943773152173335,93876,43,180,180,0,True
1718307467,20085028,8655064600613317943773152173335,93876,43,180,180,0,True
1718307479,20085029,8655064600613317943773152173335,93876,43,180,180,0,True
1718307491,20085030,8655064600613317943773152173335,93876,43,180,180,0,True
1718307503,20085031,8655064600613317943773152173335,93876,43,180,180,0,True
1718307515,20085032,8655064600613317943773152173335,93876,43,180,180,0,True
1718307527,20085033,8655064600613317943773152173335,93876,43,180,180,0,True
1718307539,20085034,8655064600613317943773152173335,93876,43,180,180,0,True
1718307551,20085035,8655064600613317943773152173335,93876,43,180,180,0,True
1718307563,20085036,8655064600613317943773152173335,93876,43,180,180,0,True
1718307575,20085037,8655064600613317943773152173335,93876,43,180,180,0,True
1718307587,20085038,8655064600613317943773152173335,93876,43,180,180,0,True
1718307599,20085039,8655064600613317943773152173335,93876,43,180,180,0,True
1718307611,20085040,8655064600613317943773152173335,93876,43,180,180,0,True
1718307623,20085041,8655064600613317943773152173335,93876,43,180,180,0,True
1718307635,20085042,8655064600613317943773152173335,93876,43,180,180,0,True
1718307647,20085043,8655064600613317943773152173335,93876,43,180,180,0,True
1718307659,20085044,8655064600613317943773152173335,93876,43,180,180,0,True
1718307671,20085045,8655064600613317943773152173335,93876,43,180,180,0,True
1718307683,20085046,8655064600613317943773152173335,93876,43,180,180,0,True
1718307695,20085047,8655064600613317943773152173335,93876,43,180,180,0,True
1718307707,20085048,8655064600613317943773152173335,93876,43,180,180,0,True
1718307719,20085049,8655064600613317943773152173335,93876,43,180,180,0,True
1718307731,20085050,8655064600613317943773152173335,93876,43,180,180,0,True
1718307743,20085051,8655064600613317943773152173335,93876,43,180,180,0,True
1718307755,20085052,8655064600613317943773152173335,93876,43,180,180,0,True
1718307767,20085053,8655064600613317943773152173335,93876,43,180,180,0,True
1718307779,20085054,8655064600613317943773152173335,93876,43,180,180,0,True
1718307791,20085055,8655064600613317943773152173335,93876,43,180,180,0,True
1718307803,20085056,8655064600613317943773152173335,93876,43,180,180,0,True
1718307815,20085057,8655064600613317943773152173335,93876,43,180,180,0,True
1718307827,20085058,8655064600613317943773152173335,93876,43,180,180,0,True
1718307839,20085059,8655064600613317943773152173335,93876,43,180,180,0,True
1718307851,20085060,8655064600613317943773152173335,93876,43,180,180,0,True
1718307863,20085061,8655064600613317943773152173335,93876,43,180,180,0,True
1718307875,20085062,8655064600613317943773152173335,93876,43,180,180,0,True
1718307887,20085063,8655064600613317943773152173335,93876,43,180,180,0,True
1718307899,20085064,8655064600613317943773152173335,93876,43,180,180,0,True
1718307911,20085065,8655064600613317943773152173335,93876,43,180,180,0,True
1718307923,20085066,8655064600613317943773152173335,93876,43,180,180,0,True
1718307935,20085067,8655064600613317943773152173335,93876,43,180,180,0,True
1718307947,20085068,8655064600613317943773152173335,93876,43,180,180,0,True
1718307959,20085069,8655064600613317943773152173335,93876,43,180,180,0,True
1718307971,20085070,8655064600613317943773152173335,93876,43,180,180,0,True
1718307983,20085071,8655064600613317943773152173335,93876,43,180,180,0,True
1718307995,20085072,8655064600613317943773152173335,93876,43,180,180,0,True
1718308007,20085073,8655064600613317943773152173335,93876,43,180,180,0,True
1718308019,20085074,8655064600613317943773152173335,93876,43,180,180,0,True
1718308031,20085075,8655064600613317943773152173335,93876,43,180,180,0,True
1718308043,20085076,8655064600613317943773152173335,93876,43,180,180,0,True
1718308055,20085077,8655064600613317943773152173335,93876,43,180,180,0,True
1718308067,20085078,8655064600613317943773152173335,93876,43,180,180,0,True
1718308079,20085079,8655064600613317943773152173335,93876,43,180,180,0,True
1718308091,20085080,8655064600613317943773152173335,93876,43,180,180,0,True
1718308103,20085081,8655064600613317943773152173335,93876,43,180,180,0,True
1718308115,20085082,8655064600613317943773152173335,93876,43,180,180,0,True
1718308127,20085083,8655064600613317943773152173335,93876,43,180,180,0,True
1718308139,20085084,8655064600613317943773152173335,93876,43,180,180,0,True
1718308151,20085085,8655064600613317943773152173335,93876,43,180,180,0,True
1718308163,20085086,8655064600613317943773152173335,93876,43,180,180,0,True
1718308175,20085087,8655064600613317943773152173335,93876,43,180,180,0,True
1718308187,20085088,8655064600613317943773152173335,93876,43,180,180,0,True
1718308199,20085089,8655064600613317943773152173335,93876,43,180,180,0,True
1718308211,20085090,8655064600613317943773152173335,93876,43,180,180,0,True
1718308223,20085091,8655064600613317943773152173335,93876,43,180,180,0,True
1718308235,20085092,8655064600613317943773152173335,93876,43,180,180,0,True
1718308247,20085093,8655064600613317943773152173335,93876,43,180,180,0,True
1718308259,20085094,8655064600613317943773152173335,93876,43,180,180,0,True
1718308271,20085095,8655064600613317943773152173335,93876,43,180,180,0,True
1718308283,20085096,8655064600613317943773152173335,93876,43,180,180,0,True
1718308295,20085097,8655064600613317943773152173335,93876,43,180,180,0,True
1718308307,20085098,8655064600613317943773152173335,93876,43,180,180,0,True
1718308319,20085099,8655064600613317943773152173335,93876,43,180,180,0,True
1718308331,20085100,8655064600613317943773152173335,93876,43,180,180,0,True
1718308343,20085101,8655064600613317943773152173335,93876,43,180,180,0,True
1718308355,20085102,8655064600613317943773152173335,93876,43,180,180,0,True
1718308367,20085103,8655064600613317943773152173335,93876,43,180,180,0,True
1718308379,20085104,8655064600613317943773152173335,93876,43,180,180,0,True
1718308391,20085105,8655064600613317943773152173335,93876,43,180,180,0,True
1718308403,20085106,8655064600613317943773152173335,93876,43,180,180,0,True
1718308415,20085107,8655064600613317943773152173335,93876,43,180,180,0,True
1718308427,20085108,8655064600613317943773152173335,93876,43,180,180,0,True
1718308439,20085109,8655064600613317943773152173335,93876,43,180,180,0,True
1718308451,20085110,8655064600613317943773152173335,93876,43,180,180,0,True
1718308463,20085111,8655064600613317943773152173335,93876,43,180,180,0,True
1718308475,20085112,8655064600613317943773152173335,93876,43,180,180,0,True
1718308487,20085113,8655064600613317943773152173335,93876,43,180,180,0,True
1718308499,20085114,8655064600613317943773152173335,93876,43,180,180,0,True
1718308511,20085115,8655064600613317943773152173335,93876,43,180,180,0,True
1718308523,20085116,8655064600613317943773152173335,93876,43,180,180,0,True
1718308535,20085117,8655064600613317943773152173335,93876,43,180,180,0,True
1718308547,20085118,8655064600613317943773152173335,93876,43,180,180,0,True
1718308559,20085119,8655064600613317943773152173335,93876,43,180,180,0,True
1718308571,20085120,8655064600613317943773152173335,93876,43,180,180,0,True
1718308583,20085121,8655064600613317943773152173335,93876,43,180,180,0,True
1718308595,20085122,8655064600613317943773152173335,93876,43,180,180,0,True
1718308607,20085123,8655064600613317943773152173335,93876,43,180,180,0,True
1718308619,20085124,8655064600613317943773152173335,93876,43,180,180,0,True
1718308631,20085125,8655064600613317943773152173335,93876,43,180,180,0,True
1718308643,20085126,8655064600613317943773152173335,93876,43,180,180,0,True
1718308655,20085127,8655064600613317943773152173335,93876,43,180,180,0,True
1718308667,20085128,8655064600613317943773152173335,93876,43,180,180,0,True
1718308679,20085129,8655064600613317943773152173335,93876,43,180,180,0,True
1718308691,20085130,8655064600613317943773152173335,93876,43,180,180,0,True
1718308703,20085131,8655064600613317943773152173335,93876,43,180,180,0,True
1718308715,20085132,8655064600613317943773152173335,93876,43,180,180,0,True
1718308727,20085133,8655064600613317943773152173335,93876,43,180,180,0,True
1718308739,20085134,8655064600613317943773152173335,93876,43,180,180,0,True
1718308751,20085135,8655064600613317943773152173335,93876,43,180,180,0,True
1718308763,20085136,8655064600613317943773152173335,93876,43,180,180,0,True
1718308775,20085137,8655064600613317943773152173335,93876,43,180,180,0,True
1718308787,20085138,8655064600613317943773152173335,93876,43,180,180,0,True
1718308799,20085139,8655064600613317943773152173335,93876,43,180,180,0,True
1718308811,20085140,8655064600613317943773152173335,93876,43,180,180,0,True
1718308823,20085141,8655064600613317943773152173335,93876,43,180,180,0,True
1718308835,20085142,8655064600613317943773152173335,93876,43,180,180,0,True
1718308847,20085143,8655064600613317943773152173335,93876,43,180,180,0,True
1718308859,20085144,8655064600613317943773152173335,93876,43,180,180,0,True
1718308871,20085145,8655064600613317943773152173335,93876,43,180,180,0,True
1718308883,20085146,8655064600613317943773152173335,93876,43,180,180,0,True
1718308895,20085147,8655064600613317943773152173335,93876,43,180,180,0,True
1718308907,20085148,8655064600613317943773152173335,93876,43,180,180,0,True
1718308919,20085149,8655064600613317943773152173335,93876,43,180,180,0,True
1718308931,20085150,8655064600613317943773152173335,93876,43,180,180,0,True
1718308943,20085151,8655064600613317943773152173335,93876,43,180,180,0,True
1718308955,20085152,8655064600613317943773152173335,93876,43,180,180,0,True
1718308967,20085153,8655064600613317943773152173335,93876,43,180,180,0,True
1718308979,20085154,8655064600613317943773152173335,93876,43,180,180,0,True
1718308991,20085155,8655064600613317943773152173335,93876,43,180,180,0,True
1718309003,20085156,8655064600613317943773152173335,93876,43,180,180,0,True
1718309015,20085157,8655064600613317943773152173335,93876,43,180,180,0,True
1718309027,20085158,8655064600613317943773152173335,93876,43,180,180,0,True
1718309039,20085159,8655064600613317943773152173335,93876,43,180,180,0,True
1718309051,20085160,8655064600613317943773152173335,93876,43,180,180,0,True
1718309063,20085161,8655064600613317943773152173335,93876,43,180,180,0,True
1718309075,20085162,8655064600613317943773152173335,93876,43,180,180,0,True
1718309087,20085163,8655064600613317943773152173335,93876,43,180,180,0,True
1718309099,20085164,8655064600613317943773152173335,93876,43,180,180,0,True
1718309111,20085165,8655064600613317943773152173335,93876,43,180,180,0,True
1718309123,20085166,8655064600613317943773152173335,93876,43,180,180,0,True
1718309135,20085167,8655064600613317943773152173335,93876,43,180,180,0,True
1718309147,20085168,8655064600613317943773152173335,93876,43,180,180,0,True
1718309159,20085169,8655064600613317943773152173335,93876,43,180,180,0,True
1718309171,20085170,8655064600613317943773152173335,93876,43,180,180,0,True
1718309183,20085171,8655064600613317943773152173335,93876,43,180,180,0,True
1718309195,20085172,8655064600613317943773152173335,93876,43,180,180,0,True
1718309207,20085173,8655064600613317943773152173335,93876,43,180,180,0,True
1718309219,20085174,8655064600613317943773152173335,93876,43,180,180,0,True
1718309231,20085175,8655064600613317943773152173335,93876,43,180,180,0,True
1718309243,20085176,8655064600613317943773152173335,93876,43,180,180,0,True
1718309255,20085177,8655064600613317943773152173335,93876,43,180,180,0,True
1718309267,20085178,8655064600613317943773152173335,93876,43,180,180,0,True
1718309279,20085179,8655064600613317943773152173335,93876,43,180,180,0,True
1718309291,20085180,8655064600613317943773152173335,93876,43,180,180,0,True
1718309303,20085181,8655064600613317943773152173335,93876,43,180,180,0,True
1718309315,20085182,8655064600613317943773152173335,93876,43,180,180,0,True
1718309327,20085183,8655064600613317943773152173335,93876,43,180,180,0,True
1718309339,20085184,8655064600613317943773152173335,93876,43,180,180,0,True
1718309351,20085185,8655064600613317943773152173335,93876,43,180,180,0,True
1718309363,20085186,8655719400213334373813717409654,93877,44,180,180,0,True
1718309375,20085187,8655719400213334373813717409654,93877,44,180,180,0,True
1718309387,20085188,8655719400213334373813717409654,93877,44,180,180,0,True
1718309399,20085189,8655719400213334373813717409654,93877,44,180,180,0,True
1718309411,20085190,8655719400213334373813717409654,93877,44,180,180,0,True
1718309423,20085191,8655719400213334373813717409654,93877,44,180,180,0,True
1718309435,20085192,8655719400213334373813717409654,93877,44,180,180,0,True
1718309447,20085193,8655719400213334373813717409654,93877,44,180,180,0,True
1718309459,20085194,8655719400213334373813717409654,93877,44,180,180,0,True
1718309471,20085195,8655719400213334373813717409654,93877,44,180,180,0,True
1718309483,20085196,8655719400213334373813717409654,93877,44,180,180,0,True
1718309495,20085197,8655719400213334373813717409654,93877,44,180,180,0,True
1718309507,20085198,8655719400213334373813717409654,93877,44,180,180,0,True
1718309519,20085199,8655719400213334373813717409654,93877,44,180,180,0,True
1718309531,20085200,8655719400213334373813717409654,93877,44,180,180,0,True
1718309543,20085201,8655719400213334373813717409654,93877,44,180,180,0,True
1718309555,20085202,8655719400213334373813717409654,93877,44,180,180,0,True
1718309567,20085203,8655719400213334373813717409654,93877,44,180,180,0,True
1718309579,20085204,8655719400213334373813717409654,93877,44,180,180,0,True
1718309591,20085205,8655719400213334373813717409654,93877,44,180,180,0,True
1718309603,20085206,8655719400213334373813717409654,93877,44,180,180,0,True
1718309615,20085207,8655719400213334373813717409654,93877,44,180,180,0,True
1718309627,20085208,8655719400213334373813717409654,93877,44,180,180,0,True
1718309639,20085209,8655719400213334373813717409654,93877,44,180,180,0,True
1718309651,20085210,8655719400213334373813717409654,93877,44,180,180,0,True
1718309663,20085211,8655719400213334373813717409654,93877,44,180,180,0,True
1718309675,20085212,8655719400213334373813717409654,93877,44,180,180,0,True
1718309687,20085213,8655719400213334373813717409654,93877,44,180,180,0,True
1718309699,20085214,8655719400213334373813717409654,93877,44,180,180,0,True
1718309711,20085215,8655719400213334373813717409654,93877,44,180,180,0,True
1718309723,20085216,8655719400213334373813717409654,93877,44,180,180,0,True
1718309735,20085217,8655719400213334373813717409654,93877,44,180,180,0,True
1718309747,20085218,8655719400213334373813717409654,93877,44,180,180,0,True
1718309759,20085219,8655719400213334373813717409654,93877,44,180,180,0,True
1718309771,20085220,8655719400213334373813717409654,93877,44,180,180,0,True
1718309783,20085221,8655719400213334373813717409654,93877,44,180,180,0,True
1718309795,20085222,8655719400213334373813717409654,93877,44,180,180,0,True
1718309807,20085223,8655719400213334373813717409654,93877,44,180,180,0,True
1718309819,20085224,8655719400213334373813717409654,93877,44,180,180,0,True
1718309831,20085225,8655719400213334373813717409654,93877,44,180,180,0,True
1718309843,20085226,8655719400213334373813717409654,93877,44,180,180,0,True
1718309855,20085227,8655719400213334373813717409654,93877,44,180,180,0,True
1718309867,20085228,8655719400213334373813717409654,93877,44,180,180,0,True
1718309879,20085229,8655719400213334373813717409654,93877,44,180,180,0,True
1718309891,20085230,8655719400213334373813717409654,93877,44,180,180,0,True
1718309903,20085231,8655719400213334373813717409654,93877,44,180,180,0,True
1718309915,20085232,8655719400213334373813717409654,93877,44,180,180,0,True
1718309927,20085233,8655719400213334373813717409654,93877,44,180,180,0,True
1718309939,20085234,8655719400213334373813717409654,93877,44,180,180,0,True
1718309951,20085235,8655719400213334373813717409654,93877,44,180,180,0,True
1718309963,20085236,8655719400213334373813717409654,93877,44,180,180,0,True
1718309975,20085237,8655719400213334373813717409654,93877,44,180,180,0,True
1718309987,20085238,8655719400213334373813717409654,93877,44,180,180,0,True
1718309999,20085239,8655719400213334373813717409654,93877,44,180,180,0,True
1718310011,20085240,8655719400213334373813717409654,93877,44,180,180,0,True
1718310023,20085241,8655719400213334373813717409654,93877,44,180,180,0,True
1718310035,20085242,8655719400213334373813717409654,93877,44,180,180,0,True
1718310047,20085243,8655719400213334373813717409654,93877,44,180,180,0,True
1718310059,20085244,8655719400213334373813717409654,93877,44,180,180,0,True
1718310071,20085245,8655719400213334373813717409654,93877,44,180,180,0,True
1718310083,20085246,8655719400213334373813717409654,93877,44,180,180,0,True
1718310095,20085247,8655719400213334373813717409654,93877,44,180,180,0,True
1718310107,20085248,8655719400213334373813717409654,93877,44,180,180,0,True
1718310119,20085249,8655719400213334373813717409654,93877,44,180,180,0,True
1718310131,20085250,8655719400213334373813717409654,93877,44,180,180,0,True
1718310143,20085251,8655719400213334373813717409654,93877,44,180,180,0,True
1718310155,20085252,8655719400213334373813717409654,93877,44,180,180,0,True
1718310167,20085253,8655719400213334373813717409654,93877,44,180,180,0,True
1718310179,20085254,8655719400213334373813717409654,93877,44,180,180,0,True
1718310191,20085255,8655719400213334373813717409654,93877,44,180,180,0,True
1718310203,20085256,8655719400213334373813717409654,93877,44,180,180,0,True
1718310215,20085257,8655719400213334373813717409654,93877,44,180,180,0,True
1718310227,20085258,8655719400213334373813717409654,93877,44,180,180,0,True
1718310239,20085259,8655719400213334373813717409654,93877,44,180,180,0,True
1718310251,20085260,8655719400213334373813717409654,93877,44,180,180,0,True
1718310263,20085261,8655719400213334373813717409654,93877,44,180,180,0,True
1718310275,20085262,8655719400213334373813717409654,93877,44,180,180,0,True
1718310287,20085263,8655719400213334373813717409654,93877,44,180,180,0,True
1718310299,20085264,8655719400213334373813717409654,93877,44,180,180,0,True
1718310311,20085265,8655719400213334373813717409654,93877,44,180,180,0,True
1718310323,20085266,8655719400213334373813717409654,93877,44,180,180,0,True
1718310335,20085267,8655719400213334373813717409654,93877,44,180,180,0,True
1718310347,20085268,8655719400213334373813717409654,93877,44,180,180,0,True
1718310359,20085269,8655719400213334373813717409654,93877,44,180,180,0,True
1718310371,20085270,8655719400213334373813717409654,93877,44,180,180,0,True
1718310383,20085271,8655719400213334373813717409654,93877,44,180,180,0,True
1718310395,20085272,8655719400213334373813717409654,93877,44,180,180,0,True
1718310407,20085273,8655719400213334373813717409654,93877,44,180,180,0,True
1718310419,20085274,8655719400213334373813717409654,93877,44,180,180,0,True
1718310431,20085275,8655719400213334373813717409654,93877,44,180,180,0,True
1718310443,20085276,8655719400213334373813717409654,93877,44,180,180,0,True
1718310455,20085277,8655719400213334373813717409654,93877,44,180,180,0,True
1718310467,20085278,8655719400213334373813717409654,93877,44,180,180,0,True
1718310479,20085279,8655719400213334373813717409654,93877,44,180,180,0,True
1718310491,20085280,8655719400213334373813717409654,93877,44,180,180,0,True
1718310503,20085281,8655719400213334373813717409654,93877,44,180,180,0,True
1718310515,20085282,8655719400213334373813717409654,93877,44,180,180,0,True
1718310527,20085283,8655719400213334373813717409654,93877,44,180,180,0,True
1718310539,20085284,8655719400213334373813717409654,93877,44,180,180,0,True
1718310551,20085285,8655719400213334373813717409654,93877,44,180,180,0,True
1718310563,20085286,8655719400213334373813717409654,93877,44,180,180,0,True
1718310575,20085287,8655719400213334373813717409654,93877,44,180,180,0,True
1718310587,20085288,8655719400213334373813717409654,93877,44,180,180,0,True
1718310599,20085289,8655719400213334373813717409654,93877,44,180,180,0,True
1718310611,20085290,8655719400213334373813717409654,93877,44,180,180,0,True
1718310623,20085291,8655719400213334373813717409654,93877,44,180,180,0,True
1718310635,20085292,8655719400213334373813717409654,93877,44,180,180,0,True
1718310647,20085293,8655719400213334373813717409654,93877,44,180,180,0,True
1718310659,20085294,8655719400213334373813717409654,93877,44,180,180,0,True
1718310671,20085295,8655719400213334373813717409654,93877,44,180,180,0,True
1718310683,20085296,8655719400213334373813717409654,93877,44,180,180,0,True
1718310695,20085297,8655719400213334373813717409654,93877,44,180,180,0,True
1718310707,20085298,8655719400213334373813717409654,93877,44,180,180,0,True
1718310719,20085299,8655719400213334373813717409654,93877,44,180,180,0,True
1718310731,20085300,8655719400213334373813717409654,93877,44,180,180,0,True
1718310743,20085301,8655719400213334373813717409654,93877,44,180,180,0,True
1718310755,20085302,8655719400213334373813717409654,93877,44,180,180,0,True
1718310767,20085303,8655719400213334373813717409654,93877,44,180,180,0,True
1718310779,20085304,8655719400213334373813717409654,93877,44,180,180,0,True
1718310791,20085305,8655719400213334373813717409654,93877,44,180,180,0,True
1718310803,20085306,8655719400213334373813717409654,93877,44,180,180,0,True
1718310815,20085307,8655719400213334373813717409654,93877,44,180,180,0,True
1718310827,20085308,8655719400213334373813717409654,93877,44,180,180,0,True
1718310839,20085309,8655719400213334373813717409654,93877,44,180,180,0,True
1718310851,20085310,8655719400213334373813717409654,93877,44,180,180,0,True
1718310863,20085311,8655719400213334373813717409654,93877,44,180,180,0,True
1718310875,20085312,8655719400213334373813717409654,93877,44,180,180,0,True
1718310887,20085313,8655719400213334373813717409654,93877,44,180,180,0,True
1718310899,20085314,8655719400213334373813717409654,93877,44,180,180,0,True
1718310911,20085315,8655719400213334373813717409654,93877,44,180,180,0,True
1718310923,20085316,8655719400213334373813717409654,93877,44,180,180,0,True
1718310935,20085317,8655719400213334373813717409654,93877,44,180,180,0,True
1718310947,20085318,8655719400213334373813717409654,93877,44,180,180,0,True
1718310959,20085319,8655719400213334373813717409654,93877,44,180,180,0,True
1718310971,20085320,8655719400213334373813717409654,93877,44,180,180,0,True
1718310983,20085321,8655719400213334373813717409654,93877,44,180,180,0,True
1718310995,20085322,8655719400213334373813717409654,93877,44,180,180,0,True
1718311007,20085323,8655719400213334373813717409654,93877,44,180,180,0,True
1718311019,20085324,8655719400213334373813717409654,93877,44,180,180,0,True
1718311031,20085325,8655719400213334373813717409654,93877,44,180,180,0,True
1718311043,20085326,8655719400213334373813717409654,93877,44,180,180,0,True
1718311055,20085327,8655719400213334373813717409654,93877,44,180,180,0,True
1718311067,20085328,8655719400213334373813717409654,93877,44,180,180,0,True
1718311079,20085329,8742249409157572304855726631164,94076,45,180,180,0,True
1718311091,20085330,8742249409157572304855726631164,94076,45,180,180,0,True
1718311103,20085331,8742249409157572304855726631164,94076,45,180,180,0,True
1718311115,20085332,8742249409157572304855726631164,94076,45,180,180,0,True
1718311127,20085333,8742249409157572304855726631164,94076,45,180,180,0,True
1718311139,20085334,8742249409157572304855726631164,94076,45,180,180,0,True
1718311151,20085335,8742249409157572304855726631164,94076,45,180,180,0,True
1718311163,20085336,8742249409157572304855726631164,94076,45,180,180,0,True
1718311175,20085337,8742249409157572304855726631164,94076,45,180,180,0,True
1718311187,20085338,8742249409157572304855726631164,94076,45,180,180,0,True
1718311199,20085339,8742249409157572304855726631164,94076,45,180,180,0,True
1718311211,20085340,8742249409157572304855726631164,94076,45,180,180,0,True
1718311223,20085341,8742249409157572304855726631164,94076,45,180,180,0,True
1718311235,20085342,8742249409157572304855726631164,94076,45,180,180,0,True
1718311247,20085343,8742249409157572304855726631164,94076,45,180,180,0,True
1718311259,20085344,8742249409157572304855726631164,94076,45,180,180,0,True
1718311271,20085345,8742249409157572304855726631164,94076,45,180,180,0,True
1718311283,20085346,8742249409157572304855726631164,94076,45,180,180,0,True
1718311295,20085347,8742249409157572304855726631164,94076,45,180,180,0,True
1718311307,20085348,8742249409157572304855726631164,94076,45,180,180,0,True
1718311319,20085349,8742249409157572304855726631164,94076,45,180,180,0,True
1718311331,20085350,8742249409157572304855726631164,94076,45,180,180,0,True
1718311343,20085351,8742249409157572304855726631164,94076,45,180,180,0,True
1718311355,20085352,8742249409157572304855726631164,94076,45,180,180,0,True
1718311367,20085353,8742249409157572304855726631164,94076,45,180,180,0,True
1718311379,20085354,8697752016844582314991006716153,93974,46,180,180,0,True
1718311391,20085355,8697752016844582314991006716153,93974,46,180,180,0,True
1718311403,20085356,8697752016844582314991006716153,93974,46,180,180,0,True
1718311415,20085357,8697752016844582314991006716153,93974,46,180,180,0,True
1718311427,20085358,8697752016844582314991006716153,93974,46,180,180,0,True
1718311439,20085359,8697752016844582314991006716153,93974,46,180,180,0,True
1718311451,20085360,8697752016844582314991006716153,93974,46,180,180,0,True
1718311463,20085361,8697752016844582314991006716153,93974,46,180,180,0,True
1718311475,20085362,8697752016844582314991006716153,93974,46,180,180,0,True
1718311487,20085363,8697752016844582314991006716153,93974,46,180,180,0,True
1718311499,20085364,8697752016844582314991006716153,93974,46,180,180,0,True
1718311511,20085365,8697752016844582314991006716153,93974,46,180,180,0,True
1718311523,20085366,8697752016844582314991006716153,93974,46,180,180,0,True
1718311535,20085367,8697752016844582314991006716153,93974,46,180,180,0,True
1718311547,20085368,8697752016844582314991006716153,93974,46,180,180,0,True
1718311559,20085369,8697752016844582314991006716153,93974,46,180,180,0,True
1718311571,20085370,8697752016844582314991006716153,93974,46,180,180,0,True
1718311583,20085371,8697752016844582314991006716153,93974,46,180,180,0,True
1718311595,20085372,8697752016844582314991006716153,93974,46,180,180,0,True
1718311607,20085373,8697752016844582314991006716153,93974,46,180,180,0,True
1718311619,20085374,8697752016844582314991006716153,93974,46,180,180,0,True
1718311631,20085375,8697752016844582314991006716153,93974,46,180,180,0,True
1718311643,20085376,8697752016844582314991006716153,93974,46,180,180,0,True
1718311655,20085377,8697752016844582314991006716153,93974,46,180,180,0,True
1718311667,20085378,8697752016844582314991006716153,93974,46,180,180,0,True
1718311679,20085379,8697752016844582314991006716153,93974,46,180,180,0,True
1718311691,20085380,8697752016844582314991006716153,93974,46,180,180,0,True
1718311703,20085381,8697752016844582314991006716153,93974,46,180,180,0,True
1718311715,20085382,8697752016844582314991006716153,93974,46,180,180,0,True
1718311727,20085383,8697752016844582314991006716153,93974,46,180,180,0,True
1718311739,20085384,8697752016844582314991006716153,93974,46,180,180,0,True
1718311751,20085385,8697752016844582314991006716153,93974,46,180,180,0,True
1718311763,20085386,8697752016844582314991006716153,93974,46,180,180,0,True
1718311775,20085387,8697752016844582314991006716153,93974,46,180,180,0,True
1718311787,20085388,8697752016844582314991006716153,93974,46,180,180,0,True
1718311799,20085389,8697752016844582314991006716153,93974,46,180,180,0,True
1718311811,20085390,8697752016844582314991006716153,93974,46,180,180,0,True
1718311823,20085391,8697752016844582314991006716153,93974,46,180,180,0,True
1718311835,20085392,8697752016844582314991006716153,93974,46,180,180,0,True
1718311847,20085393,8697752016844582314991006716153,93974,46,180,180,0,True
1718311859,20085394,8697752016844582314991006716153,93974,46,180,180,0,True
1718311871,20085395,8697752016844582314991006716153,93974,46,180,180,0,True
1718311883,20085396,8697752016844582314991006716153,93974,46,180,180,0,True
1718311895,20085397,8697752016844582314991006716153,93974,46,180,180,0,True
1718311907,20085398,8697752016844582314991006716153,93974,46,180,180,0,True
1718311919,20085399,8697752016844582314991006716153,93974,46,180,180,0,True
1718311931,20085400,8697752016844582314991006716153,93974,46,180,180,0,True
1718311943,20085401,8697752016844582314991006716153,93974,46,180,180,0,True
1718311955,20085402,8697752016844582314991006716153,93974,46,180,180,0,True
1718311967,20085403,8697752016844582314991006716153,93974,46,180,180,0,True
1718311979,20085404,8697752016844582314991006716153,93974,46,180,180,0,True
1718311991,20085405,8697752016844582314991006716153,93974,46,180,180,0,True
1718312003,20085406,8697752016844582314991006716153,93974,46,180,180,0,True
1718312015,20085407,8697752016844582314991006716153,93974,46,180,180,0,True
1718312027,20085408,8697752016844582314991006716153,93974,46,180,180,0,True
1718312039,20085409,8697752016844582314991006716153,93974,46,180,180,0,True
1718312051,20085410,8697752016844582314991006716153,93974,46,180,180,0,True
1718312063,20085411,8697752016844582314991006716153,93974,46,180,180,0,True
1718312075,20085412,8693151492406382784291385047237,93963,47,180,180,0,True
1718312087,20085413,8693151492406382784291385047237,93963,47,180,180,0,True
1718312099,20085414,8693151492406382784291385047237,93963,47,180,180,0,True
1718312111,20085415,8693151492406382784291385047237,93963,47,180,180,0,True
1718312123,20085416,8693151492406382784291385047237,93963,47,180,180,0,True
1718312135,20085417,8693151492406382784291385047237,93963,47,180,180,0,True
1718312147,20085418,8693151492406382784291385047237,93963,47,180,180,0,True
1718312159,20085419,8693151492406382784291385047237,93963,47,180,180,0,True
1718312171,20085420,8693151492406382784291385047237,93963,47,180,180,0,True
1718312183,20085421,8693151492406382784291385047237,93963,47,180,180,0,True
1718312195,20085422,8693151492406382784291385047237,93963,47,180,180,0,True
1718312207,20085423,8693151492406382784291385047237,93963,47,180,180,0,True
1718312231,20085424,8693151492406382784291385047237,93963,47,180,180,0,True
1718312243,20085425,8693151492406382784291385047237,93963,47,180,180,0,True
1718312255,20085426,8693151492406382784291385047237,93963,47,180,180,0,True
1718312267,20085427,8693151492406382784291385047237,93963,47,180,180,0,True
1718312279,20085428,8689962082787794669815036899343,93956,48,180,180,0,True
1718312291,20085429,8689962082787794669815036899343,93956,48,180,180,0,True
1718312303,20085430,8689962082787794669815036899343,93956,48,180,180,0,True
1718312315,20085431,8689962082787794669815036899343,93956,48,180,180,0,True
1718312327,20085432,8689962082787794669815036899343,93956,48,180,180,0,True
1718312339,20085433,8689962082787794669815036899343,93956,48,180,180,0,True
1718312351,20085434,8689962082787794669815036899343,93956,48,180,180,0,True
1718312363,20085435,8689962082787794669815036899343,93956,48,180,180,0,True
1718312375,20085436,8689962082787794669815036899343,93956,48,180,180,0,True
1718312387,20085437,8689962082787794669815036899343,93956,48,180,180,0,True
1718312399,20085438,8689962082787794669815036899343,93956,48,180,180,0,True
1718312411,20085439,8689962082787794669815036899343,93956,48,180,180,0,True
1718312423,20085440,8689962082787794669815036899343,93956,48,180,180,0,True
1718312435,20085441,8689962082787794669815036899343,93956,48,180,180,0,True
1718312447,20085442,8689962082787794669815036899343,93956,48,180,180,0,True
1718312459,20085443,8689962082787794669815036899343,93956,48,180,180,0,True
1718312471,20085444,8689962082787794669815036899343,93956,48,180,180,0,True
1718312483,20085445,8689962082787794669815036899343,93956,48,180,180,0,True
1718312495,20085446,8689962082787794669815036899343,93956,48,180,180,0,True
1718312507,20085447,8689962082787794669815036899343,93956,48,180,180,0,True
1718312519,20085448,8689962082787794669815036899343,93956,48,180,180,0,True
1718312531,20085449,8689962082787794669815036899343,93956,48,180,180,0,True
1718312543,20085450,8689962082787794669815036899343,93956,48,180,180,0,True
1718312555,20085451,8689962082787794669815036899343,93956,48,180,180,0,True
1718312567,20085452,8689962082787794669815036899343,93956,48,180,180,0,True
1718312579,20085453,8689962082787794669815036899343,93956,48,180,180,0,True
1718312591,20085454,8689962082787794669815036899343,93956,48,180,180,0,True
1718312603,20085455,8689962082787794669815036899343,93956,48,180,180,0,True
1718312615,20085456,8689962082787794669815036899343,93956,48,180,180,0,True
1718312627,20085457,8689962082787794669815036899343,93956,48,180,180,0,True
1718312639,20085458,8689962082787794669815036899343,93956,48,180,180,0,True
1718312651,20085459,8689962082787794669815036899343,93956,48,180,180,0,True
1718312663,20085460,8689962082787794669815036899343,93956,48,180,180,0,True
1718312675,20085461,8689962082787794669815036899343,93956,48,180,180,0,True
1718312687,20085462,8689962082787794669815036899343,93956,48,180,180,0,True
1718312699,20085463,8689962082787794669815036899343,93956,48,180,180,0,True
1718312711,20085464,8689962082787794669815036899343,93956,48,180,180,0,True
1718312723,20085465,8689962082787794669815036899343,93956,48,180,180,0,True
1718312735,20085466,8689962082787794669815036899343,93956,48,180,180,0,True
1718312747,20085467,8689962082787794669815036899343,93956,48,180,180,0,True
1718312759,20085468,8689962082787794669815036899343,93956,48,180,180,0,True
1718312771,20085469,8689962082787794669815036899343,93956,48,180,180,0,True
1718312783,20085470,8689962082787794669815036899343,93956,48,180,180,0,True
1718312795,20085471,8689962082787794669815036899343,93956,48,180,180,0,True
1718312807,20085472,8689962082787794669815036899343,93956,48,180,180,0,True
1718312819,20085473,8689962082787794669815036899343,93956,48,180,180,0,True
1718312831,20085474,8689962082787794669815036899343,93956,48,180,180,0,True
1718312843,20085475,8689962082787794669815036899343,93956,48,180,180,0,True
1718312855,20085476,8689962082787794669815036899343,93956,48,180,180,0,True
1718312867,20085477,8689962082787794669815036899343,93956,48,180,180,0,True
1718312879,20085478,8689962082787794669815036899343,93956,48,180,180,0,True
1718312891,20085479,8689962082787794669815036899343,93956,48,180,180,0,True
1718312903,20085480,8689962082787794669815036899343,93956,48,180,180,0,True
1718312915,20085481,8689962082787794669815036899343,93956,48,180,180,0,True
1718312927,20085482,8689962082787794669815036899343,93956,48,180,180,0,True
1718312939,20085483,8689962082787794669815036899343,93956,48,180,180,0,True
1718312951,20085484,8689962082787794669815036899343,93956,48,180,180,0,True
1718312963,20085485,8689962082787794669815036899343,93956,48,180,180,0,True
1718312975,20085486,8689962082787794669815036899343,93956,48,180,180,0,True
1718312987,20085487,8689962082787794669815036899343,93956,48,180,180,0,True
1718312999,20085488,8689962082787794669815036899343,93956,48,180,180,0,True
1718313011,20085489,8689962082787794669815036899343,93956,48,180,180,0,True
1718313023,20085490,8689962082787794669815036899343,93956,48,180,180,0,True
1718313035,20085491,8689962082787794669815036899343,93956,48,180,180,0,True
1718313047,20085492,8689962082787794669815036899343,93956,48,180,180,0,True
1718313059,20085493,8689962082787794669815036899343,93956,48,180,180,0,True
1718313071,20085494,8689962082787794669815036899343,93956,48,180,180,0,True
1718313083,20085495,8689962082787794669815036899343,93956,48,180,180,0,True
1718313095,20085496,8689962082787794669815036899343,93956,48,180,180,0,True
1718313107,20085497,8689962082787794669815036899343,93956,48,180,180,0,True
1718313119,20085498,8689962082787794669815036899343,93956,48,180,180,0,True
1718313131,20085499,8689962082787794669815036899343,93956,48,180,180,0,True
1718313143,20085500,8689962082787794669815036899343,93956,48,180,180,0,True
1718313155,20085501,8689962082787794669815036899343,93956,48,180,180,0,True
1718313167,20085502,8691768267592187465427584573700,93960,49,180,180,0,True
1718313179,20085503,8691768267592187465427584573700,93960,49,180,180,0,True
1718313191,20085504,8691768267592187465427584573700,93960,49,180,180,0,True
1718313203,20085505,8691768267592187465427584573700,93960,49,180,180,0,True
1718313215,20085506,8691768267592187465427584573700,93960,49,180,180,0,True
1718313227,20085507,8691768267592187465427584573700,93960,49,180,180,0,True
1718313239,20085508,8691768267592187465427584573700,93960,49,180,180,0,True
1718313251,20085509,8691768267592187465427584573700,93960,49,180,180,0,True
1718313263,20085510,8691768267592187465427584573700,93960,49,180,180,0,True
1718313275,20085511,8691768267592187465427584573700,93960,49,180,180,0,True
1718313287,20085512,8691768267592187465427584573700,93960,49,180,180,0,True
1718313299,20085513,8691768267592187465427584573700,93960,49,180,180,0,True
1718313311,20085514,8691768267592187465427584573700,93960,49,180,180,0,True
1718313323,20085515,8691768267592187465427584573700,93960,49,180,180,0,True
1718313335,20085516,8691768267592187465427584573700,93960,49,180,180,0,True
1718313347,20085517,8691768267592187465427584573700,93960,49,180,180,0,True
1718313359,20085518,8691768267592187465427584573700,93960,49,180,180,0,True
1718313371,20085519,8691768267592187465427584573700,93960,49,180,180,0,True
1718313383,20085520,8691768267592187465427584573700,93960,49,180,180,0,True
1718313395,20085521,8691768267592187465427584573700,93960,49,180,180,0,True
1718313407,20085522,8691768267592187465427584573700,93960,49,180,180,0,True
1718313419,20085523,8691768267592187465427584573700,93960,49,180,180,0,True
1718313431,20085524,8691768267592187465427584573700,93960,49,180,180,0,True
1718313443,20085525,8691768267592187465427584573700,93960,49,180,180,0,True
1718313455,20085526,8691768267592187465427584573700,93960,49,180,180,0,True
1718313467,20085527,8691768267592187465427584573700,93960,49,180,180,0,True
1718313479,20085528,8691768267592187465427584573700,93960,49,180,180,0,True
1718313491,20085529,8691768267592187465427584573700,93960,49,180,180,0,True
1718313503,20085530,8691768267592187465427584573700,93960,49,180,180,0,True
1718313515,20085531,8691768267592187465427584573700,93960,49,180,180,0,True
1718313527,20085532,8691768267592187465427584573700,93960,49,180,180,0,True
1718313539,20085533,8691768267592187465427584573700,93960,49,180,180,0,True
1718313551,20085534,8691768267592187465427584573700,93960,49,180,180,0,True
1718313563,20085535,8691768267592187465427584573700,93960,49,180,180,0,True
1718313575,20085536,8691768267592187465427584573700,93960,49,180,180,0,True
1718313587,20085537,8691768267592187465427584573700,93960,49,180,180,0,True
1718313599,20085538,8691768267592187465427584573700,93960,49,180,180,0,True
1718313611,20085539,8691768267592187465427584573700,93960,49,180,180,0,True
1718313623,20085540,8691768267592187465427584573700,93960,49,180,180,0,True
1718313635,20085541,8691768267592187465427584573700,93960,49,180,180,0,True
1718313647,20085542,8691768267592187465427584573700,93960,49,180,180,0,True
1718313659,20085543,8691768267592187465427584573700,93960,49,180,180,0,True
1718313671,20085544,8691768267592187465427584573700,93960,49,180,180,0,True
1718313683,20085545,8691768267592187465427584573700,93960,49,180,180,0,True
1718313695,20085546,8691768267592187465427584573700,93960,49,180,180,0,True
1718313707,20085547,8691768267592187465427584573700,93960,49,180,180,0,True
1718313719,20085548,8691768267592187465427584573700,93960,49,180,180,0,True
1718313731,20085549,8691768267592187465427584573700,93960,49,180,180,0,True
1718313743,20085550,8691768267592187465427584573700,93960,49,180,180,0,True
1718313755,20085551,8691768267592187465427584573700,93960,49,180,180,0,True
1718313767,20085552,8691768267592187465427584573700,93960,49,180,180,0,True
1718313779,20085553,8691768267592187465427584573700,93960,49,180,180,0,True
1718313791,20085554,8691768267592187465427584573700,93960,49,180,180,0,True
1718313803,20085555,8691768267592187465427584573700,93960,49,180,180,0,True
1718313815,20085556,8691768267592187465427584573700,93960,49,180,180,0,True
1718313827,20085557,8691768267592187465427584573700,93960,49,180,180,0,True
1718313839,20085558,8691768267592187465427584573700,93960,49,180,180,0,True
1718313851,20085559,8691768267592187465427584573700,93960,49,180,180,0,True
1718313863,20085560,8691768267592187465427584573700,93960,49,180,180,0,True
1718313875,20085561,8691768267592187465427584573700,93960,49,180,180,0,True
1718313887,20085562,8691768267592187465427584573700,93960,49,180,180,0,True
1718313899,20085563,8691768267592187465427584573700,93960,49,180,180,0,True
1718313911,20085564,8691768267592187465427584573700,93960,50,180,180,0,True
1718313923,20085565,8691768267592187465427584573700,93960,50,180,180,0,True
1718313935,20085566,8691768267592187465427584573700,93960,50,180,180,0,True
1718313947,20085567,8691768267592187465427584573700,93960,50,180,180,0,True
1718313959,20085568,8691768267592187465427584573700,93960,50,180,180,0,True
1718313971,20085569,8691768267592187465427584573700,93960,50,180,180,0,True
1718313983,20085570,8691768267592187465427584573700,93960,50,180,180,0,True
1718313995,20085571,8691768267592187465427584573700,93960,50,180,180,0,True
1718314007,20085572,8691768267592187465427584573700,93960,50,180,180,0,True
1718314019,20085573,8691768267592187465427584573700,93960,50,180,180,0,True
1718314031,20085574,8691768267592187465427584573700,93960,50,180,180,0,True
1718314043,20085575,8691768267592187465427584573700,93960,50,180,180,0,True
1718314055,20085576,8691768267592187465427584573700,93960,50,180,180,0,True
1718314067,20085577,8691768267592187465427584573700,93960,50,180,180,0,True
1718314079,20085578,8691768267592187465427584573700,93960,50,180,180,0,True
1718314091,20085579,8691768267592187465427584573700,93960,50,180,180,0,True
1718314103,20085580,8691768267592187465427584573700,93960,50,180,180,0,True
1718314115,20085581,8691768267592187465427584573700,93960,50,180,180,0,True
1718314127,20085582,8691768267592187465427584573700,93960,50,180,180,0,True
1718314139,20085583,8691768267592187465427584573700,93960,50,180,180,0,True
1718314151,20085584,8691768267592187465427584573700,93960,50,180,180,0,True
1718314163,20085585,8691768267592187465427584573700,93960,50,180,180,0,True
1718314175,20085586,8691768267592187465427584573700,93960,50,180,180,0,True
1718314187,20085587,8691768267592187465427584573700,93960,50,180,180,0,True
1718314199,20085588,8691768267592187465427584573700,93960,50,180,180,0,True
1718314211,20085589,8691768267592187465427584573700,93960,50,180,180,0,True
1718314223,20085590,8691768267592187465427584573700,93960,50,180,180,0,True
1718314235,20085591,8691768267592187465427584573700,93960,50,180,180,0,True
1718314247,20085592,8691768267592187465427584573700,93960,50,180,180,0,True
1718314259,20085593,8691768267592187465427584573700,93960,50,180,180,0,True
1718314271,20085594,8691768267592187465427584573700,93960,50,180,180,0,True
1718314283,20085595,8691768267592187465427584573700,93960,50,180,180,0,True
1718314295,20085596,8691768267592187465427584573700,93960,50,180,180,0,True
1718314307,20085597,8691768267592187465427584573700,93960,50,180,180,0,True
1718314319,20085598,8691768267592187465427584573700,93960,50,180,180,0,True
1718314331,20085599,8691768267592187465427584573700,93960,50,180,180,0,True
1718314343,20085600,8691768267592187465427584573700,93960,50,180,180,0,True
1718314355,20085601,8691768267592187465427584573700,93960,50,180,180,0,True
1718314367,20085602,8691768267592187465427584573700,93960,50,180,180,0,True
1718314379,20085603,8691768267592187465427584573700,93960,50,180,180,0,True
1718314391,20085604,8691768267592187465427584573700,93960,50,180,180,0,True
1718314403,20085605,8691768267592187465427584573700,93960,50,180,180,0,True
1718314415,20085606,8691768267592187465427584573700,93960,50,180,180,0,True
1718314427,20085607,8691768267592187465427584573700,93960,50,180,180,0,True
1718314439,20085608,8691768267592187465427584573700,93960,50,180,180,0,True
1718314451,20085609,8691768267592187465427584573700,93960,50,180,180,0,True
1718314463,20085610,8691768267592187465427584573700,93960,50,180,180,0,True
1718314475,20085611,8691768267592187465427584573700,93960,50,180,180,0,True
1718314487,20085612,8691768267592187465427584573700,93960,50,180,180,0,True
1718314499,20085613,8691768267592187465427584573700,93960,50,180,180,0,True
1718314511,20085614,8691768267592187465427584573700,93960,50,180,180,0,True
1718314523,20085615,8691768267592187465427584573700,93960,50,180,180,0,True
1718314535,20085616,8691768267592187465427584573700,93960,50,180,180,0,True
1718314547,20085617,8691768267592187465427584573700,93960,50,180,180,0,True
1718314559,20085618,8691768267592187465427584573700,93960,50,180,180,0,True
1718314571,20085619,8691768267592187465427584573700,93960,50,180,180,0,True
1718314583,20085620,8691768267592187465427584573700,93960,50,180,180,0,True
1718314595,20085621,8691768267592187465427584573700,93960,50,180,180,0,True
1718314607,20085622,8691768267592187465427584573700,93960,50,180,180,0,True
1718314619,20085623,8691768267592187465427584573700,93960,50,180,180,0,True
1718314631,20085624,8691768267592187465427584573700,93960,50,180,180,0,True
1718314643,20085625,8691768267592187465427584573700,93960,50,180,180,0,True
1718314655,20085626,8691768267592187465427584573700,93960,50,180,180,0,True
1718314667,20085627,8691768267592187465427584573700,93960,50,180,180,0,True
1718314679,20085628,8653215832539526134528166726648,93871,51,180,180,0,True
1718314691,20085629,8653215832539526134528166726648,93871,51,180,180,0,True
1718314703,20085630,8653215832539526134528166726648,93871,51,180,180,0,True
1718314715,20085631,8653215832539526134528166726648,93871,51,180,180,0,True
1718314727,20085632,8653215832539526134528166726648,93871,51,180,180,0,True
1718314739,20085633,8653215832539526134528166726648,93871,51,180,180,0,True
1718314751,20085634,8653215832539526134528166726648,93871,51,180,180,0,True
1718314763,20085635,8653215832539526134528166726648,93871,51,180,180,0,True
1718314775,20085636,8653215832539526134528166726648,93871,51,180,180,0,True
1718314787,20085637,8653215832539526134528166726648,93871,51,180,180,0,True
1718314799,20085638,8653215832539526134528166726648,93871,51,180,180,0,True
1718314811,20085639,8653215832539526134528166726648,93871,51,180,180,0,True
1718314823,20085640,8653215832539526134528166726648,93871,51,180,180,0,True
1718314835,20085641,8653215832539526134528166726648,93871,51,180,180,0,True
1718314847,20085642,8653215832539526134528166726648,93871,51,180,180,0,True
1718314859,20085643,8653215832539526134528166726648,93871,51,180,180,0,True
1718314871,20085644,8653215832539526134528166726648,93871,51,180,180,0,True
1718314883,20085645,8653215832539526134528166726648,93871,51,180,180,0,True
1718314895,20085646,8653215832539526134528166726648,93871,51,180,180,0,True
1718314907,20085647,8653215832539526134528166726648,93871,51,180,180,0,True
1718314919,20085648,8653215832539526134528166726648,93871,51,180,180,0,True
1718314931,20085649,8653215832539526134528166726648,93871,51,180,180,0,True
1718314943,20085650,8653215832539526134528166726648,93871,51,180,180,0,True
1718314955,20085651,8653215832539526134528166726648,93871,51,180,180,0,True
1718314967,20085652,8653215832539526134528166726648,93871,51,180,180,0,True
1718314979,20085653,8653215832539526134528166726648,93871,51,180,180,0,True
1718314991,20085654,8653215832539526134528166726648,93871,51,180,180,0,True
1718315003,20085655,8653215832539526134528166726648,93871,51,180,180,0,True
1718315015,20085656,8653215832539526134528166726648,93871,51,180,180,0,True
1718315027,20085657,8653215832539526134528166726648,93871,51,180,180,0,True
1718315039,20085658,8653215832539526134528166726648,93871,51,180,180,0,True
1718315051,20085659,8653215832539526134528166726648,93871,51,180,180,0,True
1718315063,20085660,8653215832539526134528166726648,93871,51,180,180,0,True
1718315075,20085661,8653215832539526134528166726648,93871,51,180,180,0,True
1718315087,20085662,8653215832539526134528166726648,93871,51,180,180,0,True
1718315099,20085663,8653215832539526134528166726648,93871,51,180,180,0,True
1718315111,20085664,8653215832539526134528166726648,93871,51,180,180,0,True
1718315123,20085665,8653215832539526134528166726648,93871,51,180,180,0,True
1718315135,20085666,8653215832539526134528166726648,93871,51,180,180,0,True
1718315147,20085667,8653215832539526134528166726648,93871,51,180,180,0,True
1718315159,20085668,8653215832539526134528166726648,93871,51,180,180,0,True
1718315171,20085669,8653215832539526134528166726648,93871,51,180,180,0,True
1718315183,20085670,8653215832539526134528166726648,93871,51,180,180,0,True
1718315195,20085671,8653215832539526134528166726648,93871,51,180,180,0,True
1718315207,20085672,8653215832539526134528166726648,93871,51,180,180,0,True
1718315219,20085673,8653215832539526134528166726648,93871,51,180,180,0,True
1718315231,20085674,8653215832539526134528166726648,93871,51,180,180,0,True
1718315243,20085675,8653215832539526134528166726648,93871,51,180,180,0,True
1718315255,20085676,8653215832539526134528166726648,93871,51,180,180,0,True
1718315267,20085677,8653215832539526134528166726648,93871,51,180,180,0,True
1718315279,20085678,8653215832539526134528166726648,93871,51,180,180,0,True
1718315291,20085679,8653215832539526134528166726648,93871,51,180,180,0,True
1718315303,20085680,8653215832539526134528166726648,93871,51,180,180,0,True
1718315315,20085681,8653215832539526134528166726648,93871,51,180,180,0,True
1718315327,20085682,8653215832539526134528166726648,93871,51,180,180,0,True
1718315339,20085683,8653215832539526134528166726648,93871,51,180,180,0,True
1718315351,20085684,8653215832539526134528166726648,93871,51,180,180,0,True
1718315363,20085685,8653215832539526134528166726648,93871,51,180,180,0,True
1718315375,20085686,8653215832539526134528166726648,93871,51,180,180,0,True
1718315387,20085687,8653215832539526134528166726648,93871,51,180,180,0,True
1718315399,20085688,8653215832539526134528166726648,93871,51,180,180,0,True
1718315411,20085689,8653215832539526134528166726648,93871,51,180,180,0,True
1718315423,20085690,8653215832539526134528166726648,93871,51,180,180,0,True
1718315435,20085691,8653215832539526134528166726648,93871,51,180,180,0,True
1718315447,20085692,8653215832539526134528166726648,93871,51,180,180,0,True
1718315459,20085693,8653215832539526134528166726648,93871,51,180,180,0,True
1718315471,20085694,8653215832539526134528166726648,93871,51,180,180,0,True
1718315483,20085695,8653215832539526134528166726648,93871,51,180,180,0,True
1718315495,20085696,8653215832539526134528166726648,93871,51,180,180,0,True
1718315507,20085697,8653215832539526134528166726648,93871,51,180,180,0,True
1718315519,20085698,8653215832539526134528166726648,93871,51,180,180,0,True
1718315531,20085699,8653215832539526134528166726648,93871,51,180,180,0,True
1718315543,20085700,8653215832539526134528166726648,93871,51,180,180,0,True
1718315555,20085701,8653215832539526134528166726648,93871,51,180,180,0,True
1718315567,20085702,8605756444492831866141395694868,93761,52,180,180,0,True
1718315579,20085703,8605756444492831866141395694868,93761,52,180,180,0,True
1718315591,20085704,8605756444492831866141395694868,93761,52,180,180,0,True
1718315603,20085705,8605756444492831866141395694868,93761,52,180,180,0,True
1718315615,20085706,8605756444492831866141395694868,93761,52,180,180,0,True
1718315627,20085707,8605756444492831866141395694868,93761,52,180,180,0,True
1718315639,20085708,8605756444492831866141395694868,93761,52,180,180,0,True
1718315651,20085709,8605756444492831866141395694868,93761,52,180,180,0,True
1718315663,20085710,8605756444492831866141395694868,93761,52,180,180,0,True
1718315675,20085711,8605756444492831866141395694868,93761,52,180,180,0,True
1718315687,20085712,8605756444492831866141395694868,93761,52,180,180,0,True
1718315699,20085713,8605756444492831866141395694868,93761,52,180,180,0,True
1718315711,20085714,8605756444492831866141395694868,93761,52,180,180,0,True
1718315723,20085715,8605756444492831866141395694868,93761,52,180,180,0,True
1718315735,20085716,8605756444492831866141395694868,93761,52,180,180,0,True
1718315747,20085717,8605756444492831866141395694868,93761,52,180,180,0,True
1718315771,20085718,8605756444492831866141395694868,93761,52,180,180,0,True
1718315783,20085719,8605756444492831866141395694868,93761,52,180,180,0,True
1718315795,20085720,8605756444492831866141395694868,93761,52,180,180,0,True
1718315819,20085721,8605756444492831866141395694868,93761,52,180,180,0,True
1718315831,20085722,8605756444492831866141395694868,93761,52,180,180,0,True
1718315843,20085723,8605756444492831866141395694868,93761,52,180,180,0,True
1718315855,20085724,8605756444492831866141395694868,93761,52,180,180,0,True
1718315879,20085725,8605756444492831866141395694868,93761,52,180,180,0,True
1718315891,20085726,8605756444492831866141395694868,93761,52,180,180,0,True
1718315903,20085727,8605756444492831866141395694868,93761,52,180,180,0,True
1718315915,20085728,8605756444492831866141395694868,93761,52,180,180,0,True
1718315927,20085729,8605756444492831866141395694868,93761,52,180,180,0,True
1718315939,20085730,8605756444492831866141395694868,93761,52,180,180,0,True
1718315951,20085731,8605756444492831866141395694868,93761,52,180,180,0,True
1718315963,20085732,8605756444492831866141395694868,93761,52,180,180,0,True
1718315975,20085733,8605756444492831866141395694868,93761,52,180,180,0,True
1718315987,20085734,8605756444492831866141395694868,93761,52,180,180,0,True
1718315999,20085735,8605756444492831866141395694868,93761,52,180,180,0,True
1718316011,20085736,8605756444492831866141395694868,93761,52,180,180,0,True
1718316023,20085737,8605756444492831866141395694868,93761,52,180,180,0,True
1718316035,20085738,8605756444492831866141395694868,93761,52,180,180,0,True
1718316047,20085739,8605756444492831866141395694868,93761,52,180,180,0,True
1718316059,20085740,8605756444492831866141395694868,93761,52,180,180,0,True
1718316071,20085741,8605756444492831866141395694868,93761,52,180,180,0,True
1718316083,20085742,8605756444492831866141395694868,93761,52,180,180,0,True
1718316095,20085743,8605756444492831866141395694868,93761,52,180,180,0,True
1718316107,20085744,8641683994405949402313031751951,93845,53,180,180,0,True
1718316119,20085745,8641683994405949402313031751951,93845,53,180,180,0,True
1718316131,20085746,8641683994405949402313031751951,93845,53,180,180,0,True
1718316143,20085747,8641683994405949402313031751951,93845,53,180,180,0,True
1718316155,20085748,8641683994405949402313031751951,93845,53,180,180,0,True
1718316167,20085749,8641683994405949402313031751951,93845,53,180,180,0,True
1718316179,20085750,8641683994405949402313031751951,93845,53,180,180,0,True
1718316191,20085751,8641683994405949402313031751951,93845,53,180,180,0,True
1718316203,20085752,8641683994405949402313031751951,93845,53,180,180,0,True
1718316215,20085753,8641683994405949402313031751951,93845,53,180,180,0,True
1718316227,20085754,8641683994405949402313031751951,93845,53,180,180,0,True
1718316239,20085755,8641683994405949402313031751951,93845,53,180,180,0,True
1718316251,20085756,8641683994405949402313031751951,93845,53,180,180,0,True
1718316263,20085757,8641683994405949402313031751951,93845,53,180,180,0,True
1718316275,20085758,8641683994405949402313031751951,93845,53,180,180,0,True
1718316287,20085759,8641683994405949402313031751951,93845,53,180,180,0,True
1718316299,20085760,8641683994405949402313031751951,93845,53,180,180,0,True
1718316311,20085761,8641683994405949402313031751951,93845,53,180,180,0,True
1718316323,20085762,8641683994405949402313031751951,93845,53,180,180,0,True
1718316335,20085763,8641683994405949402313031751951,93845,53,180,180,0,True
1718316347,20085764,8641683994405949402313031751951,93845,53,180,180,0,True
1718316359,20085765,8641683994405949402313031751951,93845,53,180,180,0,True
1718316371,20085766,8641683994405949402313031751951,93845,53,180,180,0,True
1718316383,20085767,8641683994405949402313031751951,93845,53,180,180,0,True
1718316395,20085768,8641683994405949402313031751951,93845,53,180,180,0,True
1718316407,20085769,8641683994405949402313031751951,93845,53,180,180,0,True
1718316419,20085770,8641683994405949402313031751951,93845,53,180,180,0,True
1718316431,20085771,8641683994405949402313031751951,93845,53,180,180,0,True
1718316443,20085772,8641683994405949402313031751951,93845,53,180,180,0,True
1718316455,20085773,8680412106293066772175216888180,93934,54,180,180,0,True
1718316467,20085774,8680412106293066772175216888180,93934,54,180,180,0,True
1718316479,20085775,8680412106293066772175216888180,93934,54,180,180,0,True
1718316491,20085776,8680412106293066772175216888180,93934,54,180,180,0,True
1718316503,20085777,8680412106293066772175216888180,93934,54,180,180,0,True
1718316515,20085778,8680412106293066772175216888180,93934,54,180,180,0,True
1718316527,20085779,8680412106293066772175216888180,93934,54,180,180,0,True
1718316539,20085780,8680412106293066772175216888180,93934,54,180,180,0,True
1718316551,20085781,8680412106293066772175216888180,93934,54,180,180,0,True
1718316563,20085782,8680412106293066772175216888180,93934,54,180,180,0,True
1718316575,20085783,8680412106293066772175216888180,93934,54,180,180,0,True
1718316587,20085784,8680412106293066772175216888180,93934,54,180,180,0,True
1718316599,20085785,8680412106293066772175216888180,93934,54,180,180,0,True
1718316611,20085786,8680412106293066772175216888180,93934,54,180,180,0,True
1718316623,20085787,8680412106293066772175216888180,93934,54,180,180,0,True
1718316635,20085788,8680412106293066772175216888180,93934,54,180,180,0,True
1718316647,20085789,8680412106293066772175216888180,93934,54,180,180,0,True
1718316659,20085790,8680412106293066772175216888180,93934,54,180,180,0,True
1718316671,20085791,8680412106293066772175216888180,93934,54,180,180,0,True
1718316683,20085792,8680412106293066772175216888180,93934,54,180,180,0,True
1718316695,20085793,8680412106293066772175216888180,93934,54,180,180,0,True
1718316707,20085794,8680412106293066772175216888180,93934,54,180,180,0,True
1718316719,20085795,8680412106293066772175216888180,93934,54,180,180,0,True
1718316731,20085796,8680412106293066772175216888180,93934,54,180,180,0,True
1718316743,20085797,8680412106293066772175216888180,93934,54,180,180,0,True
1718316755,20085798,8680412106293066772175216888180,93934,54,180,180,0,True
1718316767,20085799,8680412106293066772175216888180,93934,54,180,180,0,True
1718316779,20085800,8680412106293066772175216888180,93934,54,180,180,0,True
1718316791,20085801,8680412106293066772175216888180,93934,54,180,180,0,True
1718316803,20085802,8680412106293066772175216888180,93934,54,180,180,0,True
1718316815,20085803,8680412106293066772175216888180,93934,54,180,180,0,True
1718316827,20085804,8680412106293066772175216888180,93934,54,180,180,0,True
1718316839,20085805,8680412106293066772175216888180,93934,54,180,180,0,True
1718316851,20085806,8680412106293066772175216888180,93934,54,180,180,0,True
1718316863,20085807,8680412106293066772175216888180,93934,54,180,180,0,True
1718316875,20085808,8680412106293066772175216888180,93934,54,180,180,0,True
1718316887,20085809,8680412106293066772175216888180,93934,54,180,180,0,True
1718316899,20085810,8680412106293066772175216888180,93934,54,180,180,0,True
1718316911,20085811,8680412106293066772175216888180,93934,54,180,180,0,True
1718316923,20085812,8680412106293066772175216888180,93934,54,180,180,0,True
1718316935,20085813,8680412106293066772175216888180,93934,54,180,180,0,True
1718316947,20085814,8680412106293066772175216888180,93934,54,180,180,0,True
1718316959,20085815,8680412106293066772175216888180,93934,54,180,180,0,True
1718316971,20085816,8680412106293066772175216888180,93934,54,180,180,0,True
1718316983,20085817,8680412106293066772175216888180,93934,54,180,180,0,True
1718316995,20085818,8680412106293066772175216888180,93934,54,180,180,0,True
1718317007,20085819,8680412106293066772175216888180,93934,54,180,180,0,True
1718317019,20085820,8680412106293066772175216888180,93934,54,180,180,0,True
1718317031,20085821,8680412106293066772175216888180,93934,54,180,180,0,True
1718317043,20085822,8680412106293066772175216888180,93934,54,180,180,0,True
1718317055,20085823,8680412106293066772175216888180,93934,54,180,180,0,True
1718317067,20085824,8680412106293066772175216888180,93934,54,180,180,0,True
1718317079,20085825,8680412106293066772175216888180,93934,54,180,180,0,True
1718317091,20085826,8680412106293066772175216888180,93934,54,180,180,0,True
1718317103,20085827,8680412106293066772175216888180,93934,54,180,180,0,True
1718317115,20085828,8680412106293066772175216888180,93934,54,180,180,0,True
1718317127,20085829,8680412106293066772175216888180,93934,54,180,180,0,True
1718317139,20085830,8680412106293066772175216888180,93934,54,180,180,0,True
1718317151,20085831,8680412106293066772175216888180,93934,54,180,180,0,True
1718317175,20085832,8680412106293066772175216888180,93934,54,180,180,0,True
1718317187,20085833,8680412106293066772175216888180,93934,54,180,180,0,True
1718317199,20085834,8680412106293066772175216888180,93934,54,180,180,0,True
1718317211,20085835,8680412106293066772175216888180,93934,54,180,180,0,True
1718317223,20085836,8680412106293066772175216888180,93934,54,180,180,0,True
1718317235,20085837,8680412106293066772175216888180,93934,54,180,180,0,True
1718317247,20085838,8680412106293066772175216888180,93934,54,180,180,0,True
1718317259,20085839,8680412106293066772175216888180,93934,54,180,180,0,True
1718317271,20085840,8680412106293066772175216888180,93934,54,180,180,0,True
1718317283,20085841,8680412106293066772175216888180,93934,54,180,180,0,True
1718317295,20085842,8680412106293066772175216888180,93934,54,180,180,0,True
1718317319,20085843,8680412106293066772175216888180,93934,54,180,180,0,True
1718317331,20085844,8680412106293066772175216888180,93934,54,180,180,0,True
1718317343,20085845,8680412106293066772175216888180,93934,54,180,180,0,True
1718317355,20085846,8680412106293066772175216888180,93934,54,180,180,0,True
1718317367,20085847,8680412106293066772175216888180,93934,54,180,180,0,True
1718317379,20085848,8680412106293066772175216888180,93934,54,180,180,0,True
1718317391,20085849,8680412106293066772175216888180,93934,54,180,180,0,True
1718317403,20085850,8680412106293066772175216888180,93934,54,180,180,0,True
1718317415,20085851,8680412106293066772175216888180,93934,54,180,180,0,True
1718317427,20085852,8680412106293066772175216888180,93934,54,180,180,0,True
1718317439,20085853,8680412106293066772175216888180,93934,54,180,180,0,True
1718317451,20085854,8680412106293066772175216888180,93934,54,180,180,0,True
1718317463,20085855,8680412106293066772175216888180,93934,54,180,180,0,True
1718317475,20085856,8680412106293066772175216888180,93934,54,180,180,0,True
1718317487,20085857,8680412106293066772175216888180,93934,54,180,180,0,True
1718317499,20085858,8680412106293066772175216888180,93934,54,180,180,0,True
1718317511,20085859,8680412106293066772175216888180,93934,54,180,180,0,True
1718317523,20085860,8680412106293066772175216888180,93934,54,180,180,0,True
1718317535,20085861,8680412106293066772175216888180,93934,54,180,180,0,True
1718317547,20085862,8680412106293066772175216888180,93934,54,180,180,0,True
1718317559,20085863,8680412106293066772175216888180,93934,54,180,180,0,True
1718317571,20085864,8680412106293066772175216888180,93934,54,180,180,0,True
1718317583,20085865,8680412106293066772175216888180,93934,54,180,180,0,True
1718317595,20085866,8680412106293066772175216888180,93934,54,180,180,0,True
1718317607,20085867,8680412106293066772175216888180,93934,54,180,180,0,True
1718317631,20085868,8680412106293066772175216888180,93934,54,180,180,0,True
1718317643,20085869,8680412106293066772175216888180,93934,54,180,180,0,True
1718317655,20085870,8680412106293066772175216888180,93934,54,180,180,0,True
1718317667,20085871,8680412106293066772175216888180,93934,54,180,180,0,True
1718317679,20085872,8680412106293066772175216888180,93934,54,180,180,0,True
1718317691,20085873,8680412106293066772175216888180,93934,54,180,180,0,True
1718317703,20085874,8680412106293066772175216888180,93934,54,180,180,0,True
1718317715,20085875,8680412106293066772175216888180,93934,54,180,180,0,True
1718317727,20085876,8680412106293066772175216888180,93934,54,180,180,0,True
1718317739,20085877,8680412106293066772175216888180,93934,54,180,180,0,True
1718317751,20085878,8680412106293066772175216888180,93934,54,180,180,0,True
1718317763,20085879,8680412106293066772175216888180,93934,54,180,180,0,True
1718317775,20085880,8680412106293066772175216888180,93934,54,180,180,0,True
1718317787,20085881,8680412106293066772175216888180,93934,54,180,180,0,True
1718317799,20085882,8680412106293066772175216888180,93934,54,180,180,0,True
1718317811,20085883,8680412106293066772175216888180,93934,54,180,180,0,True
1718317823,20085884,8680412106293066772175216888180,93934,54,180,180,0,True
1718317835,20085885,8680412106293066772175216888180,93934,54,180,180,0,True
1718317847,20085886,8662098477493207870721305921913,93892,55,180,180,0,True
1718317859,20085887,8662098477493207870721305921913,93892,55,180,180,0,True
1718317871,20085888,8662098477493207870721305921913,93892,55,180,180,0,True
1718317883,20085889,8662098477493207870721305921913,93892,55,180,180,0,True
1718317895,20085890,8662098477493207870721305921913,93892,55,180,180,0,True
1718317907,20085891,8662098477493207870721305921913,93892,55,180,180,0,True
1718317919,20085892,8662098477493207870721305921913,93892,55,180,180,0,True
1718317931,20085893,8662098477493207870721305921913,93892,55,180,180,0,True
1718317943,20085894,8662098477493207870721305921913,93892,55,180,180,0,True
1718317955,20085895,8662098477493207870721305921913,93892,55,180,180,0,True
1718317967,20085896,8662098477493207870721305921913,93892,55,180,180,0,True
1718317979,20085897,8662098477493207870721305921913,93892,55,180,180,0,True
1718317991,20085898,8662098477493207870721305921913,93892,55,180,180,0,True
1718318003,20085899,8662098477493207870721305921913,93892,55,180,180,0,True
1718318015,20085900,8662098477493207870721305921913,93892,55,180,180,0,True
1718318027,20085901,8662098477493207870721305921913,93892,55,180,180,0,True
1718318039,20085902,8662098477493207870721305921913,93892,55,180,180,0,True
1718318051,20085903,8696153956533269970365182489888,93970,56,180,180,0,True
1718318063,20085904,8696153956533269970365182489888,93970,56,180,180,0,True
1718318075,20085905,8696153956533269970365182489888,93970,56,180,180,0,True
1718318087,20085906,8696153956533269970365182489888,93970,56,180,180,0,True
1718318099,20085907,8696153956533269970365182489888,93970,56,180,180,0,True
1718318111,20085908,8696153956533269970365182489888,93970,56,180,180,0,True
1718318123,20085909,8696153956533269970365182489888,93970,56,180,180,0,True
1718318135,20085910,8696153956533269970365182489888,93970,56,180,180,0,True
1718318147,20085911,8696153956533269970365182489888,93970,56,180,180,0,True
1718318159,20085912,8696153956533269970365182489888,93970,56,180,180,0,True
1718318171,20085913,8696153956533269970365182489888,93970,56,180,180,0,True
1718318195,20085914,8696153956533269970365182489888,93970,56,180,180,0,True
1718318207,20085915,8696153956533269970365182489888,93970,56,180,180,0,True
1718318219,20085916,8696153956533269970365182489888,93970,56,180,180,0,True
1718318231,20085917,8696153956533269970365182489888,93970,56,180,180,0,True
1718318243,20085918,8696153956533269970365182489888,93970,56,180,180,0,True
1718318255,20085919,8696153956533269970365182489888,93970,56,180,180,0,True
1718318267,20085920,8696153956533269970365182489888,93970,56,180,180,0,True
1718318279,20085921,8696153956533269970365182489888,93970,56,180,180,0,True
1718318291,20085922,8696153956533269970365182489888,93970,56,180,180,0,True
1718318303,20085923,8696153956533269970365182489888,93970,56,180,180,0,True
1718318315,20085924,8696153956533269970365182489888,93970,56,180,180,0,True
1718318327,20085925,8696153956533269970365182489888,93970,56,180,180,0,True
1718318339,20085926,8696153956533269970365182489888,93970,56,180,180,0,True
1718318351,20085927,8696153956533269970365182489888,93970,56,180,180,0,True
1718318363,20085928,8696153956533269970365182489888,93970,56,180,180,0,True
1718318375,20085929,8696153956533269970365182489888,93970,56,180,180,0,True
1718318387,20085930,8696153956533269970365182489888,93970,56,180,180,0,True
1718318399,20085931,8696153956533269970365182489888,93970,56,180,180,0,True
1718318411,20085932,8696153956533269970365182489888,93970,56,180,180,0,True
1718318423,20085933,8696153956533269970365182489888,93970,56,180,180,0,True
1718318435,20085934,8696153956533269970365182489888,93970,56,180,180,0,True
1718318447,20085935,8696153956533269970365182489888,93970,56,180,180,0,True
1718318459,20085936,8696153956533269970365182489888,93970,56,180,180,0,True
1718318471,20085937,8696153956533269970365182489888,93970,56,180,180,0,True
1718318483,20085938,8696153956533269970365182489888,93970,56,180,180,0,True
1718318495,20085939,8696153956533269970365182489888,93970,56,180,180,0,True
1718318507,20085940,8696153956533269970365182489888,93970,56,180,180,0,True
1718318519,20085941,8696153956533269970365182489888,93970,56,180,180,0,True
1718318531,20085942,8696153956533269970365182489888,93970,56,180,180,0,True
1718318543,20085943,8696153956533269970365182489888,93970,56,180,180,0,True
1718318555,20085944,8696153956533269970365182489888,93970,56,180,180,0,True
1718318567,20085945,8696153956533269970365182489888,93970,56,180,180,0,True
1718318579,20085946,8696153956533269970365182489888,93970,56,180,180,0,True
1718318591,20085947,8696153956533269970365182489888,93970,56,180,180,0,True
1718318603,20085948,8696153956533269970365182489888,93970,56,180,180,0,True
1718318615,20085949,8696153956533269970365182489888,93970,56,180,180,0,True
1718318627,20085950,8696153956533269970365182489888,93970,56,180,180,0,True
1718318639,20085951,8696153956533269970365182489888,93970,56,180,180,0,True
1718318651,20085952,8696153956533269970365182489888,93970,56,180,180,0,True
1718318663,20085953,8696153956533269970365182489888,93970,56,180,180,0,True
1718318675,20085954,8696153956533269970365182489888,93970,56,180,180,0,True
1718318687,20085955,8696153956533269970365182489888,93970,56,180,180,0,True
1718318699,20085956,8696153956533269970365182489888,93970,56,180,180,0,True
1718318711,20085957,8696153956533269970365182489888,93970,56,180,180,0,True
1718318723,20085958,8696153956533269970365182489888,93970,56,180,180,0,True
1718318735,20085959,8696153956533269970365182489888,93970,56,180,180,0,True
1718318747,20085960,8696153956533269970365182489888,93970,56,180,180,0,True
1718318759,20085961,8696153956533269970365182489888,93970,56,180,180,0,True
1718318783,20085962,8696153956533269970365182489888,93970,56,180,180,0,True
1718318795,20085963,8696153956533269970365182489888,93970,56,180,180,0,True
1718318807,20085964,8696153956533269970365182489888,93970,56,180,180,0,True
1718318819,20085965,8696153956533269970365182489888,93970,56,180,180,0,True
1718318831,20085966,8696153956533269970365182489888,93970,56,180,180,0,True
1718318843,20085967,8696153956533269970365182489888,93970,56,180,180,0,True
1718318855,20085968,8696153956533269970365182489888,93970,56,180,180,0,True
1718318867,20085969,8696153956533269970365182489888,93970,56,180,180,0,True
1718318879,20085970,8696153956533269970365182489888,93970,56,180,180,0,True
1718318891,20085971,8696153956533269970365182489888,93970,56,180,180,0,True
1718318903,20085972,8696153956533269970365182489888,93970,56,180,180,0,True
1718318915,20085973,8696153956533269970365182489888,93970,56,180,180,0,True
1718318927,20085974,8696153956533269970365182489888,93970,56,180,180,0,True
1718318939,20085975,8696153956533269970365182489888,93970,56,180,180,0,True
1718318951,20085976,8696153956533269970365182489888,93970,56,180,180,0,True
1718318963,20085977,8696153956533269970365182489888,93970,56,180,180,0,True
1718318975,20085978,8696153956533269970365182489888,93970,56,180,180,0,True
1718318987,20085979,8696153956533269970365182489888,93970,56,180,180,0,True
1718318999,20085980,8696153956533269970365182489888,93970,56,180,180,0,True
1718319011,20085981,8696153956533269970365182489888,93970,56,180,180,0,True
1718319023,20085982,8696153956533269970365182489888,93970,56,180,180,0,True
1718319035,20085983,8696153956533269970365182489888,93970,56,180,180,0,True
1718319047,20085984,8696153956533269970365182489888,93970,56,180,180,0,True
1718319059,20085985,8696153956533269970365182489888,93970,56,180,180,0,True
1718319071,20085986,8696153956533269970365182489888,93970,56,180,180,0,True
1718319083,20085987,8696153956533269970365182489888,93970,56,180,180,0,True
1718319095,20085988,8696153956533269970365182489888,93970,56,180,180,0,True
1718319107,20085989,8696153956533269970365182489888,93970,56,180,180,0,True
1718319119,20085990,8696153956533269970365182489888,93970,56,180,180,0,True
1718319131,20085991,8696153956533269970365182489888,93970,56,180,180,0,True
1718319143,20085992,8696153956533269970365182489888,93970,56,180,180,0,True
1718319155,20085993,8696153956533269970365182489888,93970,56,180,180,0,True
1718319167,20085994,8696153956533269970365182489888,93970,56,180,180,0,True
1718319179,20085995,8696153956533269970365182489888,93970,56,180,180,0,True
1718319191,20085996,8696153956533269970365182489888,93970,56,180,180,0,True
1718319203,20085997,8696153956533269970365182489888,93970,56,180,180,0,True
1718319215,20085998,8696153956533269970365182489888,93970,56,180,180,0,True
1718319227,20085999,8696153956533269970365182489888,93970,56,180,180,0,True
1718319239,20086000,8696153956533269970365182489888,93970,56,180,180,0,True
1718319251,20086001,8696153956533269970365182489888,93970,56,180,180,0,True
1718319263,20086002,8696153956533269970365182489888,93970,56,180,180,0,True
1718319275,20086003,8696153956533269970365182489888,93970,56,180,180,0,True
1718319287,20086004,8696153956533269970365182489888,93970,56,180,180,0,True
1718319299,20086005,8696153956533269970365182489888,93970,56,180,180,0,True
1718319311,20086006,8696153956533269970365182489888,93970,56,180,180,0,True
1718319323,20086007,8696153956533269970365182489888,93970,56,180,180,0,True
1718319335,20086008,8696153956533269970365182489888,93970,56,180,180,0,True
1718319347,20086009,8696153956533269970365182489888,93970,56,180,180,0,True
1718319359,20086010,8696153956533269970365182489888,93970,56,180,180,0,True
1718319371,20086011,8696153956533269970365182489888,93970,56,180,180,0,True
1718319383,20086012,8696153956533269970365182489888,93970,56,180,180,0,True
1718319395,20086013,8696153956533269970365182489888,93970,56,180,180,0,True
1718319407,20086014,8696153956533269970365182489888,93970,56,180,180,0,True
1718319419,20086015,8696153956533269970365182489888,93970,56,180,180,0,True
1718319431,20086016,8696153956533269970365182489888,93970,56,180,180,0,True
1718319443,20086017,8696153956533269970365182489888,93970,56,180,180,0,True
1718319455,20086018,8696153956533269970365182489888,93970,56,180,180,0,True
1718319467,20086019,8696153956533269970365182489888,93970,56,180,180,0,True
1718319479,20086020,8696153956533269970365182489888,93970,56,180,180,0,True
1718319491,20086021,8696153956533269970365182489888,93970,56,180,180,0,True
1718319503,20086022,8696153956533269970365182489888,93970,56,180,180,0,True
1718319515,20086023,8696153956533269970365182489888,93970,56,180,180,0,True
1718319527,20086024,8696153956533269970365182489888,93970,56,180,180,0,True
1718319539,20086025,8696153956533269970365182489888,93970,56,180,180,0,True
1718319551,20086026,8696153956533269970365182489888,93970,56,180,180,0,True
1718319563,20086027,8696153956533269970365182489888,93970,56,180,180,0,True
1718319575,20086028,8696153956533269970365182489888,93970,56,180,180,0,True
1718319587,20086029,8696153956533269970365182489888,93970,56,180,180,0,True
1718319599,20086030,8696153956533269970365182489888,93970,56,180,180,0,True
1718319611,20086031,8738550841809233420815746836014,94068,57,180,180,0,True
1718319623,20086032,8738550841809233420815746836014,94068,57,180,180,0,True
1718319635,20086033,8738550841809233420815746836014,94068,57,180,180,0,True
1718319647,20086034,8738550841809233420815746836014,94068,57,180,180,0,True
1718319659,20086035,8738550841809233420815746836014,94068,57,180,180,0,True
1718319671,20086036,8738550841809233420815746836014,94068,57,180,180,0,True
1718319683,20086037,8738550841809233420815746836014,94068,57,180,180,0,True
1718319695,20086038,8738550841809233420815746836014,94068,57,180,180,0,True
1718319707,20086039,8738550841809233420815746836014,94068,57,180,180,0,True
1718319719,20086040,8738550841809233420815746836014,94068,57,180,180,0,True
1718319731,20086041,8738550841809233420815746836014,94068,57,180,180,0,True
1718319743,20086042,8738550841809233420815746836014,94068,57,180,180,0,True
1718319755,20086043,8738550841809233420815746836014,94068,57,180,180,0,True
1718319767,20086044,8738550841809233420815746836014,94068,57,180,180,0,True
1718319779,20086045,8738550841809233420815746836014,94068,57,180,180,0,True
1718319791,20086046,8738550841809233420815746836014,94068,58,180,180,0,True
1718319803,20086047,8738550841809233420815746836014,94068,58,180,180,0,True
1718319815,20086048,8738550841809233420815746836014,94068,58,180,180,0,True
1718319827,20086049,8738550841809233420815746836014,94068,58,180,180,0,True
1718319839,20086050,8738550841809233420815746836014,94068,58,180,180,0,True
1718319851,20086051,8738550841809233420815746836014,94068,58,180,180,0,True
1718319863,20086052,8738550841809233420815746836014,94068,58,180,180,0,True
1718319875,20086053,8738550841809233420815746836014,94068,58,180,180,0,True
1718319887,20086054,8738550841809233420815746836014,94068,58,180,180,0,True
1718319899,20086055,8738550841809233420815746836014,94068,58,180,180,0,True
1718319911,20086056,8738550841809233420815746836014,94068,58,180,180,0,True
1718319923,20086057,8738550841809233420815746836014,94068,58,180,180,0,True
1718319935,20086058,8738550841809233420815746836014,94068,58,180,180,0,True
1718319947,20086059,8738550841809233420815746836014,94068,58,180,180,0,True
1718319959,20086060,8738550841809233420815746836014,94068,58,180,180,0,True
1718319971,20086061,8738550841809233420815746836014,94068,58,180,180,0,True
1718319983,20086062,8738550841809233420815746836014,94068,58,180,180,0,True
1718319995,20086063,8738550841809233420815746836014,94068,58,180,180,0,True
1718320007,20086064,8738550841809233420815746836014,94068,58,180,180,0,True
1718320019,20086065,8738550841809233420815746836014,94068,58,180,180,0,True
1718320031,20086066,8738550841809233420815746836014,94068,58,180,180,0,True
1718320043,20086067,8738550841809233420815746836014,94068,58,180,180,0,True
1718320055,20086068,8738550841809233420815746836014,94068,58,180,180,0,True
1718320067,20086069,8738550841809233420815746836014,94068,58,180,180,0,True
1718320079,20086070,8738550841809233420815746836014,94068,58,180,180,0,True
1718320091,20086071,8738550841809233420815746836014,94068,58,180,180,0,True
1718320103,20086072,8738550841809233420815746836014,94068,58,180,180,0,True
1718320115,20086073,8738550841809233420815746836014,94068,58,180,180,0,True
1718320127,20086074,8738550841809233420815746836014,94068,58,180,180,0,True
1718320139,20086075,8738550841809233420815746836014,94068,58,180,180,0,True
1718320151,20086076,8738550841809233420815746836014,94068,58,180,180,0,True
1718320163,20086077,8738550841809233420815746836014,94068,58,180,180,0,True
1718320175,20086078,8738550841809233420815746836014,94068,58,180,180,0,True
1718320187,20086079,8738550841809233420815746836014,94068,58,180,180,0,True
1718320199,20086080,8738550841809233420815746836014,94068,58,180,180,0,True
1718320211,20086081,8738550841809233420815746836014,94068,58,180,180,0,True
1718320223,20086082,8738550841809233420815746836014,94068,58,180,180,0,True
1718320235,20086083,8738550841809233420815746836014,94068,58,180,180,0,True
1718320247,20086084,8738550841809233420815746836014,94068,58,180,180,0,True
1718320259,20086085,8738550841809233420815746836014,94068,58,180,180,0,True
1718320271,20086086,8738550841809233420815746836014,94068,58,180,180,0,True
1718320283,20086087,8738550841809233420815746836014,94068,58,180,180,0,True
1718320295,20086088,8738550841809233420815746836014,94068,58,180,180,0,True
1718320307,20086089,8738550841809233420815746836014,94068,58,180,180,0,True
1718320319,20086090,8738550841809233420815746836014,94068,58,180,180,0,True
1718320331,20086091,8738550841809233420815746836014,94068,58,180,180,0,True
1718320343,20086092,8738550841809233420815746836014,94068,58,180,180,0,True
1718320355,20086093,8738550841809233420815746836014,94068,58,180,180,0,True
1718320367,20086094,8738550841809233420815746836014,94068,58,180,180,0,True
1718320379,20086095,8738550841809233420815746836014,94068,58,180,180,0,True
1718320391,20086096,8738550841809233420815746836014,94068,58,180,180,0,True
1718320403,20086097,8738550841809233420815746836014,94068,58,180,180,0,True
1718320415,20086098,8738550841809233420815746836014,94068,58,180,180,0,True
1718320427,20086099,8738550841809233420815746836014,94068,58,180,180,0,True
1718320439,20086100,8738550841809233420815746836014,94068,58,180,180,0,True
1718320451,20086101,8738550841809233420815746836014,94068,58,180,180,0,True
1718320463,20086102,8738550841809233420815746836014,94068,58,180,180,0,True
1718320475,20086103,8738550841809233420815746836014,94068,58,180,180,0,True
1718320487,20086104,8738550841809233420815746836014,94068,58,180,180,0,True
1718320499,20086105,8738550841809233420815746836014,94068,58,180,180,0,True
1718320511,20086106,8738550841809233420815746836014,94068,58,180,180,0,True
1718320523,20086107,8738550841809233420815746836014,94068,58,180,180,0,True
1718320535,20086108,8738550841809233420815746836014,94068,58,180,180,0,True
1718320547,20086109,8738550841809233420815746836014,94068,58,180,180,0,True
1718320559,20086110,8738550841809233420815746836014,94068,58,180,180,0,True
1718320571,20086111,8738550841809233420815746836014,94068,58,180,180,0,True
1718320583,20086112,8738550841809233420815746836014,94068,58,180,180,0,True
1718320595,20086113,8738550841809233420815746836014,94068,58,180,180,0,True
1718320607,20086114,8738550841809233420815746836014,94068,58,180,180,0,True
1718320619,20086115,8738550841809233420815746836014,94068,58,180,180,0,True
1718320631,20086116,8738550841809233420815746836014,94068,58,180,180,0,True
1718320643,20086117,8738550841809233420815746836014,94068,58,180,180,0,True
1718320655,20086118,8738550841809233420815746836014,94068,58,180,180,0,True
1718320667,20086119,8738550841809233420815746836014,94068,58,180,180,0,True
1718320679,20086120,8738550841809233420815746836014,94068,58,180,180,0,True
1718320691,20086121,8738550841809233420815746836014,94068,58,180,180,0,True
1718320703,20086122,8738550841809233420815746836014,94068,58,180,180,0,True
1718320715,20086123,8738550841809233420815746836014,94068,58,180,180,0,True
1718320727,20086124,8738550841809233420815746836014,94068,58,180,180,0,True
1718320739,20086125,8738550841809233420815746836014,94068,58,180,180,0,True
1718320751,20086126,8738550841809233420815746836014,94068,58,180,180,0,True
1718320763,20086127,8738550841809233420815746836014,94068,58,180,180,0,True
1718320775,20086128,8738550841809233420815746836014,94068,58,180,180,0,True
1718320787,20086129,8738550841809233420815746836014,94068,58,180,180,0,True
1718320799,20086130,8738550841809233420815746836014,94068,58,180,180,0,True
1718320811,20086131,8738550841809233420815746836014,94068,58,180,180,0,True
1718320823,20086132,8738550841809233420815746836014,94068,58,180,180,0,True
1718320835,20086133,8738550841809233420815746836014,94068,58,180,180,0,True
1718320847,20086134,8738550841809233420815746836014,94068,58,180,180,0,True
1718320859,20086135,8738550841809233420815746836014,94068,58,180,180,0,True
1718320871,20086136,8738550841809233420815746836014,94068,58,180,180,0,True
1718320883,20086137,8738550841809233420815746836014,94068,58,180,180,0,True
1718320895,20086138,8738550841809233420815746836014,94068,58,180,180,0,True
1718320907,20086139,8738550841809233420815746836014,94068,58,180,180,0,True
1718320919,20086140,8738550841809233420815746836014,94068,58,180,180,0,True
1718320931,20086141,8738550841809233420815746836014,94068,58,180,180,0,True
1718320943,20086142,8738550841809233420815746836014,94068,58,180,180,0,True
1718320955,20086143,8738550841809233420815746836014,94068,58,180,180,0,True
1718320967,20086144,8738550841809233420815746836014,94068,58,180,180,0,True
1718320979,20086145,8738550841809233420815746836014,94068,58,180,180,0,True
1718320991,20086146,8738550841809233420815746836014,94068,58,180,180,0,True
1718321003,20086147,8738550841809233420815746836014,94068,58,180,180,0,True
1718321015,20086148,8724440846546166086174602024939,94035,59,180,180,0,True
1718321027,20086149,8724440846546166086174602024939,94035,59,180,180,0,True
1718321039,20086150,8724440846546166086174602024939,94035,59,180,180,0,True
1718321051,20086151,8724440846546166086174602024939,94035,59,180,180,0,True
1718321063,20086152,8724440846546166086174602024939,94035,59,180,180,0,True
1718321075,20086153,8724440846546166086174602024939,94035,59,180,180,0,True
1718321087,20086154,8724440846546166086174602024939,94035,59,180,180,0,True
1718321099,20086155,8724440846546166086174602024939,94035,59,180,180,0,True
1718321111,20086156,8724440846546166086174602024939,94035,59,180,180,0,True
1718321123,20086157,8724440846546166086174602024939,94035,59,180,180,0,True
1718321135,20086158,8759930345821258495138477529649,94116,60,180,180,0,True
1718321147,20086159,8759930345821258495138477529649,94116,60,180,180,0,True
1718321159,20086160,8759930345821258495138477529649,94116,60,180,180,0,True
1718321171,20086161,8759930345821258495138477529649,94116,60,180,180,0,True
1718321195,20086162,8759930345821258495138477529649,94116,60,180,180,0,True
1718321207,20086163,8759930345821258495138477529649,94116,60,180,180,0,True
1718321219,20086164,8759930345821258495138477529649,94116,60,180,180,0,True
1718321231,20086165,8759930345821258495138477529649,94116,60,180,180,0,True
1718321243,20086166,8759930345821258495138477529649,94116,60,180,180,0,True
1718321255,20086167,8759930345821258495138477529649,94116,60,180,180,0,True
1718321267,20086168,8759930345821258495138477529649,94116,60,180,180,0,True
1718321279,20086169,8759930345821258495138477529649,94116,60,180,180,0,True
1718321291,20086170,8759930345821258495138477529649,94116,60,180,180,0,True
1718321315,20086171,8759930345821258495138477529649,94116,60,180,180,0,True
1718321327,20086172,8759930345821258495138477529649,94116,60,180,180,0,True
1718321339,20086173,8759930345821258495138477529649,94116,60,180,180,0,True
1718321351,20086174,8759930345821258495138477529649,94116,60,180,180,0,True
1718321363,20086175,8759930345821258495138477529649,94116,60,180,180,0,True
1718321375,20086176,8759930345821258495138477529649,94116,60,180,180,0,True
1718321387,20086177,8759930345821258495138477529649,94116,60,180,180,0,True
1718321399,20086178,8759930345821258495138477529649,94116,60,180,180,0,True
1718321411,20086179,8759930345821258495138477529649,94116,60,180,180,0,True
1718321423,20086180,8759930345821258495138477529649,94116,60,180,180,0,True
1718321435,20086181,8759930345821258495138477529649,94116,60,180,180,0,True
1718321447,20086182,8759930345821258495138477529649,94116,60,180,180,0,True
1718321459,20086183,8716439162990596876157942086420,94017,61,180,180,0,True
1718321471,20086184,8716439162990596876157942086420,94017,61,180,180,0,True
1718321483,20086185,8716439162990596876157942086420,94017,61,180,180,0,True
1718321495,20086186,8716439162990596876157942086420,94017,61,180,180,0,True
1718321507,20086187,8716439162990596876157942086420,94017,61,180,180,0,True
1718321519,20086188,8716439162990596876157942086420,94017,61,180,180,0,True
1718321531,20086189,8716439162990596876157942086420,94017,61,180,180,0,True
1718321543,20086190,8716439162990596876157942086420,94017,61,180,180,0,True
1718321555,20086191,8716439162990596876157942086420,94017,61,180,180,0,True
1718321567,20086192,8716439162990596876157942086420,94017,61,180,180,0,True
1718321579,20086193,8716439162990596876157942086420,94017,61,180,180,0,True
1718321591,20086194,8716439162990596876157942086420,94017,61,180,180,0,True
1718321603,20086195,8716439162990596876157942086420,94017,61,180,180,0,True
1718321615,20086196,8716439162990596876157942086420,94017,61,180,180,0,True
1718321627,20086197,8716439162990596876157942086420,94017,61,180,180,0,True
1718321639,20086198,8716439162990596876157942086420,94017,61,180,180,0,True
1718321651,20086199,8716439162990596876157942086420,94017,61,180,180,0,True
1718321663,20086200,8716439162990596876157942086420,94017,61,180,180,0,True
1718321675,20086201,8716439162990596876157942086420,94017,61,180,180,0,True
1718321687,20086202,8716439162990596876157942086420,94017,61,180,180,0,True
1718321699,20086203,8716439162990596876157942086420,94017,61,180,180,0,True
1718321711,20086204,8716439162990596876157942086420,94017,61,180,180,0,True
1718321723,20086205,8716439162990596876157942086420,94017,61,180,180,0,True
1718321735,20086206,8716439162990596876157942086420,94017,61,180,180,0,True
1718321747,20086207,8716439162990596876157942086420,94017,61,180,180,0,True
1718321759,20086208,8716439162990596876157942086420,94017,61,180,180,0,True
1718321771,20086209,8716439162990596876157942086420,94017,61,180,180,0,True
1718321783,20086210,8716439162990596876157942086420,94017,61,180,180,0,True
1718321795,20086211,8716439162990596876157942086420,94017,61,180,180,0,True
1718321807,20086212,8716439162990596876157942086420,94017,61,180,180,0,True
1718321819,20086213,8716439162990596876157942086420,94017,61,180,180,0,True
1718321831,20086214,8716439162990596876157942086420,94017,61,180,180,0,True
1718321843,20086215,8716439162990596876157942086420,94017,61,180,180,0,True
1718321855,20086216,8716439162990596876157942086420,94017,61,180,180,0,True
1718321867,20086217,8716439162990596876157942086420,94017,61,180,180,0,True
1718321879,20086218,8716439162990596876157942086420,94017,61,180,180,0,True
1718321891,20086219,8716439162990596876157942086420,94017,61,180,180,0,True
1718321903,20086220,8716439162990596876157942086420,94017,61,180,180,0,True
1718321915,20086221,8716439162990596876157942086420,94017,61,180,180,0,True
1718321927,20086222,8716439162990596876157942086420,94017,61,180,180,0,True
1718321939,20086223,8716439162990596876157942086420,94017,61,180,180,0,True
1718321951,20086224,8716439162990596876157942086420,94017,61,180,180,0,True
1718321963,20086225,8716439162990596876157942086420,94017,61,180,180,0,True
1718321975,20086226,8716439162990596876157942086420,94017,61,180,180,0,True
1718321987,20086227,8716439162990596876157942086420,94017,61,180,180,0,True
1718321999,20086228,8716439162990596876157942086420,94017,61,180,180,0,True
1718322011,20086229,8716439162990596876157942086420,94017,61,180,180,0,True
1718322023,20086230,8716439162990596876157942086420,94017,61,180,180,0,True
1718322035,20086231,8716439162990596876157942086420,94017,61,180,180,0,True
1718322047,20086232,8716439162990596876157942086420,94017,61,180,180,0,True
1718322059,20086233,8716439162990596876157942086420,94017,61,180,180,0,True
1718322071,20086234,8716439162990596876157942086420,94017,61,180,180,0,True
1718322083,20086235,8716439162990596876157942086420,94017,61,180,180,0,True
1718322095,20086236,8716439162990596876157942086420,94017,61,180,180,0,True
1718322119,20086237,8716439162990596876157942086420,94017,61,180,180,0,True
1718322131,20086238,8716439162990596876157942086420,94017,61,180,180,0,True
1718322143,20086239,8716439162990596876157942086420,94017,61,180,180,0,True
1718322155,20086240,8716439162990596876157942086420,94017,61,180,180,0,True
1718322167,20086241,8716439162990596876157942086420,94017,61,180,180,0,True
1718322179,20086242,8716439162990596876157942086420,94017,61,180,180,0,True
1718322191,20086243,8716439162990596876157942086420,94017,61,180,180,0,True
1718322203,20086244,8716439162990596876157942086420,94017,61,180,180,0,True
1718322215,20086245,8716439162990596876157942086420,94017,61,180,180,0,True
1718322227,20086246,8716439162990596876157942086420,94017,61,180,180,0,True
1718322239,20086247,8716439162990596876157942086420,94017,61,180,180,0,True
1718322251,20086248,8716439162990596876157942086420,94017,61,180,180,0,True
1718322263,20086249,8716439162990596876157942086420,94017,61,180,180,0,True
1718322275,20086250,8716439162990596876157942086420,94017,61,180,180,0,True
1718322287,20086251,8716439162990596876157942086420,94017,61,180,180,0,True
1718322299,20086252,8716439162990596876157942086420,94017,61,180,180,0,True
1718322311,20086253,8716439162990596876157942086420,94017,61,180,180,0,True
1718322323,20086254,8716439162990596876157942086420,94017,61,180,180,0,True
1718322335,20086255,8716439162990596876157942086420,94017,61,180,180,0,True
1718322347,20086256,8716439162990596876157942086420,94017,61,180,180,0,True
1718322359,20086257,8716439162990596876157942086420,94017,61,180,180,0,True
1718322371,20086258,8716439162990596876157942086420,94017,61,180,180,0,True
1718322383,20086259,8716439162990596876157942086420,94017,61,180,180,0,True
1718322395,20086260,8716439162990596876157942086420,94017,61,180,180,0,True
1718322407,20086261,8716439162990596876157942086420,94017,61,180,180,0,True
1718322419,20086262,8716439162990596876157942086420,94017,61,180,180,0,True
1718322431,20086263,8716439162990596876157942086420,94017,61,180,180,0,True
1718322443,20086264,8716439162990596876157942086420,94017,61,180,180,0,True
1718322455,20086265,8716439162990596876157942086420,94017,61,180,180,0,True
1718322467,20086266,8716439162990596876157942086420,94017,61,180,180,0,True
1718322479,20086267,8716439162990596876157942086420,94017,61,180,180,0,True
1718322491,20086268,8716439162990596876157942086420,94017,61,180,180,0,True
1718322503,20086269,8716439162990596876157942086420,94017,61,180,180,0,True
1718322515,20086270,8716439162990596876157942086420,94017,61,180,180,0,True
1718322527,20086271,8716439162990596876157942086420,94017,61,180,180,0,True
1718322539,20086272,8716439162990596876157942086420,94017,61,180,180,0,True
1718322551,20086273,8716439162990596876157942086420,94017,61,180,180,0,True
1718322563,20086274,8716439162990596876157942086420,94017,61,180,180,0,True
1718322575,20086275,8716439162990596876157942086420,94017,61,180,180,0,True
1718322587,20086276,8716439162990596876157942086420,94017,61,180,180,0,True
1718322599,20086277,8716439162990596876157942086420,94017,61,180,180,0,True
1718322611,20086278,8716439162990596876157942086420,94017,61,180,180,0,True
1718322623,20086279,8716439162990596876157942086420,94017,61,180,180,0,True
1718322635,20086280,8716439162990596876157942086420,94017,61,180,180,0,True
1718322647,20086281,8716439162990596876157942086420,94017,61,180,180,0,True
1718322659,20086282,8716439162990596876157942086420,94017,61,180,180,0,True
1718322671,20086283,8716439162990596876157942086420,94017,61,180,180,0,True
1718322683,20086284,8716439162990596876157942086420,94017,61,180,180,0,True
1718322695,20086285,8716439162990596876157942086420,94017,61,180,180,0,True
1718322707,20086286,8716439162990596876157942086420,94017,61,180,180,0,True
1718322719,20086287,8716439162990596876157942086420,94017,61,180,180,0,True
1718322731,20086288,8716439162990596876157942086420,94017,61,180,180,0,True
1718322743,20086289,8716439162990596876157942086420,94017,61,180,180,0,True
1718322755,20086290,8716439162990596876157942086420,94017,61,180,180,0,True
1718322767,20086291,8716439162990596876157942086420,94017,61,180,180,0,True
1718322779,20086292,8716439162990596876157942086420,94017,61,180,180,0,True
1718322791,20086293,8716439162990596876157942086420,94017,61,180,180,0,True
1718322803,20086294,8716439162990596876157942086420,94017,61,180,180,0,True
1718322815,20086295,8716439162990596876157942086420,94017,61,180,180,0,True
1718322827,20086296,8716439162990596876157942086420,94017,61,180,180,0,True
1718322839,20086297,8716439162990596876157942086420,94017,61,180,180,0,True
1718322851,20086298,8716439162990596876157942086420,94017,61,180,180,0,True
1718322863,20086299,8716439162990596876157942086420,94017,61,180,180,0,True
1718322875,20086300,8716439162990596876157942086420,94017,61,180,180,0,True
1718322887,20086301,8716439162990596876157942086420,94017,61,180,180,0,True
1718322899,20086302,8716439162990596876157942086420,94017,61,180,180,0,True
1718322911,20086303,8716439162990596876157942086420,94017,61,180,180,0,True
1718322923,20086304,8716439162990596876157942086420,94017,61,180,180,0,True
1718322935,20086305,8716439162990596876157942086420,94017,61,180,180,0,True
1718322947,20086306,8716439162990596876157942086420,94017,61,180,180,0,True
1718322959,20086307,8716439162990596876157942086420,94017,61,180,180,0,True
1718322971,20086308,8716439162990596876157942086420,94017,61,180,180,0,True
1718322983,20086309,8716439162990596876157942086420,94017,61,180,180,0,True
1718322995,20086310,8716439162990596876157942086420,94017,61,180,180,0,True
1718323007,20086311,8716439162990596876157942086420,94017,61,180,180,0,True
1718323019,20086312,8716439162990596876157942086420,94017,61,180,180,0,True
1718323031,20086313,8716439162990596876157942086420,94017,61,180,180,0,True
1718323043,20086314,8716439162990596876157942086420,94017,61,180,180,0,True
1718323055,20086315,8716439162990596876157942086420,94017,61,180,180,0,True
1718323067,20086316,8716439162990596876157942086420,94017,61,180,180,0,True
1718323079,20086317,8716439162990596876157942086420,94017,61,180,180,0,True
1718323091,20086318,8716439162990596876157942086420,94017,61,180,180,0,True
1718323103,20086319,8716439162990596876157942086420,94017,61,180,180,0,True
1718323115,20086320,8716439162990596876157942086420,94017,61,180,180,0,True
1718323127,20086321,8716439162990596876157942086420,94017,61,180,180,0,True
1718323139,20086322,8716439162990596876157942086420,94017,61,180,180,0,True
1718323151,20086323,8716439162990596876157942086420,94017,61,180,180,0,True
1718323163,20086324,8716439162990596876157942086420,94017,61,180,180,0,True
1718323175,20086325,8716439162990596876157942086420,94017,61,180,180,0,True
1718323199,20086327,8716439162990596876157942086420,94017,61,180,180,0,True
