timestamp,blocknumber,sqrtPriceX96,tick,observationIndex,observationCardinality,observationCardinalityNext,feeProtocol,unlocked
1732924799,21296777,4751253212106131502455905,-194444,42,100,100,0,True
1732924811,21296778,4751253212106131502455905,-194444,43,100,100,0,True
1732924823,21296779,4751253212106131502455905,-194444,43,100,100,0,True
1732924835,21296780,4751253212106131502455905,-194444,43,100,100,0,True
1732924847,21296781,4751253212106131502455905,-194444,43,100,100,0,True
1732924859,21296782,4751253212106131502455905,-194444,43,100,100,0,True
1732924871,21296783,4751253212106131502455905,-194444,43,100,100,0,True
1732924883,21296784,4751253212106131502455905,-194444,43,100,100,0,True
1732924895,21296785,4751253212106131502455905,-194444,43,100,100,0,True
1732924907,21296786,4751253212106131502455905,-194444,43,100,100,0,True
1732924919,21296787,4751253212106131502455905,-194444,43,100,100,0,True
1732924931,21296788,4751253212106131502455905,-194444,43,100,100,0,True
1732924943,21296789,4751253212106131502455905,-194444,43,100,100,0,True
1732924955,21296790,4751253212106131502455905,-194444,43,100,100,0,True
1732924967,21296791,4751249464366059066959722,-194444,43,100,100,0,True
1732924979,21296792,4751249464366059066959722,-194444,43,100,100,0,True
1732924991,21296793,4751249464366059066959722,-194444,43,100,100,0,True
1732925003,21296794,4751249464366059066959722,-194444,43,100,100,0,True
1732925015,21296795,4751249464366059066959722,-194444,43,100,100,0,True
1732925027,21296796,4751249464366059066959722,-194444,43,100,100,0,True
1732925039,21296797,4751249464366059066959722,-194444,43,100,100,0,True
1732925051,21296798,4751249464366059066959722,-194444,43,100,100,0,True
1732925063,21296799,4751249464366059066959722,-194444,43,100,100,0,True
1732925075,21296800,4751249464366059066959722,-194444,43,100,100,0,True
1732925087,21296801,4751249464366059066959722,-194444,43,100,100,0,True
1732925099,21296802,4751249464366059066959722,-194444,43,100,100,0,True
1732925111,21296803,4751249464366059066959722,-194444,43,100,100,0,True
1732925123,21296804,4751249464366059066959722,-194444,43,100,100,0,True
1732925135,21296805,4751249464366059066959722,-194444,43,100,100,0,True
1732925147,21296806,4751249464366059066959722,-194444,43,100,100,0,True
1732925159,21296807,4751249464366059066959722,-194444,43,100,100,0,True
1732925171,21296808,4751249464366059066959722,-194444,43,100,100,0,True
1732925183,21296809,4751249464366059066959722,-194444,43,100,100,0,True
1732925195,21296810,4751249464366059066959722,-194444,43,100,100,0,True
1732925207,21296811,4751249464366059066959722,-194444,43,100,100,0,True
1732925219,21296812,4751249464366059066959722,-194444,43,100,100,0,True
1732925231,21296813,4751249464366059066959722,-194444,43,100,100,0,True
1732925243,21296814,4751249464366059066959722,-194444,43,100,100,0,True
1732925255,21296815,4751249464366059066959722,-194444,43,100,100,0,True
1732925267,21296816,4751249464366059066959722,-194444,43,100,100,0,True
1732925279,21296817,4751249464366059066959722,-194444,43,100,100,0,True
1732925291,21296818,4751249464366059066959722,-194444,43,100,100,0,True
1732925303,21296819,4751249464366059066959722,-194444,43,100,100,0,True
1732925315,21296820,4751249464366059066959722,-194444,43,100,100,0,True
1732925327,21296821,4751249464366059066959722,-194444,43,100,100,0,True
1732925339,21296822,4751249464366059066959722,-194444,43,100,100,0,True
1732925351,21296823,4751249464366059066959722,-194444,43,100,100,0,True
1732925363,21296824,4751249464366059066959722,-194444,43,100,100,0,True
1732925375,21296825,4751249464366059066959722,-194444,43,100,100,0,True
1732925387,21296826,4751249464366059066959722,-194444,43,100,100,0,True
1732925399,21296827,4751249464366059066959722,-194444,43,100,100,0,True
1732925411,21296828,4751249464366059066959722,-194444,43,100,100,0,True
1732925423,21296829,4751249464366059066959722,-194444,43,100,100,0,True
1732925435,21296830,4750639812128742885324619,-194446,44,100,100,0,True
1732925447,21296831,4750639812128742885324619,-194446,44,100,100,0,True
1732925459,21296832,4750639812128742885324619,-194446,44,100,100,0,True
1732925471,21296833,4750639812128742885324619,-194446,44,100,100,0,True
1732925483,21296834,4750639812128742885324619,-194446,44,100,100,0,True
1732925495,21296835,4750639812128742885324619,-194446,44,100,100,0,True
1732925507,21296836,4750639812128742885324619,-194446,44,100,100,0,True
1732925519,21296837,4750513779715912993279571,-194447,45,100,100,0,True
1732925531,21296838,4750513779715912993279571,-194447,45,100,100,0,True
1732925543,21296839,4750513779715912993279571,-194447,45,100,100,0,True
1732925555,21296840,4750513779715912993279571,-194447,45,100,100,0,True
1732925567,21296841,4750231507392716566581103,-194448,46,100,100,0,True
1732925579,21296842,4749482111383378435808810,-194451,47,100,100,0,True
1732925591,21296843,4749482111383378435808810,-194451,47,100,100,0,True
1732925603,21296844,4749482111383378435808810,-194451,47,100,100,0,True
1732925615,21296845,4749482111383378435808810,-194451,47,100,100,0,True
1732925627,21296846,4749482111383378435808810,-194451,47,100,100,0,True
1732925639,21296847,4749482111383378435808810,-194451,47,100,100,0,True
1732925651,21296848,4749482111383378435808810,-194451,47,100,100,0,True
1732925663,21296849,4749479637184622155560958,-194451,47,100,100,0,True
1732925675,21296850,4749318867670614238380279,-194452,48,100,100,0,True
1732925687,21296851,4749318867670614238380279,-194452,48,100,100,0,True
1732925699,21296852,4749318867670614238380279,-194452,48,100,100,0,True
1732925711,21296853,4749318867670614238380279,-194452,48,100,100,0,True
1732925723,21296854,4749318867670614238380279,-194452,48,100,100,0,True
1732925735,21296855,4749318867670614238380279,-194452,48,100,100,0,True
1732925747,21296856,4749318867670614238380279,-194452,48,100,100,0,True
1732925759,21296857,4749318867670614238380279,-194452,48,100,100,0,True
1732925771,21296858,4749318867670614238380279,-194452,48,100,100,0,True
1732925783,21296859,4749318867670614238380279,-194452,48,100,100,0,True
1732925795,21296860,4749318867670614238380279,-194452,48,100,100,0,True
1732925807,21296861,4749318867670614238380279,-194452,48,100,100,0,True
1732925819,21296862,4749318867670614238380279,-194452,48,100,100,0,True
1732925831,21296863,4749318867670614238380279,-194452,48,100,100,0,True
1732925843,21296864,4749318867670614238380279,-194452,48,100,100,0,True
1732925855,21296865,4749318867670614238380279,-194452,48,100,100,0,True
1732925867,21296866,4749318867670614238380279,-194452,48,100,100,0,True
1732925879,21296867,4749318867670614238380279,-194452,48,100,100,0,True
1732925891,21296868,4749318867670614238380279,-194452,48,100,100,0,True
1732925903,21296869,4749318867670614238380279,-194452,48,100,100,0,True
1732925915,21296870,4749318867670614238380279,-194452,48,100,100,0,True
1732925927,21296871,4749318867670614238380279,-194452,48,100,100,0,True
1732925939,21296872,4749318867670614238380279,-194452,48,100,100,0,True
1732925951,21296873,4749318867670614238380279,-194452,48,100,100,0,True
1732925963,21296874,4749318867670614238380279,-194452,48,100,100,0,True
1732925975,21296875,4749318867670614238380279,-194452,48,100,100,0,True
1732925987,21296876,4749318867670614238380279,-194452,48,100,100,0,True
1732925999,21296877,4749318867670614238380279,-194452,48,100,100,0,True
1732926011,21296878,4749318867670614238380279,-194452,48,100,100,0,True
1732926023,21296879,4749318867670614238380279,-194452,48,100,100,0,True
1732926035,21296880,4749318867670614238380279,-194452,48,100,100,0,True
1732926047,21296881,4749318867670614238380279,-194452,48,100,100,0,True
1732926059,21296882,4749318867670614238380279,-194452,48,100,100,0,True
1732926071,21296883,4749318867670614238380279,-194452,48,100,100,0,True
1732926083,21296884,4749318867670614238380279,-194452,48,100,100,0,True
1732926095,21296885,4749318867670614238380279,-194452,48,100,100,0,True
1732926107,21296886,4749318867670614238380279,-194452,48,100,100,0,True
1732926119,21296887,4749318867670614238380279,-194452,48,100,100,0,True
1732926131,21296888,4749318867670614238380279,-194452,48,100,100,0,True
1732926143,21296889,4749318867670614238380279,-194452,48,100,100,0,True
1732926155,21296890,4749318867670614238380279,-194452,48,100,100,0,True
1732926167,21296891,4749318867670614238380279,-194452,48,100,100,0,True
1732926179,21296892,4749318867670614238380279,-194452,48,100,100,0,True
1732926191,21296893,4749319101587740728811798,-194452,48,100,100,0,True
1732926203,21296894,4749551225079132142115701,-194451,49,100,100,0,True
1732926215,21296895,4749551225079132142115701,-194451,49,100,100,0,True
1732926227,21296896,4749551225079132142115701,-194451,49,100,100,0,True
1732926239,21296897,4749551225079132142115701,-194451,49,100,100,0,True
1732926251,21296898,4749551225079132142115701,-194451,49,100,100,0,True
1732926263,21296899,4750211288290464806796422,-194448,50,100,100,0,True
1732926275,21296900,4750211288290464806796422,-194448,50,100,100,0,True
1732926287,21296901,4750211288290464806796422,-194448,50,100,100,0,True
1732926299,21296902,4750211288290464806796422,-194448,50,100,100,0,True
1732926311,21296903,4750211288290464806796422,-194448,50,100,100,0,True
1732926323,21296904,4750211288290464806796422,-194448,50,100,100,0,True
1732926335,21296905,4750468477361961221337289,-194447,51,100,100,0,True
1732926347,21296906,4750944984943028404955792,-194445,52,100,100,0,True
1732926359,21296907,4750944898967216190907636,-194445,52,100,100,0,True
1732926371,21296908,4751681490789859251817499,-194442,53,100,100,0,True
1732926383,21296909,4751681490789859251817499,-194442,53,100,100,0,True
1732926395,21296910,4751681490789859251817499,-194442,53,100,100,0,True
1732926407,21296911,4751681490789859251817499,-194442,53,100,100,0,True
1732926419,21296912,4751681490789859251817499,-194442,53,100,100,0,True
1732926431,21296913,4751683435960345298860301,-194442,53,100,100,0,True
1732926443,21296914,4751683435960345298860301,-194442,53,100,100,0,True
1732926455,21296915,4751683435960345298860301,-194442,53,100,100,0,True
1732926467,21296916,4751683435960345298860301,-194442,53,100,100,0,True
1732926479,21296917,4752928345071415406253828,-194437,54,100,100,0,True
1732926491,21296918,4752928345071415406253828,-194437,54,100,100,0,True
1732926503,21296919,4752928345071415406253828,-194437,54,100,100,0,True
1732926515,21296920,4752928345071415406253828,-194437,54,100,100,0,True
1732926527,21296921,4752926849043888657514744,-194437,54,100,100,0,True
1732926539,21296922,4752926849043888657514744,-194437,54,100,100,0,True
1732926551,21296923,4752926849043888657514744,-194437,54,100,100,0,True
1732926563,21296924,4752926849043888657514744,-194437,54,100,100,0,True
1732926575,21296925,4752926849043888657514744,-194437,54,100,100,0,True
1732926587,21296926,4752926849043888657514744,-194437,54,100,100,0,True
1732926599,21296927,4752926849043888657514744,-194437,54,100,100,0,True
1732926611,21296928,4752926849043888657514744,-194437,54,100,100,0,True
1732926623,21296929,4752926849043888657514744,-194437,54,100,100,0,True
1732926635,21296930,4752926849043888657514744,-194437,54,100,100,0,True
1732926647,21296931,4752926849043888657514744,-194437,54,100,100,0,True
1732926659,21296932,4752926149007363385305859,-194437,54,100,100,0,True
1732926671,21296933,4752926149007363385305859,-194437,54,100,100,0,True
1732926683,21296934,4752926149007363385305859,-194437,54,100,100,0,True
1732926695,21296935,4752926149007363385305859,-194437,54,100,100,0,True
1732926707,21296936,4752926149007363385305859,-194437,54,100,100,0,True
1732926719,21296937,4752926149007363385305859,-194437,54,100,100,0,True
1732926731,21296938,4752926149007363385305859,-194437,54,100,100,0,True
1732926743,21296939,4752926149007363385305859,-194437,54,100,100,0,True
1732926755,21296940,4752926149007363385305859,-194437,54,100,100,0,True
1732926767,21296941,4752926149007363385305859,-194437,54,100,100,0,True
1732926779,21296942,4752926149007363385305859,-194437,54,100,100,0,True
1732926791,21296943,4752926149007363385305859,-194437,54,100,100,0,True
1732926803,21296944,4752926149007363385305859,-194437,54,100,100,0,True
1732926815,21296945,4752926149007363385305859,-194437,54,100,100,0,True
1732926827,21296946,4752926149007363385305859,-194437,54,100,100,0,True
1732926839,21296947,4752926149007363385305859,-194437,54,100,100,0,True
1732926851,21296948,4752926149007363385305859,-194437,54,100,100,0,True
1732926863,21296949,4752926149007363385305859,-194437,54,100,100,0,True
1732926875,21296950,4752926149007363385305859,-194437,54,100,100,0,True
1732926887,21296951,4752926149007363385305859,-194437,54,100,100,0,True
1732926899,21296952,4752926149007363385305859,-194437,54,100,100,0,True
1732926911,21296953,4752926149007363385305859,-194437,54,100,100,0,True
1732926923,21296954,4752926149007363385305859,-194437,54,100,100,0,True
1732926935,21296955,4752926149007363385305859,-194437,54,100,100,0,True
1732926947,21296956,4752926149007363385305859,-194437,54,100,100,0,True
1732926959,21296957,4752921643229283874556533,-194437,54,100,100,0,True
1732926971,21296958,4752921643229283874556533,-194437,54,100,100,0,True
1732926983,21296959,4752921643229283874556533,-194437,54,100,100,0,True
1732926995,21296960,4752921643229283874556533,-194437,55,100,100,0,True
1732927007,21296961,4752921643229283874556533,-194437,55,100,100,0,True
1732927019,21296962,4752921643229283874556533,-194437,55,100,100,0,True
1732927031,21296963,4752921229015452955419219,-194437,55,100,100,0,True
1732927043,21296964,4752921229015452955419219,-194437,55,100,100,0,True
1732927055,21296965,4752921229015452955419219,-194437,55,100,100,0,True
1732927067,21296966,4752921229015452955419219,-194437,55,100,100,0,True
1732927079,21296967,4752921229015452955419219,-194437,55,100,100,0,True
1732927091,21296968,4752921229015452955419219,-194437,55,100,100,0,True
1732927103,21296969,4752921229015452955419219,-194437,55,100,100,0,True
1732927115,21296970,4752921229015452955419219,-194437,55,100,100,0,True
1732927127,21296971,4752921229015452955419219,-194437,55,100,100,0,True
1732927139,21296972,4752921229015452955419219,-194437,55,100,100,0,True
1732927151,21296973,4752921229015452955419219,-194437,55,100,100,0,True
1732927163,21296974,4751542274663252929202510,-194443,56,100,100,0,True
1732927175,21296975,4751542274663252929202510,-194443,56,100,100,0,True
1732927187,21296976,4751542274663252929202510,-194443,56,100,100,0,True
1732927199,21296977,4751542274663252929202510,-194443,56,100,100,0,True
1732927211,21296978,4751542274663252929202510,-194443,56,100,100,0,True
1732927223,21296979,4751542274663252929202510,-194443,56,100,100,0,True
1732927235,21296980,4751542274663252929202510,-194443,56,100,100,0,True
1732927247,21296981,4751537291741592926929148,-194443,56,100,100,0,True
1732927259,21296982,4751537291741592926929148,-194443,56,100,100,0,True
1732927271,21296983,4750883826818386638143488,-194445,57,100,100,0,True
1732927283,21296984,4750883826818386638143488,-194445,57,100,100,0,True
1732927295,21296985,4750016010221447930707962,-194449,58,100,100,0,True
1732927307,21296986,4749996180598520346956271,-194449,58,100,100,0,True
1732927319,21296987,4749996180598520346956271,-194449,58,100,100,0,True
1732927331,21296988,4749996180598520346956271,-194449,58,100,100,0,True
1732927343,21296989,4749996180598520346956271,-194449,58,100,100,0,True
1732927355,21296990,4749996180598520346956271,-194449,58,100,100,0,True
1732927367,21296991,4749996180598520346956271,-194449,58,100,100,0,True
1732927379,21296992,4749996180598520346956271,-194449,58,100,100,0,True
1732927391,21296993,4749996180598520346956271,-194449,58,100,100,0,True
1732927403,21296994,4749996180598520346956271,-194449,58,100,100,0,True
1732927415,21296995,4749996180598520346956271,-194449,58,100,100,0,True
1732927427,21296996,4749996180598520346956271,-194449,58,100,100,0,True
1732927439,21296997,4748502613598463210815488,-194455,59,100,100,0,True
1732927451,21296998,4748502613598463210815488,-194455,59,100,100,0,True
1732927463,21296999,4746846250869052344101827,-194462,60,100,100,0,True
1732927475,21297000,4746262057016117354823676,-194465,61,100,100,0,True
1732927487,21297001,4746262057016117354823676,-194465,61,100,100,0,True
1732927499,21297002,4746262057016117354823676,-194465,61,100,100,0,True
1732927511,21297003,4746249977751511062767896,-194465,61,100,100,0,True
1732927535,21297004,4746249977751511062767896,-194465,61,100,100,0,True
1732927547,21297005,4746249977751511062767896,-194465,61,100,100,0,True
1732927559,21297006,4746249977751511062767896,-194465,61,100,100,0,True
1732927571,21297007,4746249977751511062767896,-194465,61,100,100,0,True
1732927583,21297008,4746249977751511062767896,-194465,61,100,100,0,True
1732927595,21297009,4746249977751511062767896,-194465,61,100,100,0,True
1732927619,21297010,4746249977751511062767896,-194465,61,100,100,0,True
1732927631,21297011,4746249977751511062767896,-194465,61,100,100,0,True
1732927643,21297012,4746249977751511062767896,-194465,61,100,100,0,True
1732927655,21297013,4746249977751511062767896,-194465,61,100,100,0,True
1732927667,21297014,4746247151868147674601482,-194465,61,100,100,0,True
1732927679,21297015,4746247151868147674601482,-194465,61,100,100,0,True
1732927691,21297016,4746247151868147674601482,-194465,61,100,100,0,True
1732927703,21297017,4746247151868147674601482,-194465,61,100,100,0,True
1732927715,21297018,4746247151868147674601482,-194465,61,100,100,0,True
1732927727,21297019,4746247151868147674601482,-194465,61,100,100,0,True
1732927739,21297020,4746247151868147674601482,-194465,61,100,100,0,True
1732927751,21297021,4746247151868147674601482,-194465,61,100,100,0,True
1732927763,21297022,4746247151868147674601482,-194465,61,100,100,0,True
1732927775,21297023,4746247151868147674601482,-194465,61,100,100,0,True
1732927787,21297024,4746247151868147674601482,-194465,61,100,100,0,True
1732927799,21297025,4746247151868147674601482,-194465,61,100,100,0,True
1732927811,21297026,4746247151868147674601482,-194465,61,100,100,0,True
1732927823,21297027,4746247151868147674601482,-194465,61,100,100,0,True
1732927835,21297028,4746247151868147674601482,-194465,61,100,100,0,True
1732927847,21297029,4746247151868147674601482,-194465,61,100,100,0,True
1732927859,21297030,4746247151868147674601482,-194465,61,100,100,0,True
1732927871,21297031,4746247151868147674601482,-194465,61,100,100,0,True
1732927883,21297032,4746247151868147674601482,-194465,61,100,100,0,True
1732927895,21297033,4746247151868147674601482,-194465,61,100,100,0,True
1732927907,21297034,4746247840391707610349121,-194465,61,100,100,0,True
1732927919,21297035,4746247840391707610349121,-194465,61,100,100,0,True
1732927931,21297036,4746247840391707610349121,-194465,61,100,100,0,True
1732927943,21297037,4746247840391707610349121,-194465,61,100,100,0,True
1732927955,21297038,4746247840391707610349121,-194465,61,100,100,0,True
1732927967,21297039,4746247840391707610349121,-194465,61,100,100,0,True
1732927979,21297040,4746247840391707610349121,-194465,61,100,100,0,True
1732927991,21297041,4746247840391707610349121,-194465,61,100,100,0,True
1732928003,21297042,4746247840391707610349121,-194465,61,100,100,0,True
1732928015,21297043,4746247840391707610349121,-194465,61,100,100,0,True
1732928027,21297044,4746247840391707610349121,-194465,61,100,100,0,True
1732928039,21297045,4746247840391707610349121,-194465,61,100,100,0,True
1732928051,21297046,4746247840391707610349121,-194465,61,100,100,0,True
1732928063,21297047,4746247840391707610349121,-194465,61,100,100,0,True
1732928075,21297048,4746247840391707610349121,-194465,61,100,100,0,True
1732928087,21297049,4746247840391707610349121,-194465,61,100,100,0,True
1732928099,21297050,4746247840391707610349121,-194465,61,100,100,0,True
1732928111,21297051,4746247840391707610349121,-194465,61,100,100,0,True
1732928123,21297052,4746247840391707610349121,-194465,61,100,100,0,True
1732928135,21297053,4746247840391707610349121,-194465,61,100,100,0,True
1732928147,21297054,4746247840391707610349121,-194465,61,100,100,0,True
1732928159,21297055,4746247840391707610349121,-194465,61,100,100,0,True
1732928171,21297056,4746247840391707610349121,-194465,61,100,100,0,True
1732928183,21297057,4746247840391707610349121,-194465,61,100,100,0,True
1732928207,21297058,4746247840391707610349121,-194465,61,100,100,0,True
1732928219,21297059,4746247840391707610349121,-194465,61,100,100,0,True
1732928231,21297060,4746247840391707610349121,-194465,61,100,100,0,True
1732928243,21297061,4746247840391707610349121,-194465,61,100,100,0,True
1732928255,21297062,4746247840391707610349121,-194465,61,100,100,0,True
1732928267,21297063,4746247840391707610349121,-194465,61,100,100,0,True
1732928279,21297064,4746247840391707610349121,-194465,61,100,100,0,True
1732928303,21297065,4746247840391707610349121,-194465,61,100,100,0,True
1732928315,21297066,4746247840391707610349121,-194465,61,100,100,0,True
1732928327,21297067,4746247840391707610349121,-194465,61,100,100,0,True
1732928339,21297068,4746247840391707610349121,-194465,61,100,100,0,True
1732928351,21297069,4746247840391707610349121,-194465,61,100,100,0,True
1732928363,21297070,4746247840391707610349121,-194465,61,100,100,0,True
1732928375,21297071,4746247840391707610349121,-194465,61,100,100,0,True
1732928387,21297072,4746247840391707610349121,-194465,61,100,100,0,True
1732928399,21297073,4746247840391707610349121,-194465,61,100,100,0,True
1732928411,21297074,4746247840391707610349121,-194465,61,100,100,0,True
1732928423,21297075,4746247840391707610349121,-194465,61,100,100,0,True
1732928435,21297076,4746247840391707610349121,-194465,61,100,100,0,True
1732928447,21297077,4746247840391707610349121,-194465,61,100,100,0,True
1732928459,21297078,4746247840391707610349121,-194465,61,100,100,0,True
1732928471,21297079,4746247840391707610349121,-194465,61,100,100,0,True
1732928483,21297080,4746247840391707610349121,-194465,61,100,100,0,True
1732928495,21297081,4746247840391707610349121,-194465,61,100,100,0,True
1732928507,21297082,4746247840391707610349121,-194465,61,100,100,0,True
1732928519,21297083,4746247840391707610349121,-194465,61,100,100,0,True
1732928531,21297084,4746247840391707610349121,-194465,61,100,100,0,True
1732928543,21297085,4746247840391707610349121,-194465,61,100,100,0,True
1732928555,21297086,4746247840391707610349121,-194465,61,100,100,0,True
1732928567,21297087,4746247840391707610349121,-194465,61,100,100,0,True
1732928579,21297088,4746247840391707610349121,-194465,61,100,100,0,True
1732928591,21297089,4746247840391707610349121,-194465,61,100,100,0,True
1732928603,21297090,4746247840391707610349121,-194465,61,100,100,0,True
1732928615,21297091,4746247840391707610349121,-194465,61,100,100,0,True
1732928627,21297092,4746247840391707610349121,-194465,61,100,100,0,True
1732928639,21297093,4746247840391707610349121,-194465,61,100,100,0,True
1732928651,21297094,4746247840391707610349121,-194465,61,100,100,0,True
1732928663,21297095,4744798590665483066083029,-194471,62,100,100,0,True
1732928675,21297096,4744239957785241701418195,-194473,63,100,100,0,True
1732928687,21297097,4744239957785241701418195,-194473,63,100,100,0,True
1732928699,21297098,4743075141200310193201991,-194478,64,100,100,0,True
1732928711,21297099,4743040761999399779865708,-194478,64,100,100,0,True
1732928723,21297100,4740764820307061156130200,-194488,65,100,100,0,True
1732928735,21297101,4740764820307061156130200,-194488,65,100,100,0,True
1732928747,21297102,4740764820307061156130200,-194488,65,100,100,0,True
1732928759,21297103,4740754234495402042602785,-194488,65,100,100,0,True
1732928771,21297104,4740754234495402042602785,-194488,65,100,100,0,True
1732928783,21297105,4740754234495402042602785,-194488,65,100,100,0,True
1732928795,21297106,4740754234495402042602785,-194488,65,100,100,0,True
1732928807,21297107,4740754234495402042602785,-194488,65,100,100,0,True
1732928819,21297108,4740754234495402042602785,-194488,65,100,100,0,True
1732928831,21297109,4740754234495402042602785,-194488,65,100,100,0,True
1732928843,21297110,4740754234495402042602785,-194488,65,100,100,0,True
1732928855,21297111,4740754234495402042602785,-194488,65,100,100,0,True
1732928867,21297112,4740754234495402042602785,-194488,65,100,100,0,True
1732928879,21297113,4740754234495402042602785,-194488,65,100,100,0,True
1732928891,21297114,4740754234495402042602785,-194488,65,100,100,0,True
1732928903,21297115,4740754234495402042602785,-194488,65,100,100,0,True
1732928915,21297116,4740754234495402042602785,-194488,65,100,100,0,True
1732928927,21297117,4740754234495402042602785,-194488,65,100,100,0,True
1732928939,21297118,4740754234495402042602785,-194488,65,100,100,0,True
1732928951,21297119,4740754234495402042602785,-194488,65,100,100,0,True
1732928963,21297120,4740754234495402042602785,-194488,65,100,100,0,True
1732928975,21297121,4740754234495402042602785,-194488,65,100,100,0,True
1732928987,21297122,4740754234495402042602785,-194488,65,100,100,0,True
1732928999,21297123,4740754234495402042602785,-194488,65,100,100,0,True
1732929011,21297124,4740754234495402042602785,-194488,65,100,100,0,True
1732929023,21297125,4740754234495402042602785,-194488,65,100,100,0,True
1732929035,21297126,4740754234495402042602785,-194488,65,100,100,0,True
1732929047,21297127,4740754234495402042602785,-194488,65,100,100,0,True
1732929059,21297128,4740754234495402042602785,-194488,65,100,100,0,True
1732929071,21297129,4740754234495402042602785,-194488,65,100,100,0,True
1732929083,21297130,4740754315842384660797087,-194488,65,100,100,0,True
1732929095,21297131,4740754315842384660797087,-194488,65,100,100,0,True
1732929107,21297132,4740754315842384660797087,-194488,65,100,100,0,True
1732929119,21297133,4740754315842384660797087,-194488,65,100,100,0,True
1732929131,21297134,4740754315842384660797087,-194488,65,100,100,0,True
1732929143,21297135,4740754315842384660797087,-194488,65,100,100,0,True
1732929155,21297136,4740751403268760561059132,-194488,65,100,100,0,True
1732929167,21297137,4740751403268760561059132,-194488,65,100,100,0,True
1732929179,21297138,4740751403268760561059132,-194488,65,100,100,0,True
1732929191,21297139,4740751403268760561059132,-194488,65,100,100,0,True
1732929203,21297140,4740751403268760561059132,-194488,66,100,100,0,True
1732929215,21297141,4740751403268760561059132,-194488,66,100,100,0,True
1732929227,21297142,4740751403268760561059132,-194488,66,100,100,0,True
1732929239,21297143,4740751403268760561059132,-194488,66,100,100,0,True
1732929251,21297144,4740751403268760561059132,-194488,66,100,100,0,True
1732929263,21297145,4740751403268760561059132,-194488,66,100,100,0,True
1732929275,21297146,4740751403268760561059132,-194488,66,100,100,0,True
1732929287,21297147,4740751403268760561059132,-194488,66,100,100,0,True
1732929299,21297148,4740751403268760561059132,-194488,66,100,100,0,True
1732929311,21297149,4740751403268760561059132,-194488,66,100,100,0,True
1732929323,21297150,4740751403268760561059132,-194488,66,100,100,0,True
1732929335,21297151,4740751403268760561059132,-194488,66,100,100,0,True
1732929347,21297152,4740751403268760561059132,-194488,66,100,100,0,True
1732929359,21297153,4740751403268760561059132,-194488,66,100,100,0,True
1732929371,21297154,4740751403268760561059132,-194488,66,100,100,0,True
1732929383,21297155,4740751403268760561059132,-194488,66,100,100,0,True
1732929395,21297156,4740751403268760561059132,-194488,66,100,100,0,True
1732929407,21297157,4740751403268760561059132,-194488,66,100,100,0,True
1732929419,21297158,4740751403268760561059132,-194488,66,100,100,0,True
1732929431,21297159,4740751403268760561059132,-194488,66,100,100,0,True
1732929443,21297160,4740751403268760561059132,-194488,66,100,100,0,True
1732929455,21297161,4740751403268760561059132,-194488,66,100,100,0,True
1732929467,21297162,4740751403268760561059132,-194488,66,100,100,0,True
1732929479,21297163,4740751403268760561059132,-194488,66,100,100,0,True
1732929491,21297164,4740751403268760561059132,-194488,66,100,100,0,True
1732929503,21297165,4740751403268760561059132,-194488,66,100,100,0,True
1732929515,21297166,4740751403268760561059132,-194488,66,100,100,0,True
1732929527,21297167,4740751403268760561059132,-194488,66,100,100,0,True
1732929539,21297168,4740751403268760561059132,-194488,66,100,100,0,True
1732929551,21297169,4740751403268760561059132,-194488,66,100,100,0,True
1732929563,21297170,4740752005481187841692073,-194488,66,100,100,0,True
1732929575,21297171,4740752005481187841692073,-194488,66,100,100,0,True
1732929587,21297172,4740752005481187841692073,-194488,66,100,100,0,True
1732929599,21297173,4740752005481187841692073,-194488,66,100,100,0,True
1732929611,21297174,4740752005481187841692073,-194488,66,100,100,0,True
1732929623,21297175,4740752005481187841692073,-194488,66,100,100,0,True
1732929635,21297176,4740752005481187841692073,-194488,66,100,100,0,True
1732929647,21297177,4740752005481187841692073,-194488,66,100,100,0,True
1732929659,21297178,4740750840505755431508197,-194488,66,100,100,0,True
1732929671,21297179,4740750840505755431508197,-194488,66,100,100,0,True
1732929683,21297180,4740750840505755431508197,-194488,66,100,100,0,True
1732929695,21297181,4740750840505755431508197,-194488,66,100,100,0,True
1732929707,21297182,4740750840505755431508197,-194488,66,100,100,0,True
1732929719,21297183,4740750840505755431508197,-194488,66,100,100,0,True
1732929731,21297184,4740750840505755431508197,-194488,66,100,100,0,True
1732929743,21297185,4740750840505755431508197,-194488,66,100,100,0,True
1732929755,21297186,4740750840505755431508197,-194488,66,100,100,0,True
1732929767,21297187,4740750840505755431508197,-194488,66,100,100,0,True
1732929779,21297188,4740750840505755431508197,-194488,66,100,100,0,True
1732929791,21297189,4740750840505755431508197,-194488,67,100,100,0,True
1732929803,21297190,4740750840505755431508197,-194488,67,100,100,0,True
1732929815,21297191,4740750840505755431508197,-194488,67,100,100,0,True
1732929827,21297192,4740750840505755431508197,-194488,67,100,100,0,True
1732929839,21297193,4740750840505755431508197,-194488,67,100,100,0,True
1732929851,21297194,4740750840505755431508197,-194488,67,100,100,0,True
1732929863,21297195,4740750840505755431508197,-194488,67,100,100,0,True
1732929875,21297196,4740750840505755431508197,-194488,67,100,100,0,True
1732929887,21297197,4740750840505755431508197,-194488,67,100,100,0,True
1732929899,21297198,4740750840505755431508197,-194488,67,100,100,0,True
1732929911,21297199,4740750840505755431508197,-194488,67,100,100,0,True
1732929923,21297200,4740750840505755431508197,-194488,67,100,100,0,True
1732929935,21297201,4740750840505755431508197,-194488,67,100,100,0,True
1732929947,21297202,4740750840505755431508197,-194488,67,100,100,0,True
1732929959,21297203,4740750840505755431508197,-194488,67,100,100,0,True
1732929971,21297204,4740750840505755431508197,-194488,67,100,100,0,True
1732929983,21297205,4740750840505755431508197,-194488,67,100,100,0,True
1732929995,21297206,4741341277079076012421340,-194486,68,100,100,0,True
1732930007,21297207,4741341277079076012421340,-194486,68,100,100,0,True
1732930019,21297208,4742121366650955757557044,-194482,69,100,100,0,True
1732930031,21297209,4742121366650955757557044,-194482,69,100,100,0,True
1732930043,21297210,4742121366650955757557044,-194482,69,100,100,0,True
1732930055,21297211,4742121366650955757557044,-194482,69,100,100,0,True
1732930067,21297212,4742121366650955757557044,-194482,69,100,100,0,True
1732930079,21297213,4742121366650955757557044,-194482,69,100,100,0,True
1732930091,21297214,4742121366650955757557044,-194482,69,100,100,0,True
1732930103,21297215,4742121366650955757557044,-194482,69,100,100,0,True
1732930115,21297216,4742121366650955757557044,-194482,69,100,100,0,True
1732930127,21297217,4742121366650955757557044,-194482,69,100,100,0,True
1732930139,21297218,4742121366650955757557044,-194482,69,100,100,0,True
1732930151,21297219,4742121366650955757557044,-194482,69,100,100,0,True
1732930175,21297220,4742121366650955757557044,-194482,69,100,100,0,True
1732930187,21297221,4742121838619657834794340,-194482,69,100,100,0,True
1732930199,21297222,4742121838619657834794340,-194482,69,100,100,0,True
1732930211,21297223,4742121838619657834794340,-194482,69,100,100,0,True
1732930223,21297224,4742121838619657834794340,-194482,69,100,100,0,True
1732930235,21297225,4742121838619657834794340,-194482,69,100,100,0,True
1732930247,21297226,4742121838619657834794340,-194482,69,100,100,0,True
1732930259,21297227,4742760164159689775073131,-194480,70,100,100,0,True
1732930271,21297228,4742760164159689775073131,-194480,70,100,100,0,True
1732930283,21297229,4742760164159689775073131,-194480,70,100,100,0,True
1732930295,21297230,4742760164159689775073131,-194480,70,100,100,0,True
1732930307,21297231,4742760164159689775073131,-194480,70,100,100,0,True
1732930319,21297232,4742760164159689775073131,-194480,70,100,100,0,True
1732930331,21297233,4742760164159689775073131,-194480,70,100,100,0,True
1732930343,21297234,4742760164159689775073131,-194480,70,100,100,0,True
1732930355,21297235,4742760164159689775073131,-194480,70,100,100,0,True
1732930367,21297236,4742760164159689775073131,-194480,70,100,100,0,True
1732930379,21297237,4742760164159689775073131,-194480,70,100,100,0,True
1732930391,21297238,4742760164159689775073131,-194480,70,100,100,0,True
1732930403,21297239,4742760164159689775073131,-194480,70,100,100,0,True
1732930415,21297240,4742760164159689775073131,-194480,70,100,100,0,True
1732930427,21297241,4742760164159689775073131,-194480,70,100,100,0,True
1732930439,21297242,4742760164159689775073131,-194480,70,100,100,0,True
1732930451,21297243,4742760164159689775073131,-194480,70,100,100,0,True
1732930463,21297244,4742760164159689775073131,-194480,70,100,100,0,True
1732930475,21297245,4742760164159689775073131,-194480,70,100,100,0,True
1732930487,21297246,4742760164159689775073131,-194480,70,100,100,0,True
1732930499,21297247,4742760164159689775073131,-194480,70,100,100,0,True
1732930511,21297248,4742760164159689775073131,-194480,70,100,100,0,True
1732930523,21297249,4742760164159689775073131,-194480,70,100,100,0,True
1732930535,21297250,4744585306172320213107631,-194472,71,100,100,0,True
1732930547,21297251,4744585306172320213107631,-194472,71,100,100,0,True
1732930559,21297252,4744585306172320213107631,-194472,71,100,100,0,True
1732930571,21297253,4745956006816250288219980,-194466,72,100,100,0,True
1732930583,21297254,4745956006816250288219980,-194466,72,100,100,0,True
1732930595,21297255,4745956006816250288219980,-194466,72,100,100,0,True
1732930607,21297256,4746144327307792988682236,-194465,73,100,100,0,True
1732930619,21297257,4746144327307792988682236,-194465,73,100,100,0,True
1732930631,21297258,4746144327307792988682236,-194465,73,100,100,0,True
1732930643,21297259,4746144327307792988682236,-194465,73,100,100,0,True
1732930655,21297260,4746144327307792988682236,-194465,73,100,100,0,True
1732930667,21297261,4747142208921845010268160,-194461,74,100,100,0,True
1732930679,21297262,4747142208921845010268160,-194461,74,100,100,0,True
1732930691,21297263,4747142208921845010268160,-194461,74,100,100,0,True
1732930703,21297264,4747142208921845010268160,-194461,74,100,100,0,True
1732930715,21297265,4747142208921845010268160,-194461,74,100,100,0,True
1732930727,21297266,4747912181899049786581237,-194458,75,100,100,0,True
1732930739,21297267,4748273297237354065857101,-194456,76,100,100,0,True
1732930751,21297268,4748680715204365743398741,-194455,77,100,100,0,True
1732930763,21297269,4749650578231018628632930,-194451,78,100,100,0,True
1732930775,21297270,4749650578231018628632930,-194451,78,100,100,0,True
1732930787,21297271,4749650578231018628632930,-194451,78,100,100,0,True
1732930799,21297272,4749650578231018628632930,-194451,78,100,100,0,True
1732930811,21297273,4749650578231018628632930,-194451,78,100,100,0,True
1732930823,21297274,4749650578231018628632930,-194451,78,100,100,0,True
1732930835,21297275,4749650578231018628632930,-194451,78,100,100,0,True
1732930847,21297276,4749650578231018628632930,-194451,78,100,100,0,True
1732930859,21297277,4749650578231018628632930,-194451,78,100,100,0,True
1732930871,21297278,4749650578231018628632930,-194451,78,100,100,0,True
1732930883,21297279,4749650578231018628632930,-194451,78,100,100,0,True
1732930895,21297280,4749650578231018628632930,-194451,78,100,100,0,True
1732930907,21297281,4749650578231018628632930,-194451,78,100,100,0,True
1732930919,21297282,4749650578231018628632930,-194451,78,100,100,0,True
1732930931,21297283,4749650578231018628632930,-194451,78,100,100,0,True
1732930943,21297284,4749650578231018628632930,-194451,78,100,100,0,True
1732930955,21297285,4750698675030748434484388,-194446,79,100,100,0,True
1732930967,21297286,4750702749879208795719091,-194446,79,100,100,0,True
1732930979,21297287,4750702749879208795719091,-194446,79,100,100,0,True
1732930991,21297288,4750958455373966281347486,-194445,80,100,100,0,True
1732931003,21297289,4750958455373966281347486,-194445,80,100,100,0,True
1732931015,21297290,4751394402904177642213500,-194443,81,100,100,0,True
1732931027,21297291,4753211421338889470977305,-194436,82,100,100,0,True
1732931039,21297292,4756473994315187406026975,-194422,83,100,100,0,True
1732931051,21297293,4756473994315187406026975,-194422,83,100,100,0,True
1732931063,21297294,4756473994315187406026975,-194422,83,100,100,0,True
1732931075,21297295,4756473994315187406026975,-194422,83,100,100,0,True
1732931087,21297296,4757165890164375808122122,-194419,84,100,100,0,True
1732931099,21297297,4757165890164375808122122,-194419,84,100,100,0,True
1732931111,21297298,4758086269224737911180335,-194415,85,100,100,0,True
1732931123,21297299,4759768540840928132985535,-194408,86,100,100,0,True
1732931135,21297300,4760325240161720315872524,-194406,87,100,100,0,True
1732931147,21297301,4761054351095311783760295,-194403,88,100,100,0,True
1732931159,21297302,4761094028606008997945684,-194402,89,100,100,0,True
1732931171,21297303,4761094028606008997945684,-194402,89,100,100,0,True
1732931183,21297304,4761094028606008997945684,-194402,89,100,100,0,True
1732931195,21297305,4761094028606008997945684,-194402,89,100,100,0,True
1732931207,21297306,4761094028606008997945684,-194402,89,100,100,0,True
1732931219,21297307,4761094028606008997945684,-194402,89,100,100,0,True
1732931231,21297308,4761094028606008997945684,-194402,89,100,100,0,True
1732931243,21297309,4761094028606008997945684,-194402,89,100,100,0,True
1732931255,21297310,4761089301648751755495896,-194402,89,100,100,0,True
1732931267,21297311,4761089301648751755495896,-194402,89,100,100,0,True
1732931279,21297312,4761089301648751755495896,-194402,89,100,100,0,True
1732931291,21297313,4761089301648751755495896,-194402,89,100,100,0,True
1732931303,21297314,4761089301648751755495896,-194402,89,100,100,0,True
1732931315,21297315,4761089301648751755495896,-194402,89,100,100,0,True
1732931327,21297316,4761089301648751755495896,-194402,89,100,100,0,True
1732931339,21297317,4761089301648751755495896,-194402,89,100,100,0,True
1732931351,21297318,4761089301648751755495896,-194402,89,100,100,0,True
1732931363,21297319,4761089301648751755495896,-194402,89,100,100,0,True
1732931375,21297320,4761089301648751755495896,-194402,89,100,100,0,True
1732931387,21297321,4761089301648751755495896,-194402,89,100,100,0,True
1732931399,21297322,4761089301648751755495896,-194402,89,100,100,0,True
1732931411,21297323,4761089301648751755495896,-194402,89,100,100,0,True
1732931423,21297324,4761089301648751755495896,-194402,89,100,100,0,True
1732931435,21297325,4761089301648751755495896,-194402,89,100,100,0,True
1732931447,21297326,4761089301648751755495896,-194402,89,100,100,0,True
1732931459,21297327,4761089301648751755495896,-194402,89,100,100,0,True
1732931471,21297328,4761089301648751755495896,-194402,89,100,100,0,True
1732931483,21297329,4761089301648751755495896,-194402,89,100,100,0,True
1732931495,21297330,4761089301648751755495896,-194402,89,100,100,0,True
1732931507,21297331,4761089301648751755495896,-194402,89,100,100,0,True
1732931519,21297332,4761089301648751755495896,-194402,89,100,100,0,True
1732931531,21297333,4761089301648751755495896,-194402,89,100,100,0,True
1732931543,21297334,4761089301648751755495896,-194402,89,100,100,0,True
1732931555,21297335,4761089301648751755495896,-194402,89,100,100,0,True
1732931567,21297336,4761089301648751755495896,-194402,89,100,100,0,True
1732931579,21297337,4761089301648751755495896,-194402,89,100,100,0,True
1732931591,21297338,4761089301648751755495896,-194402,89,100,100,0,True
1732931603,21297339,4761089301648751755495896,-194402,89,100,100,0,True
1732931615,21297340,4761089301648751755495896,-194402,89,100,100,0,True
1732931627,21297341,4761089301648751755495896,-194402,89,100,100,0,True
1732931639,21297342,4761089301648751755495896,-194402,89,100,100,0,True
1732931651,21297343,4761089301648751755495896,-194402,89,100,100,0,True
1732931663,21297344,4761089301648751755495896,-194402,89,100,100,0,True
1732931675,21297345,4761089301648751755495896,-194402,89,100,100,0,True
1732931687,21297346,4761089301648751755495896,-194402,89,100,100,0,True
1732931699,21297347,4761089301648751755495896,-194402,89,100,100,0,True
1732931711,21297348,4761089301648751755495896,-194402,89,100,100,0,True
1732931723,21297349,4761089301648751755495896,-194402,89,100,100,0,True
1732931735,21297350,4761089301648751755495896,-194402,89,100,100,0,True
1732931747,21297351,4761089301648751755495896,-194402,89,100,100,0,True
1732931759,21297352,4761089301648751755495896,-194402,89,100,100,0,True
1732931771,21297353,4761089301648751755495896,-194402,89,100,100,0,True
1732931783,21297354,4761089301648751755495896,-194402,89,100,100,0,True
1732931795,21297355,4761089301648751755495896,-194402,89,100,100,0,True
1732931807,21297356,4761089301648751755495896,-194402,89,100,100,0,True
1732931819,21297357,4761089301648751755495896,-194402,89,100,100,0,True
1732931831,21297358,4761089301648751755495896,-194402,89,100,100,0,True
1732931843,21297359,4761089301648751755495896,-194402,89,100,100,0,True
1732931855,21297360,4761089301648751755495896,-194402,89,100,100,0,True
1732931867,21297361,4761089301648751755495896,-194402,89,100,100,0,True
1732931879,21297362,4761089301648751755495896,-194402,89,100,100,0,True
1732931891,21297363,4761089301648751755495896,-194402,89,100,100,0,True
1732931903,21297364,4761089301648751755495896,-194402,89,100,100,0,True
1732931915,21297365,4761089301648751755495896,-194402,89,100,100,0,True
1732931927,21297366,4761089301648751755495896,-194402,89,100,100,0,True
1732931939,21297367,4761089301648751755495896,-194402,89,100,100,0,True
1732931951,21297368,4761089301648751755495896,-194402,89,100,100,0,True
1732931963,21297369,4761089301648751755495896,-194402,89,100,100,0,True
1732931975,21297370,4761089301648751755495896,-194402,89,100,100,0,True
1732931987,21297371,4761089301648751755495896,-194402,89,100,100,0,True
1732931999,21297372,4761089301648751755495896,-194402,89,100,100,0,True
1732932011,21297373,4761089301648751755495896,-194402,89,100,100,0,True
1732932023,21297374,4761089301648751755495896,-194402,89,100,100,0,True
1732932035,21297375,4759513363679622353398138,-194409,90,100,100,0,True
1732932047,21297376,4759513363679622353398138,-194409,90,100,100,0,True
1732932059,21297377,4758892003094243385016308,-194412,91,100,100,0,True
1732932071,21297378,4758892003094243385016308,-194412,91,100,100,0,True
1732932083,21297379,4758889603971903808831325,-194412,91,100,100,0,True
1732932095,21297380,4758889603971903808831325,-194412,91,100,100,0,True
1732932107,21297381,4758889603971903808831325,-194412,91,100,100,0,True
1732932119,21297382,4758889603971903808831325,-194412,91,100,100,0,True
1732932131,21297383,4758889603971903808831325,-194412,91,100,100,0,True
1732932143,21297384,4758889603971903808831325,-194412,91,100,100,0,True
1732932155,21297385,4758889603971903808831325,-194412,91,100,100,0,True
1732932167,21297386,4758889603971903808831325,-194412,91,100,100,0,True
1732932179,21297387,4758889603971903808831325,-194412,91,100,100,0,True
1732932191,21297388,4758889603971903808831325,-194412,91,100,100,0,True
1732932203,21297389,4758889603971903808831325,-194412,91,100,100,0,True
1732932215,21297390,4758889603971903808831325,-194412,91,100,100,0,True
1732932227,21297391,4758889603971903808831325,-194412,91,100,100,0,True
1732932239,21297392,4758889603971903808831325,-194412,91,100,100,0,True
1732932251,21297393,4758889603971903808831325,-194412,91,100,100,0,True
1732932263,21297394,4758889603971903808831325,-194412,91,100,100,0,True
1732932275,21297395,4758889603971903808831325,-194412,91,100,100,0,True
1732932287,21297396,4758889603971903808831325,-194412,91,100,100,0,True
1732932299,21297397,4758889603971903808831325,-194412,91,100,100,0,True
1732932311,21297398,4758889603971903808831325,-194412,91,100,100,0,True
1732932323,21297399,4758889603971903808831325,-194412,91,100,100,0,True
1732932335,21297400,4758889603971903808831325,-194412,91,100,100,0,True
1732932347,21297401,4758889603971903808831325,-194412,91,100,100,0,True
1732932359,21297402,4758889603971903808831325,-194412,91,100,100,0,True
1732932371,21297403,4758889603971903808831325,-194412,91,100,100,0,True
1732932395,21297404,4758889876547939604659477,-194412,91,100,100,0,True
1732932407,21297405,4758889876547939604659477,-194412,91,100,100,0,True
1732932419,21297406,4758889876547939604659477,-194412,91,100,100,0,True
1732932431,21297407,4758889876547939604659477,-194412,91,100,100,0,True
1732932443,21297408,4757329213747883979533416,-194418,92,100,100,0,True
1732932455,21297409,4757329213747883979533416,-194418,92,100,100,0,True
1732932467,21297410,4757028064226778550262437,-194419,93,100,100,0,True
1732932479,21297411,4757028064226778550262437,-194419,93,100,100,0,True
1732932491,21297412,4757028064226778550262437,-194419,93,100,100,0,True
1732932503,21297413,4757028064226778550262437,-194419,93,100,100,0,True
1732932515,21297414,4757028064226778550262437,-194419,93,100,100,0,True
1732932527,21297415,4757028064226778550262437,-194419,93,100,100,0,True
1732932539,21297416,4757028064226778550262437,-194419,93,100,100,0,True
1732932551,21297417,4757028064226778550262437,-194419,93,100,100,0,True
1732932563,21297418,4757028064226778550262437,-194419,93,100,100,0,True
1732932575,21297419,4757028064226778550262437,-194419,93,100,100,0,True
1732932587,21297420,4757028064226778550262437,-194419,93,100,100,0,True
1732932599,21297421,4757028064226778550262437,-194419,93,100,100,0,True
1732932611,21297422,4757028064226778550262437,-194419,93,100,100,0,True
1732932623,21297423,4757028064226778550262437,-194419,93,100,100,0,True
1732932635,21297424,4757028064226778550262437,-194419,93,100,100,0,True
1732932647,21297425,4757028064226778550262437,-194419,93,100,100,0,True
1732932659,21297426,4757028064226778550262437,-194419,93,100,100,0,True
1732932671,21297427,4757028064226778550262437,-194419,93,100,100,0,True
1732932683,21297428,4757028064226778550262437,-194419,93,100,100,0,True
1732932695,21297429,4757028064226778550262437,-194419,93,100,100,0,True
1732932707,21297430,4757028064226778550262437,-194419,93,100,100,0,True
1732932719,21297431,4757028064226778550262437,-194419,93,100,100,0,True
1732932731,21297432,4757028064226778550262437,-194419,93,100,100,0,True
1732932743,21297433,4757028064226778550262437,-194419,93,100,100,0,True
1732932755,21297434,4757028064226778550262437,-194419,93,100,100,0,True
1732932767,21297435,4757028064226778550262437,-194419,93,100,100,0,True
1732932779,21297436,4757028064226778550262437,-194419,93,100,100,0,True
1732932791,21297437,4757028064226778550262437,-194419,93,100,100,0,True
1732932803,21297438,4757028064226778550262437,-194419,93,100,100,0,True
1732932815,21297439,4757028064226778550262437,-194419,93,100,100,0,True
1732932827,21297440,4757028064226778550262437,-194419,93,100,100,0,True
1732932839,21297441,4757028064226778550262437,-194419,93,100,100,0,True
1732932851,21297442,4757028064226778550262437,-194419,93,100,100,0,True
1732932863,21297443,4757028064226778550262437,-194419,93,100,100,0,True
1732932875,21297444,4757028064226778550262437,-194419,93,100,100,0,True
1732932887,21297445,4757028064226778550262437,-194419,93,100,100,0,True
1732932899,21297446,4757028064226778550262437,-194419,93,100,100,0,True
1732932911,21297447,4757028064226778550262437,-194419,93,100,100,0,True
1732932923,21297448,4757028064226778550262437,-194419,93,100,100,0,True
1732932935,21297449,4757028064226778550262437,-194419,93,100,100,0,True
1732932947,21297450,4757028064226778550262437,-194419,93,100,100,0,True
1732932959,21297451,4757028064226778550262437,-194419,93,100,100,0,True
1732932971,21297452,4757028064226778550262437,-194419,93,100,100,0,True
1732932983,21297453,4757028064226778550262437,-194419,93,100,100,0,True
1732932995,21297454,4757028064226778550262437,-194419,93,100,100,0,True
1732933007,21297455,4757028064226778550262437,-194419,93,100,100,0,True
1732933019,21297456,4757028064226778550262437,-194419,93,100,100,0,True
1732933031,21297457,4757028064226778550262437,-194419,93,100,100,0,True
1732933043,21297458,4757028064226778550262437,-194419,93,100,100,0,True
1732933055,21297459,4757028064226778550262437,-194419,93,100,100,0,True
1732933067,21297460,4757028064226778550262437,-194419,93,100,100,0,True
1732933079,21297461,4757028064226778550262437,-194419,93,100,100,0,True
1732933091,21297462,4757028064226778550262437,-194419,93,100,100,0,True
1732933103,21297463,4757028064226778550262437,-194419,93,100,100,0,True
1732933115,21297464,4757028064226778550262437,-194419,93,100,100,0,True
1732933127,21297465,4757028064226778550262437,-194419,93,100,100,0,True
1732933139,21297466,4757028064226778550262437,-194419,93,100,100,0,True
1732933151,21297467,4757028064226778550262437,-194419,93,100,100,0,True
1732933163,21297468,4757028064226778550262437,-194419,93,100,100,0,True
1732933175,21297469,4757028064226778550262437,-194419,93,100,100,0,True
1732933187,21297470,4757028064226778550262437,-194419,93,100,100,0,True
1732933199,21297471,4757028064226778550262437,-194419,93,100,100,0,True
1732933211,21297472,4757028064226778550262437,-194419,93,100,100,0,True
1732933223,21297473,4757028064226778550262437,-194419,93,100,100,0,True
1732933235,21297474,4757028064226778550262437,-194419,93,100,100,0,True
1732933247,21297475,4757028064226778550262437,-194419,93,100,100,0,True
1732933259,21297476,4757028064226778550262437,-194419,93,100,100,0,True
1732933271,21297477,4757028064226778550262437,-194419,93,100,100,0,True
1732933283,21297478,4757028064226778550262437,-194419,93,100,100,0,True
1732933295,21297479,4757028064226778550262437,-194419,93,100,100,0,True
1732933307,21297480,4757028064226778550262437,-194419,93,100,100,0,True
1732933319,21297481,4757028064226778550262437,-194419,93,100,100,0,True
1732933331,21297482,4757028064226778550262437,-194419,93,100,100,0,True
1732933343,21297483,4757028064226778550262437,-194419,93,100,100,0,True
1732933355,21297484,4757028064226778550262437,-194419,93,100,100,0,True
1732933367,21297485,4757028064226778550262437,-194419,93,100,100,0,True
1732933379,21297486,4757028064226778550262437,-194419,93,100,100,0,True
1732933391,21297487,4757028064226778550262437,-194419,93,100,100,0,True
1732933403,21297488,4757028064226778550262437,-194419,93,100,100,0,True
1732933415,21297489,4757028064226778550262437,-194419,93,100,100,0,True
1732933427,21297490,4757028064226778550262437,-194419,93,100,100,0,True
1732933439,21297491,4757028064226778550262437,-194419,93,100,100,0,True
1732933451,21297492,4757028064226778550262437,-194419,93,100,100,0,True
1732933463,21297493,4757028064226778550262437,-194419,93,100,100,0,True
1732933475,21297494,4757028064226778550262437,-194419,93,100,100,0,True
1732933487,21297495,4757028064226778550262437,-194419,93,100,100,0,True
1732933499,21297496,4757028064226778550262437,-194419,93,100,100,0,True
1732933511,21297497,4757028064226778550262437,-194419,93,100,100,0,True
1732933523,21297498,4757028064226778550262437,-194419,93,100,100,0,True
1732933535,21297499,4757028064226778550262437,-194419,93,100,100,0,True
1732933547,21297500,4757028064226778550262437,-194419,93,100,100,0,True
1732933559,21297501,4757028064226778550262437,-194419,93,100,100,0,True
1732933571,21297502,4757028064226778550262437,-194419,93,100,100,0,True
1732933583,21297503,4757028064226778550262437,-194419,93,100,100,0,True
1732933595,21297504,4757028064226778550262437,-194419,93,100,100,0,True
1732933607,21297505,4757028064226778550262437,-194419,93,100,100,0,True
1732933619,21297506,4757028064226778550262437,-194419,93,100,100,0,True
1732933631,21297507,4757028064226778550262437,-194419,93,100,100,0,True
1732933643,21297508,4757028064226778550262437,-194419,93,100,100,0,True
1732933655,21297509,4757028064226778550262437,-194419,93,100,100,0,True
1732933667,21297510,4757028064226778550262437,-194419,93,100,100,0,True
1732933679,21297511,4757028064226778550262437,-194419,93,100,100,0,True
1732933691,21297512,4757025725285121273564525,-194420,94,100,100,0,True
1732933703,21297513,4757025725285121273564525,-194420,94,100,100,0,True
1732933715,21297514,4757025725285121273564525,-194420,94,100,100,0,True
1732933727,21297515,4757025725285121273564525,-194420,94,100,100,0,True
1732933739,21297516,4757025725285121273564525,-194420,94,100,100,0,True
1732933751,21297517,4757025725285121273564525,-194420,94,100,100,0,True
1732933763,21297518,4757025725285121273564525,-194420,94,100,100,0,True
1732933775,21297519,4757025725285121273564525,-194420,94,100,100,0,True
1732933787,21297520,4757593552901837633287113,-194417,95,100,100,0,True
1732933799,21297521,4758075069918579021222258,-194415,96,100,100,0,True
1732933811,21297522,4758075069918579021222258,-194415,96,100,100,0,True
1732933823,21297523,4758317930567894327287814,-194414,97,100,100,0,True
1732933835,21297524,4758317930567894327287814,-194414,97,100,100,0,True
1732933847,21297525,4760193872309588867940470,-194406,98,100,100,0,True
1732933859,21297526,4760789312916854196892959,-194404,99,100,100,0,True
1732933871,21297527,4762375207210468901617224,-194397,0,100,100,0,True
1732933883,21297528,4764397957645753259382379,-194389,1,100,100,0,True
1732933895,21297529,4764397957645753259382379,-194389,1,100,100,0,True
1732933907,21297530,4765115485270563930558905,-194386,2,100,100,0,True
1732933919,21297531,4765117943484395879592038,-194386,2,100,100,0,True
1732933931,21297532,4766861450141462730820667,-194378,3,100,100,0,True
1732933943,21297533,4767180813200299829180121,-194377,4,100,100,0,True
1732933955,21297534,4767766695072407956947340,-194374,5,100,100,0,True
1732933967,21297535,4767766695072407956947340,-194374,5,100,100,0,True
1732933979,21297536,4767766695072407956947340,-194374,5,100,100,0,True
1732933991,21297537,4769131101667623751530347,-194369,6,100,100,0,True
1732934003,21297538,4769483995196010524954284,-194367,7,100,100,0,True
1732934015,21297539,4769483995196010524954284,-194367,7,100,100,0,True
1732934027,21297540,4769483995196010524954284,-194367,7,100,100,0,True
1732934039,21297541,4770107875428914287742263,-194365,8,100,100,0,True
1732934051,21297542,4770885815625452856158990,-194361,9,100,100,0,True
1732934063,21297543,4772573321107527281467066,-194354,10,100,100,0,True
1732934075,21297544,4772573321107527281467066,-194354,10,100,100,0,True
1732934087,21297545,4772573321107527281467066,-194354,10,100,100,0,True
1732934099,21297546,4773410168956733428622129,-194351,11,100,100,0,True
1732934111,21297547,4775895081560587026259829,-194340,12,100,100,0,True
1732934123,21297548,4775915309129142319008122,-194340,12,100,100,0,True
1732934135,21297549,4775915309129142319008122,-194340,12,100,100,0,True
1732934147,21297550,4775915309129142319008122,-194340,12,100,100,0,True
1732934159,21297551,4775915309129142319008122,-194340,12,100,100,0,True
1732934171,21297552,4775915309129142319008122,-194340,12,100,100,0,True
1732934183,21297553,4775926578157331485521995,-194340,12,100,100,0,True
1732934195,21297554,4775926578157331485521995,-194340,12,100,100,0,True
1732934207,21297555,4775926578157331485521995,-194340,12,100,100,0,True
1732934219,21297556,4775926578157331485521995,-194340,12,100,100,0,True
1732934231,21297557,4775926578157331485521995,-194340,12,100,100,0,True
1732934243,21297558,4775926578157331485521995,-194340,12,100,100,0,True
1732934255,21297559,4775926578157331485521995,-194340,12,100,100,0,True
1732934267,21297560,4775926578157331485521995,-194340,12,100,100,0,True
1732934279,21297561,4775926578157331485521995,-194340,12,100,100,0,True
1732934291,21297562,4775926578157331485521995,-194340,12,100,100,0,True
1732934303,21297563,4775926578157331485521995,-194340,12,100,100,0,True
1732934315,21297564,4775926578157331485521995,-194340,12,100,100,0,True
1732934327,21297565,4775926578157331485521995,-194340,12,100,100,0,True
1732934339,21297566,4775926578157331485521995,-194340,12,100,100,0,True
1732934351,21297567,4775926578157331485521995,-194340,12,100,100,0,True
1732934363,21297568,4775926578157331485521995,-194340,12,100,100,0,True
1732934375,21297569,4775926578157331485521995,-194340,12,100,100,0,True
1732934387,21297570,4775926578157331485521995,-194340,12,100,100,0,True
1732934399,21297571,4775926578157331485521995,-194340,12,100,100,0,True
1732934411,21297572,4775926578157331485521995,-194340,12,100,100,0,True
1732934423,21297573,4775926578157331485521995,-194340,12,100,100,0,True
1732934435,21297574,4775926578157331485521995,-194340,12,100,100,0,True
1732934447,21297575,4775926578157331485521995,-194340,12,100,100,0,True
1732934459,21297576,4775926578157331485521995,-194340,12,100,100,0,True
1732934471,21297577,4775926578157331485521995,-194340,12,100,100,0,True
1732934483,21297578,4775926578157331485521995,-194340,12,100,100,0,True
1732934495,21297579,4775926578157331485521995,-194340,12,100,100,0,True
1732934507,21297580,4775926578157331485521995,-194340,12,100,100,0,True
1732934519,21297581,4775926578157331485521995,-194340,12,100,100,0,True
1732934531,21297582,4775926578157331485521995,-194340,12,100,100,0,True
1732934543,21297583,4775674761715545227331995,-194341,13,100,100,0,True
1732934555,21297584,4774990302736446564130426,-194344,14,100,100,0,True
1732934567,21297585,4774762383065336939509263,-194345,15,100,100,0,True
1732934579,21297586,4774762383065336939509263,-194345,15,100,100,0,True
1732934591,21297587,4774762383065336939509263,-194345,15,100,100,0,True
1732934603,21297588,4773539643553956783870687,-194350,16,100,100,0,True
1732934615,21297589,4773537179039856877878807,-194350,16,100,100,0,True
1732934627,21297590,4773537179039856877878807,-194350,16,100,100,0,True
1732934639,21297591,4773537179039856877878807,-194350,16,100,100,0,True
1732934651,21297592,4773519271956827702211345,-194350,16,100,100,0,True
1732934663,21297593,4773519271956827702211345,-194350,16,100,100,0,True
1732934675,21297594,4771996344555182468992001,-194357,17,100,100,0,True
1732934687,21297595,4769975944995276879119221,-194365,18,100,100,0,True
1732934699,21297596,4769952707999211268571884,-194365,18,100,100,0,True
1732934711,21297597,4769952707999211268571884,-194365,18,100,100,0,True
1732934723,21297598,4769952707999211268571884,-194365,18,100,100,0,True
1732934735,21297599,4769952707999211268571884,-194365,18,100,100,0,True
1732934747,21297600,4769952707999211268571884,-194365,18,100,100,0,True
1732934759,21297601,4769952707999211268571884,-194365,18,100,100,0,True
1732934771,21297602,4769903109803807129543335,-194365,18,100,100,0,True
1732934783,21297603,4769824918654922141147431,-194366,19,100,100,0,True
1732934795,21297604,4769824918654922141147431,-194366,19,100,100,0,True
1732934807,21297605,4769823724920802952496240,-194366,19,100,100,0,True
1732934819,21297606,4769822576603789726615801,-194366,19,100,100,0,True
1732934831,21297607,4769822576603789726615801,-194366,19,100,100,0,True
1732934843,21297608,4769822576603789726615801,-194366,19,100,100,0,True
1732934855,21297609,4769822576603789726615801,-194366,19,100,100,0,True
1732934867,21297610,4769822576603789726615801,-194366,19,100,100,0,True
1732934879,21297611,4769822576603789726615801,-194366,19,100,100,0,True
1732934891,21297612,4769822576603789726615801,-194366,19,100,100,0,True
1732934903,21297613,4769822576603789726615801,-194366,19,100,100,0,True
1732934915,21297614,4769822576603789726615801,-194366,19,100,100,0,True
1732934927,21297615,4769822576603789726615801,-194366,19,100,100,0,True
1732934939,21297616,4769822576603789726615801,-194366,19,100,100,0,True
1732934951,21297617,4769822576603789726615801,-194366,19,100,100,0,True
1732934963,21297618,4769822576603789726615801,-194366,19,100,100,0,True
1732934975,21297619,4769822576603789726615801,-194366,19,100,100,0,True
1732934987,21297620,4769822576603789726615801,-194366,19,100,100,0,True
1732934999,21297621,4769822576603789726615801,-194366,19,100,100,0,True
1732935011,21297622,4769822576603789726615801,-194366,19,100,100,0,True
1732935023,21297623,4769822576603789726615801,-194366,19,100,100,0,True
1732935035,21297624,4769822576603789726615801,-194366,19,100,100,0,True
1732935047,21297625,4769822576603789726615801,-194366,19,100,100,0,True
1732935059,21297626,4769822576603789726615801,-194366,19,100,100,0,True
1732935071,21297627,4769822576603789726615801,-194366,19,100,100,0,True
1732935083,21297628,4769822576603789726615801,-194366,19,100,100,0,True
1732935095,21297629,4769822576603789726615801,-194366,19,100,100,0,True
1732935107,21297630,4769822576603789726615801,-194366,19,100,100,0,True
1732935119,21297631,4769822576603789726615801,-194366,19,100,100,0,True
1732935131,21297632,4769822576603789726615801,-194366,19,100,100,0,True
1732935143,21297633,4769822576603789726615801,-194366,19,100,100,0,True
1732935155,21297634,4769822576603789726615801,-194366,19,100,100,0,True
1732935167,21297635,4769822576603789726615801,-194366,19,100,100,0,True
1732935179,21297636,4769822576603789726615801,-194366,19,100,100,0,True
1732935191,21297637,4769822576603789726615801,-194366,19,100,100,0,True
1732935203,21297638,4769822576603789726615801,-194366,19,100,100,0,True
1732935215,21297639,4769822576603789726615801,-194366,19,100,100,0,True
1732935227,21297640,4769822576603789726615801,-194366,19,100,100,0,True
1732935239,21297641,4769822576603789726615801,-194366,19,100,100,0,True
1732935251,21297642,4769822576603789726615801,-194366,19,100,100,0,True
1732935263,21297643,4769822576603789726615801,-194366,19,100,100,0,True
1732935275,21297644,4769822576603789726615801,-194366,19,100,100,0,True
1732935287,21297645,4769822576603789726615801,-194366,19,100,100,0,True
1732935299,21297646,4769822576603789726615801,-194366,19,100,100,0,True
1732935311,21297647,4769822576603789726615801,-194366,19,100,100,0,True
1732935323,21297648,4769822576603789726615801,-194366,19,100,100,0,True
1732935335,21297649,4769822576603789726615801,-194366,19,100,100,0,True
1732935347,21297650,4769822576603789726615801,-194366,19,100,100,0,True
1732935359,21297651,4769822576603789726615801,-194366,19,100,100,0,True
1732935371,21297652,4769822576603789726615801,-194366,19,100,100,0,True
1732935383,21297653,4769822576603789726615801,-194366,19,100,100,0,True
1732935395,21297654,4769822576603789726615801,-194366,19,100,100,0,True
1732935407,21297655,4769822576603789726615801,-194366,19,100,100,0,True
1732935419,21297656,4769822576603789726615801,-194366,19,100,100,0,True
1732935443,21297657,4769822576603789726615801,-194366,19,100,100,0,True
1732935455,21297658,4769822576603789726615801,-194366,19,100,100,0,True
1732935467,21297659,4769822576603789726615801,-194366,19,100,100,0,True
1732935479,21297660,4769822576603789726615801,-194366,19,100,100,0,True
1732935491,21297661,4769822576603789726615801,-194366,19,100,100,0,True
1732935503,21297662,4769822576603789726615801,-194366,19,100,100,0,True
1732935515,21297663,4769822576603789726615801,-194366,19,100,100,0,True
1732935527,21297664,4769822576603789726615801,-194366,19,100,100,0,True
1732935539,21297665,4769822576603789726615801,-194366,19,100,100,0,True
1732935551,21297666,4769822576603789726615801,-194366,19,100,100,0,True
1732935563,21297667,4769822576603789726615801,-194366,19,100,100,0,True
1732935575,21297668,4769822576603789726615801,-194366,19,100,100,0,True
1732935587,21297669,4769822576603789726615801,-194366,19,100,100,0,True
1732935599,21297670,4769822576603789726615801,-194366,19,100,100,0,True
1732935611,21297671,4769822576603789726615801,-194366,19,100,100,0,True
1732935623,21297672,4769822576603789726615801,-194366,19,100,100,0,True
1732935635,21297673,4769822576603789726615801,-194366,19,100,100,0,True
1732935647,21297674,4769822576603789726615801,-194366,19,100,100,0,True
1732935659,21297675,4769822576603789726615801,-194366,19,100,100,0,True
1732935671,21297676,4769822576603789726615801,-194366,19,100,100,0,True
1732935683,21297677,4769822576603789726615801,-194366,19,100,100,0,True
1732935695,21297678,4769822576603789726615801,-194366,19,100,100,0,True
1732935707,21297679,4769823209655620831891569,-194366,19,100,100,0,True
1732935719,21297680,4769823209655620831891569,-194366,19,100,100,0,True
1732935731,21297681,4769823209655620831891569,-194366,19,100,100,0,True
1732935743,21297682,4769823209655620831891569,-194366,19,100,100,0,True
1732935755,21297683,4769823209655620831891569,-194366,19,100,100,0,True
1732935767,21297684,4769823543550064462379430,-194366,19,100,100,0,True
1732935779,21297685,4769823543550064462379430,-194366,19,100,100,0,True
1732935791,21297686,4769823543550064462379430,-194366,19,100,100,0,True
1732935803,21297687,4769823543550064462379430,-194366,19,100,100,0,True
1732935815,21297688,4769823543550064462379430,-194366,19,100,100,0,True
1732935827,21297689,4769823543550064462379430,-194366,19,100,100,0,True
1732935839,21297690,4769823543550064462379430,-194366,19,100,100,0,True
1732935851,21297691,4769823543550064462379430,-194366,19,100,100,0,True
1732935863,21297692,4769823543550064462379430,-194366,19,100,100,0,True
1732935875,21297693,4769823543550064462379430,-194366,19,100,100,0,True
1732935887,21297694,4769823543550064462379430,-194366,19,100,100,0,True
1732935899,21297695,4769823543550064462379430,-194366,19,100,100,0,True
1732935911,21297696,4769823543550064462379430,-194366,19,100,100,0,True
1732935923,21297697,4769823543550064462379430,-194366,19,100,100,0,True
1732935935,21297698,4769823543550064462379430,-194366,19,100,100,0,True
1732935947,21297699,4769823543550064462379430,-194366,19,100,100,0,True
1732935971,21297700,4769823543550064462379430,-194366,19,100,100,0,True
1732935983,21297701,4769823543550064462379430,-194366,19,100,100,0,True
1732935995,21297702,4769823543550064462379430,-194366,19,100,100,0,True
1732936007,21297703,4769827719361319137515369,-194366,19,100,100,0,True
1732936019,21297704,4769827719361319137515369,-194366,19,100,100,0,True
1732936031,21297705,4769827719361319137515369,-194366,19,100,100,0,True
1732936043,21297706,4769827719361319137515369,-194366,19,100,100,0,True
1732936055,21297707,4769827719361319137515369,-194366,19,100,100,0,True
1732936067,21297708,4769827719361319137515369,-194366,19,100,100,0,True
1732936079,21297709,4769827719361319137515369,-194366,19,100,100,0,True
1732936091,21297710,4769827719361319137515369,-194366,19,100,100,0,True
1732936103,21297711,4769827719361319137515369,-194366,19,100,100,0,True
1732936115,21297712,4769813038255702973120408,-194366,19,100,100,0,True
1732936127,21297713,4769813038255702973120408,-194366,19,100,100,0,True
1732936139,21297714,4769813038255702973120408,-194366,19,100,100,0,True
1732936151,21297715,4769813038255702973120408,-194366,19,100,100,0,True
1732936163,21297716,4769813038255702973120408,-194366,19,100,100,0,True
1732936175,21297717,4769813038255702973120408,-194366,19,100,100,0,True
1732936187,21297718,4769813038255702973120408,-194366,19,100,100,0,True
1732936199,21297719,4769813038255702973120408,-194366,19,100,100,0,True
1732936211,21297720,4769813038255702973120408,-194366,19,100,100,0,True
1732936223,21297721,4769813038255702973120408,-194366,19,100,100,0,True
1732936235,21297722,4769813038255702973120408,-194366,19,100,100,0,True
1732936247,21297723,4769813038255702973120408,-194366,19,100,100,0,True
1732936259,21297724,4769813038255702973120408,-194366,19,100,100,0,True
1732936271,21297725,4769813038255702973120408,-194366,19,100,100,0,True
1732936283,21297726,4769813038255702973120408,-194366,19,100,100,0,True
1732936295,21297727,4769813038255702973120408,-194366,19,100,100,0,True
1732936307,21297728,4769813038255702973120408,-194366,19,100,100,0,True
1732936319,21297729,4769813038255702973120408,-194366,19,100,100,0,True
1732936331,21297730,4769813038255702973120408,-194366,19,100,100,0,True
1732936343,21297731,4769813038255702973120408,-194366,19,100,100,0,True
1732936355,21297732,4769813038255702973120408,-194366,20,100,100,0,True
1732936367,21297733,4769813038255702973120408,-194366,20,100,100,0,True
1732936379,21297734,4769813038255702973120408,-194366,20,100,100,0,True
1732936391,21297735,4769813038255702973120408,-194366,20,100,100,0,True
1732936403,21297736,4769813038255702973120408,-194366,20,100,100,0,True
1732936415,21297737,4769813038255702973120408,-194366,20,100,100,0,True
1732936427,21297738,4769813038255702973120408,-194366,20,100,100,0,True
1732936439,21297739,4769813038255702973120408,-194366,20,100,100,0,True
1732936451,21297740,4769813038255702973120408,-194366,20,100,100,0,True
1732936463,21297741,4769813038255702973120408,-194366,20,100,100,0,True
1732936475,21297742,4770967307703458744921312,-194361,21,100,100,0,True
1732936487,21297743,4770967307703458744921312,-194361,21,100,100,0,True
1732936499,21297744,4770967307703458744921312,-194361,21,100,100,0,True
1732936511,21297745,4770967307703458744921312,-194361,21,100,100,0,True
1732936523,21297746,4770967307703458744921312,-194361,21,100,100,0,True
1732936535,21297747,4770967307703458744921312,-194361,21,100,100,0,True
1732936547,21297748,4770967307703458744921312,-194361,21,100,100,0,True
1732936559,21297749,4770967307703458744921312,-194361,21,100,100,0,True
1732936571,21297750,4770967307703458744921312,-194361,21,100,100,0,True
1732936583,21297751,4770967307703458744921312,-194361,21,100,100,0,True
1732936595,21297752,4770967307703458744921312,-194361,21,100,100,0,True
1732936607,21297753,4770967307703458744921312,-194361,21,100,100,0,True
1732936619,21297754,4770967307703458744921312,-194361,21,100,100,0,True
1732936631,21297755,4770967307703458744921312,-194361,21,100,100,0,True
1732936643,21297756,4770967307703458744921312,-194361,21,100,100,0,True
1732936655,21297757,4770967307703458744921312,-194361,21,100,100,0,True
1732936667,21297758,4770967307703458744921312,-194361,21,100,100,0,True
1732936679,21297759,4770967307703458744921312,-194361,21,100,100,0,True
1732936691,21297760,4770967307703458744921312,-194361,21,100,100,0,True
1732936703,21297761,4770967307703458744921312,-194361,21,100,100,0,True
1732936715,21297762,4770967307703458744921312,-194361,21,100,100,0,True
1732936727,21297763,4770967307703458744921312,-194361,21,100,100,0,True
1732936739,21297764,4770967307703458744921312,-194361,21,100,100,0,True
1732936751,21297765,4770967307703458744921312,-194361,21,100,100,0,True
1732936763,21297766,4770967307703458744921312,-194361,21,100,100,0,True
1732936775,21297767,4770967307703458744921312,-194361,21,100,100,0,True
1732936787,21297768,4770967307703458744921312,-194361,21,100,100,0,True
1732936799,21297769,4770967307703458744921312,-194361,21,100,100,0,True
1732936811,21297770,4770967307703458744921312,-194361,21,100,100,0,True
1732936823,21297771,4770967307703458744921312,-194361,21,100,100,0,True
1732936835,21297772,4770967307703458744921312,-194361,21,100,100,0,True
1732936847,21297773,4770967307703458744921312,-194361,21,100,100,0,True
1732936859,21297774,4770967307703458744921312,-194361,21,100,100,0,True
1732936871,21297775,4770967307703458744921312,-194361,21,100,100,0,True
1732936883,21297776,4770967307703458744921312,-194361,21,100,100,0,True
1732936895,21297777,4770967307703458744921312,-194361,21,100,100,0,True
1732936907,21297778,4770967307703458744921312,-194361,21,100,100,0,True
1732936919,21297779,4770967307703458744921312,-194361,21,100,100,0,True
1732936931,21297780,4770967307703458744921312,-194361,21,100,100,0,True
1732936943,21297781,4770967307703458744921312,-194361,21,100,100,0,True
1732936955,21297782,4770967307703458744921312,-194361,21,100,100,0,True
1732936967,21297783,4770967307703458744921312,-194361,21,100,100,0,True
1732936979,21297784,4770967307703458744921312,-194361,21,100,100,0,True
1732936991,21297785,4770967307703458744921312,-194361,21,100,100,0,True
1732937003,21297786,4770967307703458744921312,-194361,21,100,100,0,True
1732937015,21297787,4770967307703458744921312,-194361,21,100,100,0,True
1732937027,21297788,4770967307703458744921312,-194361,21,100,100,0,True
1732937039,21297789,4770967307703458744921312,-194361,21,100,100,0,True
1732937051,21297790,4770967307703458744921312,-194361,22,100,100,0,True
1732937063,21297791,4770967307703458744921312,-194361,22,100,100,0,True
1732937075,21297792,4770967307703458744921312,-194361,22,100,100,0,True
1732937087,21297793,4770967307703458744921312,-194361,22,100,100,0,True
1732937099,21297794,4770967307703458744921312,-194361,22,100,100,0,True
1732937111,21297795,4770967307703458744921312,-194361,22,100,100,0,True
1732937123,21297796,4770967307703458744921312,-194361,22,100,100,0,True
1732937135,21297797,4770967307703458744921312,-194361,22,100,100,0,True
1732937147,21297798,4770967307703458744921312,-194361,22,100,100,0,True
1732937159,21297799,4770967307703458744921312,-194361,22,100,100,0,True
1732937171,21297800,4770967307703458744921312,-194361,22,100,100,0,True
1732937183,21297801,4770967307703458744921312,-194361,22,100,100,0,True
1732937195,21297802,4770967307703458744921312,-194361,22,100,100,0,True
1732937207,21297803,4770967307703458744921312,-194361,22,100,100,0,True
1732937219,21297804,4770967307703458744921312,-194361,22,100,100,0,True
1732937231,21297805,4770967307703458744921312,-194361,22,100,100,0,True
1732937243,21297806,4770967307703458744921312,-194361,22,100,100,0,True
1732937255,21297807,4770967307703458744921312,-194361,22,100,100,0,True
1732937267,21297808,4770967307703458744921312,-194361,22,100,100,0,True
1732937279,21297809,4770967307703458744921312,-194361,22,100,100,0,True
1732937291,21297810,4770967307703458744921312,-194361,22,100,100,0,True
1732937303,21297811,4770967307703458744921312,-194361,22,100,100,0,True
1732937315,21297812,4770967307703458744921312,-194361,22,100,100,0,True
1732937327,21297813,4770968406039971847432030,-194361,22,100,100,0,True
1732937339,21297814,4770968406039971847432030,-194361,22,100,100,0,True
1732937363,21297815,4770968406039971847432030,-194361,22,100,100,0,True
1732937375,21297816,4770968406039971847432030,-194361,22,100,100,0,True
1732937387,21297817,4770968406039971847432030,-194361,22,100,100,0,True
1732937399,21297818,4770968406039971847432030,-194361,22,100,100,0,True
1732937411,21297819,4770968406039971847432030,-194361,22,100,100,0,True
1732937423,21297820,4770968406039971847432030,-194361,22,100,100,0,True
1732937435,21297821,4770968406039971847432030,-194361,22,100,100,0,True
1732937447,21297822,4770968406039971847432030,-194361,22,100,100,0,True
1732937459,21297823,4770968406039971847432030,-194361,22,100,100,0,True
1732937471,21297824,4770968406039971847432030,-194361,22,100,100,0,True
1732937483,21297825,4770968406039971847432030,-194361,22,100,100,0,True
1732937495,21297826,4770968406039971847432030,-194361,22,100,100,0,True
1732937507,21297827,4770968406039971847432030,-194361,22,100,100,0,True
1732937519,21297828,4770972184261421999748964,-194361,22,100,100,0,True
1732937531,21297829,4771272133023467123127074,-194360,23,100,100,0,True
1732937543,21297830,4771272133023467123127074,-194360,23,100,100,0,True
1732937555,21297831,4771272133023467123127074,-194360,23,100,100,0,True
1732937567,21297832,4771272133023467123127074,-194360,23,100,100,0,True
1732937579,21297833,4771272133023467123127074,-194360,23,100,100,0,True
1732937591,21297834,4771272133023467123127074,-194360,23,100,100,0,True
1732937603,21297835,4771272133023467123127074,-194360,23,100,100,0,True
1732937615,21297836,4771272133023467123127074,-194360,23,100,100,0,True
1732937627,21297837,4771272133023467123127074,-194360,23,100,100,0,True
1732937639,21297838,4771760053917837251322004,-194358,24,100,100,0,True
1732937651,21297839,4771760053917837251322004,-194358,24,100,100,0,True
1732937663,21297840,4771760053917837251322004,-194358,24,100,100,0,True
1732937675,21297841,4771760053917837251322004,-194358,24,100,100,0,True
1732937687,21297842,4771760053917837251322004,-194358,24,100,100,0,True
1732937699,21297843,4771760053917837251322004,-194358,24,100,100,0,True
1732937711,21297844,4771760053917837251322004,-194358,24,100,100,0,True
1732937723,21297845,4771760053917837251322004,-194358,24,100,100,0,True
1732937735,21297846,4771760053917837251322004,-194358,24,100,100,0,True
1732937747,21297847,4771760053917837251322004,-194358,24,100,100,0,True
1732937759,21297848,4771760053917837251322004,-194358,24,100,100,0,True
1732937771,21297849,4771760053917837251322004,-194358,24,100,100,0,True
1732937783,21297850,4771760053917837251322004,-194358,24,100,100,0,True
1732937795,21297851,4771760053917837251322004,-194358,24,100,100,0,True
1732937807,21297852,4771760053917837251322004,-194358,24,100,100,0,True
1732937819,21297853,4771760053917837251322004,-194358,24,100,100,0,True
1732937831,21297854,4771760053917837251322004,-194358,24,100,100,0,True
1732937843,21297855,4771760053917837251322004,-194358,24,100,100,0,True
1732937855,21297856,4771758155022621908221008,-194358,24,100,100,0,True
1732937867,21297857,4771758155022621908221008,-194358,24,100,100,0,True
1732937879,21297858,4771758155022621908221008,-194358,24,100,100,0,True
1732937891,21297859,4771758155022621908221008,-194358,24,100,100,0,True
1732937903,21297860,4771758155022621908221008,-194358,24,100,100,0,True
1732937915,21297861,4771758155022621908221008,-194358,24,100,100,0,True
1732937927,21297862,4771758155022621908221008,-194358,24,100,100,0,True
1732937939,21297863,4771758155022621908221008,-194358,24,100,100,0,True
1732937951,21297864,4771758155022621908221008,-194358,24,100,100,0,True
1732937963,21297865,4771758155022621908221008,-194358,24,100,100,0,True
1732937975,21297866,4771758155022621908221008,-194358,24,100,100,0,True
1732937987,21297867,4771758155022621908221008,-194358,24,100,100,0,True
1732937999,21297868,4771758155022621908221008,-194358,24,100,100,0,True
1732938011,21297869,4771758155022621908221008,-194358,24,100,100,0,True
1732938023,21297870,4771758155022621908221008,-194358,24,100,100,0,True
1732938035,21297871,4771758155022621908221008,-194358,24,100,100,0,True
1732938047,21297872,4771758155022621908221008,-194358,24,100,100,0,True
1732938059,21297873,4771758155022621908221008,-194358,24,100,100,0,True
1732938071,21297874,4771758155022621908221008,-194358,24,100,100,0,True
1732938083,21297875,4771758155022621908221008,-194358,24,100,100,0,True
1732938095,21297876,4771758155022621908221008,-194358,24,100,100,0,True
1732938107,21297877,4771758155022621908221008,-194358,24,100,100,0,True
1732938119,21297878,4771758155022621908221008,-194358,24,100,100,0,True
1732938131,21297879,4771758155022621908221008,-194358,24,100,100,0,True
1732938143,21297880,4771758155022621908221008,-194358,24,100,100,0,True
1732938155,21297881,4771758155022621908221008,-194358,24,100,100,0,True
1732938167,21297882,4771758155022621908221008,-194358,24,100,100,0,True
1732938179,21297883,4771758155022621908221008,-194358,24,100,100,0,True
1732938191,21297884,4771758155022621908221008,-194358,24,100,100,0,True
1732938203,21297885,4771758155022621908221008,-194358,24,100,100,0,True
1732938215,21297886,4771758155022621908221008,-194358,24,100,100,0,True
1732938227,21297887,4771758155022621908221008,-194358,24,100,100,0,True
1732938239,21297888,4771758155022621908221008,-194358,24,100,100,0,True
1732938251,21297889,4771758155022621908221008,-194358,24,100,100,0,True
1732938263,21297890,4771758155022621908221008,-194358,24,100,100,0,True
1732938275,21297891,4771758155022621908221008,-194358,24,100,100,0,True
1732938287,21297892,4771758155022621908221008,-194358,24,100,100,0,True
1732938299,21297893,4771758155022621908221008,-194358,24,100,100,0,True
1732938311,21297894,4771758155022621908221008,-194358,24,100,100,0,True
1732938323,21297895,4771758155022621908221008,-194358,24,100,100,0,True
1732938335,21297896,4771754897082619829981613,-194358,24,100,100,0,True
1732938347,21297897,4771754897082619829981613,-194358,24,100,100,0,True
1732938359,21297898,4771754897082619829981613,-194358,24,100,100,0,True
1732938371,21297899,4771754897082619829981613,-194358,24,100,100,0,True
1732938383,21297900,4771757848009895548600791,-194358,24,100,100,0,True
1732938395,21297901,4771757848009895548600791,-194358,24,100,100,0,True
1732938407,21297902,4771757848009895548600791,-194358,24,100,100,0,True
1732938419,21297903,4773989171328852526292560,-194348,25,100,100,0,True
1732938431,21297904,4774762853934610581251442,-194345,26,100,100,0,True
1732938443,21297905,4775799866404129983744270,-194341,27,100,100,0,True
1732938455,21297906,4776248841665017017665892,-194339,28,100,100,0,True
1732938467,21297907,4776260792278590794324052,-194339,28,100,100,0,True
1732938479,21297908,4776260792278590794324052,-194339,28,100,100,0,True
1732938491,21297909,4776260792278590794324052,-194339,28,100,100,0,True
1732938503,21297910,4776260792278590794324052,-194339,28,100,100,0,True
1732938515,21297911,4776836815129742383228182,-194336,29,100,100,0,True
1732938527,21297912,4778106362807319302678333,-194331,30,100,100,0,True
1732938539,21297913,4778408852582636536729112,-194330,31,100,100,0,True
1732938551,21297914,4778408852582636536729112,-194330,31,100,100,0,True
1732938563,21297915,4778408852582636536729112,-194330,31,100,100,0,True
1732938575,21297916,4778408852582636536729112,-194330,31,100,100,0,True
1732938587,21297917,4778408852582636536729112,-194330,31,100,100,0,True
1732938599,21297918,4778408852582636536729112,-194330,31,100,100,0,True
1732938611,21297919,4778408852582636536729112,-194330,31,100,100,0,True
1732938623,21297920,4778408852582636536729112,-194330,31,100,100,0,True
1732938635,21297921,4778408852582636536729112,-194330,31,100,100,0,True
1732938647,21297922,4778408852582636536729112,-194330,31,100,100,0,True
1732938659,21297923,4778485469666015581531866,-194329,32,100,100,0,True
1732938671,21297924,4778485469666015581531866,-194329,32,100,100,0,True
1732938683,21297925,4778485469666015581531866,-194329,32,100,100,0,True
1732938695,21297926,4778485469666015581531866,-194329,32,100,100,0,True
1732938707,21297927,4778485469666015581531866,-194329,32,100,100,0,True
1732938719,21297928,4778485469666015581531866,-194329,32,100,100,0,True
1732938731,21297929,4779222549218145542545143,-194326,33,100,100,0,True
1732938743,21297930,4779222549218145542545143,-194326,33,100,100,0,True
1732938755,21297931,4779222549218145542545143,-194326,33,100,100,0,True
1732938767,21297932,4779222549218145542545143,-194326,33,100,100,0,True
1732938779,21297933,4780129539977115749888170,-194323,34,100,100,0,True
1732938791,21297934,4780649563954877415841689,-194320,35,100,100,0,True
1732938803,21297935,4781253007552322963255730,-194318,36,100,100,0,True
1732938815,21297936,4781253007552322963255730,-194318,36,100,100,0,True
1732938827,21297937,4781253007552322963255730,-194318,36,100,100,0,True
1732938839,21297938,4781253007552322963255730,-194318,36,100,100,0,True
1732938851,21297939,4781253007552322963255730,-194318,36,100,100,0,True
1732938863,21297940,4781253007552322963255730,-194318,36,100,100,0,True
1732938875,21297941,4781253007552322963255730,-194318,36,100,100,0,True
1732938887,21297942,4781253007552322963255730,-194318,36,100,100,0,True
1732938899,21297943,4781253007552322963255730,-194318,36,100,100,0,True
1732938911,21297944,4781253007552322963255730,-194318,36,100,100,0,True
1732938923,21297945,4781253007552322963255730,-194318,36,100,100,0,True
1732938935,21297946,4781253007552322963255730,-194318,37,100,100,0,True
1732938947,21297947,4781253007552322963255730,-194318,37,100,100,0,True
1732938959,21297948,4781253007552322963255730,-194318,37,100,100,0,True
1732938971,21297949,4781253007552322963255730,-194318,37,100,100,0,True
1732938983,21297950,4781253007552322963255730,-194318,37,100,100,0,True
1732938995,21297951,4781253007552322963255730,-194318,37,100,100,0,True
1732939007,21297952,4781253007552322963255730,-194318,37,100,100,0,True
1732939019,21297953,4781253007552322963255730,-194318,37,100,100,0,True
1732939031,21297954,4781253007552322963255730,-194318,37,100,100,0,True
1732939043,21297955,4781253007552322963255730,-194318,37,100,100,0,True
1732939055,21297956,4782317294028637564372160,-194313,38,100,100,0,True
1732939067,21297957,4782675154545645083754083,-194312,39,100,100,0,True
1732939079,21297958,4782675154545645083754083,-194312,39,100,100,0,True
1732939091,21297959,4783557702658473447921275,-194308,40,100,100,0,True
1732939103,21297960,4784049531054082169565108,-194306,41,100,100,0,True
1732939115,21297961,4784340467017918141364826,-194305,42,100,100,0,True
1732939127,21297962,4785522103929733738300847,-194300,43,100,100,0,True
1732939139,21297963,4785522103929733738300847,-194300,43,100,100,0,True
1732939151,21297964,4785522103929733738300847,-194300,43,100,100,0,True
1732939163,21297965,4785913426774506834677289,-194298,44,100,100,0,True
1732939175,21297966,4785913426774506834677289,-194298,44,100,100,0,True
1732939187,21297967,4785913426774506834677289,-194298,44,100,100,0,True
1732939199,21297968,4785913426774506834677289,-194298,44,100,100,0,True
1732939211,21297969,4785913426774506834677289,-194298,44,100,100,0,True
1732939223,21297970,4786618690842800768458477,-194295,45,100,100,0,True
1732939235,21297971,4787332088154836023675167,-194292,46,100,100,0,True
1732939247,21297972,4788018762064229559487219,-194290,47,100,100,0,True
1732939259,21297973,4788018762064229559487219,-194290,47,100,100,0,True
1732939271,21297974,4788018762064229559487219,-194290,47,100,100,0,True
1732939283,21297975,4788970345776373685686493,-194286,48,100,100,0,True
1732939295,21297976,4789558956653205998334223,-194283,49,100,100,0,True
1732939307,21297977,4789558956653205998334223,-194283,49,100,100,0,True
1732939319,21297978,4790100859764528174037003,-194281,50,100,100,0,True
1732939331,21297979,4790100859764528174037003,-194281,50,100,100,0,True
1732939343,21297980,4790100859764528174037003,-194281,50,100,100,0,True
1732939355,21297981,4790760809110432763547040,-194278,51,100,100,0,True
1732939367,21297982,4790760809110432763547040,-194278,51,100,100,0,True
1732939379,21297983,4790760809110432763547040,-194278,51,100,100,0,True
1732939391,21297984,4790760809110432763547040,-194278,51,100,100,0,True
1732939403,21297985,4790760809110432763547040,-194278,51,100,100,0,True
1732939415,21297986,4790760809110432763547040,-194278,51,100,100,0,True
1732939427,21297987,4790760809110432763547040,-194278,51,100,100,0,True
1732939439,21297988,4790760809110432763547040,-194278,51,100,100,0,True
1732939451,21297989,4790760809110432763547040,-194278,51,100,100,0,True
1732939463,21297990,4790760809110432763547040,-194278,51,100,100,0,True
1732939475,21297991,4790760809110432763547040,-194278,51,100,100,0,True
1732939487,21297992,4790760809110432763547040,-194278,51,100,100,0,True
1732939499,21297993,4790760809110432763547040,-194278,51,100,100,0,True
1732939511,21297994,4790760809110432763547040,-194278,51,100,100,0,True
1732939523,21297995,4790760809110432763547040,-194278,51,100,100,0,True
1732939535,21297996,4790760809110432763547040,-194278,51,100,100,0,True
1732939547,21297997,4790760809110432763547040,-194278,51,100,100,0,True
1732939559,21297998,4790760809110432763547040,-194278,51,100,100,0,True
1732939571,21297999,4790760809110432763547040,-194278,51,100,100,0,True
1732939583,21298000,4790760809110432763547040,-194278,51,100,100,0,True
1732939595,21298001,4790760809110432763547040,-194278,51,100,100,0,True
1732939607,21298002,4790760809110432763547040,-194278,51,100,100,0,True
1732939619,21298003,4790760809110432763547040,-194278,51,100,100,0,True
1732939631,21298004,4790760809110432763547040,-194278,51,100,100,0,True
1732939643,21298005,4790760809110432763547040,-194278,51,100,100,0,True
1732939655,21298006,4790760809110432763547040,-194278,51,100,100,0,True
1732939667,21298007,4790760809110432763547040,-194278,51,100,100,0,True
1732939679,21298008,4790760809110432763547040,-194278,51,100,100,0,True
1732939691,21298009,4790760809110432763547040,-194278,51,100,100,0,True
1732939703,21298010,4790760809110432763547040,-194278,51,100,100,0,True
1732939715,21298011,4790760809110432763547040,-194278,51,100,100,0,True
1732939727,21298012,4790760809110432763547040,-194278,51,100,100,0,True
1732939739,21298013,4790760809110432763547040,-194278,51,100,100,0,True
1732939751,21298014,4790760809110432763547040,-194278,51,100,100,0,True
1732939763,21298015,4790760809110432763547040,-194278,51,100,100,0,True
1732939775,21298016,4789808379132589737089666,-194282,52,100,100,0,True
1732939787,21298017,4789808379132589737089666,-194282,52,100,100,0,True
1732939799,21298018,4789808379132589737089666,-194282,52,100,100,0,True
1732939811,21298019,4789808379132589737089666,-194282,52,100,100,0,True
1732939823,21298020,4789808379132589737089666,-194282,52,100,100,0,True
1732939835,21298021,4789808379132589737089666,-194282,52,100,100,0,True
1732939847,21298022,4789808379132589737089666,-194282,52,100,100,0,True
1732939859,21298023,4789808379132589737089666,-194282,52,100,100,0,True
1732939871,21298024,4789808379132589737089666,-194282,52,100,100,0,True
1732939883,21298025,4789808379132589737089666,-194282,52,100,100,0,True
1732939895,21298026,4789808379132589737089666,-194282,52,100,100,0,True
1732939907,21298027,4789808379132589737089666,-194282,52,100,100,0,True
1732939919,21298028,4789808379132589737089666,-194282,52,100,100,0,True
1732939931,21298029,4789808379132589737089666,-194282,52,100,100,0,True
1732939943,21298030,4789808379132589737089666,-194282,52,100,100,0,True
1732939955,21298031,4789808379132589737089666,-194282,52,100,100,0,True
1732939967,21298032,4789808379132589737089666,-194282,52,100,100,0,True
1732939979,21298033,4789808379132589737089666,-194282,52,100,100,0,True
1732939991,21298034,4789808379132589737089666,-194282,52,100,100,0,True
1732940003,21298035,4789808379132589737089666,-194282,52,100,100,0,True
1732940015,21298036,4789808379132589737089666,-194282,52,100,100,0,True
1732940027,21298037,4789808379132589737089666,-194282,52,100,100,0,True
1732940039,21298038,4789808379132589737089666,-194282,52,100,100,0,True
1732940051,21298039,4789808379132589737089666,-194282,52,100,100,0,True
1732940063,21298040,4789808379132589737089666,-194282,52,100,100,0,True
1732940075,21298041,4789808379132589737089666,-194282,52,100,100,0,True
1732940087,21298042,4789808379132589737089666,-194282,52,100,100,0,True
1732940099,21298043,4789800627574715580091785,-194282,52,100,100,0,True
1732940111,21298044,4789800627574715580091785,-194282,52,100,100,0,True
1732940123,21298045,4789800627574715580091785,-194282,52,100,100,0,True
1732940135,21298046,4789800627574715580091785,-194282,52,100,100,0,True
1732940147,21298047,4789800627574715580091785,-194282,52,100,100,0,True
1732940159,21298048,4789800627574715580091785,-194282,52,100,100,0,True
1732940171,21298049,4789800627574715580091785,-194282,52,100,100,0,True
1732940183,21298050,4789800627574715580091785,-194282,52,100,100,0,True
1732940207,21298051,4789800627574715580091785,-194282,52,100,100,0,True
1732940219,21298052,4789286473150462287532390,-194284,53,100,100,0,True
1732940231,21298053,4789286473150462287532390,-194284,53,100,100,0,True
1732940243,21298054,4788816875662624778461336,-194286,54,100,100,0,True
1732940255,21298055,4788816875662624778461336,-194286,54,100,100,0,True
1732940267,21298056,4788816875662624778461336,-194286,54,100,100,0,True
1732940279,21298057,4788816875662624778461336,-194286,54,100,100,0,True
1732940291,21298058,4788816875662624778461336,-194286,54,100,100,0,True
1732940303,21298059,4788816875662624778461336,-194286,54,100,100,0,True
1732940315,21298060,4788816875662624778461336,-194286,54,100,100,0,True
1732940327,21298061,4788816875662624778461336,-194286,54,100,100,0,True
1732940339,21298062,4788816875662624778461336,-194286,54,100,100,0,True
1732940351,21298063,4788816875662624778461336,-194286,54,100,100,0,True
1732940363,21298064,4788816875662624778461336,-194286,54,100,100,0,True
1732940375,21298065,4788816875662624778461336,-194286,55,100,100,0,True
1732940387,21298066,4788816875662624778461336,-194286,55,100,100,0,True
1732940399,21298067,4788816875662624778461336,-194286,55,100,100,0,True
1732940411,21298068,4788816875662624778461336,-194286,55,100,100,0,True
1732940423,21298069,4788816875662624778461336,-194286,55,100,100,0,True
1732940435,21298070,4788816875662624778461336,-194286,55,100,100,0,True
1732940447,21298071,4788813397083634254043778,-194286,55,100,100,0,True
1732940459,21298072,4788813397083634254043778,-194286,55,100,100,0,True
1732940471,21298073,4788813397083634254043778,-194286,55,100,100,0,True
1732940483,21298074,4788813397083634254043778,-194286,55,100,100,0,True
1732940495,21298075,4788813397083634254043778,-194286,55,100,100,0,True
1732940507,21298076,4788813397083634254043778,-194286,55,100,100,0,True
1732940519,21298077,4788813397083634254043778,-194286,55,100,100,0,True
1732940531,21298078,4788813397083634254043778,-194286,55,100,100,0,True
1732940543,21298079,4788813397083634254043778,-194286,55,100,100,0,True
1732940555,21298080,4788813397083634254043778,-194286,55,100,100,0,True
1732940567,21298081,4788813397083634254043778,-194286,55,100,100,0,True
1732940591,21298082,4788813397083634254043778,-194286,55,100,100,0,True
1732940603,21298083,4788813397083634254043778,-194286,55,100,100,0,True
1732940615,21298084,4788813397083634254043778,-194286,55,100,100,0,True
1732940627,21298085,4788813397083634254043778,-194286,55,100,100,0,True
1732940639,21298086,4788813397083634254043778,-194286,55,100,100,0,True
1732940651,21298087,4788813397083634254043778,-194286,55,100,100,0,True
1732940663,21298088,4788813397083634254043778,-194286,55,100,100,0,True
1732940675,21298089,4788810788152707819365105,-194286,55,100,100,0,True
1732940687,21298090,4788810788152707819365105,-194286,55,100,100,0,True
1732940699,21298091,4788810788152707819365105,-194286,55,100,100,0,True
1732940711,21298092,4788810788152707819365105,-194286,55,100,100,0,True
1732940723,21298093,4788810788152707819365105,-194286,55,100,100,0,True
1732940735,21298094,4788810788152707819365105,-194286,55,100,100,0,True
1732940747,21298095,4788810788152707819365105,-194286,55,100,100,0,True
1732940759,21298096,4788810788152707819365105,-194286,55,100,100,0,True
1732940771,21298097,4788810788152707819365105,-194286,55,100,100,0,True
1732940783,21298098,4788810788152707819365105,-194286,55,100,100,0,True
1732940795,21298099,4788810788152707819365105,-194286,55,100,100,0,True
1732940807,21298100,4788810788152707819365105,-194286,55,100,100,0,True
1732940819,21298101,4788810788152707819365105,-194286,55,100,100,0,True
1732940831,21298102,4788810788152707819365105,-194286,55,100,100,0,True
1732940843,21298103,4788810788152707819365105,-194286,55,100,100,0,True
1732940855,21298104,4788810788152707819365105,-194286,55,100,100,0,True
1732940867,21298105,4788810788152707819365105,-194286,55,100,100,0,True
1732940879,21298106,4788810788152707819365105,-194286,55,100,100,0,True
1732940891,21298107,4788175717633555091685374,-194289,56,100,100,0,True
1732940903,21298108,4787231692953937703256733,-194293,57,100,100,0,True
1732940915,21298109,4787231692953937703256733,-194293,57,100,100,0,True
1732940927,21298110,4787231692953937703256733,-194293,57,100,100,0,True
1732940939,21298111,4787231692953937703256733,-194293,57,100,100,0,True
1732940951,21298112,4787231692953937703256733,-194293,57,100,100,0,True
1732940963,21298113,4787231692953937703256733,-194293,57,100,100,0,True
1732940975,21298114,4787231692953937703256733,-194293,57,100,100,0,True
1732940987,21298115,4787228691871181289416018,-194293,57,100,100,0,True
1732941011,21298116,4787228691871181289416018,-194293,57,100,100,0,True
1732941023,21298117,4787228691871181289416018,-194293,57,100,100,0,True
1732941035,21298118,4787228691871181289416018,-194293,57,100,100,0,True
1732941047,21298119,4787228691871181289416018,-194293,57,100,100,0,True
1732941059,21298120,4787228691871181289416018,-194293,57,100,100,0,True
1732941071,21298121,4787228691871181289416018,-194293,57,100,100,0,True
1732941083,21298122,4787228691871181289416018,-194293,57,100,100,0,True
1732941095,21298123,4787228691871181289416018,-194293,57,100,100,0,True
1732941107,21298124,4787228691871181289416018,-194293,57,100,100,0,True
1732941119,21298125,4787228691871181289416018,-194293,57,100,100,0,True
1732941131,21298126,4787228691871181289416018,-194293,57,100,100,0,True
1732941143,21298127,4787228691871181289416018,-194293,57,100,100,0,True
1732941155,21298128,4787228691871181289416018,-194293,57,100,100,0,True
1732941167,21298129,4787228691871181289416018,-194293,57,100,100,0,True
1732941179,21298130,4787228691871181289416018,-194293,57,100,100,0,True
1732941191,21298131,4787228691871181289416018,-194293,57,100,100,0,True
1732941203,21298132,4787228691871181289416018,-194293,57,100,100,0,True
1732941215,21298133,4787228691871181289416018,-194293,57,100,100,0,True
1732941227,21298134,4787228691871181289416018,-194293,57,100,100,0,True
1732941239,21298135,4787228691871181289416018,-194293,57,100,100,0,True
1732941251,21298136,4787228691871181289416018,-194293,57,100,100,0,True
1732941263,21298137,4787228691871181289416018,-194293,57,100,100,0,True
1732941275,21298138,4787228691871181289416018,-194293,57,100,100,0,True
1732941287,21298139,4786357668534832389324379,-194297,58,100,100,0,True
1732941299,21298140,4786357668534832389324379,-194297,58,100,100,0,True
1732941311,21298141,4786357668534832389324379,-194297,58,100,100,0,True
1732941323,21298142,4784949972534545149291424,-194302,59,100,100,0,True
1732941335,21298143,4784949972534545149291424,-194302,59,100,100,0,True
1732941347,21298144,4784269258177131208287789,-194305,60,100,100,0,True
1732941359,21298145,4784269258177131208287789,-194305,60,100,100,0,True
1732941371,21298146,4784269258177131208287789,-194305,60,100,100,0,True
1732941383,21298147,4784269258177131208287789,-194305,60,100,100,0,True
1732941395,21298148,4784269258177131208287789,-194305,60,100,100,0,True
1732941407,21298149,4784269258177131208287789,-194305,60,100,100,0,True
1732941419,21298150,4784269258177131208287789,-194305,60,100,100,0,True
1732941431,21298151,4784268372132678875560387,-194305,60,100,100,0,True
1732941443,21298152,4784268372132678875560387,-194305,60,100,100,0,True
1732941455,21298153,4784268372132678875560387,-194305,60,100,100,0,True
1732941467,21298154,4784268372132678875560387,-194305,60,100,100,0,True
1732941479,21298155,4784268372132678875560387,-194305,60,100,100,0,True
1732941491,21298156,4784268372132678875560387,-194305,60,100,100,0,True
1732941503,21298157,4784268372132678875560387,-194305,60,100,100,0,True
1732941515,21298158,4784268372132678875560387,-194305,60,100,100,0,True
1732941527,21298159,4784268372132678875560387,-194305,60,100,100,0,True
1732941539,21298160,4784268372132678875560387,-194305,60,100,100,0,True
1732941551,21298161,4784268372132678875560387,-194305,60,100,100,0,True
1732941563,21298162,4784268372132678875560387,-194305,60,100,100,0,True
1732941575,21298163,4784268372132678875560387,-194305,60,100,100,0,True
1732941587,21298164,4784268372132678875560387,-194305,60,100,100,0,True
1732941599,21298165,4784268372132678875560387,-194305,60,100,100,0,True
1732941611,21298166,4784268372132678875560387,-194305,60,100,100,0,True
1732941623,21298167,4784268372132678875560387,-194305,60,100,100,0,True
1732941635,21298168,4784268372132678875560387,-194305,60,100,100,0,True
1732941647,21298169,4784268372132678875560387,-194305,60,100,100,0,True
1732941659,21298170,4784268372132678875560387,-194305,60,100,100,0,True
1732941671,21298171,4784268372132678875560387,-194305,60,100,100,0,True
1732941683,21298172,4784268372132678875560387,-194305,60,100,100,0,True
1732941695,21298173,4784268372132678875560387,-194305,60,100,100,0,True
1732941707,21298174,4784268372132678875560387,-194305,60,100,100,0,True
1732941719,21298175,4784268372132678875560387,-194305,60,100,100,0,True
1732941731,21298176,4784268372132678875560387,-194305,60,100,100,0,True
1732941743,21298177,4784268372132678875560387,-194305,60,100,100,0,True
1732941755,21298178,4784268372132678875560387,-194305,60,100,100,0,True
1732941767,21298179,4784268372132678875560387,-194305,60,100,100,0,True
1732941779,21298180,4784268372132678875560387,-194305,60,100,100,0,True
1732941791,21298181,4784268372132678875560387,-194305,60,100,100,0,True
1732941803,21298182,4784268372132678875560387,-194305,60,100,100,0,True
1732941815,21298183,4784268372132678875560387,-194305,60,100,100,0,True
1732941827,21298184,4784268372132678875560387,-194305,60,100,100,0,True
1732941839,21298185,4784268372132678875560387,-194305,60,100,100,0,True
1732941851,21298186,4784268372132678875560387,-194305,60,100,100,0,True
1732941863,21298187,4784268372132678875560387,-194305,60,100,100,0,True
1732941875,21298188,4784268372132678875560387,-194305,60,100,100,0,True
1732941887,21298189,4784268372132678875560387,-194305,60,100,100,0,True
1732941899,21298190,4784268372132678875560387,-194305,60,100,100,0,True
1732941911,21298191,4784268372132678875560387,-194305,60,100,100,0,True
1732941923,21298192,4784267881591832384794445,-194305,60,100,100,0,True
1732941935,21298193,4784267881591832384794445,-194305,60,100,100,0,True
1732941947,21298194,4784267881591832384794445,-194305,60,100,100,0,True
1732941959,21298195,4784267881591832384794445,-194305,60,100,100,0,True
1732941971,21298196,4784267881591832384794445,-194305,60,100,100,0,True
1732941983,21298197,4784267881591832384794445,-194305,60,100,100,0,True
1732941995,21298198,4784267881591832384794445,-194305,60,100,100,0,True
1732942007,21298199,4784267881591832384794445,-194305,60,100,100,0,True
1732942019,21298200,4784267881591832384794445,-194305,60,100,100,0,True
1732942031,21298201,4784267881591832384794445,-194305,60,100,100,0,True
1732942043,21298202,4784267881591832384794445,-194305,60,100,100,0,True
1732942055,21298203,4784267881591832384794445,-194305,60,100,100,0,True
1732942067,21298204,4784267881591832384794445,-194305,60,100,100,0,True
1732942079,21298205,4784267881591832384794445,-194305,60,100,100,0,True
1732942091,21298206,4784267881591832384794445,-194305,60,100,100,0,True
1732942103,21298207,4784267881591832384794445,-194305,60,100,100,0,True
1732942115,21298208,4784267881591832384794445,-194305,60,100,100,0,True
1732942127,21298209,4784267881591832384794445,-194305,60,100,100,0,True
1732942139,21298210,4784267881591832384794445,-194305,60,100,100,0,True
1732942151,21298211,4784267881591832384794445,-194305,60,100,100,0,True
1732942163,21298212,4784267881591832384794445,-194305,60,100,100,0,True
1732942175,21298213,4784267881591832384794445,-194305,60,100,100,0,True
1732942187,21298214,4784267881591832384794445,-194305,60,100,100,0,True
1732942199,21298215,4784267881591832384794445,-194305,60,100,100,0,True
1732942211,21298216,4784267881591832384794445,-194305,60,100,100,0,True
1732942223,21298217,4784267881591832384794445,-194305,60,100,100,0,True
1732942235,21298218,4784267881591832384794445,-194305,60,100,100,0,True
1732942247,21298219,4784267881591832384794445,-194305,60,100,100,0,True
1732942259,21298220,4784267881591832384794445,-194305,60,100,100,0,True
1732942271,21298221,4784268592866520445219299,-194305,60,100,100,0,True
1732942283,21298222,4784268592866520445219299,-194305,60,100,100,0,True
1732942295,21298223,4784268592866520445219299,-194305,60,100,100,0,True
1732942307,21298224,4784268592866520445219299,-194305,60,100,100,0,True
1732942319,21298225,4784268592866520445219299,-194305,60,100,100,0,True
1732942331,21298226,4784268592866520445219299,-194305,60,100,100,0,True
1732942343,21298227,4784268592866520445219299,-194305,60,100,100,0,True
1732942355,21298228,4784268592866520445219299,-194305,60,100,100,0,True
1732942367,21298229,4784268592866520445219299,-194305,60,100,100,0,True
1732942379,21298230,4784268592866520445219299,-194305,60,100,100,0,True
1732942391,21298231,4784268592866520445219299,-194305,60,100,100,0,True
1732942403,21298232,4784268592866520445219299,-194305,60,100,100,0,True
1732942415,21298233,4784268592866520445219299,-194305,60,100,100,0,True
1732942427,21298234,4784268592866520445219299,-194305,60,100,100,0,True
1732942439,21298235,4784268592866520445219299,-194305,60,100,100,0,True
1732942451,21298236,4784268592866520445219299,-194305,60,100,100,0,True
1732942463,21298237,4784268592866520445219299,-194305,60,100,100,0,True
1732942475,21298238,4784268592866520445219299,-194305,60,100,100,0,True
1732942487,21298239,4784268592866520445219299,-194305,60,100,100,0,True
1732942499,21298240,4784268592866520445219299,-194305,60,100,100,0,True
1732942511,21298241,4784268592866520445219299,-194305,60,100,100,0,True
1732942523,21298242,4784268592866520445219299,-194305,60,100,100,0,True
1732942535,21298243,4784262516914594227957960,-194305,60,100,100,0,True
1732942547,21298244,4784262516914594227957960,-194305,60,100,100,0,True
1732942559,21298245,4784262516914594227957960,-194305,60,100,100,0,True
1732942571,21298246,4784262516914594227957960,-194305,60,100,100,0,True
1732942583,21298247,4784262516914594227957960,-194305,60,100,100,0,True
1732942595,21298248,4784262516914594227957960,-194305,60,100,100,0,True
1732942607,21298249,4784262516914594227957960,-194305,60,100,100,0,True
1732942619,21298250,4784262516914594227957960,-194305,60,100,100,0,True
1732942631,21298251,4784262516914594227957960,-194305,60,100,100,0,True
1732942643,21298252,4784262516914594227957960,-194305,60,100,100,0,True
1732942655,21298253,4784262516914594227957960,-194305,60,100,100,0,True
1732942667,21298254,4784262516914594227957960,-194305,60,100,100,0,True
1732942679,21298255,4784262516914594227957960,-194305,60,100,100,0,True
1732942691,21298256,4784262516914594227957960,-194305,60,100,100,0,True
1732942703,21298257,4784262516914594227957960,-194305,60,100,100,0,True
1732942715,21298258,4784262516914594227957960,-194305,60,100,100,0,True
1732942727,21298259,4784262516914594227957960,-194305,60,100,100,0,True
1732942739,21298260,4784262516914594227957960,-194305,60,100,100,0,True
1732942751,21298261,4784262516914594227957960,-194305,60,100,100,0,True
1732942763,21298262,4784262516914594227957960,-194305,60,100,100,0,True
1732942775,21298263,4784262516914594227957960,-194305,60,100,100,0,True
1732942787,21298264,4784262516914594227957960,-194305,60,100,100,0,True
1732942799,21298265,4784262516914594227957960,-194305,60,100,100,0,True
1732942811,21298266,4784262516914594227957960,-194305,60,100,100,0,True
1732942823,21298267,4784262516914594227957960,-194305,60,100,100,0,True
1732942835,21298268,4784262516914594227957960,-194305,60,100,100,0,True
1732942847,21298269,4784262516914594227957960,-194305,60,100,100,0,True
1732942859,21298270,4784262516914594227957960,-194305,60,100,100,0,True
1732942871,21298271,4784262516914594227957960,-194305,60,100,100,0,True
1732942883,21298272,4784262516914594227957960,-194305,60,100,100,0,True
1732942895,21298273,4784262516914594227957960,-194305,60,100,100,0,True
1732942907,21298274,4784262516914594227957960,-194305,60,100,100,0,True
1732942919,21298275,4784262516914594227957960,-194305,60,100,100,0,True
1732942931,21298276,4784262516914594227957960,-194305,60,100,100,0,True
1732942943,21298277,4784262516914594227957960,-194305,60,100,100,0,True
1732942955,21298278,4784262516914594227957960,-194305,60,100,100,0,True
1732942967,21298279,4784262516914594227957960,-194305,60,100,100,0,True
1732942979,21298280,4784262516914594227957960,-194305,60,100,100,0,True
1732942991,21298281,4784262516914594227957960,-194305,60,100,100,0,True
1732943003,21298282,4784262516914594227957960,-194305,60,100,100,0,True
1732943015,21298283,4784262516914594227957960,-194305,60,100,100,0,True
1732943027,21298284,4784262516914594227957960,-194305,60,100,100,0,True
1732943039,21298285,4784262516914594227957960,-194305,60,100,100,0,True
1732943051,21298286,4784262516914594227957960,-194305,60,100,100,0,True
1732943063,21298287,4784262516914594227957960,-194305,60,100,100,0,True
1732943075,21298288,4784262516914594227957960,-194305,60,100,100,0,True
1732943087,21298289,4784267573031364698376704,-194305,60,100,100,0,True
1732943099,21298290,4784267573031364698376704,-194305,60,100,100,0,True
1732943111,21298291,4784267573031364698376704,-194305,60,100,100,0,True
1732943123,21298292,4784267573031364698376704,-194305,60,100,100,0,True
1732943135,21298293,4784267573031364698376704,-194305,60,100,100,0,True
1732943147,21298294,4784267573031364698376704,-194305,60,100,100,0,True
1732943159,21298295,4784267573031364698376704,-194305,60,100,100,0,True
1732943171,21298296,4784267573031364698376704,-194305,60,100,100,0,True
1732943183,21298297,4784267573031364698376704,-194305,60,100,100,0,True
1732943195,21298298,4784267573031364698376704,-194305,60,100,100,0,True
1732943207,21298299,4784267573031364698376704,-194305,60,100,100,0,True
1732943219,21298300,4784267573031364698376704,-194305,60,100,100,0,True
1732943231,21298301,4784267573031364698376704,-194305,60,100,100,0,True
1732943243,21298302,4784267573031364698376704,-194305,60,100,100,0,True
1732943255,21298303,4784267573031364698376704,-194305,60,100,100,0,True
1732943267,21298304,4784267573031364698376704,-194305,60,100,100,0,True
1732943279,21298305,4784267573031364698376704,-194305,60,100,100,0,True
1732943303,21298306,4784247628040294260190921,-194305,60,100,100,0,True
1732943315,21298307,4784247628040294260190921,-194305,60,100,100,0,True
1732943327,21298308,4784247628040294260190921,-194305,60,100,100,0,True
1732943339,21298309,4784247628040294260190921,-194305,60,100,100,0,True
1732943351,21298310,4784247628040294260190921,-194305,60,100,100,0,True
1732943363,21298311,4784247628040294260190921,-194305,60,100,100,0,True
1732943375,21298312,4784247628040294260190921,-194305,60,100,100,0,True
1732943387,21298313,4784247628040294260190921,-194305,60,100,100,0,True
1732943399,21298314,4784247628040294260190921,-194305,60,100,100,0,True
1732943411,21298315,4784247628040294260190921,-194305,60,100,100,0,True
1732943423,21298316,4784247628040294260190921,-194305,60,100,100,0,True
1732943435,21298317,4784247628040294260190921,-194305,60,100,100,0,True
1732943447,21298318,4784247628040294260190921,-194305,60,100,100,0,True
1732943459,21298319,4784247628040294260190921,-194305,60,100,100,0,True
1732943471,21298320,4784247628040294260190921,-194305,60,100,100,0,True
1732943483,21298321,4784247628040294260190921,-194305,60,100,100,0,True
1732943495,21298322,4784247628040294260190921,-194305,60,100,100,0,True
1732943507,21298323,4784247628040294260190921,-194305,60,100,100,0,True
1732943519,21298324,4784247628040294260190921,-194305,60,100,100,0,True
1732943531,21298325,4784247628040294260190921,-194305,60,100,100,0,True
1732943543,21298326,4784247628040294260190921,-194305,60,100,100,0,True
1732943555,21298327,4784247628040294260190921,-194305,60,100,100,0,True
1732943567,21298328,4784247628040294260190921,-194305,60,100,100,0,True
1732943579,21298329,4784247628040294260190921,-194305,60,100,100,0,True
1732943591,21298330,4784247628040294260190921,-194305,60,100,100,0,True
1732943603,21298331,4784247628040294260190921,-194305,60,100,100,0,True
1732943615,21298332,4784247628040294260190921,-194305,60,100,100,0,True
1732943627,21298333,4784247628040294260190921,-194305,60,100,100,0,True
1732943639,21298334,4784247628040294260190921,-194305,60,100,100,0,True
1732943651,21298335,4784247628040294260190921,-194305,60,100,100,0,True
1732943663,21298336,4784247628040294260190921,-194305,60,100,100,0,True
1732943675,21298337,4784246738354166506237054,-194305,60,100,100,0,True
1732943687,21298338,4784246738354166506237054,-194305,60,100,100,0,True
1732943699,21298339,4784246738354166506237054,-194305,60,100,100,0,True
1732943711,21298340,4784246738354166506237054,-194305,60,100,100,0,True
1732943723,21298341,4784246738354166506237054,-194305,60,100,100,0,True
1732943735,21298342,4784246738354166506237054,-194305,60,100,100,0,True
1732943747,21298343,4784246738354166506237054,-194305,60,100,100,0,True
1732943759,21298344,4784246738354166506237054,-194305,60,100,100,0,True
1732943771,21298345,4784246738354166506237054,-194305,60,100,100,0,True
1732943783,21298346,4784246738354166506237054,-194305,60,100,100,0,True
1732943795,21298347,4784246738354166506237054,-194305,60,100,100,0,True
1732943807,21298348,4784246738354166506237054,-194305,60,100,100,0,True
1732943819,21298349,4784246738354166506237054,-194305,60,100,100,0,True
1732943831,21298350,4784246738354166506237054,-194305,60,100,100,0,True
1732943843,21298351,4784246738354166506237054,-194305,60,100,100,0,True
1732943855,21298352,4784246738354166506237054,-194305,60,100,100,0,True
1732943867,21298353,4784246738354166506237054,-194305,60,100,100,0,True
1732943879,21298354,4784246738354166506237054,-194305,60,100,100,0,True
1732943891,21298355,4784246738354166506237054,-194305,60,100,100,0,True
1732943915,21298356,4784246738354166506237054,-194305,60,100,100,0,True
1732943927,21298357,4784246738354166506237054,-194305,60,100,100,0,True
1732943939,21298358,4784246738354166506237054,-194305,60,100,100,0,True
1732943951,21298359,4784246738354166506237054,-194305,60,100,100,0,True
1732943963,21298360,4784246738354166506237054,-194305,60,100,100,0,True
1732943975,21298361,4784246738354166506237054,-194305,60,100,100,0,True
1732943987,21298362,4784246738354166506237054,-194305,60,100,100,0,True
1732943999,21298363,4784246738354166506237054,-194305,60,100,100,0,True
1732944011,21298364,4784246738354166506237054,-194305,60,100,100,0,True
1732944023,21298365,4784246738354166506237054,-194305,60,100,100,0,True
1732944035,21298366,4784246738354166506237054,-194305,60,100,100,0,True
1732944047,21298367,4784250081608182593135277,-194305,60,100,100,0,True
1732944059,21298368,4784250081608182593135277,-194305,60,100,100,0,True
1732944071,21298369,4784250081608182593135277,-194305,60,100,100,0,True
1732944083,21298370,4784250081608182593135277,-194305,60,100,100,0,True
1732944095,21298371,4784250081608182593135277,-194305,60,100,100,0,True
1732944107,21298372,4784250081608182593135277,-194305,60,100,100,0,True
1732944119,21298373,4784250081608182593135277,-194305,60,100,100,0,True
1732944131,21298374,4784250081608182593135277,-194305,60,100,100,0,True
1732944143,21298375,4784250081608182593135277,-194305,60,100,100,0,True
1732944155,21298376,4784250081608182593135277,-194305,60,100,100,0,True
1732944167,21298377,4784250081608182593135277,-194305,60,100,100,0,True
1732944179,21298378,4784250081608182593135277,-194305,60,100,100,0,True
1732944191,21298379,4784250081608182593135277,-194305,60,100,100,0,True
1732944203,21298380,4784250081608182593135277,-194305,60,100,100,0,True
1732944215,21298381,4784250081608182593135277,-194305,60,100,100,0,True
1732944227,21298382,4784250081608182593135277,-194305,60,100,100,0,True
1732944239,21298383,4784250081608182593135277,-194305,60,100,100,0,True
1732944251,21298384,4784244793215038323954750,-194305,60,100,100,0,True
1732944263,21298385,4784244793215038323954750,-194305,60,100,100,0,True
1732944275,21298386,4784244793215038323954750,-194305,60,100,100,0,True
1732944287,21298387,4784244793215038323954750,-194305,60,100,100,0,True
1732944299,21298388,4784244793215038323954750,-194305,60,100,100,0,True
1732944311,21298389,4784244793215038323954750,-194305,60,100,100,0,True
1732944323,21298390,4784244793215038323954750,-194305,60,100,100,0,True
1732944335,21298391,4784244793215038323954750,-194305,60,100,100,0,True
1732944347,21298392,4784244793215038323954750,-194305,60,100,100,0,True
1732944359,21298393,4784244793215038323954750,-194305,60,100,100,0,True
1732944371,21298394,4784244793215038323954750,-194305,60,100,100,0,True
1732944383,21298395,4784244793215038323954750,-194305,60,100,100,0,True
1732944395,21298396,4784244793215038323954750,-194305,60,100,100,0,True
1732944407,21298397,4784244793215038323954750,-194305,60,100,100,0,True
1732944419,21298398,4784244793215038323954750,-194305,60,100,100,0,True
1732944431,21298399,4784244793215038323954750,-194305,60,100,100,0,True
1732944443,21298400,4784244793215038323954750,-194305,60,100,100,0,True
1732944455,21298401,4784244793215038323954750,-194305,60,100,100,0,True
1732944467,21298402,4784244793215038323954750,-194305,60,100,100,0,True
1732944479,21298403,4784244793215038323954750,-194305,60,100,100,0,True
1732944491,21298404,4784244793215038323954750,-194305,60,100,100,0,True
1732944503,21298405,4784244793215038323954750,-194305,60,100,100,0,True
1732944515,21298406,4784244793215038323954750,-194305,60,100,100,0,True
1732944527,21298407,4784244793215038323954750,-194305,60,100,100,0,True
1732944539,21298408,4784244793215038323954750,-194305,60,100,100,0,True
1732944551,21298409,4784244793215038323954750,-194305,60,100,100,0,True
1732944563,21298410,4784244793215038323954750,-194305,60,100,100,0,True
1732944575,21298411,4784244793215038323954750,-194305,60,100,100,0,True
1732944587,21298412,4784244793215038323954750,-194305,60,100,100,0,True
1732944599,21298413,4784244793215038323954750,-194305,60,100,100,0,True
1732944611,21298414,4784244793215038323954750,-194305,60,100,100,0,True
1732944623,21298415,4784244793215038323954750,-194305,60,100,100,0,True
1732944635,21298416,4784244793215038323954750,-194305,60,100,100,0,True
1732944647,21298417,4784244793215038323954750,-194305,60,100,100,0,True
1732944659,21298418,4784244793215038323954750,-194305,60,100,100,0,True
1732944671,21298419,4784244793215038323954750,-194305,60,100,100,0,True
1732944683,21298420,4784244793215038323954750,-194305,60,100,100,0,True
1732944695,21298421,4784244793215038323954750,-194305,60,100,100,0,True
1732944707,21298422,4784244793215038323954750,-194305,60,100,100,0,True
1732944719,21298423,4784244793215038323954750,-194305,60,100,100,0,True
1732944731,21298424,4784244793215038323954750,-194305,60,100,100,0,True
1732944743,21298425,4784244793215038323954750,-194305,60,100,100,0,True
1732944755,21298426,4784244793215038323954750,-194305,60,100,100,0,True
1732944767,21298427,4784244793215038323954750,-194305,60,100,100,0,True
1732944779,21298428,4784244793215038323954750,-194305,60,100,100,0,True
1732944791,21298429,4784244793215038323954750,-194305,60,100,100,0,True
1732944803,21298430,4784244793215038323954750,-194305,60,100,100,0,True
1732944815,21298431,4784244793215038323954750,-194305,60,100,100,0,True
1732944827,21298432,4784244793215038323954750,-194305,60,100,100,0,True
1732944839,21298433,4784244793215038323954750,-194305,60,100,100,0,True
1732944851,21298434,4784244793215038323954750,-194305,60,100,100,0,True
1732944863,21298435,4784244793215038323954750,-194305,60,100,100,0,True
1732944875,21298436,4784244793215038323954750,-194305,60,100,100,0,True
1732944887,21298437,4784244793215038323954750,-194305,60,100,100,0,True
1732944899,21298438,4784244793215038323954750,-194305,60,100,100,0,True
1732944911,21298439,4784244793215038323954750,-194305,60,100,100,0,True
1732944923,21298440,4784244793215038323954750,-194305,60,100,100,0,True
1732944935,21298441,4784244793215038323954750,-194305,60,100,100,0,True
1732944947,21298442,4784244793215038323954750,-194305,60,100,100,0,True
1732944959,21298443,4784244793215038323954750,-194305,60,100,100,0,True
1732944971,21298444,4784244793215038323954750,-194305,60,100,100,0,True
1732944983,21298445,4784244793215038323954750,-194305,60,100,100,0,True
1732944995,21298446,4785053079188751337097546,-194302,61,100,100,0,True
1732945007,21298447,4785053079188751337097546,-194302,61,100,100,0,True
1732945019,21298448,4785828643813329054203904,-194299,62,100,100,0,True
1732945031,21298449,4786375509992009135158608,-194296,63,100,100,0,True
1732945043,21298450,4788250736202712541366536,-194289,64,100,100,0,True
1732945055,21298451,4788250736202712541366536,-194289,64,100,100,0,True
1732945067,21298452,4788250736202712541366536,-194289,64,100,100,0,True
1732945079,21298453,4788250736202712541366536,-194289,64,100,100,0,True
1732945091,21298454,4788250736202712541366536,-194289,64,100,100,0,True
1732945103,21298455,4788252505860799616074542,-194289,64,100,100,0,True
1732945115,21298456,4788252505860799616074542,-194289,64,100,100,0,True
1732945127,21298457,4788252505860799616074542,-194289,64,100,100,0,True
1732945139,21298458,4788252505860799616074542,-194289,64,100,100,0,True
1732945151,21298459,4788252505860799616074542,-194289,64,100,100,0,True
1732945163,21298460,4788252505860799616074542,-194289,64,100,100,0,True
1732945175,21298461,4788252505860799616074542,-194289,64,100,100,0,True
1732945187,21298462,4788252505860799616074542,-194289,64,100,100,0,True
1732945199,21298463,4788252505860799616074542,-194289,64,100,100,0,True
1732945211,21298464,4788252505860799616074542,-194289,64,100,100,0,True
1732945223,21298465,4788252505860799616074542,-194289,64,100,100,0,True
1732945235,21298466,4788252505860799616074542,-194289,64,100,100,0,True
1732945247,21298467,4788252505860799616074542,-194289,64,100,100,0,True
1732945259,21298468,4788252505860799616074542,-194289,64,100,100,0,True
1732945271,21298469,4788252505860799616074542,-194289,64,100,100,0,True
1732945283,21298470,4788252505860799616074542,-194289,64,100,100,0,True
1732945295,21298471,4788692583666563487460050,-194287,65,100,100,0,True
1732945307,21298472,4789920303684368955105626,-194282,66,100,100,0,True
1732945319,21298473,4789920303684368955105626,-194282,66,100,100,0,True
1732945331,21298474,4790668105405014329417727,-194279,67,100,100,0,True
1732945343,21298475,4790668105405014329417727,-194279,67,100,100,0,True
1732945355,21298476,4790668105405014329417727,-194279,67,100,100,0,True
1732945379,21298477,4790668105405014329417727,-194279,67,100,100,0,True
1732945391,21298478,4790661421774640613116170,-194279,67,100,100,0,True
1732945403,21298479,4790661421774640613116170,-194279,67,100,100,0,True
1732945415,21298480,4790661421774640613116170,-194279,67,100,100,0,True
1732945427,21298481,4790661421774640613116170,-194279,67,100,100,0,True
1732945439,21298482,4790661421774640613116170,-194279,67,100,100,0,True
1732945451,21298483,4790661421774640613116170,-194279,67,100,100,0,True
1732945463,21298484,4790662034737859983707931,-194279,67,100,100,0,True
1732945475,21298485,4790662034737859983707931,-194279,67,100,100,0,True
1732945487,21298486,4790662034737859983707931,-194279,68,100,100,0,True
1732945499,21298487,4790659670122169343198661,-194279,68,100,100,0,True
1732945511,21298488,4790659670122169343198661,-194279,68,100,100,0,True
1732945523,21298489,4790659670122169343198661,-194279,68,100,100,0,True
1732945535,21298490,4790659670122169343198661,-194279,68,100,100,0,True
1732945547,21298491,4790659670122169343198661,-194279,68,100,100,0,True
1732945559,21298492,4790659670122169343198661,-194279,69,100,100,0,True
1732945571,21298493,4791197715579003055673528,-194276,70,100,100,0,True
1732945583,21298494,4792436321109068826720912,-194271,71,100,100,0,True
1732945595,21298495,4792436321109068826720912,-194271,71,100,100,0,True
1732945607,21298496,4793768680641610100805430,-194266,72,100,100,0,True
1732945619,21298497,4794092561487961857650581,-194264,73,100,100,0,True
1732945631,21298498,4795581281581415517883145,-194258,74,100,100,0,True
1732945643,21298499,4796420301372976734623711,-194255,75,100,100,0,True
1732945655,21298500,4796420301372976734623711,-194255,75,100,100,0,True
1732945667,21298501,4796420301372976734623711,-194255,75,100,100,0,True
1732945679,21298502,4796420301372976734623711,-194255,75,100,100,0,True
1732945691,21298503,4796420301372976734623711,-194255,75,100,100,0,True
1732945703,21298504,4796436051802342270640504,-194254,76,100,100,0,True
1732945715,21298505,4796436051802342270640504,-194254,76,100,100,0,True
1732945727,21298506,4796436051802342270640504,-194254,76,100,100,0,True
1732945739,21298507,4796436051802342270640504,-194254,76,100,100,0,True
1732945751,21298508,4796436051802342270640504,-194254,76,100,100,0,True
1732945763,21298509,4796436051802342270640504,-194254,76,100,100,0,True
1732945775,21298510,4796436051802342270640504,-194254,76,100,100,0,True
1732945787,21298511,4796436051802342270640504,-194254,76,100,100,0,True
1732945799,21298512,4796436051802342270640504,-194254,76,100,100,0,True
1732945811,21298513,4796436051802342270640504,-194254,76,100,100,0,True
1732945823,21298514,4796436051802342270640504,-194254,76,100,100,0,True
1732945835,21298515,4796436051802342270640504,-194254,76,100,100,0,True
1732945847,21298516,4796884343273330385450337,-194253,77,100,100,0,True
1732945859,21298517,4796884483262332083433313,-194253,77,100,100,0,True
1732945871,21298518,4797194691558395264697804,-194251,78,100,100,0,True
1732945883,21298519,4797194691558395264697804,-194251,78,100,100,0,True
1732945895,21298520,4797194691558395264697804,-194251,78,100,100,0,True
1732945907,21298521,4797194691558395264697804,-194251,78,100,100,0,True
1732945919,21298522,4797194691558395264697804,-194251,78,100,100,0,True
1732945931,21298523,4797194691558395264697804,-194251,78,100,100,0,True
1732945943,21298524,4797194691558395264697804,-194251,78,100,100,0,True
1732945955,21298525,4798135907066697654823340,-194247,79,100,100,0,True
1732945967,21298526,4798135907066697654823340,-194247,79,100,100,0,True
1732945979,21298527,4798135907066697654823340,-194247,79,100,100,0,True
1732945991,21298528,4798135907066697654823340,-194247,79,100,100,0,True
1732946003,21298529,4798135907066697654823340,-194247,79,100,100,0,True
1732946015,21298530,4798428725646724992008215,-194246,80,100,100,0,True
1732946027,21298531,4798428725646724992008215,-194246,80,100,100,0,True
1732946039,21298532,4798980422615247922661949,-194244,81,100,100,0,True
1732946051,21298533,4798980422615247922661949,-194244,81,100,100,0,True
1732946063,21298534,4798980422615247922661949,-194244,81,100,100,0,True
1732946075,21298535,4798980422615247922661949,-194244,81,100,100,0,True
1732946087,21298536,4798980422615247922661949,-194244,81,100,100,0,True
1732946099,21298537,4798980422615247922661949,-194244,81,100,100,0,True
1732946111,21298538,4800195093856539070956313,-194239,82,100,100,0,True
1732946123,21298539,4800195093856539070956313,-194239,82,100,100,0,True
1732946135,21298540,4800587378808898406037503,-194237,83,100,100,0,True
1732946147,21298541,4800587378808898406037503,-194237,83,100,100,0,True
1732946159,21298542,4800927965440831491721298,-194236,84,100,100,0,True
1732946171,21298543,4801373834852194192323379,-194234,85,100,100,0,True
1732946183,21298544,4801936004212521420651928,-194232,86,100,100,0,True
1732946195,21298545,4802359037708524201453457,-194230,87,100,100,0,True
1732946207,21298546,4804673713365099974194255,-194220,88,100,100,0,True
1732946219,21298547,4804673713365099974194255,-194220,88,100,100,0,True
1732946231,21298548,4804673713365099974194255,-194220,88,100,100,0,True
1732946243,21298549,4805071787827271615748900,-194219,89,100,100,0,True
1732946255,21298550,4806033837157175428995420,-194215,90,100,100,0,True
1732946267,21298551,4807344837227613987623230,-194209,91,100,100,0,True
1732946279,21298552,4807652370348252684877600,-194208,92,100,100,0,True
1732946291,21298553,4808100443530060796546024,-194206,93,100,100,0,True
1732946303,21298554,4808100443530060796546024,-194206,93,100,100,0,True
1732946315,21298555,4808100443530060796546024,-194206,93,100,100,0,True
1732946327,21298556,4808100443530060796546024,-194206,93,100,100,0,True
1732946339,21298557,4808100443530060796546024,-194206,93,100,100,0,True
1732946351,21298558,4808100443530060796546024,-194206,93,100,100,0,True
1732946363,21298559,4808100443530060796546024,-194206,93,100,100,0,True
1732946375,21298560,4808100443530060796546024,-194206,93,100,100,0,True
1732946387,21298561,4808099662126299711428985,-194206,93,100,100,0,True
1732946399,21298562,4808099662126299711428985,-194206,93,100,100,0,True
1732946411,21298563,4808099662126299711428985,-194206,93,100,100,0,True
1732946423,21298564,4808099662126299711428985,-194206,93,100,100,0,True
1732946435,21298565,4808099662126299711428985,-194206,93,100,100,0,True
1732946447,21298566,4808099662126299711428985,-194206,93,100,100,0,True
1732946459,21298567,4808099662126299711428985,-194206,93,100,100,0,True
1732946471,21298568,4808099662126299711428985,-194206,93,100,100,0,True
1732946483,21298569,4808099662126299711428985,-194206,93,100,100,0,True
1732946495,21298570,4808099662126299711428985,-194206,93,100,100,0,True
1732946507,21298571,4808099662126299711428985,-194206,93,100,100,0,True
1732946519,21298572,4808099662126299711428985,-194206,93,100,100,0,True
1732946531,21298573,4808099662126299711428985,-194206,93,100,100,0,True
1732946543,21298574,4808099662126299711428985,-194206,93,100,100,0,True
1732946555,21298575,4808099662126299711428985,-194206,93,100,100,0,True
1732946567,21298576,4808099662126299711428985,-194206,93,100,100,0,True
1732946579,21298577,4808099662126299711428985,-194206,93,100,100,0,True
1732946591,21298578,4808099662126299711428985,-194206,93,100,100,0,True
1732946603,21298579,4810452277007289349220897,-194196,94,100,100,0,True
1732946615,21298580,4810824729801802094034955,-194195,95,100,100,0,True
1732946627,21298581,4810824729801802094034955,-194195,95,100,100,0,True
1732946639,21298582,4810824729801802094034955,-194195,95,100,100,0,True
1732946651,21298583,4810824729801802094034955,-194195,95,100,100,0,True
1732946663,21298584,4810824729801802094034955,-194195,95,100,100,0,True
1732946675,21298585,4810824729801802094034955,-194195,95,100,100,0,True
1732946687,21298586,4810824729801802094034955,-194195,95,100,100,0,True
1732946699,21298587,4810824729801802094034955,-194195,95,100,100,0,True
1732946711,21298588,4810824729801802094034955,-194195,95,100,100,0,True
1732946723,21298589,4810824729801802094034955,-194195,96,100,100,0,True
1732946735,21298590,4810824729801802094034955,-194195,96,100,100,0,True
1732946747,21298591,4810824729801802094034955,-194195,96,100,100,0,True
1732946759,21298592,4811200759186975417076675,-194193,97,100,100,0,True
1732946771,21298593,4811474137916027497030073,-194192,98,100,100,0,True
1732946783,21298594,4814225512683931612162519,-194180,99,100,100,0,True
1732946795,21298595,4814546005672025628723199,-194179,0,100,100,0,True
1732946807,21298596,4815069126962360926253216,-194177,1,100,100,0,True
1732946819,21298597,4815078489263366423427444,-194177,1,100,100,0,True
1732946831,21298598,4815078489263366423427444,-194177,1,100,100,0,True
1732946843,21298599,4815078489263366423427444,-194177,1,100,100,0,True
1732946855,21298600,4815078489263366423427444,-194177,1,100,100,0,True
1732946867,21298601,4815078489263366423427444,-194177,1,100,100,0,True
1732946879,21298602,4815078489263366423427444,-194177,1,100,100,0,True
1732946891,21298603,4815073961510873676823892,-194177,1,100,100,0,True
1732946903,21298604,4815073961510873676823892,-194177,1,100,100,0,True
1732946915,21298605,4815631193250200009207057,-194175,2,100,100,0,True
1732946927,21298606,4815631193250200009207057,-194175,2,100,100,0,True
1732946939,21298607,4815631193250200009207057,-194175,2,100,100,0,True
1732946951,21298608,4815631193250200009207057,-194175,2,100,100,0,True
1732946963,21298609,4815631193250200009207057,-194175,2,100,100,0,True
1732946975,21298610,4815631193250200009207057,-194175,2,100,100,0,True
1732946987,21298611,4815631193250200009207057,-194175,2,100,100,0,True
1732946999,21298612,4815631193250200009207057,-194175,2,100,100,0,True
1732947011,21298613,4815631193250200009207057,-194175,2,100,100,0,True
1732947035,21298614,4815631193250200009207057,-194175,2,100,100,0,True
1732947047,21298615,4816525559322480925722138,-194171,3,100,100,0,True
1732947059,21298616,4818570204379224449311812,-194162,4,100,100,0,True
1732947071,21298617,4821219272183510746240016,-194151,5,100,100,0,True
1732947083,21298618,4821964506088005649809344,-194148,6,100,100,0,True
1732947095,21298619,4821964506088005649809344,-194148,6,100,100,0,True
1732947107,21298620,4821964506088005649809344,-194148,6,100,100,0,True
1732947119,21298621,4821964506088005649809344,-194148,6,100,100,0,True
1732947131,21298622,4821964506088005649809344,-194148,6,100,100,0,True
1732947143,21298623,4822737453258400339688186,-194145,7,100,100,0,True
1732947155,21298624,4822737453258400339688186,-194145,7,100,100,0,True
1732947167,21298625,4822737453258400339688186,-194145,7,100,100,0,True
1732947179,21298626,4822737453258400339688186,-194145,7,100,100,0,True
1732947191,21298627,4822737453258400339688186,-194145,7,100,100,0,True
1732947203,21298628,4822737453258400339688186,-194145,7,100,100,0,True
1732947215,21298629,4822737453258400339688186,-194145,7,100,100,0,True
1732947227,21298630,4822737453258400339688186,-194145,7,100,100,0,True
1732947239,21298631,4822737453258400339688186,-194145,8,100,100,0,True
1732947251,21298632,4825856819097766290311586,-194132,9,100,100,0,True
1732947263,21298633,4826015882979059998598682,-194132,9,100,100,0,True
1732947275,21298634,4827134690777179865001218,-194127,10,100,100,0,True
1732947287,21298635,4827903841217672351258403,-194124,11,100,100,0,True
1732947299,21298636,4827903841217672351258403,-194124,11,100,100,0,True
1732947311,21298637,4827903841217672351258403,-194124,11,100,100,0,True
1732947323,21298638,4827903841217672351258403,-194124,11,100,100,0,True
1732947335,21298639,4827903841217672351258403,-194124,11,100,100,0,True
1732947347,21298640,4827903841217672351258403,-194124,11,100,100,0,True
1732947359,21298641,4827903841217672351258403,-194124,11,100,100,0,True
1732947371,21298642,4827903841217672351258403,-194124,11,100,100,0,True
1732947383,21298643,4827903841217672351258403,-194124,11,100,100,0,True
1732947395,21298644,4827903841217672351258403,-194124,11,100,100,0,True
1732947407,21298645,4827903841217672351258403,-194124,11,100,100,0,True
1732947419,21298646,4827890630977173498957280,-194124,11,100,100,0,True
1732947431,21298647,4827890630977173498957280,-194124,11,100,100,0,True
1732947443,21298648,4827890630977173498957280,-194124,11,100,100,0,True
1732947455,21298649,4827890630977173498957280,-194124,11,100,100,0,True
1732947467,21298650,4827890630977173498957280,-194124,12,100,100,0,True
1732947479,21298651,4827890630977173498957280,-194124,12,100,100,0,True
1732947491,21298652,4827890630977173498957280,-194124,12,100,100,0,True
1732947503,21298653,4827890630977173498957280,-194124,12,100,100,0,True
1732947515,21298654,4827890630977173498957280,-194124,12,100,100,0,True
1732947527,21298655,4827890630977173498957280,-194124,12,100,100,0,True
1732947539,21298656,4827890630977173498957280,-194124,12,100,100,0,True
1732947551,21298657,4827890630977173498957280,-194124,12,100,100,0,True
1732947563,21298658,4827890630977173498957280,-194124,12,100,100,0,True
1732947575,21298659,4827890630977173498957280,-194124,12,100,100,0,True
1732947587,21298660,4827890630977173498957280,-194124,12,100,100,0,True
1732947599,21298661,4827890630977173498957280,-194124,12,100,100,0,True
1732947611,21298662,4827890630977173498957280,-194124,12,100,100,0,True
1732947623,21298663,4827890630977173498957280,-194124,12,100,100,0,True
1732947635,21298664,4827890630977173498957280,-194124,12,100,100,0,True
1732947647,21298665,4827890630977173498957280,-194124,12,100,100,0,True
1732947659,21298666,4827890630977173498957280,-194124,12,100,100,0,True
1732947671,21298667,4827890630977173498957280,-194124,12,100,100,0,True
1732947683,21298668,4827890630977173498957280,-194124,12,100,100,0,True
1732947695,21298669,4827890630977173498957280,-194124,12,100,100,0,True
1732947707,21298670,4827890630977173498957280,-194124,12,100,100,0,True
1732947719,21298671,4827890630977173498957280,-194124,12,100,100,0,True
1732947731,21298672,4827890630977173498957280,-194124,12,100,100,0,True
1732947743,21298673,4827890630977173498957280,-194124,12,100,100,0,True
1732947755,21298674,4827890630977173498957280,-194124,12,100,100,0,True
1732947767,21298675,4827890630977173498957280,-194124,12,100,100,0,True
1732947779,21298676,4827890630977173498957280,-194124,12,100,100,0,True
1732947791,21298677,4827890630977173498957280,-194124,12,100,100,0,True
1732947803,21298678,4827884593876876601798380,-194124,12,100,100,0,True
1732947815,21298679,4827884593876876601798380,-194124,12,100,100,0,True
1732947827,21298680,4827884593876876601798380,-194124,12,100,100,0,True
1732947839,21298681,4827884593876876601798380,-194124,12,100,100,0,True
1732947851,21298682,4827884593876876601798380,-194124,12,100,100,0,True
1732947863,21298683,4827884593876876601798380,-194124,12,100,100,0,True
1732947875,21298684,4827884593876876601798380,-194124,12,100,100,0,True
1732947887,21298685,4827884593876876601798380,-194124,12,100,100,0,True
1732947899,21298686,4827884593876876601798380,-194124,12,100,100,0,True
1732947911,21298687,4827884593876876601798380,-194124,12,100,100,0,True
1732947923,21298688,4827884593876876601798380,-194124,12,100,100,0,True
1732947935,21298689,4827884593876876601798380,-194124,12,100,100,0,True
1732947947,21298690,4827884593876876601798380,-194124,12,100,100,0,True
1732947959,21298691,4827884363177783770689117,-194124,12,100,100,0,True
1732947971,21298692,4827884363177783770689117,-194124,12,100,100,0,True
1732947983,21298693,4827884363177783770689117,-194124,12,100,100,0,True
1732947995,21298694,4827884363177783770689117,-194124,12,100,100,0,True
1732948007,21298695,4827884363177783770689117,-194124,12,100,100,0,True
1732948019,21298696,4827884363177783770689117,-194124,12,100,100,0,True
1732948031,21298697,4827884363177783770689117,-194124,12,100,100,0,True
1732948043,21298698,4827884363177783770689117,-194124,12,100,100,0,True
1732948055,21298699,4827884363177783770689117,-194124,12,100,100,0,True
1732948067,21298700,4827884363177783770689117,-194124,12,100,100,0,True
1732948079,21298701,4827877394734722673921217,-194124,12,100,100,0,True
1732948091,21298702,4827877394734722673921217,-194124,12,100,100,0,True
1732948103,21298703,4827877394734722673921217,-194124,12,100,100,0,True
1732948115,21298704,4827877394734722673921217,-194124,12,100,100,0,True
1732948127,21298705,4827877394734722673921217,-194124,12,100,100,0,True
1732948139,21298706,4827877394734722673921217,-194124,12,100,100,0,True
1732948151,21298707,4827877394734722673921217,-194124,12,100,100,0,True
1732948163,21298708,4827877394734722673921217,-194124,12,100,100,0,True
1732948175,21298709,4827877394734722673921217,-194124,12,100,100,0,True
1732948187,21298710,4827877394734722673921217,-194124,13,100,100,0,True
1732948199,21298711,4827877394734722673921217,-194124,13,100,100,0,True
1732948211,21298712,4827877394734722673921217,-194124,13,100,100,0,True
1732948223,21298713,4827877394734722673921217,-194124,13,100,100,0,True
1732948235,21298714,4827877394734722673921217,-194124,13,100,100,0,True
1732948247,21298715,4827877394734722673921217,-194124,13,100,100,0,True
1732948259,21298716,4827877394734722673921217,-194124,13,100,100,0,True
1732948271,21298717,4827883745928256583644315,-194124,13,100,100,0,True
1732948283,21298718,4827883745928256583644315,-194124,13,100,100,0,True
1732948295,21298719,4827883745928256583644315,-194124,13,100,100,0,True
1732948307,21298720,4827883745928256583644315,-194124,13,100,100,0,True
1732948319,21298721,4827883745928256583644315,-194124,13,100,100,0,True
1732948331,21298722,4827883745928256583644315,-194124,13,100,100,0,True
1732948343,21298723,4827883745928256583644315,-194124,13,100,100,0,True
1732948355,21298724,4827883745928256583644315,-194124,13,100,100,0,True
1732948367,21298725,4827883745928256583644315,-194124,13,100,100,0,True
1732948379,21298726,4827883745928256583644315,-194124,13,100,100,0,True
1732948391,21298727,4827883745928256583644315,-194124,13,100,100,0,True
1732948403,21298728,4827883745928256583644315,-194124,13,100,100,0,True
1732948415,21298729,4827883745928256583644315,-194124,13,100,100,0,True
1732948427,21298730,4827882297027707888100727,-194124,13,100,100,0,True
1732948439,21298731,4827882297027707888100727,-194124,13,100,100,0,True
1732948451,21298732,4827882297027707888100727,-194124,13,100,100,0,True
1732948463,21298733,4827882297027707888100727,-194124,13,100,100,0,True
1732948475,21298734,4827882297027707888100727,-194124,13,100,100,0,True
1732948487,21298735,4827882297027707888100727,-194124,13,100,100,0,True
1732948499,21298736,4827882297027707888100727,-194124,14,100,100,0,True
1732948511,21298737,4827891570825803661807427,-194124,14,100,100,0,True
1732948523,21298738,4827891570825803661807427,-194124,14,100,100,0,True
1732948535,21298739,4827891570825803661807427,-194124,14,100,100,0,True
1732948547,21298740,4827891570825803661807427,-194124,14,100,100,0,True
1732948559,21298741,4827891570825803661807427,-194124,14,100,100,0,True
1732948571,21298742,4827891570825803661807427,-194124,14,100,100,0,True
1732948583,21298743,4827891570825803661807427,-194124,14,100,100,0,True
1732948595,21298744,4827891570825803661807427,-194124,14,100,100,0,True
1732948607,21298745,4827891570825803661807427,-194124,14,100,100,0,True
1732948619,21298746,4827891570825803661807427,-194124,14,100,100,0,True
1732948631,21298747,4827891570825803661807427,-194124,14,100,100,0,True
1732948643,21298748,4827897054570469780476681,-194124,14,100,100,0,True
1732948655,21298749,4827897054570469780476681,-194124,14,100,100,0,True
1732948667,21298750,4827897054570469780476681,-194124,14,100,100,0,True
1732948679,21298751,4827897054570469780476681,-194124,14,100,100,0,True
1732948691,21298752,4827897054570469780476681,-194124,14,100,100,0,True
1732948703,21298753,4827897054570469780476681,-194124,14,100,100,0,True
1732948715,21298754,4827897054570469780476681,-194124,14,100,100,0,True
1732948727,21298755,4827897054570469780476681,-194124,14,100,100,0,True
1732948739,21298756,4827897054570469780476681,-194124,14,100,100,0,True
1732948751,21298757,4827897054570469780476681,-194124,14,100,100,0,True
1732948763,21298758,4827891628601789611211386,-194124,14,100,100,0,True
1732948775,21298759,4827891628601789611211386,-194124,14,100,100,0,True
1732948787,21298760,4827891628601789611211386,-194124,14,100,100,0,True
1732948799,21298761,4827891628601789611211386,-194124,14,100,100,0,True
1732948811,21298762,4827891628601789611211386,-194124,14,100,100,0,True
1732948823,21298763,4827891628601789611211386,-194124,14,100,100,0,True
1732948835,21298764,4827891628601789611211386,-194124,14,100,100,0,True
1732948847,21298765,4827891628601789611211386,-194124,14,100,100,0,True
1732948859,21298766,4827891628601789611211386,-194124,14,100,100,0,True
1732948871,21298767,4827891628601789611211386,-194124,14,100,100,0,True
1732948883,21298768,4827891628601789611211386,-194124,14,100,100,0,True
1732948895,21298769,4827891628601789611211386,-194124,14,100,100,0,True
1732948907,21298770,4827891628601789611211386,-194124,14,100,100,0,True
1732948919,21298771,4827891628601789611211386,-194124,14,100,100,0,True
1732948931,21298772,4827891628601789611211386,-194124,14,100,100,0,True
1732948943,21298773,4827891628601789611211386,-194124,14,100,100,0,True
1732948955,21298774,4827891628601789611211386,-194124,14,100,100,0,True
1732948967,21298775,4827891628601789611211386,-194124,14,100,100,0,True
1732948979,21298776,4827891628601789611211386,-194124,14,100,100,0,True
1732948991,21298777,4827891628601789611211386,-194124,14,100,100,0,True
1732949003,21298778,4827891628601789611211386,-194124,14,100,100,0,True
1732949015,21298779,4827886237869834367421990,-194124,14,100,100,0,True
1732949027,21298780,4827886237869834367421990,-194124,14,100,100,0,True
1732949039,21298781,4827886237869834367421990,-194124,14,100,100,0,True
1732949051,21298782,4827886237869834367421990,-194124,14,100,100,0,True
1732949063,21298783,4827886237869834367421990,-194124,14,100,100,0,True
1732949075,21298784,4827886237869834367421990,-194124,14,100,100,0,True
1732949087,21298785,4827886237869834367421990,-194124,14,100,100,0,True
1732949099,21298786,4827886237869834367421990,-194124,14,100,100,0,True
1732949111,21298787,4827886237869834367421990,-194124,14,100,100,0,True
1732949123,21298788,4827886237869834367421990,-194124,14,100,100,0,True
1732949135,21298789,4827886237869834367421990,-194124,14,100,100,0,True
1732949147,21298790,4827886237869834367421990,-194124,14,100,100,0,True
1732949159,21298791,4827886237869834367421990,-194124,14,100,100,0,True
1732949171,21298792,4827886237869834367421990,-194124,14,100,100,0,True
1732949183,21298793,4827886237869834367421990,-194124,14,100,100,0,True
1732949195,21298794,4827886237869834367421990,-194124,14,100,100,0,True
1732949207,21298795,4827886237869834367421990,-194124,14,100,100,0,True
1732949219,21298796,4827886237869834367421990,-194124,14,100,100,0,True
1732949231,21298797,4827886237869834367421990,-194124,14,100,100,0,True
1732949243,21298798,4827886237869834367421990,-194124,14,100,100,0,True
1732949255,21298799,4827886237869834367421990,-194124,14,100,100,0,True
1732949267,21298800,4827886237869834367421990,-194124,14,100,100,0,True
1732949279,21298801,4827886237869834367421990,-194124,14,100,100,0,True
1732949291,21298802,4827886237869834367421990,-194124,14,100,100,0,True
1732949303,21298803,4827886237869834367421990,-194124,14,100,100,0,True
1732949315,21298804,4827886237869834367421990,-194124,14,100,100,0,True
1732949327,21298805,4827886237869834367421990,-194124,14,100,100,0,True
1732949339,21298806,4827886237869834367421990,-194124,14,100,100,0,True
1732949351,21298807,4827886237869834367421990,-194124,14,100,100,0,True
1732949363,21298808,4827886237869834367421990,-194124,14,100,100,0,True
1732949375,21298809,4827886237869834367421990,-194124,14,100,100,0,True
1732949387,21298810,4827886237869834367421990,-194124,14,100,100,0,True
1732949399,21298811,4827886237869834367421990,-194124,14,100,100,0,True
1732949411,21298812,4827886237869834367421990,-194124,14,100,100,0,True
1732949423,21298813,4827886237869834367421990,-194124,14,100,100,0,True
1732949435,21298814,4827886237869834367421990,-194124,14,100,100,0,True
1732949447,21298815,4827886237869834367421990,-194124,14,100,100,0,True
1732949459,21298816,4827886237869834367421990,-194124,14,100,100,0,True
1732949471,21298817,4827886237869834367421990,-194124,14,100,100,0,True
1732949483,21298818,4827886237869834367421990,-194124,14,100,100,0,True
1732949495,21298819,4827886237869834367421990,-194124,14,100,100,0,True
1732949507,21298820,4827886237869834367421990,-194124,14,100,100,0,True
1732949519,21298821,4827880118607562290189421,-194124,14,100,100,0,True
1732949531,21298822,4827469329664203166280038,-194125,15,100,100,0,True
1732949543,21298823,4827469329664203166280038,-194125,15,100,100,0,True
1732949555,21298824,4827469329664203166280038,-194125,15,100,100,0,True
1732949567,21298825,4827469329664203166280038,-194125,15,100,100,0,True
1732949579,21298826,4826296079661225879928651,-194130,16,100,100,0,True
1732949591,21298827,4826295570431155940131355,-194130,16,100,100,0,True
1732949603,21298828,4825941522608672954194294,-194132,17,100,100,0,True
1732949615,21298829,4825941522608672954194294,-194132,17,100,100,0,True
1732949627,21298830,4825013923175412619802822,-194136,18,100,100,0,True
1732949639,21298831,4825013923175412619802822,-194136,18,100,100,0,True
1732949651,21298832,4825013923175412619802822,-194136,18,100,100,0,True
1732949663,21298833,4823183214740896374325233,-194143,19,100,100,0,True
1732949675,21298834,4820035839437362741536081,-194156,20,100,100,0,True
1732949687,21298835,4820035839437362741536081,-194156,20,100,100,0,True
1732949699,21298836,4820035839437362741536081,-194156,20,100,100,0,True
1732949711,21298837,4820032848746483529121479,-194156,20,100,100,0,True
1732949723,21298838,4820032848746483529121479,-194156,20,100,100,0,True
1732949735,21298839,4820032848746483529121479,-194156,20,100,100,0,True
1732949747,21298840,4820032848746483529121479,-194156,20,100,100,0,True
1732949759,21298841,4820032848746483529121479,-194156,20,100,100,0,True
1732949771,21298842,4820032848746483529121479,-194156,20,100,100,0,True
1732949783,21298843,4820032848746483529121479,-194156,20,100,100,0,True
1732949795,21298844,4820032848746483529121479,-194156,20,100,100,0,True
1732949807,21298845,4819022801360568403545463,-194161,21,100,100,0,True
1732949819,21298846,4819022801360568403545463,-194161,21,100,100,0,True
1732949831,21298847,4819022801360568403545463,-194161,21,100,100,0,True
1732949843,21298848,4819022801360568403545463,-194161,21,100,100,0,True
1732949855,21298849,4819022801360568403545463,-194161,21,100,100,0,True
1732949867,21298850,4819022801360568403545463,-194161,21,100,100,0,True
1732949879,21298851,4819022801360568403545463,-194161,21,100,100,0,True
1732949891,21298852,4819022801360568403545463,-194161,21,100,100,0,True
1732949903,21298853,4819022801360568403545463,-194161,21,100,100,0,True
1732949915,21298854,4819022801360568403545463,-194161,21,100,100,0,True
1732949927,21298855,4819022801360568403545463,-194161,21,100,100,0,True
1732949939,21298856,4819022801360568403545463,-194161,21,100,100,0,True
1732949951,21298857,4819022801360568403545463,-194161,21,100,100,0,True
1732949963,21298858,4819022801360568403545463,-194161,21,100,100,0,True
1732949975,21298859,4819022801360568403545463,-194161,21,100,100,0,True
1732949987,21298860,4819022801360568403545463,-194161,21,100,100,0,True
1732949999,21298861,4819022801360568403545463,-194161,21,100,100,0,True
1732950011,21298862,4819022801360568403545463,-194161,21,100,100,0,True
1732950023,21298863,4819022801360568403545463,-194161,21,100,100,0,True
1732950035,21298864,4819022801360568403545463,-194161,21,100,100,0,True
1732950047,21298865,4819022801360568403545463,-194161,21,100,100,0,True
1732950059,21298866,4819022801360568403545463,-194161,21,100,100,0,True
1732950071,21298867,4819022801360568403545463,-194161,21,100,100,0,True
1732950083,21298868,4818310451873086212871394,-194163,22,100,100,0,True
1732950095,21298869,4818310451873086212871394,-194163,22,100,100,0,True
1732950107,21298870,4818310451873086212871394,-194163,22,100,100,0,True
1732950119,21298871,4818310451873086212871394,-194163,22,100,100,0,True
1732950131,21298872,4818310451873086212871394,-194163,22,100,100,0,True
1732950143,21298873,4818310451873086212871394,-194163,22,100,100,0,True
1732950155,21298874,4818310451873086212871394,-194163,22,100,100,0,True
1732950167,21298875,4818310451873086212871394,-194163,22,100,100,0,True
1732950179,21298876,4818310451873086212871394,-194163,22,100,100,0,True
1732950191,21298877,4818310451873086212871394,-194163,22,100,100,0,True
1732950203,21298878,4818310451873086212871394,-194163,22,100,100,0,True
1732950215,21298879,4818310451873086212871394,-194163,22,100,100,0,True
1732950227,21298880,4818310451873086212871394,-194163,22,100,100,0,True
1732950239,21298881,4818310451873086212871394,-194163,22,100,100,0,True
1732950251,21298882,4818310451873086212871394,-194163,22,100,100,0,True
1732950263,21298883,4818310451873086212871394,-194163,22,100,100,0,True
1732950275,21298884,4818310451873086212871394,-194163,22,100,100,0,True
1732950287,21298885,4818310451873086212871394,-194163,22,100,100,0,True
1732950299,21298886,4818310451873086212871394,-194163,22,100,100,0,True
1732950311,21298887,4818310451873086212871394,-194163,22,100,100,0,True
1732950323,21298888,4818310451873086212871394,-194163,22,100,100,0,True
1732950335,21298889,4818310451873086212871394,-194163,22,100,100,0,True
1732950347,21298890,4818292581521679749970795,-194164,23,100,100,0,True
1732950359,21298891,4818292581521679749970795,-194164,23,100,100,0,True
1732950371,21298892,4818292581521679749970795,-194164,23,100,100,0,True
1732950383,21298893,4818292581521679749970795,-194164,23,100,100,0,True
1732950395,21298894,4818292581521679749970795,-194164,23,100,100,0,True
1732950407,21298895,4818292581521679749970795,-194164,23,100,100,0,True
1732950419,21298896,4818292581521679749970795,-194164,23,100,100,0,True
1732950431,21298897,4818292581521679749970795,-194164,23,100,100,0,True
1732950443,21298898,4818292581521679749970795,-194164,23,100,100,0,True
1732950455,21298899,4818292581521679749970795,-194164,23,100,100,0,True
1732950467,21298900,4818285417049543281367632,-194164,24,100,100,0,True
1732950479,21298901,4818285417049543281367632,-194164,24,100,100,0,True
1732950491,21298902,4818285417049543281367632,-194164,24,100,100,0,True
1732950503,21298903,4818285417049543281367632,-194164,24,100,100,0,True
1732950515,21298904,4818290923201499809808183,-194164,24,100,100,0,True
1732950527,21298905,4818290923201499809808183,-194164,24,100,100,0,True
1732950539,21298906,4818290923201499809808183,-194164,24,100,100,0,True
1732950551,21298907,4818290923201499809808183,-194164,24,100,100,0,True
1732950563,21298908,4818290923201499809808183,-194164,24,100,100,0,True
1732950575,21298909,4818290923201499809808183,-194164,24,100,100,0,True
1732950587,21298910,4818290923201499809808183,-194164,24,100,100,0,True
1732950599,21298911,4818290923201499809808183,-194164,24,100,100,0,True
1732950611,21298912,4818290923201499809808183,-194164,24,100,100,0,True
1732950623,21298913,4818290923201499809808183,-194164,24,100,100,0,True
1732950635,21298914,4818288417127549382251259,-194164,24,100,100,0,True
1732950647,21298915,4818288417127549382251259,-194164,24,100,100,0,True
1732950659,21298916,4818288417127549382251259,-194164,24,100,100,0,True
1732950671,21298917,4818288417127549382251259,-194164,24,100,100,0,True
1732950683,21298918,4818288417127549382251259,-194164,24,100,100,0,True
1732950695,21298919,4818288417127549382251259,-194164,24,100,100,0,True
1732950707,21298920,4818288735165533643857892,-194164,24,100,100,0,True
1732950719,21298921,4818288735165533643857892,-194164,24,100,100,0,True
1732950731,21298922,4818288735165533643857892,-194164,24,100,100,0,True
1732950743,21298923,4818288735165533643857892,-194164,24,100,100,0,True
1732950755,21298924,4818288735165533643857892,-194164,24,100,100,0,True
1732950767,21298925,4818288735165533643857892,-194164,24,100,100,0,True
1732950779,21298926,4818288735165533643857892,-194164,24,100,100,0,True
1732950791,21298927,4818288735165533643857892,-194164,24,100,100,0,True
1732950803,21298928,4818288735165533643857892,-194164,24,100,100,0,True
1732950815,21298929,4818288735165533643857892,-194164,24,100,100,0,True
1732950827,21298930,4818288735165533643857892,-194164,24,100,100,0,True
1732950839,21298931,4818288735165533643857892,-194164,24,100,100,0,True
1732950851,21298932,4818288735165533643857892,-194164,24,100,100,0,True
1732950863,21298933,4818288735165533643857892,-194164,24,100,100,0,True
1732950875,21298934,4818288735165533643857892,-194164,24,100,100,0,True
1732950887,21298935,4818288735165533643857892,-194164,24,100,100,0,True
1732950899,21298936,4818288735165533643857892,-194164,24,100,100,0,True
1732950911,21298937,4818288735165533643857892,-194164,24,100,100,0,True
1732950923,21298938,4818288735165533643857892,-194164,24,100,100,0,True
1732950935,21298939,4818288735165533643857892,-194164,24,100,100,0,True
1732950947,21298940,4818288735165533643857892,-194164,24,100,100,0,True
1732950959,21298941,4818288735165533643857892,-194164,24,100,100,0,True
1732950971,21298942,4818288735165533643857892,-194164,24,100,100,0,True
1732950983,21298943,4818288735165533643857892,-194164,24,100,100,0,True
1732950995,21298944,4818288735165533643857892,-194164,24,100,100,0,True
1732951007,21298945,4818288735165533643857892,-194164,24,100,100,0,True
1732951019,21298946,4818288735165533643857892,-194164,24,100,100,0,True
1732951031,21298947,4818288735165533643857892,-194164,24,100,100,0,True
1732951043,21298948,4818288735165533643857892,-194164,24,100,100,0,True
1732951055,21298949,4818288735165533643857892,-194164,24,100,100,0,True
1732951067,21298950,4818288735165533643857892,-194164,24,100,100,0,True
1732951079,21298951,4818288735165533643857892,-194164,24,100,100,0,True
1732951091,21298952,4818288735165533643857892,-194164,24,100,100,0,True
1732951103,21298953,4818288735165533643857892,-194164,24,100,100,0,True
1732951115,21298954,4818288735165533643857892,-194164,24,100,100,0,True
1732951127,21298955,4818288735165533643857892,-194164,24,100,100,0,True
1732951139,21298956,4818288735165533643857892,-194164,24,100,100,0,True
1732951151,21298957,4818288735165533643857892,-194164,24,100,100,0,True
1732951163,21298958,4818288735165533643857892,-194164,24,100,100,0,True
1732951175,21298959,4818288735165533643857892,-194164,24,100,100,0,True
1732951187,21298960,4818288735165533643857892,-194164,24,100,100,0,True
1732951199,21298961,4818288735165533643857892,-194164,24,100,100,0,True
1732951211,21298962,4818288735165533643857892,-194164,24,100,100,0,True
1732951223,21298963,4818288735165533643857892,-194164,24,100,100,0,True
1732951235,21298964,4818288735165533643857892,-194164,24,100,100,0,True
1732951247,21298965,4818288735165533643857892,-194164,24,100,100,0,True
1732951259,21298966,4818288735165533643857892,-194164,24,100,100,0,True
1732951271,21298967,4818288735165533643857892,-194164,24,100,100,0,True
1732951283,21298968,4818288735165533643857892,-194164,24,100,100,0,True
1732951295,21298969,4818288736368537081448120,-194164,24,100,100,0,True
1732951307,21298970,4818288736368537081448120,-194164,24,100,100,0,True
1732951319,21298971,4818473575000971324160877,-194163,25,100,100,0,True
1732951331,21298972,4818473575000971324160877,-194163,25,100,100,0,True
1732951343,21298973,4818473575000971324160877,-194163,25,100,100,0,True
1732951355,21298974,4818473575000971324160877,-194163,25,100,100,0,True
1732951367,21298975,4818473575000971324160877,-194163,25,100,100,0,True
1732951379,21298976,4818473575000971324160877,-194163,25,100,100,0,True
1732951391,21298977,4818473575000971324160877,-194163,25,100,100,0,True
1732951403,21298978,4818473575000971324160877,-194163,25,100,100,0,True
1732951415,21298979,4818473575000971324160877,-194163,25,100,100,0,True
1732951427,21298980,4818473575000971324160877,-194163,25,100,100,0,True
1732951439,21298981,4818473575000971324160877,-194163,25,100,100,0,True
1732951451,21298982,4818473575000971324160877,-194163,25,100,100,0,True
1732951463,21298983,4818473575000971324160877,-194163,25,100,100,0,True
1732951475,21298984,4818474241074050414717012,-194163,25,100,100,0,True
1732951487,21298985,4818474241074050414717012,-194163,25,100,100,0,True
1732951499,21298986,4818474241074050414717012,-194163,25,100,100,0,True
1732951511,21298987,4818474241074050414717012,-194163,25,100,100,0,True
1732951523,21298988,4818474241074050414717012,-194163,25,100,100,0,True
1732951535,21298989,4818474239866194692574168,-194163,25,100,100,0,True
1732951547,21298990,4818474239866194692574168,-194163,25,100,100,0,True
1732951559,21298991,4818474239866194692574168,-194163,25,100,100,0,True
1732951571,21298992,4818474239866194692574168,-194163,25,100,100,0,True
1732951583,21298993,4818474239866194692574168,-194163,25,100,100,0,True
1732951595,21298994,4818474239866194692574168,-194163,25,100,100,0,True
1732951607,21298995,4818474239866194692574168,-194163,25,100,100,0,True
1732951619,21298996,4818474239866194692574168,-194163,25,100,100,0,True
1732951631,21298997,4818474239866194692574168,-194163,25,100,100,0,True
1732951643,21298998,4818474239866194692574168,-194163,25,100,100,0,True
1732951655,21298999,4818474239866194692574168,-194163,25,100,100,0,True
1732951667,21299000,4818474239866194692574168,-194163,25,100,100,0,True
1732951679,21299001,4818474239866194692574168,-194163,25,100,100,0,True
1732951691,21299002,4818474239866194692574168,-194163,25,100,100,0,True
1732951703,21299003,4818474239866194692574168,-194163,25,100,100,0,True
1732951715,21299004,4818474239866194692574168,-194163,25,100,100,0,True
1732951727,21299005,4818474239866194692574168,-194163,25,100,100,0,True
1732951739,21299006,4818474239866194692574168,-194163,25,100,100,0,True
1732951751,21299007,4818474239866194692574168,-194163,25,100,100,0,True
1732951763,21299008,4818474239866194692574168,-194163,25,100,100,0,True
1732951775,21299009,4818474239866194692574168,-194163,25,100,100,0,True
1732951787,21299010,4818474239866194692574168,-194163,25,100,100,0,True
1732951799,21299011,4818465381492312384302312,-194163,25,100,100,0,True
1732951811,21299012,4818465381492312384302312,-194163,25,100,100,0,True
1732951823,21299013,4818465381492312384302312,-194163,25,100,100,0,True
1732951835,21299014,4818465381492312384302312,-194163,25,100,100,0,True
1732951847,21299015,4818465381492312384302312,-194163,26,100,100,0,True
1732951859,21299016,4818465381492312384302312,-194163,26,100,100,0,True
1732951871,21299017,4818465381492312384302312,-194163,26,100,100,0,True
1732951883,21299018,4818465381492312384302312,-194163,26,100,100,0,True
1732951895,21299019,4818465381492312384302312,-194163,26,100,100,0,True
1732951907,21299020,4818465381492312384302312,-194163,26,100,100,0,True
1732951919,21299021,4818465381492312384302312,-194163,26,100,100,0,True
1732951931,21299022,4818465381492312384302312,-194163,26,100,100,0,True
1732951943,21299023,4818465381492312384302312,-194163,26,100,100,0,True
1732951955,21299024,4818465381492312384302312,-194163,26,100,100,0,True
1732951967,21299025,4818465381492312384302312,-194163,26,100,100,0,True
1732951979,21299026,4818465381492312384302312,-194163,26,100,100,0,True
1732951991,21299027,4818465381492312384302312,-194163,26,100,100,0,True
1732952003,21299028,4818465381492312384302312,-194163,26,100,100,0,True
1732952015,21299029,4818465381492312384302312,-194163,26,100,100,0,True
1732952027,21299030,4818465381492312384302312,-194163,26,100,100,0,True
1732952039,21299031,4818465381492312384302312,-194163,26,100,100,0,True
1732952051,21299032,4818465381492312384302312,-194163,26,100,100,0,True
1732952063,21299033,4818465381492312384302312,-194163,26,100,100,0,True
1732952075,21299034,4818465381492312384302312,-194163,26,100,100,0,True
1732952087,21299035,4818465381492312384302312,-194163,26,100,100,0,True
1732952099,21299036,4818465381492312384302312,-194163,26,100,100,0,True
1732952111,21299037,4818465381492312384302312,-194163,26,100,100,0,True
1732952123,21299038,4818465381492312384302312,-194163,26,100,100,0,True
1732952135,21299039,4818465381492312384302312,-194163,26,100,100,0,True
1732952147,21299040,4818465381492312384302312,-194163,26,100,100,0,True
1732952159,21299041,4818465381492312384302312,-194163,26,100,100,0,True
1732952171,21299042,4818465381492312384302312,-194163,27,100,100,0,True
1732952183,21299043,4818465381492312384302312,-194163,27,100,100,0,True
1732952195,21299044,4818465381492312384302312,-194163,27,100,100,0,True
1732952207,21299045,4818465381492312384302312,-194163,27,100,100,0,True
1732952219,21299046,4818465381492312384302312,-194163,27,100,100,0,True
1732952231,21299047,4818465381492312384302312,-194163,27,100,100,0,True
1732952243,21299048,4818465381492312384302312,-194163,27,100,100,0,True
1732952255,21299049,4818465381492312384302312,-194163,27,100,100,0,True
1732952267,21299050,4818465381492312384302312,-194163,27,100,100,0,True
1732952279,21299051,4818465381492312384302312,-194163,27,100,100,0,True
1732952291,21299052,4818465381492312384302312,-194163,27,100,100,0,True
1732952303,21299053,4818465381492312384302312,-194163,27,100,100,0,True
1732952315,21299054,4818465381492312384302312,-194163,27,100,100,0,True
1732952327,21299055,4818465381492312384302312,-194163,27,100,100,0,True
1732952339,21299056,4818465381492312384302312,-194163,27,100,100,0,True
1732952351,21299057,4818465381492312384302312,-194163,27,100,100,0,True
1732952363,21299058,4818465381492312384302312,-194163,27,100,100,0,True
1732952375,21299059,4818465381492312384302312,-194163,27,100,100,0,True
1732952387,21299060,4818465381492312384302312,-194163,27,100,100,0,True
1732952399,21299061,4818465381492312384302312,-194163,27,100,100,0,True
1732952411,21299062,4818742603009612499807106,-194162,28,100,100,0,True
1732952423,21299063,4819612984718540691525283,-194158,29,100,100,0,True
1732952435,21299064,4819608171900169672289494,-194158,29,100,100,0,True
1732952447,21299065,4819608171900169672289494,-194158,29,100,100,0,True
1732952459,21299066,4819608171900169672289494,-194158,29,100,100,0,True
1732952471,21299067,4819608171900169672289494,-194158,29,100,100,0,True
1732952483,21299068,4819608171900169672289494,-194158,29,100,100,0,True
1732952495,21299069,4819935961839094589170368,-194157,30,100,100,0,True
1732952507,21299070,4819935961839094589170368,-194157,30,100,100,0,True
1732952519,21299071,4819935961839094589170368,-194157,30,100,100,0,True
1732952531,21299072,4819935961839094589170368,-194157,30,100,100,0,True
1732952543,21299073,4819935961839094589170368,-194157,30,100,100,0,True
1732952555,21299074,4820691325942325216587874,-194154,31,100,100,0,True
1732952567,21299075,4820691325942325216587874,-194154,31,100,100,0,True
1732952579,21299076,4820691325942325216587874,-194154,31,100,100,0,True
1732952591,21299077,4821115492021842434001839,-194152,32,100,100,0,True
1732952603,21299078,4821115492021842434001839,-194152,32,100,100,0,True
1732952615,21299079,4821916340460062861426688,-194149,33,100,100,0,True
1732952627,21299080,4821916340460062861426688,-194149,33,100,100,0,True
1732952639,21299081,4822357986505997222843870,-194147,34,100,100,0,True
1732952651,21299082,4822357986505997222843870,-194147,34,100,100,0,True
1732952663,21299083,4822357986505997222843870,-194147,34,100,100,0,True
1732952675,21299084,4822357986505997222843870,-194147,34,100,100,0,True
1732952687,21299085,4822357986505997222843870,-194147,34,100,100,0,True
1732952699,21299086,4822357986505997222843870,-194147,34,100,100,0,True
1732952711,21299087,4822357986505997222843870,-194147,34,100,100,0,True
1732952723,21299088,4822357986505997222843870,-194147,34,100,100,0,True
1732952735,21299089,4822409554226420327582738,-194146,35,100,100,0,True
1732952747,21299090,4822409554226420327582738,-194146,35,100,100,0,True
1732952759,21299091,4822409554226420327582738,-194146,35,100,100,0,True
1732952771,21299092,4822409554226420327582738,-194146,35,100,100,0,True
1732952783,21299093,4822409554226420327582738,-194146,35,100,100,0,True
1732952795,21299094,4822409554226420327582738,-194146,35,100,100,0,True
1732952807,21299095,4822409554226420327582738,-194146,35,100,100,0,True
1732952819,21299096,4822409554226420327582738,-194146,35,100,100,0,True
1732952831,21299097,4822409554226420327582738,-194146,35,100,100,0,True
1732952843,21299098,4822409554226420327582738,-194146,35,100,100,0,True
1732952855,21299099,4822409554226420327582738,-194146,35,100,100,0,True
1732952867,21299100,4822409554226420327582738,-194146,35,100,100,0,True
1732952879,21299101,4822409554226420327582738,-194146,35,100,100,0,True
1732952891,21299102,4822409554226420327582738,-194146,35,100,100,0,True
1732952903,21299103,4822409554226420327582738,-194146,35,100,100,0,True
1732952915,21299104,4822409554226420327582738,-194146,35,100,100,0,True
1732952927,21299105,4822409554226420327582738,-194146,35,100,100,0,True
1732952939,21299106,4822409554226420327582738,-194146,35,100,100,0,True
1732952951,21299107,4822409554226420327582738,-194146,35,100,100,0,True
1732952963,21299108,4822409554226420327582738,-194146,35,100,100,0,True
1732952975,21299109,4822409554226420327582738,-194146,35,100,100,0,True
1732952987,21299110,4822409554226420327582738,-194146,35,100,100,0,True
1732952999,21299111,4822409554226420327582738,-194146,35,100,100,0,True
1732953011,21299112,4822409554226420327582738,-194146,35,100,100,0,True
1732953023,21299113,4822409554226420327582738,-194146,35,100,100,0,True
1732953035,21299114,4822409554226420327582738,-194146,35,100,100,0,True
1732953047,21299115,4822409554226420327582738,-194146,35,100,100,0,True
1732953059,21299116,4822409554226420327582738,-194146,35,100,100,0,True
1732953071,21299117,4822409554226420327582738,-194146,35,100,100,0,True
1732953083,21299118,4822409554226420327582738,-194146,35,100,100,0,True
1732953095,21299119,4822409554226420327582738,-194146,35,100,100,0,True
1732953107,21299120,4822409554226420327582738,-194146,35,100,100,0,True
1732953119,21299121,4822409554226420327582738,-194146,35,100,100,0,True
1732953131,21299122,4822409554226420327582738,-194146,35,100,100,0,True
1732953143,21299123,4822409554226420327582738,-194146,35,100,100,0,True
1732953155,21299124,4822409554226420327582738,-194146,35,100,100,0,True
1732953167,21299125,4822409554226420327582738,-194146,35,100,100,0,True
1732953179,21299126,4822409554226420327582738,-194146,35,100,100,0,True
1732953191,21299127,4822409554226420327582738,-194146,35,100,100,0,True
1732953203,21299128,4822409554226420327582738,-194146,35,100,100,0,True
1732953215,21299129,4822409554226420327582738,-194146,35,100,100,0,True
1732953227,21299130,4822409554226420327582738,-194146,35,100,100,0,True
1732953239,21299131,4822409554226420327582738,-194146,35,100,100,0,True
1732953251,21299132,4822409554226420327582738,-194146,35,100,100,0,True
1732953263,21299133,4822409554226420327582738,-194146,35,100,100,0,True
1732953275,21299134,4822409554226420327582738,-194146,35,100,100,0,True
1732953287,21299135,4822409554226420327582738,-194146,35,100,100,0,True
1732953299,21299136,4822409554226420327582738,-194146,35,100,100,0,True
1732953311,21299137,4822409554226420327582738,-194146,35,100,100,0,True
1732953323,21299138,4822409554226420327582738,-194146,35,100,100,0,True
1732953335,21299139,4822409554226420327582738,-194146,35,100,100,0,True
1732953347,21299140,4822409554226420327582738,-194146,35,100,100,0,True
1732953359,21299141,4822409554226420327582738,-194146,35,100,100,0,True
1732953371,21299142,4822409554226420327582738,-194146,35,100,100,0,True
1732953383,21299143,4822409554226420327582738,-194146,35,100,100,0,True
1732953395,21299144,4822409554226420327582738,-194146,35,100,100,0,True
1732953407,21299145,4822409554226420327582738,-194146,35,100,100,0,True
1732953419,21299146,4822409554226420327582738,-194146,35,100,100,0,True
1732953431,21299147,4822409554226420327582738,-194146,35,100,100,0,True
1732953443,21299148,4822409554226420327582738,-194146,35,100,100,0,True
1732953455,21299149,4822409554226420327582738,-194146,35,100,100,0,True
1732953467,21299150,4822409554226420327582738,-194146,35,100,100,0,True
1732953479,21299151,4822409554226420327582738,-194146,35,100,100,0,True
1732953491,21299152,4822409554226420327582738,-194146,35,100,100,0,True
1732953503,21299153,4822415532208995126482909,-194146,35,100,100,0,True
1732953515,21299154,4822415532208995126482909,-194146,35,100,100,0,True
1732953527,21299155,4822415532208995126482909,-194146,35,100,100,0,True
1732953539,21299156,4822415532208995126482909,-194146,35,100,100,0,True
1732953551,21299157,4822415532208995126482909,-194146,35,100,100,0,True
1732953563,21299158,4822415532208995126482909,-194146,35,100,100,0,True
1732953575,21299159,4822415532208995126482909,-194146,35,100,100,0,True
1732953587,21299160,4822415532208995126482909,-194146,35,100,100,0,True
1732953599,21299161,4822415532208995126482909,-194146,35,100,100,0,True
1732953611,21299162,4822415532208995126482909,-194146,35,100,100,0,True
1732953623,21299163,4822415532208995126482909,-194146,35,100,100,0,True
1732953635,21299164,4822415532208995126482909,-194146,35,100,100,0,True
1732953647,21299165,4822415532208995126482909,-194146,35,100,100,0,True
1732953659,21299166,4822415532208995126482909,-194146,35,100,100,0,True
1732953671,21299167,4822415532208995126482909,-194146,35,100,100,0,True
1732953683,21299168,4822415532208995126482909,-194146,35,100,100,0,True
1732953695,21299169,4822415532208995126482909,-194146,35,100,100,0,True
1732953707,21299170,4822415532208995126482909,-194146,35,100,100,0,True
1732953719,21299171,4822415532208995126482909,-194146,35,100,100,0,True
1732953731,21299172,4822415532208995126482909,-194146,35,100,100,0,True
1732953743,21299173,4822415532208995126482909,-194146,35,100,100,0,True
1732953755,21299174,4822415532208995126482909,-194146,35,100,100,0,True
1732953767,21299175,4822415532208995126482909,-194146,35,100,100,0,True
1732953779,21299176,4822415532208995126482909,-194146,35,100,100,0,True
1732953791,21299177,4822415532208995126482909,-194146,35,100,100,0,True
1732953803,21299178,4822415532208995126482909,-194146,35,100,100,0,True
1732953815,21299179,4822415532208995126482909,-194146,35,100,100,0,True
1732953827,21299180,4822415532208995126482909,-194146,35,100,100,0,True
1732953839,21299181,4822415532208995126482909,-194146,35,100,100,0,True
1732953851,21299182,4822415532208995126482909,-194146,35,100,100,0,True
1732953863,21299183,4822415532208995126482909,-194146,35,100,100,0,True
1732953875,21299184,4822415532208995126482909,-194146,35,100,100,0,True
1732953887,21299185,4822415532208995126482909,-194146,35,100,100,0,True
1732953899,21299186,4822415532208995126482909,-194146,35,100,100,0,True
1732953911,21299187,4822415532208995126482909,-194146,35,100,100,0,True
1732953923,21299188,4822415532208995126482909,-194146,36,100,100,0,True
1732953935,21299189,4822415532208995126482909,-194146,36,100,100,0,True
1732953947,21299190,4822415532208995126482909,-194146,36,100,100,0,True
1732953959,21299191,4822415532208995126482909,-194146,36,100,100,0,True
1732953971,21299192,4822415532208995126482909,-194146,36,100,100,0,True
1732953983,21299193,4822415532208995126482909,-194146,36,100,100,0,True
1732953995,21299194,4822415532208995126482909,-194146,36,100,100,0,True
1732954007,21299195,4822415532208995126482909,-194146,36,100,100,0,True
1732954019,21299196,4822415532208995126482909,-194146,36,100,100,0,True
1732954031,21299197,4822415532208995126482909,-194146,36,100,100,0,True
1732954043,21299198,4822415532208995126482909,-194146,36,100,100,0,True
1732954055,21299199,4822415532208995126482909,-194146,36,100,100,0,True
1732954067,21299200,4822768471587377190716214,-194145,37,100,100,0,True
1732954079,21299201,4822768471587377190716214,-194145,37,100,100,0,True
1732954091,21299202,4823660672695242378779610,-194141,38,100,100,0,True
1732954103,21299203,4823660672695242378779610,-194141,38,100,100,0,True
1732954115,21299204,4823660672695242378779610,-194141,38,100,100,0,True
1732954127,21299205,4823660672695242378779610,-194141,38,100,100,0,True
1732954139,21299206,4823660672695242378779610,-194141,38,100,100,0,True
1732954151,21299207,4823660672695242378779610,-194141,38,100,100,0,True
1732954163,21299208,4823660672695242378779610,-194141,38,100,100,0,True
1732954175,21299209,4823660672695242378779610,-194141,38,100,100,0,True
1732954187,21299210,4823660672695242378779610,-194141,38,100,100,0,True
1732954199,21299211,4823660672695242378779610,-194141,38,100,100,0,True
1732954211,21299212,4823660672695242378779610,-194141,38,100,100,0,True
1732954223,21299213,4823660672695242378779610,-194141,38,100,100,0,True
1732954235,21299214,4823660672695242378779610,-194141,38,100,100,0,True
1732954247,21299215,4823660672695242378779610,-194141,38,100,100,0,True
1732954259,21299216,4823660672695242378779610,-194141,38,100,100,0,True
1732954271,21299217,4823660672695242378779610,-194141,38,100,100,0,True
1732954283,21299218,4823660672695242378779610,-194141,38,100,100,0,True
1732954295,21299219,4823660672695242378779610,-194141,38,100,100,0,True
1732954307,21299220,4823660672695242378779610,-194141,38,100,100,0,True
1732954319,21299221,4823660672695242378779610,-194141,38,100,100,0,True
1732954331,21299222,4823660672695242378779610,-194141,38,100,100,0,True
1732954343,21299223,4823660672695242378779610,-194141,38,100,100,0,True
1732954355,21299224,4823660672695242378779610,-194141,38,100,100,0,True
1732954367,21299225,4823660672695242378779610,-194141,38,100,100,0,True
1732954379,21299226,4823660672695242378779610,-194141,38,100,100,0,True
1732954391,21299227,4823660672695242378779610,-194141,38,100,100,0,True
1732954403,21299228,4823660672695242378779610,-194141,38,100,100,0,True
1732954415,21299229,4823660672695242378779610,-194141,38,100,100,0,True
1732954427,21299230,4823660672695242378779610,-194141,38,100,100,0,True
1732954439,21299231,4823660672695242378779610,-194141,38,100,100,0,True
1732954451,21299232,4823660672695242378779610,-194141,38,100,100,0,True
1732954463,21299233,4823660672695242378779610,-194141,38,100,100,0,True
1732954475,21299234,4823660672695242378779610,-194141,38,100,100,0,True
1732954487,21299235,4823660672695242378779610,-194141,38,100,100,0,True
1732954499,21299236,4823660672695242378779610,-194141,38,100,100,0,True
1732954511,21299237,4823660672695242378779610,-194141,38,100,100,0,True
1732954523,21299238,4823660672695242378779610,-194141,38,100,100,0,True
1732954535,21299239,4823683322096579938906059,-194141,38,100,100,0,True
1732954547,21299240,4823683322096579938906059,-194141,38,100,100,0,True
1732954559,21299241,4823683322096579938906059,-194141,38,100,100,0,True
1732954571,21299242,4823683322096579938906059,-194141,38,100,100,0,True
1732954583,21299243,4823683322096579938906059,-194141,38,100,100,0,True
1732954595,21299244,4823683322096579938906059,-194141,38,100,100,0,True
1732954607,21299245,4823683322096579938906059,-194141,38,100,100,0,True
1732954619,21299246,4823683322096579938906059,-194141,38,100,100,0,True
1732954631,21299247,4823683322096579938906059,-194141,38,100,100,0,True
1732954643,21299248,4823683322096579938906059,-194141,38,100,100,0,True
1732954655,21299249,4823683322096579938906059,-194141,38,100,100,0,True
1732954667,21299250,4823683322096579938906059,-194141,38,100,100,0,True
1732954679,21299251,4823683322096579938906059,-194141,38,100,100,0,True
1732954691,21299252,4823683322096579938906059,-194141,38,100,100,0,True
1732954703,21299253,4823683322096579938906059,-194141,38,100,100,0,True
1732954715,21299254,4823683322096579938906059,-194141,38,100,100,0,True
1732954727,21299255,4823683322096579938906059,-194141,38,100,100,0,True
1732954739,21299256,4823683322096579938906059,-194141,38,100,100,0,True
1732954751,21299257,4823683322096579938906059,-194141,38,100,100,0,True
1732954763,21299258,4823683322096579938906059,-194141,38,100,100,0,True
1732954775,21299259,4823683322096579938906059,-194141,38,100,100,0,True
1732954787,21299260,4823683322096579938906059,-194141,38,100,100,0,True
1732954799,21299261,4823683322096579938906059,-194141,38,100,100,0,True
1732954811,21299262,4823683322096579938906059,-194141,38,100,100,0,True
1732954823,21299263,4823683322096579938906059,-194141,38,100,100,0,True
1732954835,21299264,4823683322096579938906059,-194141,38,100,100,0,True
1732954847,21299265,4823683322096579938906059,-194141,38,100,100,0,True
1732954859,21299266,4823683322096579938906059,-194141,38,100,100,0,True
1732954871,21299267,4823683322096579938906059,-194141,38,100,100,0,True
1732954883,21299268,4823683322096579938906059,-194141,38,100,100,0,True
1732954895,21299269,4823683322096579938906059,-194141,38,100,100,0,True
1732954907,21299270,4823683322096579938906059,-194141,38,100,100,0,True
1732954919,21299271,4823683322096579938906059,-194141,38,100,100,0,True
1732954931,21299272,4823683322096579938906059,-194141,38,100,100,0,True
1732954943,21299273,4823683322096579938906059,-194141,38,100,100,0,True
1732954955,21299274,4823683322096579938906059,-194141,38,100,100,0,True
1732954967,21299275,4823683322096579938906059,-194141,38,100,100,0,True
1732954979,21299276,4823683322096579938906059,-194141,38,100,100,0,True
1732954991,21299277,4823683322096579938906059,-194141,38,100,100,0,True
1732955003,21299278,4823683322096579938906059,-194141,38,100,100,0,True
1732955015,21299279,4823683322096579938906059,-194141,38,100,100,0,True
1732955027,21299280,4823683322096579938906059,-194141,38,100,100,0,True
1732955039,21299281,4823683322096579938906059,-194141,38,100,100,0,True
1732955051,21299282,4823683322096579938906059,-194141,38,100,100,0,True
1732955063,21299283,4823683322096579938906059,-194141,38,100,100,0,True
1732955075,21299284,4823683322096579938906059,-194141,38,100,100,0,True
1732955087,21299285,4823683322096579938906059,-194141,38,100,100,0,True
1732955099,21299286,4823683322096579938906059,-194141,38,100,100,0,True
1732955111,21299287,4823683322096579938906059,-194141,38,100,100,0,True
1732955123,21299288,4823683322096579938906059,-194141,38,100,100,0,True
1732955135,21299289,4823683322096579938906059,-194141,38,100,100,0,True
1732955147,21299290,4823683322096579938906059,-194141,38,100,100,0,True
1732955159,21299291,4823683322096579938906059,-194141,38,100,100,0,True
1732955171,21299292,4823683322096579938906059,-194141,38,100,100,0,True
1732955183,21299293,4823683322096579938906059,-194141,38,100,100,0,True
1732955195,21299294,4823683322096579938906059,-194141,38,100,100,0,True
1732955207,21299295,4823683322096579938906059,-194141,38,100,100,0,True
1732955219,21299296,4823683322096579938906059,-194141,38,100,100,0,True
1732955231,21299297,4823683322096579938906059,-194141,38,100,100,0,True
1732955243,21299298,4823683322096579938906059,-194141,38,100,100,0,True
1732955255,21299299,4823683322096579938906059,-194141,38,100,100,0,True
1732955267,21299300,4823683322096579938906059,-194141,38,100,100,0,True
1732955279,21299301,4823683322096579938906059,-194141,38,100,100,0,True
1732955291,21299302,4823683322096579938906059,-194141,38,100,100,0,True
1732955303,21299303,4823683322096579938906059,-194141,38,100,100,0,True
1732955315,21299304,4823683322096579938906059,-194141,38,100,100,0,True
1732955327,21299305,4823683322096579938906059,-194141,38,100,100,0,True
1732955339,21299306,4823683322096579938906059,-194141,38,100,100,0,True
1732955351,21299307,4823683322096579938906059,-194141,38,100,100,0,True
1732955363,21299308,4823683322096579938906059,-194141,38,100,100,0,True
1732955375,21299309,4823683322096579938906059,-194141,38,100,100,0,True
1732955387,21299310,4823683322096579938906059,-194141,38,100,100,0,True
1732955399,21299311,4823683322096579938906059,-194141,38,100,100,0,True
1732955411,21299312,4823683322096579938906059,-194141,38,100,100,0,True
1732955423,21299313,4823683322096579938906059,-194141,38,100,100,0,True
1732955435,21299314,4823683322096579938906059,-194141,38,100,100,0,True
1732955447,21299315,4823683322096579938906059,-194141,38,100,100,0,True
1732955459,21299316,4823683322096579938906059,-194141,38,100,100,0,True
1732955471,21299317,4823682016633914086017423,-194141,38,100,100,0,True
1732955483,21299318,4823682016633914086017423,-194141,38,100,100,0,True
1732955495,21299319,4823682016633914086017423,-194141,38,100,100,0,True
1732955507,21299320,4823682016633914086017423,-194141,38,100,100,0,True
1732955519,21299321,4823682016633914086017423,-194141,38,100,100,0,True
1732955531,21299322,4823682016633914086017423,-194141,38,100,100,0,True
1732955543,21299323,4823682016633914086017423,-194141,38,100,100,0,True
1732955555,21299324,4823682016633914086017423,-194141,38,100,100,0,True
1732955567,21299325,4823682016633914086017423,-194141,38,100,100,0,True
1732955579,21299326,4823682016633914086017423,-194141,38,100,100,0,True
1732955591,21299327,4823682016633914086017423,-194141,38,100,100,0,True
1732955603,21299328,4823682016633914086017423,-194141,38,100,100,0,True
1732955615,21299329,4823682016633914086017423,-194141,38,100,100,0,True
1732955627,21299330,4823682016633914086017423,-194141,38,100,100,0,True
1732955639,21299331,4823684626760298857115858,-194141,38,100,100,0,True
1732955651,21299332,4823684626760298857115858,-194141,38,100,100,0,True
1732955663,21299333,4823684626760298857115858,-194141,38,100,100,0,True
1732955675,21299334,4823684626760298857115858,-194141,38,100,100,0,True
1732955687,21299335,4823684626760298857115858,-194141,38,100,100,0,True
1732955699,21299336,4823684626760298857115858,-194141,38,100,100,0,True
1732955711,21299337,4823684626760298857115858,-194141,38,100,100,0,True
1732955723,21299338,4823684626760298857115858,-194141,38,100,100,0,True
1732955735,21299339,4823684626760298857115858,-194141,38,100,100,0,True
1732955747,21299340,4823684626760298857115858,-194141,38,100,100,0,True
1732955759,21299341,4823684626760298857115858,-194141,38,100,100,0,True
1732955771,21299342,4823684626760298857115858,-194141,38,100,100,0,True
1732955783,21299343,4823346637346117357064225,-194143,39,100,100,0,True
1732955795,21299344,4823346637346117357064225,-194143,39,100,100,0,True
1732955807,21299345,4823346637346117357064225,-194143,39,100,100,0,True
1732955819,21299346,4822788501021838663624320,-194145,40,100,100,0,True
1732955831,21299347,4822788501021838663624320,-194145,40,100,100,0,True
1732955843,21299348,4821794858188942064187003,-194149,41,100,100,0,True
1732955855,21299349,4821794858188942064187003,-194149,41,100,100,0,True
1732955867,21299350,4821794858188942064187003,-194149,41,100,100,0,True
1732955879,21299351,4821794858188942064187003,-194149,41,100,100,0,True
1732955891,21299352,4820793545414354133101121,-194153,42,100,100,0,True
1732955903,21299353,4820150926794596737711966,-194156,43,100,100,0,True
1732955915,21299354,4820115039140059670187664,-194156,43,100,100,0,True
1732955927,21299355,4820115039140059670187664,-194156,43,100,100,0,True
1732955939,21299356,4820115039140059670187664,-194156,43,100,100,0,True
1732955951,21299357,4820115039140059670187664,-194156,43,100,100,0,True
1732955963,21299358,4820115039140059670187664,-194156,43,100,100,0,True
1732955975,21299359,4820115039140059670187664,-194156,43,100,100,0,True
1732955987,21299360,4820115039140059670187664,-194156,43,100,100,0,True
1732955999,21299361,4820115039140059670187664,-194156,43,100,100,0,True
1732956011,21299362,4820115039140059670187664,-194156,43,100,100,0,True
1732956023,21299363,4820115039140059670187664,-194156,43,100,100,0,True
1732956035,21299364,4820115039140059670187664,-194156,43,100,100,0,True
1732956047,21299365,4820115039140059670187664,-194156,43,100,100,0,True
1732956059,21299366,4820115039140059670187664,-194156,43,100,100,0,True
1732956071,21299367,4820115039140059670187664,-194156,43,100,100,0,True
1732956083,21299368,4820115039140059670187664,-194156,43,100,100,0,True
1732956095,21299369,4820115039140059670187664,-194156,43,100,100,0,True
1732956107,21299370,4820115039140059670187664,-194156,43,100,100,0,True
1732956119,21299371,4820115039140059670187664,-194156,43,100,100,0,True
1732956131,21299372,4820115039140059670187664,-194156,43,100,100,0,True
1732956143,21299373,4820115039140059670187664,-194156,43,100,100,0,True
1732956155,21299374,4820115039140059670187664,-194156,43,100,100,0,True
1732956167,21299375,4820115039140059670187664,-194156,43,100,100,0,True
1732956179,21299376,4820115039140059670187664,-194156,43,100,100,0,True
1732956191,21299377,4820115039140059670187664,-194156,43,100,100,0,True
1732956203,21299378,4820114456878861670403069,-194156,43,100,100,0,True
1732956215,21299379,4820114456878861670403069,-194156,43,100,100,0,True
1732956227,21299380,4820114456878861670403069,-194156,43,100,100,0,True
1732956239,21299381,4820114456878861670403069,-194156,43,100,100,0,True
1732956251,21299382,4820114279755228324485954,-194156,43,100,100,0,True
1732956263,21299383,4820114279755228324485954,-194156,43,100,100,0,True
1732956275,21299384,4820114279755228324485954,-194156,43,100,100,0,True
1732956287,21299385,4820114279755228324485954,-194156,43,100,100,0,True
1732956299,21299386,4820114279755228324485954,-194156,43,100,100,0,True
1732956311,21299387,4820114279755228324485954,-194156,43,100,100,0,True
1732956323,21299388,4820114279755228324485954,-194156,43,100,100,0,True
1732956335,21299389,4820114279755228324485954,-194156,43,100,100,0,True
1732956347,21299390,4820114279755228324485954,-194156,43,100,100,0,True
1732956359,21299391,4820114279755228324485954,-194156,43,100,100,0,True
1732956371,21299392,4820114279755228324485954,-194156,43,100,100,0,True
1732956383,21299393,4820114279755228324485954,-194156,43,100,100,0,True
1732956395,21299394,4820114279755228324485954,-194156,43,100,100,0,True
1732956407,21299395,4820114279755228324485954,-194156,43,100,100,0,True
1732956419,21299396,4820114279755228324485954,-194156,43,100,100,0,True
1732956431,21299397,4820114279755228324485954,-194156,43,100,100,0,True
1732956443,21299398,4820114279755228324485954,-194156,43,100,100,0,True
1732956455,21299399,4820121382336831427969907,-194156,43,100,100,0,True
1732956467,21299400,4820121382336831427969907,-194156,43,100,100,0,True
1732956479,21299401,4820121382336831427969907,-194156,43,100,100,0,True
1732956491,21299402,4820121382336831427969907,-194156,43,100,100,0,True
1732956503,21299403,4820121382336831427969907,-194156,43,100,100,0,True
1732956515,21299404,4820122344507963316999298,-194156,43,100,100,0,True
1732956527,21299405,4820122344507963316999298,-194156,43,100,100,0,True
1732956539,21299406,4820122344507963316999298,-194156,43,100,100,0,True
1732956551,21299407,4820123144901600903987622,-194156,43,100,100,0,True
1732956563,21299408,4820123144901600903987622,-194156,43,100,100,0,True
1732956575,21299409,4820123144901600903987622,-194156,43,100,100,0,True
1732956587,21299410,4820123144901600903987622,-194156,43,100,100,0,True
1732956599,21299411,4820123144901600903987622,-194156,43,100,100,0,True
1732956611,21299412,4820123144901600903987622,-194156,43,100,100,0,True
1732956623,21299413,4820123144901600903987622,-194156,43,100,100,0,True
1732956635,21299414,4820123144901600903987622,-194156,43,100,100,0,True
1732956647,21299415,4820123144901600903987622,-194156,43,100,100,0,True
1732956659,21299416,4820123144901600903987622,-194156,43,100,100,0,True
1732956671,21299417,4820123144901600903987622,-194156,43,100,100,0,True
1732956683,21299418,4820123144901600903987622,-194156,43,100,100,0,True
1732956695,21299419,4820123144901600903987622,-194156,43,100,100,0,True
1732956707,21299420,4820123144901600903987622,-194156,44,100,100,0,True
1732956719,21299421,4820123144901600903987622,-194156,44,100,100,0,True
1732956731,21299422,4820123144901600903987622,-194156,44,100,100,0,True
1732956743,21299423,4820123144901600903987622,-194156,44,100,100,0,True
1732956755,21299424,4820123144901600903987622,-194156,44,100,100,0,True
1732956767,21299425,4820123144901600903987622,-194156,44,100,100,0,True
1732956779,21299426,4820123144901600903987622,-194156,44,100,100,0,True
1732956791,21299427,4820123144901600903987622,-194156,44,100,100,0,True
1732956803,21299428,4820123144901600903987622,-194156,44,100,100,0,True
1732956815,21299429,4820123144901600903987622,-194156,44,100,100,0,True
1732956827,21299430,4820123144901600903987622,-194156,44,100,100,0,True
1732956839,21299431,4820123144901600903987622,-194156,44,100,100,0,True
1732956851,21299432,4820123144901600903987622,-194156,44,100,100,0,True
1732956863,21299433,4820123144901600903987622,-194156,44,100,100,0,True
1732956875,21299434,4820123144901600903987622,-194156,44,100,100,0,True
1732956887,21299435,4820123144901600903987622,-194156,44,100,100,0,True
1732956899,21299436,4820123144901600903987622,-194156,44,100,100,0,True
1732956911,21299437,4820123144901600903987622,-194156,44,100,100,0,True
1732956923,21299438,4820123144901600903987622,-194156,44,100,100,0,True
1732956935,21299439,4820123144901600903987622,-194156,44,100,100,0,True
1732956947,21299440,4820123144901600903987622,-194156,44,100,100,0,True
1732956959,21299441,4820123144901600903987622,-194156,44,100,100,0,True
1732956971,21299442,4820123144901600903987622,-194156,44,100,100,0,True
1732956983,21299443,4820123144901600903987622,-194156,44,100,100,0,True
1732956995,21299444,4820123144901600903987622,-194156,45,100,100,0,True
1732957007,21299445,4820123144901600903987622,-194156,45,100,100,0,True
1732957019,21299446,4820123144901600903987622,-194156,45,100,100,0,True
1732957031,21299447,4820123144901600903987622,-194156,45,100,100,0,True
1732957043,21299448,4820123144901600903987622,-194156,45,100,100,0,True
1732957055,21299449,4820123144901600903987622,-194156,45,100,100,0,True
1732957067,21299450,4820123144901600903987622,-194156,45,100,100,0,True
1732957079,21299451,4820123144901600903987622,-194156,45,100,100,0,True
1732957091,21299452,4820123144901600903987622,-194156,45,100,100,0,True
1732957103,21299453,4820123144901600903987622,-194156,45,100,100,0,True
1732957115,21299454,4820123144901600903987622,-194156,45,100,100,0,True
1732957127,21299455,4820123144901600903987622,-194156,45,100,100,0,True
1732957139,21299456,4820123144901600903987622,-194156,45,100,100,0,True
1732957151,21299457,4820123144901600903987622,-194156,45,100,100,0,True
1732957163,21299458,4820123144901600903987622,-194156,45,100,100,0,True
1732957175,21299459,4820123144901600903987622,-194156,45,100,100,0,True
1732957187,21299460,4820123144901600903987622,-194156,45,100,100,0,True
1732957199,21299461,4820123144901600903987622,-194156,45,100,100,0,True
1732957211,21299462,4820122903721572746598433,-194156,45,100,100,0,True
1732957223,21299463,4820122903721572746598433,-194156,45,100,100,0,True
1732957235,21299464,4820122903721572746598433,-194156,45,100,100,0,True
1732957247,21299465,4820122903721572746598433,-194156,45,100,100,0,True
1732957259,21299466,4820122903721572746598433,-194156,45,100,100,0,True
1732957283,21299467,4820122903721572746598433,-194156,45,100,100,0,True
1732957295,21299468,4820122903721572746598433,-194156,45,100,100,0,True
1732957307,21299469,4820122903721572746598433,-194156,45,100,100,0,True
1732957319,21299470,4820122903721572746598433,-194156,45,100,100,0,True
1732957331,21299471,4820122903721572746598433,-194156,45,100,100,0,True
1732957343,21299472,4820122903721572746598433,-194156,45,100,100,0,True
1732957355,21299473,4820122903721572746598433,-194156,45,100,100,0,True
1732957367,21299474,4820122903721572746598433,-194156,45,100,100,0,True
1732957379,21299475,4820122903721572746598433,-194156,45,100,100,0,True
1732957391,21299476,4820122903721572746598433,-194156,45,100,100,0,True
1732957403,21299477,4820122903721572746598433,-194156,45,100,100,0,True
1732957415,21299478,4820122903721572746598433,-194156,45,100,100,0,True
1732957427,21299479,4820122903721572746598433,-194156,45,100,100,0,True
1732957439,21299480,4820122903721572746598433,-194156,45,100,100,0,True
1732957451,21299481,4820122903721572746598433,-194156,45,100,100,0,True
1732957463,21299482,4820122903721572746598433,-194156,45,100,100,0,True
1732957475,21299483,4820122903721572746598433,-194156,45,100,100,0,True
1732957487,21299484,4820122903721572746598433,-194156,45,100,100,0,True
1732957499,21299485,4820122903721572746598433,-194156,45,100,100,0,True
1732957511,21299486,4820122903721572746598433,-194156,45,100,100,0,True
1732957523,21299487,4820122903721572746598433,-194156,45,100,100,0,True
1732957535,21299488,4820122903721572746598433,-194156,45,100,100,0,True
1732957547,21299489,4820122903721572746598433,-194156,45,100,100,0,True
1732957559,21299490,4820122903721572746598433,-194156,45,100,100,0,True
1732957571,21299491,4820122903721572746598433,-194156,45,100,100,0,True
1732957583,21299492,4820122903721572746598433,-194156,45,100,100,0,True
1732957595,21299493,4820122903721572746598433,-194156,45,100,100,0,True
1732957607,21299494,4820122903721572746598433,-194156,45,100,100,0,True
1732957619,21299495,4820122903721572746598433,-194156,45,100,100,0,True
1732957631,21299496,4820122903721572746598433,-194156,45,100,100,0,True
1732957643,21299497,4820122903721572746598433,-194156,45,100,100,0,True
1732957655,21299498,4820122903721572746598433,-194156,45,100,100,0,True
1732957667,21299499,4820122903721572746598433,-194156,45,100,100,0,True
1732957679,21299500,4820122903721572746598433,-194156,45,100,100,0,True
1732957691,21299501,4820122903721572746598433,-194156,45,100,100,0,True
1732957703,21299502,4820122903721572746598433,-194156,45,100,100,0,True
1732957715,21299503,4819029067726467394386796,-194160,46,100,100,0,True
1732957727,21299504,4818555118843529321342580,-194162,47,100,100,0,True
1732957739,21299505,4818555118843529321342580,-194162,47,100,100,0,True
1732957751,21299506,4818555118843529321342580,-194162,47,100,100,0,True
1732957763,21299507,4818555118843529321342580,-194162,47,100,100,0,True
1732957775,21299508,4818552020417208421538953,-194162,47,100,100,0,True
1732957787,21299509,4818552020417208421538953,-194162,47,100,100,0,True
1732957799,21299510,4818552020417208421538953,-194162,47,100,100,0,True
1732957811,21299511,4818552020417208421538953,-194162,47,100,100,0,True
1732957823,21299512,4818552020417208421538953,-194162,47,100,100,0,True
1732957835,21299513,4818552020417208421538953,-194162,47,100,100,0,True
1732957847,21299514,4818552020417208421538953,-194162,47,100,100,0,True
1732957859,21299515,4818552020417208421538953,-194162,47,100,100,0,True
1732957871,21299516,4818552020417208421538953,-194162,47,100,100,0,True
1732957883,21299517,4818552020417208421538953,-194162,47,100,100,0,True
1732957895,21299518,4818552020417208421538953,-194162,47,100,100,0,True
1732957907,21299519,4818552020417208421538953,-194162,47,100,100,0,True
1732957919,21299520,4818169294427244270299149,-194164,48,100,100,0,True
1732957931,21299521,4818169294427244270299149,-194164,48,100,100,0,True
1732957943,21299522,4818169294427244270299149,-194164,48,100,100,0,True
1732957955,21299523,4818169294427244270299149,-194164,48,100,100,0,True
1732957967,21299524,4818169294427244270299149,-194164,48,100,100,0,True
1732957979,21299525,4818169294427244270299149,-194164,48,100,100,0,True
1732957991,21299526,4818169294427244270299149,-194164,48,100,100,0,True
1732958003,21299527,4818169294427244270299149,-194164,48,100,100,0,True
1732958015,21299528,4818169294427244270299149,-194164,48,100,100,0,True
1732958027,21299529,4818162719656918086296945,-194164,48,100,100,0,True
1732958039,21299530,4818162719656918086296945,-194164,48,100,100,0,True
1732958051,21299531,4818162719656918086296945,-194164,48,100,100,0,True
1732958063,21299532,4818162719656918086296945,-194164,48,100,100,0,True
1732958075,21299533,4818119600715461525318876,-194164,48,100,100,0,True
1732958087,21299534,4818119449092173748590362,-194164,48,100,100,0,True
1732958099,21299535,4818085906436194975160372,-194164,48,100,100,0,True
1732958111,21299536,4818085906436194975160372,-194164,48,100,100,0,True
1732958123,21299537,4818085906436194975160372,-194164,48,100,100,0,True
1732958135,21299538,4818085906436194975160372,-194164,48,100,100,0,True
1732958147,21299539,4818085906436194975160372,-194164,48,100,100,0,True
1732958159,21299540,4818085906436194975160372,-194164,48,100,100,0,True
1732958171,21299541,4818085906436194975160372,-194164,48,100,100,0,True
1732958183,21299542,4818085906436194975160372,-194164,48,100,100,0,True
1732958195,21299543,4818085906436194975160372,-194164,48,100,100,0,True
1732958207,21299544,4818085906436194975160372,-194164,48,100,100,0,True
1732958219,21299545,4818085906436194975160372,-194164,48,100,100,0,True
1732958231,21299546,4818085906436194975160372,-194164,48,100,100,0,True
1732958243,21299547,4818085906436194975160372,-194164,48,100,100,0,True
1732958255,21299548,4818085906436194975160372,-194164,48,100,100,0,True
1732958267,21299549,4818085906436194975160372,-194164,48,100,100,0,True
1732958279,21299550,4818085906436194975160372,-194164,48,100,100,0,True
1732958291,21299551,4817120922543566591361010,-194168,49,100,100,0,True
1732958303,21299552,4816953559871248362790892,-194169,50,100,100,0,True
1732958315,21299553,4816953559871248362790892,-194169,50,100,100,0,True
1732958327,21299554,4816953559871248362790892,-194169,50,100,100,0,True
1732958339,21299555,4816953559871248362790892,-194169,50,100,100,0,True
1732958351,21299556,4816953559871248362790892,-194169,50,100,100,0,True
1732958363,21299557,4816953559871248362790892,-194169,50,100,100,0,True
1732958375,21299558,4816953559871248362790892,-194169,50,100,100,0,True
1732958387,21299559,4816953559871248362790892,-194169,50,100,100,0,True
1732958399,21299560,4816953559871248362790892,-194169,50,100,100,0,True
1732958411,21299561,4816953559871248362790892,-194169,50,100,100,0,True
1732958423,21299562,4816428226681766327018298,-194171,51,100,100,0,True
1732958435,21299563,4815564772722111661254116,-194175,52,100,100,0,True
1732958447,21299564,4815564772722111661254116,-194175,52,100,100,0,True
1732958459,21299565,4815564772722111661254116,-194175,52,100,100,0,True
1732958471,21299566,4815564772722111661254116,-194175,52,100,100,0,True
1732958483,21299567,4815564772722111661254116,-194175,52,100,100,0,True
1732958495,21299568,4815564772722111661254116,-194175,52,100,100,0,True
1732958507,21299569,4813981899228389766530374,-194181,53,100,100,0,True
1732958519,21299570,4813981899228389766530374,-194181,53,100,100,0,True
1732958531,21299571,4813981899228389766530374,-194181,53,100,100,0,True
1732958543,21299572,4813981899228389766530374,-194181,53,100,100,0,True
1732958555,21299573,4813981899228389766530374,-194181,53,100,100,0,True
1732958567,21299574,4813981899228389766530374,-194181,53,100,100,0,True
1732958579,21299575,4813981899228389766530374,-194181,53,100,100,0,True
1732958591,21299576,4813981899228389766530374,-194181,53,100,100,0,True
1732958603,21299577,4813981899228389766530374,-194181,53,100,100,0,True
1732958615,21299578,4813981899228389766530374,-194181,53,100,100,0,True
1732958627,21299579,4813981899228389766530374,-194181,53,100,100,0,True
1732958639,21299580,4813981899228389766530374,-194181,53,100,100,0,True
1732958651,21299581,4813981899228389766530374,-194181,53,100,100,0,True
1732958663,21299582,4813981899228389766530374,-194181,53,100,100,0,True
1732958675,21299583,4813981899228389766530374,-194181,53,100,100,0,True
1732958687,21299584,4813981899228389766530374,-194181,53,100,100,0,True
1732958699,21299585,4813981899228389766530374,-194181,53,100,100,0,True
1732958711,21299586,4813981899228389766530374,-194181,53,100,100,0,True
1732958723,21299587,4813981899228389766530374,-194181,53,100,100,0,True
1732958735,21299588,4813981899228389766530374,-194181,53,100,100,0,True
1732958747,21299589,4813981899228389766530374,-194181,53,100,100,0,True
1732958759,21299590,4813981899228389766530374,-194181,53,100,100,0,True
1732958771,21299591,4813981899228389766530374,-194181,53,100,100,0,True
1732958783,21299592,4813981899228389766530374,-194181,53,100,100,0,True
1732958795,21299593,4813981899228389766530374,-194181,53,100,100,0,True
1732958807,21299594,4813981899228389766530374,-194181,53,100,100,0,True
1732958819,21299595,4813981899228389766530374,-194181,53,100,100,0,True
1732958831,21299596,4813981899228389766530374,-194181,53,100,100,0,True
1732958843,21299597,4813981899228389766530374,-194181,53,100,100,0,True
1732958855,21299598,4813981899228389766530374,-194181,53,100,100,0,True
1732958867,21299599,4813981899228389766530374,-194181,53,100,100,0,True
1732958879,21299600,4813973668987652689263956,-194181,53,100,100,0,True
1732958891,21299601,4813973668987652689263956,-194181,53,100,100,0,True
1732958903,21299602,4813973668987652689263956,-194181,53,100,100,0,True
1732958915,21299603,4813973668987652689263956,-194181,53,100,100,0,True
1732958927,21299604,4813973668987652689263956,-194181,53,100,100,0,True
1732958939,21299605,4813973668987652689263956,-194181,53,100,100,0,True
1732958951,21299606,4813973668987652689263956,-194181,53,100,100,0,True
1732958963,21299607,4813973668987652689263956,-194181,53,100,100,0,True
1732958975,21299608,4813973668987652689263956,-194181,53,100,100,0,True
1732958987,21299609,4813973668987652689263956,-194181,53,100,100,0,True
1732958999,21299610,4813973668987652689263956,-194181,53,100,100,0,True
1732959011,21299611,4813973668987652689263956,-194181,53,100,100,0,True
1732959023,21299612,4813973668987652689263956,-194181,53,100,100,0,True
1732959035,21299613,4813973668987652689263956,-194181,53,100,100,0,True
1732959047,21299614,4813973668987652689263956,-194181,53,100,100,0,True
1732959059,21299615,4813973668987652689263956,-194181,53,100,100,0,True
1732959071,21299616,4813973668987652689263956,-194181,53,100,100,0,True
1732959083,21299617,4813973668987652689263956,-194181,53,100,100,0,True
1732959095,21299618,4813973668987652689263956,-194181,53,100,100,0,True
1732959107,21299619,4813973668987652689263956,-194181,53,100,100,0,True
1732959119,21299620,4813973668987652689263956,-194181,53,100,100,0,True
1732959131,21299621,4813973668987652689263956,-194181,53,100,100,0,True
1732959143,21299622,4813973668987652689263956,-194181,53,100,100,0,True
1732959155,21299623,4813973668987652689263956,-194181,53,100,100,0,True
1732959167,21299624,4812919993641223225081841,-194186,54,100,100,0,True
1732959179,21299625,4812919993641223225081841,-194186,54,100,100,0,True
1732959191,21299626,4812919993641223225081841,-194186,54,100,100,0,True
1732959203,21299627,4812919993641223225081841,-194186,54,100,100,0,True
1732959215,21299628,4812919993641223225081841,-194186,54,100,100,0,True
1732959227,21299629,4812919993641223225081841,-194186,54,100,100,0,True
1732959239,21299630,4812919993641223225081841,-194186,54,100,100,0,True
1732959251,21299631,4812919993641223225081841,-194186,54,100,100,0,True
1732959263,21299632,4812919993641223225081841,-194186,54,100,100,0,True
1732959275,21299633,4812919993641223225081841,-194186,54,100,100,0,True
1732959287,21299634,4812919993641223225081841,-194186,54,100,100,0,True
1732959299,21299635,4812919993641223225081841,-194186,54,100,100,0,True
1732959311,21299636,4812919993641223225081841,-194186,54,100,100,0,True
1732959323,21299637,4812919993641223225081841,-194186,54,100,100,0,True
1732959335,21299638,4812919993641223225081841,-194186,54,100,100,0,True
1732959347,21299639,4812919993641223225081841,-194186,54,100,100,0,True
1732959359,21299640,4812919993641223225081841,-194186,54,100,100,0,True
1732959371,21299641,4812919993641223225081841,-194186,54,100,100,0,True
1732959383,21299642,4812919993641223225081841,-194186,54,100,100,0,True
1732959407,21299643,4812919993641223225081841,-194186,54,100,100,0,True
1732959419,21299644,4812919993641223225081841,-194186,54,100,100,0,True
1732959431,21299645,4812919993641223225081841,-194186,54,100,100,0,True
1732959443,21299646,4812919993641223225081841,-194186,54,100,100,0,True
1732959455,21299647,4812919993641223225081841,-194186,54,100,100,0,True
1732959467,21299648,4812919993641223225081841,-194186,54,100,100,0,True
1732959479,21299649,4812919993641223225081841,-194186,54,100,100,0,True
1732959491,21299650,4812919993641223225081841,-194186,54,100,100,0,True
1732959503,21299651,4812919993641223225081841,-194186,54,100,100,0,True
1732959515,21299652,4812919993641223225081841,-194186,54,100,100,0,True
1732959527,21299653,4812919993641223225081841,-194186,54,100,100,0,True
1732959539,21299654,4812919993641223225081841,-194186,54,100,100,0,True
1732959551,21299655,4812919993641223225081841,-194186,54,100,100,0,True
1732959563,21299656,4812919993641223225081841,-194186,54,100,100,0,True
1732959587,21299657,4812919993641223225081841,-194186,54,100,100,0,True
1732959599,21299658,4812919993641223225081841,-194186,54,100,100,0,True
1732959611,21299659,4812919993641223225081841,-194186,54,100,100,0,True
1732959623,21299660,4812919993641223225081841,-194186,54,100,100,0,True
1732959635,21299661,4812919993641223225081841,-194186,54,100,100,0,True
1732959647,21299662,4812919993641223225081841,-194186,54,100,100,0,True
1732959659,21299663,4812919993641223225081841,-194186,54,100,100,0,True
1732959671,21299664,4812919993641223225081841,-194186,54,100,100,0,True
1732959683,21299665,4812919993641223225081841,-194186,54,100,100,0,True
1732959695,21299666,4812919993641223225081841,-194186,54,100,100,0,True
1732959707,21299667,4812919993641223225081841,-194186,54,100,100,0,True
1732959719,21299668,4812919993641223225081841,-194186,54,100,100,0,True
1732959731,21299669,4812919993641223225081841,-194186,54,100,100,0,True
1732959743,21299670,4812919993641223225081841,-194186,54,100,100,0,True
1732959755,21299671,4812920164639867692480183,-194186,54,100,100,0,True
1732959767,21299672,4812920164639867692480183,-194186,54,100,100,0,True
1732959779,21299673,4812920164639867692480183,-194186,54,100,100,0,True
1732959791,21299674,4812920164639867692480183,-194186,54,100,100,0,True
1732959803,21299675,4812920164639867692480183,-194186,54,100,100,0,True
1732959815,21299676,4812920164639867692480183,-194186,54,100,100,0,True
1732959827,21299677,4812920164639867692480183,-194186,54,100,100,0,True
1732959839,21299678,4812920164639867692480183,-194186,54,100,100,0,True
1732959851,21299679,4812916886600032165043588,-194186,54,100,100,0,True
1732959863,21299680,4812916886600032165043588,-194186,54,100,100,0,True
1732959875,21299681,4812916886600032165043588,-194186,54,100,100,0,True
1732959887,21299682,4812916886600032165043588,-194186,54,100,100,0,True
1732959899,21299683,4812916886600032165043588,-194186,54,100,100,0,True
1732959911,21299684,4812917903300004169791214,-194186,54,100,100,0,True
1732959923,21299685,4812917903300004169791214,-194186,54,100,100,0,True
1732959935,21299686,4812917903300004169791214,-194186,54,100,100,0,True
1732959947,21299687,4812917903300004169791214,-194186,54,100,100,0,True
1732959959,21299688,4812917903300004169791214,-194186,54,100,100,0,True
1732959971,21299689,4812917903300004169791214,-194186,54,100,100,0,True
1732959983,21299690,4812915748610715247682396,-194186,54,100,100,0,True
1732959995,21299691,4812915748610715247682396,-194186,54,100,100,0,True
1732960007,21299692,4812915748610715247682396,-194186,54,100,100,0,True
1732960019,21299693,4812915748610715247682396,-194186,54,100,100,0,True
1732960031,21299694,4812915748610715247682396,-194186,54,100,100,0,True
1732960043,21299695,4812915748610715247682396,-194186,54,100,100,0,True
1732960055,21299696,4812915748610715247682396,-194186,54,100,100,0,True
1732960067,21299697,4812915748610715247682396,-194186,54,100,100,0,True
1732960079,21299698,4812915748610715247682396,-194186,54,100,100,0,True
1732960091,21299699,4812915748610715247682396,-194186,54,100,100,0,True
1732960103,21299700,4812915748610715247682396,-194186,54,100,100,0,True
1732960115,21299701,4812915748610715247682396,-194186,54,100,100,0,True
1732960127,21299702,4812915748610715247682396,-194186,54,100,100,0,True
1732960139,21299703,4812915748610715247682396,-194186,54,100,100,0,True
1732960151,21299704,4812915748610715247682396,-194186,54,100,100,0,True
1732960163,21299705,4812915748610715247682396,-194186,54,100,100,0,True
1732960175,21299706,4812915748610715247682396,-194186,54,100,100,0,True
1732960187,21299707,4812915748610715247682396,-194186,54,100,100,0,True
1732960199,21299708,4812915748610715247682396,-194186,54,100,100,0,True
1732960211,21299709,4812915748610715247682396,-194186,54,100,100,0,True
1732960223,21299710,4812915748610715247682396,-194186,54,100,100,0,True
1732960235,21299711,4812915748610715247682396,-194186,54,100,100,0,True
1732960247,21299712,4812915748610715247682396,-194186,54,100,100,0,True
1732960259,21299713,4812915748610715247682396,-194186,54,100,100,0,True
1732960271,21299714,4812915748610715247682396,-194186,54,100,100,0,True
1732960283,21299715,4812915748610715247682396,-194186,54,100,100,0,True
1732960295,21299716,4812915748610715247682396,-194186,54,100,100,0,True
1732960307,21299717,4812915748610715247682396,-194186,54,100,100,0,True
1732960319,21299718,4812915748610715247682396,-194186,54,100,100,0,True
1732960331,21299719,4812915748610715247682396,-194186,54,100,100,0,True
1732960343,21299720,4812915748610715247682396,-194186,54,100,100,0,True
1732960355,21299721,4812915748610715247682396,-194186,54,100,100,0,True
1732960367,21299722,4812915748610715247682396,-194186,54,100,100,0,True
1732960379,21299723,4812915748610715247682396,-194186,54,100,100,0,True
1732960391,21299724,4812915748610715247682396,-194186,54,100,100,0,True
1732960403,21299725,4812915748610715247682396,-194186,54,100,100,0,True
1732960415,21299726,4812915748610715247682396,-194186,54,100,100,0,True
1732960427,21299727,4812915748610715247682396,-194186,54,100,100,0,True
1732960439,21299728,4812915748610715247682396,-194186,54,100,100,0,True
1732960451,21299729,4812915748610715247682396,-194186,54,100,100,0,True
1732960463,21299730,4812915748610715247682396,-194186,54,100,100,0,True
1732960475,21299731,4812915748610715247682396,-194186,54,100,100,0,True
1732960487,21299732,4812915748610715247682396,-194186,54,100,100,0,True
1732960499,21299733,4812915748610715247682396,-194186,54,100,100,0,True
1732960511,21299734,4812915748610715247682396,-194186,54,100,100,0,True
1732960523,21299735,4812915748610715247682396,-194186,54,100,100,0,True
1732960535,21299736,4812915748610715247682396,-194186,54,100,100,0,True
1732960547,21299737,4812915748610715247682396,-194186,54,100,100,0,True
1732960559,21299738,4812915748610715247682396,-194186,54,100,100,0,True
1732960571,21299739,4812915748610715247682396,-194186,54,100,100,0,True
1732960583,21299740,4812915748610715247682396,-194186,54,100,100,0,True
1732960595,21299741,4812915748610715247682396,-194186,54,100,100,0,True
1732960607,21299742,4812915748610715247682396,-194186,54,100,100,0,True
1732960619,21299743,4812915748610715247682396,-194186,54,100,100,0,True
1732960631,21299744,4812915748610715247682396,-194186,54,100,100,0,True
1732960643,21299745,4812915748610715247682396,-194186,54,100,100,0,True
1732960655,21299746,4812915748610715247682396,-194186,54,100,100,0,True
1732960667,21299747,4812915748610715247682396,-194186,54,100,100,0,True
1732960679,21299748,4812915748610715247682396,-194186,54,100,100,0,True
1732960691,21299749,4812915748610715247682396,-194186,54,100,100,0,True
1732960703,21299750,4812915748610715247682396,-194186,54,100,100,0,True
1732960715,21299751,4812915748610715247682396,-194186,54,100,100,0,True
1732960727,21299752,4812915748610715247682396,-194186,54,100,100,0,True
1732960739,21299753,4812912596655036438403127,-194186,54,100,100,0,True
1732960751,21299754,4812912596655036438403127,-194186,54,100,100,0,True
1732960763,21299755,4812912596655036438403127,-194186,54,100,100,0,True
1732960775,21299756,4812912596655036438403127,-194186,54,100,100,0,True
1732960787,21299757,4812912596655036438403127,-194186,54,100,100,0,True
1732960799,21299758,4812912596655036438403127,-194186,54,100,100,0,True
1732960811,21299759,4812912596655036438403127,-194186,54,100,100,0,True
1732960823,21299760,4812912596655036438403127,-194186,54,100,100,0,True
1732960835,21299761,4812912596655036438403127,-194186,54,100,100,0,True
1732960847,21299762,4812912596655036438403127,-194186,54,100,100,0,True
1732960859,21299763,4812912596655036438403127,-194186,54,100,100,0,True
1732960871,21299764,4812912596655036438403127,-194186,54,100,100,0,True
1732960883,21299765,4812912596655036438403127,-194186,54,100,100,0,True
1732960895,21299766,4812912596655036438403127,-194186,54,100,100,0,True
1732960907,21299767,4812912596655036438403127,-194186,54,100,100,0,True
1732960919,21299768,4812912596655036438403127,-194186,54,100,100,0,True
1732960943,21299769,4812912596655036438403127,-194186,54,100,100,0,True
1732960955,21299770,4812912596655036438403127,-194186,54,100,100,0,True
1732960967,21299771,4812912596655036438403127,-194186,54,100,100,0,True
1732960979,21299772,4812912596655036438403127,-194186,54,100,100,0,True
1732960991,21299773,4812912596655036438403127,-194186,54,100,100,0,True
1732961003,21299774,4812912596655036438403127,-194186,54,100,100,0,True
1732961015,21299775,4812912596655036438403127,-194186,54,100,100,0,True
1732961027,21299776,4812912596655036438403127,-194186,54,100,100,0,True
1732961039,21299777,4812912596655036438403127,-194186,54,100,100,0,True
1732961051,21299778,4812912596655036438403127,-194186,54,100,100,0,True
1732961063,21299779,4812912596655036438403127,-194186,54,100,100,0,True
1732961075,21299780,4812913063045701058871432,-194186,54,100,100,0,True
1732961087,21299781,4812913063045701058871432,-194186,54,100,100,0,True
1732961099,21299782,4812913063045701058871432,-194186,54,100,100,0,True
1732961111,21299783,4812913291191105002952845,-194186,54,100,100,0,True
1732961123,21299784,4812913291191105002952845,-194186,54,100,100,0,True
1732961135,21299785,4812913291191105002952845,-194186,54,100,100,0,True
1732961147,21299786,4812913291191105002952845,-194186,54,100,100,0,True
1732961159,21299787,4812913291191105002952845,-194186,54,100,100,0,True
1732961171,21299788,4812913291191105002952845,-194186,54,100,100,0,True
1732961183,21299789,4812913291191105002952845,-194186,54,100,100,0,True
1732961195,21299790,4812913291191105002952845,-194186,54,100,100,0,True
1732961207,21299791,4812913291191105002952845,-194186,54,100,100,0,True
1732961219,21299792,4812913291191105002952845,-194186,54,100,100,0,True
1732961231,21299793,4812913291191105002952845,-194186,54,100,100,0,True
1732961243,21299794,4812913291191105002952845,-194186,54,100,100,0,True
1732961255,21299795,4812913291191105002952845,-194186,54,100,100,0,True
1732961267,21299796,4812913291191105002952845,-194186,54,100,100,0,True
1732961279,21299797,4812913291191105002952845,-194186,54,100,100,0,True
1732961291,21299798,4812910709357923949405142,-194186,54,100,100,0,True
1732961303,21299799,4812910709357923949405142,-194186,54,100,100,0,True
1732961315,21299800,4812910709357923949405142,-194186,54,100,100,0,True
1732961327,21299801,4812910709357923949405142,-194186,54,100,100,0,True
1732961339,21299802,4812910709357923949405142,-194186,54,100,100,0,True
1732961351,21299803,4812910709357923949405142,-194186,54,100,100,0,True
1732961363,21299804,4812910709357923949405142,-194186,54,100,100,0,True
1732961375,21299805,4812910709357923949405142,-194186,54,100,100,0,True
1732961387,21299806,4812912073224407860064090,-194186,54,100,100,0,True
1732961399,21299807,4812911853928789898988630,-194186,54,100,100,0,True
1732961411,21299808,4812911853928789898988630,-194186,54,100,100,0,True
1732961423,21299809,4812911853928789898988630,-194186,54,100,100,0,True
1732961435,21299810,4812911853928789898988630,-194186,54,100,100,0,True
1732961447,21299811,4812911853928789898988630,-194186,54,100,100,0,True
1732961459,21299812,4812911853928789898988630,-194186,54,100,100,0,True
1732961471,21299813,4812911853928789898988630,-194186,54,100,100,0,True
1732961483,21299814,4812911853928789898988630,-194186,54,100,100,0,True
1732961495,21299815,4812911853928789898988630,-194186,54,100,100,0,True
1732961507,21299816,4812911853928789898988630,-194186,54,100,100,0,True
1732961519,21299817,4812911853928789898988630,-194186,54,100,100,0,True
1732961531,21299818,4812911853928789898988630,-194186,54,100,100,0,True
1732961543,21299819,4812910508577735351186611,-194186,54,100,100,0,True
1732961555,21299820,4812910508577735351186611,-194186,54,100,100,0,True
1732961567,21299821,4812910508577735351186611,-194186,54,100,100,0,True
1732961579,21299822,4812910508577735351186611,-194186,54,100,100,0,True
1732961591,21299823,4812910508577735351186611,-194186,54,100,100,0,True
1732961603,21299824,4812910508577735351186611,-194186,54,100,100,0,True
1732961615,21299825,4812910508577735351186611,-194186,54,100,100,0,True
1732961627,21299826,4812910508577735351186611,-194186,54,100,100,0,True
1732961639,21299827,4812910508577735351186611,-194186,54,100,100,0,True
1732961651,21299828,4812910508577735351186611,-194186,54,100,100,0,True
1732961663,21299829,4812910508577735351186611,-194186,54,100,100,0,True
1732961675,21299830,4812910508577735351186611,-194186,54,100,100,0,True
1732961687,21299831,4812910508577735351186611,-194186,54,100,100,0,True
1732961699,21299832,4812910508577735351186611,-194186,54,100,100,0,True
1732961711,21299833,4812910508577735351186611,-194186,54,100,100,0,True
1732961723,21299834,4812910508577735351186611,-194186,54,100,100,0,True
1732961735,21299835,4812910508577735351186611,-194186,54,100,100,0,True
1732961747,21299836,4812910508577735351186611,-194186,54,100,100,0,True
1732961759,21299837,4812910508577735351186611,-194186,54,100,100,0,True
1732961771,21299838,4812910508577735351186611,-194186,54,100,100,0,True
1732961783,21299839,4812910508577735351186611,-194186,54,100,100,0,True
1732961795,21299840,4812910508577735351186611,-194186,54,100,100,0,True
1732961807,21299841,4812642127922733549526405,-194187,55,100,100,0,True
1732961819,21299842,4812218359732237377740944,-194189,56,100,100,0,True
1732961831,21299843,4812218359732237377740944,-194189,56,100,100,0,True
1732961843,21299844,4810376427331370812041045,-194196,57,100,100,0,True
1732961855,21299845,4810376427331370812041045,-194196,57,100,100,0,True
1732961867,21299846,4810374490923077121457383,-194196,57,100,100,0,True
1732961879,21299847,4810374490923077121457383,-194196,57,100,100,0,True
1732961891,21299848,4810005408949661085017246,-194198,58,100,100,0,True
1732961903,21299849,4808675278959052888997876,-194204,59,100,100,0,True
1732961915,21299850,4808675278959052888997876,-194204,59,100,100,0,True
1732961927,21299851,4808674437470347099269858,-194204,59,100,100,0,True
1732961939,21299852,4807710629367235114696704,-194208,60,100,100,0,True
1732961951,21299853,4807710629367235114696704,-194208,60,100,100,0,True
1732961963,21299854,4807710629367235114696704,-194208,60,100,100,0,True
1732961975,21299855,4807710629367235114696704,-194208,60,100,100,0,True
1732961987,21299856,4807710629367235114696704,-194208,60,100,100,0,True
1732961999,21299857,4807710629367235114696704,-194208,60,100,100,0,True
1732962011,21299858,4806790555635122706579456,-194211,61,100,100,0,True
1732962023,21299859,4805622104018093778927611,-194216,62,100,100,0,True
1732962035,21299860,4805622104018093778927611,-194216,62,100,100,0,True
1732962047,21299861,4805622104018093778927611,-194216,62,100,100,0,True
1732962059,21299862,4805609184639473294452036,-194216,62,100,100,0,True
1732962071,21299863,4805609184639473294452036,-194216,62,100,100,0,True
1732962083,21299864,4804468085044249249185779,-194221,63,100,100,0,True
1732962095,21299865,4804468085044249249185779,-194221,63,100,100,0,True
1732962107,21299866,4804468085044249249185779,-194221,63,100,100,0,True
1732962119,21299867,4804468085044249249185779,-194221,63,100,100,0,True
1732962131,21299868,4804468085044249249185779,-194221,63,100,100,0,True
1732962143,21299869,4804468085044249249185779,-194221,63,100,100,0,True
1732962155,21299870,4804468085044249249185779,-194221,63,100,100,0,True
1732962167,21299871,4804468085044249249185779,-194221,63,100,100,0,True
1732962179,21299872,4804468085044249249185779,-194221,63,100,100,0,True
1732962191,21299873,4804463405801706923192868,-194221,63,100,100,0,True
1732962215,21299874,4804463405801706923192868,-194221,63,100,100,0,True
1732962227,21299875,4804463405801706923192868,-194221,63,100,100,0,True
1732962239,21299876,4804463405801706923192868,-194221,63,100,100,0,True
1732962251,21299877,4804463405801706923192868,-194221,63,100,100,0,True
1732962263,21299878,4804463405801706923192868,-194221,63,100,100,0,True
1732962275,21299879,4804463405801706923192868,-194221,63,100,100,0,True
1732962287,21299880,4804463405801706923192868,-194221,63,100,100,0,True
1732962299,21299881,4804463405801706923192868,-194221,63,100,100,0,True
1732962311,21299882,4804463405801706923192868,-194221,63,100,100,0,True
1732962323,21299883,4804463405801706923192868,-194221,63,100,100,0,True
1732962335,21299884,4804463405801706923192868,-194221,63,100,100,0,True
1732962347,21299885,4804463405801706923192868,-194221,63,100,100,0,True
1732962359,21299886,4804463405801706923192868,-194221,63,100,100,0,True
1732962371,21299887,4804463405801706923192868,-194221,63,100,100,0,True
1732962383,21299888,4804463405801706923192868,-194221,63,100,100,0,True
1732962395,21299889,4804463405801706923192868,-194221,63,100,100,0,True
1732962407,21299890,4804463405801706923192868,-194221,63,100,100,0,True
1732962419,21299891,4804463405801706923192868,-194221,63,100,100,0,True
1732962431,21299892,4804463405801706923192868,-194221,63,100,100,0,True
1732962443,21299893,4804463405801706923192868,-194221,63,100,100,0,True
1732962455,21299894,4804463405801706923192868,-194221,63,100,100,0,True
1732962467,21299895,4804463405801706923192868,-194221,63,100,100,0,True
1732962479,21299896,4804463405801706923192868,-194221,63,100,100,0,True
1732962491,21299897,4804190594766427669949320,-194222,64,100,100,0,True
1732962503,21299898,4804190594766427669949320,-194222,64,100,100,0,True
1732962515,21299899,4804190594766427669949320,-194222,64,100,100,0,True
1732962527,21299900,4804190594766427669949320,-194222,64,100,100,0,True
1732962551,21299901,4804190594766427669949320,-194222,64,100,100,0,True
1732962563,21299902,4804190594766427669949320,-194222,64,100,100,0,True
1732962575,21299903,4804190594766427669949320,-194222,64,100,100,0,True
1732962587,21299904,4804190594766427669949320,-194222,64,100,100,0,True
1732962599,21299905,4804190594766427669949320,-194222,64,100,100,0,True
1732962611,21299906,4804190594766427669949320,-194222,64,100,100,0,True
1732962623,21299907,4804190594766427669949320,-194222,64,100,100,0,True
1732962635,21299908,4804190594766427669949320,-194222,64,100,100,0,True
1732962647,21299909,4804190594766427669949320,-194222,64,100,100,0,True
1732962659,21299910,4804190594766427669949320,-194222,64,100,100,0,True
1732962671,21299911,4804205872552057277333884,-194222,64,100,100,0,True
1732962683,21299912,4804205872552057277333884,-194222,64,100,100,0,True
1732962695,21299913,4804205872552057277333884,-194222,64,100,100,0,True
1732962707,21299914,4804205872552057277333884,-194222,64,100,100,0,True
1732962719,21299915,4804205872552057277333884,-194222,64,100,100,0,True
1732962731,21299916,4804205872552057277333884,-194222,64,100,100,0,True
1732962743,21299917,4804205872552057277333884,-194222,64,100,100,0,True
1732962755,21299918,4804205872552057277333884,-194222,64,100,100,0,True
1732962767,21299919,4804205872552057277333884,-194222,64,100,100,0,True
1732962779,21299920,4804205872552057277333884,-194222,64,100,100,0,True
1732962791,21299921,4804205872552057277333884,-194222,64,100,100,0,True
1732962803,21299922,4804205872552057277333884,-194222,64,100,100,0,True
1732962815,21299923,4804205872552057277333884,-194222,64,100,100,0,True
1732962827,21299924,4804205872552057277333884,-194222,64,100,100,0,True
1732962839,21299925,4804205872552057277333884,-194222,64,100,100,0,True
1732962851,21299926,4804205872552057277333884,-194222,64,100,100,0,True
1732962863,21299927,4804205872552057277333884,-194222,64,100,100,0,True
1732962875,21299928,4804205872552057277333884,-194222,64,100,100,0,True
1732962887,21299929,4804205872552057277333884,-194222,64,100,100,0,True
1732962899,21299930,4804205872552057277333884,-194222,64,100,100,0,True
1732962911,21299931,4804205872552057277333884,-194222,64,100,100,0,True
1732962923,21299932,4804205872552057277333884,-194222,64,100,100,0,True
1732962947,21299933,4804205872552057277333884,-194222,64,100,100,0,True
1732962959,21299934,4803386956396469342792353,-194226,65,100,100,0,True
1732962971,21299935,4803386956396469342792353,-194226,65,100,100,0,True
1732962983,21299936,4803386956396469342792353,-194226,65,100,100,0,True
1732962995,21299937,4803386956396469342792353,-194226,65,100,100,0,True
1732963007,21299938,4803386956396469342792353,-194226,65,100,100,0,True
1732963019,21299939,4803386956396469342792353,-194226,65,100,100,0,True
1732963031,21299940,4803386956396469342792353,-194226,65,100,100,0,True
1732963043,21299941,4803386956396469342792353,-194226,65,100,100,0,True
1732963055,21299942,4803386956396469342792353,-194226,65,100,100,0,True
1732963067,21299943,4803386956396469342792353,-194226,65,100,100,0,True
1732963079,21299944,4803386956396469342792353,-194226,65,100,100,0,True
1732963091,21299945,4803386956396469342792353,-194226,65,100,100,0,True
1732963103,21299946,4803386956396469342792353,-194226,65,100,100,0,True
1732963115,21299947,4803386956396469342792353,-194226,65,100,100,0,True
1732963127,21299948,4803386956396469342792353,-194226,65,100,100,0,True
1732963139,21299949,4803386956396469342792353,-194226,65,100,100,0,True
1732963151,21299950,4803386956396469342792353,-194226,65,100,100,0,True
1732963163,21299951,4803386956396469342792353,-194226,65,100,100,0,True
1732963175,21299952,4803386956396469342792353,-194226,65,100,100,0,True
1732963187,21299953,4803386956396469342792353,-194226,65,100,100,0,True
1732963199,21299954,4802694050116167371063296,-194228,66,100,100,0,True
1732963211,21299955,4802694188116413383537781,-194228,66,100,100,0,True
1732963223,21299956,4802271095745265783749192,-194230,67,100,100,0,True
1732963235,21299957,4802271095745265783749192,-194230,67,100,100,0,True
1732963247,21299958,4802271095745265783749192,-194230,67,100,100,0,True
1732963259,21299959,4802271095745265783749192,-194230,67,100,100,0,True
1732963271,21299960,4802271095745265783749192,-194230,67,100,100,0,True
1732963283,21299961,4802271095745265783749192,-194230,67,100,100,0,True
1732963295,21299962,4802271095745265783749192,-194230,67,100,100,0,True
1732963307,21299963,4802271095745265783749192,-194230,67,100,100,0,True
1732963319,21299964,4802271095745265783749192,-194230,67,100,100,0,True
1732963331,21299965,4802271095745265783749192,-194230,67,100,100,0,True
1732963343,21299966,4802271095745265783749192,-194230,67,100,100,0,True
1732963355,21299967,4801706271261538702589952,-194233,68,100,100,0,True
1732963367,21299968,4801706271261538702589952,-194233,68,100,100,0,True
1732963379,21299969,4801706271261538702589952,-194233,68,100,100,0,True
1732963391,21299970,4801706271261538702589952,-194233,68,100,100,0,True
1732963403,21299971,4801706271261538702589952,-194233,68,100,100,0,True
1732963415,21299972,4801706271261538702589952,-194233,68,100,100,0,True
1732963427,21299973,4801706271261538702589952,-194233,68,100,100,0,True
1732963439,21299974,4801706271261538702589952,-194233,68,100,100,0,True
1732963451,21299975,4801706271261538702589952,-194233,68,100,100,0,True
1732963463,21299976,4801706271261538702589952,-194233,68,100,100,0,True
1732963475,21299977,4801706271261538702589952,-194233,68,100,100,0,True
1732963487,21299978,4801706271261538702589952,-194233,68,100,100,0,True
1732963499,21299979,4801706271261538702589952,-194233,68,100,100,0,True
1732963511,21299980,4801706271261538702589952,-194233,68,100,100,0,True
1732963523,21299981,4801706271261538702589952,-194233,68,100,100,0,True
1732963535,21299982,4801706271261538702589952,-194233,68,100,100,0,True
1732963547,21299983,4800593077936993639876916,-194237,69,100,100,0,True
1732963559,21299984,4799302554038460872819897,-194243,70,100,100,0,True
1732963571,21299985,4797313219001830810320896,-194251,71,100,100,0,True
1732963583,21299986,4795638126130628222766201,-194258,72,100,100,0,True
1732963595,21299987,4795064696384246773710846,-194260,73,100,100,0,True
1732963607,21299988,4795064696384246773710846,-194260,73,100,100,0,True
1732963619,21299989,4795064696384246773710846,-194260,73,100,100,0,True
1732963631,21299990,4795064696384246773710846,-194260,73,100,100,0,True
1732963643,21299991,4795063614805686597313139,-194260,73,100,100,0,True
1732963655,21299992,4795063614805686597313139,-194260,73,100,100,0,True
1732963667,21299993,4795063614805686597313139,-194260,73,100,100,0,True
1732963679,21299994,4795063614805686597313139,-194260,73,100,100,0,True
1732963691,21299995,4793917113836491748933632,-194265,74,100,100,0,True
1732963703,21299996,4793917113836491748933632,-194265,74,100,100,0,True
1732963715,21299997,4793917113836491748933632,-194265,74,100,100,0,True
1732963727,21299998,4793917113836491748933632,-194265,74,100,100,0,True
1732963739,21299999,4793917113836491748933632,-194265,74,100,100,0,True
1732963751,21300000,4793917113836491748933632,-194265,74,100,100,0,True
1732963763,21300001,4793917113836491748933632,-194265,74,100,100,0,True
1732963775,21300002,4793240166042655589271908,-194268,75,100,100,0,True
1732963787,21300003,4793240166042655589271908,-194268,75,100,100,0,True
1732963799,21300004,4793240166042655589271908,-194268,75,100,100,0,True
1732963811,21300005,4793240166042655589271908,-194268,75,100,100,0,True
1732963823,21300006,4793240166042655589271908,-194268,75,100,100,0,True
1732963835,21300007,4793240166042655589271908,-194268,75,100,100,0,True
1732963847,21300008,4793240166042655589271908,-194268,75,100,100,0,True
1732963859,21300009,4793240166042655589271908,-194268,75,100,100,0,True
1732963871,21300010,4793240166042655589271908,-194268,75,100,100,0,True
1732963883,21300011,4793240166042655589271908,-194268,75,100,100,0,True
1732963895,21300012,4793240166042655589271908,-194268,75,100,100,0,True
1732963907,21300013,4793240166042655589271908,-194268,75,100,100,0,True
1732963919,21300014,4793240166042655589271908,-194268,75,100,100,0,True
1732963931,21300015,4793240166042655589271908,-194268,75,100,100,0,True
1732963943,21300016,4790780251570846365317120,-194278,76,100,100,0,True
1732963955,21300017,4790185852678660102815744,-194281,77,100,100,0,True
1732963967,21300018,4790185852678660102815744,-194281,77,100,100,0,True
1732963979,21300019,4790185852678660102815744,-194281,77,100,100,0,True
1732963991,21300020,4789345055772115338264576,-194284,78,100,100,0,True
1732964003,21300021,4789345055772115338264576,-194284,78,100,100,0,True
1732964015,21300022,4789345055772115338264576,-194284,78,100,100,0,True
1732964027,21300023,4789345055772115338264576,-194284,78,100,100,0,True
1732964039,21300024,4788638768580426054238208,-194287,79,100,100,0,True
1732964051,21300025,4788638768580426054238208,-194287,79,100,100,0,True
1732964063,21300026,4788638768580426054238208,-194287,79,100,100,0,True
1732964075,21300027,4788638768580426054238208,-194287,79,100,100,0,True
1732964087,21300028,4788638768580426054238208,-194287,79,100,100,0,True
1732964099,21300029,4788638768580426054238208,-194287,79,100,100,0,True
1732964111,21300030,4788526105731342987065479,-194288,80,100,100,0,True
1732964123,21300031,4788526105731342987065479,-194288,80,100,100,0,True
1732964135,21300032,4788526105731342987065479,-194288,80,100,100,0,True
1732964147,21300033,4788526105731342987065479,-194288,80,100,100,0,True
1732964159,21300034,4788526105731342987065479,-194288,80,100,100,0,True
1732964171,21300035,4788526105731342987065479,-194288,80,100,100,0,True
1732964183,21300036,4788526105731342987065479,-194288,80,100,100,0,True
1732964195,21300037,4788526105731342987065479,-194288,80,100,100,0,True
1732964207,21300038,4788526105731342987065479,-194288,80,100,100,0,True
1732964219,21300039,4788526105731342987065479,-194288,80,100,100,0,True
1732964231,21300040,4788526105731342987065479,-194288,80,100,100,0,True
1732964243,21300041,4788526105731342987065479,-194288,80,100,100,0,True
1732964255,21300042,4788526105731342987065479,-194288,80,100,100,0,True
1732964267,21300043,4788526105731342987065479,-194288,80,100,100,0,True
1732964279,21300044,4788526105731342987065479,-194288,80,100,100,0,True
1732964291,21300045,4788526105731342987065479,-194288,80,100,100,0,True
1732964303,21300046,4788526105731342987065479,-194288,80,100,100,0,True
1732964315,21300047,4788526105731342987065479,-194288,80,100,100,0,True
1732964327,21300048,4788526105731342987065479,-194288,80,100,100,0,True
1732964339,21300049,4788526105731342987065479,-194288,80,100,100,0,True
1732964351,21300050,4787213198742707729596411,-194293,81,100,100,0,True
1732964363,21300051,4787213198742707729596411,-194293,81,100,100,0,True
1732964375,21300052,4787213198742707729596411,-194293,81,100,100,0,True
1732964387,21300053,4787213198742707729596411,-194293,81,100,100,0,True
1732964399,21300054,4787213198742707729596411,-194293,81,100,100,0,True
1732964411,21300055,4787213198742707729596411,-194293,81,100,100,0,True
1732964423,21300056,4787213198742707729596411,-194293,81,100,100,0,True
1732964435,21300057,4786333502945760294993920,-194297,82,100,100,0,True
1732964447,21300058,4785355706833669630454712,-194301,83,100,100,0,True
1732964459,21300059,4783055654766757071244367,-194310,84,100,100,0,True
1732964471,21300060,4783055654766757071244367,-194310,84,100,100,0,True
1732964483,21300061,4783055654766757071244367,-194310,84,100,100,0,True
1732964495,21300062,4783055654766757071244367,-194310,84,100,100,0,True
1732964507,21300063,4783055654766757071244367,-194310,84,100,100,0,True
1732964519,21300064,4783055654766757071244367,-194310,84,100,100,0,True
1732964531,21300065,4783055654766757071244367,-194310,84,100,100,0,True
1732964543,21300066,4783055654766757071244367,-194310,84,100,100,0,True
1732964555,21300067,4783055654766757071244367,-194310,84,100,100,0,True
1732964567,21300068,4783055654766757071244367,-194310,84,100,100,0,True
1732964579,21300069,4783055654766757071244367,-194310,84,100,100,0,True
1732964591,21300070,4783055654766757071244367,-194310,84,100,100,0,True
1732964603,21300071,4783055654766757071244367,-194310,84,100,100,0,True
1732964615,21300072,4783055654766757071244367,-194310,84,100,100,0,True
1732964627,21300073,4783055654766757071244367,-194310,84,100,100,0,True
1732964639,21300074,4783055654766757071244367,-194310,84,100,100,0,True
1732964651,21300075,4783055654766757071244367,-194310,84,100,100,0,True
1732964663,21300076,4783055654766757071244367,-194310,84,100,100,0,True
1732964675,21300077,4783056585693232163832470,-194310,84,100,100,0,True
1732964687,21300078,4783056585693232163832470,-194310,84,100,100,0,True
1732964699,21300079,4783056585693232163832470,-194310,84,100,100,0,True
1732964711,21300080,4783056585693232163832470,-194310,84,100,100,0,True
1732964723,21300081,4783056585693232163832470,-194310,84,100,100,0,True
1732964735,21300082,4783056585693232163832470,-194310,84,100,100,0,True
1732964747,21300083,4783056585693232163832470,-194310,84,100,100,0,True
1732964759,21300084,4783056585693232163832470,-194310,84,100,100,0,True
1732964771,21300085,4783056585693232163832470,-194310,84,100,100,0,True
1732964783,21300086,4783056585693232163832470,-194310,84,100,100,0,True
1732964795,21300087,4783056585693232163832470,-194310,84,100,100,0,True
1732964807,21300088,4783056585693232163832470,-194310,84,100,100,0,True
1732964819,21300089,4783056585693232163832470,-194310,84,100,100,0,True
1732964831,21300090,4783056585693232163832470,-194310,84,100,100,0,True
1732964843,21300091,4783056585693232163832470,-194310,84,100,100,0,True
1732964855,21300092,4783056585693232163832470,-194310,84,100,100,0,True
1732964867,21300093,4783056585693232163832470,-194310,84,100,100,0,True
1732964879,21300094,4783056585693232163832470,-194310,84,100,100,0,True
1732964891,21300095,4783056585693232163832470,-194310,84,100,100,0,True
1732964903,21300096,4783056585693232163832470,-194310,84,100,100,0,True
1732964915,21300097,4783056585693232163832470,-194310,84,100,100,0,True
1732964927,21300098,4783056585693232163832470,-194310,84,100,100,0,True
1732964939,21300099,4783056585693232163832470,-194310,84,100,100,0,True
1732964951,21300100,4783056585693232163832470,-194310,84,100,100,0,True
1732964963,21300101,4783056585693232163832470,-194310,84,100,100,0,True
1732964975,21300102,4783056585693232163832470,-194310,84,100,100,0,True
1732964987,21300103,4783056585693232163832470,-194310,84,100,100,0,True
1732964999,21300104,4783056585693232163832470,-194310,84,100,100,0,True
1732965011,21300105,4783056585693232163832470,-194310,84,100,100,0,True
1732965023,21300106,4783056585693232163832470,-194310,84,100,100,0,True
1732965035,21300107,4783056585693232163832470,-194310,84,100,100,0,True
1732965047,21300108,4783056585693232163832470,-194310,84,100,100,0,True
1732965059,21300109,4783056585693232163832470,-194310,84,100,100,0,True
1732965071,21300110,4783056585693232163832470,-194310,84,100,100,0,True
1732965083,21300111,4783056585693232163832470,-194310,84,100,100,0,True
1732965095,21300112,4783056585693232163832470,-194310,84,100,100,0,True
1732965107,21300113,4783056585693232163832470,-194310,84,100,100,0,True
1732965119,21300114,4783056585693232163832470,-194310,84,100,100,0,True
1732965131,21300115,4784205547998487343805385,-194306,85,100,100,0,True
1732965143,21300116,4784205547998487343805385,-194306,85,100,100,0,True
1732965155,21300117,4784205547998487343805385,-194306,85,100,100,0,True
1732965167,21300118,4784205547998487343805385,-194306,85,100,100,0,True
1732965179,21300119,4784205547998487343805385,-194306,85,100,100,0,True
1732965191,21300120,4784205547998487343805385,-194306,85,100,100,0,True
1732965203,21300121,4784205547998487343805385,-194306,85,100,100,0,True
1732965215,21300122,4784205547998487343805385,-194306,85,100,100,0,True
1732965227,21300123,4784205547998487343805385,-194306,85,100,100,0,True
1732965239,21300124,4784205547998487343805385,-194306,85,100,100,0,True
1732965251,21300125,4784205547998487343805385,-194306,85,100,100,0,True
1732965263,21300126,4784205547998487343805385,-194306,85,100,100,0,True
1732965275,21300127,4784205547998487343805385,-194306,85,100,100,0,True
1732965287,21300128,4784205547998487343805385,-194306,85,100,100,0,True
1732965299,21300129,4784205547998487343805385,-194306,85,100,100,0,True
1732965311,21300130,4784205547998487343805385,-194306,85,100,100,0,True
1732965323,21300131,4784205547998487343805385,-194306,85,100,100,0,True
1732965335,21300132,4784205547998487343805385,-194306,85,100,100,0,True
1732965347,21300133,4784205547998487343805385,-194306,85,100,100,0,True
1732965359,21300134,4784487828492651617576106,-194304,86,100,100,0,True
1732965371,21300135,4784487828492651617576106,-194304,86,100,100,0,True
1732965383,21300136,4785048634116759709810688,-194302,87,100,100,0,True
1732965395,21300137,4785048634116759709810688,-194302,87,100,100,0,True
1732965407,21300138,4785048634116759709810688,-194302,87,100,100,0,True
1732965419,21300139,4785048634116759709810688,-194302,87,100,100,0,True
1732965431,21300140,4785048634116759709810688,-194302,87,100,100,0,True
1732965443,21300141,4785048634116759709810688,-194302,87,100,100,0,True
1732965455,21300142,4785048634116759709810688,-194302,87,100,100,0,True
1732965467,21300143,4785682900399294134040213,-194299,88,100,100,0,True
1732965479,21300144,4785682900399294134040213,-194299,88,100,100,0,True
1732965491,21300145,4785682900399294134040213,-194299,88,100,100,0,True
1732965503,21300146,4785703778345857401224625,-194299,88,100,100,0,True
1732965515,21300147,4785703778345857401224625,-194299,88,100,100,0,True
1732965527,21300148,4785703983065741833713388,-194299,88,100,100,0,True
1732965539,21300149,4785703983065741833713388,-194299,88,100,100,0,True
1732965551,21300150,4785703983065741833713388,-194299,88,100,100,0,True
1732965563,21300151,4786332086267847764031583,-194297,89,100,100,0,True
1732965575,21300152,4786332086267847764031583,-194297,89,100,100,0,True
1732965587,21300153,4786332086267847764031583,-194297,89,100,100,0,True
1732965599,21300154,4786332086267847764031583,-194297,89,100,100,0,True
1732965611,21300155,4786332086267847764031583,-194297,89,100,100,0,True
1732965623,21300156,4786332086267847764031583,-194297,89,100,100,0,True
1732965635,21300157,4786332086267847764031583,-194297,89,100,100,0,True
1732965647,21300158,4786332086267847764031583,-194297,89,100,100,0,True
1732965659,21300159,4786332086267847764031583,-194297,89,100,100,0,True
1732965671,21300160,4786332086267847764031583,-194297,89,100,100,0,True
1732965683,21300161,4786332086267847764031583,-194297,89,100,100,0,True
1732965695,21300162,4786332086267847764031583,-194297,89,100,100,0,True
1732965707,21300163,4786332086267847764031583,-194297,89,100,100,0,True
1732965719,21300164,4786332086267847764031583,-194297,89,100,100,0,True
1732965731,21300165,4786332086267847764031583,-194297,89,100,100,0,True
1732965743,21300166,4786332086267847764031583,-194297,89,100,100,0,True
1732965755,21300167,4786332086267847764031583,-194297,89,100,100,0,True
1732965767,21300168,4786332086267847764031583,-194297,89,100,100,0,True
1732965779,21300169,4786332086267847764031583,-194297,89,100,100,0,True
1732965791,21300170,4786332086267847764031583,-194297,89,100,100,0,True
1732965803,21300171,4786332086267847764031583,-194297,89,100,100,0,True
1732965815,21300172,4786332086267847764031583,-194297,89,100,100,0,True
1732965827,21300173,4786332086267847764031583,-194297,89,100,100,0,True
1732965839,21300174,4786332086267847764031583,-194297,89,100,100,0,True
1732965851,21300175,4786332086267847764031583,-194297,89,100,100,0,True
1732965863,21300176,4786878726238232454889472,-194294,90,100,100,0,True
1732965875,21300177,4786878726238232454889472,-194294,90,100,100,0,True
1732965887,21300178,4787503754377660391492946,-194292,91,100,100,0,True
1732965899,21300179,4787503754377660391492946,-194292,91,100,100,0,True
1732965911,21300180,4787503754377660391492946,-194292,91,100,100,0,True
1732965923,21300181,4787503754377660391492946,-194292,91,100,100,0,True
1732965935,21300182,4787503754377660391492946,-194292,91,100,100,0,True
1732965947,21300183,4787506860044115001603501,-194292,91,100,100,0,True
1732965959,21300184,4787506860044115001603501,-194292,91,100,100,0,True
1732965971,21300185,4787506860044115001603501,-194292,91,100,100,0,True
1732965983,21300186,4787506860044115001603501,-194292,91,100,100,0,True
1732965995,21300187,4787506860044115001603501,-194292,91,100,100,0,True
1732966007,21300188,4787506860044115001603501,-194292,91,100,100,0,True
1732966019,21300189,4787506860044115001603501,-194292,91,100,100,0,True
1732966031,21300190,4787506860044115001603501,-194292,91,100,100,0,True
1732966043,21300191,4787506860044115001603501,-194292,91,100,100,0,True
1732966055,21300192,4787506860044115001603501,-194292,91,100,100,0,True
1732966067,21300193,4787506860044115001603501,-194292,91,100,100,0,True
1732966079,21300194,4787506860044115001603501,-194292,91,100,100,0,True
1732966091,21300195,4787506860044115001603501,-194292,91,100,100,0,True
1732966103,21300196,4787506860044115001603501,-194292,91,100,100,0,True
1732966115,21300197,4787506860044115001603501,-194292,91,100,100,0,True
1732966127,21300198,4787506860044115001603501,-194292,91,100,100,0,True
1732966139,21300199,4787506860044115001603501,-194292,91,100,100,0,True
1732966151,21300200,4787512432554016357402489,-194292,91,100,100,0,True
1732966163,21300201,4787512432554016357402489,-194292,91,100,100,0,True
1732966175,21300202,4787512432554016357402489,-194292,91,100,100,0,True
1732966187,21300203,4787512432554016357402489,-194292,91,100,100,0,True
1732966199,21300204,4787512432554016357402489,-194292,91,100,100,0,True
1732966211,21300205,4787512432554016357402489,-194292,91,100,100,0,True
1732966223,21300206,4787512432554016357402489,-194292,91,100,100,0,True
1732966235,21300207,4787512432554016357402489,-194292,91,100,100,0,True
1732966247,21300208,4787512432554016357402489,-194292,91,100,100,0,True
1732966259,21300209,4787512432554016357402489,-194292,91,100,100,0,True
1732966271,21300210,4787512432554016357402489,-194292,91,100,100,0,True
1732966283,21300211,4787512432554016357402489,-194292,91,100,100,0,True
1732966295,21300212,4787512432554016357402489,-194292,91,100,100,0,True
1732966307,21300213,4787512432554016357402489,-194292,91,100,100,0,True
1732966319,21300214,4787512432554016357402489,-194292,91,100,100,0,True
1732966331,21300215,4787512432554016357402489,-194292,91,100,100,0,True
1732966343,21300216,4787512432554016357402489,-194292,91,100,100,0,True
1732966355,21300217,4787512432554016357402489,-194292,91,100,100,0,True
1732966367,21300218,4787512432554016357402489,-194292,91,100,100,0,True
1732966379,21300219,4787512432554016357402489,-194292,91,100,100,0,True
1732966391,21300220,4787512432554016357402489,-194292,91,100,100,0,True
1732966403,21300221,4787512432554016357402489,-194292,91,100,100,0,True
1732966415,21300222,4787512432554016357402489,-194292,91,100,100,0,True
1732966427,21300223,4787512432554016357402489,-194292,91,100,100,0,True
1732966439,21300224,4787512432554016357402489,-194292,91,100,100,0,True
1732966451,21300225,4787512432554016357402489,-194292,91,100,100,0,True
1732966463,21300226,4787512432554016357402489,-194292,91,100,100,0,True
1732966475,21300227,4787512432554016357402489,-194292,91,100,100,0,True
1732966487,21300228,4787512432554016357402489,-194292,91,100,100,0,True
1732966499,21300229,4787512432554016357402489,-194292,91,100,100,0,True
1732966511,21300230,4787512432554016357402489,-194292,91,100,100,0,True
1732966523,21300231,4787512432554016357402489,-194292,91,100,100,0,True
1732966535,21300232,4788081752310989887373312,-194289,92,100,100,0,True
1732966547,21300233,4788623114718833650734170,-194287,93,100,100,0,True
1732966571,21300234,4788623114718833650734170,-194287,93,100,100,0,True
1732966583,21300235,4788623114718833650734170,-194287,93,100,100,0,True
1732966595,21300236,4788623114718833650734170,-194287,93,100,100,0,True
1732966607,21300237,4788623114718833650734170,-194287,93,100,100,0,True
1732966619,21300238,4788623114718833650734170,-194287,93,100,100,0,True
1732966631,21300239,4788623114718833650734170,-194287,93,100,100,0,True
1732966643,21300240,4788623114718833650734170,-194287,93,100,100,0,True
1732966655,21300241,4788623114718833650734170,-194287,93,100,100,0,True
1732966667,21300242,4788623114718833650734170,-194287,93,100,100,0,True
1732966679,21300243,4788623114718833650734170,-194287,93,100,100,0,True
1732966691,21300244,4788623114718833650734170,-194287,93,100,100,0,True
1732966703,21300245,4788623114718833650734170,-194287,93,100,100,0,True
1732966715,21300246,4788623114718833650734170,-194287,93,100,100,0,True
1732966727,21300247,4788623114718833650734170,-194287,93,100,100,0,True
1732966739,21300248,4788623114718833650734170,-194287,93,100,100,0,True
1732966751,21300249,4788623114718833650734170,-194287,93,100,100,0,True
1732966763,21300250,4788623114718833650734170,-194287,93,100,100,0,True
1732966775,21300251,4788623114718833650734170,-194287,93,100,100,0,True
1732966787,21300252,4788623114718833650734170,-194287,93,100,100,0,True
1732966799,21300253,4788623114718833650734170,-194287,93,100,100,0,True
1732966811,21300254,4788623114718833650734170,-194287,93,100,100,0,True
1732966823,21300255,4788623114718833650734170,-194287,93,100,100,0,True
1732966835,21300256,4788623114718833650734170,-194287,93,100,100,0,True
1732966847,21300257,4788623114718833650734170,-194287,93,100,100,0,True
1732966859,21300258,4788623114718833650734170,-194287,93,100,100,0,True
1732966871,21300259,4788623114718833650734170,-194287,93,100,100,0,True
1732966895,21300260,4788623114718833650734170,-194287,93,100,100,0,True
1732966907,21300261,4788623114718833650734170,-194287,93,100,100,0,True
1732966919,21300262,4788623114718833650734170,-194287,93,100,100,0,True
1732966931,21300263,4788623114718833650734170,-194287,93,100,100,0,True
1732966943,21300264,4788623114718833650734170,-194287,93,100,100,0,True
1732966955,21300265,4788623114718833650734170,-194287,93,100,100,0,True
1732966967,21300266,4788623114718833650734170,-194287,93,100,100,0,True
1732966979,21300267,4788623114718833650734170,-194287,93,100,100,0,True
1732966991,21300268,4788623114718833650734170,-194287,93,100,100,0,True
1732967003,21300269,4788623114718833650734170,-194287,93,100,100,0,True
1732967015,21300270,4788623114718833650734170,-194287,93,100,100,0,True
1732967027,21300271,4788623114718833650734170,-194287,93,100,100,0,True
1732967039,21300272,4788623114718833650734170,-194287,93,100,100,0,True
1732967051,21300273,4788623114718833650734170,-194287,93,100,100,0,True
1732967063,21300274,4788623114718833650734170,-194287,93,100,100,0,True
1732967075,21300275,4788623114718833650734170,-194287,93,100,100,0,True
1732967087,21300276,4788622729526007996718129,-194287,93,100,100,0,True
1732967099,21300277,4788622729526007996718129,-194287,93,100,100,0,True
1732967111,21300278,4788622729526007996718129,-194287,93,100,100,0,True
1732967123,21300279,4788617687446500642144140,-194287,93,100,100,0,True
1732967135,21300280,4788617687446500642144140,-194287,93,100,100,0,True
1732967147,21300281,4788617687446500642144140,-194287,93,100,100,0,True
1732967159,21300282,4788617687446500642144140,-194287,93,100,100,0,True
1732967171,21300283,4788617687446500642144140,-194287,93,100,100,0,True
1732967183,21300284,4788617687446500642144140,-194287,93,100,100,0,True
1732967195,21300285,4788617687446500642144140,-194287,93,100,100,0,True
1732967207,21300286,4788617687446500642144140,-194287,93,100,100,0,True
1732967219,21300287,4788617687446500642144140,-194287,93,100,100,0,True
1732967231,21300288,4788617687446500642144140,-194287,93,100,100,0,True
1732967243,21300289,4788617687446500642144140,-194287,93,100,100,0,True
1732967255,21300290,4788617687446500642144140,-194287,93,100,100,0,True
1732967267,21300291,4788617687446500642144140,-194287,93,100,100,0,True
1732967279,21300292,4788617687446500642144140,-194287,93,100,100,0,True
1732967291,21300293,4788617687446500642144140,-194287,93,100,100,0,True
1732967303,21300294,4788617687446500642144140,-194287,93,100,100,0,True
1732967315,21300295,4788629435575873272588830,-194287,93,100,100,0,True
1732967327,21300296,4788629435575873272588830,-194287,93,100,100,0,True
1732967339,21300297,4788629435575873272588830,-194287,93,100,100,0,True
1732967351,21300298,4788629435575873272588830,-194287,93,100,100,0,True
1732967363,21300299,4788629435575873272588830,-194287,93,100,100,0,True
1732967375,21300300,4788629435575873272588830,-194287,93,100,100,0,True
1732967387,21300301,4788629435575873272588830,-194287,93,100,100,0,True
1732967399,21300302,4788629435575873272588830,-194287,94,100,100,0,True
1732967411,21300303,4788629435575873272588830,-194287,94,100,100,0,True
1732967423,21300304,4788629435575873272588830,-194287,94,100,100,0,True
1732967435,21300305,4788629435575873272588830,-194287,94,100,100,0,True
1732967447,21300306,4788629435575873272588830,-194287,94,100,100,0,True
1732967459,21300307,4788629435575873272588830,-194287,94,100,100,0,True
1732967471,21300308,4788629435575873272588830,-194287,94,100,100,0,True
1732967483,21300309,4788629435575873272588830,-194287,94,100,100,0,True
1732967495,21300310,4788629435575873272588830,-194287,94,100,100,0,True
1732967507,21300311,4788629435575873272588830,-194287,94,100,100,0,True
1732967519,21300312,4788629435575873272588830,-194287,94,100,100,0,True
1732967531,21300313,4788629435575873272588830,-194287,94,100,100,0,True
1732967543,21300314,4788629435575873272588830,-194287,94,100,100,0,True
1732967555,21300315,4788629435575873272588830,-194287,94,100,100,0,True
1732967567,21300316,4788629435575873272588830,-194287,94,100,100,0,True
1732967579,21300317,4788629435575873272588830,-194287,94,100,100,0,True
1732967591,21300318,4788629435575873272588830,-194287,94,100,100,0,True
1732967603,21300319,4788629435575873272588830,-194287,94,100,100,0,True
1732967615,21300320,4788629435575873272588830,-194287,94,100,100,0,True
1732967627,21300321,4788629435575873272588830,-194287,94,100,100,0,True
1732967639,21300322,4788629435575873272588830,-194287,94,100,100,0,True
1732967651,21300323,4788629435575873272588830,-194287,94,100,100,0,True
1732967663,21300324,4788629435575873272588830,-194287,94,100,100,0,True
1732967675,21300325,4788629435575873272588830,-194287,94,100,100,0,True
1732967687,21300326,4788629435575873272588830,-194287,94,100,100,0,True
1732967699,21300327,4788629435575873272588830,-194287,94,100,100,0,True
1732967711,21300328,4788629435575873272588830,-194287,94,100,100,0,True
1732967723,21300329,4788629435575873272588830,-194287,94,100,100,0,True
1732967735,21300330,4788629435575873272588830,-194287,94,100,100,0,True
1732967747,21300331,4788629435575873272588830,-194287,94,100,100,0,True
1732967759,21300332,4788629435575873272588830,-194287,94,100,100,0,True
1732967771,21300333,4788629435575873272588830,-194287,94,100,100,0,True
1732967783,21300334,4788629435575873272588830,-194287,94,100,100,0,True
1732967795,21300335,4788629435575873272588830,-194287,94,100,100,0,True
1732967807,21300336,4788629435575873272588830,-194287,94,100,100,0,True
1732967819,21300337,4788629435575873272588830,-194287,94,100,100,0,True
1732967831,21300338,4788629435575873272588830,-194287,94,100,100,0,True
1732967843,21300339,4788629435575873272588830,-194287,94,100,100,0,True
1732967855,21300340,4788629435575873272588830,-194287,94,100,100,0,True
1732967867,21300341,4788629435575873272588830,-194287,94,100,100,0,True
1732967879,21300342,4788629435575873272588830,-194287,94,100,100,0,True
1732967891,21300343,4788629435575873272588830,-194287,94,100,100,0,True
1732967903,21300344,4788629435575873272588830,-194287,94,100,100,0,True
1732967915,21300345,4788629435575873272588830,-194287,94,100,100,0,True
1732967927,21300346,4788629435575873272588830,-194287,94,100,100,0,True
1732967939,21300347,4788629435575873272588830,-194287,94,100,100,0,True
1732967951,21300348,4788629435575873272588830,-194287,94,100,100,0,True
1732967963,21300349,4788629435575873272588830,-194287,94,100,100,0,True
1732967975,21300350,4788629435575873272588830,-194287,94,100,100,0,True
1732967987,21300351,4788629435575873272588830,-194287,94,100,100,0,True
1732967999,21300352,4788629435575873272588830,-194287,94,100,100,0,True
1732968011,21300353,4788629435575873272588830,-194287,94,100,100,0,True
1732968023,21300354,4788629435575873272588830,-194287,94,100,100,0,True
1732968035,21300355,4788629435575873272588830,-194287,94,100,100,0,True
1732968047,21300356,4788629435575873272588830,-194287,94,100,100,0,True
1732968059,21300357,4788629435575873272588830,-194287,94,100,100,0,True
1732968071,21300358,4788629435575873272588830,-194287,94,100,100,0,True
1732968083,21300359,4788629435575873272588830,-194287,94,100,100,0,True
1732968095,21300360,4788629435575873272588830,-194287,94,100,100,0,True
1732968107,21300361,4788629435575873272588830,-194287,94,100,100,0,True
1732968119,21300362,4788629435575873272588830,-194287,94,100,100,0,True
1732968131,21300363,4788629435575873272588830,-194287,94,100,100,0,True
1732968143,21300364,4788629435575873272588830,-194287,94,100,100,0,True
1732968155,21300365,4788629435575873272588830,-194287,94,100,100,0,True
1732968167,21300366,4788629435575873272588830,-194287,94,100,100,0,True
1732968179,21300367,4788629435575873272588830,-194287,94,100,100,0,True
1732968191,21300368,4788629435575873272588830,-194287,94,100,100,0,True
1732968203,21300369,4788629435575873272588830,-194287,94,100,100,0,True
1732968215,21300370,4788629435575873272588830,-194287,94,100,100,0,True
1732968227,21300371,4788629435575873272588830,-194287,94,100,100,0,True
1732968239,21300372,4788629435575873272588830,-194287,94,100,100,0,True
1732968251,21300373,4788629435575873272588830,-194287,95,100,100,0,True
1732968263,21300374,4788629435575873272588830,-194287,95,100,100,0,True
1732968275,21300375,4788629435575873272588830,-194287,95,100,100,0,True
1732968287,21300376,4788629435575873272588830,-194287,95,100,100,0,True
1732968299,21300377,4788629435575873272588830,-194287,95,100,100,0,True
1732968323,21300378,4788629435575873272588830,-194287,95,100,100,0,True
1732968335,21300379,4788629435575873272588830,-194287,95,100,100,0,True
1732968347,21300380,4788629435575873272588830,-194287,95,100,100,0,True
1732968359,21300381,4788629435575873272588830,-194287,95,100,100,0,True
1732968371,21300382,4788629435575873272588830,-194287,95,100,100,0,True
1732968383,21300383,4788629435575873272588830,-194287,95,100,100,0,True
1732968395,21300384,4788629435575873272588830,-194287,95,100,100,0,True
1732968407,21300385,4788629435575873272588830,-194287,95,100,100,0,True
1732968419,21300386,4788629435575873272588830,-194287,95,100,100,0,True
1732968431,21300387,4788629435575873272588830,-194287,95,100,100,0,True
1732968443,21300388,4788628253574415781087865,-194287,95,100,100,0,True
1732968455,21300389,4788628253574415781087865,-194287,95,100,100,0,True
1732968467,21300390,4788628253574415781087865,-194287,95,100,100,0,True
1732968479,21300391,4788628253574415781087865,-194287,95,100,100,0,True
1732968491,21300392,4788628253574415781087865,-194287,95,100,100,0,True
1732968503,21300393,4788628253574415781087865,-194287,95,100,100,0,True
1732968515,21300394,4788628253574415781087865,-194287,95,100,100,0,True
1732968527,21300395,4788628253574415781087865,-194287,95,100,100,0,True
1732968539,21300396,4788628253574415781087865,-194287,95,100,100,0,True
1732968551,21300397,4788628253574415781087865,-194287,95,100,100,0,True
1732968563,21300398,4788628253574415781087865,-194287,95,100,100,0,True
1732968575,21300399,4788628253574415781087865,-194287,95,100,100,0,True
1732968587,21300400,4788628253574415781087865,-194287,95,100,100,0,True
1732968599,21300401,4788627404927516976067723,-194287,95,100,100,0,True
1732968611,21300402,4788627404927516976067723,-194287,95,100,100,0,True
1732968623,21300403,4788627404927516976067723,-194287,95,100,100,0,True
1732968635,21300404,4788627404927516976067723,-194287,95,100,100,0,True
1732968647,21300405,4788627404927516976067723,-194287,95,100,100,0,True
1732968659,21300406,4788627404927516976067723,-194287,95,100,100,0,True
1732968671,21300407,4788627404927516976067723,-194287,95,100,100,0,True
1732968683,21300408,4788627404927516976067723,-194287,95,100,100,0,True
1732968695,21300409,4788627404927516976067723,-194287,95,100,100,0,True
1732968707,21300410,4788627404927516976067723,-194287,95,100,100,0,True
1732968719,21300411,4788627404927516976067723,-194287,95,100,100,0,True
1732968731,21300412,4788627404927516976067723,-194287,95,100,100,0,True
1732968743,21300413,4788627404927516976067723,-194287,95,100,100,0,True
1732968755,21300414,4788627404927516976067723,-194287,95,100,100,0,True
1732968767,21300415,4788627404927516976067723,-194287,95,100,100,0,True
1732968779,21300416,4788627404927516976067723,-194287,95,100,100,0,True
1732968791,21300417,4788627404927516976067723,-194287,95,100,100,0,True
1732968803,21300418,4788627404927516976067723,-194287,95,100,100,0,True
1732968815,21300419,4788627404927516976067723,-194287,95,100,100,0,True
1732968827,21300420,4788627404927516976067723,-194287,95,100,100,0,True
1732968839,21300421,4788627404927516976067723,-194287,95,100,100,0,True
1732968851,21300422,4788627404927516976067723,-194287,95,100,100,0,True
1732968863,21300423,4788627404927516976067723,-194287,95,100,100,0,True
1732968875,21300424,4788627404927516976067723,-194287,95,100,100,0,True
1732968887,21300425,4788627404927516976067723,-194287,95,100,100,0,True
1732968899,21300426,4788627404927516976067723,-194287,95,100,100,0,True
1732968911,21300427,4788627404927516976067723,-194287,95,100,100,0,True
1732968923,21300428,4788627404927516976067723,-194287,95,100,100,0,True
1732968935,21300429,4788627404927516976067723,-194287,95,100,100,0,True
1732968947,21300430,4788627404927516976067723,-194287,95,100,100,0,True
1732968959,21300431,4788627404927516976067723,-194287,95,100,100,0,True
1732968971,21300432,4788627404927516976067723,-194287,95,100,100,0,True
1732968983,21300433,4788627404927516976067723,-194287,95,100,100,0,True
1732968995,21300434,4788627404927516976067723,-194287,95,100,100,0,True
1732969007,21300435,4788627404927516976067723,-194287,95,100,100,0,True
1732969019,21300436,4788627404927516976067723,-194287,95,100,100,0,True
1732969031,21300437,4788627404927516976067723,-194287,95,100,100,0,True
1732969043,21300438,4788627404927516976067723,-194287,95,100,100,0,True
1732969055,21300439,4788627404927516976067723,-194287,95,100,100,0,True
1732969067,21300440,4788627404927516976067723,-194287,95,100,100,0,True
1732969079,21300441,4788627404927516976067723,-194287,95,100,100,0,True
1732969091,21300442,4788627404927516976067723,-194287,95,100,100,0,True
1732969103,21300443,4788635847766528366252012,-194287,95,100,100,0,True
1732969115,21300444,4788635847766528366252012,-194287,95,100,100,0,True
1732969127,21300445,4788635847766528366252012,-194287,95,100,100,0,True
1732969139,21300446,4788636050346011203719803,-194287,95,100,100,0,True
1732969151,21300447,4788636050346011203719803,-194287,95,100,100,0,True
1732969163,21300448,4788636073177290262540574,-194287,95,100,100,0,True
1732969175,21300449,4788636073177290262540574,-194287,95,100,100,0,True
1732969187,21300450,4788636073177290262540574,-194287,95,100,100,0,True
1732969199,21300451,4788636073177290262540574,-194287,95,100,100,0,True
1732969211,21300452,4788636073177290262540574,-194287,95,100,100,0,True
1732969223,21300453,4788636073177290262540574,-194287,95,100,100,0,True
1732969235,21300454,4788636073177290262540574,-194287,95,100,100,0,True
1732969247,21300455,4788636073177290262540574,-194287,95,100,100,0,True
1732969259,21300456,4788636073177290262540574,-194287,95,100,100,0,True
1732969271,21300457,4788636073177290262540574,-194287,95,100,100,0,True
1732969283,21300458,4788636073177290262540574,-194287,95,100,100,0,True
1732969295,21300459,4788636073177290262540574,-194287,95,100,100,0,True
1732969307,21300460,4788636073177290262540574,-194287,95,100,100,0,True
1732969319,21300461,4788636073177290262540574,-194287,95,100,100,0,True
1732969331,21300462,4788636073177290262540574,-194287,95,100,100,0,True
1732969343,21300463,4788636073177290262540574,-194287,95,100,100,0,True
1732969355,21300464,4788636073177290262540574,-194287,95,100,100,0,True
1732969367,21300465,4788636073177290262540574,-194287,95,100,100,0,True
1732969379,21300466,4788636073177290262540574,-194287,95,100,100,0,True
1732969391,21300467,4788636073177290262540574,-194287,95,100,100,0,True
1732969403,21300468,4788636073177290262540574,-194287,95,100,100,0,True
1732969415,21300469,4788636073177290262540574,-194287,95,100,100,0,True
1732969427,21300470,4788636073177290262540574,-194287,95,100,100,0,True
1732969439,21300471,4788636073177290262540574,-194287,95,100,100,0,True
1732969451,21300472,4788636073177290262540574,-194287,95,100,100,0,True
1732969463,21300473,4788636073177290262540574,-194287,95,100,100,0,True
1732969475,21300474,4789545114040969724782761,-194283,96,100,100,0,True
1732969487,21300475,4789545114040969724782761,-194283,96,100,100,0,True
1732969499,21300476,4790010469567929457577113,-194281,97,100,100,0,True
1732969511,21300477,4790010469567929457577113,-194281,97,100,100,0,True
1732969523,21300478,4790010469567929457577113,-194281,97,100,100,0,True
1732969535,21300479,4790010469567929457577113,-194281,97,100,100,0,True
1732969547,21300480,4790010469567929457577113,-194281,97,100,100,0,True
1732969559,21300481,4790010469567929457577113,-194281,97,100,100,0,True
1732969571,21300482,4790010469567929457577113,-194281,97,100,100,0,True
1732969583,21300483,4790010469567929457577113,-194281,97,100,100,0,True
1732969595,21300484,4790010469567929457577113,-194281,97,100,100,0,True
1732969607,21300485,4790010469567929457577113,-194281,97,100,100,0,True
1732969619,21300486,4790010469567929457577113,-194281,97,100,100,0,True
1732969631,21300487,4790010469567929457577113,-194281,97,100,100,0,True
1732969643,21300488,4790010469567929457577113,-194281,97,100,100,0,True
1732969655,21300489,4790010469567929457577113,-194281,97,100,100,0,True
1732969667,21300490,4790010469567929457577113,-194281,97,100,100,0,True
1732969679,21300491,4790010469567929457577113,-194281,97,100,100,0,True
1732969691,21300492,4790010469567929457577113,-194281,97,100,100,0,True
1732969703,21300493,4790010469567929457577113,-194281,97,100,100,0,True
1732969715,21300494,4790010469567929457577113,-194281,97,100,100,0,True
1732969727,21300495,4790010469567929457577113,-194281,97,100,100,0,True
1732969739,21300496,4790010469567929457577113,-194281,97,100,100,0,True
1732969751,21300497,4790010469567929457577113,-194281,97,100,100,0,True
1732969763,21300498,4790010469567929457577113,-194281,97,100,100,0,True
1732969775,21300499,4790010469567929457577113,-194281,97,100,100,0,True
1732969787,21300500,4790010469567929457577113,-194281,97,100,100,0,True
1732969799,21300501,4790010469567929457577113,-194281,97,100,100,0,True
1732969811,21300502,4790010469567929457577113,-194281,97,100,100,0,True
1732969823,21300503,4790010469567929457577113,-194281,97,100,100,0,True
1732969835,21300504,4790010469567929457577113,-194281,97,100,100,0,True
1732969847,21300505,4790010469567929457577113,-194281,97,100,100,0,True
1732969859,21300506,4790010469567929457577113,-194281,97,100,100,0,True
1732969871,21300507,4790010469567929457577113,-194281,97,100,100,0,True
1732969883,21300508,4790010469567929457577113,-194281,97,100,100,0,True
1732969895,21300509,4790010469567929457577113,-194281,97,100,100,0,True
1732969907,21300510,4790010469567929457577113,-194281,97,100,100,0,True
1732969919,21300511,4790010469567929457577113,-194281,97,100,100,0,True
1732969931,21300512,4790010469567929457577113,-194281,97,100,100,0,True
1732969955,21300513,4790010469567929457577113,-194281,97,100,100,0,True
1732969967,21300514,4790010469567929457577113,-194281,97,100,100,0,True
1732969979,21300515,4790010469567929457577113,-194281,97,100,100,0,True
1732969991,21300516,4790010469567929457577113,-194281,97,100,100,0,True
1732970003,21300517,4790010469567929457577113,-194281,97,100,100,0,True
1732970015,21300518,4790010469567929457577113,-194281,97,100,100,0,True
1732970027,21300519,4790010469567929457577113,-194281,97,100,100,0,True
1732970039,21300520,4790010469567929457577113,-194281,97,100,100,0,True
1732970051,21300521,4790010469567929457577113,-194281,97,100,100,0,True
1732970063,21300522,4790010469567929457577113,-194281,97,100,100,0,True
1732970075,21300523,4790010469567929457577113,-194281,97,100,100,0,True
1732970087,21300524,4791059054766816103720133,-194277,98,100,100,0,True
1732970099,21300525,4791059054766816103720133,-194277,98,100,100,0,True
1732970111,21300526,4791059054766816103720133,-194277,98,100,100,0,True
1732970123,21300527,4791059054766816103720133,-194277,98,100,100,0,True
1732970135,21300528,4791059054766816103720133,-194277,98,100,100,0,True
1732970147,21300529,4791059054766816103720133,-194277,98,100,100,0,True
1732970159,21300530,4791062041031474377523537,-194277,98,100,100,0,True
1732970171,21300531,4791916365124903467220992,-194273,99,100,100,0,True
1732970183,21300532,4791916365124903467220992,-194273,99,100,100,0,True
1732970195,21300533,4791916365124903467220992,-194273,99,100,100,0,True
1732970207,21300534,4791916365124903467220992,-194273,99,100,100,0,True
1732970219,21300535,4791916365124903467220992,-194273,99,100,100,0,True
1732970231,21300536,4791916365124903467220992,-194273,99,100,100,0,True
1732970243,21300537,4791916365124903467220992,-194273,99,100,100,0,True
1732970255,21300538,4791916365124903467220992,-194273,99,100,100,0,True
1732970267,21300539,4791916365124903467220992,-194273,99,100,100,0,True
1732970279,21300540,4791916365124903467220992,-194273,99,100,100,0,True
1732970291,21300541,4791916365124903467220992,-194273,99,100,100,0,True
1732970303,21300542,4791916365124903467220992,-194273,99,100,100,0,True
1732970315,21300543,4791916365124903467220992,-194273,99,100,100,0,True
1732970327,21300544,4791916365124903467220992,-194273,99,100,100,0,True
1732970339,21300545,4791916365124903467220992,-194273,99,100,100,0,True
1732970351,21300546,4791916365124903467220992,-194273,99,100,100,0,True
1732970363,21300547,4791916365124903467220992,-194273,99,100,100,0,True
1732970375,21300548,4791916365124903467220992,-194273,99,100,100,0,True
1732970387,21300549,4791916365124903467220992,-194273,99,100,100,0,True
1732970399,21300550,4791916365124903467220992,-194273,99,100,100,0,True
1732970411,21300551,4791916365124903467220992,-194273,99,100,100,0,True
1732970423,21300552,4791920596160123464108785,-194273,99,100,100,0,True
1732970435,21300553,4791919760982041619529739,-194273,99,100,100,0,True
1732970447,21300554,4791919760982041619529739,-194273,99,100,100,0,True
1732970459,21300555,4791919760982041619529739,-194273,99,100,100,0,True
1732970471,21300556,4791919760982041619529739,-194273,99,100,100,0,True
1732970483,21300557,4791919760982041619529739,-194273,99,100,100,0,True
1732970495,21300558,4791919760982041619529739,-194273,99,100,100,0,True
1732970507,21300559,4791919760982041619529739,-194273,99,100,100,0,True
1732970519,21300560,4791919760982041619529739,-194273,99,100,100,0,True
1732970531,21300561,4791919760982041619529739,-194273,99,100,100,0,True
1732970543,21300562,4791919760982041619529739,-194273,99,100,100,0,True
1732970555,21300563,4791919760982041619529739,-194273,99,100,100,0,True
1732970567,21300564,4791919760982041619529739,-194273,99,100,100,0,True
1732970579,21300565,4791919760982041619529739,-194273,99,100,100,0,True
1732970591,21300566,4791919760982041619529739,-194273,99,100,100,0,True
1732970603,21300567,4791919760982041619529739,-194273,99,100,100,0,True
1732970615,21300568,4791919760982041619529739,-194273,99,100,100,0,True
1732970627,21300569,4791919760982041619529739,-194273,99,100,100,0,True
1732970639,21300570,4791919760982041619529739,-194273,99,100,100,0,True
1732970651,21300571,4791919760982041619529739,-194273,99,100,100,0,True
1732970663,21300572,4791919760982041619529739,-194273,99,100,100,0,True
1732970675,21300573,4791919760982041619529739,-194273,99,100,100,0,True
1732970687,21300574,4791919760982041619529739,-194273,99,100,100,0,True
1732970699,21300575,4791919760982041619529739,-194273,99,100,100,0,True
1732970711,21300576,4791919760982041619529739,-194273,99,100,100,0,True
1732970723,21300577,4791919760982041619529739,-194273,99,100,100,0,True
1732970735,21300578,4791919760982041619529739,-194273,99,100,100,0,True
1732970747,21300579,4792854810453903559192988,-194269,0,100,100,0,True
1732970759,21300580,4793780967321304622432256,-194266,1,100,100,0,True
1732970771,21300581,4793780967321304622432256,-194266,1,100,100,0,True
1732970783,21300582,4793780967321304622432256,-194266,1,100,100,0,True
1732970795,21300583,4793780967321304622432256,-194266,1,100,100,0,True
1732970807,21300584,4793780967321304622432256,-194266,1,100,100,0,True
1732970819,21300585,4793780967321304622432256,-194266,1,100,100,0,True
1732970831,21300586,4793780967321304622432256,-194266,1,100,100,0,True
1732970843,21300587,4793780967321304622432256,-194266,1,100,100,0,True
1732970855,21300588,4793780967321304622432256,-194266,1,100,100,0,True
1732970867,21300589,4793780967321304622432256,-194266,1,100,100,0,True
1732970879,21300590,4793780967321304622432256,-194266,1,100,100,0,True
1732970891,21300591,4793780967321304622432256,-194266,1,100,100,0,True
1732970903,21300592,4793780967321304622432256,-194266,1,100,100,0,True
1732970915,21300593,4793780967321304622432256,-194266,1,100,100,0,True
1732970927,21300594,4793780967321304622432256,-194266,1,100,100,0,True
1732970939,21300595,4793780967321304622432256,-194266,1,100,100,0,True
1732970951,21300596,4793780967321304622432256,-194266,1,100,100,0,True
1732970963,21300597,4793780967321304622432256,-194266,1,100,100,0,True
1732970975,21300598,4793780967321304622432256,-194266,1,100,100,0,True
1732970987,21300599,4793780967321304622432256,-194266,1,100,100,0,True
1732970999,21300600,4793780967321304622432256,-194266,1,100,100,0,True
1732971011,21300601,4793780967321304622432256,-194266,1,100,100,0,True
1732971023,21300602,4793780967321304622432256,-194266,1,100,100,0,True
1732971035,21300603,4793780967321304622432256,-194266,1,100,100,0,True
1732971047,21300604,4793780967321304622432256,-194266,1,100,100,0,True
1732971059,21300605,4793780967321304622432256,-194266,1,100,100,0,True
1732971071,21300606,4793780967321304622432256,-194266,1,100,100,0,True
1732971083,21300607,4793822839310692536088105,-194265,2,100,100,0,True
1732971095,21300608,4794205820944264371805147,-194264,3,100,100,0,True
1732971107,21300609,4794205820944264371805147,-194264,3,100,100,0,True
1732971119,21300610,4794205820944264371805147,-194264,3,100,100,0,True
1732971131,21300611,4794205820944264371805147,-194264,3,100,100,0,True
1732971143,21300612,4794205820944264371805147,-194264,3,100,100,0,True
1732971155,21300613,4794205820944264371805147,-194264,3,100,100,0,True
1732971167,21300614,4794409397422105971562972,-194263,4,100,100,0,True
1732971179,21300615,4794409397422105971562972,-194263,4,100,100,0,True
1732971191,21300616,4794741673040731278688994,-194262,5,100,100,0,True
1732971203,21300617,4794741673040731278688994,-194262,5,100,100,0,True
1732971215,21300618,4794741673040731278688994,-194262,5,100,100,0,True
1732971227,21300619,4794741673040731278688994,-194262,5,100,100,0,True
1732971239,21300620,4794741673040731278688994,-194262,5,100,100,0,True
1732971251,21300621,4794741673040731278688994,-194262,5,100,100,0,True
1732971263,21300622,4794741673040731278688994,-194262,5,100,100,0,True
1732971275,21300623,4794741673040731278688994,-194262,5,100,100,0,True
1732971287,21300624,4794741673040731278688994,-194262,5,100,100,0,True
1732971299,21300625,4794741673040731278688994,-194262,5,100,100,0,True
1732971311,21300626,4794741673040731278688994,-194262,5,100,100,0,True
1732971323,21300627,4794741673040731278688994,-194262,5,100,100,0,True
1732971335,21300628,4794741673040731278688994,-194262,5,100,100,0,True
1732971347,21300629,4795703307943281301039008,-194258,6,100,100,0,True
1732971359,21300630,4795702687857143919534399,-194258,6,100,100,0,True
1732971371,21300631,4795702687857143919534399,-194258,6,100,100,0,True
1732971383,21300632,4795702687857143919534399,-194258,6,100,100,0,True
1732971395,21300633,4796963993153441394964227,-194252,7,100,100,0,True
1732971407,21300634,4796963993153441394964227,-194252,7,100,100,0,True
1732971419,21300635,4796963993153441394964227,-194252,7,100,100,0,True
1732971431,21300636,4796963993153441394964227,-194252,7,100,100,0,True
1732971443,21300637,4796963993153441394964227,-194252,7,100,100,0,True
1732971467,21300638,4796963993153441394964227,-194252,7,100,100,0,True
1732971479,21300639,4797280436251242424219887,-194251,8,100,100,0,True
1732971491,21300640,4797280436251242424219887,-194251,8,100,100,0,True
1732971503,21300641,4797868503502905172545003,-194249,9,100,100,0,True
1732971515,21300642,4798808292312392746879870,-194245,10,100,100,0,True
1732971527,21300643,4798808292312392746879870,-194245,10,100,100,0,True
1732971539,21300644,4798808292312392746879870,-194245,10,100,100,0,True
1732971551,21300645,4798808292312392746879870,-194245,10,100,100,0,True
1732971563,21300646,4799377590436466436079616,-194242,11,100,100,0,True
1732971575,21300647,4799377590436466436079616,-194242,11,100,100,0,True
1732971587,21300648,4799377590436466436079616,-194242,11,100,100,0,True
1732971599,21300649,4800181690938877422862336,-194239,12,100,100,0,True
1732971611,21300650,4800181690938877422862336,-194239,12,100,100,0,True
1732971623,21300651,4800181690938877422862336,-194239,12,100,100,0,True
1732971635,21300652,4800181690938877422862336,-194239,12,100,100,0,True
1732971647,21300653,4800181690938877422862336,-194239,12,100,100,0,True
1732971659,21300654,4800181690938877422862336,-194239,12,100,100,0,True
1732971671,21300655,4800181690938877422862336,-194239,12,100,100,0,True
1732971683,21300656,4800181690938877422862336,-194239,12,100,100,0,True
1732971695,21300657,4800181690938877422862336,-194239,12,100,100,0,True
1732971707,21300658,4800183931546848487254320,-194239,12,100,100,0,True
1732971719,21300659,4800183931546848487254320,-194239,12,100,100,0,True
1732971731,21300660,4800183931546848487254320,-194239,12,100,100,0,True
1732971743,21300661,4800183931546848487254320,-194239,12,100,100,0,True
1732971755,21300662,4800183931546848487254320,-194239,12,100,100,0,True
1732971767,21300663,4800188035604258308489536,-194239,12,100,100,0,True
1732971779,21300664,4800188035604258308489536,-194239,12,100,100,0,True
1732971791,21300665,4800188035604258308489536,-194239,12,100,100,0,True
1732971803,21300666,4800188035604258308489536,-194239,12,100,100,0,True
1732971815,21300667,4800188035604258308489536,-194239,12,100,100,0,True
1732971827,21300668,4800188035604258308489536,-194239,12,100,100,0,True
1732971839,21300669,4800188035604258308489536,-194239,12,100,100,0,True
1732971851,21300670,4800188035604258308489536,-194239,12,100,100,0,True
1732971863,21300671,4800188035604258308489536,-194239,12,100,100,0,True
1732971875,21300672,4800188035604258308489536,-194239,12,100,100,0,True
1732971887,21300673,4800188035604258308489536,-194239,12,100,100,0,True
1732971899,21300674,4800188035604258308489536,-194239,12,100,100,0,True
1732971911,21300675,4800188035604258308489536,-194239,12,100,100,0,True
1732971923,21300676,4800188035604258308489536,-194239,12,100,100,0,True
1732971935,21300677,4800188035604258308489536,-194239,12,100,100,0,True
1732971947,21300678,4800188035604258308489536,-194239,12,100,100,0,True
1732971959,21300679,4800188035604258308489536,-194239,12,100,100,0,True
1732971971,21300680,4800188035604258308489536,-194239,12,100,100,0,True
1732971983,21300681,4800188035604258308489536,-194239,12,100,100,0,True
1732971995,21300682,4800188035604258308489536,-194239,12,100,100,0,True
1732972007,21300683,4800188035604258308489536,-194239,12,100,100,0,True
1732972019,21300684,4800188035604258308489536,-194239,12,100,100,0,True
1732972031,21300685,4800188035604258308489536,-194239,12,100,100,0,True
1732972043,21300686,4800188035604258308489536,-194239,12,100,100,0,True
1732972055,21300687,4800188035604258308489536,-194239,12,100,100,0,True
1732972067,21300688,4800188035604258308489536,-194239,12,100,100,0,True
1732972079,21300689,4800188035604258308489536,-194239,12,100,100,0,True
1732972091,21300690,4800188035604258308489536,-194239,12,100,100,0,True
1732972103,21300691,4800188035604258308489536,-194239,12,100,100,0,True
1732972115,21300692,4800188035604258308489536,-194239,12,100,100,0,True
1732972127,21300693,4800188035604258308489536,-194239,12,100,100,0,True
1732972139,21300694,4800188035604258308489536,-194239,12,100,100,0,True
1732972151,21300695,4800188035604258308489536,-194239,12,100,100,0,True
1732972163,21300696,4800188035604258308489536,-194239,12,100,100,0,True
1732972175,21300697,4800188035604258308489536,-194239,12,100,100,0,True
1732972187,21300698,4800188035604258308489536,-194239,12,100,100,0,True
1732972199,21300699,4800188035604258308489536,-194239,12,100,100,0,True
1732972211,21300700,4800188035604258308489536,-194239,12,100,100,0,True
1732972223,21300701,4800188035604258308489536,-194239,12,100,100,0,True
1732972235,21300702,4800188035604258308489536,-194239,12,100,100,0,True
1732972247,21300703,4800188952064476286091828,-194239,12,100,100,0,True
1732972259,21300704,4800188952064476286091828,-194239,12,100,100,0,True
1732972271,21300705,4800188952064476286091828,-194239,12,100,100,0,True
1732972283,21300706,4800188952064476286091828,-194239,12,100,100,0,True
1732972295,21300707,4800188952064476286091828,-194239,12,100,100,0,True
1732972307,21300708,4800188952064476286091828,-194239,12,100,100,0,True
1732972319,21300709,4800188952064476286091828,-194239,12,100,100,0,True
1732972331,21300710,4800188952064476286091828,-194239,12,100,100,0,True
1732972343,21300711,4800188952064476286091828,-194239,12,100,100,0,True
1732972355,21300712,4800188952064476286091828,-194239,12,100,100,0,True
1732972367,21300713,4800188952064476286091828,-194239,12,100,100,0,True
1732972379,21300714,4800188952064476286091828,-194239,12,100,100,0,True
1732972391,21300715,4800188952064476286091828,-194239,12,100,100,0,True
1732972403,21300716,4800188952064476286091828,-194239,12,100,100,0,True
1732972415,21300717,4800188952064476286091828,-194239,12,100,100,0,True
1732972427,21300718,4800188952064476286091828,-194239,12,100,100,0,True
1732972439,21300719,4800188952064476286091828,-194239,12,100,100,0,True
1732972451,21300720,4800188952064476286091828,-194239,12,100,100,0,True
1732972463,21300721,4800188952064476286091828,-194239,12,100,100,0,True
1732972475,21300722,4800188952064476286091828,-194239,12,100,100,0,True
1732972487,21300723,4800188952064476286091828,-194239,12,100,100,0,True
1732972499,21300724,4800188952064476286091828,-194239,12,100,100,0,True
1732972511,21300725,4800188952064476286091828,-194239,12,100,100,0,True
1732972523,21300726,4800188952064476286091828,-194239,12,100,100,0,True
1732972535,21300727,4800188952064476286091828,-194239,12,100,100,0,True
1732972547,21300728,4800188952064476286091828,-194239,12,100,100,0,True
1732972559,21300729,4800188952064476286091828,-194239,12,100,100,0,True
1732972571,21300730,4800188952064476286091828,-194239,12,100,100,0,True
1732972583,21300731,4800188952064476286091828,-194239,12,100,100,0,True
1732972595,21300732,4800188952064476286091828,-194239,12,100,100,0,True
1732972607,21300733,4800188952064476286091828,-194239,12,100,100,0,True
1732972619,21300734,4800188952064476286091828,-194239,12,100,100,0,True
1732972631,21300735,4800188952064476286091828,-194239,12,100,100,0,True
1732972643,21300736,4800188952064476286091828,-194239,12,100,100,0,True
1732972655,21300737,4800188952064476286091828,-194239,12,100,100,0,True
1732972667,21300738,4800188952064476286091828,-194239,12,100,100,0,True
1732972679,21300739,4800188952064476286091828,-194239,12,100,100,0,True
1732972691,21300740,4800188952064476286091828,-194239,12,100,100,0,True
1732972703,21300741,4800188952064476286091828,-194239,12,100,100,0,True
1732972715,21300742,4800188952064476286091828,-194239,12,100,100,0,True
1732972727,21300743,4800188952064476286091828,-194239,12,100,100,0,True
1732972739,21300744,4800188952064476286091828,-194239,12,100,100,0,True
1732972751,21300745,4800188952064476286091828,-194239,12,100,100,0,True
1732972763,21300746,4800188952064476286091828,-194239,12,100,100,0,True
1732972775,21300747,4800188952064476286091828,-194239,12,100,100,0,True
1732972787,21300748,4800188952064476286091828,-194239,12,100,100,0,True
1732972799,21300749,4800188952064476286091828,-194239,12,100,100,0,True
1732972811,21300750,4800188952064476286091828,-194239,12,100,100,0,True
1732972823,21300751,4800188952064476286091828,-194239,12,100,100,0,True
1732972835,21300752,4800188952064476286091828,-194239,12,100,100,0,True
1732972847,21300753,4800188952064476286091828,-194239,12,100,100,0,True
1732972859,21300754,4800188952064476286091828,-194239,12,100,100,0,True
1732972871,21300755,4800188952064476286091828,-194239,12,100,100,0,True
1732972883,21300756,4800188952064476286091828,-194239,12,100,100,0,True
1732972895,21300757,4800188952064476286091828,-194239,12,100,100,0,True
1732972907,21300758,4800188952064476286091828,-194239,12,100,100,0,True
1732972919,21300759,4800188952064476286091828,-194239,12,100,100,0,True
1732972931,21300760,4800188952064476286091828,-194239,12,100,100,0,True
1732972943,21300761,4800188952064476286091828,-194239,12,100,100,0,True
1732972955,21300762,4800188952064476286091828,-194239,12,100,100,0,True
1732972967,21300763,4800188952064476286091828,-194239,12,100,100,0,True
1732972979,21300764,4800188952064476286091828,-194239,12,100,100,0,True
1732972991,21300765,4800188952064476286091828,-194239,12,100,100,0,True
1732973003,21300766,4800188952064476286091828,-194239,12,100,100,0,True
1732973015,21300767,4800188952064476286091828,-194239,12,100,100,0,True
1732973027,21300768,4800188952064476286091828,-194239,12,100,100,0,True
1732973039,21300769,4800188952064476286091828,-194239,12,100,100,0,True
1732973051,21300770,4800188952064476286091828,-194239,12,100,100,0,True
1732973063,21300771,4800193760859264125382103,-194239,12,100,100,0,True
1732973075,21300772,4800193760859264125382103,-194239,12,100,100,0,True
1732973087,21300773,4800193760859264125382103,-194239,12,100,100,0,True
1732973099,21300774,4800193760859264125382103,-194239,12,100,100,0,True
1732973111,21300775,4800193760859264125382103,-194239,12,100,100,0,True
1732973123,21300776,4800193760859264125382103,-194239,12,100,100,0,True
1732973135,21300777,4800193760859264125382103,-194239,12,100,100,0,True
1732973147,21300778,4800193760859264125382103,-194239,12,100,100,0,True
1732973159,21300779,4800193760859264125382103,-194239,12,100,100,0,True
1732973171,21300780,4800193760859264125382103,-194239,13,100,100,0,True
1732973183,21300781,4800193760859264125382103,-194239,13,100,100,0,True
1732973195,21300782,4800193760859264125382103,-194239,13,100,100,0,True
1732973207,21300783,4800193760859264125382103,-194239,13,100,100,0,True
1732973219,21300784,4800193760859264125382103,-194239,13,100,100,0,True
1732973231,21300785,4800193760859264125382103,-194239,13,100,100,0,True
1732973243,21300786,4800193760859264125382103,-194239,13,100,100,0,True
1732973255,21300787,4800193760859264125382103,-194239,13,100,100,0,True
1732973267,21300788,4800193760859264125382103,-194239,13,100,100,0,True
1732973279,21300789,4800193760859264125382103,-194239,13,100,100,0,True
1732973291,21300790,4800193760859264125382103,-194239,13,100,100,0,True
1732973303,21300791,4800193760859264125382103,-194239,13,100,100,0,True
1732973315,21300792,4800193760859264125382103,-194239,13,100,100,0,True
1732973327,21300793,4800193760859264125382103,-194239,13,100,100,0,True
1732973339,21300794,4800193760859264125382103,-194239,13,100,100,0,True
1732973351,21300795,4800193760859264125382103,-194239,13,100,100,0,True
1732973363,21300796,4800193760859264125382103,-194239,13,100,100,0,True
1732973375,21300797,4800193760907618256763334,-194239,13,100,100,0,True
1732973387,21300798,4800193760907618256763334,-194239,13,100,100,0,True
1732973399,21300799,4800193760907618256763334,-194239,13,100,100,0,True
1732973411,21300800,4800197097342683561703981,-194239,13,100,100,0,True
1732973423,21300801,4800197097342683561703981,-194239,13,100,100,0,True
1732973435,21300802,4800197097342683561703981,-194239,13,100,100,0,True
1732973447,21300803,4800197097342683561703981,-194239,13,100,100,0,True
1732973459,21300804,4800205234012509515595256,-194239,13,100,100,0,True
1732973471,21300805,4800205234012509515595256,-194239,13,100,100,0,True
1732973483,21300806,4800205234012509515595256,-194239,13,100,100,0,True
1732973495,21300807,4800205234012509515595256,-194239,13,100,100,0,True
1732973507,21300808,4800205234012509515595256,-194239,13,100,100,0,True
1732973519,21300809,4800205234012509515595256,-194239,13,100,100,0,True
1732973531,21300810,4800205234012509515595256,-194239,13,100,100,0,True
1732973543,21300811,4800205234012509515595256,-194239,13,100,100,0,True
1732973555,21300812,4800205234012509515595256,-194239,13,100,100,0,True
1732973567,21300813,4800205234012509515595256,-194239,13,100,100,0,True
1732973579,21300814,4800205234012509515595256,-194239,13,100,100,0,True
1732973591,21300815,4800205234012509515595256,-194239,13,100,100,0,True
1732973603,21300816,4800205234012509515595256,-194239,13,100,100,0,True
1732973615,21300817,4800205234012509515595256,-194239,13,100,100,0,True
1732973627,21300818,4800205234012509515595256,-194239,13,100,100,0,True
1732973639,21300819,4800205234012509515595256,-194239,13,100,100,0,True
1732973651,21300820,4800205234012509515595256,-194239,13,100,100,0,True
1732973663,21300821,4800205234012509515595256,-194239,13,100,100,0,True
1732973675,21300822,4800205234012509515595256,-194239,13,100,100,0,True
1732973687,21300823,4800205234012509515595256,-194239,13,100,100,0,True
1732973699,21300824,4800205234012509515595256,-194239,13,100,100,0,True
1732973711,21300825,4800205234012509515595256,-194239,13,100,100,0,True
1732973723,21300826,4800205234012509515595256,-194239,13,100,100,0,True
1732973735,21300827,4800205234012509515595256,-194239,13,100,100,0,True
1732973747,21300828,4800205234012509515595256,-194239,13,100,100,0,True
1732973759,21300829,4800205234012509515595256,-194239,13,100,100,0,True
1732973771,21300830,4800205234012509515595256,-194239,13,100,100,0,True
1732973783,21300831,4800205234012509515595256,-194239,13,100,100,0,True
1732973795,21300832,4800205234012509515595256,-194239,14,100,100,0,True
1732973807,21300833,4800205234012509515595256,-194239,14,100,100,0,True
1732973819,21300834,4800205234012509515595256,-194239,14,100,100,0,True
1732973831,21300835,4800205234012509515595256,-194239,14,100,100,0,True
1732973843,21300836,4800205234012509515595256,-194239,14,100,100,0,True
1732973855,21300837,4800205234012509515595256,-194239,14,100,100,0,True
1732973867,21300838,4800205234012509515595256,-194239,14,100,100,0,True
1732973879,21300839,4800205234012509515595256,-194239,14,100,100,0,True
1732973891,21300840,4800205234012509515595256,-194239,14,100,100,0,True
1732973903,21300841,4800205234012509515595256,-194239,14,100,100,0,True
1732973915,21300842,4800205234012509515595256,-194239,14,100,100,0,True
1732973927,21300843,4800205234012509515595256,-194239,14,100,100,0,True
1732973939,21300844,4800205234012509515595256,-194239,14,100,100,0,True
1732973951,21300845,4800205234012509515595256,-194239,14,100,100,0,True
1732973963,21300846,4800205234012509515595256,-194239,14,100,100,0,True
1732973975,21300847,4800205234012509515595256,-194239,14,100,100,0,True
1732973987,21300848,4800205234012509515595256,-194239,14,100,100,0,True
1732973999,21300849,4800205234012509515595256,-194239,14,100,100,0,True
1732974011,21300850,4800205234012509515595256,-194239,14,100,100,0,True
1732974023,21300851,4800205234012509515595256,-194239,14,100,100,0,True
1732974035,21300852,4800205234012509515595256,-194239,14,100,100,0,True
1732974047,21300853,4800205234012509515595256,-194239,14,100,100,0,True
1732974059,21300854,4800205234012509515595256,-194239,14,100,100,0,True
1732974071,21300855,4800205234012509515595256,-194239,14,100,100,0,True
1732974083,21300856,4800205234012509515595256,-194239,14,100,100,0,True
1732974095,21300857,4800205234012509515595256,-194239,15,100,100,0,True
1732974107,21300858,4800205234012509515595256,-194239,15,100,100,0,True
1732974119,21300859,4800205234012509515595256,-194239,15,100,100,0,True
1732974131,21300860,4800205234012509515595256,-194239,15,100,100,0,True
1732974143,21300861,4800205234012509515595256,-194239,15,100,100,0,True
1732974155,21300862,4800205234012509515595256,-194239,15,100,100,0,True
1732974167,21300863,4800205234012509515595256,-194239,15,100,100,0,True
1732974179,21300864,4800205234012509515595256,-194239,15,100,100,0,True
1732974191,21300865,4800205234012509515595256,-194239,15,100,100,0,True
1732974203,21300866,4800205234012509515595256,-194239,15,100,100,0,True
1732974215,21300867,4800205234012509515595256,-194239,15,100,100,0,True
1732974227,21300868,4800205234012509515595256,-194239,15,100,100,0,True
1732974239,21300869,4800205234012509515595256,-194239,15,100,100,0,True
1732974251,21300870,4800205234012509515595256,-194239,15,100,100,0,True
1732974263,21300871,4800205234012509515595256,-194239,15,100,100,0,True
1732974275,21300872,4800205234012509515595256,-194239,15,100,100,0,True
1732974287,21300873,4800205234012509515595256,-194239,15,100,100,0,True
1732974299,21300874,4800205234012509515595256,-194239,15,100,100,0,True
1732974311,21300875,4800205234012509515595256,-194239,15,100,100,0,True
1732974323,21300876,4800205234012509515595256,-194239,15,100,100,0,True
1732974335,21300877,4800205234012509515595256,-194239,16,100,100,0,True
1732974347,21300878,4800205234012509515595256,-194239,16,100,100,0,True
1732974359,21300879,4800205234012509515595256,-194239,16,100,100,0,True
1732974371,21300880,4800205234012509515595256,-194239,16,100,100,0,True
1732974383,21300881,4800205234012509515595256,-194239,16,100,100,0,True
1732974395,21300882,4800205234012509515595256,-194239,16,100,100,0,True
1732974407,21300883,4800205234012509515595256,-194239,16,100,100,0,True
1732974419,21300884,4800205234012509515595256,-194239,16,100,100,0,True
1732974431,21300885,4800205234012509515595256,-194239,16,100,100,0,True
1732974443,21300886,4800205234012509515595256,-194239,16,100,100,0,True
1732974455,21300887,4800205234012509515595256,-194239,16,100,100,0,True
1732974467,21300888,4800205234012509515595256,-194239,16,100,100,0,True
1732974479,21300889,4800205234012509515595256,-194239,16,100,100,0,True
1732974491,21300890,4800205234012509515595256,-194239,16,100,100,0,True
1732974503,21300891,4800205234012509515595256,-194239,16,100,100,0,True
1732974515,21300892,4800205234012509515595256,-194239,16,100,100,0,True
1732974527,21300893,4800205234012509515595256,-194239,16,100,100,0,True
1732974539,21300894,4800205234012509515595256,-194239,16,100,100,0,True
1732974551,21300895,4800205234012509515595256,-194239,16,100,100,0,True
1732974563,21300896,4800205234012509515595256,-194239,16,100,100,0,True
1732974575,21300897,4800205234012509515595256,-194239,16,100,100,0,True
1732974587,21300898,4800205234012509515595256,-194239,16,100,100,0,True
1732974599,21300899,4800205234012509515595256,-194239,16,100,100,0,True
1732974611,21300900,4800205234012509515595256,-194239,16,100,100,0,True
1732974623,21300901,4800205234012509515595256,-194239,16,100,100,0,True
1732974635,21300902,4800205234012509515595256,-194239,16,100,100,0,True
1732974647,21300903,4800205234012509515595256,-194239,16,100,100,0,True
1732974659,21300904,4800205234012509515595256,-194239,16,100,100,0,True
1732974671,21300905,4800205234012509515595256,-194239,16,100,100,0,True
1732974683,21300906,4800205718977871735260931,-194239,16,100,100,0,True
1732974695,21300907,4800205718977871735260931,-194239,16,100,100,0,True
1732974707,21300908,4800205718977871735260931,-194239,16,100,100,0,True
1732974719,21300909,4800205718977871735260931,-194239,16,100,100,0,True
1732974731,21300910,4800205718977871735260931,-194239,16,100,100,0,True
1732974743,21300911,4800205718977871735260931,-194239,16,100,100,0,True
1732974755,21300912,4800205718977871735260931,-194239,16,100,100,0,True
1732974767,21300913,4800205718977871735260931,-194239,16,100,100,0,True
1732974779,21300914,4800205718977871735260931,-194239,16,100,100,0,True
1732974791,21300915,4800205718977871735260931,-194239,16,100,100,0,True
1732974803,21300916,4800205718977871735260931,-194239,16,100,100,0,True
1732974815,21300917,4800205718977871735260931,-194239,16,100,100,0,True
1732974827,21300918,4800205718977871735260931,-194239,16,100,100,0,True
1732974839,21300919,4800205718977871735260931,-194239,16,100,100,0,True
1732974851,21300920,4800205718977871735260931,-194239,16,100,100,0,True
1732974863,21300921,4800205718977871735260931,-194239,16,100,100,0,True
1732974875,21300922,4800205718977871735260931,-194239,16,100,100,0,True
1732974887,21300923,4800205718977871735260931,-194239,16,100,100,0,True
1732974899,21300924,4800205718977871735260931,-194239,16,100,100,0,True
1732974911,21300925,4800205718977871735260931,-194239,16,100,100,0,True
1732974923,21300926,4800205718977871735260931,-194239,16,100,100,0,True
1732974947,21300927,4800205718977871735260931,-194239,16,100,100,0,True
1732974959,21300928,4800205718977871735260931,-194239,16,100,100,0,True
1732974971,21300929,4800205718977871735260931,-194239,16,100,100,0,True
1732974983,21300930,4800205718977871735260931,-194239,16,100,100,0,True
1732974995,21300931,4800205718977871735260931,-194239,16,100,100,0,True
1732975007,21300932,4800205718977871735260931,-194239,16,100,100,0,True
1732975019,21300933,4800205718977871735260931,-194239,16,100,100,0,True
1732975031,21300934,4800205718977871735260931,-194239,16,100,100,0,True
1732975043,21300935,4800205718977871735260931,-194239,16,100,100,0,True
1732975055,21300936,4800205718977871735260931,-194239,16,100,100,0,True
1732975067,21300937,4800205718977871735260931,-194239,16,100,100,0,True
1732975079,21300938,4800205718977871735260931,-194239,16,100,100,0,True
1732975091,21300939,4800205718977871735260931,-194239,16,100,100,0,True
1732975103,21300940,4800205718977871735260931,-194239,16,100,100,0,True
1732975115,21300941,4800205718977871735260931,-194239,16,100,100,0,True
1732975127,21300942,4800205718977871735260931,-194239,16,100,100,0,True
1732975139,21300943,4800205718977871735260931,-194239,16,100,100,0,True
1732975151,21300944,4800205718977871735260931,-194239,16,100,100,0,True
1732975163,21300945,4800205718977871735260931,-194239,16,100,100,0,True
1732975175,21300946,4800205718977871735260931,-194239,16,100,100,0,True
1732975187,21300947,4800205718977871735260931,-194239,16,100,100,0,True
1732975199,21300948,4800205718977871735260931,-194239,16,100,100,0,True
1732975211,21300949,4800205718977871735260931,-194239,16,100,100,0,True
1732975223,21300950,4800205718977871735260931,-194239,16,100,100,0,True
1732975235,21300951,4800205718977871735260931,-194239,16,100,100,0,True
1732975247,21300952,4800205718977871735260931,-194239,16,100,100,0,True
1732975259,21300953,4800205718977871735260931,-194239,16,100,100,0,True
1732975271,21300954,4800205718977871735260931,-194239,16,100,100,0,True
1732975283,21300955,4800205718977871735260931,-194239,16,100,100,0,True
1732975295,21300956,4800205718977871735260931,-194239,16,100,100,0,True
1732975307,21300957,4800205718977871735260931,-194239,16,100,100,0,True
1732975319,21300958,4800205718977871735260931,-194239,16,100,100,0,True
1732975331,21300959,4800205718977871735260931,-194239,16,100,100,0,True
1732975343,21300960,4800205718977871735260931,-194239,16,100,100,0,True
1732975355,21300961,4800205718977871735260931,-194239,16,100,100,0,True
1732975367,21300962,4800205718977871735260931,-194239,16,100,100,0,True
1732975391,21300963,4800205718977871735260931,-194239,16,100,100,0,True
1732975403,21300964,4800205718977871735260931,-194239,16,100,100,0,True
1732975415,21300965,4800205718977871735260931,-194239,16,100,100,0,True
1732975427,21300966,4800205718977871735260931,-194239,16,100,100,0,True
1732975439,21300967,4800205718977871735260931,-194239,16,100,100,0,True
1732975451,21300968,4800205718977871735260931,-194239,16,100,100,0,True
1732975463,21300969,4800205718977871735260931,-194239,16,100,100,0,True
1732975475,21300970,4800205718977871735260931,-194239,16,100,100,0,True
1732975487,21300971,4800205718977871735260931,-194239,16,100,100,0,True
1732975499,21300972,4800205718977871735260931,-194239,16,100,100,0,True
1732975511,21300973,4800205718977871735260931,-194239,16,100,100,0,True
1732975523,21300974,4800205718977871735260931,-194239,16,100,100,0,True
1732975535,21300975,4800205718977871735260931,-194239,16,100,100,0,True
1732975547,21300976,4800205718977871735260931,-194239,16,100,100,0,True
1732975559,21300977,4800205718977871735260931,-194239,16,100,100,0,True
1732975571,21300978,4800205718977871735260931,-194239,16,100,100,0,True
1732975583,21300979,4800205718977871735260931,-194239,16,100,100,0,True
1732975595,21300980,4800205718977871735260931,-194239,16,100,100,0,True
1732975607,21300981,4800205718977871735260931,-194239,16,100,100,0,True
1732975619,21300982,4800205718977871735260931,-194239,16,100,100,0,True
1732975631,21300983,4800205718977871735260931,-194239,16,100,100,0,True
1732975643,21300984,4800205718977871735260931,-194239,16,100,100,0,True
1732975655,21300985,4800205718977871735260931,-194239,16,100,100,0,True
1732975667,21300986,4800205718977871735260931,-194239,16,100,100,0,True
1732975679,21300987,4800205718977871735260931,-194239,16,100,100,0,True
1732975691,21300988,4800205718977871735260931,-194239,16,100,100,0,True
1732975703,21300989,4800205718977871735260931,-194239,16,100,100,0,True
1732975715,21300990,4800205718977871735260931,-194239,16,100,100,0,True
1732975727,21300991,4800205718977871735260931,-194239,16,100,100,0,True
1732975739,21300992,4800205718977871735260931,-194239,16,100,100,0,True
1732975751,21300993,4800204749103438808016677,-194239,16,100,100,0,True
1732975763,21300994,4800204749103438808016677,-194239,16,100,100,0,True
1732975775,21300995,4800204749103438808016677,-194239,16,100,100,0,True
1732975787,21300996,4800204749103438808016677,-194239,16,100,100,0,True
1732975799,21300997,4800204749103438808016677,-194239,16,100,100,0,True
1732975811,21300998,4800204749103438808016677,-194239,16,100,100,0,True
1732975823,21300999,4800204749103438808016677,-194239,16,100,100,0,True
1732975835,21301000,4800204749103438808016677,-194239,16,100,100,0,True
1732975847,21301001,4800204749103438808016677,-194239,16,100,100,0,True
1732975859,21301002,4800211060110372813841298,-194239,16,100,100,0,True
1732975871,21301003,4800211060110372813841298,-194239,16,100,100,0,True
1732975883,21301004,4800211060110372813841298,-194239,17,100,100,0,True
1732975895,21301005,4800211060110372813841298,-194239,17,100,100,0,True
1732975907,21301006,4800211060110372813841298,-194239,17,100,100,0,True
1732975919,21301007,4800211060110372813841298,-194239,17,100,100,0,True
1732975931,21301008,4800211060110372813841298,-194239,17,100,100,0,True
1732975943,21301009,4800211060110372813841298,-194239,17,100,100,0,True
1732975955,21301010,4800211060110372813841298,-194239,17,100,100,0,True
1732975967,21301011,4800211060110372813841298,-194239,17,100,100,0,True
1732975979,21301012,4800211060110372813841298,-194239,17,100,100,0,True
1732975991,21301013,4800211060110372813841298,-194239,17,100,100,0,True
1732976003,21301014,4800211060110372813841298,-194239,17,100,100,0,True
1732976015,21301015,4800211060110372813841298,-194239,17,100,100,0,True
1732976027,21301016,4800211060110372813841298,-194239,17,100,100,0,True
1732976039,21301017,4800211060110372813841298,-194239,17,100,100,0,True
1732976051,21301018,4800211060110372813841298,-194239,17,100,100,0,True
1732976063,21301019,4800211060110372813841298,-194239,17,100,100,0,True
1732976075,21301020,4800211060110372813841298,-194239,17,100,100,0,True
1732976087,21301021,4800211060110372813841298,-194239,17,100,100,0,True
1732976099,21301022,4800211060110372813841298,-194239,17,100,100,0,True
1732976111,21301023,4800211060110372813841298,-194239,17,100,100,0,True
1732976123,21301024,4800211060110372813841298,-194239,17,100,100,0,True
1732976135,21301025,4800211060110372813841298,-194239,17,100,100,0,True
1732976147,21301026,4800211060110372813841298,-194239,17,100,100,0,True
1732976159,21301027,4800211060110372813841298,-194239,17,100,100,0,True
1732976171,21301028,4800211060110372813841298,-194239,17,100,100,0,True
1732976183,21301029,4800211060110372813841298,-194239,17,100,100,0,True
1732976195,21301030,4800211060110372813841298,-194239,17,100,100,0,True
1732976207,21301031,4800211060110372813841298,-194239,17,100,100,0,True
1732976219,21301032,4800211060110372813841298,-194239,17,100,100,0,True
1732976231,21301033,4800211060110372813841298,-194239,17,100,100,0,True
1732976243,21301034,4800211060110372813841298,-194239,17,100,100,0,True
1732976255,21301035,4800211060110372813841298,-194239,17,100,100,0,True
1732976267,21301036,4800211060110372813841298,-194239,17,100,100,0,True
1732976279,21301037,4800211060110372813841298,-194239,17,100,100,0,True
1732976291,21301038,4800211060110372813841298,-194239,17,100,100,0,True
1732976303,21301039,4800211060110372813841298,-194239,17,100,100,0,True
1732976315,21301040,4800211060110372813841298,-194239,17,100,100,0,True
1732976327,21301041,4800211060110372813841298,-194239,17,100,100,0,True
1732976339,21301042,4800211060110372813841298,-194239,17,100,100,0,True
1732976351,21301043,4800211060110372813841298,-194239,17,100,100,0,True
1732976363,21301044,4800211060110372813841298,-194239,17,100,100,0,True
1732976375,21301045,4800211060110372813841298,-194239,17,100,100,0,True
1732976387,21301046,4800211060110372813841298,-194239,17,100,100,0,True
1732976399,21301047,4800668218340589531853943,-194237,18,100,100,0,True
1732976411,21301048,4800668218340589531853943,-194237,18,100,100,0,True
1732976423,21301049,4800668218340589531853943,-194237,18,100,100,0,True
1732976435,21301050,4800668218340589531853943,-194237,18,100,100,0,True
1732976447,21301051,4801345039668997626258029,-194234,19,100,100,0,True
1732976459,21301052,4801345039668997626258029,-194234,19,100,100,0,True
1732976471,21301053,4801358343433026337957438,-194234,19,100,100,0,True
1732976483,21301054,4801358343433026337957438,-194234,19,100,100,0,True
1732976495,21301055,4801358343433026337957438,-194234,19,100,100,0,True
1732976507,21301056,4801358343433026337957438,-194234,19,100,100,0,True
1732976519,21301057,4801358343433026337957438,-194234,19,100,100,0,True
1732976531,21301058,4801358343433026337957438,-194234,19,100,100,0,True
1732976543,21301059,4801364587388723614607138,-194234,19,100,100,0,True
1732976555,21301060,4801364587388723614607138,-194234,19,100,100,0,True
1732976567,21301061,4801364587388723614607138,-194234,19,100,100,0,True
1732976579,21301062,4801364587388723614607138,-194234,19,100,100,0,True
1732976591,21301063,4801364587388723614607138,-194234,19,100,100,0,True
1732976603,21301064,4801364587388723614607138,-194234,19,100,100,0,True
1732976615,21301065,4801364587388723614607138,-194234,19,100,100,0,True
1732976627,21301066,4801364587388723614607138,-194234,19,100,100,0,True
1732976639,21301067,4801389720881254168316616,-194234,19,100,100,0,True
1732976651,21301068,4801389720881254168316616,-194234,19,100,100,0,True
1732976663,21301069,4801389720881254168316616,-194234,19,100,100,0,True
1732976675,21301070,4801389720881254168316616,-194234,19,100,100,0,True
1732976687,21301071,4801389720881254168316616,-194234,19,100,100,0,True
1732976699,21301072,4801389720881254168316616,-194234,19,100,100,0,True
1732976711,21301073,4801389720881254168316616,-194234,19,100,100,0,True
1732976723,21301074,4801389720881254168316616,-194234,19,100,100,0,True
1732976735,21301075,4801389720881254168316616,-194234,19,100,100,0,True
1732976747,21301076,4801389720881254168316616,-194234,19,100,100,0,True
1732976759,21301077,4801389720881254168316616,-194234,19,100,100,0,True
1732976771,21301078,4801389720881254168316616,-194234,19,100,100,0,True
1732976783,21301079,4801389720881254168316616,-194234,19,100,100,0,True
1732976795,21301080,4801389720881254168316616,-194234,19,100,100,0,True
1732976807,21301081,4801389720881254168316616,-194234,19,100,100,0,True
1732976819,21301082,4801389720881254168316616,-194234,19,100,100,0,True
1732976831,21301083,4801389720881254168316616,-194234,19,100,100,0,True
1732976843,21301084,4801389720881254168316616,-194234,19,100,100,0,True
1732976855,21301085,4801389720881254168316616,-194234,19,100,100,0,True
1732976867,21301086,4801389720881254168316616,-194234,19,100,100,0,True
1732976879,21301087,4801389720881254168316616,-194234,19,100,100,0,True
1732976891,21301088,4801389720881254168316616,-194234,19,100,100,0,True
1732976903,21301089,4801389720881254168316616,-194234,19,100,100,0,True
1732976915,21301090,4801389720881254168316616,-194234,19,100,100,0,True
1732976927,21301091,4801389720881254168316616,-194234,19,100,100,0,True
1732976939,21301092,4801389720881254168316616,-194234,19,100,100,0,True
1732976951,21301093,4801389720881254168316616,-194234,19,100,100,0,True
1732976963,21301094,4801389720881254168316616,-194234,19,100,100,0,True
1732976975,21301095,4801389720881254168316616,-194234,19,100,100,0,True
1732976987,21301096,4801389720881254168316616,-194234,19,100,100,0,True
1732976999,21301097,4801390209159498234156150,-194234,19,100,100,0,True
1732977011,21301098,4801390209159498234156150,-194234,19,100,100,0,True
1732977023,21301099,4801390209159498234156150,-194234,19,100,100,0,True
1732977035,21301100,4801390209159498234156150,-194234,19,100,100,0,True
1732977047,21301101,4801390209159498234156150,-194234,19,100,100,0,True
1732977059,21301102,4801390209159498234156150,-194234,19,100,100,0,True
1732977071,21301103,4801390209159498234156150,-194234,19,100,100,0,True
1732977083,21301104,4801390209159498234156150,-194234,19,100,100,0,True
1732977095,21301105,4801390209159498234156150,-194234,19,100,100,0,True
1732977107,21301106,4801390209159498234156150,-194234,19,100,100,0,True
1732977119,21301107,4801390209159498234156150,-194234,19,100,100,0,True
1732977131,21301108,4801390209159498234156150,-194234,19,100,100,0,True
1732977143,21301109,4801390209159498234156150,-194234,19,100,100,0,True
1732977155,21301110,4801390209159498234156150,-194234,19,100,100,0,True
1732977167,21301111,4801390209159498234156150,-194234,19,100,100,0,True
1732977179,21301112,4801390209159498234156150,-194234,19,100,100,0,True
1732977191,21301113,4801390209159498234156150,-194234,19,100,100,0,True
1732977203,21301114,4801390209159498234156150,-194234,19,100,100,0,True
1732977215,21301115,4801390209159498234156150,-194234,19,100,100,0,True
1732977227,21301116,4801390209159498234156150,-194234,19,100,100,0,True
1732977239,21301117,4801390209159498234156150,-194234,19,100,100,0,True
1732977251,21301118,4801390209159498234156150,-194234,19,100,100,0,True
1732977263,21301119,4801390209159498234156150,-194234,19,100,100,0,True
1732977275,21301120,4801390209159498234156150,-194234,19,100,100,0,True
1732977287,21301121,4801390209159498234156150,-194234,19,100,100,0,True
1732977299,21301122,4801390209159498234156150,-194234,19,100,100,0,True
1732977311,21301123,4801390209159498234156150,-194234,19,100,100,0,True
1732977323,21301124,4801390209159498234156150,-194234,19,100,100,0,True
1732977335,21301125,4801390209159498234156150,-194234,19,100,100,0,True
1732977347,21301126,4801389678107309778082899,-194234,19,100,100,0,True
1732977359,21301127,4801389678107309778082899,-194234,19,100,100,0,True
1732977371,21301128,4801389678107309778082899,-194234,19,100,100,0,True
1732977383,21301129,4801389678107309778082899,-194234,19,100,100,0,True
1732977395,21301130,4801389678107309778082899,-194234,19,100,100,0,True
1732977407,21301131,4801389678107309778082899,-194234,19,100,100,0,True
1732977419,21301132,4801389678107309778082899,-194234,19,100,100,0,True
1732977431,21301133,4801386527739242078081275,-194234,19,100,100,0,True
1732977443,21301134,4801386527739242078081275,-194234,19,100,100,0,True
1732977455,21301135,4801386527739242078081275,-194234,19,100,100,0,True
1732977467,21301136,4801386527739242078081275,-194234,19,100,100,0,True
1732977479,21301137,4801386527739242078081275,-194234,19,100,100,0,True
1732977491,21301138,4801386527739242078081275,-194234,19,100,100,0,True
1732977503,21301139,4801386527739242078081275,-194234,19,100,100,0,True
1732977515,21301140,4801386527739242078081275,-194234,19,100,100,0,True
1732977527,21301141,4801386527739242078081275,-194234,19,100,100,0,True
1732977539,21301142,4801386527739242078081275,-194234,19,100,100,0,True
1732977551,21301143,4801386527739242078081275,-194234,19,100,100,0,True
1732977563,21301144,4801386527739242078081275,-194234,19,100,100,0,True
1732977575,21301145,4801386527739242078081275,-194234,19,100,100,0,True
1732977587,21301146,4801386033972751715145055,-194234,19,100,100,0,True
1732977599,21301147,4801386033972751715145055,-194234,19,100,100,0,True
1732977611,21301148,4801386033972751715145055,-194234,19,100,100,0,True
1732977623,21301149,4801386033972751715145055,-194234,19,100,100,0,True
1732977635,21301150,4801386033972751715145055,-194234,19,100,100,0,True
1732977647,21301151,4801386033972751715145055,-194234,19,100,100,0,True
1732977659,21301152,4801386033972751715145055,-194234,19,100,100,0,True
1732977671,21301153,4801386033972751715145055,-194234,19,100,100,0,True
1732977683,21301154,4801386033972751715145055,-194234,19,100,100,0,True
1732977695,21301155,4801386033972751715145055,-194234,19,100,100,0,True
1732977707,21301156,4801386033972751715145055,-194234,19,100,100,0,True
1732977719,21301157,4801386033972751715145055,-194234,19,100,100,0,True
1732977731,21301158,4801386033972751715145055,-194234,19,100,100,0,True
1732977743,21301159,4801386033972751715145055,-194234,19,100,100,0,True
1732977755,21301160,4801386033972751715145055,-194234,19,100,100,0,True
1732977767,21301161,4801386033972751715145055,-194234,19,100,100,0,True
1732977779,21301162,4801386033972751715145055,-194234,19,100,100,0,True
1732977791,21301163,4801386033972751715145055,-194234,19,100,100,0,True
1732977803,21301164,4801386033972751715145055,-194234,19,100,100,0,True
1732977815,21301165,4801386033972751715145055,-194234,19,100,100,0,True
1732977827,21301166,4801386033972751715145055,-194234,19,100,100,0,True
1732977839,21301167,4801386033972751715145055,-194234,19,100,100,0,True
1732977851,21301168,4801386033972751715145055,-194234,19,100,100,0,True
1732977863,21301169,4801386033972751715145055,-194234,19,100,100,0,True
1732977875,21301170,4801386033972751715145055,-194234,19,100,100,0,True
1732977887,21301171,4801386033972751715145055,-194234,19,100,100,0,True
1732977899,21301172,4801386033972751715145055,-194234,19,100,100,0,True
1732977911,21301173,4801386033972751715145055,-194234,19,100,100,0,True
1732977923,21301174,4801386033972751715145055,-194234,19,100,100,0,True
1732977935,21301175,4801386033972751715145055,-194234,19,100,100,0,True
1732977947,21301176,4801395569618421400996709,-194234,19,100,100,0,True
1732977959,21301177,4801395569618421400996709,-194234,19,100,100,0,True
1732977971,21301178,4801395569618421400996709,-194234,19,100,100,0,True
1732977983,21301179,4801395569618421400996709,-194234,19,100,100,0,True
1732977995,21301180,4801395569618421400996709,-194234,19,100,100,0,True
1732978007,21301181,4801395569618421400996709,-194234,19,100,100,0,True
1732978019,21301182,4801395569618421400996709,-194234,19,100,100,0,True
1732978031,21301183,4801395569618421400996709,-194234,19,100,100,0,True
1732978043,21301184,4801395569618421400996709,-194234,19,100,100,0,True
1732978055,21301185,4801395569618421400996709,-194234,19,100,100,0,True
1732978067,21301186,4801395569618421400996709,-194234,19,100,100,0,True
1732978079,21301187,4801395569618421400996709,-194234,19,100,100,0,True
1732978091,21301188,4801395569618421400996709,-194234,19,100,100,0,True
1732978103,21301189,4801395569618421400996709,-194234,19,100,100,0,True
1732978115,21301190,4801395569618421400996709,-194234,19,100,100,0,True
1732978127,21301191,4801395569618421400996709,-194234,19,100,100,0,True
1732978139,21301192,4801395569618421400996709,-194234,19,100,100,0,True
1732978151,21301193,4801395569618421400996709,-194234,19,100,100,0,True
1732978163,21301194,4801396965939090096634657,-194234,19,100,100,0,True
1732978175,21301195,4801396965939090096634657,-194234,19,100,100,0,True
1732978187,21301196,4801396965939090096634657,-194234,19,100,100,0,True
1732978199,21301197,4801396965939090096634657,-194234,19,100,100,0,True
1732978211,21301198,4801396965939090096634657,-194234,19,100,100,0,True
1732978223,21301199,4801396965939090096634657,-194234,19,100,100,0,True
1732978235,21301200,4801396965939090096634657,-194234,19,100,100,0,True
1732978247,21301201,4801396965939090096634657,-194234,19,100,100,0,True
1732978259,21301202,4801396965939090096634657,-194234,19,100,100,0,True
1732978271,21301203,4801396965939090096634657,-194234,19,100,100,0,True
1732978283,21301204,4801404106613382146297455,-194234,19,100,100,0,True
1732978295,21301205,4801404106613382146297455,-194234,19,100,100,0,True
1732978307,21301206,4801404106613382146297455,-194234,19,100,100,0,True
1732978319,21301207,4801404106613382146297455,-194234,19,100,100,0,True
1732978331,21301208,4801404106613382146297455,-194234,19,100,100,0,True
1732978343,21301209,4801404106613382146297455,-194234,19,100,100,0,True
1732978355,21301210,4801404106613382146297455,-194234,19,100,100,0,True
1732978367,21301211,4801404106613382146297455,-194234,19,100,100,0,True
1732978379,21301212,4801404106613382146297455,-194234,19,100,100,0,True
1732978391,21301213,4801404106613382146297455,-194234,19,100,100,0,True
1732978403,21301214,4801404106613382146297455,-194234,19,100,100,0,True
1732978415,21301215,4801404106613382146297455,-194234,19,100,100,0,True
1732978427,21301216,4801404106613382146297455,-194234,19,100,100,0,True
1732978439,21301217,4801404106613382146297455,-194234,19,100,100,0,True
1732978451,21301218,4801404106613382146297455,-194234,19,100,100,0,True
1732978463,21301219,4801404106613382146297455,-194234,19,100,100,0,True
1732978475,21301220,4801404106613382146297455,-194234,19,100,100,0,True
1732978487,21301221,4801404106613382146297455,-194234,19,100,100,0,True
1732978499,21301222,4801404106613382146297455,-194234,19,100,100,0,True
1732978511,21301223,4801404106613382146297455,-194234,19,100,100,0,True
1732978523,21301224,4800534340689565149298688,-194237,20,100,100,0,True
1732978535,21301225,4799769333994677331820544,-194241,21,100,100,0,True
1732978547,21301226,4799769333994677331820544,-194241,21,100,100,0,True
1732978559,21301227,4799769333994677331820544,-194241,21,100,100,0,True
1732978571,21301228,4799769333994677331820544,-194241,21,100,100,0,True
1732978583,21301229,4799769333994677331820544,-194241,21,100,100,0,True
1732978595,21301230,4799769333994677331820544,-194241,21,100,100,0,True
1732978607,21301231,4799769333994677331820544,-194241,21,100,100,0,True
1732978619,21301232,4799769333994677331820544,-194241,21,100,100,0,True
1732978631,21301233,4799769333994677331820544,-194241,21,100,100,0,True
1732978643,21301234,4799769333994677331820544,-194241,21,100,100,0,True
1732978655,21301235,4799039243393347461626066,-194244,22,100,100,0,True
1732978667,21301236,4798278197183736853823488,-194247,23,100,100,0,True
1732978679,21301237,4797432137438332790017913,-194250,24,100,100,0,True
1732978691,21301238,4797432137438332790017913,-194250,24,100,100,0,True
1732978703,21301239,4797432137438332790017913,-194250,24,100,100,0,True
1732978715,21301240,4796666909264862907465716,-194254,25,100,100,0,True
1732978727,21301241,4796666909264862907465716,-194254,25,100,100,0,True
1732978739,21301242,4795306232404001127661559,-194259,26,100,100,0,True
1732978751,21301243,4795306232404001127661559,-194259,26,100,100,0,True
1732978763,21301244,4795306232404001127661559,-194259,26,100,100,0,True
1732978775,21301245,4795304652447635040423866,-194259,26,100,100,0,True
1732978787,21301246,4795304652447635040423866,-194259,26,100,100,0,True
1732978799,21301247,4795304652447635040423866,-194259,26,100,100,0,True
1732978811,21301248,4795304652447635040423866,-194259,26,100,100,0,True
1732978823,21301249,4795304652447635040423866,-194259,26,100,100,0,True
1732978835,21301250,4795304652447635040423866,-194259,26,100,100,0,True
1732978847,21301251,4795304652447635040423866,-194259,26,100,100,0,True
1732978859,21301252,4793411980631055790342809,-194267,27,100,100,0,True
1732978871,21301253,4793411980631055790342809,-194267,27,100,100,0,True
1732978883,21301254,4793411980631055790342809,-194267,27,100,100,0,True
1732978895,21301255,4793411980631055790342809,-194267,27,100,100,0,True
1732978907,21301256,4793411980631055790342809,-194267,27,100,100,0,True
1732978919,21301257,4793411980631055790342809,-194267,27,100,100,0,True
1732978931,21301258,4793411980631055790342809,-194267,27,100,100,0,True
1732978943,21301259,4793411980631055790342809,-194267,27,100,100,0,True
1732978955,21301260,4793411980631055790342809,-194267,27,100,100,0,True
1732978967,21301261,4793411980631055790342809,-194267,27,100,100,0,True
1732978979,21301262,4793411980631055790342809,-194267,27,100,100,0,True
1732978991,21301263,4793411980631055790342809,-194267,27,100,100,0,True
1732979003,21301264,4793411980631055790342809,-194267,27,100,100,0,True
1732979015,21301265,4793411980631055790342809,-194267,27,100,100,0,True
1732979027,21301266,4793411980631055790342809,-194267,27,100,100,0,True
1732979039,21301267,4793411980631055790342809,-194267,27,100,100,0,True
1732979051,21301268,4793411980631055790342809,-194267,27,100,100,0,True
1732979063,21301269,4793411980631055790342809,-194267,27,100,100,0,True
1732979075,21301270,4793411980631055790342809,-194267,27,100,100,0,True
1732979087,21301271,4793411980631055790342809,-194267,27,100,100,0,True
1732979099,21301272,4793411980631055790342809,-194267,27,100,100,0,True
1732979111,21301273,4793411980631055790342809,-194267,27,100,100,0,True
1732979123,21301274,4793411980631055790342809,-194267,27,100,100,0,True
1732979135,21301275,4793411980631055790342809,-194267,27,100,100,0,True
1732979147,21301276,4793411980631055790342809,-194267,27,100,100,0,True
1732979159,21301277,4793411980631055790342809,-194267,27,100,100,0,True
1732979171,21301278,4793411980631055790342809,-194267,27,100,100,0,True
1732979183,21301279,4793411980631055790342809,-194267,27,100,100,0,True
1732979195,21301280,4793411980631055790342809,-194267,27,100,100,0,True
1732979207,21301281,4793411980631055790342809,-194267,27,100,100,0,True
1732979219,21301282,4793411980631055790342809,-194267,27,100,100,0,True
1732979231,21301283,4793411980631055790342809,-194267,27,100,100,0,True
1732979243,21301284,4793411980631055790342809,-194267,27,100,100,0,True
1732979255,21301285,4793411980631055790342809,-194267,27,100,100,0,True
1732979267,21301286,4793411980631055790342809,-194267,27,100,100,0,True
1732979279,21301287,4793411980631055790342809,-194267,27,100,100,0,True
1732979291,21301288,4793411980631055790342809,-194267,27,100,100,0,True
1732979303,21301289,4793411980631055790342809,-194267,27,100,100,0,True
1732979315,21301290,4793411980631055790342809,-194267,27,100,100,0,True
1732979327,21301291,4793411980631055790342809,-194267,27,100,100,0,True
1732979339,21301292,4793411980631055790342809,-194267,27,100,100,0,True
1732979351,21301293,4793411980631055790342809,-194267,27,100,100,0,True
1732979363,21301294,4793411980631055790342809,-194267,27,100,100,0,True
1732979375,21301295,4793411980631055790342809,-194267,27,100,100,0,True
1732979387,21301296,4793411980631055790342809,-194267,27,100,100,0,True
1732979399,21301297,4793411980631055790342809,-194267,27,100,100,0,True
1732979411,21301298,4793411980631055790342809,-194267,27,100,100,0,True
1732979423,21301299,4793411980631055790342809,-194267,27,100,100,0,True
1732979435,21301300,4793411980631055790342809,-194267,27,100,100,0,True
1732979447,21301301,4793412237327177042773068,-194267,27,100,100,0,True
1732979459,21301302,4793412237327177042773068,-194267,27,100,100,0,True
1732979471,21301303,4793412237327177042773068,-194267,27,100,100,0,True
1732979483,21301304,4793412237327177042773068,-194267,27,100,100,0,True
1732979495,21301305,4793412237327177042773068,-194267,27,100,100,0,True
1732979507,21301306,4793412237327177042773068,-194267,27,100,100,0,True
1732979519,21301307,4793412237327177042773068,-194267,27,100,100,0,True
1732979531,21301308,4793412237327177042773068,-194267,27,100,100,0,True
1732979543,21301309,4793412237327177042773068,-194267,27,100,100,0,True
1732979555,21301310,4793412237327177042773068,-194267,27,100,100,0,True
1732979567,21301311,4793412237327177042773068,-194267,27,100,100,0,True
1732979579,21301312,4793412237327177042773068,-194267,27,100,100,0,True
1732979591,21301313,4793412237327177042773068,-194267,27,100,100,0,True
1732979603,21301314,4793412237327177042773068,-194267,27,100,100,0,True
1732979615,21301315,4793412237327177042773068,-194267,27,100,100,0,True
1732979627,21301316,4793412237327177042773068,-194267,27,100,100,0,True
1732979639,21301317,4793412237327177042773068,-194267,27,100,100,0,True
1732979651,21301318,4793412237327177042773068,-194267,27,100,100,0,True
1732979663,21301319,4793412237327177042773068,-194267,27,100,100,0,True
1732979675,21301320,4793412237327177042773068,-194267,27,100,100,0,True
1732979687,21301321,4793412237327177042773068,-194267,27,100,100,0,True
1732979699,21301322,4793412237327177042773068,-194267,27,100,100,0,True
1732979711,21301323,4793412237327177042773068,-194267,27,100,100,0,True
1732979723,21301324,4793412237327177042773068,-194267,27,100,100,0,True
1732979735,21301325,4793412237327177042773068,-194267,27,100,100,0,True
1732979747,21301326,4793412237327177042773068,-194267,27,100,100,0,True
1732979759,21301327,4793412237327177042773068,-194267,27,100,100,0,True
1732979771,21301328,4793412237327177042773068,-194267,27,100,100,0,True
1732979783,21301329,4793412237327177042773068,-194267,27,100,100,0,True
1732979795,21301330,4793412237327177042773068,-194267,27,100,100,0,True
1732979807,21301331,4793412237327177042773068,-194267,27,100,100,0,True
1732979819,21301332,4793412237327177042773068,-194267,27,100,100,0,True
1732979831,21301333,4793412237327177042773068,-194267,27,100,100,0,True
1732979843,21301334,4793412237327177042773068,-194267,27,100,100,0,True
1732979855,21301335,4793412237327177042773068,-194267,27,100,100,0,True
1732979867,21301336,4793412237327177042773068,-194267,27,100,100,0,True
1732979879,21301337,4793412237327177042773068,-194267,27,100,100,0,True
1732979891,21301338,4793412237327177042773068,-194267,27,100,100,0,True
1732979903,21301339,4793412237327177042773068,-194267,27,100,100,0,True
1732979915,21301340,4793412237327177042773068,-194267,27,100,100,0,True
1732979927,21301341,4794231395095337010683375,-194264,28,100,100,0,True
1732979939,21301342,4794231395095337010683375,-194264,28,100,100,0,True
1732979951,21301343,4795369971725729365812833,-194259,29,100,100,0,True
1732979963,21301344,4795369971725729365812833,-194259,29,100,100,0,True
1732979975,21301345,4795369971725729365812833,-194259,29,100,100,0,True
1732979987,21301346,4795369971725729365812833,-194259,29,100,100,0,True
1732979999,21301347,4795377159930819914279740,-194259,29,100,100,0,True
1732980011,21301348,4795377159930819914279740,-194259,29,100,100,0,True
1732980023,21301349,4795377159930819914279740,-194259,29,100,100,0,True
1732980035,21301350,4795377159930819914279740,-194259,29,100,100,0,True
1732980047,21301351,4795377159930819914279740,-194259,29,100,100,0,True
1732980059,21301352,4795377159930819914279740,-194259,29,100,100,0,True
1732980071,21301353,4795377159930819914279740,-194259,29,100,100,0,True
1732980083,21301354,4795377159930819914279740,-194259,29,100,100,0,True
1732980095,21301355,4795377159930819914279740,-194259,29,100,100,0,True
1732980107,21301356,4795377159930819914279740,-194259,29,100,100,0,True
1732980119,21301357,4795377159930819914279740,-194259,30,100,100,0,True
1732980131,21301358,4795377159930819914279740,-194259,30,100,100,0,True
1732980143,21301359,4795377159930819914279740,-194259,30,100,100,0,True
1732980155,21301360,4795377159930819914279740,-194259,30,100,100,0,True
1732980167,21301361,4795377159930819914279740,-194259,30,100,100,0,True
1732980179,21301362,4795377159930819914279740,-194259,30,100,100,0,True
1732980191,21301363,4795377159930819914279740,-194259,30,100,100,0,True
1732980203,21301364,4795377159930819914279740,-194259,30,100,100,0,True
1732980215,21301365,4795377159930819914279740,-194259,30,100,100,0,True
1732980227,21301366,4795377159930819914279740,-194259,30,100,100,0,True
1732980239,21301367,4795377159930819914279740,-194259,30,100,100,0,True
1732980251,21301368,4795377159930819914279740,-194259,30,100,100,0,True
1732980263,21301369,4795377159930819914279740,-194259,30,100,100,0,True
1732980275,21301370,4795377159930819914279740,-194259,30,100,100,0,True
1732980287,21301371,4795377159930819914279740,-194259,30,100,100,0,True
1732980299,21301372,4795377159930819914279740,-194259,30,100,100,0,True
1732980311,21301373,4795377159930819914279740,-194259,30,100,100,0,True
1732980323,21301374,4795377159930819914279740,-194259,30,100,100,0,True
1732980335,21301375,4795377159930819914279740,-194259,30,100,100,0,True
1732980347,21301376,4795377159930819914279740,-194259,30,100,100,0,True
1732980359,21301377,4795377159930819914279740,-194259,30,100,100,0,True
1732980371,21301378,4795377159930819914279740,-194259,30,100,100,0,True
1732980383,21301379,4795377159930819914279740,-194259,30,100,100,0,True
1732980395,21301380,4795377159930819914279740,-194259,30,100,100,0,True
1732980407,21301381,4795377159930819914279740,-194259,30,100,100,0,True
1732980419,21301382,4795377159930819914279740,-194259,30,100,100,0,True
1732980431,21301383,4795377159930819914279740,-194259,30,100,100,0,True
1732980443,21301384,4795377159930819914279740,-194259,30,100,100,0,True
1732980455,21301385,4795377159930819914279740,-194259,30,100,100,0,True
1732980479,21301386,4796171707108455887477340,-194256,31,100,100,0,True
1732980491,21301387,4796171707108455887477340,-194256,31,100,100,0,True
1732980503,21301388,4796171707108455887477340,-194256,31,100,100,0,True
1732980515,21301389,4796171707108455887477340,-194256,31,100,100,0,True
1732980527,21301390,4796171707108455887477340,-194256,31,100,100,0,True
1732980539,21301391,4796181235865084265828935,-194256,31,100,100,0,True
1732980551,21301392,4796181235865084265828935,-194256,31,100,100,0,True
1732980563,21301393,4796181235865084265828935,-194256,31,100,100,0,True
1732980575,21301394,4796181235865084265828935,-194256,31,100,100,0,True
1732980587,21301395,4796181235865084265828935,-194256,31,100,100,0,True
1732980599,21301396,4796181235865084265828935,-194256,31,100,100,0,True
1732980611,21301397,4796505093294325567357686,-194254,32,100,100,0,True
1732980623,21301398,4796553380935532809749782,-194254,32,100,100,0,True
1732980635,21301399,4796553380935532809749782,-194254,32,100,100,0,True
1732980647,21301400,4796555173321579528972694,-194254,32,100,100,0,True
1732980659,21301401,4796555173321579528972694,-194254,32,100,100,0,True
1732980671,21301402,4796555173321579528972694,-194254,32,100,100,0,True
1732980683,21301403,4796558993973757252001548,-194254,32,100,100,0,True
1732980695,21301404,4796558993973757252001548,-194254,32,100,100,0,True
1732980707,21301405,4796558993973757252001548,-194254,32,100,100,0,True
1732980719,21301406,4796558993973757252001548,-194254,32,100,100,0,True
1732980731,21301407,4797044334185512363229898,-194252,33,100,100,0,True
1732980743,21301408,4797044334185512363229898,-194252,33,100,100,0,True
1732980755,21301409,4797040728413519778175587,-194252,33,100,100,0,True
1732980767,21301410,4797040728413519778175587,-194252,33,100,100,0,True
1732980779,21301411,4797040728413519778175587,-194252,33,100,100,0,True
1732980791,21301412,4797040728413519778175587,-194252,33,100,100,0,True
1732980803,21301413,4797040728413519778175587,-194252,33,100,100,0,True
1732980815,21301414,4797040728413519778175587,-194252,33,100,100,0,True
1732980827,21301415,4797040728413519778175587,-194252,33,100,100,0,True
1732980839,21301416,4797040728413519778175587,-194252,33,100,100,0,True
1732980851,21301417,4797040728413519778175587,-194252,33,100,100,0,True
1732980863,21301418,4797040728413519778175587,-194252,33,100,100,0,True
1732980875,21301419,4797040728413519778175587,-194252,33,100,100,0,True
1732980887,21301420,4797040728413519778175587,-194252,33,100,100,0,True
1732980899,21301421,4797040728413519778175587,-194252,33,100,100,0,True
1732980911,21301422,4797040728413519778175587,-194252,33,100,100,0,True
1732980923,21301423,4797040728413519778175587,-194252,33,100,100,0,True
1732980935,21301424,4797040728413519778175587,-194252,33,100,100,0,True
1732980947,21301425,4797040728413519778175587,-194252,33,100,100,0,True
1732980959,21301426,4797040728413519778175587,-194252,33,100,100,0,True
1732980971,21301427,4797040728413519778175587,-194252,33,100,100,0,True
1732980983,21301428,4797040542985997924144255,-194252,33,100,100,0,True
1732980995,21301429,4797040542985997924144255,-194252,33,100,100,0,True
1732981007,21301430,4797040542985997924144255,-194252,33,100,100,0,True
1732981019,21301431,4797040542985997924144255,-194252,33,100,100,0,True
1732981031,21301432,4797040542985997924144255,-194252,33,100,100,0,True
1732981043,21301433,4797040542985997924144255,-194252,33,100,100,0,True
1732981055,21301434,4797040542985997924144255,-194252,33,100,100,0,True
1732981067,21301435,4797040542985997924144255,-194252,33,100,100,0,True
1732981079,21301436,4797040542985997924144255,-194252,33,100,100,0,True
1732981091,21301437,4797040542985997924144255,-194252,33,100,100,0,True
1732981103,21301438,4797040542985997924144255,-194252,33,100,100,0,True
1732981115,21301439,4797040542985997924144255,-194252,33,100,100,0,True
1732981127,21301440,4798400137243487782305792,-194246,34,100,100,0,True
1732981139,21301441,4798400137243487782305792,-194246,34,100,100,0,True
1732981151,21301442,4798400137243487782305792,-194246,34,100,100,0,True
1732981163,21301443,4798400137243487782305792,-194246,34,100,100,0,True
1732981175,21301444,4798400137243487782305792,-194246,34,100,100,0,True
1732981187,21301445,4798400137243487782305792,-194246,34,100,100,0,True
1732981199,21301446,4798400137243487782305792,-194246,34,100,100,0,True
1732981211,21301447,4798400137243487782305792,-194246,34,100,100,0,True
1732981223,21301448,4798400137243487782305792,-194246,34,100,100,0,True
1732981235,21301449,4798400137243487782305792,-194246,34,100,100,0,True
1732981247,21301450,4798406750305021806866404,-194246,34,100,100,0,True
1732981259,21301451,4798406750305021806866404,-194246,34,100,100,0,True
1732981271,21301452,4798406750305021806866404,-194246,34,100,100,0,True
1732981283,21301453,4798406750305021806866404,-194246,34,100,100,0,True
1732981295,21301454,4798409148292230965461375,-194246,34,100,100,0,True
1732981307,21301455,4798409148292230965461375,-194246,34,100,100,0,True
1732981319,21301456,4798409148292230965461375,-194246,34,100,100,0,True
1732981331,21301457,4799528576940372596854320,-194242,35,100,100,0,True
1732981343,21301458,4799528576940372596854320,-194242,35,100,100,0,True
1732981355,21301459,4799528576940372596854320,-194242,35,100,100,0,True
1732981367,21301460,4799528576940372596854320,-194242,35,100,100,0,True
1732981391,21301461,4799528576940372596854320,-194242,35,100,100,0,True
1732981403,21301462,4799528576940372596854320,-194242,35,100,100,0,True
1732981415,21301463,4799528576940372596854320,-194242,35,100,100,0,True
1732981427,21301464,4799528576940372596854320,-194242,35,100,100,0,True
1732981439,21301465,4799528576940372596854320,-194242,35,100,100,0,True
1732981451,21301466,4799528576940372596854320,-194242,35,100,100,0,True
1732981463,21301467,4799528576940372596854320,-194242,35,100,100,0,True
1732981475,21301468,4799528576940372596854320,-194242,35,100,100,0,True
1732981487,21301469,4799528576940372596854320,-194242,35,100,100,0,True
1732981499,21301470,4799537037422649906924092,-194242,35,100,100,0,True
1732981511,21301471,4799704326460393873887139,-194241,36,100,100,0,True
1732981523,21301472,4799704326460393873887139,-194241,36,100,100,0,True
1732981535,21301473,4799704326460393873887139,-194241,36,100,100,0,True
1732981547,21301474,4799704326460393873887139,-194241,36,100,100,0,True
1732981559,21301475,4799704326460393873887139,-194241,36,100,100,0,True
1732981571,21301476,4799704326460393873887139,-194241,36,100,100,0,True
1732981583,21301477,4799704326460393873887139,-194241,36,100,100,0,True
1732981595,21301478,4799704326460393873887139,-194241,36,100,100,0,True
1732981607,21301479,4799704326460393873887139,-194241,36,100,100,0,True
1732981619,21301480,4799704326460393873887139,-194241,36,100,100,0,True
1732981631,21301481,4799704326460393873887139,-194241,36,100,100,0,True
1732981643,21301482,4799704326460393873887139,-194241,36,100,100,0,True
1732981655,21301483,4799704326460393873887139,-194241,36,100,100,0,True
1732981667,21301484,4799704326460393873887139,-194241,36,100,100,0,True
1732981679,21301485,4799704326460393873887139,-194241,36,100,100,0,True
1732981691,21301486,4799704326460393873887139,-194241,36,100,100,0,True
1732981703,21301487,4799704326460393873887139,-194241,36,100,100,0,True
1732981715,21301488,4799704326460393873887139,-194241,36,100,100,0,True
1732981727,21301489,4800891522283020042370668,-194236,37,100,100,0,True
1732981739,21301490,4800891522283020042370668,-194236,37,100,100,0,True
1732981751,21301491,4800891522283020042370668,-194236,38,100,100,0,True
1732981763,21301492,4801685588498575313614471,-194233,39,100,100,0,True
1732981775,21301493,4802187339493079724851200,-194231,40,100,100,0,True
1732981787,21301494,4802187339493079724851200,-194231,40,100,100,0,True
1732981799,21301495,4802187339493079724851200,-194231,40,100,100,0,True
1732981811,21301496,4802187339493079724851200,-194231,40,100,100,0,True
1732981823,21301497,4802187339493079724851200,-194231,40,100,100,0,True
1732981835,21301498,4802187339493079724851200,-194231,40,100,100,0,True
1732981847,21301499,4802187339493079724851200,-194231,40,100,100,0,True
1732981859,21301500,4802187339493079724851200,-194231,40,100,100,0,True
1732981871,21301501,4802187339493079724851200,-194231,40,100,100,0,True
1732981883,21301502,4802187339493079724851200,-194231,40,100,100,0,True
1732981895,21301503,4802187339493079724851200,-194231,40,100,100,0,True
1732981907,21301504,4802187339493079724851200,-194231,40,100,100,0,True
1732981919,21301505,4802187339493079724851200,-194231,40,100,100,0,True
1732981931,21301506,4802187339493079724851200,-194231,40,100,100,0,True
1732981943,21301507,4802187339493079724851200,-194231,40,100,100,0,True
1732981955,21301508,4802187339493079724851200,-194231,40,100,100,0,True
1732981967,21301509,4802187339493079724851200,-194231,40,100,100,0,True
1732981979,21301510,4802187339493079724851200,-194231,40,100,100,0,True
1732981991,21301511,4802187339493079724851200,-194231,40,100,100,0,True
1732982003,21301512,4802187339493079724851200,-194231,40,100,100,0,True
1732982015,21301513,4802187339493079724851200,-194231,40,100,100,0,True
1732982027,21301514,4802187339493079724851200,-194231,40,100,100,0,True
1732982039,21301515,4802187339493079724851200,-194231,40,100,100,0,True
1732982051,21301516,4802187339493079724851200,-194231,40,100,100,0,True
1732982063,21301517,4802187339493079724851200,-194231,40,100,100,0,True
1732982075,21301518,4802187339493079724851200,-194231,40,100,100,0,True
1732982087,21301519,4802187339493079724851200,-194231,40,100,100,0,True
1732982099,21301520,4802187339493079724851200,-194231,40,100,100,0,True
1732982111,21301521,4802187339493079724851200,-194231,40,100,100,0,True
1732982123,21301522,4802187339493079724851200,-194231,40,100,100,0,True
1732982135,21301523,4802187339493079724851200,-194231,40,100,100,0,True
1732982147,21301524,4802187339493079724851200,-194231,40,100,100,0,True
1732982159,21301525,4802187339493079724851200,-194231,40,100,100,0,True
1732982171,21301526,4802187339493079724851200,-194231,40,100,100,0,True
1732982183,21301527,4802187339493079724851200,-194231,40,100,100,0,True
1732982195,21301528,4802187339493079724851200,-194231,40,100,100,0,True
1732982207,21301529,4802187339493079724851200,-194231,40,100,100,0,True
1732982219,21301530,4802187339493079724851200,-194231,40,100,100,0,True
1732982231,21301531,4802187339493079724851200,-194231,40,100,100,0,True
1732982243,21301532,4802187339493079724851200,-194231,40,100,100,0,True
1732982255,21301533,4802187339493079724851200,-194231,40,100,100,0,True
1732982267,21301534,4802187339493079724851200,-194231,40,100,100,0,True
1732982279,21301535,4802187339493079724851200,-194231,40,100,100,0,True
1732982291,21301536,4802187339493079724851200,-194231,40,100,100,0,True
1732982303,21301537,4802187339493079724851200,-194231,40,100,100,0,True
1732982315,21301538,4802187339493079724851200,-194231,40,100,100,0,True
1732982327,21301539,4802187339493079724851200,-194231,40,100,100,0,True
1732982339,21301540,4802187339493079724851200,-194231,40,100,100,0,True
1732982351,21301541,4802187339493079724851200,-194231,40,100,100,0,True
1732982363,21301542,4802187339493079724851200,-194231,40,100,100,0,True
1732982375,21301543,4802187339493079724851200,-194231,40,100,100,0,True
1732982387,21301544,4802187339493079724851200,-194231,40,100,100,0,True
1732982399,21301545,4802187339493079724851200,-194231,40,100,100,0,True
1732982411,21301546,4802187339493079724851200,-194231,40,100,100,0,True
1732982423,21301547,4802187339493079724851200,-194231,40,100,100,0,True
1732982435,21301548,4802187339493079724851200,-194231,40,100,100,0,True
1732982447,21301549,4802187339493079724851200,-194231,40,100,100,0,True
1732982459,21301550,4802187339493079724851200,-194231,40,100,100,0,True
1732982471,21301551,4802187339493079724851200,-194231,40,100,100,0,True
1732982483,21301552,4802187339493079724851200,-194231,40,100,100,0,True
1732982495,21301553,4802187339493079724851200,-194231,40,100,100,0,True
1732982507,21301554,4802187339493079724851200,-194231,40,100,100,0,True
1732982519,21301555,4802187339493079724851200,-194231,40,100,100,0,True
1732982531,21301556,4802187339493079724851200,-194231,40,100,100,0,True
1732982543,21301557,4802187339493079724851200,-194231,40,100,100,0,True
1732982555,21301558,4802182324806393474587044,-194231,40,100,100,0,True
1732982567,21301559,4802182324806393474587044,-194231,40,100,100,0,True
1732982579,21301560,4802182324806393474587044,-194231,40,100,100,0,True
1732982591,21301561,4802182324806393474587044,-194231,40,100,100,0,True
1732982603,21301562,4802182324806393474587044,-194231,40,100,100,0,True
1732982615,21301563,4802182324806393474587044,-194231,40,100,100,0,True
1732982627,21301564,4802182324806393474587044,-194231,40,100,100,0,True
1732982639,21301565,4802182324806393474587044,-194231,40,100,100,0,True
1732982651,21301566,4802187702056740543558162,-194231,40,100,100,0,True
1732982663,21301567,4802187702056740543558162,-194231,40,100,100,0,True
1732982675,21301568,4802187702056740543558162,-194231,40,100,100,0,True
1732982687,21301569,4802187702056740543558162,-194231,40,100,100,0,True
1732982699,21301570,4802187702056740543558162,-194231,40,100,100,0,True
1732982711,21301571,4802187702056740543558162,-194231,40,100,100,0,True
1732982723,21301572,4802187702056740543558162,-194231,40,100,100,0,True
1732982735,21301573,4802187702056740543558162,-194231,40,100,100,0,True
1732982747,21301574,4802187702056740543558162,-194231,40,100,100,0,True
1732982759,21301575,4802187702056740543558162,-194231,40,100,100,0,True
1732982771,21301576,4802187702056740543558162,-194231,40,100,100,0,True
1732982783,21301577,4802187702056740543558162,-194231,40,100,100,0,True
1732982795,21301578,4802187702056740543558162,-194231,40,100,100,0,True
1732982807,21301579,4802187702056740543558162,-194231,40,100,100,0,True
1732982819,21301580,4802187702056740543558162,-194231,40,100,100,0,True
1732982831,21301581,4802187702056740543558162,-194231,40,100,100,0,True
1732982843,21301582,4802187702056740543558162,-194231,40,100,100,0,True
1732982855,21301583,4802187702056740543558162,-194231,40,100,100,0,True
1732982867,21301584,4802187702056740543558162,-194231,40,100,100,0,True
1732982879,21301585,4802187702056740543558162,-194231,40,100,100,0,True
1732982891,21301586,4802187702056740543558162,-194231,40,100,100,0,True
1732982903,21301587,4802187702056740543558162,-194231,40,100,100,0,True
1732982915,21301588,4802187702056740543558162,-194231,40,100,100,0,True
1732982927,21301589,4802187702056740543558162,-194231,40,100,100,0,True
1732982939,21301590,4802187702056740543558162,-194231,40,100,100,0,True
1732982951,21301591,4802187702056740543558162,-194231,40,100,100,0,True
1732982963,21301592,4802187702056740543558162,-194231,40,100,100,0,True
1732982975,21301593,4802187702056740543558162,-194231,40,100,100,0,True
1732982987,21301594,4802187702056740543558162,-194231,40,100,100,0,True
1732982999,21301595,4802187779255246396250444,-194231,40,100,100,0,True
1732983011,21301596,4802187779255246396250444,-194231,40,100,100,0,True
1732983023,21301597,4802187779255246396250444,-194231,40,100,100,0,True
1732983035,21301598,4802187779255246396250444,-194231,40,100,100,0,True
1732983047,21301599,4802187779255246396250444,-194231,40,100,100,0,True
1732983059,21301600,4802187779255246396250444,-194231,40,100,100,0,True
1732983071,21301601,4802187779255246396250444,-194231,40,100,100,0,True
1732983083,21301602,4802187779255246396250444,-194231,40,100,100,0,True
1732983095,21301603,4802187779255246396250444,-194231,40,100,100,0,True
1732983107,21301604,4802187779255246396250444,-194231,40,100,100,0,True
1732983119,21301605,4802187779255246396250444,-194231,40,100,100,0,True
1732983131,21301606,4802187779255246396250444,-194231,40,100,100,0,True
1732983143,21301607,4802187779255246396250444,-194231,40,100,100,0,True
1732983155,21301608,4802187779255246396250444,-194231,40,100,100,0,True
1732983167,21301609,4802187779255246396250444,-194231,40,100,100,0,True
1732983179,21301610,4802187779255246396250444,-194231,40,100,100,0,True
1732983191,21301611,4802187779255246396250444,-194231,40,100,100,0,True
1732983203,21301612,4802187779255246396250444,-194231,40,100,100,0,True
1732983227,21301613,4802187779255246396250444,-194231,40,100,100,0,True
1732983239,21301614,4802187779255246396250444,-194231,40,100,100,0,True
1732983251,21301615,4802187779255246396250444,-194231,40,100,100,0,True
1732983263,21301616,4802187779255246396250444,-194231,40,100,100,0,True
1732983275,21301617,4802187779255246396250444,-194231,40,100,100,0,True
1732983287,21301618,4802187779255246396250444,-194231,40,100,100,0,True
1732983299,21301619,4802187779255246396250444,-194231,40,100,100,0,True
1732983311,21301620,4802187779255246396250444,-194231,40,100,100,0,True
1732983323,21301621,4802187779255246396250444,-194231,40,100,100,0,True
1732983335,21301622,4802187779255246396250444,-194231,40,100,100,0,True
1732983347,21301623,4802187779255246396250444,-194231,40,100,100,0,True
1732983359,21301624,4802187779255246396250444,-194231,40,100,100,0,True
1732983371,21301625,4802187779255246396250444,-194231,40,100,100,0,True
1732983383,21301626,4802187779255246396250444,-194231,40,100,100,0,True
1732983395,21301627,4802187779255246396250444,-194231,40,100,100,0,True
1732983407,21301628,4802187779255246396250444,-194231,40,100,100,0,True
1732983419,21301629,4802187779255246396250444,-194231,40,100,100,0,True
1732983431,21301630,4802187779255246396250444,-194231,40,100,100,0,True
1732983443,21301631,4802187779255246396250444,-194231,40,100,100,0,True
1732983455,21301632,4802187779255246396250444,-194231,40,100,100,0,True
1732983467,21301633,4802187779255246396250444,-194231,40,100,100,0,True
1732983479,21301634,4802187779255246396250444,-194231,40,100,100,0,True
1732983491,21301635,4802187779255246396250444,-194231,40,100,100,0,True
1732983503,21301636,4802187779255246396250444,-194231,40,100,100,0,True
1732983515,21301637,4802187779255246396250444,-194231,40,100,100,0,True
1732983527,21301638,4802187779255246396250444,-194231,40,100,100,0,True
1732983539,21301639,4802187779255246396250444,-194231,40,100,100,0,True
1732983551,21301640,4802187779255246396250444,-194231,40,100,100,0,True
1732983563,21301641,4802187779255246396250444,-194231,40,100,100,0,True
1732983575,21301642,4802187779255246396250444,-194231,40,100,100,0,True
1732983587,21301643,4802187779255246396250444,-194231,40,100,100,0,True
1732983599,21301644,4802187779255246396250444,-194231,40,100,100,0,True
1732983611,21301645,4802187779255246396250444,-194231,40,100,100,0,True
1732983623,21301646,4802187779255246396250444,-194231,40,100,100,0,True
1732983635,21301647,4802187779255246396250444,-194231,40,100,100,0,True
1732983647,21301648,4802187779255246396250444,-194231,40,100,100,0,True
1732983659,21301649,4802187779255246396250444,-194231,40,100,100,0,True
1732983671,21301650,4802187779255246396250444,-194231,40,100,100,0,True
1732983683,21301651,4802187779255246396250444,-194231,40,100,100,0,True
1732983695,21301652,4802187779255246396250444,-194231,40,100,100,0,True
1732983707,21301653,4802187779255246396250444,-194231,40,100,100,0,True
1732983719,21301654,4802187779255246396250444,-194231,40,100,100,0,True
1732983731,21301655,4802187779255246396250444,-194231,40,100,100,0,True
1732983743,21301656,4802187779255246396250444,-194231,40,100,100,0,True
1732983755,21301657,4802187779255246396250444,-194231,40,100,100,0,True
1732983767,21301658,4802187779255246396250444,-194231,40,100,100,0,True
1732983779,21301659,4802187779255246396250444,-194231,40,100,100,0,True
1732983791,21301660,4802191724774588259971654,-194231,40,100,100,0,True
1732983803,21301661,4802191724774588259971654,-194231,40,100,100,0,True
1732983815,21301662,4802191724774588259971654,-194231,40,100,100,0,True
1732983827,21301663,4802191724774588259971654,-194231,40,100,100,0,True
1732983839,21301664,4802191724774588259971654,-194231,40,100,100,0,True
1732983851,21301665,4802191724774588259971654,-194231,40,100,100,0,True
1732983863,21301666,4802191724774588259971654,-194231,40,100,100,0,True
1732983875,21301667,4802191724774588259971654,-194231,40,100,100,0,True
1732983887,21301668,4802191724774588259971654,-194231,40,100,100,0,True
1732983899,21301669,4802191724774588259971654,-194231,40,100,100,0,True
1732983911,21301670,4802191724774588259971654,-194231,40,100,100,0,True
1732983923,21301671,4802191724774588259971654,-194231,40,100,100,0,True
1732983935,21301672,4802191724774588259971654,-194231,40,100,100,0,True
1732983947,21301673,4802191724774588259971654,-194231,40,100,100,0,True
1732983959,21301674,4802191724774588259971654,-194231,40,100,100,0,True
1732983971,21301675,4802191724774588259971654,-194231,40,100,100,0,True
1732983983,21301676,4802191724774588259971654,-194231,40,100,100,0,True
1732983995,21301677,4802191724774588259971654,-194231,40,100,100,0,True
1732984007,21301678,4802191724774588259971654,-194231,40,100,100,0,True
1732984019,21301679,4801537566998373632835578,-194233,41,100,100,0,True
1732984031,21301680,4801537566998373632835578,-194233,41,100,100,0,True
1732984043,21301681,4801537566998373632835578,-194233,41,100,100,0,True
1732984055,21301682,4801537566998373632835578,-194233,41,100,100,0,True
1732984067,21301683,4801536263700467396558740,-194233,41,100,100,0,True
1732984079,21301684,4801536263700467396558740,-194233,41,100,100,0,True
1732984091,21301685,4801536263700467396558740,-194233,41,100,100,0,True
1732984103,21301686,4801536263700467396558740,-194233,41,100,100,0,True
1732984115,21301687,4801536263700467396558740,-194233,41,100,100,0,True
1732984127,21301688,4801536263700467396558740,-194233,41,100,100,0,True
1732984139,21301689,4801536263700467396558740,-194233,41,100,100,0,True
1732984151,21301690,4801232493953123950347723,-194234,42,100,100,0,True
1732984163,21301691,4801232493953123950347723,-194234,42,100,100,0,True
1732984175,21301692,4801232493953123950347723,-194234,42,100,100,0,True
1732984187,21301693,4801232493953123950347723,-194234,42,100,100,0,True
1732984199,21301694,4800594667371228610879621,-194237,43,100,100,0,True
1732984211,21301695,4800594667371228610879621,-194237,43,100,100,0,True
1732984223,21301696,4800594667371228610879621,-194237,44,100,100,0,True
1732984235,21301697,4800594667371228610879621,-194237,44,100,100,0,True
1732984247,21301698,4800570709910975558881074,-194237,44,100,100,0,True
1732984259,21301699,4800557843966196502669109,-194237,44,100,100,0,True
1732984271,21301700,4800557843966196502669109,-194237,44,100,100,0,True
1732984283,21301701,4800557843966196502669109,-194237,44,100,100,0,True
1732984295,21301702,4800557843966196502669109,-194237,44,100,100,0,True
1732984307,21301703,4800557843966196502669109,-194237,44,100,100,0,True
1732984319,21301704,4800557843966196502669109,-194237,44,100,100,0,True
1732984331,21301705,4800557843966196502669109,-194237,44,100,100,0,True
1732984343,21301706,4800557843966196502669109,-194237,44,100,100,0,True
1732984355,21301707,4800115119019019604255253,-194239,45,100,100,0,True
1732984367,21301708,4800115119019019604255253,-194239,45,100,100,0,True
1732984379,21301709,4800115119019019604255253,-194239,45,100,100,0,True
1732984391,21301710,4800115119019019604255253,-194239,45,100,100,0,True
1732984403,21301711,4800115119019019604255253,-194239,45,100,100,0,True
1732984415,21301712,4800115119019019604255253,-194239,45,100,100,0,True
1732984427,21301713,4800115119019019604255253,-194239,45,100,100,0,True
1732984439,21301714,4799663718761199068527290,-194241,46,100,100,0,True
1732984451,21301715,4799663718761199068527290,-194241,46,100,100,0,True
1732984463,21301716,4799662175427525998652099,-194241,46,100,100,0,True
1732984475,21301717,4799662175427525998652099,-194241,46,100,100,0,True
1732984487,21301718,4799662175427525998652099,-194241,46,100,100,0,True
1732984499,21301719,4799662175427525998652099,-194241,46,100,100,0,True
1732984511,21301720,4799662175427525998652099,-194241,46,100,100,0,True
1732984523,21301721,4798939344760758945710080,-194244,47,100,100,0,True
1732984535,21301722,4798939344760758945710080,-194244,47,100,100,0,True
1732984547,21301723,4798939344760758945710080,-194244,47,100,100,0,True
1732984559,21301724,4798939344760758945710080,-194244,47,100,100,0,True
1732984571,21301725,4798939344760758945710080,-194244,47,100,100,0,True
1732984583,21301726,4798939344760758945710080,-194244,47,100,100,0,True
1732984595,21301727,4798939344760758945710080,-194244,47,100,100,0,True
1732984607,21301728,4798939344760758945710080,-194244,47,100,100,0,True
1732984619,21301729,4798939344760758945710080,-194244,47,100,100,0,True
1732984631,21301730,4798939344760758945710080,-194244,47,100,100,0,True
1732984643,21301731,4798939344760758945710080,-194244,47,100,100,0,True
1732984655,21301732,4798939344760758945710080,-194244,47,100,100,0,True
1732984667,21301733,4798939344760758945710080,-194244,47,100,100,0,True
1732984679,21301734,4798939344760758945710080,-194244,47,100,100,0,True
1732984691,21301735,4798939344760758945710080,-194244,47,100,100,0,True
1732984703,21301736,4798939344760758945710080,-194244,47,100,100,0,True
1732984715,21301737,4798939344760758945710080,-194244,47,100,100,0,True
1732984727,21301738,4798939344760758945710080,-194244,47,100,100,0,True
1732984739,21301739,4798939344760758945710080,-194244,47,100,100,0,True
1732984751,21301740,4798938375114997782540822,-194244,47,100,100,0,True
1732984763,21301741,4798938375114997782540822,-194244,47,100,100,0,True
1732984775,21301742,4798938375114997782540822,-194244,47,100,100,0,True
1732984787,21301743,4798938375114997782540822,-194244,47,100,100,0,True
1732984799,21301744,4798938375114997782540822,-194244,47,100,100,0,True
1732984811,21301745,4798938375114997782540822,-194244,47,100,100,0,True
1732984823,21301746,4798938375114997782540822,-194244,47,100,100,0,True
1732984835,21301747,4798938375114997782540822,-194244,48,100,100,0,True
1732984847,21301748,4798938375114997782540822,-194244,48,100,100,0,True
1732984859,21301749,4798938375114997782540822,-194244,48,100,100,0,True
1732984871,21301750,4798938375114997782540822,-194244,48,100,100,0,True
1732984883,21301751,4798938375114997782540822,-194244,48,100,100,0,True
1732984895,21301752,4798938375114997782540822,-194244,48,100,100,0,True
1732984907,21301753,4798938375114997782540822,-194244,48,100,100,0,True
1732984919,21301754,4798938375114997782540822,-194244,48,100,100,0,True
1732984931,21301755,4798938375114997782540822,-194244,48,100,100,0,True
1732984943,21301756,4798938375114997782540822,-194244,48,100,100,0,True
1732984955,21301757,4798938375114997782540822,-194244,48,100,100,0,True
1732984967,21301758,4798938375114997782540822,-194244,48,100,100,0,True
1732984979,21301759,4798938375114997782540822,-194244,48,100,100,0,True
1732984991,21301760,4798938375114997782540822,-194244,48,100,100,0,True
1732985003,21301761,4798938375114997782540822,-194244,48,100,100,0,True
1732985015,21301762,4798938375114997782540822,-194244,48,100,100,0,True
1732985027,21301763,4798938375114997782540822,-194244,48,100,100,0,True
1732985039,21301764,4798938375114997782540822,-194244,48,100,100,0,True
1732985051,21301765,4798938375114997782540822,-194244,48,100,100,0,True
1732985063,21301766,4798938375114997782540822,-194244,48,100,100,0,True
1732985075,21301767,4798938375114997782540822,-194244,48,100,100,0,True
1732985087,21301768,4798938375114997782540822,-194244,48,100,100,0,True
1732985099,21301769,4798938375114997782540822,-194244,48,100,100,0,True
1732985111,21301770,4798938375114997782540822,-194244,49,100,100,0,True
1732985123,21301771,4798938375114997782540822,-194244,49,100,100,0,True
1732985135,21301772,4798938375114997782540822,-194244,49,100,100,0,True
1732985147,21301773,4798938375114997782540822,-194244,49,100,100,0,True
1732985159,21301774,4798938375114997782540822,-194244,49,100,100,0,True
1732985171,21301775,4798938375114997782540822,-194244,49,100,100,0,True
1732985183,21301776,4798938375114997782540822,-194244,49,100,100,0,True
1732985195,21301777,4798938375114997782540822,-194244,49,100,100,0,True
1732985207,21301778,4798938375114997782540822,-194244,49,100,100,0,True
1732985219,21301779,4798938375114997782540822,-194244,49,100,100,0,True
1732985231,21301780,4798947711868139864968140,-194244,49,100,100,0,True
1732985243,21301781,4798947711868139864968140,-194244,49,100,100,0,True
1732985255,21301782,4798947711868139864968140,-194244,49,100,100,0,True
1732985267,21301783,4798947711868139864968140,-194244,49,100,100,0,True
1732985279,21301784,4798947711868139864968140,-194244,49,100,100,0,True
1732985291,21301785,4798947711868139864968140,-194244,49,100,100,0,True
1732985303,21301786,4798947711868139864968140,-194244,49,100,100,0,True
1732985315,21301787,4798947711868139864968140,-194244,49,100,100,0,True
1732985327,21301788,4798947711868139864968140,-194244,49,100,100,0,True
1732985339,21301789,4798947711868139864968140,-194244,49,100,100,0,True
1732985351,21301790,4798947711868139864968140,-194244,49,100,100,0,True
1732985363,21301791,4798947711868139864968140,-194244,49,100,100,0,True
1732985375,21301792,4798947711868139864968140,-194244,49,100,100,0,True
1732985387,21301793,4798947711868139864968140,-194244,49,100,100,0,True
1732985399,21301794,4798947711868139864968140,-194244,49,100,100,0,True
1732985411,21301795,4798947711868139864968140,-194244,49,100,100,0,True
1732985423,21301796,4798947711868139864968140,-194244,49,100,100,0,True
1732985435,21301797,4798947711868139864968140,-194244,49,100,100,0,True
1732985447,21301798,4798947711868139864968140,-194244,49,100,100,0,True
1732985459,21301799,4798947711868139864968140,-194244,49,100,100,0,True
1732985471,21301800,4798947711868139864968140,-194244,49,100,100,0,True
1732985483,21301801,4798947711868139864968140,-194244,49,100,100,0,True
1732985495,21301802,4798947711868139864968140,-194244,50,100,100,0,True
1732985507,21301803,4798947711868139864968140,-194244,50,100,100,0,True
1732985519,21301804,4798947711868139864968140,-194244,50,100,100,0,True
1732985531,21301805,4798947711868139864968140,-194244,50,100,100,0,True
1732985543,21301806,4798947711868139864968140,-194244,50,100,100,0,True
1732985555,21301807,4798947711868139864968140,-194244,50,100,100,0,True
1732985567,21301808,4798947711868139864968140,-194244,50,100,100,0,True
1732985579,21301809,4798958914367026674885452,-194244,50,100,100,0,True
1732985591,21301810,4798958914367026674885452,-194244,50,100,100,0,True
1732985603,21301811,4798958914367026674885452,-194244,50,100,100,0,True
1732985615,21301812,4798958914367026674885452,-194244,50,100,100,0,True
1732985627,21301813,4798958914367026674885452,-194244,50,100,100,0,True
1732985639,21301814,4798958914367026674885452,-194244,50,100,100,0,True
1732985651,21301815,4798958914367026674885452,-194244,50,100,100,0,True
1732985675,21301816,4798958914367026674885452,-194244,50,100,100,0,True
1732985687,21301817,4798958914367026674885452,-194244,50,100,100,0,True
1732985699,21301818,4798958914367026674885452,-194244,50,100,100,0,True
1732985711,21301819,4798958914367026674885452,-194244,50,100,100,0,True
1732985723,21301820,4798958914367026674885452,-194244,50,100,100,0,True
1732985735,21301821,4798958914367026674885452,-194244,50,100,100,0,True
1732985747,21301822,4798958914367026674885452,-194244,50,100,100,0,True
1732985759,21301823,4798958914367026674885452,-194244,50,100,100,0,True
1732985771,21301824,4798958914367026674885452,-194244,50,100,100,0,True
1732985783,21301825,4798958914367026674885452,-194244,50,100,100,0,True
1732985795,21301826,4798958914367026674885452,-194244,50,100,100,0,True
1732985807,21301827,4798958914367026674885452,-194244,50,100,100,0,True
1732985819,21301828,4798958914367026674885452,-194244,50,100,100,0,True
1732985831,21301829,4798958914367026674885452,-194244,50,100,100,0,True
1732985843,21301830,4798958914367026674885452,-194244,50,100,100,0,True
1732985855,21301831,4798958914367026674885452,-194244,50,100,100,0,True
1732985867,21301832,4798958914367026674885452,-194244,50,100,100,0,True
1732985879,21301833,4798958914367026674885452,-194244,50,100,100,0,True
1732985891,21301834,4798958914367026674885452,-194244,50,100,100,0,True
1732985903,21301835,4798958914367026674885452,-194244,50,100,100,0,True
1732985915,21301836,4798958914367026674885452,-194244,50,100,100,0,True
1732985927,21301837,4798958914367026674885452,-194244,50,100,100,0,True
1732985939,21301838,4798989851626522365334780,-194244,50,100,100,0,True
1732985951,21301839,4798989851626522365334780,-194244,50,100,100,0,True
1732985963,21301840,4798989851626522365334780,-194244,50,100,100,0,True
1732985975,21301841,4798989851626522365334780,-194244,50,100,100,0,True
1732985987,21301842,4798989851626522365334780,-194244,50,100,100,0,True
1732985999,21301843,4798989851626522365334780,-194244,50,100,100,0,True
1732986011,21301844,4798989851626522365334780,-194244,50,100,100,0,True
1732986023,21301845,4798989851626522365334780,-194244,50,100,100,0,True
1732986035,21301846,4798989851626522365334780,-194244,50,100,100,0,True
1732986047,21301847,4798991691832721977904833,-194244,50,100,100,0,True
1732986059,21301848,4798991691832721977904833,-194244,50,100,100,0,True
1732986071,21301849,4798991691832721977904833,-194244,50,100,100,0,True
1732986083,21301850,4798991691832721977904833,-194244,50,100,100,0,True
1732986095,21301851,4798991691832721977904833,-194244,50,100,100,0,True
1732986107,21301852,4798992841305579643458240,-194244,50,100,100,0,True
1732986119,21301853,4798992841305579643458240,-194244,50,100,100,0,True
1732986131,21301854,4798992841305579643458240,-194244,50,100,100,0,True
1732986143,21301855,4798992841305579643458240,-194244,50,100,100,0,True
1732986155,21301856,4798992841305579643458240,-194244,50,100,100,0,True
1732986167,21301857,4798992841305579643458240,-194244,50,100,100,0,True
1732986179,21301858,4798992841305579643458240,-194244,50,100,100,0,True
1732986191,21301859,4798992841305579643458240,-194244,50,100,100,0,True
1732986203,21301860,4798992841305579643458240,-194244,50,100,100,0,True
1732986215,21301861,4798992841305579643458240,-194244,50,100,100,0,True
1732986227,21301862,4798992841305579643458240,-194244,50,100,100,0,True
1732986239,21301863,4798992841305579643458240,-194244,50,100,100,0,True
1732986251,21301864,4798992841305579643458240,-194244,50,100,100,0,True
1732986263,21301865,4798992841305579643458240,-194244,50,100,100,0,True
1732986275,21301866,4798992841305579643458240,-194244,50,100,100,0,True
1732986287,21301867,4798992841305579643458240,-194244,50,100,100,0,True
1732986299,21301868,4798992841305579643458240,-194244,50,100,100,0,True
1732986311,21301869,4798992841305579643458240,-194244,50,100,100,0,True
1732986323,21301870,4798992841305579643458240,-194244,50,100,100,0,True
1732986335,21301871,4798992841305579643458240,-194244,50,100,100,0,True
1732986347,21301872,4798992841305579643458240,-194244,50,100,100,0,True
1732986359,21301873,4798992841305579643458240,-194244,50,100,100,0,True
1732986371,21301874,4798992841305579643458240,-194244,50,100,100,0,True
1732986383,21301875,4798992841305579643458240,-194244,50,100,100,0,True
1732986395,21301876,4798992841305579643458240,-194244,50,100,100,0,True
1732986407,21301877,4798992841305579643458240,-194244,50,100,100,0,True
1732986419,21301878,4798992841305579643458240,-194244,50,100,100,0,True
1732986431,21301879,4798992841305579643458240,-194244,50,100,100,0,True
1732986443,21301880,4798992841305579643458240,-194244,50,100,100,0,True
1732986455,21301881,4798992841305579643458240,-194244,50,100,100,0,True
1732986467,21301882,4798992841305579643458240,-194244,50,100,100,0,True
1732986479,21301883,4798992841305579643458240,-194244,50,100,100,0,True
1732986491,21301884,4798992841305579643458240,-194244,50,100,100,0,True
1732986503,21301885,4798992841305579643458240,-194244,50,100,100,0,True
1732986515,21301886,4798992841305579643458240,-194244,50,100,100,0,True
1732986527,21301887,4798992841305579643458240,-194244,50,100,100,0,True
1732986539,21301888,4798992841305579643458240,-194244,50,100,100,0,True
1732986551,21301889,4798992841305579643458240,-194244,50,100,100,0,True
1732986563,21301890,4798992841305579643458240,-194244,50,100,100,0,True
1732986575,21301891,4798992841305579643458240,-194244,50,100,100,0,True
1732986587,21301892,4798992841305579643458240,-194244,50,100,100,0,True
1732986599,21301893,4798992841305579643458240,-194244,50,100,100,0,True
1732986611,21301894,4798992841305579643458240,-194244,50,100,100,0,True
1732986623,21301895,4798992841305579643458240,-194244,50,100,100,0,True
1732986635,21301896,4798992841305579643458240,-194244,50,100,100,0,True
1732986647,21301897,4798992841305579643458240,-194244,50,100,100,0,True
1732986659,21301898,4798992841305579643458240,-194244,50,100,100,0,True
1732986671,21301899,4798992841305579643458240,-194244,50,100,100,0,True
1732986683,21301900,4798992841305579643458240,-194244,50,100,100,0,True
1732986695,21301901,4798992841305579643458240,-194244,50,100,100,0,True
1732986707,21301902,4798992841305579643458240,-194244,50,100,100,0,True
1732986719,21301903,4798992841305579643458240,-194244,50,100,100,0,True
1732986731,21301904,4798992841305579643458240,-194244,50,100,100,0,True
1732986743,21301905,4798992841305579643458240,-194244,50,100,100,0,True
1732986755,21301906,4798992841305579643458240,-194244,50,100,100,0,True
1732986767,21301907,4798992841305579643458240,-194244,50,100,100,0,True
1732986779,21301908,4798992841305579643458240,-194244,50,100,100,0,True
1732986791,21301909,4798992841305579643458240,-194244,50,100,100,0,True
1732986803,21301910,4798992841305579643458240,-194244,50,100,100,0,True
1732986815,21301911,4798992841305579643458240,-194244,50,100,100,0,True
1732986827,21301912,4798992841305579643458240,-194244,50,100,100,0,True
1732986839,21301913,4798992841305579643458240,-194244,50,100,100,0,True
1732986851,21301914,4798992841305579643458240,-194244,50,100,100,0,True
1732986863,21301915,4798992841305579643458240,-194244,50,100,100,0,True
1732986875,21301916,4798992841305579643458240,-194244,50,100,100,0,True
1732986887,21301917,4798992841305579643458240,-194244,50,100,100,0,True
1732986899,21301918,4798992841305579643458240,-194244,50,100,100,0,True
1732986911,21301919,4798992841305579643458240,-194244,50,100,100,0,True
1732986923,21301920,4798992841305579643458240,-194244,50,100,100,0,True
1732986935,21301921,4798992841305579643458240,-194244,50,100,100,0,True
1732986947,21301922,4798992841305579643458240,-194244,50,100,100,0,True
1732986959,21301923,4798992841305579643458240,-194244,50,100,100,0,True
1732986971,21301924,4798992841305579643458240,-194244,50,100,100,0,True
1732986983,21301925,4798992841305579643458240,-194244,50,100,100,0,True
1732986995,21301926,4798992841305579643458240,-194244,50,100,100,0,True
1732987007,21301927,4798992841305579643458240,-194244,50,100,100,0,True
1732987019,21301928,4798992841305579643458240,-194244,50,100,100,0,True
1732987031,21301929,4798992841305579643458240,-194244,50,100,100,0,True
1732987043,21301930,4798992841305579643458240,-194244,50,100,100,0,True
1732987055,21301931,4798992841305579643458240,-194244,50,100,100,0,True
1732987067,21301932,4798992841305579643458240,-194244,50,100,100,0,True
1732987079,21301933,4798992841305579643458240,-194244,50,100,100,0,True
1732987091,21301934,4798992841305579643458240,-194244,50,100,100,0,True
1732987103,21301935,4798992841305579643458240,-194244,50,100,100,0,True
1732987115,21301936,4798992841305579643458240,-194244,50,100,100,0,True
1732987127,21301937,4798992841305579643458240,-194244,50,100,100,0,True
1732987139,21301938,4798992841305579643458240,-194244,50,100,100,0,True
1732987151,21301939,4798992841305579643458240,-194244,50,100,100,0,True
1732987163,21301940,4799029205493462510043267,-194244,50,100,100,0,True
1732987175,21301941,4799029205493462510043267,-194244,50,100,100,0,True
1732987187,21301942,4799029205493462510043267,-194244,50,100,100,0,True
1732987199,21301943,4799029205493462510043267,-194244,50,100,100,0,True
1732987211,21301944,4799029205493462510043267,-194244,50,100,100,0,True
1732987223,21301945,4799029205493462510043267,-194244,50,100,100,0,True
1732987235,21301946,4799029205493462510043267,-194244,50,100,100,0,True
1732987247,21301947,4799029205493462510043267,-194244,50,100,100,0,True
1732987259,21301948,4799029205493462510043267,-194244,50,100,100,0,True
1732987271,21301949,4799029205493462510043267,-194244,50,100,100,0,True
1732987283,21301950,4799029205493462510043267,-194244,50,100,100,0,True
1732987295,21301951,4799029205493462510043267,-194244,50,100,100,0,True
1732987307,21301952,4799029205493462510043267,-194244,50,100,100,0,True
1732987319,21301953,4799029205493462510043267,-194244,50,100,100,0,True
1732987331,21301954,4799029205493462510043267,-194244,50,100,100,0,True
1732987343,21301955,4799029205493462510043267,-194244,50,100,100,0,True
1732987355,21301956,4799029205493462510043267,-194244,50,100,100,0,True
1732987367,21301957,4799029205493462510043267,-194244,50,100,100,0,True
1732987379,21301958,4799029205493462510043267,-194244,50,100,100,0,True
1732987391,21301959,4799029205493462510043267,-194244,50,100,100,0,True
1732987403,21301960,4800868380352178766741504,-194236,51,100,100,0,True
1732987415,21301961,4800868380352178766741504,-194236,51,100,100,0,True
1732987427,21301962,4800868380352178766741504,-194236,51,100,100,0,True
1732987439,21301963,4800868380352178766741504,-194236,51,100,100,0,True
1732987451,21301964,4800922079602551180965288,-194236,51,100,100,0,True
1732987463,21301965,4800922079602551180965288,-194236,51,100,100,0,True
1732987475,21301966,4800922079602551180965288,-194236,51,100,100,0,True
1732987487,21301967,4800922079602551180965288,-194236,51,100,100,0,True
1732987499,21301968,4800922079602551180965288,-194236,51,100,100,0,True
1732987511,21301969,4800922079602551180965288,-194236,51,100,100,0,True
1732987523,21301970,4800922079602551180965288,-194236,51,100,100,0,True
1732987547,21301971,4800922079602551180965288,-194236,51,100,100,0,True
1732987559,21301972,4800922079602551180965288,-194236,51,100,100,0,True
1732987571,21301973,4800922079602551180965288,-194236,51,100,100,0,True
1732987583,21301974,4800922079602551180965288,-194236,51,100,100,0,True
1732987595,21301975,4800922079602551180965288,-194236,51,100,100,0,True
1732987607,21301976,4800922079602551180965288,-194236,51,100,100,0,True
1732987619,21301977,4800922079602551180965288,-194236,51,100,100,0,True
1732987631,21301978,4800922079602551180965288,-194236,51,100,100,0,True
1732987643,21301979,4800922079602551180965288,-194236,51,100,100,0,True
1732987655,21301980,4800922079602551180965288,-194236,51,100,100,0,True
1732987667,21301981,4800933420341090491055894,-194236,51,100,100,0,True
1732987679,21301982,4800933420341090491055894,-194236,51,100,100,0,True
1732987691,21301983,4800933420341090491055894,-194236,51,100,100,0,True
1732987703,21301984,4800933420341090491055894,-194236,51,100,100,0,True
1732987715,21301985,4800933420341090491055894,-194236,51,100,100,0,True
1732987727,21301986,4800933420341090491055894,-194236,51,100,100,0,True
1732987739,21301987,4800933420341090491055894,-194236,51,100,100,0,True
1732987751,21301988,4800933420341090491055894,-194236,51,100,100,0,True
1732987763,21301989,4800933420341090491055894,-194236,51,100,100,0,True
1732987775,21301990,4800933420341090491055894,-194236,51,100,100,0,True
1732987787,21301991,4800933420341090491055894,-194236,51,100,100,0,True
1732987799,21301992,4800933420341090491055894,-194236,51,100,100,0,True
1732987811,21301993,4800933420341090491055894,-194236,51,100,100,0,True
1732987823,21301994,4800933420341090491055894,-194236,51,100,100,0,True
1732987835,21301995,4800933420341090491055894,-194236,51,100,100,0,True
1732987859,21301996,4800945479996240454795623,-194236,51,100,100,0,True
1732987871,21301997,4800945479996240454795623,-194236,51,100,100,0,True
1732987883,21301998,4800945479996240454795623,-194236,51,100,100,0,True
1732987895,21301999,4800945479996240454795623,-194236,51,100,100,0,True
1732987907,21302000,4800945479996240454795623,-194236,51,100,100,0,True
1732987919,21302001,4800945479996240454795623,-194236,51,100,100,0,True
1732987931,21302002,4800945479996240454795623,-194236,51,100,100,0,True
1732987943,21302003,4801798638829287659959214,-194232,52,100,100,0,True
1732987955,21302004,4801798638829287659959214,-194232,52,100,100,0,True
1732987967,21302005,4801943633328524437938183,-194232,52,100,100,0,True
1732987979,21302006,4801943633328524437938183,-194232,52,100,100,0,True
1732987991,21302007,4801943633328524437938183,-194232,52,100,100,0,True
1732988015,21302008,4801943633328524437938183,-194232,52,100,100,0,True
1732988027,21302009,4801943633328524437938183,-194232,52,100,100,0,True
1732988039,21302010,4801943633328524437938183,-194232,52,100,100,0,True
1732988051,21302011,4802656102677146580163884,-194229,53,100,100,0,True
1732988063,21302012,4802656102677146580163884,-194229,53,100,100,0,True
1732988075,21302013,4802670035269797890924814,-194229,53,100,100,0,True
1732988087,21302014,4802670035269797890924814,-194229,53,100,100,0,True
1732988099,21302015,4802670035269797890924814,-194229,53,100,100,0,True
1732988111,21302016,4802670035269797890924814,-194229,53,100,100,0,True
1732988123,21302017,4802670035269797890924814,-194229,53,100,100,0,True
1732988135,21302018,4802670035269797890924814,-194229,53,100,100,0,True
1732988147,21302019,4802670035269797890924814,-194229,53,100,100,0,True
1732988159,21302020,4802670035269797890924814,-194229,53,100,100,0,True
1732988171,21302021,4802670035269797890924814,-194229,53,100,100,0,True
1732988183,21302022,4802670035269797890924814,-194229,53,100,100,0,True
1732988195,21302023,4802670035269797890924814,-194229,53,100,100,0,True
1732988207,21302024,4802670035269797890924814,-194229,53,100,100,0,True
1732988219,21302025,4802670035269797890924814,-194229,53,100,100,0,True
1732988231,21302026,4802670035269797890924814,-194229,53,100,100,0,True
1732988243,21302027,4802670035269797890924814,-194229,53,100,100,0,True
1732988255,21302028,4802670035269797890924814,-194229,53,100,100,0,True
1732988267,21302029,4802670035269797890924814,-194229,53,100,100,0,True
1732988279,21302030,4802670035269797890924814,-194229,53,100,100,0,True
1732988291,21302031,4802670035269797890924814,-194229,53,100,100,0,True
1732988303,21302032,4802670035269797890924814,-194229,53,100,100,0,True
1732988315,21302033,4802670035269797890924814,-194229,53,100,100,0,True
1732988327,21302034,4802670035269797890924814,-194229,53,100,100,0,True
1732988339,21302035,4802670035269797890924814,-194229,53,100,100,0,True
1732988351,21302036,4802670035269797890924814,-194229,53,100,100,0,True
1732988363,21302037,4802670035269797890924814,-194229,53,100,100,0,True
1732988375,21302038,4802670035269797890924814,-194229,53,100,100,0,True
1732988387,21302039,4802670035269797890924814,-194229,53,100,100,0,True
1732988399,21302040,4802670035269797890924814,-194229,53,100,100,0,True
1732988411,21302041,4802670035269797890924814,-194229,53,100,100,0,True
1732988423,21302042,4802670035269797890924814,-194229,53,100,100,0,True
1732988435,21302043,4802670035269797890924814,-194229,53,100,100,0,True
1732988447,21302044,4802670035269797890924814,-194229,53,100,100,0,True
1732988459,21302045,4802670035269797890924814,-194229,53,100,100,0,True
1732988471,21302046,4802670035269797890924814,-194229,53,100,100,0,True
1732988483,21302047,4802670035269797890924814,-194229,53,100,100,0,True
1732988495,21302048,4802670035269797890924814,-194229,53,100,100,0,True
1732988507,21302049,4802670035269797890924814,-194229,53,100,100,0,True
1732988519,21302050,4802670035269797890924814,-194229,53,100,100,0,True
1732988531,21302051,4802670035269797890924814,-194229,53,100,100,0,True
1732988543,21302052,4802670035269797890924814,-194229,53,100,100,0,True
1732988555,21302053,4802670035269797890924814,-194229,53,100,100,0,True
1732988567,21302054,4802686317964446764526764,-194228,54,100,100,0,True
1732988579,21302055,4802686317964446764526764,-194228,54,100,100,0,True
1732988591,21302056,4802686317964446764526764,-194228,54,100,100,0,True
1732988603,21302057,4802686317964446764526764,-194228,54,100,100,0,True
1732988615,21302058,4802686317964446764526764,-194228,54,100,100,0,True
1732988627,21302059,4802686317964446764526764,-194228,54,100,100,0,True
1732988639,21302060,4802686317964446764526764,-194228,54,100,100,0,True
1732988651,21302061,4802686317964446764526764,-194228,54,100,100,0,True
1732988663,21302062,4802686317964446764526764,-194228,54,100,100,0,True
1732988675,21302063,4802686317964446764526764,-194228,54,100,100,0,True
1732988687,21302064,4802686317964446764526764,-194228,54,100,100,0,True
1732988699,21302065,4802686317964446764526764,-194228,54,100,100,0,True
1732988711,21302066,4802686317964446764526764,-194228,54,100,100,0,True
1732988723,21302067,4802686317964446764526764,-194228,54,100,100,0,True
1732988735,21302068,4802686317964446764526764,-194228,54,100,100,0,True
1732988747,21302069,4802686317964446764526764,-194228,54,100,100,0,True
1732988759,21302070,4802686317964446764526764,-194228,54,100,100,0,True
1732988771,21302071,4802686317964446764526764,-194228,54,100,100,0,True
1732988783,21302072,4802686317964446764526764,-194228,54,100,100,0,True
1732988795,21302073,4802686317964446764526764,-194228,54,100,100,0,True
1732988807,21302074,4802686317964446764526764,-194228,54,100,100,0,True
1732988819,21302075,4802686317964446764526764,-194228,54,100,100,0,True
1732988831,21302076,4802686317964446764526764,-194228,54,100,100,0,True
1732988843,21302077,4802686317964446764526764,-194228,54,100,100,0,True
1732988855,21302078,4802686317964446764526764,-194228,54,100,100,0,True
1732988867,21302079,4802686317964446764526764,-194228,54,100,100,0,True
1732988879,21302080,4802686317964446764526764,-194228,54,100,100,0,True
1732988891,21302081,4802686317964446764526764,-194228,54,100,100,0,True
1732988903,21302082,4802686317964446764526764,-194228,54,100,100,0,True
1732988915,21302083,4802686317964446764526764,-194228,54,100,100,0,True
1732988927,21302084,4802686317964446764526764,-194228,54,100,100,0,True
1732988939,21302085,4802686317964446764526764,-194228,54,100,100,0,True
1732988951,21302086,4802686317964446764526764,-194228,54,100,100,0,True
1732988963,21302087,4802686317964446764526764,-194228,54,100,100,0,True
1732988975,21302088,4802686317964446764526764,-194228,54,100,100,0,True
1732988987,21302089,4802686317964446764526764,-194228,54,100,100,0,True
1732988999,21302090,4802686317964446764526764,-194228,54,100,100,0,True
1732989011,21302091,4802686317964446764526764,-194228,54,100,100,0,True
1732989023,21302092,4802686317964446764526764,-194228,54,100,100,0,True
1732989035,21302093,4802686317964446764526764,-194228,54,100,100,0,True
1732989047,21302094,4802686317964446764526764,-194228,54,100,100,0,True
1732989059,21302095,4802686317964446764526764,-194228,54,100,100,0,True
1732989071,21302096,4802686317964446764526764,-194228,54,100,100,0,True
1732989083,21302097,4802686317964446764526764,-194228,54,100,100,0,True
1732989095,21302098,4802686317964446764526764,-194228,54,100,100,0,True
1732989107,21302099,4802686317964446764526764,-194228,54,100,100,0,True
1732989119,21302100,4802686317964446764526764,-194228,54,100,100,0,True
1732989131,21302101,4802686317964446764526764,-194228,54,100,100,0,True
1732989143,21302102,4802686317964446764526764,-194228,54,100,100,0,True
1732989155,21302103,4802686317964446764526764,-194228,54,100,100,0,True
1732989167,21302104,4802686317964446764526764,-194228,54,100,100,0,True
1732989179,21302105,4802686317964446764526764,-194228,54,100,100,0,True
1732989191,21302106,4802686317964446764526764,-194228,54,100,100,0,True
1732989203,21302107,4802686317964446764526764,-194228,54,100,100,0,True
1732989215,21302108,4802686317964446764526764,-194228,54,100,100,0,True
1732989227,21302109,4802686317964446764526764,-194228,54,100,100,0,True
1732989239,21302110,4802686317964446764526764,-194228,54,100,100,0,True
1732989251,21302111,4802686317964446764526764,-194228,54,100,100,0,True
1732989263,21302112,4802686317964446764526764,-194228,54,100,100,0,True
1732989275,21302113,4802690606943169653858913,-194228,54,100,100,0,True
1732989287,21302114,4802690606943169653858913,-194228,54,100,100,0,True
1732989299,21302115,4802690606943169653858913,-194228,54,100,100,0,True
1732989311,21302116,4802690606943169653858913,-194228,54,100,100,0,True
1732989323,21302117,4802690606943169653858913,-194228,54,100,100,0,True
1732989335,21302118,4802690606943169653858913,-194228,54,100,100,0,True
1732989347,21302119,4802690606943169653858913,-194228,54,100,100,0,True
1732989359,21302120,4802690606943169653858913,-194228,54,100,100,0,True
1732989371,21302121,4802690606943169653858913,-194228,54,100,100,0,True
1732989383,21302122,4802690606943169653858913,-194228,54,100,100,0,True
1732989395,21302123,4802690606943169653858913,-194228,54,100,100,0,True
1732989407,21302124,4802690606943169653858913,-194228,54,100,100,0,True
1732989419,21302125,4802690606943169653858913,-194228,54,100,100,0,True
1732989431,21302126,4802690606943169653858913,-194228,54,100,100,0,True
1732989443,21302127,4802690606943169653858913,-194228,54,100,100,0,True
1732989455,21302128,4802690606943169653858913,-194228,54,100,100,0,True
1732989467,21302129,4802690606943169653858913,-194228,54,100,100,0,True
1732989479,21302130,4802690606943169653858913,-194228,54,100,100,0,True
1732989491,21302131,4802690606943169653858913,-194228,54,100,100,0,True
1732989503,21302132,4802690606943169653858913,-194228,54,100,100,0,True
1732989515,21302133,4802690606943169653858913,-194228,54,100,100,0,True
1732989527,21302134,4802690606943169653858913,-194228,54,100,100,0,True
1732989539,21302135,4802690606943169653858913,-194228,54,100,100,0,True
1732989551,21302136,4802690606943169653858913,-194228,54,100,100,0,True
1732989563,21302137,4802690606943169653858913,-194228,54,100,100,0,True
1732989575,21302138,4802690606943169653858913,-194228,54,100,100,0,True
1732989587,21302139,4802690606943169653858913,-194228,54,100,100,0,True
1732989599,21302140,4802690606943169653858913,-194228,54,100,100,0,True
1732989611,21302141,4802690606943169653858913,-194228,54,100,100,0,True
1732989623,21302142,4802690606943169653858913,-194228,54,100,100,0,True
1732989635,21302143,4802690606943169653858913,-194228,54,100,100,0,True
1732989647,21302144,4802690606943169653858913,-194228,54,100,100,0,True
1732989659,21302145,4802690606943169653858913,-194228,54,100,100,0,True
1732989671,21302146,4802690606943169653858913,-194228,54,100,100,0,True
1732989683,21302147,4802690606943169653858913,-194228,54,100,100,0,True
1732989695,21302148,4802690606943169653858913,-194228,54,100,100,0,True
1732989707,21302149,4802690606943169653858913,-194228,54,100,100,0,True
1732989719,21302150,4802690606943169653858913,-194228,54,100,100,0,True
1732989731,21302151,4802690606943169653858913,-194228,54,100,100,0,True
1732989743,21302152,4802690606943169653858913,-194228,54,100,100,0,True
1732989755,21302153,4802690606943169653858913,-194228,54,100,100,0,True
1732989767,21302154,4802690606943169653858913,-194228,54,100,100,0,True
1732989779,21302155,4802690606943169653858913,-194228,54,100,100,0,True
1732989791,21302156,4802690606943169653858913,-194228,54,100,100,0,True
1732989803,21302157,4802690606943169653858913,-194228,54,100,100,0,True
1732989815,21302158,4802690606943169653858913,-194228,54,100,100,0,True
1732989827,21302159,4802690606943169653858913,-194228,54,100,100,0,True
1732989839,21302160,4802690606943169653858913,-194228,54,100,100,0,True
1732989851,21302161,4802690606943169653858913,-194228,54,100,100,0,True
1732989863,21302162,4802690606943169653858913,-194228,54,100,100,0,True
1732989875,21302163,4802690606943169653858913,-194228,54,100,100,0,True
1732989887,21302164,4802690606943169653858913,-194228,54,100,100,0,True
1732989899,21302165,4802690606943169653858913,-194228,54,100,100,0,True
1732989911,21302166,4802690606943169653858913,-194228,54,100,100,0,True
1732989923,21302167,4802690606943169653858913,-194228,54,100,100,0,True
1732989935,21302168,4802690606943169653858913,-194228,54,100,100,0,True
1732989947,21302169,4802690606943169653858913,-194228,54,100,100,0,True
1732989959,21302170,4802690606943169653858913,-194228,54,100,100,0,True
1732989971,21302171,4802690606943169653858913,-194228,54,100,100,0,True
1732989983,21302172,4802690606943169653858913,-194228,54,100,100,0,True
1732989995,21302173,4802690606943169653858913,-194228,54,100,100,0,True
1732990007,21302174,4802690606943169653858913,-194228,54,100,100,0,True
1732990019,21302175,4802690606943169653858913,-194228,54,100,100,0,True
1732990031,21302176,4802690606943169653858913,-194228,54,100,100,0,True
1732990043,21302177,4802690606943169653858913,-194228,54,100,100,0,True
1732990055,21302178,4802690606943169653858913,-194228,54,100,100,0,True
1732990067,21302179,4802690606943169653858913,-194228,54,100,100,0,True
1732990079,21302180,4802690606943169653858913,-194228,54,100,100,0,True
1732990091,21302181,4802690606943169653858913,-194228,54,100,100,0,True
1732990103,21302182,4802690606943169653858913,-194228,54,100,100,0,True
1732990115,21302183,4802690606943169653858913,-194228,54,100,100,0,True
1732990127,21302184,4802690606943169653858913,-194228,54,100,100,0,True
1732990139,21302185,4802690606943169653858913,-194228,54,100,100,0,True
1732990151,21302186,4802690606943169653858913,-194228,54,100,100,0,True
1732990163,21302187,4802690606943169653858913,-194228,54,100,100,0,True
1732990175,21302188,4802690606943169653858913,-194228,54,100,100,0,True
1732990187,21302189,4802690606943169653858913,-194228,54,100,100,0,True
1732990199,21302190,4802690606943169653858913,-194228,54,100,100,0,True
1732990211,21302191,4802690606943169653858913,-194228,54,100,100,0,True
1732990223,21302192,4802690606943169653858913,-194228,54,100,100,0,True
1732990235,21302193,4802690606943169653858913,-194228,54,100,100,0,True
1732990247,21302194,4802690606943169653858913,-194228,54,100,100,0,True
1732990259,21302195,4802690606943169653858913,-194228,54,100,100,0,True
1732990271,21302196,4802690606943169653858913,-194228,54,100,100,0,True
1732990283,21302197,4802690606943169653858913,-194228,54,100,100,0,True
1732990295,21302198,4802690606943169653858913,-194228,54,100,100,0,True
1732990307,21302199,4802690606943169653858913,-194228,54,100,100,0,True
1732990319,21302200,4802690606943169653858913,-194228,54,100,100,0,True
1732990331,21302201,4802690606943169653858913,-194228,54,100,100,0,True
1732990343,21302202,4802690606943169653858913,-194228,54,100,100,0,True
1732990355,21302203,4802690606943169653858913,-194228,54,100,100,0,True
1732990367,21302204,4802690606943169653858913,-194228,54,100,100,0,True
1732990379,21302205,4802690606943169653858913,-194228,54,100,100,0,True
1732990391,21302206,4802690606943169653858913,-194228,54,100,100,0,True
1732990403,21302207,4802690606943169653858913,-194228,54,100,100,0,True
1732990415,21302208,4802690606943169653858913,-194228,54,100,100,0,True
1732990427,21302209,4802690606943169653858913,-194228,54,100,100,0,True
1732990439,21302210,4802690606943169653858913,-194228,54,100,100,0,True
1732990451,21302211,4802690606943169653858913,-194228,54,100,100,0,True
1732990463,21302212,4802690606943169653858913,-194228,54,100,100,0,True
1732990475,21302213,4802690606943169653858913,-194228,54,100,100,0,True
1732990487,21302214,4802690606943169653858913,-194228,54,100,100,0,True
1732990499,21302215,4802690606943169653858913,-194228,54,100,100,0,True
1732990511,21302216,4802690606943169653858913,-194228,54,100,100,0,True
1732990523,21302217,4802690606943169653858913,-194228,54,100,100,0,True
1732990535,21302218,4802690606943169653858913,-194228,54,100,100,0,True
1732990547,21302219,4802690606943169653858913,-194228,54,100,100,0,True
1732990559,21302220,4802690606943169653858913,-194228,54,100,100,0,True
1732990571,21302221,4802690606943169653858913,-194228,54,100,100,0,True
1732990583,21302222,4802690606943169653858913,-194228,54,100,100,0,True
1732990595,21302223,4802690606943169653858913,-194228,54,100,100,0,True
1732990607,21302224,4802689637404558909773463,-194228,54,100,100,0,True
1732990619,21302225,4802689637404558909773463,-194228,54,100,100,0,True
1732990631,21302226,4802689637404558909773463,-194228,54,100,100,0,True
1732990643,21302227,4802689637404558909773463,-194228,54,100,100,0,True
1732990655,21302228,4802689637404558909773463,-194228,54,100,100,0,True
1732990667,21302229,4802689637404558909773463,-194228,54,100,100,0,True
1732990679,21302230,4802689637404558909773463,-194228,54,100,100,0,True
1732990691,21302231,4802689637404558909773463,-194228,54,100,100,0,True
1732990703,21302232,4802689637404558909773463,-194228,54,100,100,0,True
1732990715,21302233,4802689637404558909773463,-194228,54,100,100,0,True
1732990727,21302234,4802689637404558909773463,-194228,54,100,100,0,True
1732990739,21302235,4802689637404558909773463,-194228,54,100,100,0,True
1732990751,21302236,4802689637404558909773463,-194228,54,100,100,0,True
1732990763,21302237,4802689637404558909773463,-194228,54,100,100,0,True
1732990775,21302238,4802689637404558909773463,-194228,54,100,100,0,True
1732990787,21302239,4802689637404558909773463,-194228,54,100,100,0,True
1732990799,21302240,4802689637404558909773463,-194228,54,100,100,0,True
1732990811,21302241,4802689637404558909773463,-194228,54,100,100,0,True
1732990823,21302242,4802689637404558909773463,-194228,54,100,100,0,True
1732990835,21302243,4802689637404558909773463,-194228,54,100,100,0,True
1732990847,21302244,4802689637404558909773463,-194228,54,100,100,0,True
1732990859,21302245,4802689637404558909773463,-194228,54,100,100,0,True
1732990871,21302246,4802689637404558909773463,-194228,54,100,100,0,True
1732990883,21302247,4802689637404558909773463,-194228,54,100,100,0,True
1732990895,21302248,4802689637404558909773463,-194228,54,100,100,0,True
1732990907,21302249,4802689637404558909773463,-194228,54,100,100,0,True
1732990919,21302250,4802689637404558909773463,-194228,54,100,100,0,True
1732990931,21302251,4802689637404558909773463,-194228,54,100,100,0,True
1732990943,21302252,4802689637404558909773463,-194228,54,100,100,0,True
1732990955,21302253,4802689637404558909773463,-194228,54,100,100,0,True
1732990967,21302254,4802689637404558909773463,-194228,54,100,100,0,True
1732990979,21302255,4802689637404558909773463,-194228,54,100,100,0,True
1732990991,21302256,4802689637404558909773463,-194228,54,100,100,0,True
1732991003,21302257,4802689637404558909773463,-194228,54,100,100,0,True
1732991015,21302258,4802689637404558909773463,-194228,54,100,100,0,True
1732991027,21302259,4802689637404558909773463,-194228,54,100,100,0,True
1732991039,21302260,4802689637404558909773463,-194228,54,100,100,0,True
1732991051,21302261,4802689637404558909773463,-194228,54,100,100,0,True
1732991063,21302262,4802689637404558909773463,-194228,54,100,100,0,True
1732991075,21302263,4802689637404558909773463,-194228,54,100,100,0,True
1732991087,21302264,4802689637404558909773463,-194228,54,100,100,0,True
1732991099,21302265,4802689637404558909773463,-194228,54,100,100,0,True
1732991111,21302266,4802701329890095668035530,-194228,54,100,100,0,True
1732991123,21302267,4802701329890095668035530,-194228,54,100,100,0,True
1732991135,21302268,4802701329890095668035530,-194228,54,100,100,0,True
1732991147,21302269,4802701329890095668035530,-194228,54,100,100,0,True
1732991159,21302270,4802701329890095668035530,-194228,54,100,100,0,True
1732991171,21302271,4802704791613070144463445,-194228,54,100,100,0,True
1732991183,21302272,4802704791613070144463445,-194228,54,100,100,0,True
1732991195,21302273,4802704791613070144463445,-194228,54,100,100,0,True
1732991207,21302274,4802704791613070144463445,-194228,54,100,100,0,True
1732991219,21302275,4802704791613070144463445,-194228,54,100,100,0,True
1732991231,21302276,4802704791613070144463445,-194228,54,100,100,0,True
1732991243,21302277,4802704791613070144463445,-194228,54,100,100,0,True
1732991255,21302278,4802704791613070144463445,-194228,54,100,100,0,True
1732991267,21302279,4802704791613070144463445,-194228,54,100,100,0,True
1732991279,21302280,4802704791613070144463445,-194228,54,100,100,0,True
1732991291,21302281,4802704791613070144463445,-194228,54,100,100,0,True
1732991303,21302282,4802704791613070144463445,-194228,54,100,100,0,True
1732991315,21302283,4802704791613070144463445,-194228,54,100,100,0,True
1732991327,21302284,4802704791613070144463445,-194228,54,100,100,0,True
1732991339,21302285,4802704791613070144463445,-194228,54,100,100,0,True
1732991351,21302286,4802704791613070144463445,-194228,54,100,100,0,True
1732991363,21302287,4802704791613070144463445,-194228,54,100,100,0,True
1732991375,21302288,4802704791613070144463445,-194228,54,100,100,0,True
1732991387,21302289,4802704791613070144463445,-194228,54,100,100,0,True
1732991399,21302290,4802704791613070144463445,-194228,54,100,100,0,True
1732991411,21302291,4802704791613070144463445,-194228,54,100,100,0,True
1732991423,21302292,4802704791613070144463445,-194228,54,100,100,0,True
1732991435,21302293,4802704791613070144463445,-194228,54,100,100,0,True
1732991447,21302294,4802704791613070144463445,-194228,54,100,100,0,True
1732991459,21302295,4802704791613070144463445,-194228,54,100,100,0,True
1732991471,21302296,4802704791613070144463445,-194228,54,100,100,0,True
1732991483,21302297,4802704791613070144463445,-194228,54,100,100,0,True
1732991495,21302298,4802704791613070144463445,-194228,54,100,100,0,True
1732991507,21302299,4802704791613070144463445,-194228,54,100,100,0,True
1732991519,21302300,4802704791613070144463445,-194228,54,100,100,0,True
1732991531,21302301,4802704791613070144463445,-194228,55,100,100,0,True
1732991543,21302302,4802704791613070144463445,-194228,55,100,100,0,True
1732991555,21302303,4802704791613070144463445,-194228,55,100,100,0,True
1732991567,21302304,4802704791613070144463445,-194228,55,100,100,0,True
1732991579,21302305,4802704791613070144463445,-194228,55,100,100,0,True
1732991591,21302306,4802704791613070144463445,-194228,55,100,100,0,True
1732991603,21302307,4802704791613070144463445,-194228,55,100,100,0,True
1732991615,21302308,4802704791613070144463445,-194228,55,100,100,0,True
1732991627,21302309,4802704791613070144463445,-194228,55,100,100,0,True
1732991639,21302310,4802704791613070144463445,-194228,55,100,100,0,True
1732991651,21302311,4802704791613070144463445,-194228,55,100,100,0,True
1732991663,21302312,4802704791613070144463445,-194228,55,100,100,0,True
1732991675,21302313,4802704791613070144463445,-194228,55,100,100,0,True
1732991687,21302314,4802704791613070144463445,-194228,55,100,100,0,True
1732991699,21302315,4802704791613070144463445,-194228,55,100,100,0,True
1732991711,21302316,4802704791613070144463445,-194228,55,100,100,0,True
1732991723,21302317,4802704791613070144463445,-194228,55,100,100,0,True
1732991735,21302318,4802704791613070144463445,-194228,55,100,100,0,True
1732991747,21302319,4802704791613070144463445,-194228,55,100,100,0,True
1732991759,21302320,4802704791613070144463445,-194228,55,100,100,0,True
1732991771,21302321,4802704791613070144463445,-194228,55,100,100,0,True
1732991783,21302322,4802704791613070144463445,-194228,55,100,100,0,True
1732991795,21302323,4802704791613070144463445,-194228,55,100,100,0,True
1732991807,21302324,4802704791613070144463445,-194228,55,100,100,0,True
1732991819,21302325,4802704791613070144463445,-194228,55,100,100,0,True
1732991831,21302326,4802704791613070144463445,-194228,55,100,100,0,True
1732991843,21302327,4802704791613070144463445,-194228,55,100,100,0,True
1732991855,21302328,4802704791613070144463445,-194228,55,100,100,0,True
1732991867,21302329,4802704791613070144463445,-194228,55,100,100,0,True
1732991879,21302330,4802704791613070144463445,-194228,55,100,100,0,True
1732991891,21302331,4802704791613070144463445,-194228,55,100,100,0,True
1732991903,21302332,4802704791613070144463445,-194228,55,100,100,0,True
1732991915,21302333,4802704791613070144463445,-194228,55,100,100,0,True
1732991927,21302334,4802704791613070144463445,-194228,55,100,100,0,True
1732991939,21302335,4802704791613070144463445,-194228,55,100,100,0,True
1732991951,21302336,4802704791613070144463445,-194228,55,100,100,0,True
1732991963,21302337,4802704791613070144463445,-194228,55,100,100,0,True
1732991975,21302338,4802704791613070144463445,-194228,55,100,100,0,True
1732991987,21302339,4802704791613070144463445,-194228,55,100,100,0,True
1732991999,21302340,4802704791613070144463445,-194228,55,100,100,0,True
1732992011,21302341,4802704791613070144463445,-194228,55,100,100,0,True
1732992023,21302342,4802704791613070144463445,-194228,55,100,100,0,True
1732992035,21302343,4802704791613070144463445,-194228,55,100,100,0,True
1732992047,21302344,4802704791613070144463445,-194228,55,100,100,0,True
1732992059,21302345,4802704791613070144463445,-194228,55,100,100,0,True
1732992071,21302346,4802692159538859620542637,-194228,55,100,100,0,True
1732992083,21302347,4802692159538859620542637,-194228,55,100,100,0,True
1732992095,21302348,4802692159538859620542637,-194228,55,100,100,0,True
1732992107,21302349,4802692159538859620542637,-194228,55,100,100,0,True
1732992119,21302350,4802692159538859620542637,-194228,55,100,100,0,True
1732992131,21302351,4802692159538859620542637,-194228,55,100,100,0,True
1732992143,21302352,4802692159538859620542637,-194228,55,100,100,0,True
1732992155,21302353,4802692159538859620542637,-194228,55,100,100,0,True
1732992167,21302354,4802692159538859620542637,-194228,55,100,100,0,True
1732992179,21302355,4802692159538859620542637,-194228,55,100,100,0,True
1732992191,21302356,4802692159538859620542637,-194228,55,100,100,0,True
1732992203,21302357,4802692159538859620542637,-194228,55,100,100,0,True
1732992215,21302358,4802692159538859620542637,-194228,55,100,100,0,True
1732992227,21302359,4802692159538859620542637,-194228,55,100,100,0,True
1732992239,21302360,4802692159538859620542637,-194228,55,100,100,0,True
1732992251,21302361,4802692159538859620542637,-194228,55,100,100,0,True
1732992263,21302362,4802692159538859620542637,-194228,55,100,100,0,True
1732992275,21302363,4802692159538859620542637,-194228,55,100,100,0,True
1732992287,21302364,4802692159538859620542637,-194228,55,100,100,0,True
1732992299,21302365,4802692159538859620542637,-194228,55,100,100,0,True
1732992311,21302366,4802692159538859620542637,-194228,55,100,100,0,True
1732992323,21302367,4802692159538859620542637,-194228,55,100,100,0,True
1732992335,21302368,4802692159538859620542637,-194228,55,100,100,0,True
1732992347,21302369,4802692159538859620542637,-194228,55,100,100,0,True
1732992359,21302370,4802692159538859620542637,-194228,55,100,100,0,True
1732992371,21302371,4802692159538859620542637,-194228,55,100,100,0,True
1732992383,21302372,4802692159538859620542637,-194228,55,100,100,0,True
1732992395,21302373,4802692159538859620542637,-194228,55,100,100,0,True
1732992407,21302374,4802692159538859620542637,-194228,55,100,100,0,True
1732992419,21302375,4802692159538859620542637,-194228,55,100,100,0,True
1732992431,21302376,4802692159538859620542637,-194228,55,100,100,0,True
1732992443,21302377,4802692159538859620542637,-194228,55,100,100,0,True
1732992455,21302378,4802692159538859620542637,-194228,55,100,100,0,True
1732992467,21302379,4802692159538859620542637,-194228,55,100,100,0,True
1732992479,21302380,4802692159538859620542637,-194228,55,100,100,0,True
1732992491,21302381,4802692159538859620542637,-194228,55,100,100,0,True
1732992503,21302382,4802692159538859620542637,-194228,55,100,100,0,True
1732992515,21302383,4802692159538859620542637,-194228,55,100,100,0,True
1732992527,21302384,4802692159538859620542637,-194228,55,100,100,0,True
1732992539,21302385,4802692159538859620542637,-194228,55,100,100,0,True
1732992551,21302386,4802692159538859620542637,-194228,55,100,100,0,True
1732992563,21302387,4802692159538859620542637,-194228,55,100,100,0,True
1732992575,21302388,4802692159538859620542637,-194228,55,100,100,0,True
1732992587,21302389,4802692159538859620542637,-194228,55,100,100,0,True
1732992599,21302390,4802692159538859620542637,-194228,55,100,100,0,True
1732992611,21302391,4802692159538859620542637,-194228,55,100,100,0,True
1732992623,21302392,4802692159538859620542637,-194228,55,100,100,0,True
1732992635,21302393,4802692159538859620542637,-194228,55,100,100,0,True
1732992647,21302394,4802692159538859620542637,-194228,55,100,100,0,True
1732992659,21302395,4802692159538859620542637,-194228,55,100,100,0,True
1732992671,21302396,4802692159538859620542637,-194228,55,100,100,0,True
1732992683,21302397,4802692159538859620542637,-194228,55,100,100,0,True
1732992695,21302398,4802677522021388347017610,-194228,55,100,100,0,True
1732992707,21302399,4802677522021388347017610,-194228,55,100,100,0,True
1732992719,21302400,4802677522021388347017610,-194228,55,100,100,0,True
1732992731,21302401,4802677522021388347017610,-194228,55,100,100,0,True
1732992743,21302402,4802677522021388347017610,-194228,55,100,100,0,True
1732992755,21302403,4802677522021388347017610,-194228,55,100,100,0,True
1732992767,21302404,4802677522021388347017610,-194228,55,100,100,0,True
1732992779,21302405,4802677522021388347017610,-194228,55,100,100,0,True
1732992791,21302406,4802677522021388347017610,-194228,55,100,100,0,True
1732992803,21302407,4802677522021388347017610,-194228,55,100,100,0,True
1732992815,21302408,4802677522021388347017610,-194228,55,100,100,0,True
1732992827,21302409,4802677522021388347017610,-194228,55,100,100,0,True
1732992839,21302410,4802677522021388347017610,-194228,55,100,100,0,True
1732992851,21302411,4802677522021388347017610,-194228,55,100,100,0,True
1732992863,21302412,4802663045311095345817830,-194229,56,100,100,0,True
1732992875,21302413,4802663994401531856008676,-194229,56,100,100,0,True
1732992887,21302414,4802663994401531856008676,-194229,56,100,100,0,True
1732992899,21302415,4802663994401531856008676,-194229,56,100,100,0,True
1732992911,21302416,4802663994401531856008676,-194229,56,100,100,0,True
1732992923,21302417,4802663994401531856008676,-194229,56,100,100,0,True
1732992935,21302418,4802663994401531856008676,-194229,56,100,100,0,True
1732992947,21302419,4802663994401531856008676,-194229,56,100,100,0,True
1732992959,21302420,4802663994401531856008676,-194229,56,100,100,0,True
1732992971,21302421,4802663994401531856008676,-194229,56,100,100,0,True
1732992983,21302422,4802663994401531856008676,-194229,56,100,100,0,True
1732992995,21302423,4802663994401531856008676,-194229,56,100,100,0,True
1732993007,21302424,4802663994401531856008676,-194229,56,100,100,0,True
1732993019,21302425,4802663994401531856008676,-194229,56,100,100,0,True
1732993031,21302426,4802651819074977494776371,-194229,56,100,100,0,True
1732993043,21302427,4802651819074977494776371,-194229,56,100,100,0,True
1732993055,21302428,4802651819074977494776371,-194229,56,100,100,0,True
1732993067,21302429,4802651819074977494776371,-194229,57,100,100,0,True
1732993079,21302430,4802651819074977494776371,-194229,57,100,100,0,True
1732993091,21302431,4802651819074977494776371,-194229,57,100,100,0,True
1732993103,21302432,4802651819074977494776371,-194229,57,100,100,0,True
1732993115,21302433,4802651819074977494776371,-194229,57,100,100,0,True
1732993127,21302434,4802651819074977494776371,-194229,57,100,100,0,True
1732993139,21302435,4802652072400574951887075,-194229,57,100,100,0,True
1732993151,21302436,4802652072400574951887075,-194229,57,100,100,0,True
1732993163,21302437,4802652072400574951887075,-194229,57,100,100,0,True
1732993175,21302438,4802652072400574951887075,-194229,57,100,100,0,True
1732993187,21302439,4802652072400574951887075,-194229,57,100,100,0,True
1732993199,21302440,4802652072400574951887075,-194229,57,100,100,0,True
1732993211,21302441,4802652072400574951887075,-194229,57,100,100,0,True
1732993223,21302442,4802652072400574951887075,-194229,57,100,100,0,True
1732993235,21302443,4802652146200749671384932,-194229,57,100,100,0,True
1732993247,21302444,4802652146200749671384932,-194229,57,100,100,0,True
1732993259,21302445,4802652146200749671384932,-194229,57,100,100,0,True
1732993271,21302446,4802652146200749671384932,-194229,57,100,100,0,True
1732993283,21302447,4802652146200749671384932,-194229,57,100,100,0,True
1732993295,21302448,4802652146200749671384932,-194229,57,100,100,0,True
1732993307,21302449,4802652146200749671384932,-194229,57,100,100,0,True
1732993319,21302450,4802652146200749671384932,-194229,57,100,100,0,True
1732993331,21302451,4802652146200749671384932,-194229,57,100,100,0,True
1732993343,21302452,4802652146200749671384932,-194229,57,100,100,0,True
1732993355,21302453,4802652146200749671384932,-194229,57,100,100,0,True
1732993367,21302454,4802652146200749671384932,-194229,57,100,100,0,True
1732993379,21302455,4802652146200749671384932,-194229,57,100,100,0,True
1732993391,21302456,4802652146200749671384932,-194229,57,100,100,0,True
1732993403,21302457,4802652146200749671384932,-194229,57,100,100,0,True
1732993415,21302458,4802652146200749671384932,-194229,57,100,100,0,True
1732993427,21302459,4802652146200749671384932,-194229,57,100,100,0,True
1732993439,21302460,4802652146200749671384932,-194229,57,100,100,0,True
1732993451,21302461,4802652146200749671384932,-194229,57,100,100,0,True
1732993463,21302462,4802652146200749671384932,-194229,57,100,100,0,True
1732993475,21302463,4802652146200749671384932,-194229,57,100,100,0,True
1732993487,21302464,4802652146200749671384932,-194229,57,100,100,0,True
1732993499,21302465,4802652146200749671384932,-194229,57,100,100,0,True
1732993511,21302466,4802652146200749671384932,-194229,57,100,100,0,True
1732993523,21302467,4802652146200749671384932,-194229,57,100,100,0,True
1732993535,21302468,4802652146200749671384932,-194229,57,100,100,0,True
1732993547,21302469,4802652146200749671384932,-194229,57,100,100,0,True
1732993559,21302470,4802652146200749671384932,-194229,57,100,100,0,True
1732993571,21302471,4802652146200749671384932,-194229,57,100,100,0,True
1732993583,21302472,4802652146200749671384932,-194229,57,100,100,0,True
1732993595,21302473,4802652146200749671384932,-194229,57,100,100,0,True
1732993607,21302474,4802652146200749671384932,-194229,57,100,100,0,True
1732993619,21302475,4802652146200749671384932,-194229,57,100,100,0,True
1732993631,21302476,4802652146200749671384932,-194229,57,100,100,0,True
1732993643,21302477,4802652146200749671384932,-194229,57,100,100,0,True
1732993655,21302478,4802652146200749671384932,-194229,57,100,100,0,True
1732993667,21302479,4802652146200749671384932,-194229,57,100,100,0,True
1732993679,21302480,4802652146200749671384932,-194229,57,100,100,0,True
1732993691,21302481,4802652146200749671384932,-194229,57,100,100,0,True
1732993703,21302482,4802652146200749671384932,-194229,57,100,100,0,True
1732993715,21302483,4802652146200749671384932,-194229,57,100,100,0,True
1732993727,21302484,4802652146200749671384932,-194229,57,100,100,0,True
1732993739,21302485,4802652146200749671384932,-194229,57,100,100,0,True
1732993751,21302486,4802652146200749671384932,-194229,57,100,100,0,True
1732993763,21302487,4802652146200749671384932,-194229,57,100,100,0,True
1732993775,21302488,4802652146200749671384932,-194229,57,100,100,0,True
1732993787,21302489,4802652146200749671384932,-194229,57,100,100,0,True
1732993799,21302490,4802652146200749671384932,-194229,57,100,100,0,True
1732993811,21302491,4802652146200749671384932,-194229,57,100,100,0,True
1732993835,21302492,4802652146200749671384932,-194229,57,100,100,0,True
1732993847,21302493,4802652146200749671384932,-194229,57,100,100,0,True
1732993859,21302494,4802652146200749671384932,-194229,57,100,100,0,True
1732993871,21302495,4802652146200749671384932,-194229,57,100,100,0,True
1732993883,21302496,4802652146200749671384932,-194229,57,100,100,0,True
1732993895,21302497,4802652146200749671384932,-194229,57,100,100,0,True
1732993907,21302498,4802652146200749671384932,-194229,57,100,100,0,True
1732993919,21302499,4802652146200749671384932,-194229,57,100,100,0,True
1732993931,21302500,4802652146200749671384932,-194229,57,100,100,0,True
1732993943,21302501,4802652146200749671384932,-194229,57,100,100,0,True
1732993955,21302502,4802652146200749671384932,-194229,57,100,100,0,True
1732993967,21302503,4802652146200749671384932,-194229,57,100,100,0,True
1732993979,21302504,4802652146200749671384932,-194229,57,100,100,0,True
1732993991,21302505,4802652146200749671384932,-194229,57,100,100,0,True
1732994003,21302506,4802652146200749671384932,-194229,57,100,100,0,True
1732994015,21302507,4802652146200749671384932,-194229,57,100,100,0,True
1732994027,21302508,4802652146200749671384932,-194229,57,100,100,0,True
1732994039,21302509,4802652146200749671384932,-194229,57,100,100,0,True
1732994051,21302510,4802652146200749671384932,-194229,57,100,100,0,True
1732994063,21302511,4802652146200749671384932,-194229,57,100,100,0,True
1732994075,21302512,4802652146200749671384932,-194229,57,100,100,0,True
1732994087,21302513,4802652146200749671384932,-194229,57,100,100,0,True
1732994099,21302514,4802652146200749671384932,-194229,57,100,100,0,True
1732994111,21302515,4802652146200749671384932,-194229,57,100,100,0,True
1732994123,21302516,4802652146200749671384932,-194229,57,100,100,0,True
1732994135,21302517,4802652146200749671384932,-194229,57,100,100,0,True
1732994147,21302518,4802652146200749671384932,-194229,57,100,100,0,True
1732994159,21302519,4802652146200749671384932,-194229,57,100,100,0,True
1732994171,21302520,4802652146200749671384932,-194229,57,100,100,0,True
1732994183,21302521,4802652146200749671384932,-194229,57,100,100,0,True
1732994195,21302522,4802652146200749671384932,-194229,57,100,100,0,True
1732994207,21302523,4802652146200749671384932,-194229,57,100,100,0,True
1732994219,21302524,4802652146200749671384932,-194229,57,100,100,0,True
1732994231,21302525,4802652146200749671384932,-194229,57,100,100,0,True
1732994243,21302526,4802652146200749671384932,-194229,57,100,100,0,True
1732994255,21302527,4802652146200749671384932,-194229,57,100,100,0,True
1732994267,21302528,4802652146200749671384932,-194229,57,100,100,0,True
1732994279,21302529,4802652146200749671384932,-194229,57,100,100,0,True
1732994291,21302530,4802652146200749671384932,-194229,57,100,100,0,True
1732994303,21302531,4802640297710419170055384,-194229,57,100,100,0,True
1732994315,21302532,4802640297710419170055384,-194229,57,100,100,0,True
1732994327,21302533,4802640297710419170055384,-194229,57,100,100,0,True
1732994339,21302534,4802640297710419170055384,-194229,57,100,100,0,True
1732994351,21302535,4802640297710419170055384,-194229,57,100,100,0,True
1732994363,21302536,4802640297710419170055384,-194229,57,100,100,0,True
1732994375,21302537,4802640297710419170055384,-194229,57,100,100,0,True
1732994387,21302538,4802640297710419170055384,-194229,57,100,100,0,True
1732994399,21302539,4802640297710419170055384,-194229,57,100,100,0,True
1732994411,21302540,4802640297710419170055384,-194229,57,100,100,0,True
1732994423,21302541,4802640297710419170055384,-194229,57,100,100,0,True
1732994435,21302542,4802648400994584439087915,-194229,57,100,100,0,True
1732994447,21302543,4802648400994584439087915,-194229,57,100,100,0,True
1732994459,21302544,4802648400994584439087915,-194229,57,100,100,0,True
1732994471,21302545,4802648400994584439087915,-194229,57,100,100,0,True
1732994483,21302546,4802648400994584439087915,-194229,57,100,100,0,True
1732994495,21302547,4802648400994584439087915,-194229,57,100,100,0,True
1732994507,21302548,4802648400994584439087915,-194229,57,100,100,0,True
1732994519,21302549,4802648400994584439087915,-194229,57,100,100,0,True
1732994531,21302550,4802648400994584439087915,-194229,57,100,100,0,True
1732994543,21302551,4802648400994584439087915,-194229,57,100,100,0,True
1732994555,21302552,4802648400994584439087915,-194229,57,100,100,0,True
1732994567,21302553,4802648400994584439087915,-194229,57,100,100,0,True
1732994579,21302554,4802648400994584439087915,-194229,57,100,100,0,True
1732994591,21302555,4802648400994584439087915,-194229,57,100,100,0,True
1732994603,21302556,4802648400994584439087915,-194229,57,100,100,0,True
1732994615,21302557,4802648400994584439087915,-194229,57,100,100,0,True
1732994627,21302558,4802648400994584439087915,-194229,57,100,100,0,True
1732994651,21302559,4802648400994584439087915,-194229,57,100,100,0,True
1732994663,21302560,4802648400994584439087915,-194229,57,100,100,0,True
1732994675,21302561,4802648400994584439087915,-194229,57,100,100,0,True
1732994687,21302562,4802648400994584439087915,-194229,57,100,100,0,True
1732994699,21302563,4802648400994584439087915,-194229,57,100,100,0,True
1732994711,21302564,4802648400994584439087915,-194229,57,100,100,0,True
1732994723,21302565,4802648400994584439087915,-194229,57,100,100,0,True
1732994735,21302566,4802648400994584439087915,-194229,57,100,100,0,True
1732994747,21302567,4802648400994584439087915,-194229,57,100,100,0,True
1732994759,21302568,4802648400994584439087915,-194229,57,100,100,0,True
1732994771,21302569,4802648400994584439087915,-194229,57,100,100,0,True
1732994783,21302570,4802648400994584439087915,-194229,57,100,100,0,True
1732994795,21302571,4802648400994584439087915,-194229,57,100,100,0,True
1732994807,21302572,4802648400994584439087915,-194229,57,100,100,0,True
1732994819,21302573,4802648400994584439087915,-194229,58,100,100,0,True
1732994831,21302574,4802648400994584439087915,-194229,58,100,100,0,True
1732994843,21302575,4802648400994584439087915,-194229,58,100,100,0,True
1732994855,21302576,4802648400994584439087915,-194229,58,100,100,0,True
1732994867,21302577,4802648400994584439087915,-194229,58,100,100,0,True
1732994879,21302578,4802648400994584439087915,-194229,58,100,100,0,True
1732994891,21302579,4802648400994584439087915,-194229,58,100,100,0,True
1732994903,21302580,4802648400994584439087915,-194229,58,100,100,0,True
1732994915,21302581,4802648400994584439087915,-194229,58,100,100,0,True
1732994927,21302582,4802648400994584439087915,-194229,58,100,100,0,True
1732994939,21302583,4802648400994584439087915,-194229,58,100,100,0,True
1732994951,21302584,4802648400994584439087915,-194229,58,100,100,0,True
1732994963,21302585,4802648400994584439087915,-194229,59,100,100,0,True
1732994975,21302586,4802648400994584439087915,-194229,59,100,100,0,True
1732994987,21302587,4802648400994584439087915,-194229,59,100,100,0,True
1732994999,21302588,4802648400994584439087915,-194229,59,100,100,0,True
1732995011,21302589,4802648400994584439087915,-194229,59,100,100,0,True
1732995023,21302590,4802648400994584439087915,-194229,59,100,100,0,True
1732995035,21302591,4802648400994584439087915,-194229,59,100,100,0,True
1732995047,21302592,4802648400994584439087915,-194229,59,100,100,0,True
1732995059,21302593,4802648400994584439087915,-194229,59,100,100,0,True
1732995071,21302594,4802648400994584439087915,-194229,59,100,100,0,True
1732995083,21302595,4802648400994584439087915,-194229,59,100,100,0,True
1732995095,21302596,4802648400994584439087915,-194229,59,100,100,0,True
1732995107,21302597,4802648400994584439087915,-194229,59,100,100,0,True
1732995119,21302598,4802648400994584439087915,-194229,59,100,100,0,True
1732995131,21302599,4802648400994584439087915,-194229,59,100,100,0,True
1732995143,21302600,4802648400994584439087915,-194229,59,100,100,0,True
1732995155,21302601,4802648400994584439087915,-194229,59,100,100,0,True
1732995167,21302602,4802648400994584439087915,-194229,59,100,100,0,True
1732995179,21302603,4802648400994584439087915,-194229,59,100,100,0,True
1732995191,21302604,4802648400994584439087915,-194229,59,100,100,0,True
1732995203,21302605,4802648400994584439087915,-194229,59,100,100,0,True
1732995215,21302606,4802648400994584439087915,-194229,59,100,100,0,True
1732995227,21302607,4802648400994584439087915,-194229,59,100,100,0,True
1732995239,21302608,4802648400994584439087915,-194229,59,100,100,0,True
1732995251,21302609,4802648400994584439087915,-194229,59,100,100,0,True
1732995263,21302610,4802648400994584439087915,-194229,59,100,100,0,True
1732995275,21302611,4802648400994584439087915,-194229,59,100,100,0,True
1732995287,21302612,4802648400994584439087915,-194229,59,100,100,0,True
1732995299,21302613,4802648400994584439087915,-194229,59,100,100,0,True
1732995311,21302614,4802648400994584439087915,-194229,59,100,100,0,True
1732995323,21302615,4802648400994584439087915,-194229,59,100,100,0,True
1732995335,21302616,4802648400994584439087915,-194229,59,100,100,0,True
1732995347,21302617,4802648400994584439087915,-194229,59,100,100,0,True
1732995359,21302618,4802648400994584439087915,-194229,59,100,100,0,True
1732995371,21302619,4802648400994584439087915,-194229,59,100,100,0,True
1732995383,21302620,4802648400994584439087915,-194229,59,100,100,0,True
1732995395,21302621,4802648400994584439087915,-194229,59,100,100,0,True
1732995407,21302622,4802648400994584439087915,-194229,59,100,100,0,True
1732995419,21302623,4802648400994584439087915,-194229,59,100,100,0,True
1732995431,21302624,4802648400994584439087915,-194229,59,100,100,0,True
1732995443,21302625,4802648400994584439087915,-194229,59,100,100,0,True
1732995455,21302626,4802648400994584439087915,-194229,59,100,100,0,True
1732995467,21302627,4802648400994584439087915,-194229,59,100,100,0,True
1732995479,21302628,4802648400994584439087915,-194229,59,100,100,0,True
1732995491,21302629,4802648400994584439087915,-194229,59,100,100,0,True
1732995503,21302630,4802648400994584439087915,-194229,59,100,100,0,True
1732995515,21302631,4802648400994584439087915,-194229,59,100,100,0,True
1732995527,21302632,4803768377411558488197786,-194224,60,100,100,0,True
1732995539,21302633,4803768377411558488197786,-194224,60,100,100,0,True
1732995551,21302634,4805363119371509326110018,-194217,61,100,100,0,True
1732995563,21302635,4805363119371509326110018,-194217,61,100,100,0,True
1732995575,21302636,4805363119371509326110018,-194217,61,100,100,0,True
1732995587,21302637,4805363119371509326110018,-194217,61,100,100,0,True
1732995599,21302638,4805363119371509326110018,-194217,61,100,100,0,True
1732995611,21302639,4805363119371509326110018,-194217,61,100,100,0,True
1732995623,21302640,4805363119371509326110018,-194217,61,100,100,0,True
1732995635,21302641,4805363119371509326110018,-194217,61,100,100,0,True
1732995647,21302642,4805363119371509326110018,-194217,61,100,100,0,True
1732995659,21302643,4805363119371509326110018,-194217,61,100,100,0,True
1732995671,21302644,4805363119371509326110018,-194217,61,100,100,0,True
1732995683,21302645,4806594235226100634484736,-194212,62,100,100,0,True
1732995695,21302646,4806594235226100634484736,-194212,62,100,100,0,True
1732995707,21302647,4806594235226100634484736,-194212,62,100,100,0,True
1732995719,21302648,4806594235226100634484736,-194212,62,100,100,0,True
1732995731,21302649,4806594235226100634484736,-194212,62,100,100,0,True
1732995743,21302650,4807078539363477018968399,-194210,63,100,100,0,True
1732995755,21302651,4807078539363477018968399,-194210,63,100,100,0,True
1732995767,21302652,4807078539363477018968399,-194210,63,100,100,0,True
1732995779,21302653,4807078539363477018968399,-194210,63,100,100,0,True
1732995791,21302654,4807822448775981048649530,-194207,64,100,100,0,True
1732995803,21302655,4807822448775981048649530,-194207,64,100,100,0,True
1732995815,21302656,4809433850082680205872596,-194200,65,100,100,0,True
1732995827,21302657,4809433850082680205872596,-194200,65,100,100,0,True
1732995839,21302658,4809433850082680205872596,-194200,65,100,100,0,True
1732995851,21302659,4809433850082680205872596,-194200,65,100,100,0,True
1732995863,21302660,4809433850082680205872596,-194200,65,100,100,0,True
1732995875,21302661,4809433850082680205872596,-194200,65,100,100,0,True
1732995887,21302662,4809456665617687559781873,-194200,65,100,100,0,True
1732995899,21302663,4809456665617687559781873,-194200,65,100,100,0,True
1732995911,21302664,4809456665617687559781873,-194200,65,100,100,0,True
1732995923,21302665,4809456665617687559781873,-194200,65,100,100,0,True
1732995935,21302666,4809456665617687559781873,-194200,65,100,100,0,True
1732995947,21302667,4809456665617687559781873,-194200,65,100,100,0,True
1732995959,21302668,4809456665617687559781873,-194200,65,100,100,0,True
1732995971,21302669,4809456665617687559781873,-194200,65,100,100,0,True
1732995983,21302670,4809456665617687559781873,-194200,65,100,100,0,True
1732995995,21302671,4809456665617687559781873,-194200,65,100,100,0,True
1732996007,21302672,4809456665617687559781873,-194200,65,100,100,0,True
1732996019,21302673,4809456665617687559781873,-194200,65,100,100,0,True
1732996031,21302674,4809456665617687559781873,-194200,65,100,100,0,True
1732996043,21302675,4809456665617687559781873,-194200,65,100,100,0,True
1732996055,21302676,4809456665617687559781873,-194200,65,100,100,0,True
1732996067,21302677,4809456665617687559781873,-194200,65,100,100,0,True
1732996079,21302678,4809456665617687559781873,-194200,65,100,100,0,True
1732996091,21302679,4809456665617687559781873,-194200,65,100,100,0,True
1732996103,21302680,4809456665617687559781873,-194200,65,100,100,0,True
1732996115,21302681,4809456665617687559781873,-194200,65,100,100,0,True
1732996127,21302682,4809456665617687559781873,-194200,65,100,100,0,True
1732996139,21302683,4809456665617687559781873,-194200,65,100,100,0,True
1732996151,21302684,4809456665617687559781873,-194200,65,100,100,0,True
1732996163,21302685,4809456665617687559781873,-194200,65,100,100,0,True
1732996175,21302686,4809456665617687559781873,-194200,65,100,100,0,True
1732996187,21302687,4809456665617687559781873,-194200,65,100,100,0,True
1732996199,21302688,4809456665617687559781873,-194200,65,100,100,0,True
1732996211,21302689,4809456665617687559781873,-194200,65,100,100,0,True
1732996223,21302690,4809456665617687559781873,-194200,65,100,100,0,True
1732996235,21302691,4809456665617687559781873,-194200,65,100,100,0,True
1732996247,21302692,4809456665617687559781873,-194200,65,100,100,0,True
1732996259,21302693,4809456665617687559781873,-194200,65,100,100,0,True
1732996271,21302694,4809456665617687559781873,-194200,65,100,100,0,True
1732996283,21302695,4809456665617687559781873,-194200,65,100,100,0,True
1732996295,21302696,4809456665617687559781873,-194200,65,100,100,0,True
1732996307,21302697,4809456665617687559781873,-194200,65,100,100,0,True
1732996319,21302698,4809456665617687559781873,-194200,65,100,100,0,True
1732996331,21302699,4809456665617687559781873,-194200,65,100,100,0,True
1732996343,21302700,4809456665617687559781873,-194200,65,100,100,0,True
1732996355,21302701,4809456665617687559781873,-194200,65,100,100,0,True
1732996367,21302702,4809456665617687559781873,-194200,65,100,100,0,True
1732996379,21302703,4809456665617687559781873,-194200,65,100,100,0,True
1732996391,21302704,4809456665617687559781873,-194200,65,100,100,0,True
1732996403,21302705,4809456665617687559781873,-194200,65,100,100,0,True
1732996415,21302706,4809456665617687559781873,-194200,66,100,100,0,True
1732996427,21302707,4809456665617687559781873,-194200,66,100,100,0,True
1732996439,21302708,4809456665617687559781873,-194200,66,100,100,0,True
1732996451,21302709,4809456665617687559781873,-194200,66,100,100,0,True
1732996463,21302710,4809456665617687559781873,-194200,66,100,100,0,True
1732996475,21302711,4809456665617687559781873,-194200,66,100,100,0,True
1732996487,21302712,4809456665617687559781873,-194200,66,100,100,0,True
1732996499,21302713,4809456665617687559781873,-194200,66,100,100,0,True
1732996511,21302714,4809456665617687559781873,-194200,66,100,100,0,True
1732996523,21302715,4809456665617687559781873,-194200,66,100,100,0,True
1732996535,21302716,4809456665617687559781873,-194200,66,100,100,0,True
1732996547,21302717,4809456665617687559781873,-194200,66,100,100,0,True
1732996559,21302718,4809456665617687559781873,-194200,66,100,100,0,True
1732996571,21302719,4809456665617687559781873,-194200,66,100,100,0,True
1732996583,21302720,4809456665617687559781873,-194200,66,100,100,0,True
1732996595,21302721,4809456665617687559781873,-194200,66,100,100,0,True
1732996607,21302722,4809456665617687559781873,-194200,66,100,100,0,True
1732996619,21302723,4809456665617687559781873,-194200,66,100,100,0,True
1732996631,21302724,4809456665617687559781873,-194200,66,100,100,0,True
1732996643,21302725,4809456665617687559781873,-194200,66,100,100,0,True
1732996655,21302726,4809456665617687559781873,-194200,66,100,100,0,True
1732996667,21302727,4809456665617687559781873,-194200,66,100,100,0,True
1732996679,21302728,4809456665617687559781873,-194200,66,100,100,0,True
1732996691,21302729,4809456665617687559781873,-194200,66,100,100,0,True
1732996703,21302730,4809456665617687559781873,-194200,66,100,100,0,True
1732996715,21302731,4809456665617687559781873,-194200,66,100,100,0,True
1732996727,21302732,4809456665617687559781873,-194200,66,100,100,0,True
1732996739,21302733,4809456665617687559781873,-194200,66,100,100,0,True
1732996751,21302734,4809456665617687559781873,-194200,66,100,100,0,True
1732996763,21302735,4809456665617687559781873,-194200,66,100,100,0,True
1732996775,21302736,4809456665617687559781873,-194200,66,100,100,0,True
1732996787,21302737,4809456665617687559781873,-194200,66,100,100,0,True
1732996799,21302738,4809456665617687559781873,-194200,66,100,100,0,True
1732996811,21302739,4809456665617687559781873,-194200,66,100,100,0,True
1732996823,21302740,4809456665617687559781873,-194200,66,100,100,0,True
1732996835,21302741,4809456665617687559781873,-194200,66,100,100,0,True
1732996847,21302742,4809456665617687559781873,-194200,66,100,100,0,True
1732996859,21302743,4809456665617687559781873,-194200,66,100,100,0,True
1732996871,21302744,4809456665617687559781873,-194200,66,100,100,0,True
1732996883,21302745,4809456665617687559781873,-194200,66,100,100,0,True
1732996895,21302746,4809456665617687559781873,-194200,66,100,100,0,True
1732996907,21302747,4809456665617687559781873,-194200,66,100,100,0,True
1732996919,21302748,4809456665617687559781873,-194200,66,100,100,0,True
1732996931,21302749,4809447214550969905377851,-194200,66,100,100,0,True
1732996943,21302750,4809447214550969905377851,-194200,66,100,100,0,True
1732996955,21302751,4809447214550969905377851,-194200,66,100,100,0,True
1732996967,21302752,4809447214550969905377851,-194200,66,100,100,0,True
1732996979,21302753,4809447214550969905377851,-194200,66,100,100,0,True
1732996991,21302754,4809447214550969905377851,-194200,66,100,100,0,True
1732997003,21302755,4809447214550969905377851,-194200,66,100,100,0,True
1732997015,21302756,4809447214550969905377851,-194200,66,100,100,0,True
1732997027,21302757,4809447214550969905377851,-194200,66,100,100,0,True
1732997039,21302758,4809447214550969905377851,-194200,66,100,100,0,True
1732997051,21302759,4809447214550969905377851,-194200,66,100,100,0,True
1732997063,21302760,4809447214550969905377851,-194200,66,100,100,0,True
1732997075,21302761,4809447214550969905377851,-194200,66,100,100,0,True
1732997087,21302762,4809447214550969905377851,-194200,66,100,100,0,True
1732997099,21302763,4809447214550969905377851,-194200,66,100,100,0,True
1732997111,21302764,4809447214550969905377851,-194200,66,100,100,0,True
1732997123,21302765,4809447214550969905377851,-194200,66,100,100,0,True
1732997135,21302766,4809447214550969905377851,-194200,66,100,100,0,True
1732997147,21302767,4809447214550969905377851,-194200,66,100,100,0,True
1732997159,21302768,4809447214550969905377851,-194200,66,100,100,0,True
1732997171,21302769,4809447214550969905377851,-194200,66,100,100,0,True
1732997183,21302770,4809447214550969905377851,-194200,66,100,100,0,True
1732997195,21302771,4809447214550969905377851,-194200,66,100,100,0,True
1732997207,21302772,4809447214550969905377851,-194200,66,100,100,0,True
1732997219,21302773,4809447214550969905377851,-194200,66,100,100,0,True
1732997231,21302774,4809447214550969905377851,-194200,66,100,100,0,True
1732997243,21302775,4809447214550969905377851,-194200,66,100,100,0,True
1732997255,21302776,4809447214550969905377851,-194200,66,100,100,0,True
1732997267,21302777,4809447214550969905377851,-194200,66,100,100,0,True
1732997279,21302778,4809447214550969905377851,-194200,66,100,100,0,True
1732997291,21302779,4809447214550969905377851,-194200,66,100,100,0,True
1732997303,21302780,4809447214550969905377851,-194200,66,100,100,0,True
1732997315,21302781,4809447214550969905377851,-194200,66,100,100,0,True
1732997327,21302782,4809447214550969905377851,-194200,66,100,100,0,True
1732997339,21302783,4809447214550969905377851,-194200,66,100,100,0,True
1732997351,21302784,4809447214550969905377851,-194200,66,100,100,0,True
1732997363,21302785,4809447214550969905377851,-194200,66,100,100,0,True
1732997375,21302786,4809447214550969905377851,-194200,66,100,100,0,True
1732997387,21302787,4809447214550969905377851,-194200,66,100,100,0,True
1732997399,21302788,4809447214550969905377851,-194200,66,100,100,0,True
1732997411,21302789,4809447214550969905377851,-194200,66,100,100,0,True
1732997423,21302790,4809447214550969905377851,-194200,66,100,100,0,True
1732997435,21302791,4809447214550969905377851,-194200,66,100,100,0,True
1732997447,21302792,4809447214550969905377851,-194200,66,100,100,0,True
1732997459,21302793,4809447214550969905377851,-194200,66,100,100,0,True
1732997471,21302794,4809447214550969905377851,-194200,66,100,100,0,True
1732997483,21302795,4809447214550969905377851,-194200,66,100,100,0,True
1732997495,21302796,4809447214550969905377851,-194200,66,100,100,0,True
1732997507,21302797,4809447214550969905377851,-194200,66,100,100,0,True
1732997519,21302798,4809447214550969905377851,-194200,66,100,100,0,True
1732997531,21302799,4809447214550969905377851,-194200,66,100,100,0,True
1732997543,21302800,4809447214550969905377851,-194200,66,100,100,0,True
1732997555,21302801,4809447214550969905377851,-194200,66,100,100,0,True
1732997567,21302802,4809447214550969905377851,-194200,66,100,100,0,True
1732997579,21302803,4809447214550969905377851,-194200,66,100,100,0,True
1732997591,21302804,4809447214550969905377851,-194200,66,100,100,0,True
1732997603,21302805,4809447214550969905377851,-194200,66,100,100,0,True
1732997615,21302806,4809447214550969905377851,-194200,66,100,100,0,True
1732997627,21302807,4809849890887836273156674,-194199,67,100,100,0,True
1732997639,21302808,4810364708841381818666574,-194196,68,100,100,0,True
1732997651,21302809,4810364708841381818666574,-194196,68,100,100,0,True
1732997663,21302810,4810364708841381818666574,-194196,68,100,100,0,True
1732997675,21302811,4810364708841381818666574,-194196,68,100,100,0,True
1732997687,21302812,4810364708841381818666574,-194196,68,100,100,0,True
1732997699,21302813,4810364708841381818666574,-194196,68,100,100,0,True
1732997711,21302814,4810364708841381818666574,-194196,68,100,100,0,True
1732997723,21302815,4810364708841381818666574,-194196,68,100,100,0,True
1732997735,21302816,4810364708841381818666574,-194196,68,100,100,0,True
1732997747,21302817,4810364708841381818666574,-194196,68,100,100,0,True
1732997759,21302818,4810364708841381818666574,-194196,68,100,100,0,True
1732997771,21302819,4810364708841381818666574,-194196,68,100,100,0,True
1732997783,21302820,4810364708841381818666574,-194196,68,100,100,0,True
1732997795,21302821,4810364708841381818666574,-194196,68,100,100,0,True
1732997807,21302822,4810364708841381818666574,-194196,68,100,100,0,True
1732997819,21302823,4810363728845271682298703,-194196,68,100,100,0,True
1732997831,21302824,4810363728845271682298703,-194196,68,100,100,0,True
1732997843,21302825,4810363728845271682298703,-194196,68,100,100,0,True
1732997855,21302826,4810363728845271682298703,-194196,68,100,100,0,True
1732997867,21302827,4810363728845271682298703,-194196,68,100,100,0,True
1732997879,21302828,4810363728845271682298703,-194196,68,100,100,0,True
1732997891,21302829,4810363728845271682298703,-194196,68,100,100,0,True
1732997903,21302830,4810363728845271682298703,-194196,68,100,100,0,True
1732997915,21302831,4810363728845271682298703,-194196,68,100,100,0,True
1732997927,21302832,4810363728845271682298703,-194196,68,100,100,0,True
1732997939,21302833,4810363728845271682298703,-194196,68,100,100,0,True
1732997951,21302834,4810363728845271682298703,-194196,68,100,100,0,True
1732997963,21302835,4810363728845271682298703,-194196,68,100,100,0,True
1732997975,21302836,4810363728845271682298703,-194196,68,100,100,0,True
1732997987,21302837,4810363728845271682298703,-194196,68,100,100,0,True
1732997999,21302838,4810363728845271682298703,-194196,68,100,100,0,True
1732998011,21302839,4810363728845271682298703,-194196,68,100,100,0,True
1732998023,21302840,4810363728845271682298703,-194196,68,100,100,0,True
1732998035,21302841,4810363728845271682298703,-194196,68,100,100,0,True
1732998047,21302842,4810363728845271682298703,-194196,68,100,100,0,True
1732998059,21302843,4810363728845271682298703,-194196,68,100,100,0,True
1732998071,21302844,4810363728845271682298703,-194196,68,100,100,0,True
1732998083,21302845,4810363728845271682298703,-194196,68,100,100,0,True
1732998095,21302846,4810363728845271682298703,-194196,68,100,100,0,True
1732998107,21302847,4810363728845271682298703,-194196,68,100,100,0,True
1732998119,21302848,4810363728845271682298703,-194196,68,100,100,0,True
1732998131,21302849,4810363728845271682298703,-194196,68,100,100,0,True
1732998143,21302850,4810363728845271682298703,-194196,68,100,100,0,True
1732998155,21302851,4810363728845271682298703,-194196,68,100,100,0,True
1732998167,21302852,4810363728845271682298703,-194196,68,100,100,0,True
1732998179,21302853,4810363728845271682298703,-194196,68,100,100,0,True
1732998191,21302854,4810363728845271682298703,-194196,68,100,100,0,True
1732998203,21302855,4810363728845271682298703,-194196,68,100,100,0,True
1732998215,21302856,4810363728845271682298703,-194196,68,100,100,0,True
1732998227,21302857,4810363728845271682298703,-194196,68,100,100,0,True
1732998239,21302858,4810363728845271682298703,-194196,68,100,100,0,True
1732998251,21302859,4810363728845271682298703,-194196,68,100,100,0,True
1732998263,21302860,4810363728845271682298703,-194196,68,100,100,0,True
1732998275,21302861,4810363728845271682298703,-194196,68,100,100,0,True
1732998287,21302862,4810363728845271682298703,-194196,68,100,100,0,True
1732998299,21302863,4810363728845271682298703,-194196,68,100,100,0,True
1732998311,21302864,4810363728845271682298703,-194196,68,100,100,0,True
1732998323,21302865,4810363728845271682298703,-194196,68,100,100,0,True
1732998335,21302866,4810363728845271682298703,-194196,68,100,100,0,True
1732998347,21302867,4810363728845271682298703,-194196,68,100,100,0,True
1732998359,21302868,4810363728845271682298703,-194196,68,100,100,0,True
1732998371,21302869,4810363728845271682298703,-194196,68,100,100,0,True
1732998383,21302870,4810363728845271682298703,-194196,68,100,100,0,True
1732998395,21302871,4810363728845271682298703,-194196,69,100,100,0,True
1732998407,21302872,4810359132074392356610693,-194197,70,100,100,0,True
1732998419,21302873,4810359132074392356610693,-194197,70,100,100,0,True
1732998431,21302874,4810359132074392356610693,-194197,70,100,100,0,True
1732998443,21302875,4810359132074392356610693,-194197,70,100,100,0,True
1732998455,21302876,4810359132074392356610693,-194197,70,100,100,0,True
1732998467,21302877,4810359132074392356610693,-194197,70,100,100,0,True
1732998479,21302878,4810359132074392356610693,-194197,70,100,100,0,True
1732998491,21302879,4810359132074392356610693,-194197,70,100,100,0,True
1732998503,21302880,4810359132074392356610693,-194197,70,100,100,0,True
1732998515,21302881,4810359132074392356610693,-194197,70,100,100,0,True
1732998527,21302882,4810359132074392356610693,-194197,70,100,100,0,True
1732998539,21302883,4810359132074392356610693,-194197,70,100,100,0,True
1732998551,21302884,4810359132074392356610693,-194197,70,100,100,0,True
1732998563,21302885,4810359132074392356610693,-194197,70,100,100,0,True
1732998575,21302886,4810359132074392356610693,-194197,70,100,100,0,True
1732998587,21302887,4810359132074392356610693,-194197,70,100,100,0,True
1732998599,21302888,4810359132074392356610693,-194197,70,100,100,0,True
1732998611,21302889,4810359132074392356610693,-194197,70,100,100,0,True
1732998623,21302890,4810359132074392356610693,-194197,70,100,100,0,True
1732998635,21302891,4810359132074392356610693,-194197,70,100,100,0,True
1732998647,21302892,4810359132074392356610693,-194197,70,100,100,0,True
1732998659,21302893,4810359132074392356610693,-194197,70,100,100,0,True
1732998671,21302894,4810359132074392356610693,-194197,70,100,100,0,True
1732998683,21302895,4810359132074392356610693,-194197,70,100,100,0,True
1732998695,21302896,4810359132074392356610693,-194197,70,100,100,0,True
1732998707,21302897,4810359132074392356610693,-194197,70,100,100,0,True
1732998731,21302898,4810359132074392356610693,-194197,70,100,100,0,True
1732998743,21302899,4810359132074392356610693,-194197,70,100,100,0,True
1732998755,21302900,4810359132074392356610693,-194197,70,100,100,0,True
1732998767,21302901,4810359132074392356610693,-194197,70,100,100,0,True
1732998779,21302902,4810359132074392356610693,-194197,70,100,100,0,True
1732998791,21302903,4810359132074392356610693,-194197,70,100,100,0,True
1732998803,21302904,4810359132074392356610693,-194197,70,100,100,0,True
1732998815,21302905,4810359132074392356610693,-194197,70,100,100,0,True
1732998827,21302906,4810359132074392356610693,-194197,70,100,100,0,True
1732998839,21302907,4810359132074392356610693,-194197,70,100,100,0,True
1732998851,21302908,4810359132074392356610693,-194197,70,100,100,0,True
1732998863,21302909,4810359132074392356610693,-194197,70,100,100,0,True
1732998875,21302910,4811583472882250169883175,-194191,71,100,100,0,True
1732998887,21302911,4811583472882250169883175,-194191,71,100,100,0,True
1732998899,21302912,4811583472882250169883175,-194191,71,100,100,0,True
1732998911,21302913,4811597592506798469220880,-194191,71,100,100,0,True
1732998923,21302914,4811597592506798469220880,-194191,71,100,100,0,True
1732998935,21302915,4811597592506798469220880,-194191,71,100,100,0,True
1732998947,21302916,4811601360061958715760234,-194191,71,100,100,0,True
1732998959,21302917,4811601360061958715760234,-194191,71,100,100,0,True
1732998971,21302918,4811601360061958715760234,-194191,71,100,100,0,True
1732998983,21302919,4813652027700456040044465,-194183,72,100,100,0,True
1732998995,21302920,4813652027700456040044465,-194183,72,100,100,0,True
1732999007,21302921,4813652027700456040044465,-194183,72,100,100,0,True
1732999019,21302922,4813652027700456040044465,-194183,72,100,100,0,True
1732999031,21302923,4813652027700456040044465,-194183,72,100,100,0,True
1732999043,21302924,4813652027700456040044465,-194183,72,100,100,0,True
1732999055,21302925,4813652027700456040044465,-194183,72,100,100,0,True
1732999067,21302926,4813652027700456040044465,-194183,72,100,100,0,True
1732999079,21302927,4813652027700456040044465,-194183,72,100,100,0,True
1732999091,21302928,4813652027700456040044465,-194183,72,100,100,0,True
1732999103,21302929,4813652027700456040044465,-194183,72,100,100,0,True
1732999115,21302930,4813652027700456040044465,-194183,72,100,100,0,True
1732999127,21302931,4813652027700456040044465,-194183,72,100,100,0,True
1732999139,21302932,4813652027700456040044465,-194183,72,100,100,0,True
1732999151,21302933,4813652027700456040044465,-194183,72,100,100,0,True
1732999163,21302934,4813652027700456040044465,-194183,72,100,100,0,True
1732999175,21302935,4813652027700456040044465,-194183,72,100,100,0,True
1732999187,21302936,4813656950456883642236610,-194183,72,100,100,0,True
1732999199,21302937,4813656950456883642236610,-194183,73,100,100,0,True
1732999211,21302938,4813656950456883642236610,-194183,73,100,100,0,True
1732999223,21302939,4813656950456883642236610,-194183,73,100,100,0,True
1732999235,21302940,4813656950456883642236610,-194183,73,100,100,0,True
1732999247,21302941,4813656950456883642236610,-194183,73,100,100,0,True
1732999259,21302942,4813656950456883642236610,-194183,73,100,100,0,True
1732999271,21302943,4813656950456883642236610,-194183,73,100,100,0,True
1732999283,21302944,4813656950456883642236610,-194183,73,100,100,0,True
1732999295,21302945,4813647857226890520723034,-194183,73,100,100,0,True
1732999307,21302946,4813647857226890520723034,-194183,73,100,100,0,True
1732999319,21302947,4813647857226890520723034,-194183,73,100,100,0,True
1732999331,21302948,4813647857226890520723034,-194183,73,100,100,0,True
1732999343,21302949,4813647857226890520723034,-194183,73,100,100,0,True
1732999355,21302950,4813647857226890520723034,-194183,73,100,100,0,True
1732999367,21302951,4813647857226890520723034,-194183,73,100,100,0,True
1732999379,21302952,4813647857226890520723034,-194183,73,100,100,0,True
1732999391,21302953,4813647857226890520723034,-194183,73,100,100,0,True
1732999403,21302954,4813647857226890520723034,-194183,73,100,100,0,True
1732999415,21302955,4813647857226890520723034,-194183,73,100,100,0,True
1732999427,21302956,4813647857226890520723034,-194183,73,100,100,0,True
1732999439,21302957,4813647857226890520723034,-194183,73,100,100,0,True
1732999451,21302958,4813647857226890520723034,-194183,73,100,100,0,True
1732999463,21302959,4813647857226890520723034,-194183,73,100,100,0,True
1732999475,21302960,4813647857226890520723034,-194183,73,100,100,0,True
1732999487,21302961,4813647857226890520723034,-194183,73,100,100,0,True
1732999499,21302962,4813647857226890520723034,-194183,73,100,100,0,True
1732999511,21302963,4813647857226890520723034,-194183,73,100,100,0,True
1732999523,21302964,4813647857226890520723034,-194183,73,100,100,0,True
1732999535,21302965,4813647857226890520723034,-194183,73,100,100,0,True
1732999547,21302966,4813647857226890520723034,-194183,73,100,100,0,True
1732999559,21302967,4813647857226890520723034,-194183,73,100,100,0,True
1732999571,21302968,4813647857226890520723034,-194183,73,100,100,0,True
1732999583,21302969,4813647857226890520723034,-194183,73,100,100,0,True
1732999595,21302970,4813647857226890520723034,-194183,73,100,100,0,True
1732999607,21302971,4813647857226890520723034,-194183,73,100,100,0,True
1732999619,21302972,4813647857226890520723034,-194183,73,100,100,0,True
1732999631,21302973,4813647857226890520723034,-194183,73,100,100,0,True
1732999643,21302974,4813647857226890520723034,-194183,73,100,100,0,True
1732999655,21302975,4813647857226890520723034,-194183,73,100,100,0,True
1732999667,21302976,4813647857226890520723034,-194183,73,100,100,0,True
1732999679,21302977,4813647857226890520723034,-194183,73,100,100,0,True
1732999691,21302978,4813647857226890520723034,-194183,73,100,100,0,True
1732999703,21302979,4813647857226890520723034,-194183,74,100,100,0,True
1732999715,21302980,4813647857226890520723034,-194183,74,100,100,0,True
1732999727,21302981,4813647857226890520723034,-194183,74,100,100,0,True
1732999739,21302982,4813647857226890520723034,-194183,74,100,100,0,True
1732999751,21302983,4813647857226890520723034,-194183,74,100,100,0,True
1732999763,21302984,4813647857226890520723034,-194183,74,100,100,0,True
1732999775,21302985,4813647857226890520723034,-194183,74,100,100,0,True
1732999787,21302986,4813647857226890520723034,-194183,74,100,100,0,True
1732999799,21302987,4813647857226890520723034,-194183,74,100,100,0,True
1732999811,21302988,4813647857226890520723034,-194183,74,100,100,0,True
1732999823,21302989,4813647857226890520723034,-194183,74,100,100,0,True
1732999835,21302990,4814397466271238839198448,-194180,75,100,100,0,True
1732999847,21302991,4815425860693316230550740,-194175,76,100,100,0,True
1732999859,21302992,4815425860693316230550740,-194175,76,100,100,0,True
1732999871,21302993,4815425860693316230550740,-194175,76,100,100,0,True
1732999883,21302994,4817497686276053860129593,-194167,77,100,100,0,True
1732999895,21302995,4817500129094226164749129,-194167,77,100,100,0,True
1732999907,21302996,4817500129094226164749129,-194167,77,100,100,0,True
1732999919,21302997,4817500129094226164749129,-194167,77,100,100,0,True
1732999931,21302998,4817500129094226164749129,-194167,77,100,100,0,True
1732999943,21302999,4817500129094226164749129,-194167,77,100,100,0,True
1732999955,21303000,4817573413639395303335212,-194167,77,100,100,0,True
1732999967,21303001,4819648810058727103217070,-194158,78,100,100,0,True
1732999979,21303002,4819648810058727103217070,-194158,78,100,100,0,True
1733000003,21303003,4819648810058727103217070,-194158,78,100,100,0,True
1733000015,21303004,4819648810058727103217070,-194158,78,100,100,0,True
1733000027,21303005,4819648810058727103217070,-194158,78,100,100,0,True
1733000039,21303006,4819648810058727103217070,-194158,78,100,100,0,True
1733000051,21303007,4819648810058727103217070,-194158,78,100,100,0,True
1733000063,21303008,4819648810058727103217070,-194158,78,100,100,0,True
1733000075,21303009,4819648810058727103217070,-194158,78,100,100,0,True
1733000087,21303010,4819648810058727103217070,-194158,78,100,100,0,True
1733000099,21303011,4819648810058727103217070,-194158,78,100,100,0,True
1733000111,21303012,4819648810058727103217070,-194158,78,100,100,0,True
1733000123,21303013,4819648810058727103217070,-194158,78,100,100,0,True
1733000135,21303014,4819648810058727103217070,-194158,78,100,100,0,True
1733000147,21303015,4819648810058727103217070,-194158,78,100,100,0,True
1733000159,21303016,4819648810058727103217070,-194158,78,100,100,0,True
1733000171,21303017,4819648810058727103217070,-194158,78,100,100,0,True
1733000183,21303018,4819648810058727103217070,-194158,78,100,100,0,True
1733000195,21303019,4819648810058727103217070,-194158,78,100,100,0,True
1733000207,21303020,4819648810058727103217070,-194158,78,100,100,0,True
1733000219,21303021,4819648810058727103217070,-194158,78,100,100,0,True
1733000231,21303022,4819648810058727103217070,-194158,78,100,100,0,True
1733000243,21303023,4819648810058727103217070,-194158,78,100,100,0,True
1733000255,21303024,4819648810058727103217070,-194158,78,100,100,0,True
1733000267,21303025,4819648810058727103217070,-194158,78,100,100,0,True
1733000279,21303026,4819648810058727103217070,-194158,78,100,100,0,True
1733000291,21303027,4819648810058727103217070,-194158,78,100,100,0,True
1733000303,21303028,4819648810058727103217070,-194158,78,100,100,0,True
1733000315,21303029,4819648810058727103217070,-194158,78,100,100,0,True
1733000327,21303030,4819648810058727103217070,-194158,78,100,100,0,True
1733000339,21303031,4819648810058727103217070,-194158,78,100,100,0,True
1733000351,21303032,4819648810058727103217070,-194158,78,100,100,0,True
1733000363,21303033,4819648810058727103217070,-194158,78,100,100,0,True
1733000375,21303034,4819648810058727103217070,-194158,78,100,100,0,True
1733000387,21303035,4819648810058727103217070,-194158,78,100,100,0,True
1733000399,21303036,4819648810058727103217070,-194158,78,100,100,0,True
1733000411,21303037,4819655323307883568217395,-194158,78,100,100,0,True
1733000423,21303038,4819661707957786868126888,-194158,78,100,100,0,True
1733000435,21303039,4819661707957786868126888,-194158,78,100,100,0,True
1733000447,21303040,4819661707957786868126888,-194158,78,100,100,0,True
1733000459,21303041,4819759406695133843131774,-194157,79,100,100,0,True
1733000471,21303042,4820000396913923048143826,-194156,80,100,100,0,True
1733000483,21303043,4820000396913923048143826,-194156,80,100,100,0,True
1733000495,21303044,4820000396913923048143826,-194156,80,100,100,0,True
1733000507,21303045,4820000396913923048143826,-194156,80,100,100,0,True
1733000519,21303046,4820000396913923048143826,-194156,80,100,100,0,True
1733000531,21303047,4820000396913923048143826,-194156,80,100,100,0,True
1733000543,21303048,4820033310449367022945166,-194156,80,100,100,0,True
1733000555,21303049,4820033310449367022945166,-194156,80,100,100,0,True
1733000567,21303050,4820033310449367022945166,-194156,80,100,100,0,True
1733000579,21303051,4820033310449367022945166,-194156,80,100,100,0,True
1733000591,21303052,4820033310449367022945166,-194156,80,100,100,0,True
1733000603,21303053,4820033310449367022945166,-194156,80,100,100,0,True
1733000615,21303054,4820033310449367022945166,-194156,80,100,100,0,True
1733000639,21303055,4820033310449367022945166,-194156,80,100,100,0,True
1733000651,21303056,4820033310449367022945166,-194156,80,100,100,0,True
1733000663,21303057,4820033310449367022945166,-194156,80,100,100,0,True
1733000675,21303058,4820033310449367022945166,-194156,80,100,100,0,True
1733000687,21303059,4820033310449367022945166,-194156,80,100,100,0,True
1733000699,21303060,4820033310449367022945166,-194156,80,100,100,0,True
1733000711,21303061,4820033310449367022945166,-194156,80,100,100,0,True
1733000723,21303062,4820033310449367022945166,-194156,80,100,100,0,True
1733000735,21303063,4820033310449367022945166,-194156,80,100,100,0,True
1733000747,21303064,4820033310449367022945166,-194156,80,100,100,0,True
1733000759,21303065,4820033310449367022945166,-194156,80,100,100,0,True
1733000771,21303066,4820033310449367022945166,-194156,80,100,100,0,True
1733000783,21303067,4820033310449367022945166,-194156,80,100,100,0,True
1733000795,21303068,4820033310449367022945166,-194156,80,100,100,0,True
1733000807,21303069,4820033310449367022945166,-194156,80,100,100,0,True
1733000819,21303070,4820033310449367022945166,-194156,80,100,100,0,True
1733000831,21303071,4820033310449367022945166,-194156,80,100,100,0,True
1733000843,21303072,4820033310449367022945166,-194156,80,100,100,0,True
1733000855,21303073,4820033310449367022945166,-194156,80,100,100,0,True
1733000867,21303074,4820033310449367022945166,-194156,80,100,100,0,True
1733000879,21303075,4820033310449367022945166,-194156,80,100,100,0,True
1733000891,21303076,4820033310449367022945166,-194156,80,100,100,0,True
1733000903,21303077,4820033310449367022945166,-194156,80,100,100,0,True
1733000915,21303078,4820033310449367022945166,-194156,80,100,100,0,True
1733000927,21303079,4820033310449367022945166,-194156,80,100,100,0,True
1733000939,21303080,4820033310449367022945166,-194156,80,100,100,0,True
1733000951,21303081,4820033310449367022945166,-194156,80,100,100,0,True
1733000963,21303082,4820033310449367022945166,-194156,80,100,100,0,True
1733000975,21303083,4820033310449367022945166,-194156,80,100,100,0,True
1733000987,21303084,4820033310449367022945166,-194156,80,100,100,0,True
1733000999,21303085,4820033310449367022945166,-194156,80,100,100,0,True
1733001011,21303086,4820033310449367022945166,-194156,80,100,100,0,True
1733001023,21303087,4820033310449367022945166,-194156,80,100,100,0,True
1733001035,21303088,4820033310449367022945166,-194156,80,100,100,0,True
1733001047,21303089,4820033310449367022945166,-194156,80,100,100,0,True
1733001059,21303090,4820033310449367022945166,-194156,80,100,100,0,True
1733001071,21303091,4820033310449367022945166,-194156,80,100,100,0,True
1733001083,21303092,4820033310449367022945166,-194156,81,100,100,0,True
1733001095,21303093,4820033310449367022945166,-194156,81,100,100,0,True
1733001107,21303094,4820033310449367022945166,-194156,81,100,100,0,True
1733001119,21303095,4820033310449367022945166,-194156,81,100,100,0,True
1733001131,21303096,4820033310449367022945166,-194156,81,100,100,0,True
1733001143,21303097,4820033310449367022945166,-194156,81,100,100,0,True
1733001155,21303098,4820033310449367022945166,-194156,81,100,100,0,True
1733001167,21303099,4820033310449367022945166,-194156,81,100,100,0,True
1733001179,21303100,4820033310449367022945166,-194156,81,100,100,0,True
1733001191,21303101,4820033310449367022945166,-194156,81,100,100,0,True
1733001203,21303102,4820033310449367022945166,-194156,81,100,100,0,True
1733001215,21303103,4820033310449367022945166,-194156,81,100,100,0,True
1733001227,21303104,4820033310449367022945166,-194156,81,100,100,0,True
1733001239,21303105,4820033310449367022945166,-194156,81,100,100,0,True
1733001251,21303106,4820033310449367022945166,-194156,81,100,100,0,True
1733001263,21303107,4820033310449367022945166,-194156,81,100,100,0,True
1733001275,21303108,4820033310449367022945166,-194156,81,100,100,0,True
1733001287,21303109,4820033310449367022945166,-194156,81,100,100,0,True
1733001299,21303110,4820033310449367022945166,-194156,81,100,100,0,True
1733001311,21303111,4820033310449367022945166,-194156,81,100,100,0,True
1733001323,21303112,4820033310449367022945166,-194156,81,100,100,0,True
1733001335,21303113,4820033310449367022945166,-194156,81,100,100,0,True
1733001347,21303114,4820033310449367022945166,-194156,81,100,100,0,True
1733001359,21303115,4820033310449367022945166,-194156,81,100,100,0,True
1733001371,21303116,4820033310449367022945166,-194156,81,100,100,0,True
1733001383,21303117,4820033310449367022945166,-194156,81,100,100,0,True
1733001395,21303118,4820033310449367022945166,-194156,81,100,100,0,True
1733001407,21303119,4820033310449367022945166,-194156,81,100,100,0,True
1733001419,21303120,4820033310449367022945166,-194156,81,100,100,0,True
1733001431,21303121,4820038195834808604244195,-194156,81,100,100,0,True
1733001443,21303122,4820038195834808604244195,-194156,81,100,100,0,True
1733001455,21303123,4820044837352085161743356,-194156,81,100,100,0,True
1733001467,21303124,4820044837352085161743356,-194156,81,100,100,0,True
1733001479,21303125,4820044837352085161743356,-194156,81,100,100,0,True
1733001491,21303126,4820044837352085161743356,-194156,81,100,100,0,True
1733001503,21303127,4820044837352085161743356,-194156,81,100,100,0,True
1733001515,21303128,4820044837352085161743356,-194156,81,100,100,0,True
1733001527,21303129,4820044837352085161743356,-194156,81,100,100,0,True
1733001539,21303130,4820044837352085161743356,-194156,81,100,100,0,True
1733001551,21303131,4820866249828424359694470,-194153,82,100,100,0,True
1733001563,21303132,4820866249828424359694470,-194153,82,100,100,0,True
1733001575,21303133,4820866249828424359694470,-194153,82,100,100,0,True
1733001587,21303134,4820866249828424359694470,-194153,82,100,100,0,True
1733001599,21303135,4820882600156339776774479,-194153,82,100,100,0,True
1733001611,21303136,4820882600156339776774479,-194153,82,100,100,0,True
1733001623,21303137,4820882600156339776774479,-194153,82,100,100,0,True
1733001635,21303138,4820882600156339776774479,-194153,82,100,100,0,True
1733001647,21303139,4820882600156339776774479,-194153,82,100,100,0,True
1733001659,21303140,4820882600156339776774479,-194153,82,100,100,0,True
1733001671,21303141,4820896139324703272359586,-194153,82,100,100,0,True
1733001683,21303142,4820896139324703272359586,-194153,82,100,100,0,True
1733001695,21303143,4820896139324703272359586,-194153,82,100,100,0,True
1733001707,21303144,4820896139324703272359586,-194153,82,100,100,0,True
1733001719,21303145,4820896139324703272359586,-194153,82,100,100,0,True
1733001731,21303146,4820896139324703272359586,-194153,82,100,100,0,True
1733001743,21303147,4820896139324703272359586,-194153,82,100,100,0,True
1733001755,21303148,4820896139324703272359586,-194153,82,100,100,0,True
1733001767,21303149,4820903401039822473105756,-194153,82,100,100,0,True
1733001779,21303150,4820903401039822473105756,-194153,82,100,100,0,True
1733001791,21303151,4820903401039822473105756,-194153,82,100,100,0,True
1733001803,21303152,4820903401039822473105756,-194153,82,100,100,0,True
1733001815,21303153,4820903401039822473105756,-194153,82,100,100,0,True
1733001827,21303154,4820878803942873351067118,-194153,82,100,100,0,True
1733001839,21303155,4820878803942873351067118,-194153,82,100,100,0,True
1733001851,21303156,4820878803942873351067118,-194153,82,100,100,0,True
1733001863,21303157,4820878803942873351067118,-194153,82,100,100,0,True
1733001875,21303158,4820878803942873351067118,-194153,82,100,100,0,True
1733001887,21303159,4820878803942873351067118,-194153,82,100,100,0,True
1733001899,21303160,4820878803942873351067118,-194153,82,100,100,0,True
1733001911,21303161,4820878803942873351067118,-194153,82,100,100,0,True
1733001923,21303162,4820878803942873351067118,-194153,82,100,100,0,True
1733001935,21303163,4820878803942873351067118,-194153,82,100,100,0,True
1733001947,21303164,4820878803942873351067118,-194153,82,100,100,0,True
1733001959,21303165,4820878803942873351067118,-194153,82,100,100,0,True
1733001971,21303166,4820878803942873351067118,-194153,82,100,100,0,True
1733001983,21303167,4820878803942873351067118,-194153,82,100,100,0,True
1733001995,21303168,4820878803942873351067118,-194153,82,100,100,0,True
1733002007,21303169,4820878803942873351067118,-194153,82,100,100,0,True
1733002019,21303170,4820878803942873351067118,-194153,82,100,100,0,True
1733002031,21303171,4820878803942873351067118,-194153,82,100,100,0,True
1733002043,21303172,4820878803942873351067118,-194153,82,100,100,0,True
1733002055,21303173,4820878803942873351067118,-194153,82,100,100,0,True
1733002067,21303174,4820878803942873351067118,-194153,82,100,100,0,True
1733002079,21303175,4820878803942873351067118,-194153,82,100,100,0,True
1733002091,21303176,4820878803942873351067118,-194153,82,100,100,0,True
1733002103,21303177,4820878803942873351067118,-194153,82,100,100,0,True
1733002115,21303178,4820878803942873351067118,-194153,82,100,100,0,True
1733002127,21303179,4820878803942873351067118,-194153,82,100,100,0,True
1733002139,21303180,4820878803942873351067118,-194153,82,100,100,0,True
1733002151,21303181,4820878803942873351067118,-194153,82,100,100,0,True
1733002163,21303182,4820878803942873351067118,-194153,82,100,100,0,True
1733002175,21303183,4820878803942873351067118,-194153,82,100,100,0,True
1733002187,21303184,4820878803942873351067118,-194153,82,100,100,0,True
1733002199,21303185,4820878803942873351067118,-194153,82,100,100,0,True
1733002211,21303186,4820878803942873351067118,-194153,82,100,100,0,True
1733002223,21303187,4820878803942873351067118,-194153,82,100,100,0,True
1733002235,21303188,4820878803942873351067118,-194153,82,100,100,0,True
1733002247,21303189,4820878803942873351067118,-194153,82,100,100,0,True
1733002259,21303190,4820878803942873351067118,-194153,82,100,100,0,True
1733002271,21303191,4820878803942873351067118,-194153,82,100,100,0,True
1733002283,21303192,4820878803942873351067118,-194153,82,100,100,0,True
1733002295,21303193,4820878803942873351067118,-194153,82,100,100,0,True
1733002307,21303194,4820878803942873351067118,-194153,82,100,100,0,True
1733002319,21303195,4820878803942873351067118,-194153,82,100,100,0,True
1733002331,21303196,4820878803942873351067118,-194153,82,100,100,0,True
1733002343,21303197,4820878803942873351067118,-194153,82,100,100,0,True
1733002355,21303198,4820878803942873351067118,-194153,82,100,100,0,True
1733002367,21303199,4820878803942873351067118,-194153,82,100,100,0,True
1733002379,21303200,4820878803942873351067118,-194153,82,100,100,0,True
1733002391,21303201,4820878803942873351067118,-194153,82,100,100,0,True
1733002403,21303202,4820878803942873351067118,-194153,82,100,100,0,True
1733002415,21303203,4820878803942873351067118,-194153,82,100,100,0,True
1733002427,21303204,4820878803942873351067118,-194153,82,100,100,0,True
1733002439,21303205,4820878803942873351067118,-194153,82,100,100,0,True
1733002451,21303206,4820869796103677470795715,-194153,82,100,100,0,True
1733002463,21303207,4820869796103677470795715,-194153,82,100,100,0,True
1733002475,21303208,4820869796103677470795715,-194153,82,100,100,0,True
1733002487,21303209,4820869796103677470795715,-194153,82,100,100,0,True
1733002499,21303210,4820869796103677470795715,-194153,82,100,100,0,True
1733002511,21303211,4820869796103677470795715,-194153,82,100,100,0,True
1733002523,21303212,4820869796103677470795715,-194153,82,100,100,0,True
1733002535,21303213,4820869796103677470795715,-194153,82,100,100,0,True
1733002547,21303214,4820869796103677470795715,-194153,82,100,100,0,True
1733002559,21303215,4820869796103677470795715,-194153,82,100,100,0,True
1733002571,21303216,4820869796103677470795715,-194153,82,100,100,0,True
1733002583,21303217,4820869796103677470795715,-194153,82,100,100,0,True
1733002595,21303218,4820869796103677470795715,-194153,82,100,100,0,True
1733002607,21303219,4820869796103677470795715,-194153,82,100,100,0,True
1733002619,21303220,4820869796103677470795715,-194153,82,100,100,0,True
1733002631,21303221,4820869796103677470795715,-194153,82,100,100,0,True
1733002643,21303222,4820869796103677470795715,-194153,82,100,100,0,True
1733002655,21303223,4820869796103677470795715,-194153,82,100,100,0,True
1733002667,21303224,4820869796103677470795715,-194153,82,100,100,0,True
1733002679,21303225,4820869796103677470795715,-194153,82,100,100,0,True
1733002691,21303226,4820869796103677470795715,-194153,82,100,100,0,True
1733002703,21303227,4820869796103677470795715,-194153,82,100,100,0,True
1733002715,21303228,4820869796103677470795715,-194153,82,100,100,0,True
1733002727,21303229,4820869796103677470795715,-194153,82,100,100,0,True
1733002739,21303230,4820869796103677470795715,-194153,82,100,100,0,True
1733002751,21303231,4820869796103677470795715,-194153,83,100,100,0,True
1733002763,21303232,4820869796103677470795715,-194153,83,100,100,0,True
1733002775,21303233,4820869796103677470795715,-194153,83,100,100,0,True
1733002787,21303234,4820869796103677470795715,-194153,83,100,100,0,True
1733002799,21303235,4820869796103677470795715,-194153,83,100,100,0,True
1733002811,21303236,4820869796103677470795715,-194153,83,100,100,0,True
1733002823,21303237,4820869796103677470795715,-194153,83,100,100,0,True
1733002835,21303238,4820869796103677470795715,-194153,83,100,100,0,True
1733002847,21303239,4820869796103677470795715,-194153,83,100,100,0,True
1733002859,21303240,4820869796103677470795715,-194153,83,100,100,0,True
1733002871,21303241,4820869796103677470795715,-194153,83,100,100,0,True
1733002883,21303242,4820869796103677470795715,-194153,83,100,100,0,True
1733002895,21303243,4820869796103677470795715,-194153,83,100,100,0,True
1733002907,21303244,4820869796103677470795715,-194153,83,100,100,0,True
1733002919,21303245,4820869796103677470795715,-194153,83,100,100,0,True
1733002931,21303246,4820869796103677470795715,-194153,83,100,100,0,True
1733002943,21303247,4820869796103677470795715,-194153,83,100,100,0,True
1733002955,21303248,4820869796103677470795715,-194153,83,100,100,0,True
1733002967,21303249,4820869796103677470795715,-194153,83,100,100,0,True
1733002979,21303250,4820877746191682934371491,-194153,83,100,100,0,True
1733002991,21303251,4820877746191682934371491,-194153,83,100,100,0,True
1733003003,21303252,4820877746191682934371491,-194153,83,100,100,0,True
1733003015,21303253,4820877746191682934371491,-194153,83,100,100,0,True
1733003027,21303254,4820877746191682934371491,-194153,83,100,100,0,True
1733003039,21303255,4820877746191682934371491,-194153,83,100,100,0,True
1733003051,21303256,4820877746191682934371491,-194153,83,100,100,0,True
1733003063,21303257,4820877746191682934371491,-194153,83,100,100,0,True
1733003075,21303258,4820877746191682934371491,-194153,83,100,100,0,True
1733003087,21303259,4822162148379557548336681,-194148,84,100,100,0,True
1733003099,21303260,4822162148379557548336681,-194148,84,100,100,0,True
1733003111,21303261,4822162148379557548336681,-194148,84,100,100,0,True
1733003123,21303262,4822162148379557548336681,-194148,84,100,100,0,True
1733003135,21303263,4822162148379557548336681,-194148,84,100,100,0,True
1733003147,21303264,4822162148379557548336681,-194148,84,100,100,0,True
1733003159,21303265,4822162148379557548336681,-194148,84,100,100,0,True
1733003171,21303266,4823484701314069798260147,-194142,85,100,100,0,True
1733003183,21303267,4823484701314069798260147,-194142,85,100,100,0,True
1733003195,21303268,4823484701314069798260147,-194142,85,100,100,0,True
1733003207,21303269,4823484701314069798260147,-194142,85,100,100,0,True
1733003219,21303270,4823484701314069798260147,-194142,85,100,100,0,True
1733003231,21303271,4823484701314069798260147,-194142,85,100,100,0,True
1733003243,21303272,4823484701314069798260147,-194142,85,100,100,0,True
1733003255,21303273,4823484701314069798260147,-194142,85,100,100,0,True
1733003267,21303274,4823484701314069798260147,-194142,85,100,100,0,True
1733003279,21303275,4823484701314069798260147,-194142,85,100,100,0,True
1733003291,21303276,4823484701314069798260147,-194142,85,100,100,0,True
1733003303,21303277,4823484701314069798260147,-194142,85,100,100,0,True
1733003315,21303278,4823484701314069798260147,-194142,85,100,100,0,True
1733003327,21303279,4823484701314069798260147,-194142,85,100,100,0,True
1733003339,21303280,4823484701314069798260147,-194142,85,100,100,0,True
1733003351,21303281,4823484701314069798260147,-194142,85,100,100,0,True
1733003363,21303282,4823484701314069798260147,-194142,85,100,100,0,True
1733003375,21303283,4823484701314069798260147,-194142,85,100,100,0,True
1733003387,21303284,4823484701314069798260147,-194142,85,100,100,0,True
1733003399,21303285,4823484701314069798260147,-194142,85,100,100,0,True
1733003411,21303286,4823484701314069798260147,-194142,85,100,100,0,True
1733003423,21303287,4823484701314069798260147,-194142,85,100,100,0,True
1733003435,21303288,4823484701314069798260147,-194142,85,100,100,0,True
1733003447,21303289,4825418934462029753682600,-194134,86,100,100,0,True
1733003459,21303290,4825418934462029753682600,-194134,86,100,100,0,True
1733003471,21303291,4825439129088006274481317,-194134,86,100,100,0,True
1733003483,21303292,4831027499453782037589389,-194111,87,100,100,0,True
1733003495,21303293,4831029453641406405726001,-194111,87,100,100,0,True
1733003507,21303294,4831029453641406405726001,-194111,87,100,100,0,True
1733003519,21303295,4831029453641406405726001,-194111,87,100,100,0,True
1733003531,21303296,4831029453641406405726001,-194111,87,100,100,0,True
1733003543,21303297,4831029453641406405726001,-194111,87,100,100,0,True
1733003555,21303298,4832981490720084032925300,-194103,88,100,100,0,True
1733003567,21303299,4832981490720084032925300,-194103,88,100,100,0,True
1733003579,21303300,4833617836665926531327165,-194100,89,100,100,0,True
1733003591,21303301,4833617836665926531327165,-194100,89,100,100,0,True
1733003603,21303302,4833617836665926531327165,-194100,89,100,100,0,True
1733003615,21303303,4833617836665926531327165,-194100,89,100,100,0,True
1733003627,21303304,4833617836665926531327165,-194100,89,100,100,0,True
1733003639,21303305,4833617836665926531327165,-194100,89,100,100,0,True
1733003651,21303306,4833617836665926531327165,-194100,89,100,100,0,True
1733003663,21303307,4833617836665926531327165,-194100,89,100,100,0,True
1733003675,21303308,4833617836665926531327165,-194100,89,100,100,0,True
1733003687,21303309,4833617836665926531327165,-194100,89,100,100,0,True
1733003699,21303310,4833617836665926531327165,-194100,89,100,100,0,True
1733003711,21303311,4833617836665926531327165,-194100,89,100,100,0,True
1733003723,21303312,4833617836665926531327165,-194100,89,100,100,0,True
1733003735,21303313,4833617836665926531327165,-194100,89,100,100,0,True
1733003747,21303314,4833617836665926531327165,-194100,89,100,100,0,True
1733003759,21303315,4833617836665926531327165,-194100,89,100,100,0,True
1733003771,21303316,4833617836665926531327165,-194100,89,100,100,0,True
1733003783,21303317,4833617836665926531327165,-194100,89,100,100,0,True
1733003795,21303318,4833617836665926531327165,-194100,89,100,100,0,True
1733003807,21303319,4833617836665926531327165,-194100,89,100,100,0,True
1733003819,21303320,4833617836665926531327165,-194100,89,100,100,0,True
1733003831,21303321,4833617836665926531327165,-194100,89,100,100,0,True
1733003843,21303322,4833617836665926531327165,-194100,89,100,100,0,True
1733003855,21303323,4833617836665926531327165,-194100,89,100,100,0,True
1733003867,21303324,4833617836665926531327165,-194100,89,100,100,0,True
1733003879,21303325,4833617836665926531327165,-194100,89,100,100,0,True
1733003891,21303326,4833617836665926531327165,-194100,89,100,100,0,True
1733003903,21303327,4833617836665926531327165,-194100,89,100,100,0,True
1733003915,21303328,4833617836665926531327165,-194100,89,100,100,0,True
1733003927,21303329,4833617836665926531327165,-194100,89,100,100,0,True
1733003939,21303330,4833617836665926531327165,-194100,89,100,100,0,True
1733003951,21303331,4833617836665926531327165,-194100,89,100,100,0,True
1733003963,21303332,4833617836665926531327165,-194100,89,100,100,0,True
1733003975,21303333,4833617836665926531327165,-194100,89,100,100,0,True
1733003987,21303334,4833617836665926531327165,-194100,89,100,100,0,True
1733003999,21303335,4833617836665926531327165,-194100,89,100,100,0,True
1733004011,21303336,4833617836665926531327165,-194100,89,100,100,0,True
1733004023,21303337,4833617836665926531327165,-194100,89,100,100,0,True
1733004035,21303338,4833617836665926531327165,-194100,89,100,100,0,True
1733004047,21303339,4833617836665926531327165,-194100,89,100,100,0,True
1733004059,21303340,4833617836665926531327165,-194100,89,100,100,0,True
1733004071,21303341,4833617836665926531327165,-194100,89,100,100,0,True
1733004083,21303342,4833617836665926531327165,-194100,89,100,100,0,True
1733004095,21303343,4833617836665926531327165,-194100,89,100,100,0,True
1733004107,21303344,4833617836665926531327165,-194100,89,100,100,0,True
1733004119,21303345,4833617836665926531327165,-194100,89,100,100,0,True
1733004131,21303346,4833617836665926531327165,-194100,89,100,100,0,True
1733004143,21303347,4833617836665926531327165,-194100,89,100,100,0,True
1733004155,21303348,4833617836665926531327165,-194100,89,100,100,0,True
1733004167,21303349,4832671778628138928742622,-194104,90,100,100,0,True
1733004179,21303350,4831726138495839647039469,-194108,91,100,100,0,True
1733004191,21303351,4830675471451362951684190,-194112,92,100,100,0,True
1733004203,21303352,4830675471451362951684190,-194112,92,100,100,0,True
1733004215,21303353,4830675471451362951684190,-194112,92,100,100,0,True
1733004227,21303354,4830675471451362951684190,-194112,92,100,100,0,True
1733004239,21303355,4830675471451362951684190,-194112,92,100,100,0,True
1733004251,21303356,4830675471451362951684190,-194112,92,100,100,0,True
1733004263,21303357,4830675471451362951684190,-194112,92,100,100,0,True
1733004275,21303358,4830675471451362951684190,-194112,92,100,100,0,True
1733004287,21303359,4830675471451362951684190,-194112,92,100,100,0,True
1733004299,21303360,4830675471451362951684190,-194112,92,100,100,0,True
1733004311,21303361,4830675471451362951684190,-194112,92,100,100,0,True
1733004323,21303362,4830675471451362951684190,-194112,92,100,100,0,True
1733004335,21303363,4830675471451362951684190,-194112,92,100,100,0,True
1733004347,21303364,4830675471451362951684190,-194112,92,100,100,0,True
1733004359,21303365,4830675471451362951684190,-194112,92,100,100,0,True
1733004371,21303366,4830675471451362951684190,-194112,92,100,100,0,True
1733004383,21303367,4830675471451362951684190,-194112,92,100,100,0,True
1733004395,21303368,4830675471451362951684190,-194112,92,100,100,0,True
1733004407,21303369,4830675471451362951684190,-194112,92,100,100,0,True
1733004419,21303370,4830675471451362951684190,-194112,92,100,100,0,True
1733004431,21303371,4830675471451362951684190,-194112,92,100,100,0,True
1733004443,21303372,4830675471451362951684190,-194112,92,100,100,0,True
1733004455,21303373,4830675471451362951684190,-194112,92,100,100,0,True
1733004467,21303374,4830675471451362951684190,-194112,92,100,100,0,True
1733004479,21303375,4830675471451362951684190,-194112,92,100,100,0,True
1733004491,21303376,4830675471451362951684190,-194112,92,100,100,0,True
1733004503,21303377,4830675471451362951684190,-194112,92,100,100,0,True
1733004515,21303378,4830675471451362951684190,-194112,92,100,100,0,True
1733004527,21303379,4830675471451362951684190,-194112,92,100,100,0,True
1733004539,21303380,4830675471451362951684190,-194112,92,100,100,0,True
1733004551,21303381,4830675471451362951684190,-194112,92,100,100,0,True
1733004563,21303382,4830675471451362951684190,-194112,92,100,100,0,True
1733004575,21303383,4830142145318891264811749,-194114,93,100,100,0,True
1733004587,21303384,4830142145318891264811749,-194114,93,100,100,0,True
1733004599,21303385,4830142145318891264811749,-194114,93,100,100,0,True
1733004611,21303386,4830142145318891264811749,-194114,93,100,100,0,True
1733004623,21303387,4830142145318891264811749,-194114,93,100,100,0,True
1733004635,21303388,4830142145318891264811749,-194114,93,100,100,0,True
1733004647,21303389,4830142145318891264811749,-194114,93,100,100,0,True
1733004659,21303390,4830142145318891264811749,-194114,93,100,100,0,True
1733004671,21303391,4830142145318891264811749,-194114,93,100,100,0,True
1733004683,21303392,4829697546912874535340264,-194116,94,100,100,0,True
1733004695,21303393,4829697546912874535340264,-194116,94,100,100,0,True
1733004707,21303394,4829697546912874535340264,-194116,94,100,100,0,True
1733004719,21303395,4829697546912874535340264,-194116,94,100,100,0,True
1733004731,21303396,4829697546912874535340264,-194116,94,100,100,0,True
1733004743,21303397,4829697546912874535340264,-194116,94,100,100,0,True
1733004755,21303398,4829697546912874535340264,-194116,94,100,100,0,True
1733004767,21303399,4829697546912874535340264,-194116,94,100,100,0,True
1733004779,21303400,4829697546912874535340264,-194116,94,100,100,0,True
1733004791,21303401,4829697546912874535340264,-194116,94,100,100,0,True
1733004803,21303402,4829697546912874535340264,-194116,94,100,100,0,True
1733004815,21303403,4829697546912874535340264,-194116,94,100,100,0,True
1733004827,21303404,4829697546912874535340264,-194116,94,100,100,0,True
1733004839,21303405,4829697546912874535340264,-194116,94,100,100,0,True
1733004851,21303406,4829697546912874535340264,-194116,94,100,100,0,True
1733004863,21303407,4829697546912874535340264,-194116,94,100,100,0,True
1733004875,21303408,4829697546912874535340264,-194116,94,100,100,0,True
1733004899,21303409,4829697546912874535340264,-194116,94,100,100,0,True
1733004911,21303410,4829697546912874535340264,-194116,94,100,100,0,True
1733004923,21303411,4829697546912874535340264,-194116,94,100,100,0,True
1733004935,21303412,4829697546912874535340264,-194116,94,100,100,0,True
1733004947,21303413,4829697546912874535340264,-194116,94,100,100,0,True
1733004959,21303414,4829697546912874535340264,-194116,94,100,100,0,True
1733004971,21303415,4829697546912874535340264,-194116,94,100,100,0,True
1733004983,21303416,4829697546912874535340264,-194116,94,100,100,0,True
1733004995,21303417,4829697546912874535340264,-194116,94,100,100,0,True
1733005007,21303418,4829697546912874535340264,-194116,94,100,100,0,True
1733005019,21303419,4829697546912874535340264,-194116,94,100,100,0,True
1733005031,21303420,4829697546912874535340264,-194116,94,100,100,0,True
1733005043,21303421,4829697546912874535340264,-194116,94,100,100,0,True
1733005055,21303422,4829697546912874535340264,-194116,94,100,100,0,True
1733005067,21303423,4829697546912874535340264,-194116,94,100,100,0,True
1733005079,21303424,4829697546912874535340264,-194116,94,100,100,0,True
1733005091,21303425,4829697546912874535340264,-194116,94,100,100,0,True
1733005103,21303426,4829697546912874535340264,-194116,94,100,100,0,True
1733005115,21303427,4829697546912874535340264,-194116,94,100,100,0,True
1733005127,21303428,4829697546912874535340264,-194116,94,100,100,0,True
1733005139,21303429,4829697546912874535340264,-194116,94,100,100,0,True
1733005151,21303430,4829697546912874535340264,-194116,94,100,100,0,True
1733005163,21303431,4829697546912874535340264,-194116,94,100,100,0,True
1733005175,21303432,4829697546912874535340264,-194116,94,100,100,0,True
1733005187,21303433,4829697546912874535340264,-194116,94,100,100,0,True
1733005199,21303434,4829697546912874535340264,-194116,94,100,100,0,True
1733005211,21303435,4829697546912874535340264,-194116,94,100,100,0,True
1733005223,21303436,4829697546912874535340264,-194116,94,100,100,0,True
1733005235,21303437,4829697546912874535340264,-194116,94,100,100,0,True
1733005247,21303438,4829697546912874535340264,-194116,94,100,100,0,True
1733005259,21303439,4829697546912874535340264,-194116,94,100,100,0,True
1733005271,21303440,4829697546912874535340264,-194116,94,100,100,0,True
1733005283,21303441,4829697546912874535340264,-194116,94,100,100,0,True
1733005295,21303442,4829697546912874535340264,-194116,94,100,100,0,True
1733005307,21303443,4829697546912874535340264,-194116,94,100,100,0,True
1733005319,21303444,4829697546912874535340264,-194116,94,100,100,0,True
1733005331,21303445,4829697546912874535340264,-194116,94,100,100,0,True
1733005343,21303446,4829697546912874535340264,-194116,94,100,100,0,True
1733005355,21303447,4829697546912874535340264,-194116,94,100,100,0,True
1733005367,21303448,4829697546912874535340264,-194116,94,100,100,0,True
1733005379,21303449,4829697546912874535340264,-194116,94,100,100,0,True
1733005391,21303450,4829697546912874535340264,-194116,94,100,100,0,True
1733005403,21303451,4829697546912874535340264,-194116,94,100,100,0,True
1733005415,21303452,4829697546912874535340264,-194116,94,100,100,0,True
1733005427,21303453,4829697546912874535340264,-194116,94,100,100,0,True
1733005439,21303454,4829697546912874535340264,-194116,94,100,100,0,True
1733005451,21303455,4829697546912874535340264,-194116,94,100,100,0,True
1733005463,21303456,4829697546912874535340264,-194116,94,100,100,0,True
1733005475,21303457,4829697546912874535340264,-194116,94,100,100,0,True
1733005487,21303458,4829697546912874535340264,-194116,94,100,100,0,True
1733005499,21303459,4829697546912874535340264,-194116,94,100,100,0,True
1733005511,21303460,4829697546912874535340264,-194116,94,100,100,0,True
1733005523,21303461,4829697546912874535340264,-194116,94,100,100,0,True
1733005535,21303462,4829697546912874535340264,-194116,94,100,100,0,True
1733005547,21303463,4829697546912874535340264,-194116,94,100,100,0,True
1733005559,21303464,4829697546912874535340264,-194116,94,100,100,0,True
1733005571,21303465,4829697546912874535340264,-194116,94,100,100,0,True
1733005583,21303466,4829697546912874535340264,-194116,94,100,100,0,True
1733005595,21303467,4829697546912874535340264,-194116,94,100,100,0,True
1733005607,21303468,4829697546912874535340264,-194116,94,100,100,0,True
1733005619,21303469,4829697546912874535340264,-194116,94,100,100,0,True
1733005631,21303470,4829697546912874535340264,-194116,94,100,100,0,True
1733005643,21303471,4829697546912874535340264,-194116,94,100,100,0,True
1733005655,21303472,4829697546912874535340264,-194116,94,100,100,0,True
1733005667,21303473,4829697546912874535340264,-194116,94,100,100,0,True
1733005679,21303474,4829697546912874535340264,-194116,94,100,100,0,True
1733005691,21303475,4829697546912874535340264,-194116,94,100,100,0,True
1733005703,21303476,4829697546912874535340264,-194116,94,100,100,0,True
1733005715,21303477,4829697546912874535340264,-194116,94,100,100,0,True
1733005727,21303478,4829697546912874535340264,-194116,94,100,100,0,True
1733005739,21303479,4829697546912874535340264,-194116,94,100,100,0,True
1733005751,21303480,4829697546912874535340264,-194116,94,100,100,0,True
1733005763,21303481,4829697546912874535340264,-194116,94,100,100,0,True
1733005775,21303482,4829697546912874535340264,-194116,94,100,100,0,True
1733005787,21303483,4829697546912874535340264,-194116,94,100,100,0,True
1733005799,21303484,4829697546912874535340264,-194116,94,100,100,0,True
1733005811,21303485,4829697546912874535340264,-194116,94,100,100,0,True
1733005823,21303486,4829697546912874535340264,-194116,94,100,100,0,True
1733005835,21303487,4829697546912874535340264,-194116,94,100,100,0,True
1733005847,21303488,4829697546912874535340264,-194116,94,100,100,0,True
1733005859,21303489,4829697546912874535340264,-194116,94,100,100,0,True
1733005871,21303490,4829697546912874535340264,-194116,94,100,100,0,True
1733005883,21303491,4829697546912874535340264,-194116,94,100,100,0,True
1733005895,21303492,4829697546912874535340264,-194116,94,100,100,0,True
1733005907,21303493,4829697546912874535340264,-194116,94,100,100,0,True
1733005919,21303494,4829697546912874535340264,-194116,94,100,100,0,True
1733005931,21303495,4829697546912874535340264,-194116,94,100,100,0,True
1733005943,21303496,4829697546912874535340264,-194116,94,100,100,0,True
1733005955,21303497,4829697546912874535340264,-194116,94,100,100,0,True
1733005967,21303498,4829697546912874535340264,-194116,94,100,100,0,True
1733005979,21303499,4829697546912874535340264,-194116,94,100,100,0,True
1733005991,21303500,4829697546912874535340264,-194116,94,100,100,0,True
1733006003,21303501,4829697546912874535340264,-194116,94,100,100,0,True
1733006015,21303502,4829697546912874535340264,-194116,94,100,100,0,True
1733006027,21303503,4829669348181076354464454,-194116,94,100,100,0,True
1733006039,21303504,4829669348181076354464454,-194116,94,100,100,0,True
1733006051,21303505,4829669348181076354464454,-194116,94,100,100,0,True
1733006063,21303506,4829669348181076354464454,-194116,94,100,100,0,True
1733006075,21303507,4829666927595637635400898,-194116,94,100,100,0,True
1733006087,21303508,4829666927595637635400898,-194116,94,100,100,0,True
1733006099,21303509,4829666927595637635400898,-194116,94,100,100,0,True
1733006111,21303510,4829666927595637635400898,-194116,94,100,100,0,True
1733006123,21303511,4829666927595637635400898,-194116,94,100,100,0,True
1733006135,21303512,4829666927595637635400898,-194116,94,100,100,0,True
1733006147,21303513,4829666927595637635400898,-194116,94,100,100,0,True
1733006159,21303514,4829666927595637635400898,-194116,94,100,100,0,True
1733006171,21303515,4829649499452104448677957,-194116,94,100,100,0,True
1733006183,21303516,4829649499452104448677957,-194116,94,100,100,0,True
1733006195,21303517,4829649499452104448677957,-194116,94,100,100,0,True
1733006207,21303518,4829649499452104448677957,-194116,94,100,100,0,True
1733006219,21303519,4829649499452104448677957,-194116,94,100,100,0,True
1733006231,21303520,4829649499452104448677957,-194116,94,100,100,0,True
1733006243,21303521,4829649499452104448677957,-194116,94,100,100,0,True
1733006255,21303522,4829649499452104448677957,-194116,94,100,100,0,True
1733006267,21303523,4829649499452104448677957,-194116,94,100,100,0,True
1733006279,21303524,4829649499452104448677957,-194116,94,100,100,0,True
1733006291,21303525,4829649499452104448677957,-194116,94,100,100,0,True
1733006303,21303526,4829649499452104448677957,-194116,94,100,100,0,True
1733006315,21303527,4829649499452104448677957,-194116,94,100,100,0,True
1733006327,21303528,4829656962471950858704584,-194116,94,100,100,0,True
1733006339,21303529,4829656962471950858704584,-194116,94,100,100,0,True
1733006351,21303530,4829656962471950858704584,-194116,94,100,100,0,True
1733006363,21303531,4829656962471950858704584,-194116,94,100,100,0,True
1733006375,21303532,4829656962471950858704584,-194116,94,100,100,0,True
1733006387,21303533,4829656962471950858704584,-194116,94,100,100,0,True
1733006399,21303534,4829656962471950858704584,-194116,94,100,100,0,True
1733006411,21303535,4829656962471950858704584,-194116,94,100,100,0,True
1733006423,21303536,4829656962471950858704584,-194116,94,100,100,0,True
1733006435,21303537,4829656962471950858704584,-194116,94,100,100,0,True
1733006447,21303538,4829656962471950858704584,-194116,94,100,100,0,True
1733006459,21303539,4829656962471950858704584,-194116,94,100,100,0,True
1733006471,21303540,4829656962471950858704584,-194116,94,100,100,0,True
1733006483,21303541,4829656962471950858704584,-194116,94,100,100,0,True
1733006495,21303542,4829656962471950858704584,-194116,94,100,100,0,True
1733006507,21303543,4829656962471950858704584,-194116,94,100,100,0,True
1733006519,21303544,4829656962471950858704584,-194116,94,100,100,0,True
1733006531,21303545,4829656962471950858704584,-194116,94,100,100,0,True
1733006543,21303546,4829656962471950858704584,-194116,94,100,100,0,True
1733006555,21303547,4829656962471950858704584,-194116,94,100,100,0,True
1733006567,21303548,4829656962471950858704584,-194116,94,100,100,0,True
1733006579,21303549,4829656962471950858704584,-194116,94,100,100,0,True
1733006591,21303550,4829656962471950858704584,-194116,94,100,100,0,True
1733006603,21303551,4829656962471950858704584,-194116,94,100,100,0,True
1733006615,21303552,4829656962471950858704584,-194116,94,100,100,0,True
1733006627,21303553,4829656962471950858704584,-194116,94,100,100,0,True
1733006639,21303554,4829656962471950858704584,-194116,94,100,100,0,True
1733006651,21303555,4829658421616076587868020,-194116,94,100,100,0,True
1733006663,21303556,4829647061061337472577744,-194116,94,100,100,0,True
1733006675,21303557,4829647061061337472577744,-194116,94,100,100,0,True
1733006687,21303558,4829647061061337472577744,-194116,94,100,100,0,True
1733006699,21303559,4829647061061337472577744,-194116,94,100,100,0,True
1733006711,21303560,4829647061061337472577744,-194116,94,100,100,0,True
1733006723,21303561,4829647061061337472577744,-194116,94,100,100,0,True
1733006735,21303562,4829647061061337472577744,-194116,94,100,100,0,True
1733006747,21303563,4829647061061337472577744,-194116,94,100,100,0,True
1733006759,21303564,4829647061061337472577744,-194116,94,100,100,0,True
1733006771,21303565,4829647061061337472577744,-194116,94,100,100,0,True
1733006783,21303566,4829647061061337472577744,-194116,94,100,100,0,True
1733006795,21303567,4829647061061337472577744,-194116,94,100,100,0,True
1733006807,21303568,4829659725770953706238805,-194116,94,100,100,0,True
1733006819,21303569,4829659725770953706238805,-194116,94,100,100,0,True
1733006831,21303570,4829659725770953706238805,-194116,94,100,100,0,True
1733006843,21303571,4829659725770953706238805,-194116,94,100,100,0,True
1733006855,21303572,4829653707949460754473867,-194116,94,100,100,0,True
1733006867,21303573,4829653707949460754473867,-194116,94,100,100,0,True
1733006879,21303574,4829653707949460754473867,-194116,94,100,100,0,True
1733006891,21303575,4829653707949460754473867,-194116,94,100,100,0,True
1733006903,21303576,4829653707949460754473867,-194116,94,100,100,0,True
1733006915,21303577,4829653707949460754473867,-194116,94,100,100,0,True
1733006927,21303578,4829653707949460754473867,-194116,94,100,100,0,True
1733006939,21303579,4829653707949460754473867,-194116,94,100,100,0,True
1733006951,21303580,4829653707949460754473867,-194116,94,100,100,0,True
1733006963,21303581,4829653707949460754473867,-194116,94,100,100,0,True
1733006975,21303582,4829653707949460754473867,-194116,94,100,100,0,True
1733006987,21303583,4829653707949460754473867,-194116,94,100,100,0,True
1733006999,21303584,4829653707949460754473867,-194116,94,100,100,0,True
1733007011,21303585,4829653707949460754473867,-194116,94,100,100,0,True
1733007023,21303586,4829628292087979862385113,-194117,95,100,100,0,True
1733007035,21303587,4829628292087979862385113,-194117,95,100,100,0,True
1733007047,21303588,4829628292087979862385113,-194117,95,100,100,0,True
1733007059,21303589,4828788807833405843816882,-194120,96,100,100,0,True
1733007071,21303590,4828788807833405843816882,-194120,96,100,100,0,True
1733007083,21303591,4828018339297881057394688,-194123,97,100,100,0,True
1733007095,21303592,4828018339297881057394688,-194123,97,100,100,0,True
1733007107,21303593,4828018339297881057394688,-194123,97,100,100,0,True
1733007119,21303594,4828018339297881057394688,-194123,97,100,100,0,True
1733007131,21303595,4828018339297881057394688,-194123,97,100,100,0,True
1733007143,21303596,4828018339297881057394688,-194123,97,100,100,0,True
1733007155,21303597,4828018339297881057394688,-194123,97,100,100,0,True
1733007167,21303598,4828018339297881057394688,-194123,97,100,100,0,True
1733007179,21303599,4828018339297881057394688,-194123,97,100,100,0,True
1733007191,21303600,4828018339297881057394688,-194123,97,100,100,0,True
1733007203,21303601,4828018339297881057394688,-194123,97,100,100,0,True
1733007215,21303602,4828018339297881057394688,-194123,97,100,100,0,True
1733007227,21303603,4828018339297881057394688,-194123,97,100,100,0,True
1733007239,21303604,4828018339297881057394688,-194123,97,100,100,0,True
1733007251,21303605,4828018339297881057394688,-194123,97,100,100,0,True
1733007263,21303606,4827221415240693423538174,-194127,98,100,100,0,True
1733007275,21303607,4827221415240693423538174,-194127,98,100,100,0,True
1733007287,21303608,4827221415240693423538174,-194127,98,100,100,0,True
1733007299,21303609,4827221415240693423538174,-194127,98,100,100,0,True
1733007311,21303610,4827221415240693423538174,-194127,98,100,100,0,True
1733007323,21303611,4827221415240693423538174,-194127,98,100,100,0,True
1733007335,21303612,4827221415240693423538174,-194127,98,100,100,0,True
1733007347,21303613,4827221415240693423538174,-194127,98,100,100,0,True
1733007359,21303614,4827221415240693423538174,-194127,98,100,100,0,True
1733007371,21303615,4827221415240693423538174,-194127,98,100,100,0,True
1733007383,21303616,4827221415240693423538174,-194127,98,100,100,0,True
1733007395,21303617,4827220061902849458461807,-194127,98,100,100,0,True
1733007407,21303618,4827220061902849458461807,-194127,98,100,100,0,True
1733007419,21303619,4827220061902849458461807,-194127,98,100,100,0,True
1733007431,21303620,4827220061902849458461807,-194127,98,100,100,0,True
1733007443,21303621,4827220061902849458461807,-194127,99,100,100,0,True
1733007455,21303622,4827220061902849458461807,-194127,99,100,100,0,True
1733007467,21303623,4827220061902849458461807,-194127,99,100,100,0,True
1733007479,21303624,4827220061902849458461807,-194127,99,100,100,0,True
1733007491,21303625,4827220061902849458461807,-194127,99,100,100,0,True
1733007503,21303626,4827220061902849458461807,-194127,99,100,100,0,True
1733007515,21303627,4827220061902849458461807,-194127,99,100,100,0,True
1733007527,21303628,4827220061902849458461807,-194127,99,100,100,0,True
1733007539,21303629,4827220061902849458461807,-194127,99,100,100,0,True
1733007551,21303630,4827220061902849458461807,-194127,99,100,100,0,True
1733007563,21303631,4827220061902849458461807,-194127,99,100,100,0,True
1733007575,21303632,4827220061902849458461807,-194127,99,100,100,0,True
1733007587,21303633,4827220061902849458461807,-194127,99,100,100,0,True
1733007599,21303634,4827220061902849458461807,-194127,99,100,100,0,True
1733007611,21303635,4827220061902849458461807,-194127,99,100,100,0,True
1733007623,21303636,4827220061902849458461807,-194127,99,100,100,0,True
1733007635,21303637,4827220061902849458461807,-194127,99,100,100,0,True
1733007647,21303638,4827220061902849458461807,-194127,99,100,100,0,True
1733007659,21303639,4827220061902849458461807,-194127,99,100,100,0,True
1733007671,21303640,4827220061902849458461807,-194127,99,100,100,0,True
1733007683,21303641,4827220061902849458461807,-194127,99,100,100,0,True
1733007695,21303642,4827220061902849458461807,-194127,99,100,100,0,True
1733007707,21303643,4827220061902849458461807,-194127,99,100,100,0,True
1733007719,21303644,4827220061902849458461807,-194127,99,100,100,0,True
1733007731,21303645,4827220061902849458461807,-194127,99,100,100,0,True
1733007743,21303646,4827220061902849458461807,-194127,99,100,100,0,True
1733007755,21303647,4827220061902849458461807,-194127,99,100,100,0,True
1733007767,21303648,4827220061902849458461807,-194127,99,100,100,0,True
1733007779,21303649,4827220061902849458461807,-194127,99,100,100,0,True
1733007791,21303650,4827220061902849458461807,-194127,99,100,100,0,True
1733007803,21303651,4827220061902849458461807,-194127,99,100,100,0,True
1733007815,21303652,4827220061902849458461807,-194127,99,100,100,0,True
1733007827,21303653,4827220061902849458461807,-194127,99,100,100,0,True
1733007839,21303654,4827220061902849458461807,-194127,99,100,100,0,True
1733007851,21303655,4827220061902849458461807,-194127,99,100,100,0,True
1733007863,21303656,4827220061902849458461807,-194127,99,100,100,0,True
1733007875,21303657,4827220061902849458461807,-194127,99,100,100,0,True
1733007887,21303658,4827220061902849458461807,-194127,99,100,100,0,True
1733007899,21303659,4827220061902849458461807,-194127,99,100,100,0,True
1733007911,21303660,4827220061902849458461807,-194127,99,100,100,0,True
1733007923,21303661,4827950562874049585600709,-194124,0,100,100,0,True
1733007935,21303662,4827950562874049585600709,-194124,0,100,100,0,True
1733007947,21303663,4827950562874049585600709,-194124,0,100,100,0,True
1733007959,21303664,4827950562874049585600709,-194124,0,100,100,0,True
1733007971,21303665,4829437361478978347466752,-194117,1,100,100,0,True
1733007983,21303666,4830572869686543109603738,-194113,2,100,100,0,True
1733007995,21303667,4830572869686543109603738,-194113,2,100,100,0,True
1733008007,21303668,4830572869686543109603738,-194113,2,100,100,0,True
1733008019,21303669,4831525239358066790196049,-194109,3,100,100,0,True
1733008031,21303670,4831525239358066790196049,-194109,3,100,100,0,True
1733008043,21303671,4832043215629924648602932,-194107,4,100,100,0,True
1733008055,21303672,4832043215629924648602932,-194107,4,100,100,0,True
1733008067,21303673,4832883802028911503224257,-194103,5,100,100,0,True
1733008079,21303674,4832883802028911503224257,-194103,5,100,100,0,True
1733008091,21303675,4832883802028911503224257,-194103,5,100,100,0,True
1733008103,21303676,4832883802028911503224257,-194103,5,100,100,0,True
1733008115,21303677,4833507137284559010721548,-194101,6,100,100,0,True
1733008127,21303678,4834260834386553542804774,-194097,7,100,100,0,True
1733008139,21303679,4835940970256502951101577,-194090,8,100,100,0,True
1733008151,21303680,4836976052595376669723078,-194086,9,100,100,0,True
1733008163,21303681,4836976052595376669723078,-194086,9,100,100,0,True
1733008175,21303682,4836976052595376669723078,-194086,9,100,100,0,True
1733008187,21303683,4836976052595376669723078,-194086,9,100,100,0,True
1733008199,21303684,4836976052595376669723078,-194086,9,100,100,0,True
1733008211,21303685,4836974704442221243919028,-194086,9,100,100,0,True
1733008223,21303686,4836974704442221243919028,-194086,9,100,100,0,True
1733008235,21303687,4836974704442221243919028,-194086,9,100,100,0,True
1733008247,21303688,4836974704442221243919028,-194086,9,100,100,0,True
1733008259,21303689,4836974704442221243919028,-194086,9,100,100,0,True
1733008271,21303690,4836974704442221243919028,-194086,9,100,100,0,True
1733008283,21303691,4836974704442221243919028,-194086,9,100,100,0,True
1733008295,21303692,4836967536199012981215093,-194086,9,100,100,0,True
1733008307,21303693,4836967536199012981215093,-194086,9,100,100,0,True
1733008319,21303694,4836967536199012981215093,-194086,9,100,100,0,True
1733008331,21303695,4836967536199012981215093,-194086,9,100,100,0,True
1733008343,21303696,4836967536199012981215093,-194086,9,100,100,0,True
1733008355,21303697,4836956995089750306006303,-194086,9,100,100,0,True
1733008367,21303698,4836956995089750306006303,-194086,9,100,100,0,True
1733008379,21303699,4836956995089750306006303,-194086,9,100,100,0,True
1733008391,21303700,4836956995089750306006303,-194086,9,100,100,0,True
1733008403,21303701,4836950514556095596501979,-194086,9,100,100,0,True
1733008415,21303702,4836950514556095596501979,-194086,9,100,100,0,True
1733008427,21303703,4836950514556095596501979,-194086,9,100,100,0,True
1733008439,21303704,4836950514556095596501979,-194086,9,100,100,0,True
1733008451,21303705,4836958701045853435401013,-194086,9,100,100,0,True
1733008463,21303706,4836958701045853435401013,-194086,9,100,100,0,True
1733008475,21303707,4836958701045853435401013,-194086,9,100,100,0,True
1733008487,21303708,4836948440058247610879581,-194086,9,100,100,0,True
1733008499,21303709,4836948440058247610879581,-194086,9,100,100,0,True
1733008511,21303710,4836948440058247610879581,-194086,9,100,100,0,True
1733008523,21303711,4836948440058247610879581,-194086,9,100,100,0,True
1733008535,21303712,4836948440058247610879581,-194086,9,100,100,0,True
1733008547,21303713,4836948440058247610879581,-194086,9,100,100,0,True
1733008559,21303714,4836948440058247610879581,-194086,9,100,100,0,True
1733008571,21303715,4836948440058247610879581,-194086,9,100,100,0,True
1733008583,21303716,4836948440058247610879581,-194086,9,100,100,0,True
1733008595,21303717,4836948440058247610879581,-194086,9,100,100,0,True
1733008607,21303718,4836948440058247610879581,-194086,9,100,100,0,True
1733008619,21303719,4836948440058247610879581,-194086,9,100,100,0,True
1733008631,21303720,4836948440058247610879581,-194086,9,100,100,0,True
1733008643,21303721,4836945083511959103666436,-194086,9,100,100,0,True
1733008655,21303722,4836945083511959103666436,-194086,9,100,100,0,True
1733008667,21303723,4836945083511959103666436,-194086,9,100,100,0,True
1733008679,21303724,4836945083511959103666436,-194086,9,100,100,0,True
1733008691,21303725,4836945083511959103666436,-194086,9,100,100,0,True
1733008703,21303726,4836945083511959103666436,-194086,9,100,100,0,True
1733008715,21303727,4836945083511959103666436,-194086,9,100,100,0,True
1733008727,21303728,4836945083511959103666436,-194086,9,100,100,0,True
1733008739,21303729,4836945083511959103666436,-194086,9,100,100,0,True
1733008751,21303730,4836945083511959103666436,-194086,9,100,100,0,True
1733008763,21303731,4836945083511959103666436,-194086,9,100,100,0,True
1733008775,21303732,4836945083511959103666436,-194086,9,100,100,0,True
1733008787,21303733,4836945083511959103666436,-194086,9,100,100,0,True
1733008799,21303734,4836945083511959103666436,-194086,9,100,100,0,True
1733008811,21303735,4836945083511959103666436,-194086,9,100,100,0,True
1733008823,21303736,4836945083511959103666436,-194086,9,100,100,0,True
1733008835,21303737,4836945083511959103666436,-194086,9,100,100,0,True
1733008847,21303738,4836953162084530711770063,-194086,9,100,100,0,True
1733008859,21303739,4836953162084530711770063,-194086,9,100,100,0,True
1733008871,21303740,4836938463942211673547143,-194086,9,100,100,0,True
1733008883,21303741,4836938463942211673547143,-194086,9,100,100,0,True
1733008895,21303742,4836918925982906340855253,-194086,9,100,100,0,True
1733008907,21303743,4836918925982906340855253,-194086,9,100,100,0,True
1733008919,21303744,4836912863042070614262958,-194086,9,100,100,0,True
1733008931,21303745,4836912863042070614262958,-194086,9,100,100,0,True
1733008943,21303746,4836912863042070614262958,-194086,9,100,100,0,True
1733008955,21303747,4836912863042070614262958,-194086,9,100,100,0,True
1733008967,21303748,4836394588839894148387963,-194089,10,100,100,0,True
1733008979,21303749,4836394588839894148387963,-194089,10,100,100,0,True
1733008991,21303750,4836394588839894148387963,-194089,10,100,100,0,True
1733009003,21303751,4835036558579992638684667,-194094,11,100,100,0,True
1733009015,21303752,4835036558579992638684667,-194094,11,100,100,0,True
1733009027,21303753,4834456590316897936664045,-194097,12,100,100,0,True
1733009039,21303754,4833995921438952371451426,-194098,13,100,100,0,True
1733009051,21303755,4833507137284562841100641,-194100,14,100,100,0,True
1733009063,21303756,4833505691266570427300524,-194101,15,100,100,0,True
1733009075,21303757,4833500087955021870769772,-194101,15,100,100,0,True
1733009087,21303758,4833500087955021870769772,-194101,15,100,100,0,True
1733009099,21303759,4833500087955021870769772,-194101,15,100,100,0,True
1733009111,21303760,4833500087955021870769772,-194101,15,100,100,0,True
1733009123,21303761,4833500087955021870769772,-194101,15,100,100,0,True
1733009135,21303762,4833486534743884648647045,-194101,15,100,100,0,True
1733009147,21303763,4833486534743884648647045,-194101,15,100,100,0,True
1733009159,21303764,4833486534743884648647045,-194101,15,100,100,0,True
1733009171,21303765,4833486534743884648647045,-194101,15,100,100,0,True
1733009183,21303766,4833486534743884648647045,-194101,15,100,100,0,True
1733009195,21303767,4833484487406954540938251,-194101,15,100,100,0,True
1733009207,21303768,4833484487406954540938251,-194101,15,100,100,0,True
1733009219,21303769,4833479860195790936381020,-194101,15,100,100,0,True
1733009231,21303770,4833479860195790936381020,-194101,16,100,100,0,True
1733009243,21303771,4833479860195790936381020,-194101,16,100,100,0,True
1733009255,21303772,4833474799325075320900692,-194101,16,100,100,0,True
1733009267,21303773,4833474799325075320900692,-194101,16,100,100,0,True
1733009279,21303774,4833474799325075320900692,-194101,16,100,100,0,True
1733009291,21303775,4833474799325075320900692,-194101,16,100,100,0,True
1733009303,21303776,4833474799325075320900692,-194101,16,100,100,0,True
1733009315,21303777,4833474799325075320900692,-194101,16,100,100,0,True
1733009327,21303778,4833474799325075320900692,-194101,16,100,100,0,True
1733009339,21303779,4833474799325075320900692,-194101,16,100,100,0,True
1733009351,21303780,4833474799325075320900692,-194101,16,100,100,0,True
1733009363,21303781,4833474799325075320900692,-194101,16,100,100,0,True
1733009375,21303782,4833474799325075320900692,-194101,16,100,100,0,True
1733009387,21303783,4833474799325075320900692,-194101,16,100,100,0,True
1733009399,21303784,4833474799325075320900692,-194101,16,100,100,0,True
1733009411,21303785,4833474799325075320900692,-194101,16,100,100,0,True
1733009423,21303786,4833474799325075320900692,-194101,16,100,100,0,True
1733009435,21303787,4833474799325075320900692,-194101,16,100,100,0,True
1733009447,21303788,4833474799325075320900692,-194101,16,100,100,0,True
1733009459,21303789,4833474799325075320900692,-194101,16,100,100,0,True
1733009471,21303790,4833474799325075320900692,-194101,16,100,100,0,True
1733009483,21303791,4833474799325075320900692,-194101,16,100,100,0,True
1733009495,21303792,4833474799325075320900692,-194101,16,100,100,0,True
1733009507,21303793,4833474799325075320900692,-194101,16,100,100,0,True
1733009519,21303794,4833474799325075320900692,-194101,16,100,100,0,True
1733009531,21303795,4833474799325075320900692,-194101,16,100,100,0,True
1733009543,21303796,4833474799325075320900692,-194101,16,100,100,0,True
1733009555,21303797,4833474799325075320900692,-194101,16,100,100,0,True
1733009567,21303798,4833475748664891366773964,-194101,16,100,100,0,True
1733009579,21303799,4833475748664891366773964,-194101,16,100,100,0,True
1733009591,21303800,4832784288395918269450795,-194103,17,100,100,0,True
1733009603,21303801,4831344903220385775603617,-194109,18,100,100,0,True
1733009615,21303802,4831344903220385775603617,-194109,18,100,100,0,True
1733009627,21303803,4831344903220385775603617,-194109,18,100,100,0,True
1733009639,21303804,4831344903220385775603617,-194109,18,100,100,0,True
1733009651,21303805,4831344101057144096074874,-194109,18,100,100,0,True
1733009663,21303806,4831344101057144096074874,-194109,18,100,100,0,True
1733009675,21303807,4831344101057144096074874,-194109,18,100,100,0,True
1733009687,21303808,4831344101057144096074874,-194109,18,100,100,0,True
1733009699,21303809,4831341728933827073850961,-194109,18,100,100,0,True
1733009711,21303810,4831323670431465012775290,-194110,19,100,100,0,True
1733009723,21303811,4831323670431465012775290,-194110,19,100,100,0,True
1733009735,21303812,4831323670431465012775290,-194110,19,100,100,0,True
1733009747,21303813,4831323670431465012775290,-194110,19,100,100,0,True
1733009759,21303814,4831323670431465012775290,-194110,19,100,100,0,True
1733009771,21303815,4831323670431465012775290,-194110,19,100,100,0,True
1733009783,21303816,4831323670431465012775290,-194110,19,100,100,0,True
1733009795,21303817,4831323670431465012775290,-194110,19,100,100,0,True
1733009807,21303818,4831323670431465012775290,-194110,19,100,100,0,True
1733009819,21303819,4831323670431465012775290,-194110,19,100,100,0,True
1733009831,21303820,4831323670431465012775290,-194110,19,100,100,0,True
1733009843,21303821,4831323670431465012775290,-194110,19,100,100,0,True
1733009855,21303822,4831316898527883231926215,-194110,19,100,100,0,True
1733009867,21303823,4831316898527883231926215,-194110,19,100,100,0,True
1733009879,21303824,4831314438428295912014229,-194110,19,100,100,0,True
1733009891,21303825,4831314438428295912014229,-194110,19,100,100,0,True
1733009903,21303826,4831314438428295912014229,-194110,19,100,100,0,True
1733009915,21303827,4831314438428295912014229,-194110,19,100,100,0,True
1733009927,21303828,4831314438428295912014229,-194110,19,100,100,0,True
1733009939,21303829,4831314438428295912014229,-194110,19,100,100,0,True
1733009951,21303830,4831314438428295912014229,-194110,19,100,100,0,True
1733009963,21303831,4831314438428295912014229,-194110,19,100,100,0,True
1733009975,21303832,4831314438428295912014229,-194110,19,100,100,0,True
1733009987,21303833,4831314438428295912014229,-194110,19,100,100,0,True
1733009999,21303834,4831314284932191072678992,-194110,19,100,100,0,True
1733010011,21303835,4831314284932191072678992,-194110,19,100,100,0,True
1733010023,21303836,4831314284932191072678992,-194110,19,100,100,0,True
1733010035,21303837,4831314284932191072678992,-194110,19,100,100,0,True
1733010047,21303838,4831312479096395905224637,-194110,19,100,100,0,True
1733010059,21303839,4831312479096395905224637,-194110,19,100,100,0,True
1733010071,21303840,4831312479096395905224637,-194110,19,100,100,0,True
1733010083,21303841,4831312479096395905224637,-194110,19,100,100,0,True
1733010095,21303842,4831312479096395905224637,-194110,19,100,100,0,True
1733010107,21303843,4831312479096395905224637,-194110,19,100,100,0,True
1733010119,21303844,4831312479096395905224637,-194110,19,100,100,0,True
1733010131,21303845,4831309896753554304241635,-194110,19,100,100,0,True
1733010143,21303846,4831309896753554304241635,-194110,19,100,100,0,True
1733010155,21303847,4831309896753554304241635,-194110,19,100,100,0,True
1733010167,21303848,4831309896753554304241635,-194110,19,100,100,0,True
1733010179,21303849,4831308162789035300964190,-194110,19,100,100,0,True
1733010203,21303850,4831322731739340251090319,-194110,19,100,100,0,True
1733010215,21303851,4831322731739340251090319,-194110,19,100,100,0,True
1733010227,21303852,4831322731739340251090319,-194110,19,100,100,0,True
1733010239,21303853,4831322731739340251090319,-194110,19,100,100,0,True
1733010251,21303854,4831322731739340251090319,-194110,19,100,100,0,True
1733010263,21303855,4831322731739340251090319,-194110,19,100,100,0,True
1733010275,21303856,4831316416879595155773318,-194110,19,100,100,0,True
1733010287,21303857,4831316416879595155773318,-194110,19,100,100,0,True
1733010299,21303858,4831308856356696311311490,-194110,19,100,100,0,True
1733010311,21303859,4831308856356696311311490,-194110,19,100,100,0,True
1733010323,21303860,4831308856356696311311490,-194110,19,100,100,0,True
1733010335,21303861,4831308856356696311311490,-194110,19,100,100,0,True
1733010347,21303862,4831308856356696311311490,-194110,19,100,100,0,True
1733010359,21303863,4831308856356696311311490,-194110,19,100,100,0,True
1733010371,21303864,4831308856356696311311490,-194110,19,100,100,0,True
1733010383,21303865,4831308856356696311311490,-194110,19,100,100,0,True
1733010395,21303866,4829792169813475588046848,-194116,20,100,100,0,True
1733010407,21303867,4829130949206310821822464,-194119,21,100,100,0,True
1733010419,21303868,4829130949206310821822464,-194119,21,100,100,0,True
1733010431,21303869,4827697277521214734073843,-194125,22,100,100,0,True
1733010443,21303870,4827697277521214734073843,-194125,22,100,100,0,True
1733010455,21303871,4827697277521214734073843,-194125,22,100,100,0,True
1733010467,21303872,4827697277521214734073843,-194125,22,100,100,0,True
1733010479,21303873,4827697277521214734073843,-194125,22,100,100,0,True
1733010491,21303874,4827697277521214734073843,-194125,22,100,100,0,True
1733010503,21303875,4827697277521214734073843,-194125,22,100,100,0,True
1733010515,21303876,4827697277521214734073843,-194125,22,100,100,0,True
1733010527,21303877,4827697277521214734073843,-194125,22,100,100,0,True
1733010539,21303878,4827697277521214734073843,-194125,22,100,100,0,True
1733010551,21303879,4827697277521214734073843,-194125,22,100,100,0,True
1733010563,21303880,4827697277521214734073843,-194125,22,100,100,0,True
1733010575,21303881,4827697277521214734073843,-194125,22,100,100,0,True
1733010587,21303882,4827697277521214734073843,-194125,22,100,100,0,True
1733010599,21303883,4827697277521214734073843,-194125,22,100,100,0,True
1733010611,21303884,4827697277521214734073843,-194125,22,100,100,0,True
1733010623,21303885,4827697277521214734073843,-194125,22,100,100,0,True
1733010635,21303886,4827697368081970570319207,-194125,22,100,100,0,True
1733010647,21303887,4827697368081970570319207,-194125,22,100,100,0,True
1733010659,21303888,4827697368081970570319207,-194125,22,100,100,0,True
1733010671,21303889,4827697368081970570319207,-194125,22,100,100,0,True
1733010683,21303890,4827697368081970570319207,-194125,22,100,100,0,True
1733010695,21303891,4827694669784005616010994,-194125,22,100,100,0,True
1733010707,21303892,4827693407592199851554850,-194125,22,100,100,0,True
1733010719,21303893,4827693407592199851554850,-194125,22,100,100,0,True
1733010731,21303894,4827693407592199851554850,-194125,22,100,100,0,True
1733010743,21303895,4827693407592199851554850,-194125,22,100,100,0,True
1733010755,21303896,4827693407592199851554850,-194125,22,100,100,0,True
1733010767,21303897,4827693407592199851554850,-194125,22,100,100,0,True
1733010779,21303898,4827693407592199851554850,-194125,22,100,100,0,True
1733010791,21303899,4827693407592199851554850,-194125,22,100,100,0,True
1733010803,21303900,4827693407592199851554850,-194125,22,100,100,0,True
1733010815,21303901,4827686424532120606069996,-194125,22,100,100,0,True
1733010827,21303902,4827686424532120606069996,-194125,22,100,100,0,True
1733010839,21303903,4827686424532120606069996,-194125,22,100,100,0,True
1733010851,21303904,4827686424532120606069996,-194125,22,100,100,0,True
1733010863,21303905,4827684080470156385369747,-194125,22,100,100,0,True
1733010875,21303906,4827684080470156385369747,-194125,22,100,100,0,True
1733010887,21303907,4827680791572968414160896,-194125,22,100,100,0,True
1733010899,21303908,4827680791572968414160896,-194125,22,100,100,0,True
1733010911,21303909,4827680791572968414160896,-194125,22,100,100,0,True
1733010923,21303910,4827680791572968414160896,-194125,22,100,100,0,True
1733010935,21303911,4827680791572968414160896,-194125,22,100,100,0,True
1733010947,21303912,4827680791572968414160896,-194125,22,100,100,0,True
1733010959,21303913,4827680791572968414160896,-194125,22,100,100,0,True
1733010971,21303914,4827680791572968414160896,-194125,22,100,100,0,True
1733010983,21303915,4827680791572968414160896,-194125,22,100,100,0,True
1733010995,21303916,4827680791572968414160896,-194125,22,100,100,0,True
1733011007,21303917,4827680791572968414160896,-194125,22,100,100,0,True
1733011019,21303918,4827680791572968414160896,-194125,22,100,100,0,True
1733011031,21303919,4827680791572968414160896,-194125,22,100,100,0,True
1733011043,21303920,4827680791572968414160896,-194125,22,100,100,0,True
1733011055,21303921,4827680791572968414160896,-194125,22,100,100,0,True
1733011067,21303922,4827680791572968414160896,-194125,22,100,100,0,True
1733011079,21303923,4827680791572968414160896,-194125,22,100,100,0,True
1733011091,21303924,4827680791572968414160896,-194125,22,100,100,0,True
1733011103,21303925,4827680791572968414160896,-194125,22,100,100,0,True
1733011115,21303926,4827680791572968414160896,-194125,22,100,100,0,True
1733011127,21303927,4827668530379571148755157,-194125,22,100,100,0,True
1733011139,21303928,4827668530379571148755157,-194125,22,100,100,0,True
1733011151,21303929,4827668530379571148755157,-194125,22,100,100,0,True
1733011163,21303930,4827668530379571148755157,-194125,22,100,100,0,True
1733011175,21303931,4827668530379571148755157,-194125,22,100,100,0,True
1733011199,21303933,4827659767270688512129620,-194125,22,100,100,0,True
