timestamp,blocknumber,sqrtPriceX96,tick,observationIndex,observationCardinality,observationCardinalityNext,feeProtocol,unlocked
1716163199,19907419,4389654252072229229901378,-196027,26,100,100,0,True
1716163211,19907420,4389654252072229229901378,-196027,26,100,100,0,True
1716163223,19907421,4389654252072229229901378,-196027,26,100,100,0,True
1716163235,19907422,4389654252072229229901378,-196027,26,100,100,0,True
1716163247,19907423,4389654252072229229901378,-196027,26,100,100,0,True
1716163271,19907424,4389654252072229229901378,-196027,26,100,100,0,True
1716163283,19907425,4389654252072229229901378,-196027,26,100,100,0,True
1716163295,19907426,4389654252072229229901378,-196027,26,100,100,0,True
1716163307,19907427,4389654252072229229901378,-196027,26,100,100,0,True
1716163319,19907428,4389654252072229229901378,-196027,26,100,100,0,True
1716163331,19907429,4389654252072229229901378,-196027,26,100,100,0,True
1716163343,19907430,4389654252072229229901378,-196027,26,100,100,0,True
1716163355,19907431,4389654252072229229901378,-196027,26,100,100,0,True
1716163367,19907432,4389654252072229229901378,-196027,26,100,100,0,True
1716163379,19907433,4389654252072229229901378,-196027,26,100,100,0,True
1716163391,19907434,4389654252072229229901378,-196027,26,100,100,0,True
1716163403,19907435,4389654252072229229901378,-196027,26,100,100,0,True
1716163415,19907436,4389654252072229229901378,-196027,26,100,100,0,True
1716163427,19907437,4389654252072229229901378,-196027,26,100,100,0,True
1716163439,19907438,4389654252072229229901378,-196027,26,100,100,0,True
1716163451,19907439,4389654252072229229901378,-196027,26,100,100,0,True
1716163463,19907440,4389654252072229229901378,-196027,26,100,100,0,True
1716163475,19907441,4389654252072229229901378,-196027,26,100,100,0,True
1716163487,19907442,4389654252072229229901378,-196027,26,100,100,0,True
1716163499,19907443,4389654252072229229901378,-196027,26,100,100,0,True
1716163511,19907444,4389654252072229229901378,-196027,26,100,100,0,True
1716163523,19907445,4389654252072229229901378,-196027,26,100,100,0,True
1716163535,19907446,4389654252072229229901378,-196027,26,100,100,0,True
1716163547,19907447,4389642937936463855815208,-196027,26,100,100,0,True
1716163559,19907448,4389642937936463855815208,-196027,26,100,100,0,True
1716163571,19907449,4389642937936463855815208,-196027,26,100,100,0,True
1716163583,19907450,4389642937936463855815208,-196027,26,100,100,0,True
1716163595,19907451,4389642937936463855815208,-196027,26,100,100,0,True
1716163607,19907452,4389642937936463855815208,-196027,26,100,100,0,True
1716163619,19907453,4389642937936463855815208,-196027,26,100,100,0,True
1716163631,19907454,4389642937936463855815208,-196027,26,100,100,0,True
1716163643,19907455,4389642937936463855815208,-196027,26,100,100,0,True
1716163655,19907456,4389642937936463855815208,-196027,26,100,100,0,True
1716163667,19907457,4389642937936463855815208,-196027,26,100,100,0,True
1716163679,19907458,4389642937936463855815208,-196027,26,100,100,0,True
1716163691,19907459,4389642937936463855815208,-196027,26,100,100,0,True
1716163703,19907460,4389642937936463855815208,-196027,26,100,100,0,True
1716163715,19907461,4389642937936463855815208,-196027,26,100,100,0,True
1716163727,19907462,4389642937936463855815208,-196027,26,100,100,0,True
1716163739,19907463,4389642937936463855815208,-196027,26,100,100,0,True
1716163751,19907464,4389642937936463855815208,-196027,26,100,100,0,True
1716163763,19907465,4389642937936463855815208,-196027,26,100,100,0,True
1716163775,19907466,4389642937936463855815208,-196027,26,100,100,0,True
1716163787,19907467,4389642937936463855815208,-196027,26,100,100,0,True
1716163799,19907468,4389642937936463855815208,-196027,26,100,100,0,True
1716163811,19907469,4389642937936463855815208,-196027,26,100,100,0,True
1716163823,19907470,4389642937936463855815208,-196027,26,100,100,0,True
1716163835,19907471,4389642937936463855815208,-196027,26,100,100,0,True
1716163847,19907472,4389642937936463855815208,-196027,26,100,100,0,True
1716163859,19907473,4389642937936463855815208,-196027,26,100,100,0,True
1716163871,19907474,4389642937936463855815208,-196027,26,100,100,0,True
1716163883,19907475,4389642937936463855815208,-196027,26,100,100,0,True
1716163895,19907476,4389642937936463855815208,-196027,26,100,100,0,True
1716163907,19907477,4389642937936463855815208,-196027,26,100,100,0,True
1716163931,19907478,4389642937936463855815208,-196027,26,100,100,0,True
1716163943,19907479,4389642937936463855815208,-196027,26,100,100,0,True
1716163955,19907480,4389642937936463855815208,-196027,26,100,100,0,True
1716163967,19907481,4389642937936463855815208,-196027,26,100,100,0,True
1716163979,19907482,4389642937936463855815208,-196027,26,100,100,0,True
1716163991,19907483,4389642937936463855815208,-196027,26,100,100,0,True
1716164003,19907484,4389642937936463855815208,-196027,26,100,100,0,True
1716164015,19907485,4389642937936463855815208,-196027,26,100,100,0,True
1716164027,19907486,4389642937936463855815208,-196027,26,100,100,0,True
1716164039,19907487,4389642937936463855815208,-196027,26,100,100,0,True
1716164051,19907488,4389642937936463855815208,-196027,26,100,100,0,True
1716164063,19907489,4389642937936463855815208,-196027,26,100,100,0,True
1716164075,19907490,4389642937936463855815208,-196027,26,100,100,0,True
1716164087,19907491,4389642937936463855815208,-196027,26,100,100,0,True
1716164099,19907492,4389642937936463855815208,-196027,26,100,100,0,True
1716164111,19907493,4389639855492557135670301,-196027,26,100,100,0,True
1716164123,19907494,4389639855492557135670301,-196027,26,100,100,0,True
1716164135,19907495,4389639855492557135670301,-196027,26,100,100,0,True
1716164147,19907496,4389639855492557135670301,-196027,26,100,100,0,True
1716164159,19907497,4389639855492557135670301,-196027,26,100,100,0,True
1716164171,19907498,4389639855492557135670301,-196027,26,100,100,0,True
1716164183,19907499,4389639855492557135670301,-196027,26,100,100,0,True
1716164195,19907500,4389639855492557135670301,-196027,26,100,100,0,True
1716164207,19907501,4389639855492557135670301,-196027,26,100,100,0,True
1716164219,19907502,4389639855492557135670301,-196027,26,100,100,0,True
1716164231,19907503,4389639855492557135670301,-196027,26,100,100,0,True
1716164243,19907504,4389639855492557135670301,-196027,26,100,100,0,True
1716164255,19907505,4389639855492557135670301,-196027,26,100,100,0,True
1716164267,19907506,4389639855492557135670301,-196027,26,100,100,0,True
1716164279,19907507,4389639855492557135670301,-196027,26,100,100,0,True
1716164291,19907508,4389639855492557135670301,-196027,26,100,100,0,True
1716164303,19907509,4389639855492557135670301,-196027,26,100,100,0,True
1716164315,19907510,4389639855492557135670301,-196027,26,100,100,0,True
1716164327,19907511,4389639855492557135670301,-196027,26,100,100,0,True
1716164339,19907512,4389639855492557135670301,-196027,26,100,100,0,True
1716164351,19907513,4389639855492557135670301,-196027,26,100,100,0,True
1716164363,19907514,4389639855492557135670301,-196027,26,100,100,0,True
1716164375,19907515,4389639855492557135670301,-196027,26,100,100,0,True
1716164387,19907516,4389639855492557135670301,-196027,26,100,100,0,True
1716164399,19907517,4389639855492557135670301,-196027,26,100,100,0,True
1716164411,19907518,4389639855492557135670301,-196027,26,100,100,0,True
1716164423,19907519,4389639855492557135670301,-196027,26,100,100,0,True
1716164435,19907520,4389639855492557135670301,-196027,26,100,100,0,True
1716164447,19907521,4389639855492557135670301,-196027,26,100,100,0,True
1716164459,19907522,4389639855492557135670301,-196027,26,100,100,0,True
1716164471,19907523,4389639855492557135670301,-196027,26,100,100,0,True
1716164483,19907524,4389629934311995291907592,-196027,26,100,100,0,True
1716164495,19907525,4389629934311995291907592,-196027,26,100,100,0,True
1716164507,19907526,4389629934311995291907592,-196027,26,100,100,0,True
1716164519,19907527,4389629934311995291907592,-196027,26,100,100,0,True
1716164531,19907528,4389629934311995291907592,-196027,26,100,100,0,True
1716164543,19907529,4389629934311995291907592,-196027,26,100,100,0,True
1716164555,19907530,4389629934311995291907592,-196027,26,100,100,0,True
1716164567,19907531,4389629934311995291907592,-196027,26,100,100,0,True
1716164579,19907532,4389629934311995291907592,-196027,26,100,100,0,True
1716164591,19907533,4389629934311995291907592,-196027,26,100,100,0,True
1716164603,19907534,4389629934311995291907592,-196027,26,100,100,0,True
1716164615,19907535,4389629934311995291907592,-196027,26,100,100,0,True
1716164627,19907536,4389629934311995291907592,-196027,26,100,100,0,True
1716164639,19907537,4389629934311995291907592,-196027,26,100,100,0,True
1716164651,19907538,4389629934311995291907592,-196027,26,100,100,0,True
1716164663,19907539,4389629934311995291907592,-196027,26,100,100,0,True
1716164675,19907540,4389629934311995291907592,-196027,26,100,100,0,True
1716164687,19907541,4389629934311995291907592,-196027,26,100,100,0,True
1716164699,19907542,4389629934311995291907592,-196027,26,100,100,0,True
1716164711,19907543,4389629934311995291907592,-196027,26,100,100,0,True
1716164723,19907544,4389629934311995291907592,-196027,26,100,100,0,True
1716164735,19907545,4389629934311995291907592,-196027,26,100,100,0,True
1716164747,19907546,4389629934311995291907592,-196027,26,100,100,0,True
1716164759,19907547,4389629934311995291907592,-196027,26,100,100,0,True
1716164771,19907548,4389629934311995291907592,-196027,26,100,100,0,True
1716164783,19907549,4389629934311995291907592,-196027,26,100,100,0,True
1716164795,19907550,4389629934311995291907592,-196027,26,100,100,0,True
1716164807,19907551,4389629934311995291907592,-196027,26,100,100,0,True
1716164819,19907552,4389629934311995291907592,-196027,26,100,100,0,True
1716164831,19907553,4389629934311995291907592,-196027,26,100,100,0,True
1716164843,19907554,4389629934311995291907592,-196027,26,100,100,0,True
1716164855,19907555,4389629934311995291907592,-196027,26,100,100,0,True
1716164867,19907556,4389629934311995291907592,-196027,26,100,100,0,True
1716164879,19907557,4389629934311995291907592,-196027,26,100,100,0,True
1716164891,19907558,4389629934311995291907592,-196027,26,100,100,0,True
1716164903,19907559,4389629934311995291907592,-196027,26,100,100,0,True
1716164915,19907560,4389629934311995291907592,-196027,26,100,100,0,True
1716164927,19907561,4389629934311995291907592,-196027,26,100,100,0,True
1716164939,19907562,4389629934311995291907592,-196027,26,100,100,0,True
1716164951,19907563,4389629934311995291907592,-196027,26,100,100,0,True
1716164963,19907564,4389629934311995291907592,-196027,26,100,100,0,True
1716164975,19907565,4389629934311995291907592,-196027,26,100,100,0,True
1716164987,19907566,4389629934311995291907592,-196027,26,100,100,0,True
1716164999,19907567,4389629934311995291907592,-196027,26,100,100,0,True
1716165023,19907568,4389629934311995291907592,-196027,26,100,100,0,True
1716165035,19907569,4389629934311995291907592,-196027,26,100,100,0,True
1716165047,19907570,4389629934311995291907592,-196027,26,100,100,0,True
1716165059,19907571,4389629934311995291907592,-196027,26,100,100,0,True
1716165071,19907572,4389629934311995291907592,-196027,26,100,100,0,True
1716165083,19907573,4389544149670512178327628,-196028,27,100,100,0,True
1716165095,19907574,4389544149670512178327628,-196028,27,100,100,0,True
1716165107,19907575,4389544149670512178327628,-196028,27,100,100,0,True
1716165119,19907576,4389532596789053491247069,-196028,27,100,100,0,True
1716165131,19907577,4389532596789053491247069,-196028,27,100,100,0,True
1716165143,19907578,4389532596789053491247069,-196028,27,100,100,0,True
1716165155,19907579,4389532596789053491247069,-196028,27,100,100,0,True
1716165167,19907580,4389532596789053491247069,-196028,27,100,100,0,True
1716165179,19907581,4389532596789053491247069,-196028,27,100,100,0,True
1716165191,19907582,4389532596789053491247069,-196028,27,100,100,0,True
1716165203,19907583,4389532596789053491247069,-196028,27,100,100,0,True
1716165215,19907584,4389532596789053491247069,-196028,27,100,100,0,True
1716165227,19907585,4389532596789053491247069,-196028,27,100,100,0,True
1716165239,19907586,4389532596789053491247069,-196028,27,100,100,0,True
1716165251,19907587,4389532596789053491247069,-196028,27,100,100,0,True
1716165263,19907588,4389532596789053491247069,-196028,27,100,100,0,True
1716165275,19907589,4389532596789053491247069,-196028,27,100,100,0,True
1716165287,19907590,4389532596789053491247069,-196028,27,100,100,0,True
1716165299,19907591,4389532596789053491247069,-196028,27,100,100,0,True
1716165311,19907592,4389532596789053491247069,-196028,27,100,100,0,True
1716165323,19907593,4389532596789053491247069,-196028,27,100,100,0,True
1716165335,19907594,4389532596789053491247069,-196028,27,100,100,0,True
1716165347,19907595,4389532596789053491247069,-196028,27,100,100,0,True
1716165359,19907596,4389532596789053491247069,-196028,27,100,100,0,True
1716165371,19907597,4389532596789053491247069,-196028,27,100,100,0,True
1716165383,19907598,4389532596789053491247069,-196028,27,100,100,0,True
1716165395,19907599,4389532596789053491247069,-196028,27,100,100,0,True
1716165407,19907600,4389532596789053491247069,-196028,27,100,100,0,True
1716165419,19907601,4389532596789053491247069,-196028,27,100,100,0,True
1716165431,19907602,4389532596789053491247069,-196028,27,100,100,0,True
1716165443,19907603,4389532596789053491247069,-196028,27,100,100,0,True
1716165455,19907604,4389532596789053491247069,-196028,27,100,100,0,True
1716165467,19907605,4389532596789053491247069,-196028,27,100,100,0,True
1716165479,19907606,4390853794566647697524884,-196022,28,100,100,0,True
1716165491,19907607,4391773542988043091168197,-196017,29,100,100,0,True
1716165503,19907608,4392450628928523003001005,-196014,30,100,100,0,True
1716165515,19907609,4392988222701412889222333,-196012,31,100,100,0,True
1716165527,19907610,4392988222701412889222333,-196012,31,100,100,0,True
1716165539,19907611,4392988222701412889222333,-196012,31,100,100,0,True
1716165551,19907612,4392988222701412889222333,-196012,31,100,100,0,True
1716165563,19907613,4392988222701412889222333,-196012,31,100,100,0,True
1716165575,19907614,4392988222701412889222333,-196012,31,100,100,0,True
1716165587,19907615,4392988222701412889222333,-196012,31,100,100,0,True
1716165599,19907616,4392988222701412889222333,-196012,31,100,100,0,True
1716165611,19907617,4392988222701412889222333,-196012,31,100,100,0,True
1716165623,19907618,4393128629679978300330348,-196011,32,100,100,0,True
1716165635,19907619,4393128629679978300330348,-196011,32,100,100,0,True
1716165647,19907620,4393128629679978300330348,-196011,32,100,100,0,True
1716165659,19907621,4393128629679978300330348,-196011,32,100,100,0,True
1716165671,19907622,4393128629679978300330348,-196011,32,100,100,0,True
1716165683,19907623,4393128629679978300330348,-196011,32,100,100,0,True
1716165695,19907624,4393128629679978300330348,-196011,32,100,100,0,True
1716165707,19907625,4393128629679978300330348,-196011,32,100,100,0,True
1716165719,19907626,4393128629679978300330348,-196011,32,100,100,0,True
1716165731,19907627,4393128629679978300330348,-196011,32,100,100,0,True
1716165743,19907628,4393128629679978300330348,-196011,32,100,100,0,True
1716165755,19907629,4393128629679978300330348,-196011,32,100,100,0,True
1716165767,19907630,4393128629679978300330348,-196011,32,100,100,0,True
1716165779,19907631,4393128629679978300330348,-196011,32,100,100,0,True
1716165791,19907632,4393128629679978300330348,-196011,32,100,100,0,True
1716165803,19907633,4393128629679978300330348,-196011,32,100,100,0,True
1716165815,19907634,4393128629679978300330348,-196011,32,100,100,0,True
1716165827,19907635,4393128629679978300330348,-196011,32,100,100,0,True
1716165839,19907636,4393128629679978300330348,-196011,32,100,100,0,True
1716165851,19907637,4393128629679978300330348,-196011,32,100,100,0,True
1716165863,19907638,4393128629679978300330348,-196011,32,100,100,0,True
1716165875,19907639,4393128629679978300330348,-196011,32,100,100,0,True
1716165887,19907640,4393128629679978300330348,-196011,32,100,100,0,True
1716165899,19907641,4393128629679978300330348,-196011,32,100,100,0,True
1716165911,19907642,4393128629679978300330348,-196011,32,100,100,0,True
1716165923,19907643,4393128629679978300330348,-196011,32,100,100,0,True
1716165935,19907644,4393128629679978300330348,-196011,32,100,100,0,True
1716165947,19907645,4393128629679978300330348,-196011,32,100,100,0,True
1716165959,19907646,4393128629679978300330348,-196011,32,100,100,0,True
1716165971,19907647,4393128629679978300330348,-196011,32,100,100,0,True
1716165983,19907648,4393128629679978300330348,-196011,32,100,100,0,True
1716165995,19907649,4393128629679978300330348,-196011,32,100,100,0,True
1716166007,19907650,4393128629679978300330348,-196011,32,100,100,0,True
1716166019,19907651,4393128629679978300330348,-196011,32,100,100,0,True
1716166031,19907652,4393128629679978300330348,-196011,32,100,100,0,True
1716166043,19907653,4393128629679978300330348,-196011,32,100,100,0,True
1716166055,19907654,4393128629679978300330348,-196011,32,100,100,0,True
1716166067,19907655,4393128629679978300330348,-196011,32,100,100,0,True
1716166079,19907656,4393128629679978300330348,-196011,32,100,100,0,True
1716166091,19907657,4393128629679978300330348,-196011,32,100,100,0,True
1716166103,19907658,4393128629679978300330348,-196011,32,100,100,0,True
1716166115,19907659,4393128629679978300330348,-196011,32,100,100,0,True
1716166127,19907660,4393128629679978300330348,-196011,32,100,100,0,True
1716166139,19907661,4393128629679978300330348,-196011,32,100,100,0,True
1716166151,19907662,4393128629679978300330348,-196011,32,100,100,0,True
1716166163,19907663,4393128629679978300330348,-196011,32,100,100,0,True
1716166175,19907664,4393128629679978300330348,-196011,32,100,100,0,True
1716166187,19907665,4393128629679978300330348,-196011,32,100,100,0,True
1716166199,19907666,4393128629679978300330348,-196011,32,100,100,0,True
1716166211,19907667,4393128629679978300330348,-196011,32,100,100,0,True
1716166223,19907668,4393128629679978300330348,-196011,32,100,100,0,True
1716166235,19907669,4393128629679978300330348,-196011,32,100,100,0,True
1716166247,19907670,4393128629679978300330348,-196011,32,100,100,0,True
1716166259,19907671,4393128629679978300330348,-196011,32,100,100,0,True
1716166271,19907672,4393128629679978300330348,-196011,32,100,100,0,True
1716166283,19907673,4393128629679978300330348,-196011,32,100,100,0,True
1716166295,19907674,4393128629679978300330348,-196011,32,100,100,0,True
1716166307,19907675,4393128629679978300330348,-196011,32,100,100,0,True
1716166319,19907676,4393128629679978300330348,-196011,32,100,100,0,True
1716166331,19907677,4393128629679978300330348,-196011,32,100,100,0,True
1716166343,19907678,4393128629679978300330348,-196011,32,100,100,0,True
1716166355,19907679,4393128629679978300330348,-196011,32,100,100,0,True
1716166367,19907680,4393128629679978300330348,-196011,32,100,100,0,True
1716166379,19907681,4393128629679978300330348,-196011,32,100,100,0,True
1716166391,19907682,4393128629679978300330348,-196011,32,100,100,0,True
1716166403,19907683,4393128629679978300330348,-196011,32,100,100,0,True
1716166415,19907684,4393128629679978300330348,-196011,32,100,100,0,True
1716166427,19907685,4393128629679978300330348,-196011,32,100,100,0,True
1716166439,19907686,4393128629679978300330348,-196011,32,100,100,0,True
1716166451,19907687,4393128629679978300330348,-196011,32,100,100,0,True
1716166463,19907688,4393128629679978300330348,-196011,32,100,100,0,True
1716166475,19907689,4393128629679978300330348,-196011,32,100,100,0,True
1716166487,19907690,4393128629679978300330348,-196011,32,100,100,0,True
1716166499,19907691,4393128629679978300330348,-196011,32,100,100,0,True
1716166511,19907692,4393238194102287614679444,-196011,32,100,100,0,True
1716166523,19907693,4393238194102287614679444,-196011,32,100,100,0,True
1716166535,19907694,4393238194102287614679444,-196011,32,100,100,0,True
1716166547,19907695,4393238194102287614679444,-196011,32,100,100,0,True
1716166559,19907696,4393238194102287614679444,-196011,32,100,100,0,True
1716166571,19907697,4393238194102287614679444,-196011,32,100,100,0,True
1716166583,19907698,4393238194102287614679444,-196011,32,100,100,0,True
1716166595,19907699,4393238194102287614679444,-196011,32,100,100,0,True
1716166607,19907700,4393238194102287614679444,-196011,32,100,100,0,True
1716166619,19907701,4393238194102287614679444,-196011,32,100,100,0,True
1716166631,19907702,4393238194102287614679444,-196011,32,100,100,0,True
1716166643,19907703,4393238194102287614679444,-196011,32,100,100,0,True
1716166655,19907704,4393238194102287614679444,-196011,32,100,100,0,True
1716166667,19907705,4393238194102287614679444,-196011,32,100,100,0,True
1716166679,19907706,4393238194102287614679444,-196011,32,100,100,0,True
1716166691,19907707,4393238194102287614679444,-196011,32,100,100,0,True
1716166703,19907708,4393238194102287614679444,-196011,32,100,100,0,True
1716166715,19907709,4393238194102287614679444,-196011,32,100,100,0,True
1716166727,19907710,4393238194102287614679444,-196011,32,100,100,0,True
1716166739,19907711,4393238194102287614679444,-196011,32,100,100,0,True
1716166751,19907712,4393238194102287614679444,-196011,32,100,100,0,True
1716166763,19907713,4393238194102287614679444,-196011,32,100,100,0,True
1716166775,19907714,4393238194102287614679444,-196011,32,100,100,0,True
1716166787,19907715,4393238194102287614679444,-196011,32,100,100,0,True
1716166799,19907716,4393238194102287614679444,-196011,32,100,100,0,True
1716166811,19907717,4393238194102287614679444,-196011,32,100,100,0,True
1716166823,19907718,4393238194102287614679444,-196011,32,100,100,0,True
1716166835,19907719,4393238194102287614679444,-196011,32,100,100,0,True
1716166847,19907720,4393238194102287614679444,-196011,32,100,100,0,True
1716166859,19907721,4393238194102287614679444,-196011,32,100,100,0,True
1716166871,19907722,4393238194102287614679444,-196011,32,100,100,0,True
1716166883,19907723,4393245550125761444303107,-196011,32,100,100,0,True
1716166895,19907724,4393245550125761444303107,-196011,32,100,100,0,True
1716166907,19907725,4393245550125761444303107,-196011,32,100,100,0,True
1716166919,19907726,4393254109203691796463708,-196011,32,100,100,0,True
1716166931,19907727,4393254109203691796463708,-196011,32,100,100,0,True
1716166943,19907728,4393254109203691796463708,-196011,32,100,100,0,True
1716166955,19907729,4393254109203691796463708,-196011,32,100,100,0,True
1716166967,19907730,4393254109203691796463708,-196011,32,100,100,0,True
1716166979,19907731,4393254109203691796463708,-196011,32,100,100,0,True
1716166991,19907732,4393254109203691796463708,-196011,32,100,100,0,True
1716167003,19907733,4393254109203691796463708,-196011,32,100,100,0,True
1716167015,19907734,4393254109203691796463708,-196011,32,100,100,0,True
1716167027,19907735,4393254109203691796463708,-196011,32,100,100,0,True
1716167039,19907736,4393254109203691796463708,-196011,32,100,100,0,True
1716167051,19907737,4393254109203691796463708,-196011,32,100,100,0,True
1716167063,19907738,4393254109203691796463708,-196011,32,100,100,0,True
1716167075,19907739,4393254109203691796463708,-196011,32,100,100,0,True
1716167087,19907740,4393254109203691796463708,-196011,32,100,100,0,True
1716167099,19907741,4393254109203691796463708,-196011,32,100,100,0,True
1716167111,19907742,4393254109203691796463708,-196011,32,100,100,0,True
1716167123,19907743,4393254109203691796463708,-196011,32,100,100,0,True
1716167135,19907744,4393254109203691796463708,-196011,32,100,100,0,True
1716167147,19907745,4393254109203691796463708,-196011,32,100,100,0,True
1716167159,19907746,4393254109203691796463708,-196011,32,100,100,0,True
1716167171,19907747,4393254109203691796463708,-196011,32,100,100,0,True
1716167183,19907748,4393254109203691796463708,-196011,32,100,100,0,True
1716167195,19907749,4393254109203691796463708,-196011,32,100,100,0,True
1716167207,19907750,4393254109203691796463708,-196011,32,100,100,0,True
1716167219,19907751,4393254109203691796463708,-196011,32,100,100,0,True
1716167231,19907752,4393254109203691796463708,-196011,32,100,100,0,True
1716167243,19907753,4393254109203691796463708,-196011,32,100,100,0,True
1716167255,19907754,4393254109203691796463708,-196011,32,100,100,0,True
1716167267,19907755,4393254109203691796463708,-196011,32,100,100,0,True
1716167279,19907756,4393254109203691796463708,-196011,32,100,100,0,True
1716167291,19907757,4393254109203691796463708,-196011,32,100,100,0,True
1716167303,19907758,4393254109203691796463708,-196011,32,100,100,0,True
1716167315,19907759,4393254109203691796463708,-196011,32,100,100,0,True
1716167327,19907760,4393254109203691796463708,-196011,32,100,100,0,True
1716167339,19907761,4393254109203691796463708,-196011,32,100,100,0,True
1716167351,19907762,4393254109203691796463708,-196011,32,100,100,0,True
1716167363,19907763,4393254109203691796463708,-196011,32,100,100,0,True
1716167375,19907764,4393267549048014043619241,-196011,32,100,100,0,True
1716167387,19907765,4393267549048014043619241,-196011,32,100,100,0,True
1716167399,19907766,4393267549048014043619241,-196011,32,100,100,0,True
1716167411,19907767,4393267549048014043619241,-196011,32,100,100,0,True
1716167423,19907768,4393267549048014043619241,-196011,32,100,100,0,True
1716167435,19907769,4393267549048014043619241,-196011,32,100,100,0,True
1716167447,19907770,4393267549048014043619241,-196011,32,100,100,0,True
1716167459,19907771,4393267549048014043619241,-196011,32,100,100,0,True
1716167471,19907772,4393267549048014043619241,-196011,32,100,100,0,True
1716167483,19907773,4393267549048014043619241,-196011,32,100,100,0,True
1716167495,19907774,4393267549048014043619241,-196011,32,100,100,0,True
1716167507,19907775,4393267549048014043619241,-196011,32,100,100,0,True
1716167519,19907776,4393267549048014043619241,-196011,32,100,100,0,True
1716167531,19907777,4393267549048014043619241,-196011,32,100,100,0,True
1716167543,19907778,4390869926324801733230425,-196021,33,100,100,0,True
1716167555,19907779,4390869926324801733230425,-196021,33,100,100,0,True
1716167567,19907780,4390869926324801733230425,-196021,33,100,100,0,True
1716167579,19907781,4390869926324801733230425,-196021,33,100,100,0,True
1716167591,19907782,4390869926324801733230425,-196021,33,100,100,0,True
1716167603,19907783,4390869926324801733230425,-196021,33,100,100,0,True
1716167615,19907784,4390869926324801733230425,-196021,33,100,100,0,True
1716167627,19907785,4390869926324801733230425,-196021,33,100,100,0,True
1716167639,19907786,4390869926324801733230425,-196021,33,100,100,0,True
1716167651,19907787,4390869926324801733230425,-196021,33,100,100,0,True
1716167663,19907788,4390869926324801733230425,-196021,33,100,100,0,True
1716167675,19907789,4390869926324801733230425,-196021,33,100,100,0,True
1716167687,19907790,4390869926324801733230425,-196021,33,100,100,0,True
1716167699,19907791,4390869926324801733230425,-196021,33,100,100,0,True
1716167711,19907792,4390869926324801733230425,-196021,33,100,100,0,True
1716167723,19907793,4390869926324801733230425,-196021,33,100,100,0,True
1716167735,19907794,4390869926324801733230425,-196021,33,100,100,0,True
1716167747,19907795,4390869926324801733230425,-196021,33,100,100,0,True
1716167759,19907796,4390869926324801733230425,-196021,33,100,100,0,True
1716167771,19907797,4389714080462015939215360,-196027,34,100,100,0,True
1716167783,19907798,4389714080462015939215360,-196027,34,100,100,0,True
1716167795,19907799,4389714080462015939215360,-196027,34,100,100,0,True
1716167807,19907800,4389714080462015939215360,-196027,34,100,100,0,True
1716167819,19907801,4389714080462015939215360,-196027,34,100,100,0,True
1716167831,19907802,4389714080462015939215360,-196027,34,100,100,0,True
1716167843,19907803,4389714080462015939215360,-196027,34,100,100,0,True
1716167855,19907804,4389714080462015939215360,-196027,34,100,100,0,True
1716167867,19907805,4389714080462015939215360,-196027,34,100,100,0,True
1716167879,19907806,4389714080462015939215360,-196027,34,100,100,0,True
1716167891,19907807,4389714080462015939215360,-196027,34,100,100,0,True
1716167903,19907808,4389714080462015939215360,-196027,34,100,100,0,True
1716167915,19907809,4389714080462015939215360,-196027,34,100,100,0,True
1716167927,19907810,4389714080462015939215360,-196027,34,100,100,0,True
1716167939,19907811,4389714080462015939215360,-196027,34,100,100,0,True
1716167951,19907812,4389714080462015939215360,-196027,34,100,100,0,True
1716167963,19907813,4389714080462015939215360,-196027,34,100,100,0,True
1716167975,19907814,4389714080462015939215360,-196027,34,100,100,0,True
1716167987,19907815,4389714080462015939215360,-196027,34,100,100,0,True
1716167999,19907816,4389714080462015939215360,-196027,34,100,100,0,True
1716168011,19907817,4389714080462015939215360,-196027,34,100,100,0,True
1716168023,19907818,4389714080462015939215360,-196027,34,100,100,0,True
1716168035,19907819,4389714080462015939215360,-196027,34,100,100,0,True
1716168047,19907820,4389714080462015939215360,-196027,34,100,100,0,True
1716168059,19907821,4389714080462015939215360,-196027,34,100,100,0,True
1716168071,19907822,4389714080462015939215360,-196027,34,100,100,0,True
1716168083,19907823,4389714080462015939215360,-196027,34,100,100,0,True
1716168095,19907824,4389714080462015939215360,-196027,34,100,100,0,True
1716168107,19907825,4389714080462015939215360,-196027,34,100,100,0,True
1716168119,19907826,4389714080462015939215360,-196027,34,100,100,0,True
1716168131,19907827,4389714080462015939215360,-196027,34,100,100,0,True
1716168143,19907828,4389714080462015939215360,-196027,34,100,100,0,True
1716168155,19907829,4389714080462015939215360,-196027,34,100,100,0,True
1716168167,19907830,4389714080462015939215360,-196027,34,100,100,0,True
1716168179,19907831,4389714080462015939215360,-196027,34,100,100,0,True
1716168191,19907832,4389714080462015939215360,-196027,34,100,100,0,True
1716168203,19907833,4389714080462015939215360,-196027,34,100,100,0,True
1716168215,19907834,4389714080462015939215360,-196027,34,100,100,0,True
1716168227,19907835,4389714080462015939215360,-196027,34,100,100,0,True
1716168239,19907836,4389714080462015939215360,-196027,34,100,100,0,True
1716168251,19907837,4389714080462015939215360,-196027,34,100,100,0,True
1716168263,19907838,4389714080462015939215360,-196027,34,100,100,0,True
1716168275,19907839,4389714080462015939215360,-196027,34,100,100,0,True
1716168287,19907840,4389714080462015939215360,-196027,34,100,100,0,True
1716168299,19907841,4389714080462015939215360,-196027,34,100,100,0,True
1716168311,19907842,4389714080462015939215360,-196027,34,100,100,0,True
1716168323,19907843,4389714080462015939215360,-196027,34,100,100,0,True
1716168335,19907844,4389714080462015939215360,-196027,34,100,100,0,True
1716168347,19907845,4389714080462015939215360,-196027,34,100,100,0,True
1716168359,19907846,4389714080462015939215360,-196027,34,100,100,0,True
1716168371,19907847,4389714080462015939215360,-196027,34,100,100,0,True
1716168383,19907848,4389714080462015939215360,-196027,34,100,100,0,True
1716168395,19907849,4389714080462015939215360,-196027,34,100,100,0,True
1716168407,19907850,4389714080462015939215360,-196027,34,100,100,0,True
1716168419,19907851,4389714080462015939215360,-196027,34,100,100,0,True
1716168431,19907852,4389714080462015939215360,-196027,34,100,100,0,True
1716168443,19907853,4389714080462015939215360,-196027,34,100,100,0,True
1716168455,19907854,4389714080462015939215360,-196027,34,100,100,0,True
1716168467,19907855,4389714080462015939215360,-196027,34,100,100,0,True
1716168479,19907856,4389714080462015939215360,-196027,34,100,100,0,True
1716168491,19907857,4389714080462015939215360,-196027,34,100,100,0,True
1716168503,19907858,4389714080462015939215360,-196027,34,100,100,0,True
1716168515,19907859,4389714080462015939215360,-196027,34,100,100,0,True
1716168527,19907860,4389714080462015939215360,-196027,34,100,100,0,True
1716168539,19907861,4389714080462015939215360,-196027,34,100,100,0,True
1716168551,19907862,4389714080462015939215360,-196027,34,100,100,0,True
1716168563,19907863,4389714080462015939215360,-196027,34,100,100,0,True
1716168575,19907864,4389714080462015939215360,-196027,34,100,100,0,True
1716168587,19907865,4389714080462015939215360,-196027,34,100,100,0,True
1716168599,19907866,4389714080462015939215360,-196027,34,100,100,0,True
1716168611,19907867,4389714080462015939215360,-196027,34,100,100,0,True
1716168623,19907868,4389714080462015939215360,-196027,34,100,100,0,True
1716168635,19907869,4389714080462015939215360,-196027,34,100,100,0,True
1716168647,19907870,4389714080462015939215360,-196027,34,100,100,0,True
1716168659,19907871,4389714080462015939215360,-196027,34,100,100,0,True
1716168671,19907872,4389364637615644081127424,-196028,35,100,100,0,True
1716168683,19907873,4389364637615644081127424,-196028,35,100,100,0,True
1716168695,19907874,4389364637615644081127424,-196028,35,100,100,0,True
1716168707,19907875,4389364637615644081127424,-196028,35,100,100,0,True
1716168719,19907876,4389364637615644081127424,-196028,35,100,100,0,True
1716168731,19907877,4388438721197287007885278,-196033,36,100,100,0,True
1716168743,19907878,4387945410267637601794689,-196035,37,100,100,0,True
1716168755,19907879,4387110017406975296405504,-196039,38,100,100,0,True
1716168767,19907880,4387110017406975296405504,-196039,38,100,100,0,True
1716168779,19907881,4386442133211124770799616,-196042,39,100,100,0,True
1716168791,19907882,4384857284614076408091097,-196049,40,100,100,0,True
1716168803,19907883,4384857284614076408091097,-196049,40,100,100,0,True
1716168815,19907884,4384857284614076408091097,-196049,40,100,100,0,True
1716168827,19907885,4381282121771176357886100,-196065,41,100,100,0,True
1716168839,19907886,4381282121771176357886100,-196065,41,100,100,0,True
1716168851,19907887,4381282121771176357886100,-196065,41,100,100,0,True
1716168863,19907888,4381282121771176357886100,-196065,41,100,100,0,True
1716168875,19907889,4381282121771176357886100,-196065,41,100,100,0,True
1716168887,19907890,4381293071115125663741598,-196065,41,100,100,0,True
1716168899,19907891,4381291920139708360232149,-196065,41,100,100,0,True
1716168911,19907892,4381291920139708360232149,-196065,41,100,100,0,True
1716168923,19907893,4381291920139708360232149,-196065,41,100,100,0,True
1716168935,19907894,4381291920139708360232149,-196065,41,100,100,0,True
1716168947,19907895,4381291920139708360232149,-196065,41,100,100,0,True
1716168959,19907896,4381291920139708360232149,-196065,41,100,100,0,True
1716168971,19907897,4381291920139708360232149,-196065,41,100,100,0,True
1716168983,19907898,4381291920139708360232149,-196065,41,100,100,0,True
1716168995,19907899,4380443550464276737032192,-196069,42,100,100,0,True
1716169007,19907900,4380443550464276737032192,-196069,42,100,100,0,True
1716169019,19907901,4380443550464276737032192,-196069,42,100,100,0,True
1716169031,19907902,4380443550464276737032192,-196069,42,100,100,0,True
1716169043,19907903,4380443550464276737032192,-196069,42,100,100,0,True
1716169055,19907904,4380443550464276737032192,-196069,42,100,100,0,True
1716169067,19907905,4380443550464276737032192,-196069,42,100,100,0,True
1716169079,19907906,4380443550464276737032192,-196069,42,100,100,0,True
1716169091,19907907,4380443550464276737032192,-196069,42,100,100,0,True
1716169103,19907908,4380443550464276737032192,-196069,42,100,100,0,True
1716169115,19907909,4380443550464276737032192,-196069,42,100,100,0,True
1716169127,19907910,4380443550464276737032192,-196069,42,100,100,0,True
1716169139,19907911,4380443550464276737032192,-196069,42,100,100,0,True
1716169151,19907912,4380443550464276737032192,-196069,42,100,100,0,True
1716169163,19907913,4380443550464276737032192,-196069,42,100,100,0,True
1716169175,19907914,4380443550464276737032192,-196069,42,100,100,0,True
1716169187,19907915,4380443550464276737032192,-196069,42,100,100,0,True
1716169199,19907916,4380443550464276737032192,-196069,42,100,100,0,True
1716169211,19907917,4380443550464276737032192,-196069,42,100,100,0,True
1716169223,19907918,4380443550464276737032192,-196069,42,100,100,0,True
1716169235,19907919,4380443550464276737032192,-196069,42,100,100,0,True
1716169247,19907920,4380443550464276737032192,-196069,42,100,100,0,True
1716169259,19907921,4380443550464276737032192,-196069,42,100,100,0,True
1716169271,19907922,4380742856114671643411839,-196068,43,100,100,0,True
1716169283,19907923,4380742856114671643411839,-196068,43,100,100,0,True
1716169295,19907924,4380742856114671643411839,-196068,43,100,100,0,True
1716169307,19907925,4380742856114671643411839,-196068,43,100,100,0,True
1716169319,19907926,4380742856114671643411839,-196068,43,100,100,0,True
1716169331,19907927,4381645279789613149150362,-196064,44,100,100,0,True
1716169343,19907928,4381951731247978714198252,-196062,45,100,100,0,True
1716169355,19907929,4383345595520649786207658,-196056,46,100,100,0,True
1716169367,19907930,4383345595520649786207658,-196056,46,100,100,0,True
1716169379,19907931,4383345595520649786207658,-196056,46,100,100,0,True
1716169391,19907932,4383345595520649786207658,-196056,46,100,100,0,True
1716169403,19907933,4383345595520649786207658,-196056,46,100,100,0,True
1716169415,19907934,4383345595520649786207658,-196056,46,100,100,0,True
1716169427,19907935,4383345595520649786207658,-196056,46,100,100,0,True
1716169439,19907936,4383345595520649786207658,-196056,46,100,100,0,True
1716169451,19907937,4383701860885409461651623,-196054,47,100,100,0,True
1716169463,19907938,4384917910939231543090832,-196049,48,100,100,0,True
1716169475,19907939,4384917910939231543090832,-196049,48,100,100,0,True
1716169487,19907940,4384917910939231543090832,-196049,48,100,100,0,True
1716169499,19907941,4385400956829104839329991,-196046,49,100,100,0,True
1716169511,19907942,4385400956829104839329991,-196046,49,100,100,0,True
1716169523,19907943,4385400956829104839329991,-196046,49,100,100,0,True
1716169535,19907944,4385400956829104839329991,-196046,49,100,100,0,True
1716169547,19907945,4385400956829104839329991,-196046,49,100,100,0,True
1716169559,19907946,4385400956829104839329991,-196046,49,100,100,0,True
1716169571,19907947,4385400956829104839329991,-196046,49,100,100,0,True
1716169583,19907948,4385400956829104839329991,-196046,49,100,100,0,True
1716169595,19907949,4385400956829104839329991,-196046,49,100,100,0,True
1716169607,19907950,4385400956829104839329991,-196046,49,100,100,0,True
1716169619,19907951,4385400956829104839329991,-196046,49,100,100,0,True
1716169631,19907952,4385400956829104839329991,-196046,49,100,100,0,True
1716169643,19907953,4386486785860985538158119,-196041,50,100,100,0,True
1716169655,19907954,4388270811859623638837350,-196033,51,100,100,0,True
1716169667,19907955,4389768289063228978574571,-196027,52,100,100,0,True
1716169679,19907956,4389768289063228978574571,-196027,52,100,100,0,True
1716169691,19907957,4390080918666946674282138,-196025,53,100,100,0,True
1716169703,19907958,4390080918666946674282138,-196025,53,100,100,0,True
1716169715,19907959,4390080918666946674282138,-196025,53,100,100,0,True
1716169727,19907960,4390080918666946674282138,-196025,53,100,100,0,True
1716169739,19907961,4390080918666946674282138,-196025,53,100,100,0,True
1716169751,19907962,4390080918666946674282138,-196025,53,100,100,0,True
1716169763,19907963,4390080918666946674282138,-196025,53,100,100,0,True
1716169775,19907964,4390080918666946674282138,-196025,53,100,100,0,True
1716169787,19907965,4390080918666946674282138,-196025,53,100,100,0,True
1716169799,19907966,4390080918666946674282138,-196025,53,100,100,0,True
1716169811,19907967,4390080918666946674282138,-196025,53,100,100,0,True
1716169823,19907968,4390080918666946674282138,-196025,53,100,100,0,True
1716169835,19907969,4390080918666946674282138,-196025,53,100,100,0,True
1716169847,19907970,4390080918666946674282138,-196025,53,100,100,0,True
1716169859,19907971,4390080918666946674282138,-196025,53,100,100,0,True
1716169871,19907972,4390080918666946674282138,-196025,53,100,100,0,True
1716169883,19907973,4390080918666946674282138,-196025,53,100,100,0,True
1716169895,19907974,4390080918666946674282138,-196025,53,100,100,0,True
1716169907,19907975,4390080918666946674282138,-196025,53,100,100,0,True
1716169919,19907976,4390080918666946674282138,-196025,53,100,100,0,True
1716169931,19907977,4390080918666946674282138,-196025,53,100,100,0,True
1716169943,19907978,4390080918666946674282138,-196025,53,100,100,0,True
1716169955,19907979,4390080918666946674282138,-196025,53,100,100,0,True
1716169967,19907980,4390080918666946674282138,-196025,53,100,100,0,True
1716169979,19907981,4390080918666946674282138,-196025,53,100,100,0,True
1716169991,19907982,4390080918666946674282138,-196025,53,100,100,0,True
1716170003,19907983,4390080918666946674282138,-196025,53,100,100,0,True
1716170015,19907984,4390080918666946674282138,-196025,53,100,100,0,True
1716170027,19907985,4390080918666946674282138,-196025,53,100,100,0,True
1716170039,19907986,4390080918666946674282138,-196025,53,100,100,0,True
1716170051,19907987,4390080918666946674282138,-196025,53,100,100,0,True
1716170063,19907988,4390080918666946674282138,-196025,53,100,100,0,True
1716170075,19907989,4390080918666946674282138,-196025,53,100,100,0,True
1716170087,19907990,4390080918666946674282138,-196025,53,100,100,0,True
1716170099,19907991,4390080918666946674282138,-196025,53,100,100,0,True
1716170111,19907992,4390080918666946674282138,-196025,53,100,100,0,True
1716170123,19907993,4390080918666946674282138,-196025,53,100,100,0,True
1716170135,19907994,4390080918666946674282138,-196025,53,100,100,0,True
1716170147,19907995,4390080918666946674282138,-196025,53,100,100,0,True
1716170159,19907996,4390080918666946674282138,-196025,53,100,100,0,True
1716170171,19907997,4390080918666946674282138,-196025,53,100,100,0,True
1716170183,19907998,4390080918666946674282138,-196025,53,100,100,0,True
1716170195,19907999,4390080918666946674282138,-196025,53,100,100,0,True
1716170207,19908000,4390080918666946674282138,-196025,53,100,100,0,True
1716170219,19908001,4390080918666946674282138,-196025,53,100,100,0,True
1716170231,19908002,4390080918666946674282138,-196025,53,100,100,0,True
1716170243,19908003,4390080918666946674282138,-196025,53,100,100,0,True
1716170255,19908004,4390080918666946674282138,-196025,53,100,100,0,True
1716170267,19908005,4390080918666946674282138,-196025,53,100,100,0,True
1716170279,19908006,4390080918666946674282138,-196025,53,100,100,0,True
1716170291,19908007,4390080918666946674282138,-196025,53,100,100,0,True
1716170303,19908008,4390080918666946674282138,-196025,53,100,100,0,True
1716170315,19908009,4390080918666946674282138,-196025,53,100,100,0,True
1716170327,19908010,4390080918666946674282138,-196025,53,100,100,0,True
1716170339,19908011,4390080918666946674282138,-196025,53,100,100,0,True
1716170351,19908012,4390080918666946674282138,-196025,53,100,100,0,True
1716170363,19908013,4390080918666946674282138,-196025,53,100,100,0,True
1716170375,19908014,4390080918666946674282138,-196025,53,100,100,0,True
1716170387,19908015,4390080918666946674282138,-196025,53,100,100,0,True
1716170399,19908016,4390080918666946674282138,-196025,53,100,100,0,True
1716170411,19908017,4390119708426254430317896,-196025,53,100,100,0,True
1716170423,19908018,4390119708426254430317896,-196025,53,100,100,0,True
1716170435,19908019,4390119708426254430317896,-196025,53,100,100,0,True
1716170447,19908020,4390119708426254430317896,-196025,53,100,100,0,True
1716170459,19908021,4390119708426254430317896,-196025,53,100,100,0,True
1716170471,19908022,4390119708426254430317896,-196025,53,100,100,0,True
1716170483,19908023,4390119708426254430317896,-196025,53,100,100,0,True
1716170495,19908024,4390119708426254430317896,-196025,53,100,100,0,True
1716170507,19908025,4390119708426254430317896,-196025,53,100,100,0,True
1716170519,19908026,4390119708426254430317896,-196025,53,100,100,0,True
1716170531,19908027,4390119708426254430317896,-196025,53,100,100,0,True
1716170543,19908028,4390119708426254430317896,-196025,53,100,100,0,True
1716170555,19908029,4390119708426254430317896,-196025,53,100,100,0,True
1716170567,19908030,4390119708426254430317896,-196025,53,100,100,0,True
1716170579,19908031,4390119708426254430317896,-196025,53,100,100,0,True
1716170591,19908032,4390119708426254430317896,-196025,53,100,100,0,True
1716170603,19908033,4390119708426254430317896,-196025,53,100,100,0,True
1716170615,19908034,4390119708426254430317896,-196025,53,100,100,0,True
1716170627,19908035,4390119708426254430317896,-196025,53,100,100,0,True
1716170639,19908036,4390119708426254430317896,-196025,53,100,100,0,True
1716170651,19908037,4390119708426254430317896,-196025,53,100,100,0,True
1716170663,19908038,4390510568458041042283082,-196023,54,100,100,0,True
1716170675,19908039,4390510568458041042283082,-196023,54,100,100,0,True
1716170687,19908040,4390941580365586325795243,-196021,55,100,100,0,True
1716170699,19908041,4390941580365586325795243,-196021,55,100,100,0,True
1716170711,19908042,4390941580365586325795243,-196021,55,100,100,0,True
1716170723,19908043,4390941580365586325795243,-196021,55,100,100,0,True
1716170735,19908044,4390949102260572866992344,-196021,55,100,100,0,True
1716170747,19908045,4390949102260572866992344,-196021,55,100,100,0,True
1716170759,19908046,4390949102260572866992344,-196021,55,100,100,0,True
1716170771,19908047,4390961450316428048147319,-196021,55,100,100,0,True
1716170783,19908048,4390961450316428048147319,-196021,55,100,100,0,True
1716170795,19908049,4390961450316428048147319,-196021,55,100,100,0,True
1716170807,19908050,4390961450316428048147319,-196021,55,100,100,0,True
1716170819,19908051,4393000498327818447604408,-196012,56,100,100,0,True
1716170831,19908052,4394022263596236959101199,-196007,57,100,100,0,True
1716170843,19908053,4394022263596236959101199,-196007,57,100,100,0,True
1716170855,19908054,4394022263596236959101199,-196007,57,100,100,0,True
1716170879,19908055,4394022263596236959101199,-196007,57,100,100,0,True
1716170891,19908056,4394022263596236959101199,-196007,57,100,100,0,True
1716170903,19908057,4394022263596236959101199,-196007,57,100,100,0,True
1716170915,19908058,4394022263596236959101199,-196007,57,100,100,0,True
1716170927,19908059,4394022263596236959101199,-196007,57,100,100,0,True
1716170939,19908060,4394022263596236959101199,-196007,57,100,100,0,True
1716170951,19908061,4394574545076880404680055,-196005,58,100,100,0,True
1716170963,19908062,4394574545076880404680055,-196005,58,100,100,0,True
1716170975,19908063,4394574545076880404680055,-196005,58,100,100,0,True
1716170987,19908064,4394574545076880404680055,-196005,58,100,100,0,True
1716170999,19908065,4394574545076880404680055,-196005,58,100,100,0,True
1716171011,19908066,4394574545076880404680055,-196005,58,100,100,0,True
1716171023,19908067,4394574545076880404680055,-196005,58,100,100,0,True
1716171035,19908068,4394574545076880404680055,-196005,58,100,100,0,True
1716171047,19908069,4394574545076880404680055,-196005,58,100,100,0,True
1716171059,19908070,4394574545076880404680055,-196005,58,100,100,0,True
1716171071,19908071,4394574545076880404680055,-196005,58,100,100,0,True
1716171083,19908072,4394574545076880404680055,-196005,58,100,100,0,True
1716171095,19908073,4394574545076880404680055,-196005,58,100,100,0,True
1716171107,19908074,4394574545076880404680055,-196005,58,100,100,0,True
1716171119,19908075,4394574545076880404680055,-196005,58,100,100,0,True
1716171131,19908076,4394574545076880404680055,-196005,58,100,100,0,True
1716171143,19908077,4394574545076880404680055,-196005,58,100,100,0,True
1716171155,19908078,4394574545076880404680055,-196005,58,100,100,0,True
1716171167,19908079,4394574545076880404680055,-196005,58,100,100,0,True
1716171179,19908080,4394574545076880404680055,-196005,58,100,100,0,True
1716171191,19908081,4394574545076880404680055,-196005,58,100,100,0,True
1716171203,19908082,4394574545076880404680055,-196005,58,100,100,0,True
1716171215,19908083,4394574545076880404680055,-196005,58,100,100,0,True
1716171227,19908084,4394574545076880404680055,-196005,58,100,100,0,True
1716171239,19908085,4394574545076880404680055,-196005,58,100,100,0,True
1716171251,19908086,4394574545076880404680055,-196005,58,100,100,0,True
1716171263,19908087,4394574545076880404680055,-196005,58,100,100,0,True
1716171287,19908088,4394574545076880404680055,-196005,58,100,100,0,True
1716171299,19908089,4394574545076880404680055,-196005,58,100,100,0,True
1716171311,19908090,4394574545076880404680055,-196005,58,100,100,0,True
1716171323,19908091,4394574545076880404680055,-196005,58,100,100,0,True
1716171335,19908092,4394574545076880404680055,-196005,58,100,100,0,True
1716171347,19908093,4394574545076880404680055,-196005,58,100,100,0,True
1716171359,19908094,4394574545076880404680055,-196005,58,100,100,0,True
1716171371,19908095,4394574545076880404680055,-196005,58,100,100,0,True
1716171383,19908096,4394574545076880404680055,-196005,58,100,100,0,True
1716171395,19908097,4394574545076880404680055,-196005,58,100,100,0,True
1716171407,19908098,4394574545076880404680055,-196005,59,100,100,0,True
1716171419,19908099,4394574545076880404680055,-196005,59,100,100,0,True
1716171431,19908100,4394574545076880404680055,-196005,59,100,100,0,True
1716171443,19908101,4394574545076880404680055,-196005,59,100,100,0,True
1716171455,19908102,4394574545076880404680055,-196005,59,100,100,0,True
1716171467,19908103,4394574545076880404680055,-196005,59,100,100,0,True
1716171479,19908104,4394574545076880404680055,-196005,59,100,100,0,True
1716171491,19908105,4394574545076880404680055,-196005,59,100,100,0,True
1716171503,19908106,4394574545076880404680055,-196005,59,100,100,0,True
1716171515,19908107,4394574545076880404680055,-196005,59,100,100,0,True
1716171527,19908108,4394574545076880404680055,-196005,59,100,100,0,True
1716171539,19908109,4394574545076880404680055,-196005,59,100,100,0,True
1716171551,19908110,4394574545076880404680055,-196005,59,100,100,0,True
1716171563,19908111,4394574545076880404680055,-196005,59,100,100,0,True
1716171575,19908112,4394574545076880404680055,-196005,59,100,100,0,True
1716171587,19908113,4394574545076880404680055,-196005,59,100,100,0,True
1716171599,19908114,4395374347320738862596096,-196001,60,100,100,0,True
1716171611,19908115,4395374347320738862596096,-196001,60,100,100,0,True
1716171623,19908116,4395374347320738862596096,-196001,60,100,100,0,True
1716171635,19908117,4395386828583842110959521,-196001,60,100,100,0,True
1716171647,19908118,4395386828583842110959521,-196001,60,100,100,0,True
1716171659,19908119,4395386828583842110959521,-196001,60,100,100,0,True
1716171671,19908120,4395386828583842110959521,-196001,60,100,100,0,True
1716171683,19908121,4395386828583842110959521,-196001,60,100,100,0,True
1716171695,19908122,4395386828583842110959521,-196001,60,100,100,0,True
1716171707,19908123,4395386828583842110959521,-196001,60,100,100,0,True
1716171719,19908124,4395386828583842110959521,-196001,60,100,100,0,True
1716171731,19908125,4395386828583842110959521,-196001,60,100,100,0,True
1716171743,19908126,4395386828583842110959521,-196001,60,100,100,0,True
1716171755,19908127,4395386828583842110959521,-196001,60,100,100,0,True
1716171767,19908128,4395386828583842110959521,-196001,60,100,100,0,True
1716171779,19908129,4395386828583842110959521,-196001,60,100,100,0,True
1716171791,19908130,4395386828583842110959521,-196001,60,100,100,0,True
1716171803,19908131,4395386828583842110959521,-196001,60,100,100,0,True
1716171815,19908132,4395386828583842110959521,-196001,60,100,100,0,True
1716171827,19908133,4395386828583842110959521,-196001,60,100,100,0,True
1716171839,19908134,4395386828583842110959521,-196001,60,100,100,0,True
1716171851,19908135,4395386828583842110959521,-196001,60,100,100,0,True
1716171863,19908136,4395386828583842110959521,-196001,60,100,100,0,True
1716171875,19908137,4395386828583842110959521,-196001,60,100,100,0,True
1716171887,19908138,4395386828583842110959521,-196001,60,100,100,0,True
1716171899,19908139,4395386828583842110959521,-196001,60,100,100,0,True
1716171911,19908140,4395386828583842110959521,-196001,60,100,100,0,True
1716171923,19908141,4395386828583842110959521,-196001,60,100,100,0,True
1716171935,19908142,4395386828583842110959521,-196001,60,100,100,0,True
1716171947,19908143,4395386828583842110959521,-196001,60,100,100,0,True
1716171959,19908144,4395386828583842110959521,-196001,60,100,100,0,True
1716171971,19908145,4395386828583842110959521,-196001,60,100,100,0,True
1716171983,19908146,4395386828583842110959521,-196001,60,100,100,0,True
1716171995,19908147,4395386828583842110959521,-196001,60,100,100,0,True
1716172007,19908148,4395386828583842110959521,-196001,60,100,100,0,True
1716172019,19908149,4395386828583842110959521,-196001,60,100,100,0,True
1716172031,19908150,4395386828583842110959521,-196001,60,100,100,0,True
1716172043,19908151,4395386828583842110959521,-196001,60,100,100,0,True
1716172055,19908152,4395386828583842110959521,-196001,60,100,100,0,True
1716172067,19908153,4395386828583842110959521,-196001,60,100,100,0,True
1716172079,19908154,4395386828583842110959521,-196001,60,100,100,0,True
1716172091,19908155,4395386828583842110959521,-196001,60,100,100,0,True
1716172103,19908156,4395386828583842110959521,-196001,60,100,100,0,True
1716172115,19908157,4395386828583842110959521,-196001,60,100,100,0,True
1716172127,19908158,4395386828583842110959521,-196001,60,100,100,0,True
1716172139,19908159,4395386828583842110959521,-196001,60,100,100,0,True
1716172151,19908160,4395816901830552373288498,-195999,61,100,100,0,True
1716172163,19908161,4395816901830552373288498,-195999,61,100,100,0,True
1716172175,19908162,4396599356407454661880947,-195995,62,100,100,0,True
1716172187,19908163,4397678817344663827858363,-195991,63,100,100,0,True
1716172199,19908164,4397678817344663827858363,-195991,63,100,100,0,True
1716172211,19908165,4397678817344663827858363,-195991,63,100,100,0,True
1716172223,19908166,4397678817344663827858363,-195991,63,100,100,0,True
1716172235,19908167,4397678817344663827858363,-195991,63,100,100,0,True
1716172247,19908168,4397678817344663827858363,-195991,63,100,100,0,True
1716172259,19908169,4397678817344663827858363,-195991,63,100,100,0,True
1716172271,19908170,4397678817344663827858363,-195991,63,100,100,0,True
1716172283,19908171,4397678817344663827858363,-195991,63,100,100,0,True
1716172295,19908172,4397678817344663827858363,-195991,63,100,100,0,True
1716172307,19908173,4397678817344663827858363,-195991,63,100,100,0,True
1716172319,19908174,4397678817344663827858363,-195991,63,100,100,0,True
1716172331,19908175,4397678817344663827858363,-195991,63,100,100,0,True
1716172343,19908176,4397678817344663827858363,-195991,63,100,100,0,True
1716172355,19908177,4397678817344663827858363,-195991,63,100,100,0,True
1716172367,19908178,4397678817344663827858363,-195991,63,100,100,0,True
1716172379,19908179,4397678817344663827858363,-195991,63,100,100,0,True
1716172391,19908180,4397678817344663827858363,-195991,63,100,100,0,True
1716172403,19908181,4397678817344663827858363,-195991,63,100,100,0,True
1716172415,19908182,4397678817344663827858363,-195991,63,100,100,0,True
1716172427,19908183,4397678817344663827858363,-195991,63,100,100,0,True
1716172439,19908184,4397678817344663827858363,-195991,63,100,100,0,True
1716172451,19908185,4397678817344663827858363,-195991,63,100,100,0,True
1716172463,19908186,4397678817344663827858363,-195991,63,100,100,0,True
1716172475,19908187,4397678817344663827858363,-195991,63,100,100,0,True
1716172487,19908188,4397678817344663827858363,-195991,63,100,100,0,True
1716172499,19908189,4397678817344663827858363,-195991,63,100,100,0,True
1716172511,19908190,4397678817344663827858363,-195991,63,100,100,0,True
1716172523,19908191,4397678817344663827858363,-195991,63,100,100,0,True
1716172535,19908192,4397678817344663827858363,-195991,63,100,100,0,True
1716172547,19908193,4397678817344663827858363,-195991,63,100,100,0,True
1716172559,19908194,4397678817344663827858363,-195991,63,100,100,0,True
1716172571,19908195,4397678817344663827858363,-195991,63,100,100,0,True
1716172583,19908196,4397678817344663827858363,-195991,63,100,100,0,True
1716172595,19908197,4397678817344663827858363,-195991,63,100,100,0,True
1716172607,19908198,4397678817344663827858363,-195991,63,100,100,0,True
1716172619,19908199,4397678817344663827858363,-195991,63,100,100,0,True
1716172631,19908200,4397678817344663827858363,-195991,63,100,100,0,True
1716172643,19908201,4397678817344663827858363,-195991,63,100,100,0,True
1716172655,19908202,4397678817344663827858363,-195991,63,100,100,0,True
1716172667,19908203,4397678817344663827858363,-195991,63,100,100,0,True
1716172679,19908204,4397678817344663827858363,-195991,63,100,100,0,True
1716172691,19908205,4397678817344663827858363,-195991,63,100,100,0,True
1716172703,19908206,4397678817344663827858363,-195991,63,100,100,0,True
1716172715,19908207,4397678817344663827858363,-195991,63,100,100,0,True
1716172727,19908208,4397678817344663827858363,-195991,63,100,100,0,True
1716172739,19908209,4397678817344663827858363,-195991,63,100,100,0,True
1716172751,19908210,4397678817344663827858363,-195991,63,100,100,0,True
1716172763,19908211,4397678817344663827858363,-195991,63,100,100,0,True
1716172775,19908212,4397678817344663827858363,-195991,63,100,100,0,True
1716172787,19908213,4397678817344663827858363,-195991,63,100,100,0,True
1716172799,19908214,4397678817344663827858363,-195991,63,100,100,0,True
1716172811,19908215,4397678817344663827858363,-195991,63,100,100,0,True
1716172823,19908216,4397678817344663827858363,-195991,63,100,100,0,True
1716172835,19908217,4397678817344663827858363,-195991,63,100,100,0,True
1716172847,19908218,4397678817344663827858363,-195991,63,100,100,0,True
1716172859,19908219,4397678817344663827858363,-195991,63,100,100,0,True
1716172871,19908220,4397678817344663827858363,-195991,63,100,100,0,True
1716172883,19908221,4397678817344663827858363,-195991,63,100,100,0,True
1716172895,19908222,4399720183769283743224374,-195981,64,100,100,0,True
1716172907,19908223,4399720183769283743224374,-195981,64,100,100,0,True
1716172919,19908224,4399720183769283743224374,-195981,64,100,100,0,True
1716172931,19908225,4399720240781736637042896,-195981,64,100,100,0,True
1716172943,19908226,4399720240781736637042896,-195981,64,100,100,0,True
1716172955,19908227,4399720240781736637042896,-195981,64,100,100,0,True
1716172967,19908228,4399720240781736637042896,-195981,64,100,100,0,True
1716172979,19908229,4399720240781736637042896,-195981,64,100,100,0,True
1716172991,19908230,4399720240781736637042896,-195981,64,100,100,0,True
1716173003,19908231,4399720240781736637042896,-195981,64,100,100,0,True
1716173015,19908232,4399720240781736637042896,-195981,64,100,100,0,True
1716173027,19908233,4399720240781736637042896,-195981,64,100,100,0,True
1716173039,19908234,4399720240781736637042896,-195981,64,100,100,0,True
1716173051,19908235,4399720240781736637042896,-195981,64,100,100,0,True
1716173063,19908236,4399720240781736637042896,-195981,64,100,100,0,True
1716173075,19908237,4399720240781736637042896,-195981,64,100,100,0,True
1716173087,19908238,4399720240781736637042896,-195981,64,100,100,0,True
1716173099,19908239,4399720240781736637042896,-195981,64,100,100,0,True
1716173111,19908240,4399720240781736637042896,-195981,64,100,100,0,True
1716173123,19908241,4399720240781736637042896,-195981,64,100,100,0,True
1716173135,19908242,4399720240781736637042896,-195981,64,100,100,0,True
1716173147,19908243,4399720240781736637042896,-195981,64,100,100,0,True
1716173159,19908244,4399720240781736637042896,-195981,64,100,100,0,True
1716173171,19908245,4399720240781736637042896,-195981,64,100,100,0,True
1716173183,19908246,4399720240781736637042896,-195981,64,100,100,0,True
1716173195,19908247,4399720240781736637042896,-195981,64,100,100,0,True
1716173207,19908248,4399720240781736637042896,-195981,64,100,100,0,True
1716173219,19908249,4399720240781736637042896,-195981,64,100,100,0,True
1716173231,19908250,4399720240781736637042896,-195981,64,100,100,0,True
1716173243,19908251,4399720240781736637042896,-195981,64,100,100,0,True
1716173255,19908252,4399720240781736637042896,-195981,64,100,100,0,True
1716173267,19908253,4399720240781736637042896,-195981,64,100,100,0,True
1716173279,19908254,4399720240781736637042896,-195981,64,100,100,0,True
1716173291,19908255,4399720240781736637042896,-195981,64,100,100,0,True
1716173303,19908256,4399720240781736637042896,-195981,64,100,100,0,True
1716173315,19908257,4399720240781736637042896,-195981,64,100,100,0,True
1716173327,19908258,4399720240781736637042896,-195981,64,100,100,0,True
1716173339,19908259,4399720240781736637042896,-195981,64,100,100,0,True
1716173351,19908260,4399720240781736637042896,-195981,64,100,100,0,True
1716173363,19908261,4399720240781736637042896,-195981,64,100,100,0,True
1716173375,19908262,4399720240781736637042896,-195981,64,100,100,0,True
1716173387,19908263,4399720240781736637042896,-195981,64,100,100,0,True
1716173399,19908264,4399720240781736637042896,-195981,64,100,100,0,True
1716173411,19908265,4399720240781736637042896,-195981,64,100,100,0,True
1716173423,19908266,4399720240781736637042896,-195981,64,100,100,0,True
1716173435,19908267,4399720240781736637042896,-195981,64,100,100,0,True
1716173447,19908268,4399720240781736637042896,-195981,64,100,100,0,True
1716173459,19908269,4399720240781736637042896,-195981,64,100,100,0,True
1716173471,19908270,4399720240781736637042896,-195981,64,100,100,0,True
1716173483,19908271,4399720240781736637042896,-195981,64,100,100,0,True
1716173495,19908272,4399720240781736637042896,-195981,64,100,100,0,True
1716173507,19908273,4399720240781736637042896,-195981,64,100,100,0,True
1716173519,19908274,4399720240781736637042896,-195981,64,100,100,0,True
1716173531,19908275,4399720240781736637042896,-195981,64,100,100,0,True
1716173543,19908276,4399720240781736637042896,-195981,64,100,100,0,True
1716173555,19908277,4399720240781736637042896,-195981,64,100,100,0,True
1716173567,19908278,4399720240781736637042896,-195981,64,100,100,0,True
1716173579,19908279,4399720240781736637042896,-195981,64,100,100,0,True
1716173591,19908280,4399720240781736637042896,-195981,64,100,100,0,True
1716173603,19908281,4399720240781736637042896,-195981,64,100,100,0,True
1716173615,19908282,4399720240781736637042896,-195981,64,100,100,0,True
1716173627,19908283,4399720240781736637042896,-195981,64,100,100,0,True
1716173639,19908284,4399720240781736637042896,-195981,64,100,100,0,True
1716173651,19908285,4399720240781736637042896,-195981,64,100,100,0,True
1716173663,19908286,4399720240781736637042896,-195981,64,100,100,0,True
1716173675,19908287,4399720240781736637042896,-195981,64,100,100,0,True
1716173687,19908288,4399720240781736637042896,-195981,64,100,100,0,True
1716173699,19908289,4399720240781736637042896,-195981,64,100,100,0,True
1716173711,19908290,4399720240781736637042896,-195981,64,100,100,0,True
1716173723,19908291,4399720240781736637042896,-195981,64,100,100,0,True
1716173735,19908292,4399720240781736637042896,-195981,64,100,100,0,True
1716173747,19908293,4399720240781736637042896,-195981,64,100,100,0,True
1716173759,19908294,4399720240781736637042896,-195981,64,100,100,0,True
1716173771,19908295,4399720240781736637042896,-195981,64,100,100,0,True
1716173783,19908296,4399720240781736637042896,-195981,64,100,100,0,True
1716173795,19908297,4399720240781736637042896,-195981,64,100,100,0,True
1716173807,19908298,4399720240781736637042896,-195981,64,100,100,0,True
1716173819,19908299,4399720240781736637042896,-195981,64,100,100,0,True
1716173831,19908300,4399720240781736637042896,-195981,64,100,100,0,True
1716173843,19908301,4399717723373754117821222,-195981,64,100,100,0,True
1716173855,19908302,4399717723373754117821222,-195981,64,100,100,0,True
1716173867,19908303,4399717723373754117821222,-195981,64,100,100,0,True
1716173879,19908304,4399717723373754117821222,-195981,64,100,100,0,True
1716173891,19908305,4399717723373754117821222,-195981,64,100,100,0,True
1716173903,19908306,4399717723373754117821222,-195981,64,100,100,0,True
1716173915,19908307,4399717723373754117821222,-195981,64,100,100,0,True
1716173927,19908308,4399717723373754117821222,-195981,64,100,100,0,True
1716173939,19908309,4399717723373754117821222,-195981,64,100,100,0,True
1716173951,19908310,4399717723373754117821222,-195981,64,100,100,0,True
1716173963,19908311,4399717723373754117821222,-195981,64,100,100,0,True
1716173975,19908312,4399717723373754117821222,-195981,64,100,100,0,True
1716173987,19908313,4399717723373754117821222,-195981,64,100,100,0,True
1716173999,19908314,4399718514118309689767782,-195981,64,100,100,0,True
1716174011,19908315,4399718514118309689767782,-195981,64,100,100,0,True
1716174023,19908316,4399718514118309689767782,-195981,64,100,100,0,True
1716174035,19908317,4399718514118309689767782,-195981,64,100,100,0,True
1716174047,19908318,4399718514118309689767782,-195981,64,100,100,0,True
1716174059,19908319,4399718514118309689767782,-195981,64,100,100,0,True
1716174071,19908320,4399718514118309689767782,-195981,64,100,100,0,True
1716174083,19908321,4399718514118309689767782,-195981,64,100,100,0,True
1716174095,19908322,4399718514118309689767782,-195981,64,100,100,0,True
1716174107,19908323,4399718514118309689767782,-195981,64,100,100,0,True
1716174119,19908324,4400553637673831410576578,-195977,65,100,100,0,True
1716174131,19908325,4400916272319615654417909,-195976,66,100,100,0,True
1716174143,19908326,4400916272319615654417909,-195976,66,100,100,0,True
1716174155,19908327,4400916272319615654417909,-195976,66,100,100,0,True
1716174167,19908328,4401342863061809536067227,-195974,67,100,100,0,True
1716174179,19908329,4401342863061809536067227,-195974,67,100,100,0,True
1716174191,19908330,4401342863061809536067227,-195974,67,100,100,0,True
1716174203,19908331,4402148147261513466111186,-195970,68,100,100,0,True
1716174215,19908332,4402148147261513466111186,-195970,68,100,100,0,True
1716174227,19908333,4402148147261513466111186,-195970,68,100,100,0,True
1716174239,19908334,4402148147261513466111186,-195970,68,100,100,0,True
1716174251,19908335,4402148147261513466111186,-195970,68,100,100,0,True
1716174263,19908336,4402148147261513466111186,-195970,68,100,100,0,True
1716174275,19908337,4402148147261513466111186,-195970,68,100,100,0,True
1716174287,19908338,4402148147261513466111186,-195970,68,100,100,0,True
1716174299,19908339,4402148147261513466111186,-195970,68,100,100,0,True
1716174311,19908340,4402148147261513466111186,-195970,68,100,100,0,True
1716174323,19908341,4402148147261513466111186,-195970,68,100,100,0,True
1716174335,19908342,4402148147261513466111186,-195970,68,100,100,0,True
1716174347,19908343,4402148147261513466111186,-195970,68,100,100,0,True
1716174359,19908344,4402148147261513466111186,-195970,68,100,100,0,True
1716174371,19908345,4402148147261513466111186,-195970,68,100,100,0,True
1716174383,19908346,4403040615794464439844416,-195966,69,100,100,0,True
1716174395,19908347,4403040615794464439844416,-195966,69,100,100,0,True
1716174407,19908348,4403040615794464439844416,-195966,69,100,100,0,True
1716174419,19908349,4403040615794464439844416,-195966,69,100,100,0,True
1716174431,19908350,4403040615794464439844416,-195966,69,100,100,0,True
1716174443,19908351,4403040615794464439844416,-195966,69,100,100,0,True
1716174455,19908352,4403040615794464439844416,-195966,69,100,100,0,True
1716174467,19908353,4403040615794464439844416,-195966,69,100,100,0,True
1716174479,19908354,4403040615794464439844416,-195966,69,100,100,0,True
1716174491,19908355,4403040615794464439844416,-195966,69,100,100,0,True
1716174503,19908356,4404410087952877417170326,-195960,70,100,100,0,True
1716174515,19908357,4404410087952877417170326,-195960,70,100,100,0,True
1716174527,19908358,4404410087952877417170326,-195960,70,100,100,0,True
1716174539,19908359,4404416399910548044217056,-195960,70,100,100,0,True
1716174551,19908360,4404416399910548044217056,-195960,70,100,100,0,True
1716174563,19908361,4404416399910548044217056,-195960,70,100,100,0,True
1716174575,19908362,4404416399910548044217056,-195960,70,100,100,0,True
1716174587,19908363,4404416399910548044217056,-195960,70,100,100,0,True
1716174599,19908364,4404470237270703334935992,-195960,70,100,100,0,True
1716174611,19908365,4404470237270703334935992,-195960,70,100,100,0,True
1716174623,19908366,4404470237270703334935992,-195960,70,100,100,0,True
1716174635,19908367,4404470237270703334935992,-195960,70,100,100,0,True
1716174647,19908368,4404470237270703334935992,-195960,70,100,100,0,True
1716174659,19908369,4404470237270703334935992,-195960,70,100,100,0,True
1716174671,19908370,4404470237270703334935992,-195960,70,100,100,0,True
1716174683,19908371,4404470237270703334935992,-195960,70,100,100,0,True
1716174695,19908372,4404470237270703334935992,-195960,70,100,100,0,True
1716174707,19908373,4404470237270703334935992,-195960,70,100,100,0,True
1716174719,19908374,4404470237270703334935992,-195960,70,100,100,0,True
1716174731,19908375,4404470237270703334935992,-195960,70,100,100,0,True
1716174743,19908376,4404470237270703334935992,-195960,70,100,100,0,True
1716174755,19908377,4404470237270703334935992,-195960,70,100,100,0,True
1716174767,19908378,4404470237270703334935992,-195960,70,100,100,0,True
1716174779,19908379,4404470237270703334935992,-195960,70,100,100,0,True
1716174791,19908380,4404470237270703334935992,-195960,70,100,100,0,True
1716174803,19908381,4404470237270703334935992,-195960,70,100,100,0,True
1716174815,19908382,4404470237270703334935992,-195960,70,100,100,0,True
1716174827,19908383,4404470237270703334935992,-195960,70,100,100,0,True
1716174839,19908384,4404470237270703334935992,-195960,70,100,100,0,True
1716174851,19908385,4404470237270703334935992,-195960,70,100,100,0,True
1716174863,19908386,4404470237270703334935992,-195960,70,100,100,0,True
1716174875,19908387,4404470237270703334935992,-195960,70,100,100,0,True
1716174887,19908388,4404470237270703334935992,-195960,70,100,100,0,True
1716174899,19908389,4404470237270703334935992,-195960,70,100,100,0,True
1716174911,19908390,4404470237270703334935992,-195960,70,100,100,0,True
1716174923,19908391,4404470237270703334935992,-195960,70,100,100,0,True
1716174935,19908392,4404470237270703334935992,-195960,70,100,100,0,True
1716174947,19908393,4404470237270703334935992,-195960,70,100,100,0,True
1716174959,19908394,4404470237270703334935992,-195960,70,100,100,0,True
1716174971,19908395,4404470237270703334935992,-195960,70,100,100,0,True
1716174983,19908396,4404470237270703334935992,-195960,70,100,100,0,True
1716174995,19908397,4404462330486763101153166,-195960,70,100,100,0,True
1716175007,19908398,4404462330486763101153166,-195960,70,100,100,0,True
1716175019,19908399,4404462330486763101153166,-195960,70,100,100,0,True
1716175031,19908400,4404462330486763101153166,-195960,70,100,100,0,True
1716175043,19908401,4404462330486763101153166,-195960,70,100,100,0,True
1716175055,19908402,4404462330486763101153166,-195960,70,100,100,0,True
1716175067,19908403,4404462330486763101153166,-195960,70,100,100,0,True
1716175079,19908404,4404462330486763101153166,-195960,70,100,100,0,True
1716175091,19908405,4404462330486763101153166,-195960,70,100,100,0,True
1716175103,19908406,4404462330486763101153166,-195960,70,100,100,0,True
1716175115,19908407,4404462330486763101153166,-195960,70,100,100,0,True
1716175127,19908408,4404462330486763101153166,-195960,70,100,100,0,True
1716175139,19908409,4404462330486763101153166,-195960,70,100,100,0,True
1716175151,19908410,4404462330486763101153166,-195960,70,100,100,0,True
1716175163,19908411,4404462330486763101153166,-195960,70,100,100,0,True
1716175175,19908412,4404462330486763101153166,-195960,70,100,100,0,True
1716175187,19908413,4404462330486763101153166,-195960,70,100,100,0,True
1716175199,19908414,4404462330486763101153166,-195960,70,100,100,0,True
1716175211,19908415,4404462330486763101153166,-195960,70,100,100,0,True
1716175223,19908416,4404462330486763101153166,-195960,70,100,100,0,True
1716175235,19908417,4404462330486763101153166,-195960,70,100,100,0,True
1716175247,19908418,4404462330486763101153166,-195960,70,100,100,0,True
1716175259,19908419,4404462330486763101153166,-195960,70,100,100,0,True
1716175271,19908420,4404462330486763101153166,-195960,70,100,100,0,True
1716175283,19908421,4404462330486763101153166,-195960,70,100,100,0,True
1716175295,19908422,4404462330486763101153166,-195960,70,100,100,0,True
1716175307,19908423,4404462330486763101153166,-195960,70,100,100,0,True
1716175319,19908424,4404462330486763101153166,-195960,70,100,100,0,True
1716175331,19908425,4404462330486763101153166,-195960,70,100,100,0,True
1716175343,19908426,4404462330486763101153166,-195960,70,100,100,0,True
1716175355,19908427,4404462330486763101153166,-195960,70,100,100,0,True
1716175367,19908428,4404462330486763101153166,-195960,70,100,100,0,True
1716175379,19908429,4404462330486763101153166,-195960,70,100,100,0,True
1716175391,19908430,4404462330486763101153166,-195960,70,100,100,0,True
1716175403,19908431,4404462330486763101153166,-195960,70,100,100,0,True
1716175415,19908432,4404462330486763101153166,-195960,70,100,100,0,True
1716175427,19908433,4404462330486763101153166,-195960,70,100,100,0,True
1716175439,19908434,4404462330486763101153166,-195960,70,100,100,0,True
1716175451,19908435,4404462330486763101153166,-195960,70,100,100,0,True
1716175463,19908436,4404462330486763101153166,-195960,70,100,100,0,True
1716175487,19908437,4404462330486763101153166,-195960,70,100,100,0,True
1716175499,19908438,4404462330486763101153166,-195960,70,100,100,0,True
1716175511,19908439,4404462330486763101153166,-195960,70,100,100,0,True
1716175523,19908440,4404462330486763101153166,-195960,70,100,100,0,True
1716175535,19908441,4404462330486763101153166,-195960,70,100,100,0,True
1716175547,19908442,4404462330486763101153166,-195960,70,100,100,0,True
1716175559,19908443,4404462330486763101153166,-195960,70,100,100,0,True
1716175571,19908444,4404462330486763101153166,-195960,70,100,100,0,True
1716175583,19908445,4404462330486763101153166,-195960,70,100,100,0,True
1716175595,19908446,4404462330486763101153166,-195960,70,100,100,0,True
1716175607,19908447,4404462330486763101153166,-195960,70,100,100,0,True
1716175619,19908448,4404462330486763101153166,-195960,70,100,100,0,True
1716175631,19908449,4404462330486763101153166,-195960,70,100,100,0,True
1716175643,19908450,4404462330486763101153166,-195960,70,100,100,0,True
1716175655,19908451,4404462330486763101153166,-195960,70,100,100,0,True
1716175667,19908452,4404462330486763101153166,-195960,70,100,100,0,True
1716175679,19908453,4404462330486763101153166,-195960,70,100,100,0,True
1716175691,19908454,4404462330486763101153166,-195960,70,100,100,0,True
1716175703,19908455,4404462330486763101153166,-195960,70,100,100,0,True
1716175715,19908456,4404462330486763101153166,-195960,70,100,100,0,True
1716175727,19908457,4404462330486763101153166,-195960,70,100,100,0,True
1716175739,19908458,4404462330486763101153166,-195960,70,100,100,0,True
1716175751,19908459,4404462330486763101153166,-195960,70,100,100,0,True
1716175763,19908460,4404462330486763101153166,-195960,70,100,100,0,True
1716175775,19908461,4404462330486763101153166,-195960,70,100,100,0,True
1716175787,19908462,4404462330486763101153166,-195960,70,100,100,0,True
1716175799,19908463,4404462330486763101153166,-195960,70,100,100,0,True
1716175811,19908464,4404462330486763101153166,-195960,70,100,100,0,True
1716175823,19908465,4404462330486763101153166,-195960,70,100,100,0,True
1716175835,19908466,4404462330486763101153166,-195960,70,100,100,0,True
1716175847,19908467,4404462330486763101153166,-195960,70,100,100,0,True
1716175859,19908468,4404462330486763101153166,-195960,70,100,100,0,True
1716175871,19908469,4404462330486763101153166,-195960,70,100,100,0,True
1716175883,19908470,4404462330486763101153166,-195960,70,100,100,0,True
1716175895,19908471,4404462330486763101153166,-195960,70,100,100,0,True
1716175907,19908472,4404462330486763101153166,-195960,70,100,100,0,True
1716175919,19908473,4404462330486763101153166,-195960,70,100,100,0,True
1716175931,19908474,4404462330486763101153166,-195960,70,100,100,0,True
1716175943,19908475,4404462330486763101153166,-195960,70,100,100,0,True
1716175955,19908476,4404462330486763101153166,-195960,70,100,100,0,True
1716175967,19908477,4404462330486763101153166,-195960,70,100,100,0,True
1716175979,19908478,4404462330486763101153166,-195960,70,100,100,0,True
1716175991,19908479,4404462330486763101153166,-195960,70,100,100,0,True
1716176003,19908480,4404462330486763101153166,-195960,70,100,100,0,True
1716176015,19908481,4404462330486763101153166,-195960,70,100,100,0,True
1716176027,19908482,4404462330486763101153166,-195960,70,100,100,0,True
1716176039,19908483,4404462330486763101153166,-195960,70,100,100,0,True
1716176051,19908484,4404462330486763101153166,-195960,70,100,100,0,True
1716176063,19908485,4404462330486763101153166,-195960,70,100,100,0,True
1716176075,19908486,4404462330486763101153166,-195960,70,100,100,0,True
1716176087,19908487,4404462330486763101153166,-195960,70,100,100,0,True
1716176099,19908488,4404462330486763101153166,-195960,70,100,100,0,True
1716176111,19908489,4404462330486763101153166,-195960,70,100,100,0,True
1716176123,19908490,4404462330486763101153166,-195960,70,100,100,0,True
1716176135,19908491,4404462330486763101153166,-195960,70,100,100,0,True
1716176147,19908492,4404462330486763101153166,-195960,70,100,100,0,True
1716176159,19908493,4404462330486763101153166,-195960,70,100,100,0,True
1716176171,19908494,4404462330486763101153166,-195960,70,100,100,0,True
1716176183,19908495,4404462330486763101153166,-195960,70,100,100,0,True
1716176195,19908496,4404462330486763101153166,-195960,70,100,100,0,True
1716176207,19908497,4404462330486763101153166,-195960,70,100,100,0,True
1716176219,19908498,4404462330486763101153166,-195960,70,100,100,0,True
1716176231,19908499,4404462330486763101153166,-195960,70,100,100,0,True
1716176243,19908500,4404462330486763101153166,-195960,70,100,100,0,True
1716176255,19908501,4404462330486763101153166,-195960,70,100,100,0,True
1716176267,19908502,4404462330486763101153166,-195960,70,100,100,0,True
1716176279,19908503,4404462330486763101153166,-195960,70,100,100,0,True
1716176291,19908504,4404462330486763101153166,-195960,70,100,100,0,True
1716176303,19908505,4404462330486763101153166,-195960,70,100,100,0,True
1716176315,19908506,4404462330486763101153166,-195960,70,100,100,0,True
1716176327,19908507,4404462330486763101153166,-195960,70,100,100,0,True
1716176339,19908508,4404462330486763101153166,-195960,70,100,100,0,True
1716176351,19908509,4404462330486763101153166,-195960,70,100,100,0,True
1716176363,19908510,4404462330486763101153166,-195960,70,100,100,0,True
1716176375,19908511,4404462330486763101153166,-195960,70,100,100,0,True
1716176387,19908512,4404462330486763101153166,-195960,70,100,100,0,True
1716176399,19908513,4404462382169948458318558,-195960,70,100,100,0,True
1716176411,19908514,4404462382169948458318558,-195960,70,100,100,0,True
1716176423,19908515,4404462382169948458318558,-195960,70,100,100,0,True
1716176435,19908516,4404462382169948458318558,-195960,70,100,100,0,True
1716176447,19908517,4404459686687054907922084,-195960,70,100,100,0,True
1716176459,19908518,4404459686687054907922084,-195960,70,100,100,0,True
1716176471,19908519,4404459686687054907922084,-195960,70,100,100,0,True
1716176483,19908520,4404459686687054907922084,-195960,70,100,100,0,True
1716176495,19908521,4404459686687054907922084,-195960,70,100,100,0,True
1716176507,19908522,4404459686687054907922084,-195960,70,100,100,0,True
1716176519,19908523,4404459686687054907922084,-195960,70,100,100,0,True
1716176531,19908524,4404459686687054907922084,-195960,70,100,100,0,True
1716176543,19908525,4404459686687054907922084,-195960,70,100,100,0,True
1716176555,19908526,4404459686687054907922084,-195960,70,100,100,0,True
1716176567,19908527,4404459686687054907922084,-195960,70,100,100,0,True
1716176579,19908528,4404459686687054907922084,-195960,70,100,100,0,True
1716176591,19908529,4404459686687054907922084,-195960,70,100,100,0,True
1716176603,19908530,4404459686687054907922084,-195960,70,100,100,0,True
1716176615,19908531,4404459686687054907922084,-195960,70,100,100,0,True
1716176627,19908532,4404459686687054907922084,-195960,70,100,100,0,True
1716176639,19908533,4404459686687054907922084,-195960,70,100,100,0,True
1716176651,19908534,4404459686687054907922084,-195960,70,100,100,0,True
1716176663,19908535,4404459686687054907922084,-195960,70,100,100,0,True
1716176675,19908536,4404459686687054907922084,-195960,70,100,100,0,True
1716176687,19908537,4404459686687054907922084,-195960,70,100,100,0,True
1716176699,19908538,4404459686687054907922084,-195960,70,100,100,0,True
1716176711,19908539,4404459686687054907922084,-195960,70,100,100,0,True
1716176723,19908540,4404459686687054907922084,-195960,70,100,100,0,True
1716176735,19908541,4404459686687054907922084,-195960,70,100,100,0,True
1716176747,19908542,4404459686687054907922084,-195960,70,100,100,0,True
1716176759,19908543,4404459686687054907922084,-195960,70,100,100,0,True
1716176771,19908544,4404459686687054907922084,-195960,70,100,100,0,True
1716176783,19908545,4404459686687054907922084,-195960,70,100,100,0,True
1716176795,19908546,4404459686687054907922084,-195960,70,100,100,0,True
1716176807,19908547,4404459686687054907922084,-195960,70,100,100,0,True
1716176819,19908548,4404459686687054907922084,-195960,70,100,100,0,True
1716176831,19908549,4404459686687054907922084,-195960,70,100,100,0,True
1716176843,19908550,4404459686687054907922084,-195960,70,100,100,0,True
1716176855,19908551,4404459686687054907922084,-195960,70,100,100,0,True
1716176867,19908552,4404459686687054907922084,-195960,70,100,100,0,True
1716176879,19908553,4404459686687054907922084,-195960,70,100,100,0,True
1716176891,19908554,4404459686687054907922084,-195960,70,100,100,0,True
1716176903,19908555,4404459686687054907922084,-195960,70,100,100,0,True
1716176915,19908556,4404459686687054907922084,-195960,70,100,100,0,True
1716176927,19908557,4404459686687054907922084,-195960,70,100,100,0,True
1716176939,19908558,4404459686687054907922084,-195960,70,100,100,0,True
1716176951,19908559,4404459686687054907922084,-195960,70,100,100,0,True
1716176963,19908560,4404459686687054907922084,-195960,70,100,100,0,True
1716176975,19908561,4404459686687054907922084,-195960,70,100,100,0,True
1716176987,19908562,4404459686687054907922084,-195960,70,100,100,0,True
1716176999,19908563,4404459686687054907922084,-195960,70,100,100,0,True
1716177011,19908564,4404459686687054907922084,-195960,70,100,100,0,True
1716177023,19908565,4404459686687054907922084,-195960,70,100,100,0,True
1716177035,19908566,4404459686687054907922084,-195960,70,100,100,0,True
1716177047,19908567,4404459686687054907922084,-195960,70,100,100,0,True
1716177059,19908568,4404459686687054907922084,-195960,70,100,100,0,True
1716177071,19908569,4404459686687054907922084,-195960,70,100,100,0,True
1716177083,19908570,4404459686687054907922084,-195960,70,100,100,0,True
1716177095,19908571,4404459686687054907922084,-195960,70,100,100,0,True
1716177107,19908572,4404459686687054907922084,-195960,70,100,100,0,True
1716177119,19908573,4404459686687054907922084,-195960,70,100,100,0,True
1716177131,19908574,4404459686687054907922084,-195960,70,100,100,0,True
1716177143,19908575,4404459686687054907922084,-195960,70,100,100,0,True
1716177155,19908576,4404459686687054907922084,-195960,70,100,100,0,True
1716177167,19908577,4404459686687054907922084,-195960,70,100,100,0,True
1716177179,19908578,4404459686687054907922084,-195960,70,100,100,0,True
1716177191,19908579,4404459686687054907922084,-195960,70,100,100,0,True
1716177203,19908580,4404459686687054907922084,-195960,70,100,100,0,True
1716177215,19908581,4404459686687054907922084,-195960,70,100,100,0,True
1716177227,19908582,4404459686687054907922084,-195960,70,100,100,0,True
1716177239,19908583,4404459686687054907922084,-195960,70,100,100,0,True
1716177251,19908584,4404459686687054907922084,-195960,70,100,100,0,True
1716177263,19908585,4404459686687054907922084,-195960,70,100,100,0,True
1716177275,19908586,4404459686687054907922084,-195960,70,100,100,0,True
1716177287,19908587,4404459686687054907922084,-195960,70,100,100,0,True
1716177299,19908588,4404459686687054907922084,-195960,70,100,100,0,True
1716177311,19908589,4404459686687054907922084,-195960,70,100,100,0,True
1716177323,19908590,4404459686687054907922084,-195960,70,100,100,0,True
1716177335,19908591,4404459686687054907922084,-195960,70,100,100,0,True
1716177347,19908592,4404459686687054907922084,-195960,70,100,100,0,True
1716177359,19908593,4404459686687054907922084,-195960,70,100,100,0,True
1716177371,19908594,4404459686687054907922084,-195960,70,100,100,0,True
1716177383,19908595,4404459686687054907922084,-195960,70,100,100,0,True
1716177395,19908596,4404459686687054907922084,-195960,70,100,100,0,True
1716177407,19908597,4404459686687054907922084,-195960,70,100,100,0,True
1716177419,19908598,4404459686687054907922084,-195960,70,100,100,0,True
1716177431,19908599,4404459686687054907922084,-195960,70,100,100,0,True
1716177443,19908600,4404459686687054907922084,-195960,70,100,100,0,True
1716177455,19908601,4404459686687054907922084,-195960,70,100,100,0,True
1716177467,19908602,4404459686687054907922084,-195960,70,100,100,0,True
1716177479,19908603,4404459686687054907922084,-195960,70,100,100,0,True
1716177491,19908604,4404459686687054907922084,-195960,70,100,100,0,True
1716177503,19908605,4404459686687054907922084,-195960,70,100,100,0,True
1716177515,19908606,4404459686687054907922084,-195960,70,100,100,0,True
1716177527,19908607,4404459686687054907922084,-195960,70,100,100,0,True
1716177539,19908608,4404459686687054907922084,-195960,70,100,100,0,True
1716177551,19908609,4404459686687054907922084,-195960,70,100,100,0,True
1716177563,19908610,4404459686687054907922084,-195960,70,100,100,0,True
1716177575,19908611,4404459686687054907922084,-195960,70,100,100,0,True
1716177587,19908612,4404459686687054907922084,-195960,70,100,100,0,True
1716177599,19908613,4404459686687054907922084,-195960,70,100,100,0,True
1716177611,19908614,4404459686687054907922084,-195960,70,100,100,0,True
1716177623,19908615,4404459686687054907922084,-195960,70,100,100,0,True
1716177635,19908616,4404459686687054907922084,-195960,70,100,100,0,True
1716177647,19908617,4404459686687054907922084,-195960,70,100,100,0,True
1716177659,19908618,4404459686687054907922084,-195960,70,100,100,0,True
1716177671,19908619,4404459686687054907922084,-195960,70,100,100,0,True
1716177683,19908620,4404459686687054907922084,-195960,70,100,100,0,True
1716177695,19908621,4404459686687054907922084,-195960,70,100,100,0,True
1716177707,19908622,4404459686687054907922084,-195960,70,100,100,0,True
1716177719,19908623,4404459686687054907922084,-195960,70,100,100,0,True
1716177731,19908624,4404459686687054907922084,-195960,70,100,100,0,True
1716177743,19908625,4404459686687054907922084,-195960,70,100,100,0,True
1716177755,19908626,4404459686687054907922084,-195960,70,100,100,0,True
1716177767,19908627,4404459686687054907922084,-195960,70,100,100,0,True
1716177779,19908628,4404459686687054907922084,-195960,70,100,100,0,True
1716177791,19908629,4404459686687054907922084,-195960,70,100,100,0,True
1716177803,19908630,4404459686687054907922084,-195960,70,100,100,0,True
1716177815,19908631,4404459686687054907922084,-195960,70,100,100,0,True
1716177827,19908632,4404459686687054907922084,-195960,70,100,100,0,True
1716177839,19908633,4404459686687054907922084,-195960,70,100,100,0,True
1716177851,19908634,4404459686687054907922084,-195960,70,100,100,0,True
1716177863,19908635,4404459686687054907922084,-195960,70,100,100,0,True
1716177875,19908636,4404459686687054907922084,-195960,70,100,100,0,True
1716177887,19908637,4404459686687054907922084,-195960,70,100,100,0,True
1716177899,19908638,4404459686687054907922084,-195960,70,100,100,0,True
1716177911,19908639,4404459686687054907922084,-195960,70,100,100,0,True
1716177923,19908640,4404459686687054907922084,-195960,70,100,100,0,True
1716177935,19908641,4404459686687054907922084,-195960,70,100,100,0,True
1716177947,19908642,4404459686687054907922084,-195960,70,100,100,0,True
1716177959,19908643,4404459686687054907922084,-195960,70,100,100,0,True
1716177971,19908644,4404459686687054907922084,-195960,70,100,100,0,True
1716177983,19908645,4404459686687054907922084,-195960,70,100,100,0,True
1716177995,19908646,4404459686687054907922084,-195960,70,100,100,0,True
1716178007,19908647,4404459686687054907922084,-195960,70,100,100,0,True
1716178019,19908648,4404459686687054907922084,-195960,70,100,100,0,True
1716178031,19908649,4404459686687054907922084,-195960,70,100,100,0,True
1716178043,19908650,4404459686687054907922084,-195960,70,100,100,0,True
1716178055,19908651,4404459686687054907922084,-195960,70,100,100,0,True
1716178067,19908652,4404459686687054907922084,-195960,70,100,100,0,True
1716178079,19908653,4404459686687054907922084,-195960,70,100,100,0,True
1716178091,19908654,4404459686687054907922084,-195960,70,100,100,0,True
1716178103,19908655,4404459686687054907922084,-195960,70,100,100,0,True
1716178115,19908656,4404459686687054907922084,-195960,70,100,100,0,True
1716178127,19908657,4404459686687054907922084,-195960,70,100,100,0,True
1716178139,19908658,4404459686687054907922084,-195960,70,100,100,0,True
1716178151,19908659,4404459686687054907922084,-195960,70,100,100,0,True
1716178163,19908660,4404459686687054907922084,-195960,70,100,100,0,True
1716178175,19908661,4404459686687054907922084,-195960,70,100,100,0,True
1716178187,19908662,4404459686687054907922084,-195960,70,100,100,0,True
1716178199,19908663,4404459686687054907922084,-195960,70,100,100,0,True
1716178211,19908664,4404459686687054907922084,-195960,70,100,100,0,True
1716178223,19908665,4404459686687054907922084,-195960,70,100,100,0,True
1716178235,19908666,4404459686687054907922084,-195960,70,100,100,0,True
1716178247,19908667,4404459686687054907922084,-195960,70,100,100,0,True
1716178259,19908668,4404459686687054907922084,-195960,70,100,100,0,True
1716178271,19908669,4404459686687054907922084,-195960,70,100,100,0,True
1716178283,19908670,4404459686687054907922084,-195960,70,100,100,0,True
1716178295,19908671,4404459686687054907922084,-195960,70,100,100,0,True
1716178307,19908672,4404459686687054907922084,-195960,70,100,100,0,True
1716178319,19908673,4404459686687054907922084,-195960,70,100,100,0,True
1716178331,19908674,4404459686687054907922084,-195960,70,100,100,0,True
1716178343,19908675,4404459686687054907922084,-195960,70,100,100,0,True
1716178355,19908676,4404459686687054907922084,-195960,70,100,100,0,True
1716178367,19908677,4404459686687054907922084,-195960,70,100,100,0,True
1716178379,19908678,4404459686687054907922084,-195960,70,100,100,0,True
1716178391,19908679,4404459686687054907922084,-195960,70,100,100,0,True
1716178403,19908680,4404459686687054907922084,-195960,70,100,100,0,True
1716178415,19908681,4404459686687054907922084,-195960,70,100,100,0,True
1716178427,19908682,4404459686687054907922084,-195960,70,100,100,0,True
1716178439,19908683,4404459686687054907922084,-195960,70,100,100,0,True
1716178451,19908684,4404459686687054907922084,-195960,70,100,100,0,True
1716178463,19908685,4404459686687054907922084,-195960,70,100,100,0,True
1716178475,19908686,4404459686687054907922084,-195960,70,100,100,0,True
1716178487,19908687,4404459686687054907922084,-195960,70,100,100,0,True
1716178499,19908688,4404459686687054907922084,-195960,70,100,100,0,True
1716178511,19908689,4404459686687054907922084,-195960,70,100,100,0,True
1716178523,19908690,4404459686687054907922084,-195960,70,100,100,0,True
1716178535,19908691,4404459686687054907922084,-195960,70,100,100,0,True
1716178547,19908692,4404459686687054907922084,-195960,70,100,100,0,True
1716178559,19908693,4404459686687054907922084,-195960,70,100,100,0,True
1716178571,19908694,4404459686687054907922084,-195960,70,100,100,0,True
1716178583,19908695,4404459686687054907922084,-195960,70,100,100,0,True
1716178595,19908696,4404459686687054907922084,-195960,70,100,100,0,True
1716178607,19908697,4404459686687054907922084,-195960,70,100,100,0,True
1716178619,19908698,4404459686687054907922084,-195960,70,100,100,0,True
1716178631,19908699,4404459686687054907922084,-195960,70,100,100,0,True
1716178643,19908700,4404459686687054907922084,-195960,70,100,100,0,True
1716178655,19908701,4404459686687054907922084,-195960,70,100,100,0,True
1716178667,19908702,4404459686687054907922084,-195960,70,100,100,0,True
1716178679,19908703,4404459686687054907922084,-195960,70,100,100,0,True
1716178691,19908704,4404459686687054907922084,-195960,70,100,100,0,True
1716178703,19908705,4404459686687054907922084,-195960,70,100,100,0,True
1716178715,19908706,4404459686687054907922084,-195960,70,100,100,0,True
1716178727,19908707,4404459686687054907922084,-195960,70,100,100,0,True
1716178739,19908708,4404459686687054907922084,-195960,70,100,100,0,True
1716178751,19908709,4404459686687054907922084,-195960,70,100,100,0,True
1716178763,19908710,4404459686687054907922084,-195960,70,100,100,0,True
1716178775,19908711,4404459686687054907922084,-195960,70,100,100,0,True
1716178787,19908712,4404459686687054907922084,-195960,70,100,100,0,True
1716178799,19908713,4404459686687054907922084,-195960,70,100,100,0,True
1716178811,19908714,4404459686687054907922084,-195960,70,100,100,0,True
1716178823,19908715,4404459686687054907922084,-195960,70,100,100,0,True
1716178835,19908716,4404459686687054907922084,-195960,70,100,100,0,True
1716178847,19908717,4404459686687054907922084,-195960,70,100,100,0,True
1716178859,19908718,4404459686687054907922084,-195960,70,100,100,0,True
1716178871,19908719,4404459686687054907922084,-195960,70,100,100,0,True
1716178883,19908720,4404459686687054907922084,-195960,70,100,100,0,True
1716178895,19908721,4404459686687054907922084,-195960,70,100,100,0,True
1716178907,19908722,4404459686687054907922084,-195960,70,100,100,0,True
1716178919,19908723,4404459686687054907922084,-195960,70,100,100,0,True
1716178931,19908724,4404459686687054907922084,-195960,70,100,100,0,True
1716178943,19908725,4404459686687054907922084,-195960,70,100,100,0,True
1716178955,19908726,4404459686687054907922084,-195960,70,100,100,0,True
1716178967,19908727,4404459686687054907922084,-195960,70,100,100,0,True
1716178979,19908728,4404459686687054907922084,-195960,70,100,100,0,True
1716178991,19908729,4404459686687054907922084,-195960,70,100,100,0,True
1716179003,19908730,4404459686687054907922084,-195960,70,100,100,0,True
1716179015,19908731,4404459686687054907922084,-195960,70,100,100,0,True
1716179027,19908732,4404459686687054907922084,-195960,70,100,100,0,True
1716179039,19908733,4404459686687054907922084,-195960,70,100,100,0,True
1716179051,19908734,4404459686687054907922084,-195960,70,100,100,0,True
1716179063,19908735,4404459686687054907922084,-195960,70,100,100,0,True
1716179075,19908736,4404459686687054907922084,-195960,70,100,100,0,True
1716179087,19908737,4404459686687054907922084,-195960,70,100,100,0,True
1716179099,19908738,4404459686687054907922084,-195960,70,100,100,0,True
1716179111,19908739,4404459686687054907922084,-195960,70,100,100,0,True
1716179123,19908740,4404459686687054907922084,-195960,70,100,100,0,True
1716179135,19908741,4404459686687054907922084,-195960,70,100,100,0,True
1716179147,19908742,4404459686687054907922084,-195960,70,100,100,0,True
1716179159,19908743,4404459686687054907922084,-195960,70,100,100,0,True
1716179171,19908744,4404459686687054907922084,-195960,70,100,100,0,True
1716179183,19908745,4404459686687054907922084,-195960,70,100,100,0,True
1716179195,19908746,4404459686687054907922084,-195960,70,100,100,0,True
1716179207,19908747,4404459686687054907922084,-195960,70,100,100,0,True
1716179219,19908748,4404459686687054907922084,-195960,70,100,100,0,True
1716179231,19908749,4404459686687054907922084,-195960,70,100,100,0,True
1716179243,19908750,4404459686687054907922084,-195960,70,100,100,0,True
1716179255,19908751,4404459686687054907922084,-195960,70,100,100,0,True
1716179267,19908752,4404459686687054907922084,-195960,70,100,100,0,True
1716179279,19908753,4404459686687054907922084,-195960,70,100,100,0,True
1716179291,19908754,4404459686687054907922084,-195960,70,100,100,0,True
1716179303,19908755,4404459686687054907922084,-195960,70,100,100,0,True
1716179315,19908756,4404459686687054907922084,-195960,70,100,100,0,True
1716179327,19908757,4404459686687054907922084,-195960,70,100,100,0,True
1716179339,19908758,4404459686687054907922084,-195960,70,100,100,0,True
1716179351,19908759,4404459686687054907922084,-195960,70,100,100,0,True
1716179363,19908760,4404459686687054907922084,-195960,70,100,100,0,True
1716179375,19908761,4404459686687054907922084,-195960,70,100,100,0,True
1716179387,19908762,4404459686687054907922084,-195960,70,100,100,0,True
1716179399,19908763,4404459686687054907922084,-195960,70,100,100,0,True
1716179411,19908764,4404459686687054907922084,-195960,70,100,100,0,True
1716179423,19908765,4404459686687054907922084,-195960,70,100,100,0,True
1716179435,19908766,4404459686687054907922084,-195960,70,100,100,0,True
1716179447,19908767,4404459686687054907922084,-195960,70,100,100,0,True
1716179459,19908768,4404459686687054907922084,-195960,70,100,100,0,True
1716179471,19908769,4404459686687054907922084,-195960,70,100,100,0,True
1716179483,19908770,4404459686687054907922084,-195960,70,100,100,0,True
1716179495,19908771,4404459686687054907922084,-195960,70,100,100,0,True
1716179507,19908772,4404459686687054907922084,-195960,70,100,100,0,True
1716179519,19908773,4404459686687054907922084,-195960,70,100,100,0,True
1716179531,19908774,4404459686687054907922084,-195960,70,100,100,0,True
1716179543,19908775,4404459686687054907922084,-195960,70,100,100,0,True
1716179555,19908776,4404459686687054907922084,-195960,70,100,100,0,True
1716179567,19908777,4404459686687054907922084,-195960,70,100,100,0,True
1716179579,19908778,4404459686687054907922084,-195960,70,100,100,0,True
1716179591,19908779,4404459686687054907922084,-195960,70,100,100,0,True
1716179603,19908780,4404459686687054907922084,-195960,70,100,100,0,True
1716179615,19908781,4404459686687054907922084,-195960,70,100,100,0,True
1716179627,19908782,4404459686687054907922084,-195960,70,100,100,0,True
1716179639,19908783,4404459686687054907922084,-195960,70,100,100,0,True
1716179651,19908784,4406419634971779113760245,-195951,71,100,100,0,True
1716179663,19908785,4406419634971779113760245,-195951,71,100,100,0,True
1716179675,19908786,4407538965658806698115072,-195946,72,100,100,0,True
1716179687,19908787,4408775280734872446089859,-195940,73,100,100,0,True
1716179699,19908788,4408775280734872446089859,-195940,73,100,100,0,True
1716179711,19908789,4408775280734872446089859,-195940,73,100,100,0,True
1716179723,19908790,4412257420626909224902186,-195924,74,100,100,0,True
1716179735,19908791,4412257420626909224902186,-195924,74,100,100,0,True
1716179747,19908792,4412257420626909224902186,-195924,74,100,100,0,True
1716179759,19908793,4412257420626909224902186,-195924,74,100,100,0,True
1716179771,19908794,4412257420626909224902186,-195924,74,100,100,0,True
1716179783,19908795,4412257420626909224902186,-195924,74,100,100,0,True
1716179795,19908796,4412257420626909224902186,-195924,74,100,100,0,True
1716179807,19908797,4412257420626909224902186,-195924,74,100,100,0,True
1716179819,19908798,4412291608391392936269675,-195924,74,100,100,0,True
1716179831,19908799,4414495616714791815130039,-195914,75,100,100,0,True
1716179843,19908800,4414495616714791815130039,-195914,75,100,100,0,True
1716179855,19908801,4414495616714791815130039,-195914,75,100,100,0,True
1716179867,19908802,4414495616714791815130039,-195914,75,100,100,0,True
1716179879,19908803,4414495616714791815130039,-195914,75,100,100,0,True
1716179891,19908804,4414495616714791815130039,-195914,75,100,100,0,True
1716179903,19908805,4414495616714791815130039,-195914,75,100,100,0,True
1716179915,19908806,4414754017078994999826663,-195913,76,100,100,0,True
1716179927,19908807,4414754017078994999826663,-195913,76,100,100,0,True
1716179939,19908808,4414754017078994999826663,-195913,76,100,100,0,True
1716179951,19908809,4414754017078994999826663,-195913,76,100,100,0,True
1716179963,19908810,4414754017078994999826663,-195913,76,100,100,0,True
1716179975,19908811,4414754017078994999826663,-195913,76,100,100,0,True
1716179987,19908812,4414754017078994999826663,-195913,76,100,100,0,True
1716179999,19908813,4414754017078994999826663,-195913,76,100,100,0,True
1716180011,19908814,4414754017078994999826663,-195913,76,100,100,0,True
1716180023,19908815,4414754017078994999826663,-195913,76,100,100,0,True
1716180035,19908816,4414754017078994999826663,-195913,76,100,100,0,True
1716180047,19908817,4415783446797935088877270,-195908,77,100,100,0,True
1716180059,19908818,4415783446797935088877270,-195908,77,100,100,0,True
1716180071,19908819,4415783446797935088877270,-195908,77,100,100,0,True
1716180083,19908820,4415783446797935088877270,-195908,77,100,100,0,True
1716180095,19908821,4415783446797935088877270,-195908,77,100,100,0,True
1716180107,19908822,4415783446797935088877270,-195908,77,100,100,0,True
1716180119,19908823,4415783446797935088877270,-195908,77,100,100,0,True
1716180131,19908824,4415783446797935088877270,-195908,77,100,100,0,True
1716180143,19908825,4417068755997977681583423,-195903,78,100,100,0,True
1716180155,19908826,4418160054668319401500237,-195898,79,100,100,0,True
1716180167,19908827,4418160054668319401500237,-195898,79,100,100,0,True
1716180179,19908828,4418779396256992146881908,-195895,80,100,100,0,True
1716180191,19908829,4420466771269435158771725,-195887,81,100,100,0,True
1716180203,19908830,4420866745236352537439889,-195885,82,100,100,0,True
1716180215,19908831,4425088847708125901310457,-195866,83,100,100,0,True
1716180227,19908832,4425088847708125901310457,-195866,83,100,100,0,True
1716180239,19908833,4425088847708125901310457,-195866,83,100,100,0,True
1716180251,19908834,4425088847708125901310457,-195866,83,100,100,0,True
1716180263,19908835,4425088847708125901310457,-195866,83,100,100,0,True
1716180275,19908836,4425088847708125901310457,-195866,83,100,100,0,True
1716180287,19908837,4425088847708125901310457,-195866,83,100,100,0,True
1716180299,19908838,4425088847708125901310457,-195866,83,100,100,0,True
1716180311,19908839,4425088847708125901310457,-195866,83,100,100,0,True
1716180323,19908840,4425088847708125901310457,-195866,83,100,100,0,True
1716180335,19908841,4425088847708125901310457,-195866,83,100,100,0,True
1716180347,19908842,4425088847708125901310457,-195866,83,100,100,0,True
1716180359,19908843,4425088847708125901310457,-195866,83,100,100,0,True
1716180371,19908844,4425088847708125901310457,-195866,83,100,100,0,True
1716180383,19908845,4425088847708125901310457,-195866,83,100,100,0,True
1716180395,19908846,4425088847708125901310457,-195866,83,100,100,0,True
1716180407,19908847,4425088847708125901310457,-195866,83,100,100,0,True
1716180419,19908848,4425088847708125901310457,-195866,83,100,100,0,True
1716180431,19908849,4425088847708125901310457,-195866,83,100,100,0,True
1716180443,19908850,4425088847708125901310457,-195866,83,100,100,0,True
1716180455,19908851,4425088847708125901310457,-195866,83,100,100,0,True
1716180467,19908852,4425088847708125901310457,-195866,83,100,100,0,True
1716180479,19908853,4425088847708125901310457,-195866,83,100,100,0,True
1716180491,19908854,4425088847708125901310457,-195866,83,100,100,0,True
1716180503,19908855,4425088847708125901310457,-195866,83,100,100,0,True
1716180515,19908856,4425088847708125901310457,-195866,83,100,100,0,True
1716180527,19908857,4425088847708125901310457,-195866,83,100,100,0,True
1716180539,19908858,4425088847708125901310457,-195866,83,100,100,0,True
1716180551,19908859,4425088847708125901310457,-195866,83,100,100,0,True
1716180563,19908860,4425088847708125901310457,-195866,83,100,100,0,True
1716180575,19908861,4425088847708125901310457,-195866,83,100,100,0,True
1716180587,19908862,4425088847708125901310457,-195866,83,100,100,0,True
1716180599,19908863,4425088847708125901310457,-195866,83,100,100,0,True
1716180611,19908864,4425086649772853278797109,-195866,84,100,100,0,True
1716180623,19908865,4425086649772853278797109,-195866,84,100,100,0,True
1716180635,19908866,4425086649772853278797109,-195866,84,100,100,0,True
1716180647,19908867,4425086649772853278797109,-195866,84,100,100,0,True
1716180659,19908868,4425086649772853278797109,-195866,84,100,100,0,True
1716180671,19908869,4425086649772853278797109,-195866,84,100,100,0,True
1716180683,19908870,4425086649772853278797109,-195866,84,100,100,0,True
1716180695,19908871,4425086649772853278797109,-195866,84,100,100,0,True
1716180707,19908872,4425086649772853278797109,-195866,84,100,100,0,True
1716180719,19908873,4425086649772853278797109,-195866,84,100,100,0,True
1716180731,19908874,4425086649772853278797109,-195866,84,100,100,0,True
1716180743,19908875,4425086649772853278797109,-195866,84,100,100,0,True
1716180755,19908876,4425086649772853278797109,-195866,84,100,100,0,True
1716180767,19908877,4425086649772853278797109,-195866,84,100,100,0,True
1716180779,19908878,4425086649772853278797109,-195866,84,100,100,0,True
1716180791,19908879,4425086649772853278797109,-195866,84,100,100,0,True
1716180803,19908880,4425086649772853278797109,-195866,84,100,100,0,True
1716180827,19908881,4425086649772853278797109,-195866,84,100,100,0,True
1716180839,19908882,4425086649772853278797109,-195866,84,100,100,0,True
1716180851,19908883,4425086649772853278797109,-195866,84,100,100,0,True
1716180863,19908884,4425086649772853278797109,-195866,84,100,100,0,True
1716180875,19908885,4425086649772853278797109,-195866,84,100,100,0,True
1716180887,19908886,4425086649772853278797109,-195866,84,100,100,0,True
1716180899,19908887,4425086649772853278797109,-195866,84,100,100,0,True
1716180911,19908888,4425086649772853278797109,-195866,84,100,100,0,True
1716180923,19908889,4425086649772853278797109,-195866,84,100,100,0,True
1716180935,19908890,4425086649772853278797109,-195866,84,100,100,0,True
1716180947,19908891,4425086649772853278797109,-195866,84,100,100,0,True
1716180959,19908892,4425086649772853278797109,-195866,84,100,100,0,True
1716180971,19908893,4425086649772853278797109,-195866,84,100,100,0,True
1716180983,19908894,4425086649772853278797109,-195866,84,100,100,0,True
1716181007,19908895,4425086649772853278797109,-195866,84,100,100,0,True
1716181019,19908896,4425086649772853278797109,-195866,84,100,100,0,True
1716181031,19908897,4425146645867890885597333,-195866,84,100,100,0,True
1716181043,19908898,4425146645867890885597333,-195866,84,100,100,0,True
1716181055,19908899,4425146645867890885597333,-195866,84,100,100,0,True
1716181067,19908900,4425146645867890885597333,-195866,84,100,100,0,True
1716181079,19908901,4425146645867890885597333,-195866,84,100,100,0,True
1716181091,19908902,4425146645867890885597333,-195866,84,100,100,0,True
1716181103,19908903,4425147445373983869598275,-195866,84,100,100,0,True
1716181115,19908904,4425147445373983869598275,-195866,84,100,100,0,True
1716181127,19908905,4425147445373983869598275,-195866,84,100,100,0,True
1716181139,19908906,4425147445373983869598275,-195866,84,100,100,0,True
1716181151,19908907,4425147445373983869598275,-195866,84,100,100,0,True
1716181163,19908908,4425147445373983869598275,-195866,84,100,100,0,True
1716181175,19908909,4425147445373983869598275,-195866,84,100,100,0,True
1716181187,19908910,4425147445373983869598275,-195866,84,100,100,0,True
1716181199,19908911,4425147445373983869598275,-195866,84,100,100,0,True
1716181211,19908912,4425147445373983869598275,-195866,84,100,100,0,True
1716181223,19908913,4425147445373983869598275,-195866,84,100,100,0,True
1716181235,19908914,4425147445373983869598275,-195866,84,100,100,0,True
1716181247,19908915,4425147445373983869598275,-195866,84,100,100,0,True
1716181259,19908916,4425147445373983869598275,-195866,84,100,100,0,True
1716181271,19908917,4425147445373983869598275,-195866,84,100,100,0,True
1716181283,19908918,4425147445373983869598275,-195866,84,100,100,0,True
1716181295,19908919,4425147445373983869598275,-195866,84,100,100,0,True
1716181307,19908920,4425414414823604166098133,-195865,85,100,100,0,True
1716181319,19908921,4425974378377288496233563,-195862,86,100,100,0,True
1716181331,19908922,4427753931357018049309503,-195854,87,100,100,0,True
1716181343,19908923,4427753931357018049309503,-195854,87,100,100,0,True
1716181355,19908924,4427753931357018049309503,-195854,87,100,100,0,True
1716181379,19908925,4427753931357018049309503,-195854,87,100,100,0,True
1716181391,19908926,4427897174701092775559907,-195854,87,100,100,0,True
1716181403,19908927,4427926928142425928765162,-195853,88,100,100,0,True
1716181415,19908928,4427926928142425928765162,-195853,88,100,100,0,True
1716181427,19908929,4427926928142425928765162,-195853,88,100,100,0,True
1716181439,19908930,4427926928142425928765162,-195853,88,100,100,0,True
1716181451,19908931,4427926928142425928765162,-195853,88,100,100,0,True
1716181463,19908932,4427926928142425928765162,-195853,88,100,100,0,True
1716181475,19908933,4427926928142425928765162,-195853,88,100,100,0,True
1716181487,19908934,4427926928142425928765162,-195853,88,100,100,0,True
1716181499,19908935,4427926928142425928765162,-195853,88,100,100,0,True
1716181511,19908936,4427926928142425928765162,-195853,88,100,100,0,True
1716181523,19908937,4427926928142425928765162,-195853,88,100,100,0,True
1716181535,19908938,4427926928142425928765162,-195853,88,100,100,0,True
1716181547,19908939,4427926928142425928765162,-195853,88,100,100,0,True
1716181559,19908940,4427926928142425928765162,-195853,88,100,100,0,True
1716181571,19908941,4427926928142425928765162,-195853,88,100,100,0,True
1716181583,19908942,4427926928142425928765162,-195853,88,100,100,0,True
1716181595,19908943,4427926928142425928765162,-195853,88,100,100,0,True
1716181607,19908944,4427926928142425928765162,-195853,88,100,100,0,True
1716181619,19908945,4427926928142425928765162,-195853,88,100,100,0,True
1716181631,19908946,4427926928142425928765162,-195853,88,100,100,0,True
1716181643,19908947,4427926928142425928765162,-195853,88,100,100,0,True
1716181655,19908948,4427926928142425928765162,-195853,88,100,100,0,True
1716181667,19908949,4427926928142425928765162,-195853,88,100,100,0,True
1716181679,19908950,4427926928142425928765162,-195853,88,100,100,0,True
1716181691,19908951,4427926928142425928765162,-195853,88,100,100,0,True
1716181703,19908952,4427926928142425928765162,-195853,88,100,100,0,True
1716181715,19908953,4427926928142425928765162,-195853,88,100,100,0,True
1716181727,19908954,4427926928142425928765162,-195853,88,100,100,0,True
1716181739,19908955,4427926928142425928765162,-195853,88,100,100,0,True
1716181751,19908956,4427926928142425928765162,-195853,88,100,100,0,True
1716181763,19908957,4427926928142425928765162,-195853,88,100,100,0,True
1716181775,19908958,4427926928142425928765162,-195853,88,100,100,0,True
1716181787,19908959,4427926928142425928765162,-195853,88,100,100,0,True
1716181799,19908960,4427926928142425928765162,-195853,88,100,100,0,True
1716181811,19908961,4427926928142425928765162,-195853,88,100,100,0,True
1716181823,19908962,4427926928142425928765162,-195853,88,100,100,0,True
1716181835,19908963,4427926928142425928765162,-195853,88,100,100,0,True
1716181847,19908964,4428153000526132918878208,-195852,89,100,100,0,True
1716181859,19908965,4428153000526132918878208,-195852,89,100,100,0,True
1716181871,19908966,4429315338410285300070281,-195847,90,100,100,0,True
1716181883,19908967,4429315338410285300070281,-195847,90,100,100,0,True
1716181895,19908968,4429315338410285300070281,-195847,90,100,100,0,True
1716181907,19908969,4430135168227946659147669,-195843,91,100,100,0,True
1716181919,19908970,4430135168227946659147669,-195843,91,100,100,0,True
1716181931,19908971,4430637005623091552843367,-195841,92,100,100,0,True
1716181943,19908972,4430637005623091552843367,-195841,92,100,100,0,True
1716181955,19908973,4430637005623091552843367,-195841,92,100,100,0,True
1716181967,19908974,4430637005623091552843367,-195841,92,100,100,0,True
1716181979,19908975,4431037633539956697783504,-195839,93,100,100,0,True
1716181991,19908976,4431417784388915746584124,-195838,94,100,100,0,True
1716182003,19908977,4431738592530640485407324,-195836,95,100,100,0,True
1716182015,19908978,4431738592530640485407324,-195836,95,100,100,0,True
1716182027,19908979,4431738592530640485407324,-195836,95,100,100,0,True
1716182039,19908980,4431738592530640485407324,-195836,95,100,100,0,True
1716182051,19908981,4431738592530640485407324,-195836,95,100,100,0,True
1716182063,19908982,4431738592530640485407324,-195836,95,100,100,0,True
1716182075,19908983,4431738592530640485407324,-195836,95,100,100,0,True
1716182087,19908984,4431738592530640485407324,-195836,95,100,100,0,True
1716182099,19908985,4431738592530640485407324,-195836,95,100,100,0,True
1716182111,19908986,4431738592530640485407324,-195836,95,100,100,0,True
1716182123,19908987,4431738592530640485407324,-195836,95,100,100,0,True
1716182135,19908988,4431738592530640485407324,-195836,95,100,100,0,True
1716182147,19908989,4431738592530640485407324,-195836,95,100,100,0,True
1716182159,19908990,4431738592530640485407324,-195836,95,100,100,0,True
1716182171,19908991,4431738592530640485407324,-195836,95,100,100,0,True
1716182183,19908992,4431738592530640485407324,-195836,95,100,100,0,True
1716182195,19908993,4431738592530640485407324,-195836,95,100,100,0,True
1716182207,19908994,4431738592530640485407324,-195836,95,100,100,0,True
1716182219,19908995,4431738592530640485407324,-195836,95,100,100,0,True
1716182231,19908996,4431738592530640485407324,-195836,95,100,100,0,True
1716182243,19908997,4431738592530640485407324,-195836,95,100,100,0,True
1716182255,19908998,4431738592530640485407324,-195836,95,100,100,0,True
1716182267,19908999,4431738592530640485407324,-195836,95,100,100,0,True
1716182279,19909000,4431738592530640485407324,-195836,95,100,100,0,True
1716182291,19909001,4431738592530640485407324,-195836,95,100,100,0,True
1716182303,19909002,4431738592530640485407324,-195836,95,100,100,0,True
1716182315,19909003,4431738592530640485407324,-195836,95,100,100,0,True
1716182327,19909004,4431738592530640485407324,-195836,95,100,100,0,True
1716182339,19909005,4431738592530640485407324,-195836,95,100,100,0,True
1716182351,19909006,4431738592530640485407324,-195836,95,100,100,0,True
1716182363,19909007,4431738592530640485407324,-195836,95,100,100,0,True
1716182375,19909008,4431738592530640485407324,-195836,95,100,100,0,True
1716182387,19909009,4431738592530640485407324,-195836,95,100,100,0,True
1716182399,19909010,4431738592530640485407324,-195836,95,100,100,0,True
1716182411,19909011,4431738592530640485407324,-195836,95,100,100,0,True
1716182423,19909012,4431738592530640485407324,-195836,95,100,100,0,True
1716182435,19909013,4431738592530640485407324,-195836,95,100,100,0,True
1716182447,19909014,4431738592530640485407324,-195836,95,100,100,0,True
1716182459,19909015,4431738592530640485407324,-195836,95,100,100,0,True
1716182471,19909016,4431738592530640485407324,-195836,95,100,100,0,True
1716182483,19909017,4431738592530640485407324,-195836,95,100,100,0,True
1716182507,19909018,4431738592530640485407324,-195836,95,100,100,0,True
1716182519,19909019,4431738592530640485407324,-195836,95,100,100,0,True
1716182531,19909020,4431738592530640485407324,-195836,95,100,100,0,True
1716182543,19909021,4431738592530640485407324,-195836,95,100,100,0,True
1716182555,19909022,4431738592530640485407324,-195836,95,100,100,0,True
1716182567,19909023,4431738592530640485407324,-195836,95,100,100,0,True
1716182579,19909024,4431738592530640485407324,-195836,95,100,100,0,True
1716182591,19909025,4431738592530640485407324,-195836,95,100,100,0,True
1716182603,19909026,4431738592530640485407324,-195836,95,100,100,0,True
1716182615,19909027,4431738592530640485407324,-195836,95,100,100,0,True
1716182627,19909028,4431738592530640485407324,-195836,95,100,100,0,True
1716182639,19909029,4431738592530640485407324,-195836,95,100,100,0,True
1716182651,19909030,4431738592530640485407324,-195836,95,100,100,0,True
1716182663,19909031,4431738592530640485407324,-195836,95,100,100,0,True
1716182675,19909032,4431738592530640485407324,-195836,95,100,100,0,True
1716182687,19909033,4431738592530640485407324,-195836,95,100,100,0,True
1716182699,19909034,4431738592530640485407324,-195836,95,100,100,0,True
1716182711,19909035,4431738592530640485407324,-195836,95,100,100,0,True
1716182723,19909036,4431738592530640485407324,-195836,95,100,100,0,True
1716182735,19909037,4431738592530640485407324,-195836,95,100,100,0,True
1716182747,19909038,4431738592530640485407324,-195836,95,100,100,0,True
1716182759,19909039,4431738592530640485407324,-195836,95,100,100,0,True
1716182771,19909040,4431738592530640485407324,-195836,95,100,100,0,True
1716182783,19909041,4431738592530640485407324,-195836,95,100,100,0,True
1716182795,19909042,4431738592530640485407324,-195836,95,100,100,0,True
1716182807,19909043,4431738592530640485407324,-195836,95,100,100,0,True
1716182819,19909044,4431738592530640485407324,-195836,95,100,100,0,True
1716182831,19909045,4431738592530640485407324,-195836,95,100,100,0,True
1716182843,19909046,4431738592530640485407324,-195836,95,100,100,0,True
1716182855,19909047,4431738592530640485407324,-195836,95,100,100,0,True
1716182867,19909048,4431738592530640485407324,-195836,95,100,100,0,True
1716182879,19909049,4431738592530640485407324,-195836,95,100,100,0,True
1716182891,19909050,4431738592530640485407324,-195836,95,100,100,0,True
1716182903,19909051,4431738592530640485407324,-195836,95,100,100,0,True
1716182915,19909052,4431738592530640485407324,-195836,95,100,100,0,True
1716182927,19909053,4431738592530640485407324,-195836,95,100,100,0,True
1716182939,19909054,4431738592530640485407324,-195836,95,100,100,0,True
1716182951,19909055,4431738592530640485407324,-195836,95,100,100,0,True
1716182963,19909056,4431738592530640485407324,-195836,95,100,100,0,True
1716182975,19909057,4431738592530640485407324,-195836,95,100,100,0,True
1716182987,19909058,4431738592530640485407324,-195836,95,100,100,0,True
1716182999,19909059,4431738592530640485407324,-195836,95,100,100,0,True
1716183011,19909060,4431738592530640485407324,-195836,95,100,100,0,True
1716183023,19909061,4431738592530640485407324,-195836,95,100,100,0,True
1716183035,19909062,4431738592530640485407324,-195836,95,100,100,0,True
1716183047,19909063,4431738592530640485407324,-195836,95,100,100,0,True
1716183059,19909064,4431738592530640485407324,-195836,95,100,100,0,True
1716183071,19909065,4431738592530640485407324,-195836,95,100,100,0,True
1716183083,19909066,4431738592530640485407324,-195836,95,100,100,0,True
1716183095,19909067,4431738592530640485407324,-195836,95,100,100,0,True
1716183107,19909068,4431738592530640485407324,-195836,95,100,100,0,True
1716183119,19909069,4431738592530640485407324,-195836,95,100,100,0,True
1716183131,19909070,4431738592530640485407324,-195836,95,100,100,0,True
1716183143,19909071,4431738592530640485407324,-195836,95,100,100,0,True
1716183155,19909072,4431738592530640485407324,-195836,95,100,100,0,True
1716183167,19909073,4431738592530640485407324,-195836,95,100,100,0,True
1716183179,19909074,4431738592530640485407324,-195836,95,100,100,0,True
1716183191,19909075,4431738592530640485407324,-195836,95,100,100,0,True
1716183203,19909076,4431738592530640485407324,-195836,95,100,100,0,True
1716183215,19909077,4431738592530640485407324,-195836,95,100,100,0,True
1716183227,19909078,4431738592530640485407324,-195836,95,100,100,0,True
1716183239,19909079,4431738592530640485407324,-195836,95,100,100,0,True
1716183251,19909080,4431738592530640485407324,-195836,95,100,100,0,True
1716183263,19909081,4431738592530640485407324,-195836,95,100,100,0,True
1716183275,19909082,4431738592530640485407324,-195836,95,100,100,0,True
1716183287,19909083,4431738592530640485407324,-195836,95,100,100,0,True
1716183299,19909084,4431738592530640485407324,-195836,95,100,100,0,True
1716183311,19909085,4431738592530640485407324,-195836,95,100,100,0,True
1716183323,19909086,4431738592530640485407324,-195836,95,100,100,0,True
1716183335,19909087,4431738592530640485407324,-195836,95,100,100,0,True
1716183347,19909088,4431738592530640485407324,-195836,95,100,100,0,True
1716183359,19909089,4431738592530640485407324,-195836,95,100,100,0,True
1716183371,19909090,4431738592530640485407324,-195836,95,100,100,0,True
1716183383,19909091,4431738592530640485407324,-195836,95,100,100,0,True
1716183395,19909092,4431738592530640485407324,-195836,95,100,100,0,True
1716183407,19909093,4431738592530640485407324,-195836,95,100,100,0,True
1716183419,19909094,4431738592530640485407324,-195836,95,100,100,0,True
1716183431,19909095,4431738592530640485407324,-195836,95,100,100,0,True
1716183443,19909096,4431738592530640485407324,-195836,95,100,100,0,True
1716183455,19909097,4431758643039498281583774,-195836,95,100,100,0,True
1716183467,19909098,4431758643039498281583774,-195836,95,100,100,0,True
1716183479,19909099,4431758643039498281583774,-195836,95,100,100,0,True
1716183491,19909100,4431758643039498281583774,-195836,95,100,100,0,True
1716183503,19909101,4431758643039498281583774,-195836,95,100,100,0,True
1716183515,19909102,4431758643039498281583774,-195836,95,100,100,0,True
1716183527,19909103,4431758643039498281583774,-195836,95,100,100,0,True
1716183539,19909104,4431758643039498281583774,-195836,95,100,100,0,True
1716183551,19909105,4431758643039498281583774,-195836,95,100,100,0,True
1716183563,19909106,4431758643039498281583774,-195836,95,100,100,0,True
1716183575,19909107,4431758643039498281583774,-195836,95,100,100,0,True
1716183587,19909108,4431753127373127758382456,-195836,95,100,100,0,True
1716183599,19909109,4431753127373127758382456,-195836,95,100,100,0,True
1716183611,19909110,4431753127373127758382456,-195836,95,100,100,0,True
1716183623,19909111,4431753127373127758382456,-195836,95,100,100,0,True
1716183635,19909112,4431753127373127758382456,-195836,95,100,100,0,True
1716183647,19909113,4431753127373127758382456,-195836,95,100,100,0,True
1716183659,19909114,4431753127373127758382456,-195836,95,100,100,0,True
1716183671,19909115,4431753127373127758382456,-195836,95,100,100,0,True
1716183683,19909116,4431753127373127758382456,-195836,95,100,100,0,True
1716183695,19909117,4431753127373127758382456,-195836,95,100,100,0,True
1716183707,19909118,4431753127373127758382456,-195836,95,100,100,0,True
1716183719,19909119,4431753127373127758382456,-195836,95,100,100,0,True
1716183731,19909120,4431753127373127758382456,-195836,95,100,100,0,True
1716183743,19909121,4431753127373127758382456,-195836,95,100,100,0,True
1716183755,19909122,4431753127373127758382456,-195836,95,100,100,0,True
1716183767,19909123,4431753127373127758382456,-195836,95,100,100,0,True
1716183779,19909124,4431753127373127758382456,-195836,95,100,100,0,True
1716183791,19909125,4431753127373127758382456,-195836,95,100,100,0,True
1716183803,19909126,4431753127373127758382456,-195836,95,100,100,0,True
1716183815,19909127,4431753127373127758382456,-195836,95,100,100,0,True
1716183827,19909128,4431753127373127758382456,-195836,95,100,100,0,True
1716183839,19909129,4431753127373127758382456,-195836,95,100,100,0,True
1716183851,19909130,4431753127373127758382456,-195836,95,100,100,0,True
1716183863,19909131,4431753127373127758382456,-195836,95,100,100,0,True
1716183875,19909132,4431753127373127758382456,-195836,95,100,100,0,True
1716183887,19909133,4431753127373127758382456,-195836,95,100,100,0,True
1716183899,19909134,4431753127373127758382456,-195836,95,100,100,0,True
1716183911,19909135,4431753127373127758382456,-195836,95,100,100,0,True
1716183923,19909136,4431753127373127758382456,-195836,95,100,100,0,True
1716183935,19909137,4431753127373127758382456,-195836,95,100,100,0,True
1716183947,19909138,4431753127373127758382456,-195836,95,100,100,0,True
1716183959,19909139,4431753127373127758382456,-195836,95,100,100,0,True
1716183971,19909140,4431753127373127758382456,-195836,95,100,100,0,True
1716183983,19909141,4431753127373127758382456,-195836,95,100,100,0,True
1716183995,19909142,4431753127373127758382456,-195836,95,100,100,0,True
1716184007,19909143,4431753127373127758382456,-195836,95,100,100,0,True
1716184019,19909144,4431753127373127758382456,-195836,95,100,100,0,True
1716184031,19909145,4431753127373127758382456,-195836,95,100,100,0,True
1716184043,19909146,4431753127373127758382456,-195836,95,100,100,0,True
1716184055,19909147,4431753127373127758382456,-195836,95,100,100,0,True
1716184067,19909148,4431753127373127758382456,-195836,95,100,100,0,True
1716184079,19909149,4431753127373127758382456,-195836,95,100,100,0,True
1716184091,19909150,4431753127373127758382456,-195836,95,100,100,0,True
1716184103,19909151,4431753127373127758382456,-195836,95,100,100,0,True
1716184115,19909152,4431753127373127758382456,-195836,95,100,100,0,True
1716184127,19909153,4431753127373127758382456,-195836,95,100,100,0,True
1716184139,19909154,4431753127373127758382456,-195836,95,100,100,0,True
1716184151,19909155,4431753127373127758382456,-195836,95,100,100,0,True
1716184163,19909156,4431753127373127758382456,-195836,95,100,100,0,True
1716184175,19909157,4431753127373127758382456,-195836,95,100,100,0,True
1716184187,19909158,4431753127373127758382456,-195836,95,100,100,0,True
1716184199,19909159,4431753127373127758382456,-195836,95,100,100,0,True
1716184211,19909160,4431753127373127758382456,-195836,95,100,100,0,True
1716184223,19909161,4431753127373127758382456,-195836,95,100,100,0,True
1716184235,19909162,4431753127373127758382456,-195836,95,100,100,0,True
1716184247,19909163,4431753127373127758382456,-195836,95,100,100,0,True
1716184259,19909164,4431754284257065172379235,-195836,95,100,100,0,True
1716184271,19909165,4431754284257065172379235,-195836,95,100,100,0,True
1716184283,19909166,4431754284257065172379235,-195836,95,100,100,0,True
1716184295,19909167,4431754284257065172379235,-195836,95,100,100,0,True
1716184307,19909168,4431754284257065172379235,-195836,95,100,100,0,True
1716184319,19909169,4431754284257065172379235,-195836,95,100,100,0,True
1716184331,19909170,4431754284257065172379235,-195836,95,100,100,0,True
1716184343,19909171,4431754284257065172379235,-195836,95,100,100,0,True
1716184355,19909172,4431754284257065172379235,-195836,95,100,100,0,True
1716184367,19909173,4431754284257065172379235,-195836,95,100,100,0,True
1716184379,19909174,4431754284257065172379235,-195836,95,100,100,0,True
1716184391,19909175,4431754284257065172379235,-195836,95,100,100,0,True
1716184403,19909176,4431754284257065172379235,-195836,95,100,100,0,True
1716184415,19909177,4431754284257065172379235,-195836,95,100,100,0,True
1716184427,19909178,4431754284257065172379235,-195836,95,100,100,0,True
1716184451,19909179,4431754284257065172379235,-195836,95,100,100,0,True
1716184463,19909180,4431754284257065172379235,-195836,95,100,100,0,True
1716184475,19909181,4431754284257065172379235,-195836,95,100,100,0,True
1716184487,19909182,4431754284257065172379235,-195836,95,100,100,0,True
1716184499,19909183,4431754284257065172379235,-195836,95,100,100,0,True
1716184511,19909184,4431754284257065172379235,-195836,95,100,100,0,True
1716184523,19909185,4431754284257065172379235,-195836,95,100,100,0,True
1716184535,19909186,4431754284257065172379235,-195836,95,100,100,0,True
1716184547,19909187,4431754284257065172379235,-195836,95,100,100,0,True
1716184559,19909188,4431754284257065172379235,-195836,95,100,100,0,True
1716184571,19909189,4431754284257065172379235,-195836,95,100,100,0,True
1716184583,19909190,4431754284257065172379235,-195836,95,100,100,0,True
1716184595,19909191,4431747966350497925333685,-195836,95,100,100,0,True
1716184607,19909192,4431747966350497925333685,-195836,95,100,100,0,True
1716184619,19909193,4431747966350497925333685,-195836,95,100,100,0,True
1716184631,19909194,4431747966350497925333685,-195836,95,100,100,0,True
1716184643,19909195,4431747966350497925333685,-195836,95,100,100,0,True
1716184655,19909196,4431747966350497925333685,-195836,95,100,100,0,True
1716184667,19909197,4431747966350497925333685,-195836,95,100,100,0,True
1716184679,19909198,4431747966350497925333685,-195836,95,100,100,0,True
1716184691,19909199,4431747966350497925333685,-195836,95,100,100,0,True
1716184703,19909200,4431744697542804291114156,-195836,95,100,100,0,True
1716184715,19909201,4431744697542804291114156,-195836,95,100,100,0,True
1716184727,19909202,4431744697542804291114156,-195836,95,100,100,0,True
1716184739,19909203,4431744697542804291114156,-195836,95,100,100,0,True
1716184751,19909204,4431744697542804291114156,-195836,95,100,100,0,True
1716184763,19909205,4431744697542804291114156,-195836,95,100,100,0,True
1716184775,19909206,4431744697542804291114156,-195836,95,100,100,0,True
1716184787,19909207,4431744697542804291114156,-195836,95,100,100,0,True
1716184799,19909208,4431731458843195950648416,-195836,95,100,100,0,True
1716184811,19909209,4431731458843195950648416,-195836,95,100,100,0,True
1716184823,19909210,4431731458843195950648416,-195836,95,100,100,0,True
1716184835,19909211,4431731458843195950648416,-195836,95,100,100,0,True
1716184847,19909212,4431731458843195950648416,-195836,95,100,100,0,True
1716184859,19909213,4431731458843195950648416,-195836,95,100,100,0,True
1716184871,19909214,4431731458843195950648416,-195836,95,100,100,0,True
1716184883,19909215,4431731458843195950648416,-195836,95,100,100,0,True
1716184895,19909216,4431728396552036068574637,-195836,95,100,100,0,True
1716184907,19909217,4431728396552036068574637,-195836,95,100,100,0,True
1716184919,19909218,4431728396552036068574637,-195836,95,100,100,0,True
1716184931,19909219,4431728396552036068574637,-195836,95,100,100,0,True
1716184943,19909220,4431728396552036068574637,-195836,95,100,100,0,True
1716184955,19909221,4431728396552036068574637,-195836,95,100,100,0,True
1716184967,19909222,4431728396552036068574637,-195836,95,100,100,0,True
1716184979,19909223,4431728396552036068574637,-195836,95,100,100,0,True
1716184991,19909224,4431728396552036068574637,-195836,95,100,100,0,True
1716185003,19909225,4431728396552036068574637,-195836,95,100,100,0,True
1716185015,19909226,4431728396552036068574637,-195836,95,100,100,0,True
1716185027,19909227,4431731095350528327939987,-195836,95,100,100,0,True
1716185039,19909228,4431731095350528327939987,-195836,95,100,100,0,True
1716185051,19909229,4430883839038610003233836,-195840,96,100,100,0,True
1716185063,19909230,4430883839038610003233836,-195840,96,100,100,0,True
1716185075,19909231,4430883839038610003233836,-195840,96,100,100,0,True
1716185087,19909232,4430883839038610003233836,-195840,96,100,100,0,True
1716185099,19909233,4430883836530151322009348,-195840,96,100,100,0,True
1716185111,19909234,4430883836530151322009348,-195840,96,100,100,0,True
1716185123,19909235,4430883836530151322009348,-195840,96,100,100,0,True
1716185135,19909236,4430883836530151322009348,-195840,96,100,100,0,True
1716185147,19909237,4430883836530151322009348,-195840,96,100,100,0,True
1716185159,19909238,4430883836530151322009348,-195840,96,100,100,0,True
1716185171,19909239,4430882726666548810004046,-195840,96,100,100,0,True
1716185183,19909240,4430882726666548810004046,-195840,96,100,100,0,True
1716185195,19909241,4430882726666548810004046,-195840,96,100,100,0,True
1716185207,19909242,4430882726666548810004046,-195840,96,100,100,0,True
1716185219,19909243,4430736479477018520993611,-195841,97,100,100,0,True
1716185231,19909244,4430703861310860529939088,-195841,97,100,100,0,True
1716185243,19909245,4430703861310860529939088,-195841,97,100,100,0,True
1716185255,19909246,4430702917832362533005005,-195841,97,100,100,0,True
1716185267,19909247,4430702792743740602495119,-195841,97,100,100,0,True
1716185279,19909248,4430702792743740602495119,-195841,97,100,100,0,True
1716185291,19909249,4430702717794235687170175,-195841,97,100,100,0,True
1716185303,19909250,4430582063661286437787576,-195841,97,100,100,0,True
1716185315,19909251,4430582063661286437787576,-195841,97,100,100,0,True
1716185327,19909252,4430284388974526217009013,-195843,98,100,100,0,True
1716185339,19909253,4430284388974526217009013,-195843,98,100,100,0,True
1716185351,19909254,4429527981489975851058459,-195846,99,100,100,0,True
1716185363,19909255,4429253108599569215042519,-195847,0,100,100,0,True
1716185375,19909256,4428362958708041692699967,-195851,1,100,100,0,True
1716185387,19909257,4428362958708041692699967,-195851,1,100,100,0,True
1716185399,19909258,4428362958708041692699967,-195851,1,100,100,0,True
1716185411,19909259,4427402094372056296015232,-195856,2,100,100,0,True
1716185423,19909260,4425390258134932952593369,-195865,3,100,100,0,True
1716185435,19909261,4425390770417642193777717,-195865,3,100,100,0,True
1716185447,19909262,4424528575015298319515637,-195869,4,100,100,0,True
1716185459,19909263,4423501559271187929171844,-195873,5,100,100,0,True
1716185471,19909264,4421437668228145092755450,-195883,6,100,100,0,True
1716185483,19909265,4421437668228145092755450,-195883,6,100,100,0,True
1716185495,19909266,4421437668228145092755450,-195883,6,100,100,0,True
1716185507,19909267,4421437658262863904101811,-195883,6,100,100,0,True
1716185519,19909268,4421437658262863904101811,-195883,6,100,100,0,True
1716185531,19909269,4420497423598814343093401,-195887,7,100,100,0,True
1716185543,19909270,4420497423598814343093401,-195887,7,100,100,0,True
1716185555,19909271,4420497423598814343093401,-195887,7,100,100,0,True
1716185567,19909272,4420497423598814343093401,-195887,7,100,100,0,True
1716185579,19909273,4420497423598814343093401,-195887,7,100,100,0,True
1716185591,19909274,4420497423598814343093401,-195887,7,100,100,0,True
1716185603,19909275,4420497423598814343093401,-195887,7,100,100,0,True
1716185615,19909276,4420497423598814343093401,-195887,7,100,100,0,True
1716185627,19909277,4420497423598814343093401,-195887,7,100,100,0,True
1716185639,19909278,4420497423598814343093401,-195887,7,100,100,0,True
1716185651,19909279,4420497423598814343093401,-195887,7,100,100,0,True
1716185663,19909280,4420497423598814343093401,-195887,7,100,100,0,True
1716185675,19909281,4420497423598814343093401,-195887,7,100,100,0,True
1716185687,19909282,4420497423598814343093401,-195887,7,100,100,0,True
1716185699,19909283,4420497423598814343093401,-195887,7,100,100,0,True
1716185711,19909284,4420497423598814343093401,-195887,7,100,100,0,True
1716185723,19909285,4420497423598814343093401,-195887,7,100,100,0,True
1716185735,19909286,4420497423598814343093401,-195887,7,100,100,0,True
1716185747,19909287,4420497423598814343093401,-195887,7,100,100,0,True
1716185759,19909288,4420497423598814343093401,-195887,7,100,100,0,True
1716185771,19909289,4420497423598814343093401,-195887,7,100,100,0,True
1716185783,19909290,4420497423598814343093401,-195887,7,100,100,0,True
1716185795,19909291,4420497423598814343093401,-195887,7,100,100,0,True
1716185807,19909292,4420497423598814343093401,-195887,7,100,100,0,True
1716185819,19909293,4420497423598814343093401,-195887,7,100,100,0,True
1716185831,19909294,4420497423598814343093401,-195887,7,100,100,0,True
1716185843,19909295,4420497423598814343093401,-195887,7,100,100,0,True
1716185855,19909296,4420497423598814343093401,-195887,7,100,100,0,True
1716185867,19909297,4420497423598814343093401,-195887,7,100,100,0,True
1716185879,19909298,4420497423598814343093401,-195887,7,100,100,0,True
1716185891,19909299,4420497423598814343093401,-195887,7,100,100,0,True
1716185903,19909300,4420497423598814343093401,-195887,7,100,100,0,True
1716185915,19909301,4420497423598814343093401,-195887,7,100,100,0,True
1716185927,19909302,4420497423598814343093401,-195887,7,100,100,0,True
1716185939,19909303,4420497423598814343093401,-195887,7,100,100,0,True
1716185951,19909304,4420497423598814343093401,-195887,7,100,100,0,True
1716185963,19909305,4420497423598814343093401,-195887,7,100,100,0,True
1716185975,19909306,4420497423598814343093401,-195887,7,100,100,0,True
1716185987,19909307,4420497423598814343093401,-195887,7,100,100,0,True
1716185999,19909308,4420497423598814343093401,-195887,7,100,100,0,True
1716186011,19909309,4420497423598814343093401,-195887,7,100,100,0,True
1716186023,19909310,4420497423598814343093401,-195887,7,100,100,0,True
1716186035,19909311,4420497423598814343093401,-195887,7,100,100,0,True
1716186047,19909312,4420497423598814343093401,-195887,7,100,100,0,True
1716186059,19909313,4420497423598814343093401,-195887,7,100,100,0,True
1716186071,19909314,4420497423598814343093401,-195887,7,100,100,0,True
1716186083,19909315,4420497423598814343093401,-195887,7,100,100,0,True
1716186095,19909316,4420497423598814343093401,-195887,7,100,100,0,True
1716186107,19909317,4420602008319053918112124,-195887,8,100,100,0,True
1716186119,19909318,4420602008319053918112124,-195887,8,100,100,0,True
1716186131,19909319,4420602008319053918112124,-195887,8,100,100,0,True
1716186143,19909320,4420602008319053918112124,-195887,8,100,100,0,True
1716186155,19909321,4420602008319053918112124,-195887,8,100,100,0,True
1716186167,19909322,4420602008319053918112124,-195887,8,100,100,0,True
1716186179,19909323,4420602008319053918112124,-195887,8,100,100,0,True
1716186191,19909324,4420602008319053918112124,-195887,8,100,100,0,True
1716186203,19909325,4420602008319053918112124,-195887,8,100,100,0,True
1716186215,19909326,4420602008319053918112124,-195887,8,100,100,0,True
1716186227,19909327,4420602008319053918112124,-195887,8,100,100,0,True
1716186239,19909328,4420602008319053918112124,-195887,8,100,100,0,True
1716186251,19909329,4420602008319053918112124,-195887,8,100,100,0,True
1716186263,19909330,4420602008319053918112124,-195887,8,100,100,0,True
1716186275,19909331,4420602008319053918112124,-195887,8,100,100,0,True
1716186287,19909332,4420602008319053918112124,-195887,8,100,100,0,True
1716186299,19909333,4420602008319053918112124,-195887,8,100,100,0,True
1716186311,19909334,4420602008319053918112124,-195887,8,100,100,0,True
1716186323,19909335,4420602008319053918112124,-195887,8,100,100,0,True
1716186335,19909336,4420602008319053918112124,-195887,8,100,100,0,True
1716186347,19909337,4420602008319053918112124,-195887,8,100,100,0,True
1716186359,19909338,4420602008319053918112124,-195887,8,100,100,0,True
1716186371,19909339,4420602008319053918112124,-195887,8,100,100,0,True
1716186383,19909340,4420602008319053918112124,-195887,8,100,100,0,True
1716186395,19909341,4420602008319053918112124,-195887,8,100,100,0,True
1716186407,19909342,4420602008319053918112124,-195887,8,100,100,0,True
1716186419,19909343,4420602008319053918112124,-195887,8,100,100,0,True
1716186431,19909344,4420602008319053918112124,-195887,8,100,100,0,True
1716186443,19909345,4420602008319053918112124,-195887,8,100,100,0,True
1716186455,19909346,4420602008319053918112124,-195887,8,100,100,0,True
1716186467,19909347,4420602008319053918112124,-195887,8,100,100,0,True
1716186479,19909348,4420602008319053918112124,-195887,8,100,100,0,True
1716186491,19909349,4420602008319053918112124,-195887,8,100,100,0,True
1716186503,19909350,4420602008319053918112124,-195887,8,100,100,0,True
1716186515,19909351,4420602008319053918112124,-195887,8,100,100,0,True
1716186527,19909352,4420602008319053918112124,-195887,8,100,100,0,True
1716186539,19909353,4420602008319053918112124,-195887,8,100,100,0,True
1716186551,19909354,4420602008319053918112124,-195887,8,100,100,0,True
1716186563,19909355,4420602008319053918112124,-195887,8,100,100,0,True
1716186575,19909356,4420602008319053918112124,-195887,8,100,100,0,True
1716186587,19909357,4420602008319053918112124,-195887,8,100,100,0,True
1716186599,19909358,4420602008319053918112124,-195887,8,100,100,0,True
1716186611,19909359,4420602008319053918112124,-195887,8,100,100,0,True
1716186623,19909360,4420602008319053918112124,-195887,8,100,100,0,True
1716186635,19909361,4420602008319053918112124,-195887,8,100,100,0,True
1716186647,19909362,4420602008319053918112124,-195887,8,100,100,0,True
1716186659,19909363,4420602008319053918112124,-195887,8,100,100,0,True
1716186671,19909364,4420602008319053918112124,-195887,8,100,100,0,True
1716186683,19909365,4420602008319053918112124,-195887,8,100,100,0,True
1716186695,19909366,4420602008319053918112124,-195887,8,100,100,0,True
1716186707,19909367,4420602008319053918112124,-195887,8,100,100,0,True
1716186719,19909368,4420602008319053918112124,-195887,8,100,100,0,True
1716186731,19909369,4420602008319053918112124,-195887,8,100,100,0,True
1716186743,19909370,4420602008319053918112124,-195887,8,100,100,0,True
1716186755,19909371,4420602008319053918112124,-195887,8,100,100,0,True
1716186767,19909372,4420602008319053918112124,-195887,8,100,100,0,True
1716186779,19909373,4420602008319053918112124,-195887,8,100,100,0,True
1716186791,19909374,4420602008319053918112124,-195887,8,100,100,0,True
1716186803,19909375,4420602008319053918112124,-195887,8,100,100,0,True
1716186815,19909376,4420602008319053918112124,-195887,8,100,100,0,True
1716186827,19909377,4420602008319053918112124,-195887,8,100,100,0,True
1716186839,19909378,4420602008319053918112124,-195887,8,100,100,0,True
1716186851,19909379,4420602008319053918112124,-195887,8,100,100,0,True
1716186863,19909380,4420602008319053918112124,-195887,8,100,100,0,True
1716186875,19909381,4420602008319053918112124,-195887,8,100,100,0,True
1716186887,19909382,4420602008319053918112124,-195887,8,100,100,0,True
1716186899,19909383,4420602008319053918112124,-195887,8,100,100,0,True
1716186911,19909384,4420602008319053918112124,-195887,8,100,100,0,True
1716186923,19909385,4420602008319053918112124,-195887,8,100,100,0,True
1716186935,19909386,4420602008319053918112124,-195887,8,100,100,0,True
1716186947,19909387,4420602008319053918112124,-195887,8,100,100,0,True
1716186959,19909388,4420602008319053918112124,-195887,8,100,100,0,True
1716186971,19909389,4420602008319053918112124,-195887,8,100,100,0,True
1716186983,19909390,4420602008319053918112124,-195887,8,100,100,0,True
1716186995,19909391,4420626960766888629109750,-195886,9,100,100,0,True
1716187007,19909392,4420626960766888629109750,-195886,9,100,100,0,True
1716187019,19909393,4420626960766888629109750,-195886,9,100,100,0,True
1716187031,19909394,4420626960766888629109750,-195886,9,100,100,0,True
1716187043,19909395,4420626960766888629109750,-195886,9,100,100,0,True
1716187055,19909396,4420626960766888629109750,-195886,9,100,100,0,True
1716187067,19909397,4420626960766888629109750,-195886,9,100,100,0,True
1716187079,19909398,4420626960766888629109750,-195886,9,100,100,0,True
1716187091,19909399,4420626960766888629109750,-195886,9,100,100,0,True
1716187103,19909400,4420626960766888629109750,-195886,9,100,100,0,True
1716187115,19909401,4420626960766888629109750,-195886,9,100,100,0,True
1716187127,19909402,4420626960766888629109750,-195886,9,100,100,0,True
1716187139,19909403,4420626960766888629109750,-195886,9,100,100,0,True
1716187151,19909404,4420626960766888629109750,-195886,9,100,100,0,True
1716187163,19909405,4420626960766888629109750,-195886,9,100,100,0,True
1716187175,19909406,4420626960766888629109750,-195886,9,100,100,0,True
1716187187,19909407,4420626960766888629109750,-195886,9,100,100,0,True
1716187199,19909408,4420626960766888629109750,-195886,9,100,100,0,True
1716187211,19909409,4420626960766888629109750,-195886,9,100,100,0,True
1716187223,19909410,4420626960766888629109750,-195886,9,100,100,0,True
1716187235,19909411,4420627834975585032032178,-195886,10,100,100,0,True
1716187247,19909412,4420627834975585032032178,-195886,10,100,100,0,True
1716187259,19909413,4420627834975585032032178,-195886,10,100,100,0,True
1716187271,19909414,4420627834975585032032178,-195886,10,100,100,0,True
1716187283,19909415,4420627834975585032032178,-195886,10,100,100,0,True
1716187295,19909416,4420627834975585032032178,-195886,10,100,100,0,True
1716187307,19909417,4420627834975585032032178,-195886,10,100,100,0,True
1716187319,19909418,4420627834975585032032178,-195886,10,100,100,0,True
1716187331,19909419,4420627834975585032032178,-195886,10,100,100,0,True
1716187343,19909420,4420627834975585032032178,-195886,10,100,100,0,True
1716187355,19909421,4420451189795495931463229,-195887,11,100,100,0,True
1716187367,19909422,4420451189795495931463229,-195887,11,100,100,0,True
1716187379,19909423,4420451189795495931463229,-195887,11,100,100,0,True
1716187391,19909424,4420451189795495931463229,-195887,11,100,100,0,True
1716187403,19909425,4420451189795495931463229,-195887,11,100,100,0,True
1716187415,19909426,4420451189795495931463229,-195887,11,100,100,0,True
1716187427,19909427,4419924280423826145156385,-195890,12,100,100,0,True
1716187439,19909428,4419924280423826145156385,-195890,12,100,100,0,True
1716187451,19909429,4419924280423826145156385,-195890,12,100,100,0,True
1716187463,19909430,4419924280423826145156385,-195890,12,100,100,0,True
1716187475,19909431,4419924280423826145156385,-195890,12,100,100,0,True
1716187487,19909432,4419924280423826145156385,-195890,12,100,100,0,True
1716187499,19909433,4419924280423826145156385,-195890,12,100,100,0,True
1716187511,19909434,4419890960291852870500030,-195890,12,100,100,0,True
1716187535,19909435,4419890960291852870500030,-195890,12,100,100,0,True
1716187547,19909436,4419890960291852870500030,-195890,12,100,100,0,True
1716187559,19909437,4419890960291852870500030,-195890,12,100,100,0,True
1716187571,19909438,4419890960291852870500030,-195890,12,100,100,0,True
1716187583,19909439,4419890960291852870500030,-195890,12,100,100,0,True
1716187595,19909440,4419890960291852870500030,-195890,12,100,100,0,True
1716187607,19909441,4419890960291852870500030,-195890,12,100,100,0,True
1716187619,19909442,4419890960291852870500030,-195890,12,100,100,0,True
1716187631,19909443,4419890960291852870500030,-195890,12,100,100,0,True
1716187643,19909444,4419890960291852870500030,-195890,12,100,100,0,True
1716187655,19909445,4419890960291852870500030,-195890,12,100,100,0,True
1716187667,19909446,4419890960291852870500030,-195890,12,100,100,0,True
1716187679,19909447,4419890960291852870500030,-195890,12,100,100,0,True
1716187691,19909448,4419890960291852870500030,-195890,12,100,100,0,True
1716187703,19909449,4419890960291852870500030,-195890,12,100,100,0,True
1716187715,19909450,4418869537396468429619193,-195894,13,100,100,0,True
1716187727,19909451,4418746263319693901168640,-195895,14,100,100,0,True
1716187739,19909452,4417907841593085490364416,-195899,15,100,100,0,True
1716187751,19909453,4417907841593085490364416,-195899,15,100,100,0,True
1716187763,19909454,4417907841593085490364416,-195899,15,100,100,0,True
1716187775,19909455,4417627488336633179144192,-195900,16,100,100,0,True
1716187787,19909456,4417627488336633179144192,-195900,16,100,100,0,True
1716187799,19909457,4417627488336633179144192,-195900,16,100,100,0,True
1716187811,19909458,4416174888130798904626961,-195907,17,100,100,0,True
1716187823,19909459,4416174888130798904626961,-195907,17,100,100,0,True
1716187835,19909460,4416174888130798904626961,-195907,17,100,100,0,True
1716187847,19909461,4416221809336155993474375,-195906,18,100,100,0,True
1716187859,19909462,4416221809336155993474375,-195906,18,100,100,0,True
1716187871,19909463,4416221809336155993474375,-195906,18,100,100,0,True
1716187883,19909464,4416221809336155993474375,-195906,18,100,100,0,True
1716187895,19909465,4415445990833726150192408,-195910,19,100,100,0,True
1716187907,19909466,4414399952845047554910907,-195915,20,100,100,0,True
1716187919,19909467,4414399952845047554910907,-195915,20,100,100,0,True
1716187931,19909468,4413627220334706009628404,-195918,21,100,100,0,True
1716187943,19909469,4413627220334706009628404,-195918,21,100,100,0,True
1716187955,19909470,4408445627560958347329141,-195942,22,100,100,0,True
1716187967,19909471,4408445627560958347329141,-195942,22,100,100,0,True
1716187979,19909472,4408342720532648403627163,-195942,22,100,100,0,True
1716187991,19909473,4406683766946875741723484,-195950,23,100,100,0,True
1716188003,19909474,4404965113788681890562035,-195957,24,100,100,0,True
1716188015,19909475,4401779729253393838098656,-195972,25,100,100,0,True
1716188027,19909476,4401779729253393838098656,-195972,25,100,100,0,True
1716188039,19909477,4401779729253393838098656,-195972,25,100,100,0,True
1716188051,19909478,4401038388619885991479390,-195975,26,100,100,0,True
1716188063,19909479,4400618560394357871981372,-195977,27,100,100,0,True
1716188075,19909480,4399971509371223074094234,-195980,28,100,100,0,True
1716188087,19909481,4399324458348088276207093,-195983,29,100,100,0,True
1716188099,19909482,4396362768643025479920179,-195996,30,100,100,0,True
1716188111,19909483,4396362768643025479920179,-195996,30,100,100,0,True
1716188123,19909484,4396362768643025479920179,-195996,30,100,100,0,True
1716188135,19909485,4396362768643025479920179,-195996,30,100,100,0,True
1716188147,19909486,4396362768643025479920179,-195996,30,100,100,0,True
1716188159,19909487,4396362768643025479920179,-195996,30,100,100,0,True
1716188171,19909488,4396362768643025479920179,-195996,30,100,100,0,True
1716188183,19909489,4395755514875098394896752,-195999,31,100,100,0,True
1716188195,19909490,4395755514875098394896752,-195999,31,100,100,0,True
1716188207,19909491,4395755514875098394896752,-195999,31,100,100,0,True
1716188219,19909492,4395755514875098394896752,-195999,31,100,100,0,True
1716188231,19909493,4394756733206422933070293,-196004,32,100,100,0,True
1716188243,19909494,4393325703149136383834997,-196010,33,100,100,0,True
1716188255,19909495,4393325703149136383834997,-196010,33,100,100,0,True
1716188267,19909496,4393310840092693570007736,-196010,33,100,100,0,True
1716188279,19909497,4393310840092693570007736,-196010,33,100,100,0,True
1716188291,19909498,4393310840092693570007736,-196010,33,100,100,0,True
1716188303,19909499,4393310840092693570007736,-196010,33,100,100,0,True
1716188315,19909500,4393310840092693570007736,-196010,33,100,100,0,True
1716188327,19909501,4393310840092693570007736,-196010,33,100,100,0,True
1716188339,19909502,4393310840092693570007736,-196010,33,100,100,0,True
1716188351,19909503,4393310840092693570007736,-196010,33,100,100,0,True
1716188363,19909504,4393310840092693570007736,-196010,33,100,100,0,True
1716188375,19909505,4393310840092693570007736,-196010,33,100,100,0,True
1716188387,19909506,4393310840092693570007736,-196010,33,100,100,0,True
1716188399,19909507,4393310840092693570007736,-196010,33,100,100,0,True
1716188423,19909508,4393310840092693570007736,-196010,33,100,100,0,True
1716188435,19909509,4393310840092693570007736,-196010,33,100,100,0,True
1716188447,19909510,4393310840092693570007736,-196010,33,100,100,0,True
1716188459,19909511,4393310840092693570007736,-196010,33,100,100,0,True
1716188471,19909512,4393310840092693570007736,-196010,33,100,100,0,True
1716188483,19909513,4393310840092693570007736,-196010,33,100,100,0,True
1716188495,19909514,4393310840092693570007736,-196010,33,100,100,0,True
1716188507,19909515,4393310840092693570007736,-196010,33,100,100,0,True
1716188519,19909516,4393310840092693570007736,-196010,33,100,100,0,True
1716188531,19909517,4393310840092693570007736,-196010,33,100,100,0,True
1716188543,19909518,4393310840092693570007736,-196010,33,100,100,0,True
1716188555,19909519,4393310840092693570007736,-196010,33,100,100,0,True
1716188567,19909520,4393310840092693570007736,-196010,33,100,100,0,True
1716188579,19909521,4393310840092693570007736,-196010,33,100,100,0,True
1716188591,19909522,4393310840092693570007736,-196010,33,100,100,0,True
1716188603,19909523,4393310840092693570007736,-196010,33,100,100,0,True
1716188615,19909524,4393310840092693570007736,-196010,33,100,100,0,True
1716188627,19909525,4393310840092693570007736,-196010,33,100,100,0,True
1716188639,19909526,4393310840092693570007736,-196010,33,100,100,0,True
1716188651,19909527,4393310840092693570007736,-196010,33,100,100,0,True
1716188663,19909528,4393310840092693570007736,-196010,33,100,100,0,True
1716188675,19909529,4393310840092693570007736,-196010,33,100,100,0,True
1716188687,19909530,4393310840092693570007736,-196010,33,100,100,0,True
1716188699,19909531,4393310840092693570007736,-196010,33,100,100,0,True
1716188711,19909532,4393310840092693570007736,-196010,33,100,100,0,True
1716188723,19909533,4393310840092693570007736,-196010,33,100,100,0,True
1716188735,19909534,4393310840092693570007736,-196010,33,100,100,0,True
1716188747,19909535,4393310840092693570007736,-196010,33,100,100,0,True
1716188759,19909536,4393310840092693570007736,-196010,33,100,100,0,True
1716188771,19909537,4393310840092693570007736,-196010,33,100,100,0,True
1716188783,19909538,4393310840092693570007736,-196010,33,100,100,0,True
1716188795,19909539,4393310840092693570007736,-196010,33,100,100,0,True
1716188807,19909540,4393310840092693570007736,-196010,33,100,100,0,True
1716188819,19909541,4393310840092693570007736,-196010,33,100,100,0,True
1716188831,19909542,4393310840092693570007736,-196010,33,100,100,0,True
1716188843,19909543,4393310840092693570007736,-196010,33,100,100,0,True
1716188855,19909544,4393310840092693570007736,-196010,33,100,100,0,True
1716188867,19909545,4394733173461218573435373,-196004,34,100,100,0,True
1716188879,19909546,4394733173461218573435373,-196004,34,100,100,0,True
1716188891,19909547,4394733173461218573435373,-196004,34,100,100,0,True
1716188903,19909548,4394733173461218573435373,-196004,34,100,100,0,True
1716188915,19909549,4394733173461218573435373,-196004,34,100,100,0,True
1716188927,19909550,4394733173461218573435373,-196004,34,100,100,0,True
1716188939,19909551,4394733173461218573435373,-196004,34,100,100,0,True
1716188951,19909552,4394733173461218573435373,-196004,34,100,100,0,True
1716188963,19909553,4394733173461218573435373,-196004,34,100,100,0,True
1716188975,19909554,4394733173461218573435373,-196004,34,100,100,0,True
1716188987,19909555,4394733173461218573435373,-196004,34,100,100,0,True
1716188999,19909556,4394733173461218573435373,-196004,34,100,100,0,True
1716189011,19909557,4394733173461218573435373,-196004,34,100,100,0,True
1716189023,19909558,4394733173461218573435373,-196004,34,100,100,0,True
1716189035,19909559,4394733173461218573435373,-196004,34,100,100,0,True
1716189047,19909560,4394733173461218573435373,-196004,34,100,100,0,True
1716189059,19909561,4394733173461218573435373,-196004,34,100,100,0,True
1716189071,19909562,4394736436347300167431487,-196004,34,100,100,0,True
1716189083,19909563,4394736436347300167431487,-196004,34,100,100,0,True
1716189095,19909564,4394736436347300167431487,-196004,34,100,100,0,True
1716189107,19909565,4394736436347300167431487,-196004,34,100,100,0,True
1716189119,19909566,4394736436347300167431487,-196004,34,100,100,0,True
1716189131,19909567,4394736436347300167431487,-196004,34,100,100,0,True
1716189143,19909568,4394736436347300167431487,-196004,34,100,100,0,True
1716189155,19909569,4394736436347300167431487,-196004,34,100,100,0,True
1716189167,19909570,4394736436347300167431487,-196004,34,100,100,0,True
1716189179,19909571,4394736436347300167431487,-196004,34,100,100,0,True
1716189191,19909572,4394736436347300167431487,-196004,34,100,100,0,True
1716189203,19909573,4394736436347300167431487,-196004,34,100,100,0,True
1716189215,19909574,4394736436347300167431487,-196004,34,100,100,0,True
1716189227,19909575,4394736436347300167431487,-196004,34,100,100,0,True
1716189239,19909576,4394736436347300167431487,-196004,34,100,100,0,True
1716189251,19909577,4394736436347300167431487,-196004,34,100,100,0,True
1716189263,19909578,4394736436347300167431487,-196004,34,100,100,0,True
1716189275,19909579,4394736436347300167431487,-196004,34,100,100,0,True
1716189287,19909580,4394736436347300167431487,-196004,34,100,100,0,True
1716189299,19909581,4394736436347300167431487,-196004,34,100,100,0,True
1716189311,19909582,4394736436347300167431487,-196004,34,100,100,0,True
1716189323,19909583,4394736436347300167431487,-196004,34,100,100,0,True
1716189335,19909584,4394736436347300167431487,-196004,34,100,100,0,True
1716189347,19909585,4394736436347300167431487,-196004,34,100,100,0,True
1716189359,19909586,4394736436347300167431487,-196004,34,100,100,0,True
1716189371,19909587,4394736436347300167431487,-196004,34,100,100,0,True
1716189383,19909588,4396351365651598753093473,-195997,35,100,100,0,True
1716189395,19909589,4396351365651598753093473,-195997,35,100,100,0,True
1716189407,19909590,4398242652842959141433944,-195988,36,100,100,0,True
1716189419,19909591,4398242652842959141433944,-195988,36,100,100,0,True
1716189431,19909592,4398242652842959141433944,-195988,36,100,100,0,True
1716189443,19909593,4398242652842959141433944,-195988,36,100,100,0,True
1716189455,19909594,4398242652842959141433944,-195988,36,100,100,0,True
1716189467,19909595,4398242652842959141433944,-195988,36,100,100,0,True
1716189479,19909596,4398242652842959141433944,-195988,36,100,100,0,True
1716189491,19909597,4398242652842959141433944,-195988,36,100,100,0,True
1716189503,19909598,4398242652842959141433944,-195988,36,100,100,0,True
1716189515,19909599,4398242652842959141433944,-195988,36,100,100,0,True
1716189527,19909600,4398242652842959141433944,-195988,36,100,100,0,True
1716189539,19909601,4398242652842959141433944,-195988,36,100,100,0,True
1716189551,19909602,4398242652842959141433944,-195988,36,100,100,0,True
1716189563,19909603,4398242652842959141433944,-195988,36,100,100,0,True
1716189575,19909604,4398242652842959141433944,-195988,36,100,100,0,True
1716189587,19909605,4398242652842959141433944,-195988,36,100,100,0,True
1716189599,19909606,4398242652842959141433944,-195988,36,100,100,0,True
1716189611,19909607,4398242652842959141433944,-195988,36,100,100,0,True
1716189623,19909608,4398242652842959141433944,-195988,36,100,100,0,True
1716189635,19909609,4398242652842959141433944,-195988,36,100,100,0,True
1716189647,19909610,4398242652842959141433944,-195988,36,100,100,0,True
1716189659,19909611,4398242652842959141433944,-195988,36,100,100,0,True
1716189671,19909612,4398242652842959141433944,-195988,36,100,100,0,True
1716189683,19909613,4398242652842959141433944,-195988,36,100,100,0,True
1716189695,19909614,4398242652842959141433944,-195988,36,100,100,0,True
1716189707,19909615,4398242652842959141433944,-195988,36,100,100,0,True
1716189719,19909616,4398242652842959141433944,-195988,36,100,100,0,True
1716189731,19909617,4398242652842959141433944,-195988,36,100,100,0,True
1716189743,19909618,4398242652842959141433944,-195988,36,100,100,0,True
1716189755,19909619,4398243371600510969725419,-195988,36,100,100,0,True
1716189767,19909620,4398243371600510969725419,-195988,36,100,100,0,True
1716189779,19909621,4398243371600510969725419,-195988,36,100,100,0,True
1716189791,19909622,4398266137234668327246864,-195988,36,100,100,0,True
1716189803,19909623,4398267674217668946859181,-195988,36,100,100,0,True
1716189815,19909624,4398267674217668946859181,-195988,36,100,100,0,True
1716189827,19909625,4398267674217668946859181,-195988,36,100,100,0,True
1716189839,19909626,4398267674217668946859181,-195988,36,100,100,0,True
1716189851,19909627,4398267674217668946859181,-195988,36,100,100,0,True
1716189863,19909628,4398267674217668946859181,-195988,36,100,100,0,True
1716189875,19909629,4398267674217668946859181,-195988,36,100,100,0,True
1716189887,19909630,4398267674217668946859181,-195988,36,100,100,0,True
1716189899,19909631,4398267674217668946859181,-195988,36,100,100,0,True
1716189911,19909632,4398267674217668946859181,-195988,36,100,100,0,True
1716189923,19909633,4398267674217668946859181,-195988,36,100,100,0,True
1716189935,19909634,4398267674217668946859181,-195988,36,100,100,0,True
1716189947,19909635,4398267674217668946859181,-195988,36,100,100,0,True
1716189959,19909636,4398267674217668946859181,-195988,36,100,100,0,True
1716189971,19909637,4398267674217668946859181,-195988,36,100,100,0,True
1716189983,19909638,4398267674217668946859181,-195988,36,100,100,0,True
1716189995,19909639,4398267674217668946859181,-195988,37,100,100,0,True
1716190007,19909640,4398267674217668946859181,-195988,37,100,100,0,True
1716190019,19909641,4398267674217668946859181,-195988,37,100,100,0,True
1716190031,19909642,4398267674217668946859181,-195988,37,100,100,0,True
1716190043,19909643,4398267674217668946859181,-195988,37,100,100,0,True
1716190055,19909644,4398267674217668946859181,-195988,37,100,100,0,True
1716190067,19909645,4398267674217668946859181,-195988,37,100,100,0,True
1716190079,19909646,4398267674217668946859181,-195988,37,100,100,0,True
1716190091,19909647,4398267674217668946859181,-195988,37,100,100,0,True
1716190103,19909648,4398267674217668946859181,-195988,37,100,100,0,True
1716190115,19909649,4398267674217668946859181,-195988,37,100,100,0,True
1716190127,19909650,4398267674217668946859181,-195988,37,100,100,0,True
1716190139,19909651,4398267674217668946859181,-195988,37,100,100,0,True
1716190151,19909652,4398267674217668946859181,-195988,37,100,100,0,True
1716190163,19909653,4398267674217668946859181,-195988,37,100,100,0,True
1716190175,19909654,4398267674217668946859181,-195988,37,100,100,0,True
1716190187,19909655,4398267674217668946859181,-195988,37,100,100,0,True
1716190199,19909656,4399427241882912664792968,-195983,38,100,100,0,True
1716190211,19909657,4399427241882912664792968,-195983,38,100,100,0,True
1716190223,19909658,4399427241882912664792968,-195983,38,100,100,0,True
1716190235,19909659,4399427241882912664792968,-195983,38,100,100,0,True
1716190247,19909660,4399427241882912664792968,-195983,38,100,100,0,True
1716190259,19909661,4399886332109016648965219,-195980,39,100,100,0,True
1716190271,19909662,4400378184558904636712108,-195978,40,100,100,0,True
1716190283,19909663,4401946989764435278924554,-195971,41,100,100,0,True
1716190295,19909664,4401946989764435278924554,-195971,41,100,100,0,True
1716190307,19909665,4402991030154124286701306,-195966,42,100,100,0,True
1716190319,19909666,4402991030154124286701306,-195966,42,100,100,0,True
1716190331,19909667,4402991030154124286701306,-195966,42,100,100,0,True
1716190343,19909668,4402991030154124286701306,-195966,42,100,100,0,True
1716190355,19909669,4402991030154124286701306,-195966,42,100,100,0,True
1716190367,19909670,4402982137535275576960522,-195966,42,100,100,0,True
1716190379,19909671,4402982137535275576960522,-195966,42,100,100,0,True
1716190391,19909672,4402982137535275576960522,-195966,42,100,100,0,True
1716190403,19909673,4402982137535275576960522,-195966,42,100,100,0,True
1716190415,19909674,4402982137535275576960522,-195966,42,100,100,0,True
1716190427,19909675,4402982137535275576960522,-195966,42,100,100,0,True
1716190439,19909676,4402982137535275576960522,-195966,42,100,100,0,True
1716190451,19909677,4402982137535275576960522,-195966,42,100,100,0,True
1716190463,19909678,4402982137535275576960522,-195966,42,100,100,0,True
1716190475,19909679,4402982137535275576960522,-195966,42,100,100,0,True
1716190487,19909680,4402982137535275576960522,-195966,42,100,100,0,True
1716190499,19909681,4402982137535275576960522,-195966,42,100,100,0,True
1716190511,19909682,4402982137535275576960522,-195966,42,100,100,0,True
1716190523,19909683,4402982137535275576960522,-195966,42,100,100,0,True
1716190535,19909684,4402982137535275576960522,-195966,42,100,100,0,True
1716190547,19909685,4402982137535275576960522,-195966,42,100,100,0,True
1716190559,19909686,4402982137535275576960522,-195966,42,100,100,0,True
1716190571,19909687,4402982137535275576960522,-195966,42,100,100,0,True
1716190583,19909688,4402982137535275576960522,-195966,42,100,100,0,True
1716190595,19909689,4402982137535275576960522,-195966,42,100,100,0,True
1716190607,19909690,4402982137535275576960522,-195966,42,100,100,0,True
1716190619,19909691,4402982137535275576960522,-195966,42,100,100,0,True
1716190631,19909692,4402982137535275576960522,-195966,42,100,100,0,True
1716190643,19909693,4402982137535275576960522,-195966,42,100,100,0,True
1716190655,19909694,4402982137535275576960522,-195966,42,100,100,0,True
1716190667,19909695,4402982137535275576960522,-195966,42,100,100,0,True
1716190679,19909696,4402982137535275576960522,-195966,42,100,100,0,True
1716190691,19909697,4402982137535275576960522,-195966,42,100,100,0,True
1716190703,19909698,4402982137535275576960522,-195966,42,100,100,0,True
1716190715,19909699,4402982137535275576960522,-195966,42,100,100,0,True
1716190727,19909700,4402982137535275576960522,-195966,42,100,100,0,True
1716190739,19909701,4402982137535275576960522,-195966,42,100,100,0,True
1716190751,19909702,4402982137535275576960522,-195966,42,100,100,0,True
1716190763,19909703,4402982137535275576960522,-195966,42,100,100,0,True
1716190775,19909704,4402982137535275576960522,-195966,42,100,100,0,True
1716190787,19909705,4402982137535275576960522,-195966,42,100,100,0,True
1716190799,19909706,4402982137535275576960522,-195966,42,100,100,0,True
1716190811,19909707,4402982137535275576960522,-195966,42,100,100,0,True
1716190823,19909708,4402982137535275576960522,-195966,42,100,100,0,True
1716190835,19909709,4402982137535275576960522,-195966,42,100,100,0,True
1716190847,19909710,4402982137535275576960522,-195966,42,100,100,0,True
1716190859,19909711,4402982137535275576960522,-195966,42,100,100,0,True
1716190871,19909712,4402982137535275576960522,-195966,42,100,100,0,True
1716190883,19909713,4402982137535275576960522,-195966,42,100,100,0,True
1716190895,19909714,4402982137535275576960522,-195966,42,100,100,0,True
1716190907,19909715,4402982137535275576960522,-195966,42,100,100,0,True
1716190919,19909716,4402982137535275576960522,-195966,42,100,100,0,True
1716190931,19909717,4402982137535275576960522,-195966,42,100,100,0,True
1716190943,19909718,4402982137535275576960522,-195966,42,100,100,0,True
1716190955,19909719,4402982137535275576960522,-195966,42,100,100,0,True
1716190967,19909720,4402982137535275576960522,-195966,42,100,100,0,True
1716190979,19909721,4402982137535275576960522,-195966,42,100,100,0,True
1716190991,19909722,4402982137535275576960522,-195966,42,100,100,0,True
1716191003,19909723,4402982137535275576960522,-195966,42,100,100,0,True
1716191015,19909724,4402982137535275576960522,-195966,42,100,100,0,True
1716191027,19909725,4402982137535275576960522,-195966,42,100,100,0,True
1716191039,19909726,4402982137535275576960522,-195966,42,100,100,0,True
1716191051,19909727,4402982137535275576960522,-195966,42,100,100,0,True
1716191063,19909728,4402982137535275576960522,-195966,42,100,100,0,True
1716191075,19909729,4402982137535275576960522,-195966,42,100,100,0,True
1716191087,19909730,4402982137535275576960522,-195966,42,100,100,0,True
1716191099,19909731,4402982137535275576960522,-195966,42,100,100,0,True
1716191111,19909732,4402982137535275576960522,-195966,42,100,100,0,True
1716191123,19909733,4402982137535275576960522,-195966,42,100,100,0,True
1716191135,19909734,4402982137535275576960522,-195966,42,100,100,0,True
1716191147,19909735,4402982137535275576960522,-195966,42,100,100,0,True
1716191159,19909736,4402982137535275576960522,-195966,42,100,100,0,True
1716191171,19909737,4402982137535275576960522,-195966,42,100,100,0,True
1716191183,19909738,4402982137535275576960522,-195966,42,100,100,0,True
1716191195,19909739,4402982137535275576960522,-195966,42,100,100,0,True
1716191207,19909740,4402982137535275576960522,-195966,42,100,100,0,True
1716191219,19909741,4402982137535275576960522,-195966,42,100,100,0,True
1716191231,19909742,4402982137535275576960522,-195966,42,100,100,0,True
1716191243,19909743,4402982137535275576960522,-195966,42,100,100,0,True
1716191255,19909744,4402982137535275576960522,-195966,42,100,100,0,True
1716191267,19909745,4402982137535275576960522,-195966,42,100,100,0,True
1716191279,19909746,4402982137535275576960522,-195966,42,100,100,0,True
1716191291,19909747,4402982137535275576960522,-195966,42,100,100,0,True
1716191303,19909748,4402982137535275576960522,-195966,42,100,100,0,True
1716191315,19909749,4402982137535275576960522,-195966,42,100,100,0,True
1716191327,19909750,4402982137535275576960522,-195966,42,100,100,0,True
1716191351,19909751,4402982137535275576960522,-195966,42,100,100,0,True
1716191363,19909752,4402982137535275576960522,-195966,42,100,100,0,True
1716191375,19909753,4402982137535275576960522,-195966,42,100,100,0,True
1716191387,19909754,4402982137535275576960522,-195966,42,100,100,0,True
1716191399,19909755,4402982137535275576960522,-195966,42,100,100,0,True
1716191411,19909756,4402982137535275576960522,-195966,42,100,100,0,True
1716191423,19909757,4402982137535275576960522,-195966,42,100,100,0,True
1716191435,19909758,4402982137535275576960522,-195966,42,100,100,0,True
1716191447,19909759,4402982137535275576960522,-195966,42,100,100,0,True
1716191459,19909760,4402982137535275576960522,-195966,42,100,100,0,True
1716191471,19909761,4402982137535275576960522,-195966,42,100,100,0,True
1716191483,19909762,4402982137535275576960522,-195966,42,100,100,0,True
1716191495,19909763,4402982137535275576960522,-195966,42,100,100,0,True
1716191507,19909764,4402982137535275576960522,-195966,42,100,100,0,True
1716191519,19909765,4402982137535275576960522,-195966,42,100,100,0,True
1716191531,19909766,4402982137535275576960522,-195966,42,100,100,0,True
1716191543,19909767,4402982137535275576960522,-195966,42,100,100,0,True
1716191555,19909768,4402982137535275576960522,-195966,42,100,100,0,True
1716191567,19909769,4402982137535275576960522,-195966,42,100,100,0,True
1716191579,19909770,4402982137535275576960522,-195966,42,100,100,0,True
1716191591,19909771,4402982137535275576960522,-195966,42,100,100,0,True
1716191603,19909772,4402982137535275576960522,-195966,42,100,100,0,True
1716191615,19909773,4402982137535275576960522,-195966,42,100,100,0,True
1716191627,19909774,4402982137535275576960522,-195966,42,100,100,0,True
1716191639,19909775,4402982137535275576960522,-195966,42,100,100,0,True
1716191651,19909776,4402982137535275576960522,-195966,42,100,100,0,True
1716191663,19909777,4402982137535275576960522,-195966,42,100,100,0,True
1716191675,19909778,4402982137535275576960522,-195966,42,100,100,0,True
1716191687,19909779,4402982137535275576960522,-195966,42,100,100,0,True
1716191699,19909780,4402982137535275576960522,-195966,42,100,100,0,True
1716191711,19909781,4402982137535275576960522,-195966,42,100,100,0,True
1716191723,19909782,4402982137535275576960522,-195966,42,100,100,0,True
1716191735,19909783,4402982137535275576960522,-195966,42,100,100,0,True
1716191747,19909784,4402982137535275576960522,-195966,42,100,100,0,True
1716191759,19909785,4402982137535275576960522,-195966,42,100,100,0,True
1716191771,19909786,4402982137535275576960522,-195966,42,100,100,0,True
1716191783,19909787,4402982137535275576960522,-195966,42,100,100,0,True
1716191795,19909788,4402982137535275576960522,-195966,42,100,100,0,True
1716191807,19909789,4402982137535275576960522,-195966,42,100,100,0,True
1716191819,19909790,4402982137535275576960522,-195966,42,100,100,0,True
1716191831,19909791,4402982137535275576960522,-195966,42,100,100,0,True
1716191843,19909792,4402982137535275576960522,-195966,42,100,100,0,True
1716191855,19909793,4402982137535275576960522,-195966,42,100,100,0,True
1716191867,19909794,4402982137535275576960522,-195966,42,100,100,0,True
1716191879,19909795,4402982137535275576960522,-195966,42,100,100,0,True
1716191891,19909796,4402982137535275576960522,-195966,42,100,100,0,True
1716191903,19909797,4402982137535275576960522,-195966,42,100,100,0,True
1716191915,19909798,4402982137535275576960522,-195966,42,100,100,0,True
1716191927,19909799,4402982137535275576960522,-195966,42,100,100,0,True
1716191939,19909800,4402982137535275576960522,-195966,42,100,100,0,True
1716191951,19909801,4402982137535275576960522,-195966,42,100,100,0,True
1716191963,19909802,4402982137535275576960522,-195966,42,100,100,0,True
1716191975,19909803,4402982137535275576960522,-195966,43,100,100,0,True
1716191987,19909804,4402982137535275576960522,-195966,43,100,100,0,True
1716191999,19909805,4402982137535275576960522,-195966,43,100,100,0,True
1716192011,19909806,4402982137535275576960522,-195966,43,100,100,0,True
1716192023,19909807,4402982137535275576960522,-195966,43,100,100,0,True
1716192035,19909808,4402982137535275576960522,-195966,43,100,100,0,True
1716192047,19909809,4402982137535275576960522,-195966,43,100,100,0,True
1716192059,19909810,4402982137535275576960522,-195966,43,100,100,0,True
1716192071,19909811,4402982137535275576960522,-195966,43,100,100,0,True
1716192083,19909812,4402982137535275576960522,-195966,43,100,100,0,True
1716192095,19909813,4402982137535275576960522,-195966,43,100,100,0,True
1716192107,19909814,4402982137535275576960522,-195966,43,100,100,0,True
1716192119,19909815,4402982137535275576960522,-195966,43,100,100,0,True
1716192131,19909816,4402982137535275576960522,-195966,43,100,100,0,True
1716192143,19909817,4402982137535275576960522,-195966,43,100,100,0,True
1716192155,19909818,4402982137535275576960522,-195966,43,100,100,0,True
1716192167,19909819,4402982137535275576960522,-195966,43,100,100,0,True
1716192179,19909820,4402982137535275576960522,-195966,43,100,100,0,True
1716192191,19909821,4402982137535275576960522,-195966,43,100,100,0,True
1716192203,19909822,4402982137535275576960522,-195966,43,100,100,0,True
1716192215,19909823,4402982137535275576960522,-195966,43,100,100,0,True
1716192227,19909824,4402982137535275576960522,-195966,43,100,100,0,True
1716192239,19909825,4403907536240301204476340,-195962,44,100,100,0,True
1716192263,19909826,4403907536240301204476340,-195962,44,100,100,0,True
1716192275,19909827,4404741185779632697136061,-195958,45,100,100,0,True
1716192287,19909828,4405392752548131694123617,-195955,46,100,100,0,True
1716192299,19909829,4407466687750597281641021,-195946,47,100,100,0,True
1716192311,19909830,4408509953326270106490380,-195941,48,100,100,0,True
1716192323,19909831,4408509953326270106490380,-195941,48,100,100,0,True
1716192335,19909832,4408509953326270106490380,-195941,48,100,100,0,True
1716192347,19909833,4408509953326270106490380,-195941,48,100,100,0,True
1716192359,19909834,4408509953326270106490380,-195941,48,100,100,0,True
1716192371,19909835,4408509953326270106490380,-195941,48,100,100,0,True
1716192383,19909836,4408509953326270106490380,-195941,48,100,100,0,True
1716192395,19909837,4408509953326270106490380,-195941,48,100,100,0,True
1716192407,19909838,4408509953326270106490380,-195941,48,100,100,0,True
1716192419,19909839,4408509953326270106490380,-195941,48,100,100,0,True
1716192431,19909840,4408509953326270106490380,-195941,48,100,100,0,True
1716192443,19909841,4408509953326270106490380,-195941,48,100,100,0,True
1716192455,19909842,4408509953326270106490380,-195941,48,100,100,0,True
1716192467,19909843,4408509953326270106490380,-195941,48,100,100,0,True
1716192479,19909844,4408509953326270106490380,-195941,48,100,100,0,True
1716192491,19909845,4408509953326270106490380,-195941,48,100,100,0,True
1716192503,19909846,4408509953326270106490380,-195941,48,100,100,0,True
1716192515,19909847,4408509953326270106490380,-195941,48,100,100,0,True
1716192527,19909848,4408509953326270106490380,-195941,48,100,100,0,True
1716192539,19909849,4408509953326270106490380,-195941,48,100,100,0,True
1716192551,19909850,4408509953326270106490380,-195941,48,100,100,0,True
1716192563,19909851,4408509953326270106490380,-195941,48,100,100,0,True
1716192575,19909852,4408509953326270106490380,-195941,48,100,100,0,True
1716192587,19909853,4408509953326270106490380,-195941,48,100,100,0,True
1716192599,19909854,4408509953326270106490380,-195941,48,100,100,0,True
1716192611,19909855,4408509953326270106490380,-195941,48,100,100,0,True
1716192623,19909856,4408509953326270106490380,-195941,48,100,100,0,True
1716192635,19909857,4408509953326270106490380,-195941,48,100,100,0,True
1716192647,19909858,4408509953326270106490380,-195941,48,100,100,0,True
1716192659,19909859,4408509953326270106490380,-195941,48,100,100,0,True
1716192671,19909860,4408509953326270106490380,-195941,48,100,100,0,True
1716192683,19909861,4408509953326270106490380,-195941,48,100,100,0,True
1716192695,19909862,4408509953326270106490380,-195941,48,100,100,0,True
1716192707,19909863,4408509953326270106490380,-195941,48,100,100,0,True
1716192719,19909864,4408509953326270106490380,-195941,48,100,100,0,True
1716192731,19909865,4408509953326270106490380,-195941,48,100,100,0,True
1716192743,19909866,4408509953326270106490380,-195941,48,100,100,0,True
1716192755,19909867,4408509953326270106490380,-195941,48,100,100,0,True
1716192767,19909868,4408509953326270106490380,-195941,48,100,100,0,True
1716192779,19909869,4408509953326270106490380,-195941,48,100,100,0,True
1716192791,19909870,4408509953326270106490380,-195941,48,100,100,0,True
1716192803,19909871,4408509953326270106490380,-195941,48,100,100,0,True
1716192815,19909872,4408509953326270106490380,-195941,48,100,100,0,True
1716192827,19909873,4408509953326270106490380,-195941,48,100,100,0,True
1716192839,19909874,4408516347860475866182594,-195941,48,100,100,0,True
1716192851,19909875,4408516347860475866182594,-195941,48,100,100,0,True
1716192863,19909876,4408516347860475866182594,-195941,48,100,100,0,True
1716192875,19909877,4408523115540132130555196,-195941,48,100,100,0,True
1716192887,19909878,4408523115540132130555196,-195941,48,100,100,0,True
1716192899,19909879,4408523115540132130555196,-195941,48,100,100,0,True
1716192911,19909880,4408523115540132130555196,-195941,48,100,100,0,True
1716192923,19909881,4408523115540132130555196,-195941,48,100,100,0,True
1716192935,19909882,4408523115540132130555196,-195941,48,100,100,0,True
1716192947,19909883,4408523115540132130555196,-195941,48,100,100,0,True
1716192959,19909884,4408523115540132130555196,-195941,48,100,100,0,True
1716192971,19909885,4408523115540132130555196,-195941,48,100,100,0,True
1716192983,19909886,4408523115540132130555196,-195941,48,100,100,0,True
1716192995,19909887,4408523115540132130555196,-195941,48,100,100,0,True
1716193007,19909888,4408523115540132130555196,-195941,48,100,100,0,True
1716193019,19909889,4408515796533270201075863,-195941,48,100,100,0,True
1716193031,19909890,4408515796533270201075863,-195941,48,100,100,0,True
1716193043,19909891,4408515796533270201075863,-195941,48,100,100,0,True
1716193055,19909892,4408515796533270201075863,-195941,48,100,100,0,True
1716193067,19909893,4408515796533270201075863,-195941,48,100,100,0,True
1716193079,19909894,4408515796533270201075863,-195941,48,100,100,0,True
1716193091,19909895,4408515796533270201075863,-195941,48,100,100,0,True
1716193103,19909896,4408515796533270201075863,-195941,48,100,100,0,True
1716193115,19909897,4408515796533270201075863,-195941,48,100,100,0,True
1716193127,19909898,4408515796533270201075863,-195941,48,100,100,0,True
1716193139,19909899,4408515796533270201075863,-195941,48,100,100,0,True
1716193151,19909900,4408520042109126875015854,-195941,48,100,100,0,True
1716193163,19909901,4408520042109126875015854,-195941,48,100,100,0,True
1716193175,19909902,4408520042109126875015854,-195941,48,100,100,0,True
1716193187,19909903,4408520042109126875015854,-195941,48,100,100,0,True
1716193199,19909904,4408520042109126875015854,-195941,48,100,100,0,True
1716193211,19909905,4408520042109126875015854,-195941,48,100,100,0,True
1716193223,19909906,4408520042109126875015854,-195941,48,100,100,0,True
1716193235,19909907,4408520042109126875015854,-195941,48,100,100,0,True
1716193247,19909908,4408520042109126875015854,-195941,48,100,100,0,True
1716193259,19909909,4408440720037093414836528,-195942,49,100,100,0,True
1716193271,19909910,4408440720037093414836528,-195942,49,100,100,0,True
1716193283,19909911,4408440720037093414836528,-195942,49,100,100,0,True
1716193295,19909912,4408440720037093414836528,-195942,49,100,100,0,True
1716193307,19909913,4408440720037093414836528,-195942,49,100,100,0,True
1716193319,19909914,4408440720037093414836528,-195942,49,100,100,0,True
1716193331,19909915,4408440720037093414836528,-195942,49,100,100,0,True
1716193343,19909916,4408440720037093414836528,-195942,49,100,100,0,True
1716193355,19909917,4408440720037093414836528,-195942,49,100,100,0,True
1716193367,19909918,4408440720037093414836528,-195942,49,100,100,0,True
1716193379,19909919,4408440720037093414836528,-195942,49,100,100,0,True
1716193391,19909920,4408440720037093414836528,-195942,49,100,100,0,True
1716193403,19909921,4408440720037093414836528,-195942,49,100,100,0,True
1716193415,19909922,4408440720037093414836528,-195942,49,100,100,0,True
1716193427,19909923,4408440720037093414836528,-195942,49,100,100,0,True
1716193439,19909924,4408440720037093414836528,-195942,49,100,100,0,True
1716193451,19909925,4408440720037093414836528,-195942,49,100,100,0,True
1716193463,19909926,4408440720037093414836528,-195942,49,100,100,0,True
1716193475,19909927,4408440720037093414836528,-195942,49,100,100,0,True
1716193487,19909928,4408440678238201036615321,-195942,49,100,100,0,True
1716193499,19909929,4408440678238201036615321,-195942,49,100,100,0,True
1716193511,19909930,4408440678238201036615321,-195942,49,100,100,0,True
1716193523,19909931,4408440678238201036615321,-195942,49,100,100,0,True
1716193535,19909932,4408440678238201036615321,-195942,49,100,100,0,True
1716193547,19909933,4408440678238201036615321,-195942,49,100,100,0,True
1716193559,19909934,4408440678238201036615321,-195942,49,100,100,0,True
1716193571,19909935,4408440678238201036615321,-195942,49,100,100,0,True
1716193583,19909936,4408440678238201036615321,-195942,49,100,100,0,True
1716193595,19909937,4408440678238201036615321,-195942,49,100,100,0,True
1716193607,19909938,4408440678238201036615321,-195942,49,100,100,0,True
1716193619,19909939,4408440678238201036615321,-195942,49,100,100,0,True
1716193631,19909940,4408440678238201036615321,-195942,49,100,100,0,True
1716193643,19909941,4408440678238201036615321,-195942,49,100,100,0,True
1716193655,19909942,4408440678238201036615321,-195942,49,100,100,0,True
1716193667,19909943,4408440678238201036615321,-195942,49,100,100,0,True
1716193679,19909944,4408440678238201036615321,-195942,49,100,100,0,True
1716193691,19909945,4408440678238201036615321,-195942,49,100,100,0,True
1716193703,19909946,4408440678238201036615321,-195942,49,100,100,0,True
1716193715,19909947,4408440678238201036615321,-195942,49,100,100,0,True
1716193727,19909948,4408440678238201036615321,-195942,49,100,100,0,True
1716193739,19909949,4408440678238201036615321,-195942,49,100,100,0,True
1716193751,19909950,4408440678238201036615321,-195942,49,100,100,0,True
1716193763,19909951,4408440678238201036615321,-195942,49,100,100,0,True
1716193775,19909952,4408440678238201036615321,-195942,49,100,100,0,True
1716193787,19909953,4408440678238201036615321,-195942,49,100,100,0,True
1716193799,19909954,4408440678238201036615321,-195942,49,100,100,0,True
1716193811,19909955,4408440678238201036615321,-195942,49,100,100,0,True
1716193823,19909956,4408440678238201036615321,-195942,49,100,100,0,True
1716193835,19909957,4408440678238201036615321,-195942,49,100,100,0,True
1716193847,19909958,4408440678238201036615321,-195942,49,100,100,0,True
1716193859,19909959,4408440678238201036615321,-195942,49,100,100,0,True
1716193871,19909960,4408440678238201036615321,-195942,49,100,100,0,True
1716193883,19909961,4408440678238201036615321,-195942,49,100,100,0,True
1716193895,19909962,4408440678238201036615321,-195942,49,100,100,0,True
1716193907,19909963,4408440678238201036615321,-195942,49,100,100,0,True
1716193919,19909964,4408440678238201036615321,-195942,49,100,100,0,True
1716193931,19909965,4408440678238201036615321,-195942,49,100,100,0,True
1716193943,19909966,4408440678238201036615321,-195942,49,100,100,0,True
1716193955,19909967,4408440678238201036615321,-195942,49,100,100,0,True
1716193967,19909968,4408440678238201036615321,-195942,49,100,100,0,True
1716193979,19909969,4408440678238201036615321,-195942,49,100,100,0,True
1716193991,19909970,4408440678238201036615321,-195942,49,100,100,0,True
1716194003,19909971,4408440678238201036615321,-195942,49,100,100,0,True
1716194015,19909972,4408440678238201036615321,-195942,49,100,100,0,True
1716194027,19909973,4408440678238201036615321,-195942,49,100,100,0,True
1716194039,19909974,4408440240442591690080150,-195942,49,100,100,0,True
1716194051,19909975,4408440240442591690080150,-195942,49,100,100,0,True
1716194063,19909976,4408440240442591690080150,-195942,49,100,100,0,True
1716194075,19909977,4408440240442591690080150,-195942,49,100,100,0,True
1716194087,19909978,4408440240442591690080150,-195942,49,100,100,0,True
1716194099,19909979,4408440240442591690080150,-195942,49,100,100,0,True
1716194111,19909980,4408440240442591690080150,-195942,49,100,100,0,True
1716194123,19909981,4408440240442591690080150,-195942,49,100,100,0,True
1716194135,19909982,4408440240442591690080150,-195942,49,100,100,0,True
1716194147,19909983,4408440240442591690080150,-195942,49,100,100,0,True
1716194159,19909984,4408440240442591690080150,-195942,49,100,100,0,True
1716194171,19909985,4408440240442591690080150,-195942,49,100,100,0,True
1716194183,19909986,4408440240442591690080150,-195942,49,100,100,0,True
1716194195,19909987,4408440240442591690080150,-195942,49,100,100,0,True
1716194207,19909988,4408440240442591690080150,-195942,49,100,100,0,True
1716194219,19909989,4408440240442591690080150,-195942,49,100,100,0,True
1716194231,19909990,4408440240442591690080150,-195942,49,100,100,0,True
1716194243,19909991,4408440240442591690080150,-195942,49,100,100,0,True
1716194255,19909992,4408440240442591690080150,-195942,49,100,100,0,True
1716194267,19909993,4408440240442591690080150,-195942,49,100,100,0,True
1716194279,19909994,4408440240442591690080150,-195942,49,100,100,0,True
1716194291,19909995,4408440240442591690080150,-195942,49,100,100,0,True
1716194303,19909996,4408440240442591690080150,-195942,49,100,100,0,True
1716194315,19909997,4408440240442591690080150,-195942,49,100,100,0,True
1716194327,19909998,4408440240442591690080150,-195942,49,100,100,0,True
1716194339,19909999,4408440240442591690080150,-195942,49,100,100,0,True
1716194351,19910000,4408440240442591690080150,-195942,49,100,100,0,True
1716194363,19910001,4408440240442591690080150,-195942,49,100,100,0,True
1716194375,19910002,4408440240442591690080150,-195942,49,100,100,0,True
1716194387,19910003,4408440240442591690080150,-195942,49,100,100,0,True
1716194399,19910004,4408440240442591690080150,-195942,49,100,100,0,True
1716194411,19910005,4408440240442591690080150,-195942,49,100,100,0,True
1716194423,19910006,4408440240442591690080150,-195942,49,100,100,0,True
1716194435,19910007,4408440240442591690080150,-195942,49,100,100,0,True
1716194447,19910008,4409101818776059279048704,-195939,50,100,100,0,True
1716194459,19910009,4409101818776059279048704,-195939,50,100,100,0,True
1716194471,19910010,4409101818776059279048704,-195939,50,100,100,0,True
1716194483,19910011,4409101818776059279048704,-195939,50,100,100,0,True
1716194495,19910012,4409101818776059279048704,-195939,50,100,100,0,True
1716194507,19910013,4409101818776059279048704,-195939,50,100,100,0,True
1716194519,19910014,4409101818776059279048704,-195939,50,100,100,0,True
1716194531,19910015,4409101818776059279048704,-195939,50,100,100,0,True
1716194543,19910016,4409101818776059279048704,-195939,50,100,100,0,True
1716194555,19910017,4409101818776059279048704,-195939,50,100,100,0,True
1716194567,19910018,4409101818776059279048704,-195939,50,100,100,0,True
1716194579,19910019,4409101818776059279048704,-195939,50,100,100,0,True
1716194591,19910020,4409101818776059279048704,-195939,50,100,100,0,True
1716194603,19910021,4409101818776059279048704,-195939,50,100,100,0,True
1716194615,19910022,4409101818776059279048704,-195939,50,100,100,0,True
1716194627,19910023,4409101818776059279048704,-195939,50,100,100,0,True
1716194639,19910024,4409101818776059279048704,-195939,50,100,100,0,True
1716194651,19910025,4409101818776059279048704,-195939,50,100,100,0,True
1716194663,19910026,4409101818776059279048704,-195939,50,100,100,0,True
1716194675,19910027,4409101818776059279048704,-195939,50,100,100,0,True
1716194687,19910028,4409101818776059279048704,-195939,50,100,100,0,True
1716194699,19910029,4409101818776059279048704,-195939,50,100,100,0,True
1716194711,19910030,4409101818776059279048704,-195939,50,100,100,0,True
1716194723,19910031,4409101818776059279048704,-195939,50,100,100,0,True
1716194747,19910032,4409101818776059279048704,-195939,50,100,100,0,True
1716194759,19910033,4409101818776059279048704,-195939,50,100,100,0,True
1716194771,19910034,4409101818776059279048704,-195939,50,100,100,0,True
1716194783,19910035,4409101818776059279048704,-195939,50,100,100,0,True
1716194795,19910036,4409101818776059279048704,-195939,50,100,100,0,True
1716194807,19910037,4409101818776059279048704,-195939,50,100,100,0,True
1716194819,19910038,4409101818776059279048704,-195939,50,100,100,0,True
1716194831,19910039,4409101818776059279048704,-195939,50,100,100,0,True
1716194843,19910040,4409101818776059279048704,-195939,50,100,100,0,True
1716194855,19910041,4409101818776059279048704,-195939,50,100,100,0,True
1716194867,19910042,4409101818776059279048704,-195939,50,100,100,0,True
1716194879,19910043,4409101818776059279048704,-195939,50,100,100,0,True
1716194891,19910044,4409101818776059279048704,-195939,50,100,100,0,True
1716194903,19910045,4409101818776059279048704,-195939,50,100,100,0,True
1716194915,19910046,4409101818776059279048704,-195939,50,100,100,0,True
1716194939,19910047,4409101818776059279048704,-195939,50,100,100,0,True
1716194951,19910048,4409101818776059279048704,-195939,50,100,100,0,True
1716194963,19910049,4409101818776059279048704,-195939,50,100,100,0,True
1716194975,19910050,4409531723695602238117374,-195937,51,100,100,0,True
1716194987,19910051,4409531723695602238117374,-195937,51,100,100,0,True
1716194999,19910052,4409531723695602238117374,-195937,51,100,100,0,True
1716195011,19910053,4409531723695602238117374,-195937,51,100,100,0,True
1716195023,19910054,4409531723695602238117374,-195937,51,100,100,0,True
1716195035,19910055,4409531723695602238117374,-195937,51,100,100,0,True
1716195047,19910056,4409531723695602238117374,-195937,51,100,100,0,True
1716195059,19910057,4409531723695602238117374,-195937,51,100,100,0,True
1716195071,19910058,4409531723695602238117374,-195937,51,100,100,0,True
1716195083,19910059,4409531723695602238117374,-195937,51,100,100,0,True
1716195095,19910060,4409531723695602238117374,-195937,51,100,100,0,True
1716195107,19910061,4409531723695602238117374,-195937,51,100,100,0,True
1716195119,19910062,4409531723695602238117374,-195937,51,100,100,0,True
1716195131,19910063,4409531723695602238117374,-195937,51,100,100,0,True
1716195143,19910064,4409531723695602238117374,-195937,51,100,100,0,True
1716195155,19910065,4409531723695602238117374,-195937,51,100,100,0,True
1716195167,19910066,4409531723695602238117374,-195937,51,100,100,0,True
1716195179,19910067,4409531723695602238117374,-195937,51,100,100,0,True
1716195191,19910068,4409531723695602238117374,-195937,51,100,100,0,True
1716195203,19910069,4409531723695602238117374,-195937,51,100,100,0,True
1716195215,19910070,4409531723695602238117374,-195937,51,100,100,0,True
1716195227,19910071,4409531723695602238117374,-195937,51,100,100,0,True
1716195239,19910072,4409531723695602238117374,-195937,51,100,100,0,True
1716195251,19910073,4409531723695602238117374,-195937,51,100,100,0,True
1716195263,19910074,4409531723695602238117374,-195937,52,100,100,0,True
1716195275,19910075,4409531723695602238117374,-195937,52,100,100,0,True
1716195287,19910076,4409531723695602238117374,-195937,52,100,100,0,True
1716195299,19910077,4409531723695602238117374,-195937,52,100,100,0,True
1716195311,19910078,4409531723695602238117374,-195937,52,100,100,0,True
1716195323,19910079,4409531723695602238117374,-195937,52,100,100,0,True
1716195335,19910080,4409531723695602238117374,-195937,52,100,100,0,True
1716195347,19910081,4409531723695602238117374,-195937,52,100,100,0,True
1716195359,19910082,4409531723695602238117374,-195937,52,100,100,0,True
1716195371,19910083,4409531723695602238117374,-195937,52,100,100,0,True
1716195383,19910084,4409531723695602238117374,-195937,52,100,100,0,True
1716195395,19910085,4409531723695602238117374,-195937,52,100,100,0,True
1716195407,19910086,4409531723695602238117374,-195937,52,100,100,0,True
1716195419,19910087,4409531723695602238117374,-195937,52,100,100,0,True
1716195431,19910088,4409531723695602238117374,-195937,52,100,100,0,True
1716195443,19910089,4409531723695602238117374,-195937,52,100,100,0,True
1716195455,19910090,4409531723695602238117374,-195937,52,100,100,0,True
1716195467,19910091,4409531723695602238117374,-195937,52,100,100,0,True
1716195479,19910092,4409531723695602238117374,-195937,52,100,100,0,True
1716195491,19910093,4409531723695602238117374,-195937,52,100,100,0,True
1716195503,19910094,4409531723695602238117374,-195937,52,100,100,0,True
1716195515,19910095,4409531723695602238117374,-195937,52,100,100,0,True
1716195527,19910096,4409531723695602238117374,-195937,52,100,100,0,True
1716195539,19910097,4409531723695602238117374,-195937,52,100,100,0,True
1716195551,19910098,4409531723695602238117374,-195937,52,100,100,0,True
1716195563,19910099,4409531723695602238117374,-195937,52,100,100,0,True
1716195575,19910100,4409531723695602238117374,-195937,52,100,100,0,True
1716195587,19910101,4409531723695602238117374,-195937,52,100,100,0,True
1716195599,19910102,4409531723695602238117374,-195937,52,100,100,0,True
1716195611,19910103,4409531723695602238117374,-195937,52,100,100,0,True
1716195623,19910104,4409531723695602238117374,-195937,52,100,100,0,True
1716195635,19910105,4409536022516137140973636,-195937,52,100,100,0,True
1716195647,19910106,4409536022516137140973636,-195937,52,100,100,0,True
1716195659,19910107,4409536022516137140973636,-195937,52,100,100,0,True
1716195671,19910108,4409536022516137140973636,-195937,52,100,100,0,True
1716195683,19910109,4409536022516137140973636,-195937,52,100,100,0,True
1716195695,19910110,4409536022516137140973636,-195937,52,100,100,0,True
1716195707,19910111,4409536022516137140973636,-195937,52,100,100,0,True
1716195719,19910112,4409536022516137140973636,-195937,52,100,100,0,True
1716195731,19910113,4409536022516137140973636,-195937,52,100,100,0,True
1716195743,19910114,4409536022516137140973636,-195937,52,100,100,0,True
1716195755,19910115,4409536022516137140973636,-195937,52,100,100,0,True
1716195767,19910116,4409536022516137140973636,-195937,52,100,100,0,True
1716195779,19910117,4409536022516137140973636,-195937,52,100,100,0,True
1716195791,19910118,4409536022516137140973636,-195937,52,100,100,0,True
1716195803,19910119,4409536022516137140973636,-195937,52,100,100,0,True
1716195815,19910120,4409536022516137140973636,-195937,52,100,100,0,True
1716195827,19910121,4409536022516137140973636,-195937,52,100,100,0,True
1716195839,19910122,4409536022516137140973636,-195937,52,100,100,0,True
1716195851,19910123,4409536022516137140973636,-195937,52,100,100,0,True
1716195863,19910124,4409536022516137140973636,-195937,52,100,100,0,True
1716195875,19910125,4409536022516137140973636,-195937,52,100,100,0,True
1716195887,19910126,4409536022516137140973636,-195937,52,100,100,0,True
1716195899,19910127,4409536022516137140973636,-195937,52,100,100,0,True
1716195911,19910128,4409536022516137140973636,-195937,52,100,100,0,True
1716195923,19910129,4409536022516137140973636,-195937,52,100,100,0,True
1716195935,19910130,4409536022516137140973636,-195937,52,100,100,0,True
1716195947,19910131,4409536022516137140973636,-195937,52,100,100,0,True
1716195959,19910132,4409536022516137140973636,-195937,52,100,100,0,True
1716195971,19910133,4409536022516137140973636,-195937,52,100,100,0,True
1716195983,19910134,4409536022516137140973636,-195937,52,100,100,0,True
1716195995,19910135,4409536022516137140973636,-195937,52,100,100,0,True
1716196007,19910136,4409536022516137140973636,-195937,52,100,100,0,True
1716196019,19910137,4409536022516137140973636,-195937,52,100,100,0,True
1716196031,19910138,4409536022516137140973636,-195937,52,100,100,0,True
1716196043,19910139,4409536022516137140973636,-195937,52,100,100,0,True
1716196055,19910140,4409536022516137140973636,-195937,52,100,100,0,True
1716196067,19910141,4409536022516137140973636,-195937,52,100,100,0,True
1716196079,19910142,4409536022516137140973636,-195937,52,100,100,0,True
1716196091,19910143,4409536022516137140973636,-195937,52,100,100,0,True
1716196103,19910144,4410334307268337977134992,-195933,53,100,100,0,True
1716196115,19910145,4410334307268337977134992,-195933,53,100,100,0,True
1716196127,19910146,4410334307268337977134992,-195933,53,100,100,0,True
1716196139,19910147,4410334307268337977134992,-195933,53,100,100,0,True
1716196151,19910148,4410334307268337977134992,-195933,53,100,100,0,True
1716196163,19910149,4410334307268337977134992,-195933,53,100,100,0,True
1716196175,19910150,4410334307268337977134992,-195933,53,100,100,0,True
1716196187,19910151,4410334307268337977134992,-195933,53,100,100,0,True
1716196199,19910152,4410352554714344846221366,-195933,53,100,100,0,True
1716196223,19910153,4410352554714344846221366,-195933,53,100,100,0,True
1716196235,19910154,4410352554714344846221366,-195933,53,100,100,0,True
1716196247,19910155,4410352554714344846221366,-195933,53,100,100,0,True
1716196259,19910156,4410352554714344846221366,-195933,53,100,100,0,True
1716196271,19910157,4410352554714344846221366,-195933,53,100,100,0,True
1716196283,19910158,4410352554714344846221366,-195933,53,100,100,0,True
1716196295,19910159,4410352554714344846221366,-195933,53,100,100,0,True
1716196307,19910160,4410352554714344846221366,-195933,53,100,100,0,True
1716196319,19910161,4410352554714344846221366,-195933,53,100,100,0,True
1716196331,19910162,4410352554714344846221366,-195933,53,100,100,0,True
1716196343,19910163,4410352554714344846221366,-195933,53,100,100,0,True
1716196355,19910164,4410352554714344846221366,-195933,53,100,100,0,True
1716196367,19910165,4410352554714344846221366,-195933,53,100,100,0,True
1716196379,19910166,4410352554714344846221366,-195933,53,100,100,0,True
1716196391,19910167,4410352554714344846221366,-195933,53,100,100,0,True
1716196403,19910168,4410352554714344846221366,-195933,53,100,100,0,True
1716196415,19910169,4410352554714344846221366,-195933,53,100,100,0,True
1716196427,19910170,4410352554714344846221366,-195933,53,100,100,0,True
1716196439,19910171,4410352554714344846221366,-195933,53,100,100,0,True
1716196451,19910172,4410352554714344846221366,-195933,53,100,100,0,True
1716196463,19910173,4410352554714344846221366,-195933,53,100,100,0,True
1716196475,19910174,4410352554714344846221366,-195933,53,100,100,0,True
1716196487,19910175,4410352554714344846221366,-195933,53,100,100,0,True
1716196499,19910176,4410352554714344846221366,-195933,53,100,100,0,True
1716196511,19910177,4410352554714344846221366,-195933,53,100,100,0,True
1716196523,19910178,4410352554714344846221366,-195933,53,100,100,0,True
1716196535,19910179,4410352554714344846221366,-195933,53,100,100,0,True
1716196547,19910180,4410352554714344846221366,-195933,53,100,100,0,True
1716196559,19910181,4410352554714344846221366,-195933,53,100,100,0,True
1716196571,19910182,4410352554714344846221366,-195933,53,100,100,0,True
1716196583,19910183,4410352554714344846221366,-195933,53,100,100,0,True
1716196595,19910184,4410352554714344846221366,-195933,53,100,100,0,True
1716196607,19910185,4410352554714344846221366,-195933,53,100,100,0,True
1716196619,19910186,4410352554714344846221366,-195933,53,100,100,0,True
1716196631,19910187,4410352554714344846221366,-195933,53,100,100,0,True
1716196643,19910188,4410352554714344846221366,-195933,53,100,100,0,True
1716196655,19910189,4410352554714344846221366,-195933,53,100,100,0,True
1716196667,19910190,4410352554714344846221366,-195933,53,100,100,0,True
1716196679,19910191,4410352554714344846221366,-195933,53,100,100,0,True
1716196691,19910192,4410352554714344846221366,-195933,53,100,100,0,True
1716196703,19910193,4410352554714344846221366,-195933,53,100,100,0,True
1716196715,19910194,4410352554714344846221366,-195933,53,100,100,0,True
1716196727,19910195,4410352554714344846221366,-195933,53,100,100,0,True
1716196739,19910196,4410352554714344846221366,-195933,53,100,100,0,True
1716196751,19910197,4410352554714344846221366,-195933,53,100,100,0,True
1716196763,19910198,4410352554714344846221366,-195933,53,100,100,0,True
1716196775,19910199,4410352554714344846221366,-195933,53,100,100,0,True
1716196787,19910200,4410352554714344846221366,-195933,53,100,100,0,True
1716196799,19910201,4410352554714344846221366,-195933,53,100,100,0,True
1716196811,19910202,4410352554714344846221366,-195933,53,100,100,0,True
1716196823,19910203,4410352554714344846221366,-195933,53,100,100,0,True
1716196835,19910204,4410352554714344846221366,-195933,53,100,100,0,True
1716196847,19910205,4410352554714344846221366,-195933,53,100,100,0,True
1716196859,19910206,4410352554714344846221366,-195933,53,100,100,0,True
1716196871,19910207,4410352554714344846221366,-195933,53,100,100,0,True
1716196883,19910208,4410352554714344846221366,-195933,53,100,100,0,True
1716196895,19910209,4410352554714344846221366,-195933,53,100,100,0,True
1716196907,19910210,4410352554714344846221366,-195933,53,100,100,0,True
1716196919,19910211,4410426326470039823213104,-195933,53,100,100,0,True
1716196931,19910212,4410426326470039823213104,-195933,53,100,100,0,True
1716196943,19910213,4410426326470039823213104,-195933,53,100,100,0,True
1716196955,19910214,4410426326470039823213104,-195933,53,100,100,0,True
1716196967,19910215,4410426326470039823213104,-195933,53,100,100,0,True
1716196979,19910216,4410426326470039823213104,-195933,53,100,100,0,True
1716196991,19910217,4410426326470039823213104,-195933,53,100,100,0,True
1716197003,19910218,4410426326470039823213104,-195933,53,100,100,0,True
1716197015,19910219,4410426326470039823213104,-195933,53,100,100,0,True
1716197027,19910220,4410426326470039823213104,-195933,53,100,100,0,True
1716197039,19910221,4410426326470039823213104,-195933,53,100,100,0,True
1716197051,19910222,4410426326470039823213104,-195933,53,100,100,0,True
1716197063,19910223,4410426326470039823213104,-195933,53,100,100,0,True
1716197075,19910224,4410426326470039823213104,-195933,53,100,100,0,True
1716197087,19910225,4410426326470039823213104,-195933,53,100,100,0,True
1716197099,19910226,4410426326470039823213104,-195933,53,100,100,0,True
1716197111,19910227,4410426326470039823213104,-195933,53,100,100,0,True
1716197123,19910228,4410426326470039823213104,-195933,53,100,100,0,True
1716197135,19910229,4410426326470039823213104,-195933,53,100,100,0,True
1716197147,19910230,4410426326470039823213104,-195933,53,100,100,0,True
1716197159,19910231,4410426326470039823213104,-195933,53,100,100,0,True
1716197171,19910232,4410426326470039823213104,-195933,53,100,100,0,True
1716197183,19910233,4410426326470039823213104,-195933,53,100,100,0,True
1716197195,19910234,4410426326470039823213104,-195933,53,100,100,0,True
1716197207,19910235,4410426326470039823213104,-195933,53,100,100,0,True
1716197219,19910236,4410426326470039823213104,-195933,53,100,100,0,True
1716197231,19910237,4410426326470039823213104,-195933,53,100,100,0,True
1716197243,19910238,4410426326470039823213104,-195933,53,100,100,0,True
1716197255,19910239,4410426326470039823213104,-195933,53,100,100,0,True
1716197267,19910240,4410426326470039823213104,-195933,53,100,100,0,True
1716197279,19910241,4410426326470039823213104,-195933,53,100,100,0,True
1716197291,19910242,4410426326470039823213104,-195933,53,100,100,0,True
1716197303,19910243,4410426326470039823213104,-195933,53,100,100,0,True
1716197315,19910244,4410426326470039823213104,-195933,53,100,100,0,True
1716197327,19910245,4410426326470039823213104,-195933,53,100,100,0,True
1716197339,19910246,4410426326470039823213104,-195933,53,100,100,0,True
1716197351,19910247,4410426326470039823213104,-195933,53,100,100,0,True
1716197363,19910248,4410426326470039823213104,-195933,53,100,100,0,True
1716197375,19910249,4410426326470039823213104,-195933,53,100,100,0,True
1716197387,19910250,4410426326470039823213104,-195933,53,100,100,0,True
1716197399,19910251,4410426326470039823213104,-195933,53,100,100,0,True
1716197411,19910252,4410426326470039823213104,-195933,53,100,100,0,True
1716197423,19910253,4410426326470039823213104,-195933,53,100,100,0,True
1716197435,19910254,4410426326470039823213104,-195933,53,100,100,0,True
1716197447,19910255,4410426326470039823213104,-195933,53,100,100,0,True
1716197459,19910256,4410426326470039823213104,-195933,53,100,100,0,True
1716197471,19910257,4410426326470039823213104,-195933,53,100,100,0,True
1716197483,19910258,4410426326470039823213104,-195933,53,100,100,0,True
1716197495,19910259,4410420580081165803335212,-195933,53,100,100,0,True
1716197507,19910260,4410420580081165803335212,-195933,53,100,100,0,True
1716197519,19910261,4410420580081165803335212,-195933,53,100,100,0,True
1716197531,19910262,4410420580081165803335212,-195933,53,100,100,0,True
1716197543,19910263,4410420580081165803335212,-195933,53,100,100,0,True
1716197555,19910264,4410420580081165803335212,-195933,53,100,100,0,True
1716197567,19910265,4410420580081165803335212,-195933,53,100,100,0,True
1716197579,19910266,4410420580081165803335212,-195933,53,100,100,0,True
1716197591,19910267,4410530200004805826169906,-195932,54,100,100,0,True
1716197603,19910268,4410530200004805826169906,-195932,54,100,100,0,True
1716197615,19910269,4410530200004805826169906,-195932,54,100,100,0,True
1716197627,19910270,4410530200004805826169906,-195932,54,100,100,0,True
1716197639,19910271,4410530200004805826169906,-195932,54,100,100,0,True
1716197651,19910272,4410530200004805826169906,-195932,54,100,100,0,True
1716197663,19910273,4410530200004805826169906,-195932,54,100,100,0,True
1716197675,19910274,4410530200004805826169906,-195932,54,100,100,0,True
1716197687,19910275,4410530200004805826169906,-195932,54,100,100,0,True
1716197699,19910276,4410530200004805826169906,-195932,54,100,100,0,True
1716197711,19910277,4410530200004805826169906,-195932,54,100,100,0,True
1716197723,19910278,4410532510276204695176526,-195932,54,100,100,0,True
1716197735,19910279,4410532510276204695176526,-195932,54,100,100,0,True
1716197747,19910280,4410532510276204695176526,-195932,54,100,100,0,True
1716197759,19910281,4410532510276204695176526,-195932,54,100,100,0,True
1716197771,19910282,4410532510276204695176526,-195932,54,100,100,0,True
1716197783,19910283,4410532510276204695176526,-195932,54,100,100,0,True
1716197795,19910284,4410532510276204695176526,-195932,54,100,100,0,True
1716197807,19910285,4410532510276204695176526,-195932,54,100,100,0,True
1716197819,19910286,4410532510276204695176526,-195932,54,100,100,0,True
1716197831,19910287,4410532510276204695176526,-195932,54,100,100,0,True
1716197843,19910288,4410532510276204695176526,-195932,54,100,100,0,True
1716197855,19910289,4410532510276204695176526,-195932,54,100,100,0,True
1716197867,19910290,4410532510276204695176526,-195932,54,100,100,0,True
1716197879,19910291,4410532510276204695176526,-195932,54,100,100,0,True
1716197891,19910292,4410532510276204695176526,-195932,54,100,100,0,True
1716197903,19910293,4410532510276204695176526,-195932,54,100,100,0,True
1716197915,19910294,4410532510276204695176526,-195932,54,100,100,0,True
1716197927,19910295,4410532510276204695176526,-195932,54,100,100,0,True
1716197939,19910296,4410532510276204695176526,-195932,54,100,100,0,True
1716197951,19910297,4410532510276204695176526,-195932,54,100,100,0,True
1716197963,19910298,4410532510276204695176526,-195932,54,100,100,0,True
1716197975,19910299,4410532510276204695176526,-195932,54,100,100,0,True
1716197987,19910300,4410532510276204695176526,-195932,54,100,100,0,True
1716197999,19910301,4410532510276204695176526,-195932,54,100,100,0,True
1716198011,19910302,4410532510276204695176526,-195932,54,100,100,0,True
1716198023,19910303,4410532510276204695176526,-195932,54,100,100,0,True
1716198035,19910304,4410532510276204695176526,-195932,54,100,100,0,True
1716198047,19910305,4410532510276204695176526,-195932,54,100,100,0,True
1716198059,19910306,4410532510276204695176526,-195932,54,100,100,0,True
1716198071,19910307,4410532510276204695176526,-195932,54,100,100,0,True
1716198083,19910308,4410532510276204695176526,-195932,54,100,100,0,True
1716198095,19910309,4410532510276204695176526,-195932,54,100,100,0,True
1716198107,19910310,4410532510276204695176526,-195932,54,100,100,0,True
1716198119,19910311,4410532510276204695176526,-195932,54,100,100,0,True
1716198131,19910312,4410532510276204695176526,-195932,54,100,100,0,True
1716198143,19910313,4410532510276204695176526,-195932,54,100,100,0,True
1716198155,19910314,4410532510276204695176526,-195932,54,100,100,0,True
1716198167,19910315,4410532510276204695176526,-195932,54,100,100,0,True
1716198179,19910316,4410532510276204695176526,-195932,54,100,100,0,True
1716198203,19910317,4410532510276204695176526,-195932,54,100,100,0,True
1716198215,19910318,4410532510276204695176526,-195932,54,100,100,0,True
1716198227,19910319,4410532510276204695176526,-195932,54,100,100,0,True
1716198239,19910320,4410532510276204695176526,-195932,54,100,100,0,True
1716198251,19910321,4410532510276204695176526,-195932,54,100,100,0,True
1716198263,19910322,4410532510276204695176526,-195932,54,100,100,0,True
1716198275,19910323,4410532510276204695176526,-195932,54,100,100,0,True
1716198287,19910324,4410532510276204695176526,-195932,54,100,100,0,True
1716198299,19910325,4410532510276204695176526,-195932,54,100,100,0,True
1716198311,19910326,4410532510276204695176526,-195932,54,100,100,0,True
1716198323,19910327,4410532510276204695176526,-195932,54,100,100,0,True
1716198335,19910328,4410532510276204695176526,-195932,54,100,100,0,True
1716198347,19910329,4410532510276204695176526,-195932,54,100,100,0,True
1716198359,19910330,4410532510276204695176526,-195932,54,100,100,0,True
1716198371,19910331,4410532510276204695176526,-195932,54,100,100,0,True
1716198383,19910332,4410532510276204695176526,-195932,54,100,100,0,True
1716198395,19910333,4410532510276204695176526,-195932,54,100,100,0,True
1716198407,19910334,4410532510276204695176526,-195932,54,100,100,0,True
1716198419,19910335,4410532510276204695176526,-195932,54,100,100,0,True
1716198431,19910336,4410532510276204695176526,-195932,54,100,100,0,True
1716198443,19910337,4410532510276204695176526,-195932,54,100,100,0,True
1716198455,19910338,4410532510276204695176526,-195932,54,100,100,0,True
1716198467,19910339,4410532510276204695176526,-195932,54,100,100,0,True
1716198479,19910340,4410532510276204695176526,-195932,54,100,100,0,True
1716198491,19910341,4410532510276204695176526,-195932,54,100,100,0,True
1716198503,19910342,4410532510276204695176526,-195932,54,100,100,0,True
1716198515,19910343,4410532510276204695176526,-195932,54,100,100,0,True
1716198527,19910344,4410532510276204695176526,-195932,54,100,100,0,True
1716198539,19910345,4410532510276204695176526,-195932,54,100,100,0,True
1716198551,19910346,4410532510276204695176526,-195932,54,100,100,0,True
1716198563,19910347,4410532510276204695176526,-195932,54,100,100,0,True
1716198575,19910348,4410532510276204695176526,-195932,54,100,100,0,True
1716198587,19910349,4410532510276204695176526,-195932,54,100,100,0,True
1716198599,19910350,4410532510276204695176526,-195932,54,100,100,0,True
1716198611,19910351,4410532510276204695176526,-195932,54,100,100,0,True
1716198623,19910352,4410532510276204695176526,-195932,54,100,100,0,True
1716198635,19910353,4410532510276204695176526,-195932,54,100,100,0,True
1716198647,19910354,4410532510276204695176526,-195932,54,100,100,0,True
1716198659,19910355,4410532510276204695176526,-195932,54,100,100,0,True
1716198671,19910356,4410532510276204695176526,-195932,54,100,100,0,True
1716198683,19910357,4410532510276204695176526,-195932,54,100,100,0,True
1716198695,19910358,4410532510276204695176526,-195932,55,100,100,0,True
1716198707,19910359,4410532510276204695176526,-195932,55,100,100,0,True
1716198719,19910360,4410532510276204695176526,-195932,55,100,100,0,True
1716198731,19910361,4410532510276204695176526,-195932,55,100,100,0,True
1716198743,19910362,4410532510276204695176526,-195932,55,100,100,0,True
1716198755,19910363,4410532510276204695176526,-195932,55,100,100,0,True
1716198767,19910364,4410532510276204695176526,-195932,55,100,100,0,True
1716198779,19910365,4410532510276204695176526,-195932,55,100,100,0,True
1716198791,19910366,4410532510276204695176526,-195932,55,100,100,0,True
1716198803,19910367,4410532510276204695176526,-195932,55,100,100,0,True
1716198815,19910368,4410532510276204695176526,-195932,55,100,100,0,True
1716198827,19910369,4410532510276204695176526,-195932,55,100,100,0,True
1716198839,19910370,4410532510276204695176526,-195932,55,100,100,0,True
1716198851,19910371,4410532510276204695176526,-195932,55,100,100,0,True
1716198863,19910372,4410532510276204695176526,-195932,55,100,100,0,True
1716198875,19910373,4410532510276204695176526,-195932,55,100,100,0,True
1716198887,19910374,4410532510276204695176526,-195932,55,100,100,0,True
1716198899,19910375,4410532510276204695176526,-195932,55,100,100,0,True
1716198911,19910376,4410532510276204695176526,-195932,55,100,100,0,True
1716198923,19910377,4410532510276204695176526,-195932,55,100,100,0,True
1716198935,19910378,4410532510276204695176526,-195932,55,100,100,0,True
1716198947,19910379,4410532510276204695176526,-195932,55,100,100,0,True
1716198959,19910380,4410532510276204695176526,-195932,55,100,100,0,True
1716198971,19910381,4410532510276204695176526,-195932,55,100,100,0,True
1716198983,19910382,4410532510276204695176526,-195932,55,100,100,0,True
1716198995,19910383,4410532510276204695176526,-195932,55,100,100,0,True
1716199007,19910384,4410532510276204695176526,-195932,55,100,100,0,True
1716199019,19910385,4410532510276204695176526,-195932,55,100,100,0,True
1716199031,19910386,4410532510276204695176526,-195932,55,100,100,0,True
1716199043,19910387,4410532510276204695176526,-195932,55,100,100,0,True
1716199055,19910388,4410532510276204695176526,-195932,55,100,100,0,True
1716199067,19910389,4410532510276204695176526,-195932,55,100,100,0,True
1716199079,19910390,4410532510276204695176526,-195932,55,100,100,0,True
1716199091,19910391,4410532510276204695176526,-195932,55,100,100,0,True
1716199103,19910392,4410532510276204695176526,-195932,55,100,100,0,True
1716199115,19910393,4410532510276204695176526,-195932,55,100,100,0,True
1716199127,19910394,4410532510276204695176526,-195932,55,100,100,0,True
1716199139,19910395,4410532510276204695176526,-195932,55,100,100,0,True
1716199151,19910396,4410532510276204695176526,-195932,55,100,100,0,True
1716199163,19910397,4410532510276204695176526,-195932,55,100,100,0,True
1716199175,19910398,4410532510276204695176526,-195932,55,100,100,0,True
1716199187,19910399,4410532510276204695176526,-195932,55,100,100,0,True
1716199199,19910400,4410532510276204695176526,-195932,55,100,100,0,True
1716199211,19910401,4410532510276204695176526,-195932,55,100,100,0,True
1716199223,19910402,4410532510276204695176526,-195932,55,100,100,0,True
1716199235,19910403,4410532510276204695176526,-195932,55,100,100,0,True
1716199247,19910404,4410532510276204695176526,-195932,55,100,100,0,True
1716199259,19910405,4410532510276204695176526,-195932,55,100,100,0,True
1716199271,19910406,4410532510276204695176526,-195932,55,100,100,0,True
1716199283,19910407,4410532510276204695176526,-195932,55,100,100,0,True
1716199295,19910408,4410532510276204695176526,-195932,55,100,100,0,True
1716199307,19910409,4410532510276204695176526,-195932,55,100,100,0,True
1716199319,19910410,4410532510276204695176526,-195932,55,100,100,0,True
1716199331,19910411,4410532510276204695176526,-195932,55,100,100,0,True
1716199343,19910412,4410532510276204695176526,-195932,55,100,100,0,True
1716199355,19910413,4410532510276204695176526,-195932,55,100,100,0,True
1716199367,19910414,4410534782016489226427447,-195932,55,100,100,0,True
1716199379,19910415,4410534782016489226427447,-195932,55,100,100,0,True
1716199391,19910416,4410534782016489226427447,-195932,55,100,100,0,True
1716199403,19910417,4410534782016489226427447,-195932,55,100,100,0,True
1716199415,19910418,4410534782016489226427447,-195932,55,100,100,0,True
1716199427,19910419,4410534782016489226427447,-195932,55,100,100,0,True
1716199439,19910420,4410534782016489226427447,-195932,55,100,100,0,True
1716199451,19910421,4410534782016489226427447,-195932,55,100,100,0,True
1716199463,19910422,4410534782016489226427447,-195932,55,100,100,0,True
1716199475,19910423,4410534782016489226427447,-195932,55,100,100,0,True
1716199487,19910424,4410534782016489226427447,-195932,55,100,100,0,True
1716199499,19910425,4410534782016489226427447,-195932,55,100,100,0,True
1716199511,19910426,4410534782016489226427447,-195932,55,100,100,0,True
1716199523,19910427,4410534782016489226427447,-195932,55,100,100,0,True
1716199535,19910428,4410534782016489226427447,-195932,55,100,100,0,True
1716199547,19910429,4410534782016489226427447,-195932,55,100,100,0,True
1716199559,19910430,4410534782016489226427447,-195932,55,100,100,0,True
1716199571,19910431,4410534782016489226427447,-195932,55,100,100,0,True
1716199583,19910432,4410534782016489226427447,-195932,55,100,100,0,True
1716199595,19910433,4410534782016489226427447,-195932,55,100,100,0,True
1716199607,19910434,4410538176899775514176198,-195932,55,100,100,0,True
1716199619,19910435,4410538176899775514176198,-195932,55,100,100,0,True
1716199631,19910436,4410521524967300239462140,-195932,55,100,100,0,True
1716199643,19910437,4410521524967300239462140,-195932,55,100,100,0,True
1716199655,19910438,4410521524967300239462140,-195932,55,100,100,0,True
1716199667,19910439,4410521524967300239462140,-195932,55,100,100,0,True
1716199679,19910440,4410521524967300239462140,-195932,55,100,100,0,True
1716199691,19910441,4410521524967300239462140,-195932,55,100,100,0,True
1716199703,19910442,4410521524967300239462140,-195932,55,100,100,0,True
1716199715,19910443,4410521524967300239462140,-195932,55,100,100,0,True
1716199727,19910444,4410521524967300239462140,-195932,55,100,100,0,True
1716199739,19910445,4410521524967300239462140,-195932,55,100,100,0,True
1716199751,19910446,4410521524967300239462140,-195932,55,100,100,0,True
1716199763,19910447,4410521524967300239462140,-195932,55,100,100,0,True
1716199775,19910448,4410521524967300239462140,-195932,55,100,100,0,True
1716199787,19910449,4410521524967300239462140,-195932,55,100,100,0,True
1716199799,19910450,4410538040706647881585984,-195932,55,100,100,0,True
1716199811,19910451,4410538040706647881585984,-195932,55,100,100,0,True
1716199823,19910452,4410538040706647881585984,-195932,55,100,100,0,True
1716199835,19910453,4410538040706647881585984,-195932,55,100,100,0,True
1716199847,19910454,4410538040706647881585984,-195932,55,100,100,0,True
1716199859,19910455,4410538040706647881585984,-195932,55,100,100,0,True
1716199871,19910456,4410538040706647881585984,-195932,55,100,100,0,True
1716199883,19910457,4410538040706647881585984,-195932,55,100,100,0,True
1716199895,19910458,4410538040706647881585984,-195932,55,100,100,0,True
1716199907,19910459,4410538040706647881585984,-195932,55,100,100,0,True
1716199919,19910460,4410538040706647881585984,-195932,55,100,100,0,True
1716199931,19910461,4410538040706647881585984,-195932,55,100,100,0,True
1716199943,19910462,4410538040706647881585984,-195932,55,100,100,0,True
1716199955,19910463,4410538040706647881585984,-195932,55,100,100,0,True
1716199967,19910464,4410538040706647881585984,-195932,55,100,100,0,True
1716199979,19910465,4410538040706647881585984,-195932,55,100,100,0,True
1716199991,19910466,4410540414935639981628765,-195932,55,100,100,0,True
1716200003,19910467,4410540414935639981628765,-195932,55,100,100,0,True
1716200015,19910468,4410540414935639981628765,-195932,55,100,100,0,True
1716200027,19910469,4410540414935639981628765,-195932,55,100,100,0,True
1716200039,19910470,4410540414935639981628765,-195932,55,100,100,0,True
1716200051,19910471,4410540414935639981628765,-195932,55,100,100,0,True
1716200063,19910472,4410540414935639981628765,-195932,55,100,100,0,True
1716200075,19910473,4410540414935639981628765,-195932,55,100,100,0,True
1716200087,19910474,4410540414935639981628765,-195932,55,100,100,0,True
1716200099,19910475,4410540414935639981628765,-195932,55,100,100,0,True
1716200111,19910476,4410540414935639981628765,-195932,55,100,100,0,True
1716200123,19910477,4410540414935639981628765,-195932,55,100,100,0,True
1716200147,19910478,4410540414935639981628765,-195932,55,100,100,0,True
1716200159,19910479,4410540414935639981628765,-195932,55,100,100,0,True
1716200171,19910480,4410540414935639981628765,-195932,55,100,100,0,True
1716200183,19910481,4410540414935639981628765,-195932,55,100,100,0,True
1716200195,19910482,4410540414935639981628765,-195932,55,100,100,0,True
1716200207,19910483,4410540414935639981628765,-195932,55,100,100,0,True
1716200219,19910484,4410540414935639981628765,-195932,55,100,100,0,True
1716200231,19910485,4410540414935639981628765,-195932,55,100,100,0,True
1716200243,19910486,4410540414935639981628765,-195932,55,100,100,0,True
1716200255,19910487,4410540414935639981628765,-195932,55,100,100,0,True
1716200267,19910488,4410540414935639981628765,-195932,55,100,100,0,True
1716200279,19910489,4410540414935639981628765,-195932,55,100,100,0,True
1716200291,19910490,4410540414935639981628765,-195932,55,100,100,0,True
1716200303,19910491,4410540414935639981628765,-195932,55,100,100,0,True
1716200315,19910492,4410540414935639981628765,-195932,55,100,100,0,True
1716200327,19910493,4410540414935639981628765,-195932,55,100,100,0,True
1716200339,19910494,4410540414935639981628765,-195932,55,100,100,0,True
1716200351,19910495,4410540414935639981628765,-195932,55,100,100,0,True
1716200363,19910496,4410540414935639981628765,-195932,55,100,100,0,True
1716200375,19910497,4410540414935639981628765,-195932,55,100,100,0,True
1716200387,19910498,4410540414935639981628765,-195932,55,100,100,0,True
1716200399,19910499,4410540414935639981628765,-195932,55,100,100,0,True
1716200411,19910500,4410540414935639981628765,-195932,55,100,100,0,True
1716200423,19910501,4410540414935639981628765,-195932,55,100,100,0,True
1716200435,19910502,4410540414935639981628765,-195932,55,100,100,0,True
1716200459,19910503,4410540414935639981628765,-195932,55,100,100,0,True
1716200471,19910504,4410540414935639981628765,-195932,55,100,100,0,True
1716200483,19910505,4410540414935639981628765,-195932,55,100,100,0,True
1716200495,19910506,4410540414935639981628765,-195932,55,100,100,0,True
1716200507,19910507,4410540414935639981628765,-195932,55,100,100,0,True
1716200519,19910508,4410540414935639981628765,-195932,55,100,100,0,True
1716200531,19910509,4410540414935639981628765,-195932,55,100,100,0,True
1716200543,19910510,4410540414935639981628765,-195932,55,100,100,0,True
1716200555,19910511,4410540414935639981628765,-195932,55,100,100,0,True
1716200567,19910512,4410540414935639981628765,-195932,55,100,100,0,True
1716200579,19910513,4410540414935639981628765,-195932,55,100,100,0,True
1716200591,19910514,4410540414935639981628765,-195932,55,100,100,0,True
1716200603,19910515,4410540414935639981628765,-195932,55,100,100,0,True
1716200615,19910516,4410540414935639981628765,-195932,55,100,100,0,True
1716200627,19910517,4410540414935639981628765,-195932,55,100,100,0,True
1716200639,19910518,4410540414935639981628765,-195932,55,100,100,0,True
1716200651,19910519,4410540414935639981628765,-195932,55,100,100,0,True
1716200675,19910520,4410540414935639981628765,-195932,55,100,100,0,True
1716200687,19910521,4410540414935639981628765,-195932,55,100,100,0,True
1716200699,19910522,4410540414935639981628765,-195932,55,100,100,0,True
1716200711,19910523,4411485442240049320785048,-195928,56,100,100,0,True
1716200723,19910524,4413097436651292823931372,-195921,57,100,100,0,True
1716200735,19910525,4413706993522119410844873,-195918,58,100,100,0,True
1716200747,19910526,4413706993522119410844873,-195918,58,100,100,0,True
1716200759,19910527,4413706993522119410844873,-195918,58,100,100,0,True
1716200771,19910528,4413706993522119410844873,-195918,58,100,100,0,True
1716200783,19910529,4413706993522119410844873,-195918,58,100,100,0,True
1716200795,19910530,4413706993522119410844873,-195918,58,100,100,0,True
1716200807,19910531,4413706993522119410844873,-195918,58,100,100,0,True
1716200819,19910532,4413706993522119410844873,-195918,58,100,100,0,True
1716200831,19910533,4414435372658935860297728,-195914,59,100,100,0,True
1716200843,19910534,4414435372658935860297728,-195914,59,100,100,0,True
1716200855,19910535,4414435372658935860297728,-195914,59,100,100,0,True
1716200867,19910536,4414435372658935860297728,-195914,59,100,100,0,True
1716200879,19910537,4414435372658935860297728,-195914,59,100,100,0,True
1716200891,19910538,4414435372658935860297728,-195914,59,100,100,0,True
1716200903,19910539,4414435372658935860297728,-195914,59,100,100,0,True
1716200915,19910540,4414435372658935860297728,-195914,59,100,100,0,True
1716200927,19910541,4414435372658935860297728,-195914,59,100,100,0,True
1716200939,19910542,4414435372658935860297728,-195914,59,100,100,0,True
1716200951,19910543,4414435372658935860297728,-195914,59,100,100,0,True
1716200963,19910544,4414435372658935860297728,-195914,59,100,100,0,True
1716200975,19910545,4414435372658935860297728,-195914,59,100,100,0,True
1716200987,19910546,4414435372658935860297728,-195914,59,100,100,0,True
1716200999,19910547,4414435372658935860297728,-195914,59,100,100,0,True
1716201011,19910548,4414435372658935860297728,-195914,59,100,100,0,True
1716201023,19910549,4414435372658935860297728,-195914,59,100,100,0,True
1716201035,19910550,4414435372658935860297728,-195914,59,100,100,0,True
1716201047,19910551,4414435372658935860297728,-195914,59,100,100,0,True
1716201059,19910552,4414435372658935860297728,-195914,59,100,100,0,True
1716201071,19910553,4414435372658935860297728,-195914,59,100,100,0,True
1716201083,19910554,4414435372658935860297728,-195914,59,100,100,0,True
1716201095,19910555,4414435372658935860297728,-195914,59,100,100,0,True
1716201107,19910556,4414435372658935860297728,-195914,59,100,100,0,True
1716201119,19910557,4414435372658935860297728,-195914,59,100,100,0,True
1716201131,19910558,4414435372658935860297728,-195914,59,100,100,0,True
1716201143,19910559,4414435372658935860297728,-195914,59,100,100,0,True
1716201155,19910560,4414435372658935860297728,-195914,59,100,100,0,True
1716201167,19910561,4414435372658935860297728,-195914,59,100,100,0,True
1716201179,19910562,4414435372658935860297728,-195914,59,100,100,0,True
1716201191,19910563,4414435372658935860297728,-195914,59,100,100,0,True
1716201203,19910564,4414435372658935860297728,-195914,59,100,100,0,True
1716201215,19910565,4414435372658935860297728,-195914,59,100,100,0,True
1716201227,19910566,4414435372658935860297728,-195914,59,100,100,0,True
1716201239,19910567,4414435372658935860297728,-195914,59,100,100,0,True
1716201251,19910568,4414435372658935860297728,-195914,59,100,100,0,True
1716201263,19910569,4414435372658935860297728,-195914,59,100,100,0,True
1716201275,19910570,4414435372658935860297728,-195914,59,100,100,0,True
1716201287,19910571,4414435372658935860297728,-195914,59,100,100,0,True
1716201299,19910572,4414435372658935860297728,-195914,59,100,100,0,True
1716201311,19910573,4414435372658935860297728,-195914,59,100,100,0,True
1716201323,19910574,4414435372658935860297728,-195914,59,100,100,0,True
1716201335,19910575,4414435372658935860297728,-195914,59,100,100,0,True
1716201347,19910576,4414435372658935860297728,-195914,59,100,100,0,True
1716201359,19910577,4414435372658935860297728,-195914,59,100,100,0,True
1716201371,19910578,4414435372658935860297728,-195914,59,100,100,0,True
1716201383,19910579,4414435372658935860297728,-195914,59,100,100,0,True
1716201395,19910580,4414435372658935860297728,-195914,59,100,100,0,True
1716201407,19910581,4414435372658935860297728,-195914,59,100,100,0,True
1716201419,19910582,4414435372658935860297728,-195914,59,100,100,0,True
1716201431,19910583,4414435372658935860297728,-195914,59,100,100,0,True
1716201443,19910584,4414435372658935860297728,-195914,59,100,100,0,True
1716201455,19910585,4414435372658935860297728,-195914,59,100,100,0,True
1716201467,19910586,4414435372658935860297728,-195914,59,100,100,0,True
1716201479,19910587,4414435372658935860297728,-195914,59,100,100,0,True
1716201491,19910588,4414435372658935860297728,-195914,59,100,100,0,True
1716201503,19910589,4414435372658935860297728,-195914,59,100,100,0,True
1716201515,19910590,4414435372658935860297728,-195914,59,100,100,0,True
1716201527,19910591,4414435372658935860297728,-195914,59,100,100,0,True
1716201539,19910592,4414435372658935860297728,-195914,59,100,100,0,True
1716201551,19910593,4414435372658935860297728,-195914,59,100,100,0,True
1716201563,19910594,4414435372658935860297728,-195914,59,100,100,0,True
1716201575,19910595,4414435372658935860297728,-195914,59,100,100,0,True
1716201587,19910596,4414435372658935860297728,-195914,59,100,100,0,True
1716201599,19910597,4414435372658935860297728,-195914,59,100,100,0,True
1716201611,19910598,4414435372658935860297728,-195914,59,100,100,0,True
1716201623,19910599,4414435372658935860297728,-195914,59,100,100,0,True
1716201635,19910600,4414435372658935860297728,-195914,59,100,100,0,True
1716201647,19910601,4414435372658935860297728,-195914,59,100,100,0,True
1716201659,19910602,4414435372658935860297728,-195914,59,100,100,0,True
1716201671,19910603,4414435372658935860297728,-195914,59,100,100,0,True
1716201683,19910604,4414435372658935860297728,-195914,59,100,100,0,True
1716201695,19910605,4414435372658935860297728,-195914,59,100,100,0,True
1716201707,19910606,4414435372658935860297728,-195914,59,100,100,0,True
1716201719,19910607,4414435372658935860297728,-195914,59,100,100,0,True
1716201731,19910608,4414435372658935860297728,-195914,59,100,100,0,True
1716201743,19910609,4414435372658935860297728,-195914,59,100,100,0,True
1716201755,19910610,4414435372658935860297728,-195914,59,100,100,0,True
1716201767,19910611,4414435372658935860297728,-195914,59,100,100,0,True
1716201779,19910612,4414435372658935860297728,-195914,59,100,100,0,True
1716201791,19910613,4414435372658935860297728,-195914,59,100,100,0,True
1716201803,19910614,4414435372658935860297728,-195914,59,100,100,0,True
1716201815,19910615,4414435372658935860297728,-195914,59,100,100,0,True
1716201827,19910616,4414435372658935860297728,-195914,59,100,100,0,True
1716201839,19910617,4414436467741636693412044,-195914,59,100,100,0,True
1716201851,19910618,4414436467741636693412044,-195914,59,100,100,0,True
1716201863,19910619,4414436467741636693412044,-195914,59,100,100,0,True
1716201875,19910620,4414436467741636693412044,-195914,59,100,100,0,True
1716201887,19910621,4414436467741636693412044,-195914,59,100,100,0,True
1716201899,19910622,4414436467741636693412044,-195914,59,100,100,0,True
1716201911,19910623,4414436467741636693412044,-195914,59,100,100,0,True
1716201923,19910624,4414436467741636693412044,-195914,59,100,100,0,True
1716201935,19910625,4414436467741636693412044,-195914,59,100,100,0,True
1716201947,19910626,4414436467741636693412044,-195914,59,100,100,0,True
1716201959,19910627,4414436467741636693412044,-195914,59,100,100,0,True
1716201971,19910628,4414436467741636693412044,-195914,59,100,100,0,True
1716201983,19910629,4414436467741636693412044,-195914,59,100,100,0,True
1716201995,19910630,4414436467741636693412044,-195914,59,100,100,0,True
1716202007,19910631,4414436467741636693412044,-195914,59,100,100,0,True
1716202019,19910632,4414436467741636693412044,-195914,59,100,100,0,True
1716202031,19910633,4414436467741636693412044,-195914,59,100,100,0,True
1716202043,19910634,4414436467741636693412044,-195914,59,100,100,0,True
1716202055,19910635,4414436467741636693412044,-195914,59,100,100,0,True
1716202067,19910636,4414436467741636693412044,-195914,59,100,100,0,True
1716202079,19910637,4414436467741636693412044,-195914,59,100,100,0,True
1716202091,19910638,4414436467741636693412044,-195914,59,100,100,0,True
1716202103,19910639,4414436467741636693412044,-195914,59,100,100,0,True
1716202115,19910640,4414436467741636693412044,-195914,59,100,100,0,True
1716202127,19910641,4414436467741636693412044,-195914,59,100,100,0,True
1716202139,19910642,4414436467741636693412044,-195914,59,100,100,0,True
1716202151,19910643,4414436467741636693412044,-195914,59,100,100,0,True
1716202163,19910644,4414436467741636693412044,-195914,59,100,100,0,True
1716202175,19910645,4414436467741636693412044,-195914,59,100,100,0,True
1716202187,19910646,4414436467741636693412044,-195914,59,100,100,0,True
1716202199,19910647,4414436467741636693412044,-195914,59,100,100,0,True
1716202211,19910648,4414436467741636693412044,-195914,59,100,100,0,True
1716202223,19910649,4414436467741636693412044,-195914,59,100,100,0,True
1716202235,19910650,4414436467741636693412044,-195914,59,100,100,0,True
1716202247,19910651,4414436467741636693412044,-195914,59,100,100,0,True
1716202259,19910652,4414436467741636693412044,-195914,60,100,100,0,True
1716202271,19910653,4414436467741636693412044,-195914,60,100,100,0,True
1716202283,19910654,4414436467741636693412044,-195914,60,100,100,0,True
1716202295,19910655,4414436467741636693412044,-195914,60,100,100,0,True
1716202307,19910656,4414436467741636693412044,-195914,60,100,100,0,True
1716202319,19910657,4414436467741636693412044,-195914,60,100,100,0,True
1716202331,19910658,4414436467741636693412044,-195914,60,100,100,0,True
1716202343,19910659,4414436467741636693412044,-195914,60,100,100,0,True
1716202355,19910660,4414436467741636693412044,-195914,60,100,100,0,True
1716202367,19910661,4414436467741636693412044,-195914,60,100,100,0,True
1716202379,19910662,4414436467741636693412044,-195914,60,100,100,0,True
1716202391,19910663,4414436467741636693412044,-195914,60,100,100,0,True
1716202403,19910664,4414436467741636693412044,-195914,60,100,100,0,True
1716202415,19910665,4414436467741636693412044,-195914,60,100,100,0,True
1716202427,19910666,4414436467741636693412044,-195914,60,100,100,0,True
1716202439,19910667,4414436467741636693412044,-195914,60,100,100,0,True
1716202451,19910668,4414436467741636693412044,-195914,60,100,100,0,True
1716202463,19910669,4414436467741636693412044,-195914,60,100,100,0,True
1716202475,19910670,4414436467741636693412044,-195914,60,100,100,0,True
1716202487,19910671,4414436467741636693412044,-195914,60,100,100,0,True
1716202499,19910672,4414436467741636693412044,-195914,60,100,100,0,True
1716202511,19910673,4414436467741636693412044,-195914,60,100,100,0,True
1716202523,19910674,4414436467741636693412044,-195914,60,100,100,0,True
1716202535,19910675,4414436467741636693412044,-195914,60,100,100,0,True
1716202547,19910676,4414436467741636693412044,-195914,60,100,100,0,True
1716202559,19910677,4414436467741636693412044,-195914,60,100,100,0,True
1716202571,19910678,4414436467741636693412044,-195914,60,100,100,0,True
1716202583,19910679,4414436467741636693412044,-195914,60,100,100,0,True
1716202595,19910680,4414436467741636693412044,-195914,60,100,100,0,True
1716202607,19910681,4414436467741636693412044,-195914,60,100,100,0,True
1716202619,19910682,4414436467741636693412044,-195914,60,100,100,0,True
1716202631,19910683,4414436467741636693412044,-195914,60,100,100,0,True
1716202643,19910684,4414436467741636693412044,-195914,60,100,100,0,True
1716202655,19910685,4414436467741636693412044,-195914,60,100,100,0,True
1716202667,19910686,4414436467741636693412044,-195914,60,100,100,0,True
1716202679,19910687,4414436467741636693412044,-195914,60,100,100,0,True
1716202691,19910688,4414436467741636693412044,-195914,60,100,100,0,True
1716202703,19910689,4414436467741636693412044,-195914,60,100,100,0,True
1716202715,19910690,4414436467741636693412044,-195914,60,100,100,0,True
1716202727,19910691,4414436467741636693412044,-195914,60,100,100,0,True
1716202739,19910692,4414436467741636693412044,-195914,60,100,100,0,True
1716202751,19910693,4414436467741636693412044,-195914,60,100,100,0,True
1716202763,19910694,4414436467741636693412044,-195914,60,100,100,0,True
1716202775,19910695,4414436467741636693412044,-195914,60,100,100,0,True
1716202787,19910696,4414436467741636693412044,-195914,60,100,100,0,True
1716202799,19910697,4414436467741636693412044,-195914,60,100,100,0,True
1716202811,19910698,4414436467741636693412044,-195914,60,100,100,0,True
1716202823,19910699,4414436467741636693412044,-195914,60,100,100,0,True
1716202835,19910700,4414436467741636693412044,-195914,60,100,100,0,True
1716202847,19910701,4414436467741636693412044,-195914,60,100,100,0,True
1716202859,19910702,4414436467741636693412044,-195914,60,100,100,0,True
1716202871,19910703,4414436467741636693412044,-195914,60,100,100,0,True
1716202883,19910704,4414436467741636693412044,-195914,60,100,100,0,True
1716202895,19910705,4414436467741636693412044,-195914,60,100,100,0,True
1716202907,19910706,4414436467741636693412044,-195914,60,100,100,0,True
1716202919,19910707,4414436467741636693412044,-195914,60,100,100,0,True
1716202931,19910708,4414427122268765715399123,-195914,60,100,100,0,True
1716202943,19910709,4414427122268765715399123,-195914,60,100,100,0,True
1716202955,19910710,4414427122268765715399123,-195914,60,100,100,0,True
1716202967,19910711,4414427122268765715399123,-195914,60,100,100,0,True
1716202979,19910712,4414427122268765715399123,-195914,60,100,100,0,True
1716202991,19910713,4414427122268765715399123,-195914,60,100,100,0,True
1716203003,19910714,4414427122268765715399123,-195914,60,100,100,0,True
1716203015,19910715,4414427122268765715399123,-195914,60,100,100,0,True
1716203027,19910716,4414427122268765715399123,-195914,60,100,100,0,True
1716203039,19910717,4414427122268765715399123,-195914,60,100,100,0,True
1716203051,19910718,4414427122268765715399123,-195914,60,100,100,0,True
1716203063,19910719,4414427122268765715399123,-195914,60,100,100,0,True
1716203075,19910720,4414427122268765715399123,-195914,60,100,100,0,True
1716203087,19910721,4414427122268765715399123,-195914,60,100,100,0,True
1716203099,19910722,4414427122268765715399123,-195914,60,100,100,0,True
1716203111,19910723,4414427122268765715399123,-195914,60,100,100,0,True
1716203123,19910724,4414427122268765715399123,-195914,60,100,100,0,True
1716203135,19910725,4414427122268765715399123,-195914,60,100,100,0,True
1716203147,19910726,4414427122268765715399123,-195914,60,100,100,0,True
1716203159,19910727,4414427122268765715399123,-195914,60,100,100,0,True
1716203171,19910728,4414427122268765715399123,-195914,60,100,100,0,True
1716203183,19910729,4414427122268765715399123,-195914,60,100,100,0,True
1716203195,19910730,4414427122268765715399123,-195914,60,100,100,0,True
1716203207,19910731,4414427122268765715399123,-195914,60,100,100,0,True
1716203219,19910732,4414427122268765715399123,-195914,60,100,100,0,True
1716203231,19910733,4414427122268765715399123,-195914,60,100,100,0,True
1716203243,19910734,4414427122268765715399123,-195914,60,100,100,0,True
1716203255,19910735,4414427122268765715399123,-195914,60,100,100,0,True
1716203267,19910736,4414427122268765715399123,-195914,60,100,100,0,True
1716203279,19910737,4414427122268765715399123,-195914,60,100,100,0,True
1716203291,19910738,4414427122268765715399123,-195914,60,100,100,0,True
1716203303,19910739,4414427122268765715399123,-195914,60,100,100,0,True
1716203315,19910740,4414427122268765715399123,-195914,60,100,100,0,True
1716203327,19910741,4414427122268765715399123,-195914,60,100,100,0,True
1716203339,19910742,4414427122268765715399123,-195914,60,100,100,0,True
1716203351,19910743,4414427122268765715399123,-195914,60,100,100,0,True
1716203363,19910744,4414427122268765715399123,-195914,60,100,100,0,True
1716203375,19910745,4414427122268765715399123,-195914,60,100,100,0,True
1716203387,19910746,4414427122268765715399123,-195914,60,100,100,0,True
1716203399,19910747,4414427122268765715399123,-195914,60,100,100,0,True
1716203411,19910748,4414427122268765715399123,-195914,60,100,100,0,True
1716203423,19910749,4414427122268765715399123,-195914,60,100,100,0,True
1716203435,19910750,4414427122268765715399123,-195914,60,100,100,0,True
1716203447,19910751,4414427122268765715399123,-195914,60,100,100,0,True
1716203459,19910752,4414427122268765715399123,-195914,60,100,100,0,True
1716203471,19910753,4414427122268765715399123,-195914,60,100,100,0,True
1716203483,19910754,4414427122268765715399123,-195914,60,100,100,0,True
1716203495,19910755,4414427122268765715399123,-195914,60,100,100,0,True
1716203507,19910756,4414427122268765715399123,-195914,60,100,100,0,True
1716203519,19910757,4414427122268765715399123,-195914,60,100,100,0,True
1716203531,19910758,4414427122268765715399123,-195914,60,100,100,0,True
1716203543,19910759,4414427122268765715399123,-195914,60,100,100,0,True
1716203555,19910760,4414427122268765715399123,-195914,60,100,100,0,True
1716203567,19910761,4414427122268765715399123,-195914,60,100,100,0,True
1716203579,19910762,4414427122268765715399123,-195914,60,100,100,0,True
1716203591,19910763,4414427122268765715399123,-195914,60,100,100,0,True
1716203603,19910764,4414427122268765715399123,-195914,60,100,100,0,True
1716203615,19910765,4414427122268765715399123,-195914,60,100,100,0,True
1716203627,19910766,4414427122268765715399123,-195914,60,100,100,0,True
1716203639,19910767,4414427122268765715399123,-195914,60,100,100,0,True
1716203651,19910768,4414427122268765715399123,-195914,60,100,100,0,True
1716203663,19910769,4414427122268765715399123,-195914,60,100,100,0,True
1716203675,19910770,4414427122268765715399123,-195914,60,100,100,0,True
1716203687,19910771,4414427122268765715399123,-195914,60,100,100,0,True
1716203699,19910772,4414427122268765715399123,-195914,60,100,100,0,True
1716203711,19910773,4414427122268765715399123,-195914,60,100,100,0,True
1716203723,19910774,4414427122268765715399123,-195914,60,100,100,0,True
1716203735,19910775,4414427122268765715399123,-195914,60,100,100,0,True
1716203747,19910776,4414427122268765715399123,-195914,60,100,100,0,True
1716203759,19910777,4414427122268765715399123,-195914,60,100,100,0,True
1716203771,19910778,4414427122268765715399123,-195914,60,100,100,0,True
1716203783,19910779,4414427122268765715399123,-195914,60,100,100,0,True
1716203795,19910780,4414427122268765715399123,-195914,60,100,100,0,True
1716203807,19910781,4414427122268765715399123,-195914,60,100,100,0,True
1716203819,19910782,4414427122268765715399123,-195914,60,100,100,0,True
1716203831,19910783,4414427122268765715399123,-195914,60,100,100,0,True
1716203843,19910784,4414427122268765715399123,-195914,60,100,100,0,True
1716203855,19910785,4414427122268765715399123,-195914,60,100,100,0,True
1716203867,19910786,4414427122268765715399123,-195914,60,100,100,0,True
1716203879,19910787,4414427122268765715399123,-195914,60,100,100,0,True
1716203891,19910788,4414427122268765715399123,-195914,60,100,100,0,True
1716203903,19910789,4414427122268765715399123,-195914,60,100,100,0,True
1716203915,19910790,4414427122268765715399123,-195914,60,100,100,0,True
1716203927,19910791,4414427122268765715399123,-195914,60,100,100,0,True
1716203939,19910792,4414427122268765715399123,-195914,60,100,100,0,True
1716203951,19910793,4414427122268765715399123,-195914,60,100,100,0,True
1716203963,19910794,4414427122268765715399123,-195914,60,100,100,0,True
1716203975,19910795,4414427122268765715399123,-195914,60,100,100,0,True
1716203987,19910796,4414427122268765715399123,-195914,60,100,100,0,True
1716203999,19910797,4414414667662028933535065,-195915,61,100,100,0,True
1716204011,19910798,4414414667662028933535065,-195915,61,100,100,0,True
1716204023,19910799,4414414667662028933535065,-195915,61,100,100,0,True
1716204035,19910800,4414414667662028933535065,-195915,61,100,100,0,True
1716204047,19910801,4414414667662028933535065,-195915,61,100,100,0,True
1716204059,19910802,4414414667662028933535065,-195915,61,100,100,0,True
1716204071,19910803,4414414667662028933535065,-195915,61,100,100,0,True
1716204083,19910804,4414414667662028933535065,-195915,61,100,100,0,True
1716204095,19910805,4414414667662028933535065,-195915,61,100,100,0,True
1716204107,19910806,4414414667662028933535065,-195915,61,100,100,0,True
1716204119,19910807,4414414667662028933535065,-195915,61,100,100,0,True
1716204131,19910808,4414414667662028933535065,-195915,61,100,100,0,True
1716204143,19910809,4414414667662028933535065,-195915,61,100,100,0,True
1716204155,19910810,4414414667662028933535065,-195915,61,100,100,0,True
1716204167,19910811,4414414667662028933535065,-195915,61,100,100,0,True
1716204179,19910812,4414414667662028933535065,-195915,61,100,100,0,True
1716204191,19910813,4414414667662028933535065,-195915,61,100,100,0,True
1716204203,19910814,4414414667662028933535065,-195915,61,100,100,0,True
1716204215,19910815,4414414667662028933535065,-195915,61,100,100,0,True
1716204227,19910816,4414414667662028933535065,-195915,61,100,100,0,True
1716204239,19910817,4414414667662028933535065,-195915,61,100,100,0,True
1716204251,19910818,4414414667662028933535065,-195915,61,100,100,0,True
1716204263,19910819,4414414667662028933535065,-195915,61,100,100,0,True
1716204275,19910820,4414414667662028933535065,-195915,61,100,100,0,True
1716204287,19910821,4414414667662028933535065,-195915,61,100,100,0,True
1716204299,19910822,4414414667662028933535065,-195915,61,100,100,0,True
1716204311,19910823,4414414667662028933535065,-195915,61,100,100,0,True
1716204323,19910824,4414414667662028933535065,-195915,61,100,100,0,True
1716204335,19910825,4414414667662028933535065,-195915,61,100,100,0,True
1716204347,19910826,4414420040978917142201726,-195915,61,100,100,0,True
1716204359,19910827,4414420040978917142201726,-195915,61,100,100,0,True
1716204371,19910828,4414420040978917142201726,-195915,61,100,100,0,True
1716204383,19910829,4414420040978917142201726,-195915,61,100,100,0,True
1716204395,19910830,4414420040978917142201726,-195915,61,100,100,0,True
1716204407,19910831,4414420040978917142201726,-195915,61,100,100,0,True
1716204419,19910832,4414420040978917142201726,-195915,61,100,100,0,True
1716204431,19910833,4414420040978917142201726,-195915,61,100,100,0,True
1716204443,19910834,4414420040978917142201726,-195915,61,100,100,0,True
1716204455,19910835,4414420040978917142201726,-195915,61,100,100,0,True
1716204467,19910836,4414420040978917142201726,-195915,61,100,100,0,True
1716204479,19910837,4414420040978917142201726,-195915,61,100,100,0,True
1716204491,19910838,4414420040978917142201726,-195915,61,100,100,0,True
1716204503,19910839,4414420040978917142201726,-195915,61,100,100,0,True
1716204515,19910840,4414420040978917142201726,-195915,61,100,100,0,True
1716204527,19910841,4414420040978917142201726,-195915,61,100,100,0,True
1716204539,19910842,4414420040978917142201726,-195915,61,100,100,0,True
1716204551,19910843,4414420040978917142201726,-195915,61,100,100,0,True
1716204563,19910844,4414420040978917142201726,-195915,61,100,100,0,True
1716204575,19910845,4414420040978917142201726,-195915,61,100,100,0,True
1716204587,19910846,4414420040978917142201726,-195915,61,100,100,0,True
1716204599,19910847,4414420040978917142201726,-195915,61,100,100,0,True
1716204611,19910848,4414420040978917142201726,-195915,61,100,100,0,True
1716204623,19910849,4414420040978917142201726,-195915,61,100,100,0,True
1716204635,19910850,4414420040978917142201726,-195915,61,100,100,0,True
1716204647,19910851,4414420040978917142201726,-195915,61,100,100,0,True
1716204659,19910852,4414420040978917142201726,-195915,61,100,100,0,True
1716204671,19910853,4414420040978917142201726,-195915,61,100,100,0,True
1716204683,19910854,4414420040978917142201726,-195915,61,100,100,0,True
1716204695,19910855,4414420040978917142201726,-195915,61,100,100,0,True
1716204707,19910856,4414420040978917142201726,-195915,61,100,100,0,True
1716204719,19910857,4414420040978917142201726,-195915,61,100,100,0,True
1716204731,19910858,4414420040978917142201726,-195915,61,100,100,0,True
1716204743,19910859,4414420040978917142201726,-195915,61,100,100,0,True
1716204755,19910860,4414420040978917142201726,-195915,61,100,100,0,True
1716204767,19910861,4414420040978917142201726,-195915,61,100,100,0,True
1716204779,19910862,4414420040978917142201726,-195915,61,100,100,0,True
1716204791,19910863,4414420040978917142201726,-195915,61,100,100,0,True
1716204803,19910864,4414420040978917142201726,-195915,61,100,100,0,True
1716204815,19910865,4414420040978917142201726,-195915,61,100,100,0,True
1716204827,19910866,4414420040978917142201726,-195915,61,100,100,0,True
1716204839,19910867,4414420040978917142201726,-195915,61,100,100,0,True
1716204851,19910868,4414420040978917142201726,-195915,61,100,100,0,True
1716204863,19910869,4414420040978917142201726,-195915,61,100,100,0,True
1716204875,19910870,4414420040978917142201726,-195915,61,100,100,0,True
1716204887,19910871,4414420040978917142201726,-195915,61,100,100,0,True
1716204899,19910872,4414420040978917142201726,-195915,61,100,100,0,True
1716204911,19910873,4414420040978917142201726,-195915,61,100,100,0,True
1716204923,19910874,4414420040978917142201726,-195915,61,100,100,0,True
1716204935,19910875,4414420040978917142201726,-195915,61,100,100,0,True
1716204947,19910876,4414420040978917142201726,-195915,61,100,100,0,True
1716204959,19910877,4414420040978917142201726,-195915,61,100,100,0,True
1716204971,19910878,4414420040978917142201726,-195915,61,100,100,0,True
1716204983,19910879,4414420040978917142201726,-195915,61,100,100,0,True
1716204995,19910880,4414420040978917142201726,-195915,61,100,100,0,True
1716205007,19910881,4414420040978917142201726,-195915,61,100,100,0,True
1716205019,19910882,4414420040978917142201726,-195915,61,100,100,0,True
1716205031,19910883,4414420040978917142201726,-195915,61,100,100,0,True
1716205043,19910884,4414420040978917142201726,-195915,61,100,100,0,True
1716205055,19910885,4414420040978917142201726,-195915,61,100,100,0,True
1716205067,19910886,4414420040978917142201726,-195915,61,100,100,0,True
1716205079,19910887,4414420040978917142201726,-195915,61,100,100,0,True
1716205091,19910888,4414420040978917142201726,-195915,61,100,100,0,True
1716205103,19910889,4414420040978917142201726,-195915,61,100,100,0,True
1716205115,19910890,4414420040978917142201726,-195915,61,100,100,0,True
1716205127,19910891,4414420040978917142201726,-195915,61,100,100,0,True
1716205139,19910892,4414420040978917142201726,-195915,61,100,100,0,True
1716205151,19910893,4414420040978917142201726,-195915,61,100,100,0,True
1716205163,19910894,4414420040978917142201726,-195915,61,100,100,0,True
1716205175,19910895,4414420040978917142201726,-195915,61,100,100,0,True
1716205187,19910896,4414420040978917142201726,-195915,61,100,100,0,True
1716205199,19910897,4414420040978917142201726,-195915,61,100,100,0,True
1716205211,19910898,4414420040978917142201726,-195915,61,100,100,0,True
1716205223,19910899,4414420040978917142201726,-195915,61,100,100,0,True
1716205235,19910900,4414420040978917142201726,-195915,61,100,100,0,True
1716205247,19910901,4414420040978917142201726,-195915,61,100,100,0,True
1716205259,19910902,4414420040978917142201726,-195915,61,100,100,0,True
1716205271,19910903,4414420040978917142201726,-195915,61,100,100,0,True
1716205283,19910904,4414420040978917142201726,-195915,61,100,100,0,True
1716205295,19910905,4414420040978917142201726,-195915,61,100,100,0,True
1716205307,19910906,4414420040978917142201726,-195915,61,100,100,0,True
1716205319,19910907,4414420040978917142201726,-195915,61,100,100,0,True
1716205331,19910908,4414420040978917142201726,-195915,61,100,100,0,True
1716205343,19910909,4414420040978917142201726,-195915,61,100,100,0,True
1716205355,19910910,4414420040978917142201726,-195915,61,100,100,0,True
1716205367,19910911,4414420040978917142201726,-195915,61,100,100,0,True
1716205379,19910912,4414420040978917142201726,-195915,61,100,100,0,True
1716205391,19910913,4414420040978917142201726,-195915,61,100,100,0,True
1716205403,19910914,4414420040978917142201726,-195915,61,100,100,0,True
1716205415,19910915,4414420040978917142201726,-195915,61,100,100,0,True
1716205427,19910916,4414420040978917142201726,-195915,61,100,100,0,True
1716205439,19910917,4414420040978917142201726,-195915,61,100,100,0,True
1716205451,19910918,4414420040978917142201726,-195915,61,100,100,0,True
1716205463,19910919,4414420040978917142201726,-195915,61,100,100,0,True
1716205475,19910920,4414420040978917142201726,-195915,61,100,100,0,True
1716205487,19910921,4414420040978917142201726,-195915,61,100,100,0,True
1716205499,19910922,4414420040978917142201726,-195915,61,100,100,0,True
1716205511,19910923,4414420040978917142201726,-195915,61,100,100,0,True
1716205535,19910924,4414420040978917142201726,-195915,61,100,100,0,True
1716205547,19910925,4414420040978917142201726,-195915,61,100,100,0,True
1716205559,19910926,4414420040978917142201726,-195915,61,100,100,0,True
1716205571,19910927,4414420040978917142201726,-195915,61,100,100,0,True
1716205583,19910928,4414420040978917142201726,-195915,61,100,100,0,True
1716205595,19910929,4414420040978917142201726,-195915,61,100,100,0,True
1716205607,19910930,4414420040978917142201726,-195915,61,100,100,0,True
1716205619,19910931,4414420040978917142201726,-195915,61,100,100,0,True
1716205631,19910932,4414420040978917142201726,-195915,61,100,100,0,True
1716205643,19910933,4414420040978917142201726,-195915,61,100,100,0,True
1716205655,19910934,4414420040978917142201726,-195915,61,100,100,0,True
1716205667,19910935,4414420040978917142201726,-195915,61,100,100,0,True
1716205679,19910936,4414420040978917142201726,-195915,61,100,100,0,True
1716205691,19910937,4414415579799328391775143,-195915,61,100,100,0,True
1716205703,19910938,4414415579799328391775143,-195915,61,100,100,0,True
1716205715,19910939,4414415579799328391775143,-195915,61,100,100,0,True
1716205727,19910940,4414415579799328391775143,-195915,61,100,100,0,True
1716205739,19910941,4414415579799328391775143,-195915,61,100,100,0,True
1716205751,19910942,4414415579799328391775143,-195915,61,100,100,0,True
1716205763,19910943,4414415579799328391775143,-195915,61,100,100,0,True
1716205775,19910944,4414415579799328391775143,-195915,61,100,100,0,True
1716205787,19910945,4414415579799328391775143,-195915,61,100,100,0,True
1716205799,19910946,4414415579799328391775143,-195915,61,100,100,0,True
1716205811,19910947,4414415579799328391775143,-195915,61,100,100,0,True
1716205823,19910948,4414415579799328391775143,-195915,61,100,100,0,True
1716205835,19910949,4414415579799328391775143,-195915,61,100,100,0,True
1716205847,19910950,4414053997156758060007424,-195916,62,100,100,0,True
1716205859,19910951,4414053997156758060007424,-195916,62,100,100,0,True
1716205871,19910952,4414053997156758060007424,-195916,62,100,100,0,True
1716205883,19910953,4414053997156758060007424,-195916,62,100,100,0,True
1716205895,19910954,4414053997156758060007424,-195916,62,100,100,0,True
1716205907,19910955,4413220134967346257199104,-195920,63,100,100,0,True
1716205919,19910956,4413215466739553036970587,-195920,63,100,100,0,True
1716205931,19910957,4413215466739553036970587,-195920,63,100,100,0,True
1716205943,19910958,4410693121121672366948367,-195931,64,100,100,0,True
1716205955,19910959,4408927668586352490840064,-195939,65,100,100,0,True
1716205967,19910960,4408927668586352490840064,-195939,65,100,100,0,True
1716205979,19910961,4408927668586352490840064,-195939,65,100,100,0,True
1716205991,19910962,4408927668586352490840064,-195939,65,100,100,0,True
1716206003,19910963,4408927668586352490840064,-195939,65,100,100,0,True
1716206015,19910964,4408927668586352490840064,-195939,65,100,100,0,True
1716206027,19910965,4408927668586352490840064,-195939,65,100,100,0,True
1716206039,19910966,4408927668586352490840064,-195939,65,100,100,0,True
1716206051,19910967,4408927668586352490840064,-195939,65,100,100,0,True
1716206063,19910968,4408927668586352490840064,-195939,65,100,100,0,True
1716206075,19910969,4408927668586352490840064,-195939,65,100,100,0,True
1716206087,19910970,4408927668586352490840064,-195939,65,100,100,0,True
1716206099,19910971,4408927668586352490840064,-195939,65,100,100,0,True
1716206111,19910972,4408927668586352490840064,-195939,65,100,100,0,True
1716206123,19910973,4408927668586352490840064,-195939,65,100,100,0,True
1716206135,19910974,4408927668586352490840064,-195939,65,100,100,0,True
1716206147,19910975,4408927668586352490840064,-195939,65,100,100,0,True
1716206159,19910976,4408927668586352490840064,-195939,65,100,100,0,True
1716206171,19910977,4408927668586352490840064,-195939,65,100,100,0,True
1716206183,19910978,4408927668586352490840064,-195939,65,100,100,0,True
1716206195,19910979,4408927668586352490840064,-195939,65,100,100,0,True
1716206207,19910980,4408927668586352490840064,-195939,65,100,100,0,True
1716206219,19910981,4408927668586352490840064,-195939,65,100,100,0,True
1716206231,19910982,4408927668586352490840064,-195939,65,100,100,0,True
1716206243,19910983,4408927668586352490840064,-195939,65,100,100,0,True
1716206255,19910984,4408927668586352490840064,-195939,65,100,100,0,True
1716206267,19910985,4408927668586352490840064,-195939,65,100,100,0,True
1716206279,19910986,4408927668586352490840064,-195939,65,100,100,0,True
1716206291,19910987,4408927668586352490840064,-195939,65,100,100,0,True
1716206303,19910988,4408927668586352490840064,-195939,65,100,100,0,True
1716206315,19910989,4408927668586352490840064,-195939,65,100,100,0,True
1716206327,19910990,4408927668586352490840064,-195939,65,100,100,0,True
1716206339,19910991,4408927668586352490840064,-195939,65,100,100,0,True
1716206351,19910992,4408927668586352490840064,-195939,65,100,100,0,True
1716206363,19910993,4408927668586352490840064,-195939,65,100,100,0,True
1716206375,19910994,4408927668586352490840064,-195939,65,100,100,0,True
1716206387,19910995,4408927668586352490840064,-195939,65,100,100,0,True
1716206399,19910996,4408927668586352490840064,-195939,65,100,100,0,True
1716206411,19910997,4408927668586352490840064,-195939,65,100,100,0,True
1716206423,19910998,4408927668586352490840064,-195939,65,100,100,0,True
1716206435,19910999,4408927668586352490840064,-195939,65,100,100,0,True
1716206447,19911000,4408927668586352490840064,-195939,65,100,100,0,True
1716206459,19911001,4408927668586352490840064,-195939,65,100,100,0,True
1716206471,19911002,4408927668586352490840064,-195939,65,100,100,0,True
1716206483,19911003,4408927668586352490840064,-195939,65,100,100,0,True
1716206495,19911004,4408927668586352490840064,-195939,65,100,100,0,True
1716206507,19911005,4408927668586352490840064,-195939,65,100,100,0,True
1716206519,19911006,4408927668586352490840064,-195939,65,100,100,0,True
1716206531,19911007,4408927668586352490840064,-195939,65,100,100,0,True
1716206543,19911008,4408927668586352490840064,-195939,65,100,100,0,True
1716206555,19911009,4408927668586352490840064,-195939,65,100,100,0,True
1716206567,19911010,4408927668586352490840064,-195939,65,100,100,0,True
1716206579,19911011,4408927668586352490840064,-195939,65,100,100,0,True
1716206591,19911012,4408927668586352490840064,-195939,65,100,100,0,True
1716206603,19911013,4408927668586352490840064,-195939,65,100,100,0,True
1716206615,19911014,4408927668586352490840064,-195939,65,100,100,0,True
1716206627,19911015,4408927668586352490840064,-195939,65,100,100,0,True
1716206639,19911016,4408927668586352490840064,-195939,65,100,100,0,True
1716206651,19911017,4408927668586352490840064,-195939,65,100,100,0,True
1716206663,19911018,4408927668586352490840064,-195939,65,100,100,0,True
1716206675,19911019,4408927668586352490840064,-195939,65,100,100,0,True
1716206687,19911020,4408927668586352490840064,-195939,65,100,100,0,True
1716206699,19911021,4408927668586352490840064,-195939,65,100,100,0,True
1716206711,19911022,4408927668586352490840064,-195939,65,100,100,0,True
1716206723,19911023,4408927668586352490840064,-195939,65,100,100,0,True
1716206735,19911024,4408927668586352490840064,-195939,65,100,100,0,True
1716206747,19911025,4408927668586352490840064,-195939,65,100,100,0,True
1716206771,19911026,4408927668586352490840064,-195939,65,100,100,0,True
1716206783,19911027,4408927668586352490840064,-195939,65,100,100,0,True
1716206795,19911028,4408927668586352490840064,-195939,65,100,100,0,True
1716206807,19911029,4408927668586352490840064,-195939,65,100,100,0,True
1716206819,19911030,4408927668586352490840064,-195939,65,100,100,0,True
1716206831,19911031,4408927668586352490840064,-195939,65,100,100,0,True
1716206843,19911032,4408927668586352490840064,-195939,65,100,100,0,True
1716206855,19911033,4408927668586352490840064,-195939,65,100,100,0,True
1716206867,19911034,4408927668586352490840064,-195939,65,100,100,0,True
1716206879,19911035,4408927668586352490840064,-195939,65,100,100,0,True
1716206891,19911036,4408927668586352490840064,-195939,65,100,100,0,True
1716206903,19911037,4408927668586352490840064,-195939,65,100,100,0,True
1716206915,19911038,4408927668586352490840064,-195939,65,100,100,0,True
1716206927,19911039,4408927668586352490840064,-195939,65,100,100,0,True
1716206939,19911040,4408927668586352490840064,-195939,65,100,100,0,True
1716206951,19911041,4408927668586352490840064,-195939,65,100,100,0,True
1716206963,19911042,4408927668586352490840064,-195939,65,100,100,0,True
1716206975,19911043,4408927668586352490840064,-195939,65,100,100,0,True
1716206987,19911044,4408927668586352490840064,-195939,65,100,100,0,True
1716206999,19911045,4408927668586352490840064,-195939,65,100,100,0,True
1716207011,19911046,4408927668586352490840064,-195939,65,100,100,0,True
1716207023,19911047,4408927668586352490840064,-195939,65,100,100,0,True
1716207035,19911048,4408927668586352490840064,-195939,65,100,100,0,True
1716207047,19911049,4408931074790673316566092,-195939,65,100,100,0,True
1716207059,19911050,4408931074790673316566092,-195939,65,100,100,0,True
1716207071,19911051,4408931074790673316566092,-195939,65,100,100,0,True
1716207083,19911052,4408931074790673316566092,-195939,65,100,100,0,True
1716207095,19911053,4408931074790673316566092,-195939,65,100,100,0,True
1716207107,19911054,4408931074790673316566092,-195939,65,100,100,0,True
1716207119,19911055,4408931074790673316566092,-195939,65,100,100,0,True
1716207131,19911056,4408931074790673316566092,-195939,65,100,100,0,True
1716207143,19911057,4408931074790673316566092,-195939,65,100,100,0,True
1716207155,19911058,4408931074790673316566092,-195939,65,100,100,0,True
1716207167,19911059,4408931074790673316566092,-195939,65,100,100,0,True
1716207179,19911060,4408931074790673316566092,-195939,65,100,100,0,True
1716207191,19911061,4408931074790673316566092,-195939,65,100,100,0,True
1716207203,19911062,4408931074790673316566092,-195939,65,100,100,0,True
1716207215,19911063,4408931074790673316566092,-195939,65,100,100,0,True
1716207227,19911064,4408932468533065825971907,-195939,65,100,100,0,True
1716207239,19911065,4408932468533065825971907,-195939,65,100,100,0,True
1716207251,19911066,4408932468533065825971907,-195939,65,100,100,0,True
1716207263,19911067,4408932468533065825971907,-195939,65,100,100,0,True
1716207275,19911068,4408932468533065825971907,-195939,65,100,100,0,True
1716207287,19911069,4408932468533065825971907,-195939,65,100,100,0,True
1716207299,19911070,4408932468533065825971907,-195939,65,100,100,0,True
1716207311,19911071,4408932468533065825971907,-195939,65,100,100,0,True
1716207323,19911072,4408932468533065825971907,-195939,65,100,100,0,True
1716207335,19911073,4408932468533065825971907,-195939,65,100,100,0,True
1716207347,19911074,4408932468533065825971907,-195939,65,100,100,0,True
1716207359,19911075,4408932468533065825971907,-195939,65,100,100,0,True
1716207371,19911076,4408932468533065825971907,-195939,65,100,100,0,True
1716207383,19911077,4408932468533065825971907,-195939,65,100,100,0,True
1716207395,19911078,4408932468533065825971907,-195939,65,100,100,0,True
1716207407,19911079,4408932468533065825971907,-195939,65,100,100,0,True
1716207419,19911080,4408932468533065825971907,-195939,65,100,100,0,True
1716207431,19911081,4408932468533065825971907,-195939,65,100,100,0,True
1716207443,19911082,4408932468533065825971907,-195939,65,100,100,0,True
1716207455,19911083,4408932468533065825971907,-195939,65,100,100,0,True
1716207467,19911084,4408932468533065825971907,-195939,65,100,100,0,True
1716207479,19911085,4408932468533065825971907,-195939,65,100,100,0,True
1716207491,19911086,4408932468533065825971907,-195939,65,100,100,0,True
1716207503,19911087,4408932468533065825971907,-195939,65,100,100,0,True
1716207515,19911088,4408932468533065825971907,-195939,65,100,100,0,True
1716207527,19911089,4408932468533065825971907,-195939,65,100,100,0,True
1716207539,19911090,4408932468533065825971907,-195939,65,100,100,0,True
1716207551,19911091,4408932468533065825971907,-195939,65,100,100,0,True
1716207563,19911092,4408932468533065825971907,-195939,65,100,100,0,True
1716207575,19911093,4408932468533065825971907,-195939,65,100,100,0,True
1716207587,19911094,4408932468533065825971907,-195939,65,100,100,0,True
1716207599,19911095,4408932468533065825971907,-195939,65,100,100,0,True
1716207611,19911096,4408932468533065825971907,-195939,65,100,100,0,True
1716207623,19911097,4408932468533065825971907,-195939,65,100,100,0,True
1716207635,19911098,4408932468533065825971907,-195939,65,100,100,0,True
1716207647,19911099,4408932468533065825971907,-195939,65,100,100,0,True
1716207659,19911100,4408932468533065825971907,-195939,65,100,100,0,True
1716207671,19911101,4408932468533065825971907,-195939,65,100,100,0,True
1716207683,19911102,4408932468533065825971907,-195939,65,100,100,0,True
1716207695,19911103,4408932468533065825971907,-195939,65,100,100,0,True
1716207707,19911104,4408932468533065825971907,-195939,65,100,100,0,True
1716207719,19911105,4408932468533065825971907,-195939,65,100,100,0,True
1716207731,19911106,4408932468533065825971907,-195939,65,100,100,0,True
1716207743,19911107,4408932468533065825971907,-195939,65,100,100,0,True
1716207755,19911108,4408932468533065825971907,-195939,65,100,100,0,True
1716207767,19911109,4408932468533065825971907,-195939,65,100,100,0,True
1716207779,19911110,4408932468533065825971907,-195939,65,100,100,0,True
1716207791,19911111,4408932468533065825971907,-195939,65,100,100,0,True
1716207803,19911112,4408932468533065825971907,-195939,65,100,100,0,True
1716207815,19911113,4408932468533065825971907,-195939,65,100,100,0,True
1716207827,19911114,4408932468533065825971907,-195939,65,100,100,0,True
1716207839,19911115,4408932468533065825971907,-195939,65,100,100,0,True
1716207851,19911116,4408932468533065825971907,-195939,65,100,100,0,True
1716207863,19911117,4408932468533065825971907,-195939,65,100,100,0,True
1716207875,19911118,4408932468533065825971907,-195939,65,100,100,0,True
1716207887,19911119,4408932468533065825971907,-195939,65,100,100,0,True
1716207899,19911120,4408932468533065825971907,-195939,65,100,100,0,True
1716207911,19911121,4408932468533065825971907,-195939,65,100,100,0,True
1716207923,19911122,4408932468533065825971907,-195939,65,100,100,0,True
1716207935,19911123,4408932468533065825971907,-195939,65,100,100,0,True
1716207947,19911124,4408932468533065825971907,-195939,65,100,100,0,True
1716207959,19911125,4408932468533065825971907,-195939,65,100,100,0,True
1716207971,19911126,4408932468533065825971907,-195939,65,100,100,0,True
1716207983,19911127,4408932468533065825971907,-195939,65,100,100,0,True
1716207995,19911128,4408932468533065825971907,-195939,65,100,100,0,True
1716208007,19911129,4408932468533065825971907,-195939,65,100,100,0,True
1716208019,19911130,4408932468533065825971907,-195939,65,100,100,0,True
1716208031,19911131,4408932468533065825971907,-195939,65,100,100,0,True
1716208043,19911132,4408922484627911010472009,-195939,65,100,100,0,True
1716208055,19911133,4408922484627911010472009,-195939,65,100,100,0,True
1716208067,19911134,4408922484627911010472009,-195939,65,100,100,0,True
1716208079,19911135,4408922484627911010472009,-195939,65,100,100,0,True
1716208091,19911136,4408922484627911010472009,-195939,65,100,100,0,True
1716208103,19911137,4408922484627911010472009,-195939,65,100,100,0,True
1716208115,19911138,4408922484627911010472009,-195939,65,100,100,0,True
1716208127,19911139,4408922484627911010472009,-195939,65,100,100,0,True
1716208139,19911140,4408922484627911010472009,-195939,65,100,100,0,True
1716208151,19911141,4408922484627911010472009,-195939,65,100,100,0,True
1716208163,19911142,4408922484627911010472009,-195939,65,100,100,0,True
1716208175,19911143,4408922484627911010472009,-195939,65,100,100,0,True
1716208187,19911144,4408922484627911010472009,-195939,65,100,100,0,True
1716208199,19911145,4408922484627911010472009,-195939,65,100,100,0,True
1716208211,19911146,4408922484627911010472009,-195939,65,100,100,0,True
1716208223,19911147,4408922484627911010472009,-195939,65,100,100,0,True
1716208235,19911148,4408922484627911010472009,-195939,65,100,100,0,True
1716208247,19911149,4408922484627911010472009,-195939,65,100,100,0,True
1716208259,19911150,4408922484627911010472009,-195939,65,100,100,0,True
1716208271,19911151,4408922484627911010472009,-195939,65,100,100,0,True
1716208283,19911152,4408922484627911010472009,-195939,65,100,100,0,True
1716208295,19911153,4408922484627911010472009,-195939,65,100,100,0,True
1716208307,19911154,4408922484627911010472009,-195939,65,100,100,0,True
1716208319,19911155,4408922484627911010472009,-195939,65,100,100,0,True
1716208331,19911156,4408922484627911010472009,-195939,65,100,100,0,True
1716208343,19911157,4408922484627911010472009,-195939,65,100,100,0,True
1716208355,19911158,4408922484627911010472009,-195939,65,100,100,0,True
1716208367,19911159,4408922484627911010472009,-195939,65,100,100,0,True
1716208379,19911160,4408922484627911010472009,-195939,65,100,100,0,True
1716208391,19911161,4408922484627911010472009,-195939,65,100,100,0,True
1716208403,19911162,4408922484627911010472009,-195939,65,100,100,0,True
1716208415,19911163,4408922484627911010472009,-195939,65,100,100,0,True
1716208427,19911164,4408922484627911010472009,-195939,65,100,100,0,True
1716208439,19911165,4408922484627911010472009,-195939,65,100,100,0,True
1716208451,19911166,4408922484627911010472009,-195939,65,100,100,0,True
1716208463,19911167,4408922484627911010472009,-195939,65,100,100,0,True
1716208475,19911168,4408922484627911010472009,-195939,65,100,100,0,True
1716208487,19911169,4408922484627911010472009,-195939,65,100,100,0,True
1716208499,19911170,4408922484627911010472009,-195939,65,100,100,0,True
1716208511,19911171,4408922484627911010472009,-195939,65,100,100,0,True
1716208523,19911172,4408922484627911010472009,-195939,65,100,100,0,True
1716208535,19911173,4408922484627911010472009,-195939,65,100,100,0,True
1716208547,19911174,4408922484627911010472009,-195939,65,100,100,0,True
1716208559,19911175,4408922484627911010472009,-195939,65,100,100,0,True
1716208571,19911176,4408122247467639980182007,-195943,66,100,100,0,True
1716208583,19911177,4407163926607703770934033,-195947,67,100,100,0,True
1716208595,19911178,4406710668987352666341376,-195949,68,100,100,0,True
1716208607,19911179,4406710668987352666341376,-195949,68,100,100,0,True
1716208619,19911180,4406710668987352666341376,-195949,68,100,100,0,True
1716208631,19911181,4406710668987352666341376,-195949,68,100,100,0,True
1716208643,19911182,4406710668987352666341376,-195949,68,100,100,0,True
1716208655,19911183,4406426348252400860686469,-195951,69,100,100,0,True
1716208667,19911184,4406399333457112850714911,-195951,69,100,100,0,True
1716208679,19911185,4406399333457112850714911,-195951,69,100,100,0,True
1716208691,19911186,4406399333457112850714911,-195951,69,100,100,0,True
1716208703,19911187,4406399333457112850714911,-195951,69,100,100,0,True
1716208715,19911188,4406399333457112850714911,-195951,69,100,100,0,True
1716208727,19911189,4406399333457112850714911,-195951,69,100,100,0,True
1716208739,19911190,4406399333457112850714911,-195951,69,100,100,0,True
1716208751,19911191,4406399333457112850714911,-195951,69,100,100,0,True
1716208763,19911192,4406399333457112850714911,-195951,69,100,100,0,True
1716208775,19911193,4406399333457112850714911,-195951,69,100,100,0,True
1716208787,19911194,4406399333457112850714911,-195951,69,100,100,0,True
1716208799,19911195,4406399333457112850714911,-195951,69,100,100,0,True
1716208811,19911196,4406399333457112850714911,-195951,69,100,100,0,True
1716208823,19911197,4406399333457112850714911,-195951,69,100,100,0,True
1716208835,19911198,4406399333457112850714911,-195951,69,100,100,0,True
1716208847,19911199,4403535859165642492699314,-195964,70,100,100,0,True
1716208859,19911200,4403535859165642492699314,-195964,70,100,100,0,True
1716208871,19911201,4402576475904835736757464,-195968,71,100,100,0,True
1716208883,19911202,4402576475904835736757464,-195968,71,100,100,0,True
1716208895,19911203,4402576475904835736757464,-195968,71,100,100,0,True
1716208907,19911204,4402576475904835736757464,-195968,71,100,100,0,True
1716208919,19911205,4402576475904835736757464,-195968,71,100,100,0,True
1716208931,19911206,4402576475904835736757464,-195968,71,100,100,0,True
1716208943,19911207,4402576475904835736757464,-195968,71,100,100,0,True
1716208955,19911208,4402576475904835736757464,-195968,71,100,100,0,True
1716208967,19911209,4402576475904835736757464,-195968,71,100,100,0,True
1716208979,19911210,4402576475904835736757464,-195968,71,100,100,0,True
1716208991,19911211,4402576475904835736757464,-195968,71,100,100,0,True
1716209003,19911212,4402576475904835736757464,-195968,71,100,100,0,True
1716209015,19911213,4402576475904835736757464,-195968,71,100,100,0,True
1716209027,19911214,4402576475904835736757464,-195968,71,100,100,0,True
1716209039,19911215,4402576475904835736757464,-195968,71,100,100,0,True
1716209051,19911216,4402576475904835736757464,-195968,71,100,100,0,True
1716209063,19911217,4402576475904835736757464,-195968,71,100,100,0,True
1716209075,19911218,4402576475904835736757464,-195968,71,100,100,0,True
1716209087,19911219,4402576475904835736757464,-195968,71,100,100,0,True
1716209099,19911220,4402576475904835736757464,-195968,71,100,100,0,True
1716209111,19911221,4402576475904835736757464,-195968,71,100,100,0,True
1716209123,19911222,4402576475904835736757464,-195968,71,100,100,0,True
1716209135,19911223,4402576475904835736757464,-195968,71,100,100,0,True
1716209147,19911224,4402576475904835736757464,-195968,71,100,100,0,True
1716209159,19911225,4402576475904835736757464,-195968,71,100,100,0,True
1716209171,19911226,4402576475904835736757464,-195968,71,100,100,0,True
1716209183,19911227,4402043503200799999037749,-195971,72,100,100,0,True
1716209195,19911228,4402043503200799999037749,-195971,72,100,100,0,True
1716209207,19911229,4402043503200799999037749,-195971,72,100,100,0,True
1716209219,19911230,4402043503200799999037749,-195971,72,100,100,0,True
1716209231,19911231,4402043503200799999037749,-195971,72,100,100,0,True
1716209243,19911232,4402043503200799999037749,-195971,72,100,100,0,True
1716209255,19911233,4402043503200799999037749,-195971,72,100,100,0,True
1716209267,19911234,4402043503200799999037749,-195971,72,100,100,0,True
1716209279,19911235,4402043503200799999037749,-195971,72,100,100,0,True
1716209291,19911236,4402043503200799999037749,-195971,72,100,100,0,True
1716209303,19911237,4402043503200799999037749,-195971,72,100,100,0,True
1716209315,19911238,4402043503200799999037749,-195971,72,100,100,0,True
1716209327,19911239,4402043503200799999037749,-195971,72,100,100,0,True
1716209339,19911240,4402043503200799999037749,-195971,72,100,100,0,True
1716209351,19911241,4402043503200799999037749,-195971,72,100,100,0,True
1716209363,19911242,4402043503200799999037749,-195971,72,100,100,0,True
1716209375,19911243,4402043503200799999037749,-195971,72,100,100,0,True
1716209387,19911244,4402043503200799999037749,-195971,72,100,100,0,True
1716209399,19911245,4402043503200799999037749,-195971,72,100,100,0,True
1716209411,19911246,4402043503200799999037749,-195971,72,100,100,0,True
1716209423,19911247,4402043503200799999037749,-195971,72,100,100,0,True
1716209435,19911248,4402043503200799999037749,-195971,72,100,100,0,True
1716209447,19911249,4402043503200799999037749,-195971,72,100,100,0,True
1716209459,19911250,4402043503200799999037749,-195971,72,100,100,0,True
1716209471,19911251,4402043503200799999037749,-195971,72,100,100,0,True
1716209483,19911252,4402043503200799999037749,-195971,72,100,100,0,True
1716209495,19911253,4402043459716890927714146,-195971,72,100,100,0,True
1716209507,19911254,4402043459716890927714146,-195971,72,100,100,0,True
1716209519,19911255,4402043423636308803698426,-195971,72,100,100,0,True
1716209531,19911256,4402043423636308803698426,-195971,72,100,100,0,True
1716209543,19911257,4402043423636308803698426,-195971,72,100,100,0,True
1716209555,19911258,4402043423636308803698426,-195971,72,100,100,0,True
1716209567,19911259,4402043423636308803698426,-195971,72,100,100,0,True
1716209579,19911260,4402043385709422919997053,-195971,72,100,100,0,True
1716209591,19911261,4402043385709422919997053,-195971,72,100,100,0,True
1716209603,19911262,4402043385709422919997053,-195971,72,100,100,0,True
1716209615,19911263,4402043385709422919997053,-195971,72,100,100,0,True
1716209627,19911264,4402043385709422919997053,-195971,72,100,100,0,True
1716209639,19911265,4402043280263714996445398,-195971,72,100,100,0,True
1716209651,19911266,4402043280263714996445398,-195971,72,100,100,0,True
1716209663,19911267,4402043280263714996445398,-195971,72,100,100,0,True
1716209675,19911268,4402043280263714996445398,-195971,72,100,100,0,True
1716209687,19911269,4402043280263714996445398,-195971,72,100,100,0,True
1716209699,19911270,4402043280263714996445398,-195971,72,100,100,0,True
1716209711,19911271,4402043280263714996445398,-195971,72,100,100,0,True
1716209723,19911272,4402043280263714996445398,-195971,72,100,100,0,True
1716209735,19911273,4402043208341910933491948,-195971,72,100,100,0,True
1716209747,19911274,4402043208341910933491948,-195971,72,100,100,0,True
1716209759,19911275,4402043208341910933491948,-195971,72,100,100,0,True
1716209771,19911276,4402043208341910933491948,-195971,72,100,100,0,True
1716209783,19911277,4402043208341910933491948,-195971,72,100,100,0,True
1716209795,19911278,4402043208341910933491948,-195971,72,100,100,0,True
1716209807,19911279,4402043208341910933491948,-195971,72,100,100,0,True
1716209819,19911280,4402043208341910933491948,-195971,72,100,100,0,True
1716209831,19911281,4402043208341910933491948,-195971,72,100,100,0,True
1716209843,19911282,4402043208341910933491948,-195971,72,100,100,0,True
1716209855,19911283,4402043208341910933491948,-195971,72,100,100,0,True
1716209867,19911284,4402043208341910933491948,-195971,72,100,100,0,True
1716209879,19911285,4402043208341910933491948,-195971,72,100,100,0,True
1716209891,19911286,4402043208341910933491948,-195971,72,100,100,0,True
1716209903,19911287,4402043208341910933491948,-195971,72,100,100,0,True
1716209915,19911288,4402043208341910933491948,-195971,72,100,100,0,True
1716209927,19911289,4402043208341910933491948,-195971,72,100,100,0,True
1716209939,19911290,4402043176912837756452352,-195971,72,100,100,0,True
1716209951,19911291,4402043176912837756452352,-195971,72,100,100,0,True
1716209963,19911292,4402043176912837756452352,-195971,72,100,100,0,True
1716209975,19911293,4402043176912837756452352,-195971,72,100,100,0,True
1716209987,19911294,4402043176912837756452352,-195971,72,100,100,0,True
1716209999,19911295,4402043176912837756452352,-195971,72,100,100,0,True
1716210011,19911296,4402043176912837756452352,-195971,72,100,100,0,True
1716210023,19911297,4402068068319009613540136,-195971,72,100,100,0,True
1716210035,19911298,4402068068319009613540136,-195971,72,100,100,0,True
1716210047,19911299,4402068068319009613540136,-195971,72,100,100,0,True
1716210059,19911300,4402068068319009613540136,-195971,72,100,100,0,True
1716210071,19911301,4402068068319009613540136,-195971,72,100,100,0,True
1716210083,19911302,4402068068319009613540136,-195971,72,100,100,0,True
1716210095,19911303,4402068068319009613540136,-195971,72,100,100,0,True
1716210107,19911304,4402068068319009613540136,-195971,72,100,100,0,True
1716210119,19911305,4402068068319009613540136,-195971,72,100,100,0,True
1716210131,19911306,4402068068319009613540136,-195971,72,100,100,0,True
1716210143,19911307,4402068068319009613540136,-195971,72,100,100,0,True
1716210155,19911308,4402068068319009613540136,-195971,72,100,100,0,True
1716210167,19911309,4402068068319009613540136,-195971,72,100,100,0,True
1716210179,19911310,4402068068319009613540136,-195971,72,100,100,0,True
1716210191,19911311,4402068068319009613540136,-195971,72,100,100,0,True
1716210203,19911312,4402068068319009613540136,-195971,72,100,100,0,True
1716210215,19911313,4402068068319009613540136,-195971,72,100,100,0,True
1716210227,19911314,4402068068319009613540136,-195971,72,100,100,0,True
1716210239,19911315,4402068068319009613540136,-195971,72,100,100,0,True
1716210251,19911316,4402068068319009613540136,-195971,72,100,100,0,True
1716210263,19911317,4402068068319009613540136,-195971,72,100,100,0,True
1716210287,19911318,4402068068319009613540136,-195971,72,100,100,0,True
1716210299,19911319,4402068068319009613540136,-195971,72,100,100,0,True
1716210311,19911320,4402068068319009613540136,-195971,72,100,100,0,True
1716210323,19911321,4402068068319009613540136,-195971,72,100,100,0,True
1716210335,19911322,4402068068319009613540136,-195971,72,100,100,0,True
1716210347,19911323,4402068068319009613540136,-195971,72,100,100,0,True
1716210359,19911324,4402068068319009613540136,-195971,72,100,100,0,True
1716210371,19911325,4402068068319009613540136,-195971,72,100,100,0,True
1716210383,19911326,4402068068319009613540136,-195971,72,100,100,0,True
1716210395,19911327,4402068068319009613540136,-195971,72,100,100,0,True
1716210407,19911328,4402068068319009613540136,-195971,72,100,100,0,True
1716210419,19911329,4402068068319009613540136,-195971,72,100,100,0,True
1716210431,19911330,4402068068319009613540136,-195971,72,100,100,0,True
1716210443,19911331,4402068068319009613540136,-195971,72,100,100,0,True
1716210455,19911332,4402068068319009613540136,-195971,72,100,100,0,True
1716210467,19911333,4402068068319009613540136,-195971,72,100,100,0,True
1716210479,19911334,4402068068319009613540136,-195971,72,100,100,0,True
1716210491,19911335,4402068068319009613540136,-195971,72,100,100,0,True
1716210503,19911336,4402068068319009613540136,-195971,72,100,100,0,True
1716210515,19911337,4402068068319009613540136,-195971,72,100,100,0,True
1716210527,19911338,4402068068319009613540136,-195971,72,100,100,0,True
1716210539,19911339,4402068068319009613540136,-195971,72,100,100,0,True
1716210551,19911340,4402068068319009613540136,-195971,72,100,100,0,True
1716210563,19911341,4402068068319009613540136,-195971,72,100,100,0,True
1716210575,19911342,4402068068319009613540136,-195971,72,100,100,0,True
1716210587,19911343,4402068068319009613540136,-195971,72,100,100,0,True
1716210599,19911344,4402068068319009613540136,-195971,72,100,100,0,True
1716210611,19911345,4402068068319009613540136,-195971,72,100,100,0,True
1716210623,19911346,4402068068319009613540136,-195971,72,100,100,0,True
1716210635,19911347,4402068068319009613540136,-195971,72,100,100,0,True
1716210647,19911348,4402068068319009613540136,-195971,72,100,100,0,True
1716210659,19911349,4402068068319009613540136,-195971,72,100,100,0,True
1716210671,19911350,4402068068319009613540136,-195971,72,100,100,0,True
1716210683,19911351,4402068068319009613540136,-195971,72,100,100,0,True
1716210695,19911352,4402068068319009613540136,-195971,72,100,100,0,True
1716210707,19911353,4402068068319009613540136,-195971,72,100,100,0,True
1716210719,19911354,4402068068319009613540136,-195971,72,100,100,0,True
1716210731,19911355,4402068068319009613540136,-195971,72,100,100,0,True
1716210743,19911356,4402068068319009613540136,-195971,72,100,100,0,True
1716210755,19911357,4402068068319009613540136,-195971,72,100,100,0,True
1716210767,19911358,4402068068319009613540136,-195971,72,100,100,0,True
1716210779,19911359,4402068068319009613540136,-195971,72,100,100,0,True
1716210791,19911360,4402068068319009613540136,-195971,72,100,100,0,True
1716210803,19911361,4402068068319009613540136,-195971,72,100,100,0,True
1716210815,19911362,4402068068319009613540136,-195971,72,100,100,0,True
1716210827,19911363,4402068068319009613540136,-195971,72,100,100,0,True
1716210839,19911364,4402068068319009613540136,-195971,72,100,100,0,True
1716210851,19911365,4402068068319009613540136,-195971,72,100,100,0,True
1716210863,19911366,4402068068319009613540136,-195971,72,100,100,0,True
1716210875,19911367,4402068068319009613540136,-195971,72,100,100,0,True
1716210887,19911368,4402068068319009613540136,-195971,72,100,100,0,True
1716210899,19911369,4402068068319009613540136,-195971,72,100,100,0,True
1716210911,19911370,4402068068319009613540136,-195971,72,100,100,0,True
1716210923,19911371,4402068068319009613540136,-195971,72,100,100,0,True
1716210935,19911372,4402068068319009613540136,-195971,72,100,100,0,True
1716210947,19911373,4402068068319009613540136,-195971,72,100,100,0,True
1716210959,19911374,4402068068319009613540136,-195971,72,100,100,0,True
1716210971,19911375,4402068068319009613540136,-195971,72,100,100,0,True
1716210983,19911376,4402068068319009613540136,-195971,72,100,100,0,True
1716210995,19911377,4402068068319009613540136,-195971,72,100,100,0,True
1716211007,19911378,4402068068319009613540136,-195971,72,100,100,0,True
1716211019,19911379,4402068068319009613540136,-195971,72,100,100,0,True
1716211031,19911380,4402068068319009613540136,-195971,72,100,100,0,True
1716211043,19911381,4402068068319009613540136,-195971,72,100,100,0,True
1716211055,19911382,4402068068319009613540136,-195971,72,100,100,0,True
1716211067,19911383,4402068068319009613540136,-195971,72,100,100,0,True
1716211079,19911384,4402068068319009613540136,-195971,72,100,100,0,True
1716211091,19911385,4402068068319009613540136,-195971,72,100,100,0,True
1716211103,19911386,4402068068319009613540136,-195971,72,100,100,0,True
1716211115,19911387,4402068068319009613540136,-195971,72,100,100,0,True
1716211127,19911388,4402068068319009613540136,-195971,72,100,100,0,True
1716211139,19911389,4402068068319009613540136,-195971,72,100,100,0,True
1716211151,19911390,4402068068319009613540136,-195971,72,100,100,0,True
1716211163,19911391,4402068068319009613540136,-195971,72,100,100,0,True
1716211175,19911392,4402068068319009613540136,-195971,72,100,100,0,True
1716211187,19911393,4402068068319009613540136,-195971,72,100,100,0,True
1716211199,19911394,4402068068319009613540136,-195971,72,100,100,0,True
1716211211,19911395,4402068068319009613540136,-195971,72,100,100,0,True
1716211223,19911396,4402068068319009613540136,-195971,72,100,100,0,True
1716211235,19911397,4402068068319009613540136,-195971,72,100,100,0,True
1716211247,19911398,4402068068319009613540136,-195971,72,100,100,0,True
1716211259,19911399,4402068068319009613540136,-195971,72,100,100,0,True
1716211271,19911400,4402068068319009613540136,-195971,72,100,100,0,True
1716211283,19911401,4402068068319009613540136,-195971,72,100,100,0,True
1716211295,19911402,4402068068319009613540136,-195971,72,100,100,0,True
1716211307,19911403,4402068068319009613540136,-195971,72,100,100,0,True
1716211319,19911404,4402068068319009613540136,-195971,72,100,100,0,True
1716211331,19911405,4402068068319009613540136,-195971,72,100,100,0,True
1716211343,19911406,4402068068319009613540136,-195971,72,100,100,0,True
1716211355,19911407,4402068068319009613540136,-195971,72,100,100,0,True
1716211367,19911408,4402068068319009613540136,-195971,72,100,100,0,True
1716211379,19911409,4402068068319009613540136,-195971,72,100,100,0,True
1716211391,19911410,4402068068319009613540136,-195971,72,100,100,0,True
1716211403,19911411,4402068068319009613540136,-195971,72,100,100,0,True
1716211415,19911412,4402068068319009613540136,-195971,72,100,100,0,True
1716211427,19911413,4402068068319009613540136,-195971,72,100,100,0,True
1716211439,19911414,4402068068319009613540136,-195971,72,100,100,0,True
1716211451,19911415,4402068068319009613540136,-195971,72,100,100,0,True
1716211463,19911416,4402068068319009613540136,-195971,72,100,100,0,True
1716211475,19911417,4402068068319009613540136,-195971,72,100,100,0,True
1716211487,19911418,4402068068319009613540136,-195971,72,100,100,0,True
1716211499,19911419,4402068068319009613540136,-195971,72,100,100,0,True
1716211511,19911420,4402068068319009613540136,-195971,72,100,100,0,True
1716211523,19911421,4402068068319009613540136,-195971,72,100,100,0,True
1716211535,19911422,4402068068319009613540136,-195971,72,100,100,0,True
1716211547,19911423,4402068068319009613540136,-195971,72,100,100,0,True
1716211559,19911424,4402068068319009613540136,-195971,72,100,100,0,True
1716211571,19911425,4402068068319009613540136,-195971,72,100,100,0,True
1716211583,19911426,4402068068319009613540136,-195971,72,100,100,0,True
1716211595,19911427,4402068068319009613540136,-195971,72,100,100,0,True
1716211607,19911428,4402068068319009613540136,-195971,72,100,100,0,True
1716211619,19911429,4402068068319009613540136,-195971,72,100,100,0,True
1716211631,19911430,4402068068319009613540136,-195971,72,100,100,0,True
1716211643,19911431,4402068068319009613540136,-195971,72,100,100,0,True
1716211655,19911432,4402068068319009613540136,-195971,72,100,100,0,True
1716211667,19911433,4402068068319009613540136,-195971,72,100,100,0,True
1716211679,19911434,4402068068319009613540136,-195971,72,100,100,0,True
1716211691,19911435,4402068068319009613540136,-195971,72,100,100,0,True
1716211703,19911436,4402068068319009613540136,-195971,72,100,100,0,True
1716211715,19911437,4402068068319009613540136,-195971,72,100,100,0,True
1716211727,19911438,4402068068319009613540136,-195971,72,100,100,0,True
1716211739,19911439,4402068068319009613540136,-195971,72,100,100,0,True
1716211751,19911440,4402068068319009613540136,-195971,72,100,100,0,True
1716211763,19911441,4402068068319009613540136,-195971,72,100,100,0,True
1716211775,19911442,4402068068319009613540136,-195971,72,100,100,0,True
1716211787,19911443,4402068068319009613540136,-195971,72,100,100,0,True
1716211799,19911444,4402068068319009613540136,-195971,72,100,100,0,True
1716211811,19911445,4402068068319009613540136,-195971,72,100,100,0,True
1716211823,19911446,4402068068319009613540136,-195971,72,100,100,0,True
1716211835,19911447,4402068068319009613540136,-195971,72,100,100,0,True
1716211847,19911448,4402068068319009613540136,-195971,72,100,100,0,True
1716211859,19911449,4402068068319009613540136,-195971,72,100,100,0,True
1716211871,19911450,4402068068319009613540136,-195971,72,100,100,0,True
1716211883,19911451,4402068068319009613540136,-195971,72,100,100,0,True
1716211895,19911452,4402068068319009613540136,-195971,72,100,100,0,True
1716211907,19911453,4402068068319009613540136,-195971,72,100,100,0,True
1716211919,19911454,4402068068319009613540136,-195971,72,100,100,0,True
1716211931,19911455,4402068068319009613540136,-195971,72,100,100,0,True
1716211943,19911456,4402068068319009613540136,-195971,72,100,100,0,True
1716211955,19911457,4402068068319009613540136,-195971,72,100,100,0,True
1716211967,19911458,4402068068319009613540136,-195971,72,100,100,0,True
1716211979,19911459,4402068068319009613540136,-195971,72,100,100,0,True
1716211991,19911460,4402068068319009613540136,-195971,72,100,100,0,True
1716212003,19911461,4402068068319009613540136,-195971,73,100,100,0,True
1716212015,19911462,4402068068319009613540136,-195971,73,100,100,0,True
1716212027,19911463,4402068068319009613540136,-195971,73,100,100,0,True
1716212039,19911464,4402068068319009613540136,-195971,73,100,100,0,True
1716212051,19911465,4402068068319009613540136,-195971,73,100,100,0,True
1716212063,19911466,4402068068319009613540136,-195971,73,100,100,0,True
1716212075,19911467,4402068068319009613540136,-195971,73,100,100,0,True
1716212087,19911468,4402068068319009613540136,-195971,73,100,100,0,True
1716212099,19911469,4402068068319009613540136,-195971,73,100,100,0,True
1716212111,19911470,4402068068319009613540136,-195971,73,100,100,0,True
1716212123,19911471,4402068068319009613540136,-195971,73,100,100,0,True
1716212135,19911472,4402068068319009613540136,-195971,73,100,100,0,True
1716212147,19911473,4402068068319009613540136,-195971,73,100,100,0,True
1716212159,19911474,4402068068319009613540136,-195971,73,100,100,0,True
1716212171,19911475,4402068068319009613540136,-195971,73,100,100,0,True
1716212183,19911476,4402068068319009613540136,-195971,73,100,100,0,True
1716212195,19911477,4402068068319009613540136,-195971,73,100,100,0,True
1716212207,19911478,4402068068319009613540136,-195971,73,100,100,0,True
1716212219,19911479,4402068068319009613540136,-195971,73,100,100,0,True
1716212231,19911480,4402068068319009613540136,-195971,73,100,100,0,True
1716212243,19911481,4402068068319009613540136,-195971,73,100,100,0,True
1716212255,19911482,4402068068319009613540136,-195971,73,100,100,0,True
1716212267,19911483,4402068068319009613540136,-195971,73,100,100,0,True
1716212279,19911484,4402066614880094486841098,-195971,73,100,100,0,True
1716212291,19911485,4402066614880094486841098,-195971,73,100,100,0,True
1716212303,19911486,4402066614880094486841098,-195971,73,100,100,0,True
1716212315,19911487,4402066614880094486841098,-195971,74,100,100,0,True
1716212327,19911488,4402066614880094486841098,-195971,74,100,100,0,True
1716212339,19911489,4402066614880094486841098,-195971,74,100,100,0,True
1716212351,19911490,4402066614880094486841098,-195971,74,100,100,0,True
1716212363,19911491,4402066614880094486841098,-195971,74,100,100,0,True
1716212375,19911492,4402066614880094486841098,-195971,74,100,100,0,True
1716212387,19911493,4402066614880094486841098,-195971,74,100,100,0,True
1716212399,19911494,4402066614880094486841098,-195971,74,100,100,0,True
1716212411,19911495,4402058897769295742990994,-195971,74,100,100,0,True
1716212423,19911496,4402058897769295742990994,-195971,74,100,100,0,True
1716212435,19911497,4402051783460223226758888,-195971,74,100,100,0,True
1716212447,19911498,4402051783460223226758888,-195971,74,100,100,0,True
1716212459,19911499,4402051783460223226758888,-195971,74,100,100,0,True
1716212471,19911500,4402051783460223226758888,-195971,74,100,100,0,True
1716212483,19911501,4402017587947353653863716,-195971,75,100,100,0,True
1716212495,19911502,4402017587947353653863716,-195971,75,100,100,0,True
1716212507,19911503,4402017587947353653863716,-195971,75,100,100,0,True
1716212519,19911504,4402017587947353653863716,-195971,75,100,100,0,True
1716212531,19911505,4402017587947353653863716,-195971,75,100,100,0,True
1716212543,19911506,4402017587947353653863716,-195971,75,100,100,0,True
1716212555,19911507,4401945537690782565786593,-195971,75,100,100,0,True
1716212567,19911508,4401945537690782565786593,-195971,75,100,100,0,True
1716212579,19911509,4401945537690782565786593,-195971,75,100,100,0,True
1716212591,19911510,4401945537690782565786593,-195971,75,100,100,0,True
1716212603,19911511,4401945537690782565786593,-195971,75,100,100,0,True
1716212615,19911512,4401945537690782565786593,-195971,75,100,100,0,True
1716212627,19911513,4401945537690782565786593,-195971,75,100,100,0,True
1716212639,19911514,4401945537690782565786593,-195971,75,100,100,0,True
1716212651,19911515,4401945537690782565786593,-195971,75,100,100,0,True
1716212663,19911516,4401945537690782565786593,-195971,75,100,100,0,True
1716212675,19911517,4401945537690782565786593,-195971,75,100,100,0,True
1716212687,19911518,4401945537690782565786593,-195971,75,100,100,0,True
1716212699,19911519,4401945537690782565786593,-195971,75,100,100,0,True
1716212711,19911520,4401945537690782565786593,-195971,75,100,100,0,True
1716212723,19911521,4401945537690782565786593,-195971,75,100,100,0,True
1716212735,19911522,4401945537690782565786593,-195971,75,100,100,0,True
1716212747,19911523,4401945537690782565786593,-195971,75,100,100,0,True
1716212759,19911524,4401945537690782565786593,-195971,75,100,100,0,True
1716212771,19911525,4401945537690782565786593,-195971,75,100,100,0,True
1716212783,19911526,4401945537690782565786593,-195971,75,100,100,0,True
1716212795,19911527,4401945537690782565786593,-195971,75,100,100,0,True
1716212807,19911528,4401945537690782565786593,-195971,75,100,100,0,True
1716212819,19911529,4401945537690782565786593,-195971,75,100,100,0,True
1716212831,19911530,4401945537690782565786593,-195971,75,100,100,0,True
1716212843,19911531,4401945537690782565786593,-195971,75,100,100,0,True
1716212855,19911532,4401945537690782565786593,-195971,75,100,100,0,True
1716212867,19911533,4401945537690782565786593,-195971,75,100,100,0,True
1716212879,19911534,4401945537690782565786593,-195971,75,100,100,0,True
1716212891,19911535,4401945537690782565786593,-195971,75,100,100,0,True
1716212903,19911536,4401945537690782565786593,-195971,75,100,100,0,True
1716212915,19911537,4401945537690782565786593,-195971,75,100,100,0,True
1716212927,19911538,4401945537690782565786593,-195971,75,100,100,0,True
1716212939,19911539,4401945537690782565786593,-195971,75,100,100,0,True
1716212951,19911540,4401945537690782565786593,-195971,75,100,100,0,True
1716212963,19911541,4401945537690782565786593,-195971,75,100,100,0,True
1716212975,19911542,4401945537690782565786593,-195971,75,100,100,0,True
1716212987,19911543,4401945537690782565786593,-195971,75,100,100,0,True
1716212999,19911544,4401945537690782565786593,-195971,75,100,100,0,True
1716213011,19911545,4401945537690782565786593,-195971,75,100,100,0,True
1716213023,19911546,4401945537690782565786593,-195971,75,100,100,0,True
1716213035,19911547,4401945537690782565786593,-195971,75,100,100,0,True
1716213047,19911548,4401945537690782565786593,-195971,75,100,100,0,True
1716213059,19911549,4401945537690782565786593,-195971,75,100,100,0,True
1716213071,19911550,4401945537690782565786593,-195971,75,100,100,0,True
1716213083,19911551,4401945537690782565786593,-195971,75,100,100,0,True
1716213095,19911552,4401945537690782565786593,-195971,75,100,100,0,True
1716213107,19911553,4401945537690782565786593,-195971,75,100,100,0,True
1716213119,19911554,4401945537690782565786593,-195971,75,100,100,0,True
1716213131,19911555,4401945537690782565786593,-195971,75,100,100,0,True
1716213143,19911556,4403071715329988318474583,-195966,76,100,100,0,True
1716213155,19911557,4403071715329988318474583,-195966,76,100,100,0,True
1716213167,19911558,4403071715329988318474583,-195966,76,100,100,0,True
1716213179,19911559,4403071715329988318474583,-195966,76,100,100,0,True
1716213191,19911560,4403071715329988318474583,-195966,76,100,100,0,True
1716213203,19911561,4403071715329988318474583,-195966,76,100,100,0,True
1716213215,19911562,4403071715329988318474583,-195966,76,100,100,0,True
1716213227,19911563,4403071715329988318474583,-195966,76,100,100,0,True
1716213239,19911564,4403071715329988318474583,-195966,76,100,100,0,True
1716213251,19911565,4403071715329988318474583,-195966,76,100,100,0,True
1716213263,19911566,4403071715329988318474583,-195966,76,100,100,0,True
1716213275,19911567,4403071715329988318474583,-195966,76,100,100,0,True
1716213287,19911568,4403071715329988318474583,-195966,76,100,100,0,True
1716213299,19911569,4403071715329988318474583,-195966,76,100,100,0,True
1716213311,19911570,4403071715329988318474583,-195966,76,100,100,0,True
1716213323,19911571,4403071715329988318474583,-195966,76,100,100,0,True
1716213335,19911572,4403071715329988318474583,-195966,76,100,100,0,True
1716213347,19911573,4403071715329988318474583,-195966,76,100,100,0,True
1716213359,19911574,4403071715329988318474583,-195966,76,100,100,0,True
1716213371,19911575,4403071715329988318474583,-195966,76,100,100,0,True
1716213383,19911576,4403071715329988318474583,-195966,76,100,100,0,True
1716213395,19911577,4403071715329988318474583,-195966,76,100,100,0,True
1716213407,19911578,4403071715329988318474583,-195966,76,100,100,0,True
1716213419,19911579,4403071715329988318474583,-195966,76,100,100,0,True
1716213431,19911580,4403071715329988318474583,-195966,76,100,100,0,True
1716213443,19911581,4403071715329988318474583,-195966,76,100,100,0,True
1716213455,19911582,4403071715329988318474583,-195966,76,100,100,0,True
1716213467,19911583,4403071715329988318474583,-195966,76,100,100,0,True
1716213479,19911584,4403071715329988318474583,-195966,76,100,100,0,True
1716213491,19911585,4403071715329988318474583,-195966,76,100,100,0,True
1716213503,19911586,4403071715329988318474583,-195966,76,100,100,0,True
1716213515,19911587,4403071715329988318474583,-195966,76,100,100,0,True
1716213527,19911588,4403071715329988318474583,-195966,76,100,100,0,True
1716213539,19911589,4403071715329988318474583,-195966,76,100,100,0,True
1716213551,19911590,4403071715329988318474583,-195966,76,100,100,0,True
1716213563,19911591,4403071715329988318474583,-195966,76,100,100,0,True
1716213575,19911592,4403071715329988318474583,-195966,76,100,100,0,True
1716213587,19911593,4403071715329988318474583,-195966,76,100,100,0,True
1716213599,19911594,4403071715329988318474583,-195966,76,100,100,0,True
1716213611,19911595,4403071715329988318474583,-195966,76,100,100,0,True
1716213623,19911596,4403071715329988318474583,-195966,76,100,100,0,True
1716213635,19911597,4403071715329988318474583,-195966,76,100,100,0,True
1716213647,19911598,4403071715329988318474583,-195966,76,100,100,0,True
1716213659,19911599,4403071715329988318474583,-195966,76,100,100,0,True
1716213671,19911600,4403071715329988318474583,-195966,76,100,100,0,True
1716213683,19911601,4403071715329988318474583,-195966,76,100,100,0,True
1716213695,19911602,4403071715329988318474583,-195966,76,100,100,0,True
1716213707,19911603,4403071715329988318474583,-195966,76,100,100,0,True
1716213719,19911604,4403071715329988318474583,-195966,76,100,100,0,True
1716213731,19911605,4403071715329988318474583,-195966,76,100,100,0,True
1716213743,19911606,4403071715329988318474583,-195966,76,100,100,0,True
1716213755,19911607,4403071715329988318474583,-195966,76,100,100,0,True
1716213767,19911608,4403071715329988318474583,-195966,76,100,100,0,True
1716213779,19911609,4403071715329988318474583,-195966,76,100,100,0,True
1716213791,19911610,4403071715329988318474583,-195966,76,100,100,0,True
1716213803,19911611,4403071715329988318474583,-195966,76,100,100,0,True
1716213815,19911612,4403071715329988318474583,-195966,76,100,100,0,True
1716213827,19911613,4403071715329988318474583,-195966,76,100,100,0,True
1716213839,19911614,4403071715329988318474583,-195966,76,100,100,0,True
1716213851,19911615,4403071715329988318474583,-195966,76,100,100,0,True
1716213863,19911616,4403071715329988318474583,-195966,76,100,100,0,True
1716213875,19911617,4403071715329988318474583,-195966,76,100,100,0,True
1716213887,19911618,4403071715329988318474583,-195966,76,100,100,0,True
1716213911,19911619,4403071715329988318474583,-195966,76,100,100,0,True
1716213923,19911620,4403071715329988318474583,-195966,76,100,100,0,True
1716213935,19911621,4403071715329988318474583,-195966,76,100,100,0,True
1716213947,19911622,4403071715329988318474583,-195966,76,100,100,0,True
1716213959,19911623,4403071715329988318474583,-195966,76,100,100,0,True
1716213971,19911624,4403071715329988318474583,-195966,76,100,100,0,True
1716213983,19911625,4403071715329988318474583,-195966,76,100,100,0,True
1716213995,19911626,4403071715329988318474583,-195966,76,100,100,0,True
1716214007,19911627,4403071715329988318474583,-195966,76,100,100,0,True
1716214019,19911628,4403071715329988318474583,-195966,76,100,100,0,True
1716214031,19911629,4403071715329988318474583,-195966,76,100,100,0,True
1716214043,19911630,4403071715329988318474583,-195966,76,100,100,0,True
1716214055,19911631,4403071715329988318474583,-195966,76,100,100,0,True
1716214067,19911632,4403071715329988318474583,-195966,76,100,100,0,True
1716214079,19911633,4403071715329988318474583,-195966,76,100,100,0,True
1716214091,19911634,4403071715329988318474583,-195966,76,100,100,0,True
1716214103,19911635,4403071715329988318474583,-195966,76,100,100,0,True
1716214115,19911636,4403071715329988318474583,-195966,76,100,100,0,True
1716214127,19911637,4403071715329988318474583,-195966,76,100,100,0,True
1716214139,19911638,4403071715329988318474583,-195966,76,100,100,0,True
1716214151,19911639,4403071715329988318474583,-195966,76,100,100,0,True
1716214163,19911640,4403071715329988318474583,-195966,76,100,100,0,True
1716214175,19911641,4403071715329988318474583,-195966,76,100,100,0,True
1716214187,19911642,4403071715329988318474583,-195966,76,100,100,0,True
1716214199,19911643,4403071715329988318474583,-195966,76,100,100,0,True
1716214211,19911644,4403071715329988318474583,-195966,76,100,100,0,True
1716214223,19911645,4403071715329988318474583,-195966,76,100,100,0,True
1716214247,19911646,4403071715329988318474583,-195966,76,100,100,0,True
1716214259,19911647,4403071715329988318474583,-195966,76,100,100,0,True
1716214271,19911648,4403071715329988318474583,-195966,76,100,100,0,True
1716214283,19911649,4403071715329988318474583,-195966,76,100,100,0,True
1716214295,19911650,4403071715329988318474583,-195966,76,100,100,0,True
1716214307,19911651,4403071715329988318474583,-195966,76,100,100,0,True
1716214319,19911652,4403071715329988318474583,-195966,76,100,100,0,True
1716214331,19911653,4403071715329988318474583,-195966,76,100,100,0,True
1716214343,19911654,4403071715329988318474583,-195966,76,100,100,0,True
1716214355,19911655,4403071715329988318474583,-195966,76,100,100,0,True
1716214367,19911656,4403071715329988318474583,-195966,76,100,100,0,True
1716214379,19911657,4403071715329988318474583,-195966,76,100,100,0,True
1716214391,19911658,4403071715329988318474583,-195966,76,100,100,0,True
1716214403,19911659,4403071715329988318474583,-195966,76,100,100,0,True
1716214415,19911660,4403071715329988318474583,-195966,76,100,100,0,True
1716214427,19911661,4403071715329988318474583,-195966,76,100,100,0,True
1716214439,19911662,4403071715329988318474583,-195966,76,100,100,0,True
1716214451,19911663,4402458285015346302589408,-195969,77,100,100,0,True
1716214463,19911664,4402458285015346302589408,-195969,77,100,100,0,True
1716214475,19911665,4402458285015346302589408,-195969,77,100,100,0,True
1716214487,19911666,4402343385007015137125047,-195969,77,100,100,0,True
1716214499,19911667,4402343385007015137125047,-195969,77,100,100,0,True
1716214511,19911668,4402343385007015137125047,-195969,77,100,100,0,True
1716214523,19911669,4402343385007015137125047,-195969,77,100,100,0,True
1716214535,19911670,4402343385007015137125047,-195969,77,100,100,0,True
1716214547,19911671,4402343385007015137125047,-195969,77,100,100,0,True
1716214559,19911672,4402270088552457294381936,-195970,78,100,100,0,True
1716214571,19911673,4402270088552457294381936,-195970,78,100,100,0,True
1716214583,19911674,4402270088552457294381936,-195970,78,100,100,0,True
1716214595,19911675,4402270088552457294381936,-195970,78,100,100,0,True
1716214607,19911676,4402270088552457294381936,-195970,78,100,100,0,True
1716214619,19911677,4402270088552457294381936,-195970,78,100,100,0,True
1716214631,19911678,4402270088552457294381936,-195970,78,100,100,0,True
1716214643,19911679,4402270088552457294381936,-195970,78,100,100,0,True
1716214655,19911680,4402270088552457294381936,-195970,78,100,100,0,True
1716214667,19911681,4402270088552457294381936,-195970,78,100,100,0,True
1716214679,19911682,4402270088552457294381936,-195970,78,100,100,0,True
1716214691,19911683,4402270088552457294381936,-195970,78,100,100,0,True
1716214703,19911684,4402270088552457294381936,-195970,78,100,100,0,True
1716214715,19911685,4402270088552457294381936,-195970,78,100,100,0,True
1716214727,19911686,4402270088552457294381936,-195970,78,100,100,0,True
1716214739,19911687,4402270088552457294381936,-195970,78,100,100,0,True
1716214751,19911688,4402270088552457294381936,-195970,78,100,100,0,True
1716214763,19911689,4402270088552457294381936,-195970,78,100,100,0,True
1716214775,19911690,4402270088552457294381936,-195970,78,100,100,0,True
1716214787,19911691,4402270088552457294381936,-195970,78,100,100,0,True
1716214799,19911692,4402270088552457294381936,-195970,78,100,100,0,True
1716214811,19911693,4402270088552457294381936,-195970,78,100,100,0,True
1716214823,19911694,4402270088552457294381936,-195970,78,100,100,0,True
1716214835,19911695,4402270088552457294381936,-195970,78,100,100,0,True
1716214847,19911696,4402270088552457294381936,-195970,78,100,100,0,True
1716214859,19911697,4402270088552457294381936,-195970,78,100,100,0,True
1716214871,19911698,4402270088552457294381936,-195970,78,100,100,0,True
1716214883,19911699,4402270088552457294381936,-195970,78,100,100,0,True
1716214895,19911700,4402270088552457294381936,-195970,78,100,100,0,True
1716214907,19911701,4402270088552457294381936,-195970,78,100,100,0,True
1716214919,19911702,4402270088552457294381936,-195970,78,100,100,0,True
1716214931,19911703,4402270088552457294381936,-195970,78,100,100,0,True
1716214943,19911704,4402270088552457294381936,-195970,78,100,100,0,True
1716214955,19911705,4402270088552457294381936,-195970,78,100,100,0,True
1716214967,19911706,4402270088552457294381936,-195970,78,100,100,0,True
1716214979,19911707,4402270088552457294381936,-195970,78,100,100,0,True
1716214991,19911708,4402270088552457294381936,-195970,78,100,100,0,True
1716215003,19911709,4402270088552457294381936,-195970,78,100,100,0,True
1716215015,19911710,4402270088552457294381936,-195970,78,100,100,0,True
1716215027,19911711,4402270088552457294381936,-195970,78,100,100,0,True
1716215039,19911712,4402270088552457294381936,-195970,78,100,100,0,True
1716215051,19911713,4402270088552457294381936,-195970,78,100,100,0,True
1716215063,19911714,4402270088552457294381936,-195970,78,100,100,0,True
1716215075,19911715,4402270088552457294381936,-195970,78,100,100,0,True
1716215087,19911716,4402270088552457294381936,-195970,78,100,100,0,True
1716215099,19911717,4402270088552457294381936,-195970,78,100,100,0,True
1716215111,19911718,4402270088552457294381936,-195970,78,100,100,0,True
1716215123,19911719,4402270088552457294381936,-195970,78,100,100,0,True
1716215135,19911720,4402270088552457294381936,-195970,78,100,100,0,True
1716215147,19911721,4402270088552457294381936,-195970,78,100,100,0,True
1716215159,19911722,4402270088552457294381936,-195970,78,100,100,0,True
1716215171,19911723,4402270088552457294381936,-195970,78,100,100,0,True
1716215183,19911724,4402270088552457294381936,-195970,78,100,100,0,True
1716215195,19911725,4402273342808220852329434,-195970,78,100,100,0,True
1716215207,19911726,4402273342808220852329434,-195970,78,100,100,0,True
1716215219,19911727,4402273342808220852329434,-195970,78,100,100,0,True
1716215231,19911728,4402273342808220852329434,-195970,78,100,100,0,True
1716215243,19911729,4402273342808220852329434,-195970,78,100,100,0,True
1716215255,19911730,4402273342808220852329434,-195970,78,100,100,0,True
1716215267,19911731,4402273342808220852329434,-195970,78,100,100,0,True
1716215279,19911732,4402273342808220852329434,-195970,78,100,100,0,True
1716215291,19911733,4402273342808220852329434,-195970,78,100,100,0,True
1716215303,19911734,4402273342808220852329434,-195970,78,100,100,0,True
1716215315,19911735,4402273342808220852329434,-195970,78,100,100,0,True
1716215327,19911736,4402273342808220852329434,-195970,78,100,100,0,True
1716215339,19911737,4402273342808220852329434,-195970,78,100,100,0,True
1716215351,19911738,4402273342808220852329434,-195970,78,100,100,0,True
1716215363,19911739,4402273342808220852329434,-195970,78,100,100,0,True
1716215375,19911740,4402273342808220852329434,-195970,78,100,100,0,True
1716215387,19911741,4402273342808220852329434,-195970,78,100,100,0,True
1716215399,19911742,4402273342808220852329434,-195970,78,100,100,0,True
1716215411,19911743,4402273342808220852329434,-195970,78,100,100,0,True
1716215423,19911744,4402273342808220852329434,-195970,78,100,100,0,True
1716215435,19911745,4402273342808220852329434,-195970,78,100,100,0,True
1716215447,19911746,4402273342808220852329434,-195970,78,100,100,0,True
1716215459,19911747,4402273342808220852329434,-195970,78,100,100,0,True
1716215471,19911748,4402273342808220852329434,-195970,78,100,100,0,True
1716215483,19911749,4402273342808220852329434,-195970,78,100,100,0,True
1716215495,19911750,4402273342808220852329434,-195970,78,100,100,0,True
1716215507,19911751,4402273342808220852329434,-195970,78,100,100,0,True
1716215519,19911752,4402273342808220852329434,-195970,78,100,100,0,True
1716215531,19911753,4402273342808220852329434,-195970,78,100,100,0,True
1716215543,19911754,4402289804726243028823503,-195970,78,100,100,0,True
1716215555,19911755,4402289804726243028823503,-195970,78,100,100,0,True
1716215567,19911756,4402289804726243028823503,-195970,78,100,100,0,True
1716215579,19911757,4402289804726243028823503,-195970,78,100,100,0,True
1716215591,19911758,4402293765084312545477066,-195970,78,100,100,0,True
1716215603,19911759,4402293765084312545477066,-195970,78,100,100,0,True
1716215615,19911760,4402293765084312545477066,-195970,78,100,100,0,True
1716215627,19911761,4402293765084312545477066,-195970,78,100,100,0,True
1716215639,19911762,4402293765084312545477066,-195970,78,100,100,0,True
1716215651,19911763,4402293765084312545477066,-195970,78,100,100,0,True
1716215663,19911764,4402293765084312545477066,-195970,78,100,100,0,True
1716215675,19911765,4402293765084312545477066,-195970,78,100,100,0,True
1716215687,19911766,4402293765084312545477066,-195970,78,100,100,0,True
1716215699,19911767,4402293765084312545477066,-195970,78,100,100,0,True
1716215711,19911768,4402293765084312545477066,-195970,78,100,100,0,True
1716215723,19911769,4402293765084312545477066,-195970,78,100,100,0,True
1716215735,19911770,4402293765084312545477066,-195970,78,100,100,0,True
1716215747,19911771,4402293765084312545477066,-195970,78,100,100,0,True
1716215759,19911772,4402293765084312545477066,-195970,78,100,100,0,True
1716215771,19911773,4402293765084312545477066,-195970,78,100,100,0,True
1716215783,19911774,4402293765084312545477066,-195970,78,100,100,0,True
1716215795,19911775,4402293765084312545477066,-195970,78,100,100,0,True
1716215807,19911776,4402293765084312545477066,-195970,78,100,100,0,True
1716215819,19911777,4402293765084312545477066,-195970,78,100,100,0,True
1716215831,19911778,4402293765084312545477066,-195970,78,100,100,0,True
1716215843,19911779,4402293765084312545477066,-195970,78,100,100,0,True
1716215855,19911780,4402293765084312545477066,-195970,79,100,100,0,True
1716215867,19911781,4402293765084312545477066,-195970,79,100,100,0,True
1716215879,19911782,4402293765084312545477066,-195970,79,100,100,0,True
1716215891,19911783,4402293765084312545477066,-195970,79,100,100,0,True
1716215903,19911784,4402293765084312545477066,-195970,79,100,100,0,True
1716215915,19911785,4402293765084312545477066,-195970,79,100,100,0,True
1716215927,19911786,4402293765084312545477066,-195970,79,100,100,0,True
1716215939,19911787,4402293765084312545477066,-195970,79,100,100,0,True
1716215951,19911788,4402293765084312545477066,-195970,79,100,100,0,True
1716215963,19911789,4402293765084312545477066,-195970,79,100,100,0,True
1716215975,19911790,4402293765084312545477066,-195970,79,100,100,0,True
1716215987,19911791,4402293765084312545477066,-195970,79,100,100,0,True
1716215999,19911792,4402293765084312545477066,-195970,79,100,100,0,True
1716216011,19911793,4402293765084312545477066,-195970,79,100,100,0,True
1716216023,19911794,4402293765084312545477066,-195970,79,100,100,0,True
1716216035,19911795,4402293765084312545477066,-195970,79,100,100,0,True
1716216047,19911796,4402293765084312545477066,-195970,79,100,100,0,True
1716216059,19911797,4402293765084312545477066,-195970,79,100,100,0,True
1716216071,19911798,4402293765084312545477066,-195970,79,100,100,0,True
1716216083,19911799,4402293765084312545477066,-195970,79,100,100,0,True
1716216095,19911800,4402293765084312545477066,-195970,79,100,100,0,True
1716216107,19911801,4402293765084312545477066,-195970,79,100,100,0,True
1716216119,19911802,4402293765084312545477066,-195970,79,100,100,0,True
1716216131,19911803,4402293765084312545477066,-195970,79,100,100,0,True
1716216143,19911804,4402293765084312545477066,-195970,79,100,100,0,True
1716216155,19911805,4402293765084312545477066,-195970,79,100,100,0,True
1716216167,19911806,4402293765084312545477066,-195970,79,100,100,0,True
1716216179,19911807,4402293765084312545477066,-195970,79,100,100,0,True
1716216191,19911808,4402293765084312545477066,-195970,79,100,100,0,True
1716216203,19911809,4402293765084312545477066,-195970,79,100,100,0,True
1716216215,19911810,4402293765084312545477066,-195970,79,100,100,0,True
1716216227,19911811,4402293765084312545477066,-195970,79,100,100,0,True
1716216239,19911812,4402293765084312545477066,-195970,79,100,100,0,True
1716216251,19911813,4402293765084312545477066,-195970,79,100,100,0,True
1716216263,19911814,4402293765084312545477066,-195970,79,100,100,0,True
1716216275,19911815,4402293765084312545477066,-195970,79,100,100,0,True
1716216287,19911816,4402293765084312545477066,-195970,79,100,100,0,True
1716216299,19911817,4402293765084312545477066,-195970,79,100,100,0,True
1716216311,19911818,4402293765084312545477066,-195970,79,100,100,0,True
1716216323,19911819,4402293765084312545477066,-195970,79,100,100,0,True
1716216335,19911820,4402293765084312545477066,-195970,79,100,100,0,True
1716216347,19911821,4402293765084312545477066,-195970,79,100,100,0,True
1716216359,19911822,4402293765084312545477066,-195970,79,100,100,0,True
1716216371,19911823,4402293765084312545477066,-195970,79,100,100,0,True
1716216383,19911824,4402293765084312545477066,-195970,79,100,100,0,True
1716216395,19911825,4402293765084312545477066,-195970,79,100,100,0,True
1716216407,19911826,4402293765084312545477066,-195970,79,100,100,0,True
1716216419,19911827,4402293765084312545477066,-195970,79,100,100,0,True
1716216431,19911828,4402293765084312545477066,-195970,79,100,100,0,True
1716216443,19911829,4402293765084312545477066,-195970,79,100,100,0,True
1716216455,19911830,4402293765084312545477066,-195970,79,100,100,0,True
1716216467,19911831,4402293765084312545477066,-195970,79,100,100,0,True
1716216479,19911832,4402293765084312545477066,-195970,79,100,100,0,True
1716216491,19911833,4402293765084312545477066,-195970,79,100,100,0,True
1716216503,19911834,4402293765084312545477066,-195970,79,100,100,0,True
1716216515,19911835,4402293765084312545477066,-195970,79,100,100,0,True
1716216527,19911836,4402293765084312545477066,-195970,79,100,100,0,True
1716216539,19911837,4402293765084312545477066,-195970,79,100,100,0,True
1716216551,19911838,4402293765084312545477066,-195970,79,100,100,0,True
1716216563,19911839,4402293765084312545477066,-195970,79,100,100,0,True
1716216575,19911840,4402293765084312545477066,-195970,79,100,100,0,True
1716216587,19911841,4402293765084312545477066,-195970,79,100,100,0,True
1716216599,19911842,4402293765084312545477066,-195970,79,100,100,0,True
1716216611,19911843,4402293765084312545477066,-195970,79,100,100,0,True
1716216623,19911844,4402293765084312545477066,-195970,79,100,100,0,True
1716216635,19911845,4402293765084312545477066,-195970,79,100,100,0,True
1716216647,19911846,4402293765084312545477066,-195970,79,100,100,0,True
1716216659,19911847,4402293765084312545477066,-195970,79,100,100,0,True
1716216671,19911848,4402293765084312545477066,-195970,79,100,100,0,True
1716216683,19911849,4402293765084312545477066,-195970,79,100,100,0,True
1716216695,19911850,4402293765084312545477066,-195970,79,100,100,0,True
1716216707,19911851,4402293765084312545477066,-195970,79,100,100,0,True
1716216719,19911852,4402293765084312545477066,-195970,79,100,100,0,True
1716216731,19911853,4402293765084312545477066,-195970,79,100,100,0,True
1716216743,19911854,4402293765084312545477066,-195970,79,100,100,0,True
1716216755,19911855,4402293765084312545477066,-195970,79,100,100,0,True
1716216767,19911856,4402293765084312545477066,-195970,79,100,100,0,True
1716216779,19911857,4402293765084312545477066,-195970,79,100,100,0,True
1716216791,19911858,4402293765084312545477066,-195970,79,100,100,0,True
1716216803,19911859,4402293765084312545477066,-195970,79,100,100,0,True
1716216815,19911860,4402293765084312545477066,-195970,79,100,100,0,True
1716216827,19911861,4402293765084312545477066,-195970,79,100,100,0,True
1716216839,19911862,4402293765084312545477066,-195970,79,100,100,0,True
1716216851,19911863,4402293765084312545477066,-195970,79,100,100,0,True
1716216875,19911864,4402293765084312545477066,-195970,79,100,100,0,True
1716216887,19911865,4402293765084312545477066,-195970,79,100,100,0,True
1716216899,19911866,4402293765084312545477066,-195970,79,100,100,0,True
1716216911,19911867,4402293765084312545477066,-195970,79,100,100,0,True
1716216923,19911868,4402293765084312545477066,-195970,79,100,100,0,True
1716216935,19911869,4402293765084312545477066,-195970,79,100,100,0,True
1716216947,19911870,4402293765084312545477066,-195970,79,100,100,0,True
1716216959,19911871,4402293765084312545477066,-195970,79,100,100,0,True
1716216971,19911872,4402293765084312545477066,-195970,79,100,100,0,True
1716216983,19911873,4402293765084312545477066,-195970,79,100,100,0,True
1716216995,19911874,4402293765084312545477066,-195970,79,100,100,0,True
1716217007,19911875,4402293765084312545477066,-195970,79,100,100,0,True
1716217019,19911876,4402293765084312545477066,-195970,79,100,100,0,True
1716217031,19911877,4402293765084312545477066,-195970,79,100,100,0,True
1716217043,19911878,4402293765084312545477066,-195970,79,100,100,0,True
1716217055,19911879,4402293765084312545477066,-195970,79,100,100,0,True
1716217067,19911880,4402293765084312545477066,-195970,79,100,100,0,True
1716217079,19911881,4402293765084312545477066,-195970,79,100,100,0,True
1716217091,19911882,4402293765084312545477066,-195970,79,100,100,0,True
1716217103,19911883,4402293765084312545477066,-195970,79,100,100,0,True
1716217115,19911884,4402293765084312545477066,-195970,79,100,100,0,True
1716217127,19911885,4402293765084312545477066,-195970,79,100,100,0,True
1716217139,19911886,4402293765084312545477066,-195970,79,100,100,0,True
1716217151,19911887,4402293765084312545477066,-195970,79,100,100,0,True
1716217163,19911888,4402293765084312545477066,-195970,79,100,100,0,True
1716217175,19911889,4402293765084312545477066,-195970,79,100,100,0,True
1716217199,19911890,4402293765084312545477066,-195970,79,100,100,0,True
1716217211,19911891,4402293765084312545477066,-195970,79,100,100,0,True
1716217223,19911892,4402293765084312545477066,-195970,79,100,100,0,True
1716217235,19911893,4402293765084312545477066,-195970,79,100,100,0,True
1716217247,19911894,4402293765084312545477066,-195970,79,100,100,0,True
1716217259,19911895,4402293765084312545477066,-195970,79,100,100,0,True
1716217271,19911896,4402293765084312545477066,-195970,79,100,100,0,True
1716217283,19911897,4402293765084312545477066,-195970,79,100,100,0,True
1716217295,19911898,4402293765084312545477066,-195970,79,100,100,0,True
1716217307,19911899,4402293765084312545477066,-195970,79,100,100,0,True
1716217319,19911900,4402293765084312545477066,-195970,79,100,100,0,True
1716217331,19911901,4402293765084312545477066,-195970,79,100,100,0,True
1716217343,19911902,4402293765084312545477066,-195970,79,100,100,0,True
1716217355,19911903,4402293765084312545477066,-195970,79,100,100,0,True
1716217367,19911904,4402293765084312545477066,-195970,79,100,100,0,True
1716217379,19911905,4402293765084312545477066,-195970,79,100,100,0,True
1716217391,19911906,4402293765084312545477066,-195970,79,100,100,0,True
1716217403,19911907,4402293765084312545477066,-195970,79,100,100,0,True
1716217415,19911908,4402293765084312545477066,-195970,79,100,100,0,True
1716217427,19911909,4402293765084312545477066,-195970,79,100,100,0,True
1716217439,19911910,4402293765084312545477066,-195970,79,100,100,0,True
1716217451,19911911,4402293765084312545477066,-195970,79,100,100,0,True
1716217463,19911912,4402293765084312545477066,-195970,79,100,100,0,True
1716217475,19911913,4402293765084312545477066,-195970,79,100,100,0,True
1716217487,19911914,4402293765084312545477066,-195970,79,100,100,0,True
1716217499,19911915,4402293765084312545477066,-195970,79,100,100,0,True
1716217511,19911916,4402293765084312545477066,-195970,79,100,100,0,True
1716217523,19911917,4402293765084312545477066,-195970,79,100,100,0,True
1716217535,19911918,4402293765084312545477066,-195970,79,100,100,0,True
1716217547,19911919,4402293765084312545477066,-195970,79,100,100,0,True
1716217559,19911920,4402293765084312545477066,-195970,79,100,100,0,True
1716217571,19911921,4402293765084312545477066,-195970,79,100,100,0,True
1716217583,19911922,4402293765084312545477066,-195970,79,100,100,0,True
1716217595,19911923,4402293765084312545477066,-195970,79,100,100,0,True
1716217607,19911924,4402293765084312545477066,-195970,79,100,100,0,True
1716217619,19911925,4402293765084312545477066,-195970,79,100,100,0,True
1716217631,19911926,4402293765084312545477066,-195970,79,100,100,0,True
1716217643,19911927,4402293765084312545477066,-195970,79,100,100,0,True
1716217655,19911928,4402293765084312545477066,-195970,79,100,100,0,True
1716217667,19911929,4402293765084312545477066,-195970,79,100,100,0,True
1716217679,19911930,4402293765084312545477066,-195970,79,100,100,0,True
1716217691,19911931,4402293765084312545477066,-195970,79,100,100,0,True
1716217703,19911932,4402293765084312545477066,-195970,79,100,100,0,True
1716217715,19911933,4402293765084312545477066,-195970,79,100,100,0,True
1716217727,19911934,4402293765084312545477066,-195970,79,100,100,0,True
1716217739,19911935,4402293765084312545477066,-195970,79,100,100,0,True
1716217751,19911936,4402293765084312545477066,-195970,79,100,100,0,True
1716217763,19911937,4402293765084312545477066,-195970,79,100,100,0,True
1716217775,19911938,4402293765084312545477066,-195970,79,100,100,0,True
1716217787,19911939,4402293765084312545477066,-195970,79,100,100,0,True
1716217799,19911940,4402293765084312545477066,-195970,79,100,100,0,True
1716217811,19911941,4402293765084312545477066,-195970,79,100,100,0,True
1716217823,19911942,4402293765084312545477066,-195970,79,100,100,0,True
1716217835,19911943,4402293765084312545477066,-195970,79,100,100,0,True
1716217847,19911944,4402293765084312545477066,-195970,79,100,100,0,True
1716217859,19911945,4402293765084312545477066,-195970,79,100,100,0,True
1716217871,19911946,4402293765084312545477066,-195970,79,100,100,0,True
1716217883,19911947,4402293765084312545477066,-195970,79,100,100,0,True
1716217895,19911948,4402293765084312545477066,-195970,79,100,100,0,True
1716217907,19911949,4402293765084312545477066,-195970,79,100,100,0,True
1716217919,19911950,4402293765084312545477066,-195970,79,100,100,0,True
1716217931,19911951,4402293765084312545477066,-195970,79,100,100,0,True
1716217943,19911952,4402293765084312545477066,-195970,79,100,100,0,True
1716217955,19911953,4402293765084312545477066,-195970,79,100,100,0,True
1716217967,19911954,4402293765084312545477066,-195970,79,100,100,0,True
1716217979,19911955,4402293765084312545477066,-195970,79,100,100,0,True
1716217991,19911956,4402293765084312545477066,-195970,79,100,100,0,True
1716218003,19911957,4402293765084312545477066,-195970,79,100,100,0,True
1716218015,19911958,4402293765084312545477066,-195970,79,100,100,0,True
1716218027,19911959,4402293765084312545477066,-195970,79,100,100,0,True
1716218039,19911960,4402684957430601813258478,-195968,80,100,100,0,True
1716218051,19911961,4402689435344892960058090,-195968,80,100,100,0,True
1716218063,19911962,4402689435344892960058090,-195968,80,100,100,0,True
1716218075,19911963,4402689435344892960058090,-195968,80,100,100,0,True
1716218087,19911964,4402689435344892960058090,-195968,81,100,100,0,True
1716218099,19911965,4402689435344892960058090,-195968,81,100,100,0,True
1716218111,19911966,4402689435344892960058090,-195968,81,100,100,0,True
1716218123,19911967,4403572800913281148561512,-195964,82,100,100,0,True
1716218135,19911968,4403576804136069344878364,-195964,82,100,100,0,True
1716218147,19911969,4403576804136069344878364,-195964,82,100,100,0,True
1716218159,19911970,4403576804136069344878364,-195964,82,100,100,0,True
1716218171,19911971,4405193658360829444336748,-195956,83,100,100,0,True
1716218183,19911972,4405193658360829444336748,-195956,83,100,100,0,True
1716218195,19911973,4405193658360829444336748,-195956,83,100,100,0,True
1716218207,19911974,4406758164107702276532182,-195949,84,100,100,0,True
1716218219,19911975,4406758164107702276532182,-195949,84,100,100,0,True
1716218231,19911976,4406758164107702276532182,-195949,84,100,100,0,True
1716218243,19911977,4408063039141222933237267,-195943,85,100,100,0,True
1716218255,19911978,4408063039141222933237267,-195943,85,100,100,0,True
1716218267,19911979,4408063039141222933237267,-195943,85,100,100,0,True
1716218279,19911980,4408063039141222933237267,-195943,85,100,100,0,True
1716218291,19911981,4408063039141222933237267,-195943,85,100,100,0,True
1716218303,19911982,4408063039141222933237267,-195943,85,100,100,0,True
1716218315,19911983,4408063039141222933237267,-195943,85,100,100,0,True
1716218327,19911984,4408063039141222933237267,-195943,85,100,100,0,True
1716218339,19911985,4408063039141222933237267,-195943,85,100,100,0,True
1716218351,19911986,4408063039141222933237267,-195943,85,100,100,0,True
1716218363,19911987,4408063039141222933237267,-195943,85,100,100,0,True
1716218375,19911988,4408063039141222933237267,-195943,85,100,100,0,True
1716218387,19911989,4408063039141222933237267,-195943,85,100,100,0,True
1716218399,19911990,4408063039141222933237267,-195943,85,100,100,0,True
1716218411,19911991,4408063039141222933237267,-195943,85,100,100,0,True
1716218423,19911992,4408063039141222933237267,-195943,85,100,100,0,True
1716218435,19911993,4408063039141222933237267,-195943,85,100,100,0,True
1716218447,19911994,4408065671738364077692062,-195943,85,100,100,0,True
1716218459,19911995,4408065671738364077692062,-195943,85,100,100,0,True
1716218471,19911996,4408065671738364077692062,-195943,85,100,100,0,True
1716218483,19911997,4408065671738364077692062,-195943,85,100,100,0,True
1716218495,19911998,4408065671738364077692062,-195943,85,100,100,0,True
1716218507,19911999,4408065671738364077692062,-195943,85,100,100,0,True
1716218519,19912000,4408559049276324288426113,-195941,86,100,100,0,True
1716218531,19912001,4409723908458804649295451,-195936,87,100,100,0,True
1716218543,19912002,4409723908458804649295451,-195936,87,100,100,0,True
1716218555,19912003,4409723908458804649295451,-195936,87,100,100,0,True
1716218567,19912004,4410299633061754531771791,-195933,88,100,100,0,True
1716218579,19912005,4410299633061754531771791,-195933,88,100,100,0,True
1716218591,19912006,4411294385359662127679069,-195929,89,100,100,0,True
1716218603,19912007,4412299211369180048324584,-195924,90,100,100,0,True
1716218615,19912008,4412665828823683456086359,-195922,91,100,100,0,True
1716218627,19912009,4412665828823683456086359,-195922,91,100,100,0,True
1716218639,19912010,4413645989581557706649386,-195918,92,100,100,0,True
1716218651,19912011,4413645989581557706649386,-195918,92,100,100,0,True
1716218663,19912012,4414475033309020494084249,-195914,93,100,100,0,True
1716218675,19912013,4415496475505824342429253,-195910,94,100,100,0,True
1716218687,19912014,4415496475505824342429253,-195910,94,100,100,0,True
1716218699,19912015,4415496475505824342429253,-195910,94,100,100,0,True
1716218711,19912016,4415496475505824342429253,-195910,94,100,100,0,True
1716218723,19912017,4416573184055044321837007,-195905,95,100,100,0,True
1716218735,19912018,4418173345937081397867376,-195898,96,100,100,0,True
1716218747,19912019,4418173345937081397867376,-195898,96,100,100,0,True
1716218759,19912020,4419126581268972197113799,-195893,97,100,100,0,True
1716218771,19912021,4419126581268972197113799,-195893,97,100,100,0,True
1716218783,19912022,4419126581268972197113799,-195893,97,100,100,0,True
1716218795,19912023,4419130574884995640584383,-195893,97,100,100,0,True
1716218807,19912024,4419130574884995640584383,-195893,97,100,100,0,True
1716218819,19912025,4419130574884995640584383,-195893,97,100,100,0,True
1716218831,19912026,4419130574884995640584383,-195893,97,100,100,0,True
1716218843,19912027,4419130574884995640584383,-195893,97,100,100,0,True
1716218855,19912028,4419130574884995640584383,-195893,97,100,100,0,True
1716218867,19912029,4419130574884995640584383,-195893,97,100,100,0,True
1716218879,19912030,4419130574884995640584383,-195893,97,100,100,0,True
1716218891,19912031,4419130574884995640584383,-195893,97,100,100,0,True
1716218903,19912032,4419130574884995640584383,-195893,97,100,100,0,True
1716218915,19912033,4419130574884995640584383,-195893,97,100,100,0,True
1716218927,19912034,4419130574884995640584383,-195893,97,100,100,0,True
1716218939,19912035,4419130574884995640584383,-195893,97,100,100,0,True
1716218951,19912036,4419130574884995640584383,-195893,97,100,100,0,True
1716218963,19912037,4419130574884995640584383,-195893,97,100,100,0,True
1716218975,19912038,4419130574884995640584383,-195893,97,100,100,0,True
1716218987,19912039,4419130574884995640584383,-195893,97,100,100,0,True
1716218999,19912040,4419134540837196827699902,-195893,97,100,100,0,True
1716219011,19912041,4419134540837196827699902,-195893,97,100,100,0,True
1716219023,19912042,4419134540837196827699902,-195893,97,100,100,0,True
1716219035,19912043,4419134540837196827699902,-195893,97,100,100,0,True
1716219047,19912044,4419134540837196827699902,-195893,97,100,100,0,True
1716219059,19912045,4419134540837196827699902,-195893,97,100,100,0,True
1716219071,19912046,4419134540837196827699902,-195893,97,100,100,0,True
1716219083,19912047,4419134540837196827699902,-195893,97,100,100,0,True
1716219095,19912048,4419134540837196827699902,-195893,97,100,100,0,True
1716219107,19912049,4419134540837196827699902,-195893,97,100,100,0,True
1716219119,19912050,4419134540837196827699902,-195893,97,100,100,0,True
1716219131,19912051,4419134540837196827699902,-195893,97,100,100,0,True
1716219143,19912052,4419134540837196827699902,-195893,97,100,100,0,True
1716219155,19912053,4419134540837196827699902,-195893,97,100,100,0,True
1716219167,19912054,4419134540837196827699902,-195893,97,100,100,0,True
1716219179,19912055,4419134540837196827699902,-195893,97,100,100,0,True
1716219191,19912056,4419134540837196827699902,-195893,97,100,100,0,True
1716219203,19912057,4419134540837196827699902,-195893,97,100,100,0,True
1716219215,19912058,4419134540837196827699902,-195893,97,100,100,0,True
1716219227,19912059,4419134540837196827699902,-195893,97,100,100,0,True
1716219239,19912060,4419134540837196827699902,-195893,97,100,100,0,True
1716219251,19912061,4419134540837196827699902,-195893,97,100,100,0,True
1716219263,19912062,4419134540837196827699902,-195893,97,100,100,0,True
1716219275,19912063,4419134540837196827699902,-195893,97,100,100,0,True
1716219287,19912064,4419134540837196827699902,-195893,97,100,100,0,True
1716219299,19912065,4419134540837196827699902,-195893,97,100,100,0,True
1716219311,19912066,4419134540837196827699902,-195893,97,100,100,0,True
1716219323,19912067,4419134540837196827699902,-195893,97,100,100,0,True
1716219335,19912068,4419134540837196827699902,-195893,97,100,100,0,True
1716219347,19912069,4419134540837196827699902,-195893,97,100,100,0,True
1716219359,19912070,4419153710194109356358709,-195893,97,100,100,0,True
1716219371,19912071,4419153710194109356358709,-195893,97,100,100,0,True
1716219383,19912072,4419153710194109356358709,-195893,97,100,100,0,True
1716219395,19912073,4419153710194109356358709,-195893,97,100,100,0,True
1716219407,19912074,4419153710194109356358709,-195893,97,100,100,0,True
1716219419,19912075,4419153710194109356358709,-195893,97,100,100,0,True
1716219431,19912076,4419153710194109356358709,-195893,97,100,100,0,True
1716219443,19912077,4419153710194109356358709,-195893,97,100,100,0,True
1716219455,19912078,4419153710194109356358709,-195893,97,100,100,0,True
1716219467,19912079,4419153710194109356358709,-195893,97,100,100,0,True
1716219479,19912080,4419153710194109356358709,-195893,97,100,100,0,True
1716219491,19912081,4419153710194109356358709,-195893,97,100,100,0,True
1716219503,19912082,4419153710194109356358709,-195893,97,100,100,0,True
1716219515,19912083,4419153710194109356358709,-195893,97,100,100,0,True
1716219527,19912084,4419153710194109356358709,-195893,97,100,100,0,True
1716219539,19912085,4419153710194109356358709,-195893,97,100,100,0,True
1716219551,19912086,4419153710194109356358709,-195893,97,100,100,0,True
1716219563,19912087,4419153710194109356358709,-195893,97,100,100,0,True
1716219575,19912088,4419143919564758956529490,-195893,97,100,100,0,True
1716219587,19912089,4419143919564758956529490,-195893,97,100,100,0,True
1716219599,19912090,4419143919564758956529490,-195893,97,100,100,0,True
1716219611,19912091,4419143919564758956529490,-195893,97,100,100,0,True
1716219623,19912092,4419143919564758956529490,-195893,97,100,100,0,True
1716219635,19912093,4419143919564758956529490,-195893,97,100,100,0,True
1716219647,19912094,4419143919564758956529490,-195893,97,100,100,0,True
1716219659,19912095,4419143919564758956529490,-195893,97,100,100,0,True
1716219671,19912096,4419143919564758956529490,-195893,97,100,100,0,True
1716219683,19912097,4419143919564758956529490,-195893,97,100,100,0,True
1716219695,19912098,4419143919564758956529490,-195893,97,100,100,0,True
1716219707,19912099,4419143919564758956529490,-195893,97,100,100,0,True
1716219719,19912100,4419143919564758956529490,-195893,97,100,100,0,True
1716219731,19912101,4419143919564758956529490,-195893,97,100,100,0,True
1716219743,19912102,4419143919564758956529490,-195893,97,100,100,0,True
1716219755,19912103,4419143919564758956529490,-195893,97,100,100,0,True
1716219767,19912104,4419143919564758956529490,-195893,97,100,100,0,True
1716219779,19912105,4419143919564758956529490,-195893,97,100,100,0,True
1716219791,19912106,4419143919564758956529490,-195893,97,100,100,0,True
1716219803,19912107,4419143919564758956529490,-195893,97,100,100,0,True
1716219815,19912108,4419143919564758956529490,-195893,97,100,100,0,True
1716219827,19912109,4419143919564758956529490,-195893,97,100,100,0,True
1716219839,19912110,4419143919564758956529490,-195893,97,100,100,0,True
1716219851,19912111,4419143919564758956529490,-195893,97,100,100,0,True
1716219863,19912112,4419143919564758956529490,-195893,97,100,100,0,True
1716219875,19912113,4419143919564758956529490,-195893,97,100,100,0,True
1716219887,19912114,4419143919564758956529490,-195893,97,100,100,0,True
1716219899,19912115,4419143919564758956529490,-195893,97,100,100,0,True
1716219911,19912116,4419143919564758956529490,-195893,97,100,100,0,True
1716219923,19912117,4419143919564758956529490,-195893,97,100,100,0,True
1716219935,19912118,4419143919564758956529490,-195893,97,100,100,0,True
1716219947,19912119,4419143919564758956529490,-195893,97,100,100,0,True
1716219959,19912120,4419143919564758956529490,-195893,97,100,100,0,True
1716219971,19912121,4419143919564758956529490,-195893,97,100,100,0,True
1716219983,19912122,4419143919564758956529490,-195893,97,100,100,0,True
1716219995,19912123,4419143919564758956529490,-195893,97,100,100,0,True
1716220007,19912124,4419143919564758956529490,-195893,97,100,100,0,True
1716220019,19912125,4419143919564758956529490,-195893,97,100,100,0,True
1716220031,19912126,4419143919564758956529490,-195893,97,100,100,0,True
1716220043,19912127,4419143919564758956529490,-195893,97,100,100,0,True
1716220055,19912128,4419143919564758956529490,-195893,97,100,100,0,True
1716220067,19912129,4419143919564758956529490,-195893,97,100,100,0,True
1716220079,19912130,4419143919564758956529490,-195893,97,100,100,0,True
1716220091,19912131,4419143919564758956529490,-195893,97,100,100,0,True
1716220103,19912132,4419143919564758956529490,-195893,97,100,100,0,True
1716220115,19912133,4419143919564758956529490,-195893,97,100,100,0,True
1716220127,19912134,4419143919564758956529490,-195893,97,100,100,0,True
1716220139,19912135,4419143919564758956529490,-195893,97,100,100,0,True
1716220151,19912136,4419143919564758956529490,-195893,97,100,100,0,True
1716220163,19912137,4419143919564758956529490,-195893,97,100,100,0,True
1716220175,19912138,4419143919564758956529490,-195893,97,100,100,0,True
1716220187,19912139,4419143919564758956529490,-195893,97,100,100,0,True
1716220199,19912140,4419143919564758956529490,-195893,97,100,100,0,True
1716220211,19912141,4419143919564758956529490,-195893,97,100,100,0,True
1716220223,19912142,4419143919564758956529490,-195893,97,100,100,0,True
1716220235,19912143,4419143919564758956529490,-195893,97,100,100,0,True
1716220247,19912144,4419143919564758956529490,-195893,97,100,100,0,True
1716220259,19912145,4419143919564758956529490,-195893,97,100,100,0,True
1716220271,19912146,4419143919564758956529490,-195893,97,100,100,0,True
1716220283,19912147,4419143919564758956529490,-195893,97,100,100,0,True
1716220295,19912148,4419143919564758956529490,-195893,97,100,100,0,True
1716220307,19912149,4419143919564758956529490,-195893,97,100,100,0,True
1716220319,19912150,4419143919564758956529490,-195893,97,100,100,0,True
1716220331,19912151,4419143919564758956529490,-195893,97,100,100,0,True
1716220343,19912152,4419143919564758956529490,-195893,97,100,100,0,True
1716220355,19912153,4419143919564758956529490,-195893,97,100,100,0,True
1716220367,19912154,4419143919564758956529490,-195893,97,100,100,0,True
1716220379,19912155,4419143919564758956529490,-195893,97,100,100,0,True
1716220391,19912156,4419143919564758956529490,-195893,97,100,100,0,True
1716220403,19912157,4419143919564758956529490,-195893,97,100,100,0,True
1716220415,19912158,4419143919564758956529490,-195893,97,100,100,0,True
1716220427,19912159,4419143919564758956529490,-195893,97,100,100,0,True
1716220439,19912160,4419143919564758956529490,-195893,97,100,100,0,True
1716220451,19912161,4419143919564758956529490,-195893,97,100,100,0,True
1716220463,19912162,4419143919564758956529490,-195893,97,100,100,0,True
1716220475,19912163,4419143919564758956529490,-195893,97,100,100,0,True
1716220487,19912164,4419143919564758956529490,-195893,97,100,100,0,True
1716220499,19912165,4419143919564758956529490,-195893,97,100,100,0,True
1716220511,19912166,4419143919564758956529490,-195893,97,100,100,0,True
1716220523,19912167,4419143919564758956529490,-195893,97,100,100,0,True
1716220535,19912168,4419143919564758956529490,-195893,97,100,100,0,True
1716220547,19912169,4419143919564758956529490,-195893,97,100,100,0,True
1716220559,19912170,4419143919564758956529490,-195893,97,100,100,0,True
1716220571,19912171,4419143919564758956529490,-195893,97,100,100,0,True
1716220583,19912172,4419143919564758956529490,-195893,97,100,100,0,True
1716220595,19912173,4419143919564758956529490,-195893,97,100,100,0,True
1716220607,19912174,4419143919564758956529490,-195893,97,100,100,0,True
1716220619,19912175,4419143919564758956529490,-195893,97,100,100,0,True
1716220631,19912176,4419143919564758956529490,-195893,97,100,100,0,True
1716220643,19912177,4419143919564758956529490,-195893,97,100,100,0,True
1716220655,19912178,4419143919564758956529490,-195893,97,100,100,0,True
1716220667,19912179,4419143919564758956529490,-195893,97,100,100,0,True
1716220679,19912180,4419143919564758956529490,-195893,97,100,100,0,True
1716220691,19912181,4419143919564758956529490,-195893,97,100,100,0,True
1716220703,19912182,4419143919564758956529490,-195893,97,100,100,0,True
1716220715,19912183,4419143919564758956529490,-195893,97,100,100,0,True
1716220727,19912184,4419143919564758956529490,-195893,97,100,100,0,True
1716220739,19912185,4419143919564758956529490,-195893,97,100,100,0,True
1716220751,19912186,4419143919564758956529490,-195893,97,100,100,0,True
1716220763,19912187,4419143919564758956529490,-195893,97,100,100,0,True
1716220787,19912188,4419143919564758956529490,-195893,97,100,100,0,True
1716220799,19912189,4419143919564758956529490,-195893,97,100,100,0,True
1716220811,19912190,4419143919564758956529490,-195893,97,100,100,0,True
1716220823,19912191,4419143919564758956529490,-195893,97,100,100,0,True
1716220835,19912192,4419143919564758956529490,-195893,97,100,100,0,True
1716220847,19912193,4419143919564758956529490,-195893,97,100,100,0,True
1716220859,19912194,4419143919564758956529490,-195893,97,100,100,0,True
1716220871,19912195,4419143919564758956529490,-195893,97,100,100,0,True
1716220883,19912196,4419143919564758956529490,-195893,97,100,100,0,True
1716220895,19912197,4419143919564758956529490,-195893,97,100,100,0,True
1716220907,19912198,4421137644729298138499047,-195884,98,100,100,0,True
1716220919,19912199,4423126666721464098350276,-195875,99,100,100,0,True
1716220931,19912200,4423126666721464098350276,-195875,99,100,100,0,True
1716220943,19912201,4423363064828355811148082,-195874,0,100,100,0,True
1716220955,19912202,4423363064828355811148082,-195874,0,100,100,0,True
1716220967,19912203,4423363064828355811148082,-195874,0,100,100,0,True
1716220979,19912204,4423363064828355811148082,-195874,0,100,100,0,True
1716220991,19912205,4423363064828355811148082,-195874,0,100,100,0,True
1716221003,19912206,4423363064828355811148082,-195874,0,100,100,0,True
1716221015,19912207,4423363064828355811148082,-195874,0,100,100,0,True
1716221027,19912208,4423363064828355811148082,-195874,0,100,100,0,True
1716221039,19912209,4423363064828355811148082,-195874,0,100,100,0,True
1716221051,19912210,4425382742050477885861638,-195865,1,100,100,0,True
1716221063,19912211,4425382742050477885861638,-195865,1,100,100,0,True
1716221075,19912212,4425382742050477885861638,-195865,1,100,100,0,True
1716221087,19912213,4425382742050477885861638,-195865,1,100,100,0,True
1716221099,19912214,4425382742050477885861638,-195865,1,100,100,0,True
1716221123,19912215,4425382742050477885861638,-195865,1,100,100,0,True
1716221135,19912216,4426368810108458828300288,-195860,2,100,100,0,True
1716221147,19912217,4426368810108458828300288,-195860,2,100,100,0,True
1716221159,19912218,4427600350497411571583992,-195855,3,100,100,0,True
1716221171,19912219,4428469287693213276437087,-195851,4,100,100,0,True
1716221183,19912220,4428469287693213276437087,-195851,4,100,100,0,True
1716221195,19912221,4429751130526141328436339,-195845,5,100,100,0,True
1716221207,19912222,4429751130526141328436339,-195845,5,100,100,0,True
1716221219,19912223,4429751130526141328436339,-195845,5,100,100,0,True
1716221231,19912224,4429751130526141328436339,-195845,5,100,100,0,True
1716221243,19912225,4429751130526141328436339,-195845,5,100,100,0,True
1716221255,19912226,4429751130526141328436339,-195845,5,100,100,0,True
1716221267,19912227,4429751130526141328436339,-195845,5,100,100,0,True
1716221279,19912228,4429751130526141328436339,-195845,5,100,100,0,True
1716221291,19912229,4429751130526141328436339,-195845,5,100,100,0,True
1716221303,19912230,4429775293353098245475901,-195845,5,100,100,0,True
1716221315,19912231,4429775293353098245475901,-195845,5,100,100,0,True
1716221327,19912232,4429775293353098245475901,-195845,5,100,100,0,True
1716221339,19912233,4429775293353098245475901,-195845,5,100,100,0,True
1716221351,19912234,4429775293353098245475901,-195845,5,100,100,0,True
1716221363,19912235,4429775293353098245475901,-195845,5,100,100,0,True
1716221375,19912236,4429775293353098245475901,-195845,5,100,100,0,True
1716221387,19912237,4429775293353098245475901,-195845,5,100,100,0,True
1716221399,19912238,4429775293353098245475901,-195845,5,100,100,0,True
1716221411,19912239,4429775293353098245475901,-195845,5,100,100,0,True
1716221423,19912240,4429799947379732821211457,-195845,5,100,100,0,True
1716221435,19912241,4429799947379732821211457,-195845,5,100,100,0,True
1716221447,19912242,4429799947379732821211457,-195845,5,100,100,0,True
1716221459,19912243,4429799947379732821211457,-195845,5,100,100,0,True
1716221471,19912244,4429799947379732821211457,-195845,5,100,100,0,True
1716221483,19912245,4429799947379732821211457,-195845,5,100,100,0,True
1716221495,19912246,4429067880675687750696960,-195848,6,100,100,0,True
1716221507,19912247,4429067880675687750696960,-195848,6,100,100,0,True
1716221519,19912248,4429067880675687750696960,-195848,6,100,100,0,True
1716221531,19912249,4429067880675687750696960,-195848,6,100,100,0,True
1716221543,19912250,4429067880675687750696960,-195848,6,100,100,0,True
1716221555,19912251,4429067880675687750696960,-195848,6,100,100,0,True
1716221567,19912252,4428581545595970600828928,-195850,7,100,100,0,True
1716221579,19912253,4428581545595970600828928,-195850,7,100,100,0,True
1716221591,19912254,4428581545595970600828928,-195850,7,100,100,0,True
1716221603,19912255,4428581545595970600828928,-195850,7,100,100,0,True
1716221615,19912256,4428581545595970600828928,-195850,7,100,100,0,True
1716221627,19912257,4428581545595970600828928,-195850,7,100,100,0,True
1716221639,19912258,4428581545595970600828928,-195850,7,100,100,0,True
1716221651,19912259,4428581545595970600828928,-195850,7,100,100,0,True
1716221663,19912260,4428581545595970600828928,-195850,7,100,100,0,True
1716221675,19912261,4428565993012252087945410,-195851,8,100,100,0,True
1716221687,19912262,4428565993012252087945410,-195851,8,100,100,0,True
1716221699,19912263,4428565993012252087945410,-195851,8,100,100,0,True
1716221711,19912264,4428565993012252087945410,-195851,8,100,100,0,True
1716221723,19912265,4427757228630273224081408,-195854,9,100,100,0,True
1716221735,19912266,4426534215144926565367808,-195860,10,100,100,0,True
1716221747,19912267,4426040980615733433070928,-195862,11,100,100,0,True
1716221759,19912268,4426040980615733433070928,-195862,11,100,100,0,True
1716221771,19912269,4426040980615733433070928,-195862,11,100,100,0,True
1716221783,19912270,4426040980615733433070928,-195862,11,100,100,0,True
1716221795,19912271,4426040980615733433070928,-195862,11,100,100,0,True
1716221807,19912272,4426040980615733433070928,-195862,11,100,100,0,True
1716221819,19912273,4426040980615733433070928,-195862,11,100,100,0,True
1716221831,19912274,4426040980615733433070928,-195862,11,100,100,0,True
1716221843,19912275,4426021609782143444646981,-195862,11,100,100,0,True
1716221855,19912276,4426021609782143444646981,-195862,11,100,100,0,True
1716221867,19912277,4426021609782143444646981,-195862,11,100,100,0,True
1716221879,19912278,4426021609782143444646981,-195862,11,100,100,0,True
1716221891,19912279,4426021609782143444646981,-195862,11,100,100,0,True
1716221903,19912280,4426021609782143444646981,-195862,11,100,100,0,True
1716221915,19912281,4426021609782143444646981,-195862,11,100,100,0,True
1716221927,19912282,4426021609782143444646981,-195862,11,100,100,0,True
1716221939,19912283,4426021609782143444646981,-195862,11,100,100,0,True
1716221951,19912284,4426021609782143444646981,-195862,11,100,100,0,True
1716221963,19912285,4426021609782143444646981,-195862,11,100,100,0,True
1716221975,19912286,4426021609782143444646981,-195862,11,100,100,0,True
1716221987,19912287,4426021609782143444646981,-195862,11,100,100,0,True
1716221999,19912288,4426021609782143444646981,-195862,11,100,100,0,True
1716222011,19912289,4426021609782143444646981,-195862,11,100,100,0,True
1716222023,19912290,4426021609782143444646981,-195862,11,100,100,0,True
1716222035,19912291,4426021609782143444646981,-195862,11,100,100,0,True
1716222047,19912292,4426021609782143444646981,-195862,11,100,100,0,True
1716222059,19912293,4426021609782143444646981,-195862,11,100,100,0,True
1716222071,19912294,4426021609782143444646981,-195862,11,100,100,0,True
1716222083,19912295,4426021609782143444646981,-195862,11,100,100,0,True
1716222095,19912296,4426021609782143444646981,-195862,11,100,100,0,True
1716222107,19912297,4426021609782143444646981,-195862,11,100,100,0,True
1716222119,19912298,4426021609782143444646981,-195862,11,100,100,0,True
1716222131,19912299,4426021609782143444646981,-195862,11,100,100,0,True
1716222143,19912300,4426021609782143444646981,-195862,11,100,100,0,True
1716222155,19912301,4426021609782143444646981,-195862,11,100,100,0,True
1716222167,19912302,4426021609782143444646981,-195862,11,100,100,0,True
1716222179,19912303,4426021609782143444646981,-195862,11,100,100,0,True
1716222191,19912304,4426021609782143444646981,-195862,11,100,100,0,True
1716222203,19912305,4426021609782143444646981,-195862,11,100,100,0,True
1716222215,19912306,4426021609782143444646981,-195862,11,100,100,0,True
1716222227,19912307,4426021609782143444646981,-195862,11,100,100,0,True
1716222239,19912308,4426021609782143444646981,-195862,11,100,100,0,True
1716222251,19912309,4426021609782143444646981,-195862,11,100,100,0,True
1716222263,19912310,4426021609782143444646981,-195862,11,100,100,0,True
1716222275,19912311,4426021609782143444646981,-195862,11,100,100,0,True
1716222287,19912312,4426021609782143444646981,-195862,11,100,100,0,True
1716222299,19912313,4426021609782143444646981,-195862,11,100,100,0,True
1716222311,19912314,4426021609782143444646981,-195862,11,100,100,0,True
1716222323,19912315,4426021609782143444646981,-195862,11,100,100,0,True
1716222335,19912316,4426021609782143444646981,-195862,11,100,100,0,True
1716222347,19912317,4426021609782143444646981,-195862,11,100,100,0,True
1716222359,19912318,4426021609782143444646981,-195862,11,100,100,0,True
1716222371,19912319,4426021609782143444646981,-195862,11,100,100,0,True
1716222383,19912320,4426021609782143444646981,-195862,11,100,100,0,True
1716222395,19912321,4426021609782143444646981,-195862,11,100,100,0,True
1716222407,19912322,4426021609782143444646981,-195862,11,100,100,0,True
1716222419,19912323,4426021609782143444646981,-195862,11,100,100,0,True
1716222431,19912324,4426021609782143444646981,-195862,11,100,100,0,True
1716222443,19912325,4426021609782143444646981,-195862,11,100,100,0,True
1716222455,19912326,4426021609782143444646981,-195862,11,100,100,0,True
1716222467,19912327,4426021609782143444646981,-195862,11,100,100,0,True
1716222479,19912328,4426021609782143444646981,-195862,11,100,100,0,True
1716222491,19912329,4426021609782143444646981,-195862,11,100,100,0,True
1716222503,19912330,4426021609782143444646981,-195862,11,100,100,0,True
1716222515,19912331,4426021609782143444646981,-195862,11,100,100,0,True
1716222539,19912332,4426021609782143444646981,-195862,11,100,100,0,True
1716222551,19912333,4426021609782143444646981,-195862,11,100,100,0,True
1716222563,19912334,4426021609782143444646981,-195862,11,100,100,0,True
1716222575,19912335,4426021609782143444646981,-195862,11,100,100,0,True
1716222587,19912336,4426021609782143444646981,-195862,11,100,100,0,True
1716222599,19912337,4426021609782143444646981,-195862,11,100,100,0,True
1716222611,19912338,4426021609782143444646981,-195862,11,100,100,0,True
1716222623,19912339,4426021609782143444646981,-195862,11,100,100,0,True
1716222635,19912340,4426021609782143444646981,-195862,11,100,100,0,True
1716222647,19912341,4426021609782143444646981,-195862,11,100,100,0,True
1716222659,19912342,4426021609782143444646981,-195862,11,100,100,0,True
1716222671,19912343,4426021609782143444646981,-195862,11,100,100,0,True
1716222683,19912344,4426021609782143444646981,-195862,11,100,100,0,True
1716222695,19912345,4426021609782143444646981,-195862,11,100,100,0,True
1716222707,19912346,4426021609782143444646981,-195862,11,100,100,0,True
1716222719,19912347,4426021609782143444646981,-195862,11,100,100,0,True
1716222731,19912348,4426021609782143444646981,-195862,11,100,100,0,True
1716222743,19912349,4426021609782143444646981,-195862,11,100,100,0,True
1716222755,19912350,4426021609782143444646981,-195862,11,100,100,0,True
1716222767,19912351,4426021609782143444646981,-195862,11,100,100,0,True
1716222779,19912352,4426017594698981892259332,-195862,11,100,100,0,True
1716222791,19912353,4426017594698981892259332,-195862,11,100,100,0,True
1716222803,19912354,4426017594698981892259332,-195862,11,100,100,0,True
1716222815,19912355,4426017594698981892259332,-195862,11,100,100,0,True
1716222827,19912356,4426017594698981892259332,-195862,11,100,100,0,True
1716222839,19912357,4426017594698981892259332,-195862,11,100,100,0,True
1716222851,19912358,4426017594698981892259332,-195862,11,100,100,0,True
1716222863,19912359,4426017594698981892259332,-195862,11,100,100,0,True
1716222875,19912360,4426017594698981892259332,-195862,11,100,100,0,True
1716222887,19912361,4426017594698981892259332,-195862,11,100,100,0,True
1716222899,19912362,4426017594698981892259332,-195862,11,100,100,0,True
1716222911,19912363,4426017594698981892259332,-195862,11,100,100,0,True
1716222923,19912364,4426017594698981892259332,-195862,11,100,100,0,True
1716222935,19912365,4426017594698981892259332,-195862,11,100,100,0,True
1716222947,19912366,4426017594698981892259332,-195862,11,100,100,0,True
1716222959,19912367,4426017594698981892259332,-195862,11,100,100,0,True
1716222971,19912368,4426017594698981892259332,-195862,11,100,100,0,True
1716222983,19912369,4426017594698981892259332,-195862,11,100,100,0,True
1716222995,19912370,4426017594698981892259332,-195862,11,100,100,0,True
1716223007,19912371,4426017594698981892259332,-195862,11,100,100,0,True
1716223019,19912372,4426017594698981892259332,-195862,11,100,100,0,True
1716223031,19912373,4426017594698981892259332,-195862,11,100,100,0,True
1716223043,19912374,4426017594698981892259332,-195862,11,100,100,0,True
1716223055,19912375,4426017594698981892259332,-195862,11,100,100,0,True
1716223067,19912376,4426017594698981892259332,-195862,11,100,100,0,True
1716223079,19912377,4426017594698981892259332,-195862,11,100,100,0,True
1716223091,19912378,4426017594698981892259332,-195862,11,100,100,0,True
1716223103,19912379,4426017594698981892259332,-195862,11,100,100,0,True
1716223115,19912380,4426017594698981892259332,-195862,11,100,100,0,True
1716223127,19912381,4426011830431060276976489,-195862,11,100,100,0,True
1716223139,19912382,4426011830431060276976489,-195862,11,100,100,0,True
1716223151,19912383,4427046858123196318908765,-195857,12,100,100,0,True
1716223163,19912384,4428652163410336535281664,-195850,13,100,100,0,True
1716223175,19912385,4431840366495310341198114,-195836,14,100,100,0,True
1716223187,19912386,4431840366495310341198114,-195836,14,100,100,0,True
1716223199,19912387,4431840366495310341198114,-195836,14,100,100,0,True
1716223211,19912388,4432789598279677036365712,-195831,15,100,100,0,True
1716223223,19912389,4432918749574115363631746,-195831,15,100,100,0,True
1716223235,19912390,4432918749574115363631746,-195831,15,100,100,0,True
1716223247,19912391,4432918749574115363631746,-195831,15,100,100,0,True
1716223259,19912392,4432918749574115363631746,-195831,15,100,100,0,True
1716223271,19912393,4432918749574115363631746,-195831,15,100,100,0,True
1716223283,19912394,4432918749574115363631746,-195831,15,100,100,0,True
1716223295,19912395,4432918749574115363631746,-195831,15,100,100,0,True
1716223307,19912396,4432918749574115363631746,-195831,15,100,100,0,True
1716223319,19912397,4433902638434451483262976,-195826,16,100,100,0,True
1716223331,19912398,4433917353912755077322443,-195826,16,100,100,0,True
1716223343,19912399,4433917353912755077322443,-195826,16,100,100,0,True
1716223355,19912400,4433917353912755077322443,-195826,16,100,100,0,True
1716223367,19912401,4433917353912755077322443,-195826,16,100,100,0,True
1716223379,19912402,4433917353912755077322443,-195826,16,100,100,0,True
1716223403,19912403,4433917353912755077322443,-195826,16,100,100,0,True
1716223415,19912404,4433917353912755077322443,-195826,16,100,100,0,True
1716223427,19912405,4433917353912755077322443,-195826,16,100,100,0,True
1716223439,19912406,4433917353912755077322443,-195826,16,100,100,0,True
1716223451,19912407,4433953389430176485599796,-195826,16,100,100,0,True
1716223463,19912408,4433953389430176485599796,-195826,16,100,100,0,True
1716223475,19912409,4435031242230515883835392,-195821,17,100,100,0,True
1716223487,19912410,4435031242230515883835392,-195821,17,100,100,0,True
1716223499,19912411,4435031242230515883835392,-195821,17,100,100,0,True
1716223511,19912412,4435031242230515883835392,-195821,17,100,100,0,True
1716223523,19912413,4435946207088832910721024,-195817,18,100,100,0,True
1716223535,19912414,4437119022225200312202578,-195812,19,100,100,0,True
1716223547,19912415,4437119022225200312202578,-195812,19,100,100,0,True
1716223559,19912416,4438377090536956378480640,-195806,20,100,100,0,True
1716223571,19912417,4438377090536956378480640,-195806,20,100,100,0,True
1716223583,19912418,4438377090536956378480640,-195806,20,100,100,0,True
1716223595,19912419,4438377090536956378480640,-195806,20,100,100,0,True
1716223607,19912420,4438377090536956378480640,-195806,20,100,100,0,True
1716223619,19912421,4438377090536956378480640,-195806,20,100,100,0,True
1716223631,19912422,4438377090536956378480640,-195806,20,100,100,0,True
1716223643,19912423,4438377090536956378480640,-195806,20,100,100,0,True
1716223655,19912424,4438377090536956378480640,-195806,20,100,100,0,True
1716223667,19912425,4438377090536956378480640,-195806,20,100,100,0,True
1716223679,19912426,4438377090536956378480640,-195806,20,100,100,0,True
1716223691,19912427,4438377090536956378480640,-195806,20,100,100,0,True
1716223703,19912428,4438377090536956378480640,-195806,20,100,100,0,True
1716223715,19912429,4438382696061888597546006,-195806,20,100,100,0,True
1716223727,19912430,4438382696061888597546006,-195806,20,100,100,0,True
1716223739,19912431,4438382696061888597546006,-195806,20,100,100,0,True
1716223751,19912432,4438382696061888597546006,-195806,20,100,100,0,True
1716223763,19912433,4438382696061888597546006,-195806,20,100,100,0,True
1716223775,19912434,4438382696061888597546006,-195806,20,100,100,0,True
1716223787,19912435,4438382696061888597546006,-195806,20,100,100,0,True
1716223799,19912436,4438382696061888597546006,-195806,20,100,100,0,True
1716223811,19912437,4438382696061888597546006,-195806,20,100,100,0,True
1716223823,19912438,4438382696061888597546006,-195806,20,100,100,0,True
1716223835,19912439,4438382696061888597546006,-195806,20,100,100,0,True
1716223847,19912440,4438382696061888597546006,-195806,20,100,100,0,True
1716223859,19912441,4438382696061888597546006,-195806,20,100,100,0,True
1716223871,19912442,4438382696061888597546006,-195806,20,100,100,0,True
1716223883,19912443,4438382696061888597546006,-195806,20,100,100,0,True
1716223895,19912444,4438382696061888597546006,-195806,20,100,100,0,True
1716223907,19912445,4438382696061888597546006,-195806,20,100,100,0,True
1716223919,19912446,4438382696061888597546006,-195806,20,100,100,0,True
1716223931,19912447,4438382696061888597546006,-195806,20,100,100,0,True
1716223943,19912448,4438382696061888597546006,-195806,20,100,100,0,True
1716223955,19912449,4438382696061888597546006,-195806,20,100,100,0,True
1716223967,19912450,4438382696061888597546006,-195806,20,100,100,0,True
1716223979,19912451,4438382696061888597546006,-195806,20,100,100,0,True
1716223991,19912452,4438382696061888597546006,-195806,20,100,100,0,True
1716224003,19912453,4438382696061888597546006,-195806,20,100,100,0,True
1716224015,19912454,4438382696061888597546006,-195806,20,100,100,0,True
1716224039,19912455,4438382696061888597546006,-195806,20,100,100,0,True
1716224051,19912456,4438382696061888597546006,-195806,20,100,100,0,True
1716224063,19912457,4438382696061888597546006,-195806,20,100,100,0,True
1716224075,19912458,4438382696061888597546006,-195806,20,100,100,0,True
1716224087,19912459,4438382696061888597546006,-195806,20,100,100,0,True
1716224099,19912460,4438382696061888597546006,-195806,20,100,100,0,True
1716224111,19912461,4438382696061888597546006,-195806,20,100,100,0,True
1716224123,19912462,4438382696061888597546006,-195806,20,100,100,0,True
1716224135,19912463,4438382696061888597546006,-195806,20,100,100,0,True
1716224147,19912464,4438382696061888597546006,-195806,20,100,100,0,True
1716224159,19912465,4438382696061888597546006,-195806,20,100,100,0,True
1716224171,19912466,4438382696061888597546006,-195806,20,100,100,0,True
1716224183,19912467,4438382696061888597546006,-195806,20,100,100,0,True
1716224195,19912468,4438382696061888597546006,-195806,20,100,100,0,True
1716224207,19912469,4438382696061888597546006,-195806,20,100,100,0,True
1716224219,19912470,4438382696061888597546006,-195806,20,100,100,0,True
1716224231,19912471,4438382696061888597546006,-195806,20,100,100,0,True
1716224243,19912472,4438382696061888597546006,-195806,20,100,100,0,True
1716224255,19912473,4438382696061888597546006,-195806,20,100,100,0,True
1716224267,19912474,4438384142692205629778627,-195806,20,100,100,0,True
1716224279,19912475,4438384142692205629778627,-195806,20,100,100,0,True
1716224291,19912476,4438384142692205629778627,-195806,20,100,100,0,True
1716224303,19912477,4438384142692205629778627,-195806,20,100,100,0,True
1716224315,19912478,4438384142692205629778627,-195806,20,100,100,0,True
1716224327,19912479,4438384142692205629778627,-195806,20,100,100,0,True
1716224339,19912480,4438384142692205629778627,-195806,20,100,100,0,True
1716224363,19912481,4438384142692205629778627,-195806,20,100,100,0,True
1716224375,19912482,4438384142692205629778627,-195806,20,100,100,0,True
1716224387,19912483,4438384142692205629778627,-195806,20,100,100,0,True
1716224399,19912484,4438384142692205629778627,-195806,20,100,100,0,True
1716224411,19912485,4438384142692205629778627,-195806,20,100,100,0,True
1716224423,19912486,4438384142692205629778627,-195806,20,100,100,0,True
1716224435,19912487,4438384142692205629778627,-195806,20,100,100,0,True
1716224447,19912488,4438390633553384204030484,-195806,20,100,100,0,True
1716224459,19912489,4438390633553384204030484,-195806,20,100,100,0,True
1716224471,19912490,4438390633553384204030484,-195806,20,100,100,0,True
1716224483,19912491,4438390633553384204030484,-195806,20,100,100,0,True
1716224495,19912492,4438390633553384204030484,-195806,20,100,100,0,True
1716224507,19912493,4436992815420285456436515,-195812,21,100,100,0,True
1716224519,19912494,4436992815420285456436515,-195812,21,100,100,0,True
1716224531,19912495,4436992815420285456436515,-195812,21,100,100,0,True
1716224543,19912496,4436992815420285456436515,-195812,21,100,100,0,True
1716224555,19912497,4436992815420285456436515,-195812,21,100,100,0,True
1716224567,19912498,4436992815420285456436515,-195812,21,100,100,0,True
1716224579,19912499,4436992815420285456436515,-195812,21,100,100,0,True
1716224591,19912500,4436992815420285456436515,-195812,21,100,100,0,True
1716224603,19912501,4436992815420285456436515,-195812,21,100,100,0,True
1716224615,19912502,4436992815420285456436515,-195812,21,100,100,0,True
1716224627,19912503,4436992815420285456436515,-195812,21,100,100,0,True
1716224639,19912504,4436992815420285456436515,-195812,21,100,100,0,True
1716224651,19912505,4436992815420285456436515,-195812,21,100,100,0,True
1716224663,19912506,4436992815420285456436515,-195812,21,100,100,0,True
1716224675,19912507,4436992815420285456436515,-195812,21,100,100,0,True
1716224687,19912508,4436992815420285456436515,-195812,21,100,100,0,True
1716224699,19912509,4436992815420285456436515,-195812,21,100,100,0,True
1716224711,19912510,4436992815420285456436515,-195812,21,100,100,0,True
1716224723,19912511,4436992815420285456436515,-195812,21,100,100,0,True
1716224735,19912512,4436992815420285456436515,-195812,21,100,100,0,True
1716224747,19912513,4436992815420285456436515,-195812,21,100,100,0,True
1716224759,19912514,4436992815420285456436515,-195812,21,100,100,0,True
1716224771,19912515,4436992815420285456436515,-195812,21,100,100,0,True
1716224783,19912516,4436992815420285456436515,-195812,21,100,100,0,True
1716224795,19912517,4436992815420285456436515,-195812,21,100,100,0,True
1716224807,19912518,4436992815420285456436515,-195812,21,100,100,0,True
1716224819,19912519,4436992815420285456436515,-195812,21,100,100,0,True
1716224831,19912520,4436992815420285456436515,-195812,21,100,100,0,True
1716224843,19912521,4436992815420285456436515,-195812,21,100,100,0,True
1716224855,19912522,4436992815420285456436515,-195812,21,100,100,0,True
1716224867,19912523,4436992815420285456436515,-195812,21,100,100,0,True
1716224879,19912524,4436992815420285456436515,-195812,21,100,100,0,True
1716224891,19912525,4436992815420285456436515,-195812,21,100,100,0,True
1716224903,19912526,4436992815420285456436515,-195812,21,100,100,0,True
1716224915,19912527,4436992815420285456436515,-195812,21,100,100,0,True
1716224927,19912528,4436992815420285456436515,-195812,21,100,100,0,True
1716224939,19912529,4436992815420285456436515,-195812,21,100,100,0,True
1716224951,19912530,4436992815420285456436515,-195812,21,100,100,0,True
1716224963,19912531,4436992815420285456436515,-195812,21,100,100,0,True
1716224975,19912532,4436992815420285456436515,-195812,21,100,100,0,True
1716224987,19912533,4436992815420285456436515,-195812,21,100,100,0,True
1716224999,19912534,4436992815420285456436515,-195812,21,100,100,0,True
1716225011,19912535,4436992815420285456436515,-195812,21,100,100,0,True
1716225023,19912536,4436992815420285456436515,-195812,21,100,100,0,True
1716225035,19912537,4436992815420285456436515,-195812,21,100,100,0,True
1716225059,19912538,4436992815420285456436515,-195812,21,100,100,0,True
1716225071,19912539,4436992815420285456436515,-195812,21,100,100,0,True
1716225083,19912540,4436992815420285456436515,-195812,21,100,100,0,True
1716225095,19912541,4436992815420285456436515,-195812,21,100,100,0,True
1716225107,19912542,4436992815420285456436515,-195812,21,100,100,0,True
1716225119,19912543,4436992815420285456436515,-195812,21,100,100,0,True
1716225131,19912544,4436992815420285456436515,-195812,21,100,100,0,True
1716225155,19912545,4436992815420285456436515,-195812,21,100,100,0,True
1716225167,19912546,4436992815420285456436515,-195812,21,100,100,0,True
1716225179,19912547,4436992815420285456436515,-195812,21,100,100,0,True
1716225191,19912548,4436992815420285456436515,-195812,21,100,100,0,True
1716225203,19912549,4436992815420285456436515,-195812,21,100,100,0,True
1716225215,19912550,4436992815420285456436515,-195812,21,100,100,0,True
1716225227,19912551,4436992815420285456436515,-195812,21,100,100,0,True
1716225239,19912552,4436992815420285456436515,-195812,21,100,100,0,True
1716225251,19912553,4436992815420285456436515,-195812,21,100,100,0,True
1716225263,19912554,4436992815420285456436515,-195812,21,100,100,0,True
1716225275,19912555,4436992815420285456436515,-195812,21,100,100,0,True
1716225287,19912556,4436992815420285456436515,-195812,21,100,100,0,True
1716225299,19912557,4436992815420285456436515,-195812,21,100,100,0,True
1716225311,19912558,4436992815420285456436515,-195812,21,100,100,0,True
1716225323,19912559,4436992815420285456436515,-195812,21,100,100,0,True
1716225335,19912560,4436992815420285456436515,-195812,21,100,100,0,True
1716225347,19912561,4436992815420285456436515,-195812,21,100,100,0,True
1716225359,19912562,4436992815420285456436515,-195812,21,100,100,0,True
1716225371,19912563,4436992815420285456436515,-195812,21,100,100,0,True
1716225383,19912564,4436992815420285456436515,-195812,21,100,100,0,True
1716225395,19912565,4436992815420285456436515,-195812,21,100,100,0,True
1716225407,19912566,4436992815420285456436515,-195812,21,100,100,0,True
1716225419,19912567,4436992815420285456436515,-195812,21,100,100,0,True
1716225431,19912568,4436992815420285456436515,-195812,21,100,100,0,True
1716225443,19912569,4436992815420285456436515,-195812,21,100,100,0,True
1716225455,19912570,4436992815420285456436515,-195812,21,100,100,0,True
1716225467,19912571,4438415321164615995205797,-195806,22,100,100,0,True
1716225479,19912572,4438415321164615995205797,-195806,22,100,100,0,True
1716225491,19912573,4438415321164615995205797,-195806,22,100,100,0,True
1716225503,19912574,4439772977347530677767454,-195800,23,100,100,0,True
1716225515,19912575,4439772977347530677767454,-195800,23,100,100,0,True
1716225527,19912576,4439776989655824205508353,-195800,23,100,100,0,True
1716225539,19912577,4439776989655824205508353,-195800,23,100,100,0,True
1716225551,19912578,4439776989655824205508353,-195800,23,100,100,0,True
1716225563,19912579,4439776989655824205508353,-195800,23,100,100,0,True
1716225575,19912580,4439776989655824205508353,-195800,23,100,100,0,True
1716225587,19912581,4439776989655824205508353,-195800,23,100,100,0,True
1716225599,19912582,4439776989655824205508353,-195800,23,100,100,0,True
1716225611,19912583,4439776989655824205508353,-195800,23,100,100,0,True
1716225623,19912584,4439776989655824205508353,-195800,23,100,100,0,True
1716225635,19912585,4439776989655824205508353,-195800,23,100,100,0,True
1716225647,19912586,4439776989655824205508353,-195800,23,100,100,0,True
1716225659,19912587,4439776989655824205508353,-195800,23,100,100,0,True
1716225671,19912588,4439776989655824205508353,-195800,23,100,100,0,True
1716225683,19912589,4439776989655824205508353,-195800,23,100,100,0,True
1716225695,19912590,4439776989655824205508353,-195800,23,100,100,0,True
1716225707,19912591,4439776989655824205508353,-195800,23,100,100,0,True
1716225719,19912592,4439776989655824205508353,-195800,23,100,100,0,True
1716225731,19912593,4439776989655824205508353,-195800,23,100,100,0,True
1716225743,19912594,4439776989655824205508353,-195800,23,100,100,0,True
1716225755,19912595,4439776989655824205508353,-195800,23,100,100,0,True
1716225767,19912596,4439776989655824205508353,-195800,23,100,100,0,True
1716225779,19912597,4439776989655824205508353,-195800,23,100,100,0,True
1716225791,19912598,4439776989655824205508353,-195800,23,100,100,0,True
1716225803,19912599,4439776989655824205508353,-195800,23,100,100,0,True
1716225815,19912600,4439776989655824205508353,-195800,23,100,100,0,True
1716225827,19912601,4439776989655824205508353,-195800,23,100,100,0,True
1716225839,19912602,4439776989655824205508353,-195800,23,100,100,0,True
1716225851,19912603,4439776989655824205508353,-195800,23,100,100,0,True
1716225863,19912604,4439776989655824205508353,-195800,23,100,100,0,True
1716225875,19912605,4439776989655824205508353,-195800,23,100,100,0,True
1716225887,19912606,4439776989655824205508353,-195800,23,100,100,0,True
1716225899,19912607,4439776989655824205508353,-195800,23,100,100,0,True
1716225911,19912608,4439776989655824205508353,-195800,23,100,100,0,True
1716225923,19912609,4439776989655824205508353,-195800,23,100,100,0,True
1716225935,19912610,4439804469329322968001531,-195800,23,100,100,0,True
1716225947,19912611,4439804469329322968001531,-195800,23,100,100,0,True
1716225959,19912612,4439804469329322968001531,-195800,23,100,100,0,True
1716225971,19912613,4439804469329322968001531,-195800,23,100,100,0,True
1716225983,19912614,4439804469329322968001531,-195800,23,100,100,0,True
1716225995,19912615,4439804469329322968001531,-195800,23,100,100,0,True
1716226007,19912616,4439804469329322968001531,-195800,23,100,100,0,True
1716226019,19912617,4439804469329322968001531,-195800,23,100,100,0,True
1716226031,19912618,4439804469329322968001531,-195800,23,100,100,0,True
1716226043,19912619,4439804469329322968001531,-195800,23,100,100,0,True
1716226055,19912620,4439804469329322968001531,-195800,23,100,100,0,True
1716226067,19912621,4439577389946764808541178,-195801,24,100,100,0,True
1716226079,19912622,4439577389946764808541178,-195801,24,100,100,0,True
1716226091,19912623,4439577389946764808541178,-195801,24,100,100,0,True
1716226115,19912624,4439577389946764808541178,-195801,24,100,100,0,True
1716226127,19912625,4439577389946764808541178,-195801,24,100,100,0,True
1716226139,19912626,4439577389946764808541178,-195801,24,100,100,0,True
1716226151,19912627,4439577389946764808541178,-195801,24,100,100,0,True
1716226163,19912628,4439577389946764808541178,-195801,24,100,100,0,True
1716226175,19912629,4439577389946764808541178,-195801,24,100,100,0,True
1716226187,19912630,4439577389946764808541178,-195801,24,100,100,0,True
1716226199,19912631,4439577389946764808541178,-195801,24,100,100,0,True
1716226211,19912632,4439577389946764808541178,-195801,24,100,100,0,True
1716226223,19912633,4439577389946764808541178,-195801,24,100,100,0,True
1716226235,19912634,4439577389946764808541178,-195801,24,100,100,0,True
1716226247,19912635,4439577389946764808541178,-195801,24,100,100,0,True
1716226259,19912636,4439577389946764808541178,-195801,24,100,100,0,True
1716226271,19912637,4439577389946764808541178,-195801,24,100,100,0,True
1716226295,19912638,4439577389946764808541178,-195801,24,100,100,0,True
1716226307,19912639,4439577389946764808541178,-195801,24,100,100,0,True
1716226319,19912640,4439577389946764808541178,-195801,24,100,100,0,True
1716226331,19912641,4439577389946764808541178,-195801,24,100,100,0,True
1716226343,19912642,4439577389946764808541178,-195801,24,100,100,0,True
1716226355,19912643,4439577389946764808541178,-195801,24,100,100,0,True
1716226367,19912644,4439577389946764808541178,-195801,24,100,100,0,True
1716226379,19912645,4439577389946764808541178,-195801,24,100,100,0,True
1716226391,19912646,4439577389946764808541178,-195801,24,100,100,0,True
1716226403,19912647,4439577389946764808541178,-195801,24,100,100,0,True
1716226415,19912648,4439577389946764808541178,-195801,24,100,100,0,True
1716226427,19912649,4439577389946764808541178,-195801,24,100,100,0,True
1716226439,19912650,4439577389946764808541178,-195801,24,100,100,0,True
1716226451,19912651,4439577389946764808541178,-195801,24,100,100,0,True
1716226463,19912652,4439577389946764808541178,-195801,24,100,100,0,True
1716226475,19912653,4439577389946764808541178,-195801,24,100,100,0,True
1716226487,19912654,4439577389946764808541178,-195801,24,100,100,0,True
1716226499,19912655,4439577389946764808541178,-195801,24,100,100,0,True
1716226523,19912656,4439577389946764808541178,-195801,24,100,100,0,True
1716226535,19912657,4439577389946764808541178,-195801,24,100,100,0,True
1716226547,19912658,4439577389946764808541178,-195801,24,100,100,0,True
1716226559,19912659,4439577389946764808541178,-195801,24,100,100,0,True
1716226571,19912660,4439577389946764808541178,-195801,24,100,100,0,True
1716226583,19912661,4439578680079323577290123,-195801,24,100,100,0,True
1716226595,19912662,4439578680079323577290123,-195801,24,100,100,0,True
1716226607,19912663,4438926750429457027402597,-195804,25,100,100,0,True
1716226619,19912664,4438827712495895949980102,-195804,25,100,100,0,True
1716226631,19912665,4438827712495895949980102,-195804,25,100,100,0,True
1716226643,19912666,4438827712495895949980102,-195804,25,100,100,0,True
1716226667,19912667,4438066668685813284773504,-195808,26,100,100,0,True
1716226679,19912668,4438066668685813284773504,-195808,26,100,100,0,True
1716226691,19912669,4438066668685813284773504,-195808,26,100,100,0,True
1716226703,19912670,4438066668685813284773504,-195808,26,100,100,0,True
1716226715,19912671,4438066668685813284773504,-195808,26,100,100,0,True
1716226727,19912672,4438066668685813284773504,-195808,26,100,100,0,True
1716226739,19912673,4438066668685813284773504,-195808,26,100,100,0,True
1716226751,19912674,4438066668685813284773504,-195808,26,100,100,0,True
1716226763,19912675,4438066668685813284773504,-195808,26,100,100,0,True
1716226775,19912676,4436814627287368258266181,-195813,27,100,100,0,True
1716226787,19912677,4436814627287368258266181,-195813,27,100,100,0,True
1716226799,19912678,4436814627287368258266181,-195813,27,100,100,0,True
1716226823,19912679,4436779320532279405242893,-195813,27,100,100,0,True
1716226835,19912680,4436779320532279405242893,-195813,27,100,100,0,True
1716226847,19912681,4436779320532279405242893,-195813,27,100,100,0,True
1716226859,19912682,4436779320532279405242893,-195813,27,100,100,0,True
1716226883,19912683,4436779320532279405242893,-195813,27,100,100,0,True
1716226895,19912684,4436779320532279405242893,-195813,27,100,100,0,True
1716226907,19912685,4436779320532279405242893,-195813,27,100,100,0,True
1716226919,19912686,4436791161045172696097937,-195813,27,100,100,0,True
1716226931,19912687,4436791161045172696097937,-195813,27,100,100,0,True
1716226943,19912688,4436791161045172696097937,-195813,27,100,100,0,True
1716226955,19912689,4436791161045172696097937,-195813,27,100,100,0,True
1716226967,19912690,4436791161045172696097937,-195813,27,100,100,0,True
1716226979,19912691,4436791161045172696097937,-195813,27,100,100,0,True
1716226991,19912692,4436791161045172696097937,-195813,27,100,100,0,True
1716227003,19912693,4436791161045172696097937,-195813,27,100,100,0,True
1716227015,19912694,4436791161045172696097937,-195813,27,100,100,0,True
1716227027,19912695,4436791161045172696097937,-195813,27,100,100,0,True
1716227039,19912696,4436791161045172696097937,-195813,27,100,100,0,True
1716227051,19912697,4436791161045172696097937,-195813,27,100,100,0,True
1716227063,19912698,4436791161045172696097937,-195813,27,100,100,0,True
1716227075,19912699,4436791161045172696097937,-195813,27,100,100,0,True
1716227087,19912700,4436791161045172696097937,-195813,27,100,100,0,True
1716227099,19912701,4436791161045172696097937,-195813,27,100,100,0,True
1716227111,19912702,4436791161045172696097937,-195813,27,100,100,0,True
1716227123,19912703,4436791161045172696097937,-195813,27,100,100,0,True
1716227135,19912704,4436791161045172696097937,-195813,27,100,100,0,True
1716227147,19912705,4436791161045172696097937,-195813,27,100,100,0,True
1716227159,19912706,4436791161045172696097937,-195813,27,100,100,0,True
1716227171,19912707,4436791161045172696097937,-195813,27,100,100,0,True
1716227183,19912708,4436791161045172696097937,-195813,27,100,100,0,True
1716227195,19912709,4436791161045172696097937,-195813,27,100,100,0,True
1716227207,19912710,4436791161045172696097937,-195813,27,100,100,0,True
1716227219,19912711,4436791161045172696097937,-195813,27,100,100,0,True
1716227231,19912712,4436791161045172696097937,-195813,27,100,100,0,True
1716227243,19912713,4436791161045172696097937,-195813,27,100,100,0,True
1716227255,19912714,4436791161045172696097937,-195813,27,100,100,0,True
1716227267,19912715,4436791161045172696097937,-195813,27,100,100,0,True
1716227279,19912716,4436791161045172696097937,-195813,27,100,100,0,True
1716227291,19912717,4436791161045172696097937,-195813,27,100,100,0,True
1716227303,19912718,4436791161045172696097937,-195813,27,100,100,0,True
1716227315,19912719,4436791161045172696097937,-195813,27,100,100,0,True
1716227327,19912720,4436778616513156757012717,-195813,27,100,100,0,True
1716227339,19912721,4436778616513156757012717,-195813,27,100,100,0,True
1716227351,19912722,4436778616513156757012717,-195813,27,100,100,0,True
1716227363,19912723,4436778616513156757012717,-195813,27,100,100,0,True
1716227375,19912724,4436778616513156757012717,-195813,27,100,100,0,True
1716227399,19912725,4436778616513156757012717,-195813,27,100,100,0,True
1716227423,19912726,4436939975552277062965755,-195813,27,100,100,0,True
1716227435,19912727,4436939975552277062965755,-195813,27,100,100,0,True
1716227447,19912728,4436939975552277062965755,-195813,27,100,100,0,True
1716227459,19912729,4436939975552277062965755,-195813,27,100,100,0,True
1716227471,19912730,4436939975552277062965755,-195813,27,100,100,0,True
1716227483,19912731,4436939975552277062965755,-195813,27,100,100,0,True
1716227495,19912732,4436939975552277062965755,-195813,27,100,100,0,True
1716227519,19912733,4436939975552277062965755,-195813,27,100,100,0,True
1716227531,19912734,4436939975552277062965755,-195813,27,100,100,0,True
1716227543,19912735,4436939975552277062965755,-195813,27,100,100,0,True
1716227555,19912736,4436939975552277062965755,-195813,27,100,100,0,True
1716227567,19912737,4436939975552277062965755,-195813,27,100,100,0,True
1716227579,19912738,4436939975552277062965755,-195813,27,100,100,0,True
1716227591,19912739,4436939975552277062965755,-195813,27,100,100,0,True
1716227603,19912740,4436939975552277062965755,-195813,27,100,100,0,True
1716227615,19912741,4436939975552277062965755,-195813,27,100,100,0,True
1716227627,19912742,4436939975552277062965755,-195813,27,100,100,0,True
1716227639,19912743,4436939975552277062965755,-195813,27,100,100,0,True
1716227651,19912744,4436939975552277062965755,-195813,27,100,100,0,True
1716227663,19912745,4436939975552277062965755,-195813,27,100,100,0,True
1716227675,19912746,4436939975552277062965755,-195813,27,100,100,0,True
1716227687,19912747,4436939975552277062965755,-195813,27,100,100,0,True
1716227699,19912748,4436939975552277062965755,-195813,27,100,100,0,True
1716227711,19912749,4436939975552277062965755,-195813,27,100,100,0,True
1716227723,19912750,4436939975552277062965755,-195813,27,100,100,0,True
1716227735,19912751,4436939975552277062965755,-195813,27,100,100,0,True
1716227747,19912752,4436939975552277062965755,-195813,27,100,100,0,True
1716227759,19912753,4436939975552277062965755,-195813,27,100,100,0,True
1716227771,19912754,4436939975552277062965755,-195813,27,100,100,0,True
1716227783,19912755,4436939975552277062965755,-195813,27,100,100,0,True
1716227795,19912756,4436939975552277062965755,-195813,27,100,100,0,True
1716227807,19912757,4436939975552277062965755,-195813,27,100,100,0,True
1716227819,19912758,4436939975552277062965755,-195813,27,100,100,0,True
1716227831,19912759,4436939975552277062965755,-195813,27,100,100,0,True
1716227843,19912760,4436939975552277062965755,-195813,27,100,100,0,True
1716227855,19912761,4436939975552277062965755,-195813,27,100,100,0,True
1716227867,19912762,4436939975552277062965755,-195813,27,100,100,0,True
1716227879,19912763,4436939975552277062965755,-195813,27,100,100,0,True
1716227891,19912764,4436939975552277062965755,-195813,27,100,100,0,True
1716227903,19912765,4436939975552277062965755,-195813,27,100,100,0,True
1716227915,19912766,4436939975552277062965755,-195813,27,100,100,0,True
1716227927,19912767,4436939975552277062965755,-195813,27,100,100,0,True
1716227939,19912768,4436939975552277062965755,-195813,27,100,100,0,True
1716227951,19912769,4436939975552277062965755,-195813,27,100,100,0,True
1716227963,19912770,4436939975552277062965755,-195813,27,100,100,0,True
1716227975,19912771,4436939975552277062965755,-195813,27,100,100,0,True
1716227987,19912772,4436939975552277062965755,-195813,27,100,100,0,True
1716227999,19912773,4436939975552277062965755,-195813,27,100,100,0,True
1716228011,19912774,4436939975552277062965755,-195813,27,100,100,0,True
1716228023,19912775,4436939975552277062965755,-195813,27,100,100,0,True
1716228035,19912776,4436939975552277062965755,-195813,27,100,100,0,True
1716228047,19912777,4436939975552277062965755,-195813,27,100,100,0,True
1716228059,19912778,4436939975552277062965755,-195813,27,100,100,0,True
1716228071,19912779,4436939975552277062965755,-195813,27,100,100,0,True
1716228083,19912780,4436939975552277062965755,-195813,27,100,100,0,True
1716228095,19912781,4436939975552277062965755,-195813,27,100,100,0,True
1716228107,19912782,4436939975552277062965755,-195813,27,100,100,0,True
1716228119,19912783,4436939975552277062965755,-195813,27,100,100,0,True
1716228131,19912784,4436939975552277062965755,-195813,27,100,100,0,True
1716228143,19912785,4436939975552277062965755,-195813,27,100,100,0,True
1716228155,19912786,4436939975552277062965755,-195813,27,100,100,0,True
1716228167,19912787,4437896109368041357180928,-195808,28,100,100,0,True
1716228179,19912788,4437896109368041357180928,-195808,28,100,100,0,True
1716228191,19912789,4437896109368041357180928,-195808,28,100,100,0,True
1716228203,19912790,4437896109368041357180928,-195808,28,100,100,0,True
1716228215,19912791,4437896109368041357180928,-195808,28,100,100,0,True
1716228227,19912792,4437896109368041357180928,-195808,28,100,100,0,True
1716228239,19912793,4437896109368041357180928,-195808,28,100,100,0,True
1716228251,19912794,4437896109368041357180928,-195808,28,100,100,0,True
1716228263,19912795,4437896109368041357180928,-195808,28,100,100,0,True
1716228275,19912796,4437896109368041357180928,-195808,28,100,100,0,True
1716228287,19912797,4437896109368041357180928,-195808,28,100,100,0,True
1716228299,19912798,4437896109368041357180928,-195808,28,100,100,0,True
1716228311,19912799,4437896109368041357180928,-195808,28,100,100,0,True
1716228323,19912800,4437896109368041357180928,-195808,28,100,100,0,True
1716228335,19912801,4437896109368041357180928,-195808,28,100,100,0,True
1716228347,19912802,4437896109368041357180928,-195808,28,100,100,0,True
1716228359,19912803,4437896109368041357180928,-195808,28,100,100,0,True
1716228371,19912804,4437896109368041357180928,-195808,28,100,100,0,True
1716228383,19912805,4437896109368041357180928,-195808,28,100,100,0,True
1716228395,19912806,4437896109368041357180928,-195808,28,100,100,0,True
1716228407,19912807,4437896109368041357180928,-195808,28,100,100,0,True
1716228419,19912808,4437896109368041357180928,-195808,28,100,100,0,True
1716228431,19912809,4437896109368041357180928,-195808,28,100,100,0,True
1716228443,19912810,4437896109368041357180928,-195808,28,100,100,0,True
1716228455,19912811,4437896109368041357180928,-195808,28,100,100,0,True
1716228467,19912812,4437896109368041357180928,-195808,28,100,100,0,True
1716228479,19912813,4437896109368041357180928,-195808,28,100,100,0,True
1716228491,19912814,4437896109368041357180928,-195808,28,100,100,0,True
1716228503,19912815,4437896109368041357180928,-195808,28,100,100,0,True
1716228515,19912816,4437896109368041357180928,-195808,28,100,100,0,True
1716228527,19912817,4437896109368041357180928,-195808,28,100,100,0,True
1716228539,19912818,4437896109368041357180928,-195808,28,100,100,0,True
1716228551,19912819,4437896109368041357180928,-195808,28,100,100,0,True
1716228563,19912820,4437896109368041357180928,-195808,28,100,100,0,True
1716228575,19912821,4437896109368041357180928,-195808,28,100,100,0,True
1716228587,19912822,4437896109368041357180928,-195808,28,100,100,0,True
1716228599,19912823,4437896109368041357180928,-195808,28,100,100,0,True
1716228611,19912824,4437896109368041357180928,-195808,28,100,100,0,True
1716228623,19912825,4437896109368041357180928,-195808,28,100,100,0,True
1716228635,19912826,4437896109368041357180928,-195808,28,100,100,0,True
1716228647,19912827,4437896109368041357180928,-195808,28,100,100,0,True
1716228659,19912828,4437896109368041357180928,-195808,28,100,100,0,True
1716228671,19912829,4437896109368041357180928,-195808,28,100,100,0,True
1716228683,19912830,4437896109368041357180928,-195808,28,100,100,0,True
1716228695,19912831,4437896109368041357180928,-195808,28,100,100,0,True
1716228707,19912832,4437896109368041357180928,-195808,28,100,100,0,True
1716228719,19912833,4437896109368041357180928,-195808,28,100,100,0,True
1716228731,19912834,4437896109368041357180928,-195808,28,100,100,0,True
1716228743,19912835,4437896109368041357180928,-195808,28,100,100,0,True
1716228755,19912836,4437896109368041357180928,-195808,28,100,100,0,True
1716228767,19912837,4437896109368041357180928,-195808,28,100,100,0,True
1716228779,19912838,4437896109368041357180928,-195808,28,100,100,0,True
1716228791,19912839,4437896109368041357180928,-195808,28,100,100,0,True
1716228803,19912840,4437896109368041357180928,-195808,28,100,100,0,True
1716228815,19912841,4437896109368041357180928,-195808,28,100,100,0,True
1716228827,19912842,4437896109368041357180928,-195808,28,100,100,0,True
1716228839,19912843,4437896109368041357180928,-195808,28,100,100,0,True
1716228851,19912844,4437896109368041357180928,-195808,28,100,100,0,True
1716228863,19912845,4437896109368041357180928,-195808,28,100,100,0,True
1716228875,19912846,4437896109368041357180928,-195808,28,100,100,0,True
1716228887,19912847,4437896109368041357180928,-195808,28,100,100,0,True
1716228899,19912848,4437896109368041357180928,-195808,28,100,100,0,True
1716228911,19912849,4437896109368041357180928,-195808,28,100,100,0,True
1716228923,19912850,4437896109368041357180928,-195808,28,100,100,0,True
1716228935,19912851,4437896109368041357180928,-195808,28,100,100,0,True
1716228947,19912852,4437896109368041357180928,-195808,28,100,100,0,True
1716228959,19912853,4437899931161776410759041,-195808,28,100,100,0,True
1716228971,19912854,4437899931161776410759041,-195808,28,100,100,0,True
1716228983,19912855,4437899931161776410759041,-195808,28,100,100,0,True
1716228995,19912856,4437899931161776410759041,-195808,28,100,100,0,True
1716229007,19912857,4438734777109234927071187,-195805,29,100,100,0,True
1716229019,19912858,4439822890891579766386043,-195800,30,100,100,0,True
1716229031,19912859,4439822890891579766386043,-195800,30,100,100,0,True
1716229043,19912860,4439822890891579766386043,-195800,30,100,100,0,True
1716229055,19912861,4439822890891579766386043,-195800,30,100,100,0,True
1716229067,19912862,4439822890891579766386043,-195800,30,100,100,0,True
1716229079,19912863,4439822890891579766386043,-195800,30,100,100,0,True
1716229091,19912864,4439822890891579766386043,-195800,30,100,100,0,True
1716229103,19912865,4439822890891579766386043,-195800,30,100,100,0,True
1716229115,19912866,4439822890891579766386043,-195800,30,100,100,0,True
1716229127,19912867,4439822890891579766386043,-195800,30,100,100,0,True
1716229139,19912868,4439822890891579766386043,-195800,30,100,100,0,True
1716229151,19912869,4439822890891579766386043,-195800,30,100,100,0,True
1716229163,19912870,4439822890891579766386043,-195800,30,100,100,0,True
1716229175,19912871,4439822890891579766386043,-195800,30,100,100,0,True
1716229187,19912872,4439822890891579766386043,-195800,30,100,100,0,True
1716229199,19912873,4439822890891579766386043,-195800,30,100,100,0,True
1716229211,19912874,4439822890891579766386043,-195800,30,100,100,0,True
1716229223,19912875,4439822890891579766386043,-195800,30,100,100,0,True
1716229235,19912876,4439822890891579766386043,-195800,30,100,100,0,True
1716229247,19912877,4439822890891579766386043,-195800,30,100,100,0,True
1716229259,19912878,4439822890891579766386043,-195800,30,100,100,0,True
1716229271,19912879,4439822890891579766386043,-195800,30,100,100,0,True
1716229283,19912880,4439822890891579766386043,-195800,30,100,100,0,True
1716229295,19912881,4439822890891579766386043,-195800,30,100,100,0,True
1716229307,19912882,4439822890891579766386043,-195800,30,100,100,0,True
1716229319,19912883,4439822890891579766386043,-195800,30,100,100,0,True
1716229331,19912884,4439822890891579766386043,-195800,30,100,100,0,True
1716229343,19912885,4439822890891579766386043,-195800,30,100,100,0,True
1716229355,19912886,4439822890891579766386043,-195800,30,100,100,0,True
1716229367,19912887,4439822890891579766386043,-195800,30,100,100,0,True
1716229379,19912888,4439822890891579766386043,-195800,30,100,100,0,True
1716229391,19912889,4439822890891579766386043,-195800,30,100,100,0,True
1716229403,19912890,4439822890891579766386043,-195800,30,100,100,0,True
1716229415,19912891,4439822890891579766386043,-195800,30,100,100,0,True
1716229427,19912892,4439822890891579766386043,-195800,30,100,100,0,True
1716229439,19912893,4439822890891579766386043,-195800,30,100,100,0,True
1716229451,19912894,4439822890891579766386043,-195800,30,100,100,0,True
1716229463,19912895,4439822890891579766386043,-195800,30,100,100,0,True
1716229475,19912896,4439822890891579766386043,-195800,30,100,100,0,True
1716229487,19912897,4439822890891579766386043,-195800,30,100,100,0,True
1716229499,19912898,4439822890891579766386043,-195800,30,100,100,0,True
1716229511,19912899,4439822890891579766386043,-195800,30,100,100,0,True
1716229523,19912900,4439822890891579766386043,-195800,30,100,100,0,True
1716229535,19912901,4439822890891579766386043,-195800,30,100,100,0,True
1716229547,19912902,4439822890891579766386043,-195800,30,100,100,0,True
1716229559,19912903,4439822890891579766386043,-195800,30,100,100,0,True
1716229571,19912904,4439822890891579766386043,-195800,30,100,100,0,True
1716229583,19912905,4439822890891579766386043,-195800,30,100,100,0,True
1716229595,19912906,4439822890891579766386043,-195800,30,100,100,0,True
1716229607,19912907,4439822890891579766386043,-195800,30,100,100,0,True
1716229619,19912908,4439822890891579766386043,-195800,30,100,100,0,True
1716229631,19912909,4439822890891579766386043,-195800,30,100,100,0,True
1716229643,19912910,4439822890891579766386043,-195800,30,100,100,0,True
1716229655,19912911,4439822890891579766386043,-195800,30,100,100,0,True
1716229667,19912912,4439822890891579766386043,-195800,30,100,100,0,True
1716229679,19912913,4439822890891579766386043,-195800,30,100,100,0,True
1716229691,19912914,4439822890891579766386043,-195800,30,100,100,0,True
1716229703,19912915,4439822890891579766386043,-195800,30,100,100,0,True
1716229715,19912916,4439822890891579766386043,-195800,30,100,100,0,True
1716229727,19912917,4439822890891579766386043,-195800,30,100,100,0,True
1716229739,19912918,4439822890891579766386043,-195800,30,100,100,0,True
1716229751,19912919,4439822890891579766386043,-195800,30,100,100,0,True
1716229763,19912920,4439822890891579766386043,-195800,30,100,100,0,True
1716229775,19912921,4439822890891579766386043,-195800,30,100,100,0,True
1716229787,19912922,4439822890891579766386043,-195800,30,100,100,0,True
1716229799,19912923,4439829181677934778267428,-195800,30,100,100,0,True
1716229811,19912924,4439829181677934778267428,-195800,30,100,100,0,True
1716229823,19912925,4439829181677934778267428,-195800,30,100,100,0,True
1716229835,19912926,4439829181677934778267428,-195800,30,100,100,0,True
1716229847,19912927,4439829181677934778267428,-195800,30,100,100,0,True
1716229859,19912928,4439829181677934778267428,-195800,30,100,100,0,True
1716229871,19912929,4439829181677934778267428,-195800,30,100,100,0,True
1716229883,19912930,4439829181677934778267428,-195800,30,100,100,0,True
1716229895,19912931,4439829181677934778267428,-195800,30,100,100,0,True
1716229907,19912932,4439829181677934778267428,-195800,30,100,100,0,True
1716229919,19912933,4439829181677934778267428,-195800,30,100,100,0,True
1716229931,19912934,4439829181677934778267428,-195800,30,100,100,0,True
1716229943,19912935,4439829181677934778267428,-195800,30,100,100,0,True
1716229955,19912936,4439829181677934778267428,-195800,30,100,100,0,True
1716229967,19912937,4439829181677934778267428,-195800,30,100,100,0,True
1716229979,19912938,4439829181677934778267428,-195800,30,100,100,0,True
1716229991,19912939,4439829181677934778267428,-195800,30,100,100,0,True
1716230003,19912940,4439821386024297689846821,-195800,30,100,100,0,True
1716230015,19912941,4439813665839449760268288,-195800,30,100,100,0,True
1716230027,19912942,4439813665839449760268288,-195800,30,100,100,0,True
1716230039,19912943,4439813665839449760268288,-195800,30,100,100,0,True
1716230051,19912944,4439813665839449760268288,-195800,30,100,100,0,True
1716230063,19912945,4439813665839449760268288,-195800,30,100,100,0,True
1716230075,19912946,4439813665839449760268288,-195800,30,100,100,0,True
1716230087,19912947,4439813665839449760268288,-195800,30,100,100,0,True
1716230099,19912948,4439813665839449760268288,-195800,30,100,100,0,True
1716230111,19912949,4439813665839449760268288,-195800,30,100,100,0,True
1716230123,19912950,4439813665839449760268288,-195800,30,100,100,0,True
1716230135,19912951,4439813665839449760268288,-195800,30,100,100,0,True
1716230147,19912952,4439813665839449760268288,-195800,30,100,100,0,True
1716230159,19912953,4439813665839449760268288,-195800,30,100,100,0,True
1716230171,19912954,4439813665839449760268288,-195800,30,100,100,0,True
1716230183,19912955,4439813665839449760268288,-195800,30,100,100,0,True
1716230195,19912956,4439813665839449760268288,-195800,30,100,100,0,True
1716230207,19912957,4439813665839449760268288,-195800,30,100,100,0,True
1716230219,19912958,4439836881798109419091898,-195800,30,100,100,0,True
1716230231,19912959,4439836881798109419091898,-195800,30,100,100,0,True
1716230243,19912960,4439836881798109419091898,-195800,30,100,100,0,True
1716230255,19912961,4439836881798109419091898,-195800,30,100,100,0,True
1716230267,19912962,4439836881798109419091898,-195800,30,100,100,0,True
1716230279,19912963,4439836881798109419091898,-195800,30,100,100,0,True
1716230291,19912964,4439836881798109419091898,-195800,30,100,100,0,True
1716230303,19912965,4439836881798109419091898,-195800,30,100,100,0,True
1716230315,19912966,4439836881798109419091898,-195800,30,100,100,0,True
1716230327,19912967,4439836881798109419091898,-195800,30,100,100,0,True
1716230339,19912968,4439836881798109419091898,-195800,30,100,100,0,True
1716230351,19912969,4439836881798109419091898,-195800,30,100,100,0,True
1716230363,19912970,4439836881798109419091898,-195800,30,100,100,0,True
1716230375,19912971,4439836881798109419091898,-195800,30,100,100,0,True
1716230387,19912972,4439836881798109419091898,-195800,30,100,100,0,True
1716230399,19912973,4439836881798109419091898,-195800,30,100,100,0,True
1716230411,19912974,4439836881798109419091898,-195800,30,100,100,0,True
1716230423,19912975,4439836881798109419091898,-195800,30,100,100,0,True
1716230435,19912976,4439836881798109419091898,-195800,30,100,100,0,True
1716230447,19912977,4439836881798109419091898,-195800,30,100,100,0,True
1716230459,19912978,4440181689844057258328064,-195798,31,100,100,0,True
1716230471,19912979,4442431603080460735757985,-195788,32,100,100,0,True
1716230483,19912980,4442431603080460735757985,-195788,32,100,100,0,True
1716230495,19912981,4442431603080460735757985,-195788,32,100,100,0,True
1716230507,19912982,4442431603080460735757985,-195788,32,100,100,0,True
1716230519,19912983,4442431603080460735757985,-195788,32,100,100,0,True
1716230531,19912984,4442431603080460735757985,-195788,32,100,100,0,True
1716230543,19912985,4442431603080460735757985,-195788,32,100,100,0,True
1716230555,19912986,4442431603080460735757985,-195788,32,100,100,0,True
1716230567,19912987,4442431603080460735757985,-195788,32,100,100,0,True
1716230579,19912988,4442431603080460735757985,-195788,32,100,100,0,True
1716230591,19912989,4442431603080460735757985,-195788,32,100,100,0,True
1716230603,19912990,4442431603080460735757985,-195788,32,100,100,0,True
1716230627,19912991,4442431603080460735757985,-195788,32,100,100,0,True
1716230639,19912992,4442431603080460735757985,-195788,32,100,100,0,True
1716230651,19912993,4442431603080460735757985,-195788,32,100,100,0,True
1716230663,19912994,4442431603080460735757985,-195788,32,100,100,0,True
1716230675,19912995,4442431603080460735757985,-195788,32,100,100,0,True
1716230687,19912996,4442431603080460735757985,-195788,32,100,100,0,True
1716230699,19912997,4442431603080460735757985,-195788,32,100,100,0,True
1716230711,19912998,4442431603080460735757985,-195788,32,100,100,0,True
1716230723,19912999,4442431603080460735757985,-195788,32,100,100,0,True
1716230735,19913000,4442431603080460735757985,-195788,32,100,100,0,True
1716230747,19913001,4442431603080460735757985,-195788,32,100,100,0,True
1716230759,19913002,4442431603080460735757985,-195788,32,100,100,0,True
1716230771,19913003,4442431603080460735757985,-195788,32,100,100,0,True
1716230783,19913004,4442431603080460735757985,-195788,32,100,100,0,True
1716230795,19913005,4442431603080460735757985,-195788,32,100,100,0,True
1716230807,19913006,4442431603080460735757985,-195788,32,100,100,0,True
1716230819,19913007,4442431603080460735757985,-195788,32,100,100,0,True
1716230831,19913008,4442431603080460735757985,-195788,32,100,100,0,True
1716230843,19913009,4442431603080460735757985,-195788,32,100,100,0,True
1716230855,19913010,4442431603080460735757985,-195788,32,100,100,0,True
1716230867,19913011,4442431603080460735757985,-195788,32,100,100,0,True
1716230879,19913012,4442431603080460735757985,-195788,32,100,100,0,True
1716230891,19913013,4442431603080460735757985,-195788,32,100,100,0,True
1716230903,19913014,4442431603080460735757985,-195788,32,100,100,0,True
1716230915,19913015,4442431603080460735757985,-195788,32,100,100,0,True
1716230927,19913016,4442431603080460735757985,-195788,32,100,100,0,True
1716230939,19913017,4442431603080460735757985,-195788,32,100,100,0,True
1716230951,19913018,4442431603080460735757985,-195788,32,100,100,0,True
1716230963,19913019,4442431603080460735757985,-195788,32,100,100,0,True
1716230975,19913020,4442431603080460735757985,-195788,32,100,100,0,True
1716230987,19913021,4442431603080460735757985,-195788,32,100,100,0,True
1716230999,19913022,4442431603080460735757985,-195788,32,100,100,0,True
1716231011,19913023,4442431603080460735757985,-195788,32,100,100,0,True
1716231023,19913024,4442431603080460735757985,-195788,32,100,100,0,True
1716231035,19913025,4442431603080460735757985,-195788,32,100,100,0,True
1716231047,19913026,4442431603080460735757985,-195788,32,100,100,0,True
1716231059,19913027,4442431603080460735757985,-195788,32,100,100,0,True
1716231071,19913028,4442956271146587503243333,-195786,33,100,100,0,True
1716231083,19913029,4442956271146587503243333,-195786,33,100,100,0,True
1716231095,19913030,4442956271146587503243333,-195786,33,100,100,0,True
1716231107,19913031,4442956271146587503243333,-195786,33,100,100,0,True
1716231119,19913032,4442956271146587503243333,-195786,33,100,100,0,True
1716231131,19913033,4442956271146587503243333,-195786,33,100,100,0,True
1716231143,19913034,4442956271146587503243333,-195786,33,100,100,0,True
1716231155,19913035,4442956271146587503243333,-195786,33,100,100,0,True
1716231167,19913036,4442956271146587503243333,-195786,33,100,100,0,True
1716231179,19913037,4442956271146587503243333,-195786,33,100,100,0,True
1716231191,19913038,4442956271146587503243333,-195786,33,100,100,0,True
1716231203,19913039,4442956271146587503243333,-195786,33,100,100,0,True
1716231215,19913040,4442956271146587503243333,-195786,33,100,100,0,True
1716231227,19913041,4442956271146587503243333,-195786,33,100,100,0,True
1716231239,19913042,4442956271146587503243333,-195786,33,100,100,0,True
1716231251,19913043,4442956271146587503243333,-195786,33,100,100,0,True
1716231263,19913044,4442949184182653677633566,-195786,33,100,100,0,True
1716231275,19913045,4442949184182653677633566,-195786,33,100,100,0,True
1716231287,19913046,4442949184182653677633566,-195786,33,100,100,0,True
1716231299,19913047,4442949184182653677633566,-195786,33,100,100,0,True
1716231311,19913048,4442949184182653677633566,-195786,33,100,100,0,True
1716231323,19913049,4442949184182653677633566,-195786,33,100,100,0,True
1716231335,19913050,4443016536370891690596471,-195785,34,100,100,0,True
1716231347,19913051,4443016536370891690596471,-195785,34,100,100,0,True
1716231359,19913052,4443016536370891690596471,-195785,34,100,100,0,True
1716231371,19913053,4443016536370891690596471,-195785,34,100,100,0,True
1716231383,19913054,4443016536370891690596471,-195785,34,100,100,0,True
1716231395,19913055,4443016536370891690596471,-195785,34,100,100,0,True
1716231407,19913056,4443016536370891690596471,-195785,34,100,100,0,True
1716231419,19913057,4443016536370891690596471,-195785,34,100,100,0,True
1716231431,19913058,4443016536370891690596471,-195785,34,100,100,0,True
1716231443,19913059,4443016536370891690596471,-195785,34,100,100,0,True
1716231455,19913060,4443016536370891690596471,-195785,34,100,100,0,True
1716231467,19913061,4443016536370891690596471,-195785,34,100,100,0,True
1716231479,19913062,4443016536370891690596471,-195785,34,100,100,0,True
1716231491,19913063,4443016536370891690596471,-195785,34,100,100,0,True
1716231503,19913064,4443016536370891690596471,-195785,34,100,100,0,True
1716231515,19913065,4443016536370891690596471,-195785,34,100,100,0,True
1716231527,19913066,4443016536370891690596471,-195785,34,100,100,0,True
1716231539,19913067,4443016536370891690596471,-195785,34,100,100,0,True
1716231551,19913068,4443011497695202146536100,-195785,34,100,100,0,True
1716231563,19913069,4443011497695202146536100,-195785,34,100,100,0,True
1716231575,19913070,4443011497695202146536100,-195785,34,100,100,0,True
1716231587,19913071,4443011497695202146536100,-195785,34,100,100,0,True
1716231599,19913072,4443011497695202146536100,-195785,34,100,100,0,True
1716231611,19913073,4443011497695202146536100,-195785,34,100,100,0,True
1716231623,19913074,4443011497695202146536100,-195785,34,100,100,0,True
1716231635,19913075,4443011497695202146536100,-195785,34,100,100,0,True
1716231647,19913076,4443011497695202146536100,-195785,34,100,100,0,True
1716231659,19913077,4443011497695202146536100,-195785,34,100,100,0,True
1716231671,19913078,4443011497695202146536100,-195785,34,100,100,0,True
1716231683,19913079,4443011497695202146536100,-195785,34,100,100,0,True
1716231695,19913080,4443011497695202146536100,-195785,34,100,100,0,True
1716231707,19913081,4443011497695202146536100,-195785,34,100,100,0,True
1716231719,19913082,4443011497695202146536100,-195785,34,100,100,0,True
1716231731,19913083,4443011497695202146536100,-195785,34,100,100,0,True
1716231743,19913084,4443011497695202146536100,-195785,34,100,100,0,True
1716231755,19913085,4443011497695202146536100,-195785,34,100,100,0,True
1716231767,19913086,4443011497695202146536100,-195785,34,100,100,0,True
1716231779,19913087,4443011497695202146536100,-195785,34,100,100,0,True
1716231791,19913088,4443011497695202146536100,-195785,34,100,100,0,True
1716231803,19913089,4443011497695202146536100,-195785,34,100,100,0,True
1716231815,19913090,4443011497695202146536100,-195785,34,100,100,0,True
1716231827,19913091,4443011497695202146536100,-195785,34,100,100,0,True
1716231839,19913092,4443011497695202146536100,-195785,34,100,100,0,True
1716231851,19913093,4443011497695202146536100,-195785,34,100,100,0,True
1716231863,19913094,4443011497695202146536100,-195785,34,100,100,0,True
1716231875,19913095,4443011497695202146536100,-195785,34,100,100,0,True
1716231887,19913096,4443011497695202146536100,-195785,34,100,100,0,True
1716231899,19913097,4443011497695202146536100,-195785,34,100,100,0,True
1716231911,19913098,4443011497695202146536100,-195785,34,100,100,0,True
1716231923,19913099,4443011497695202146536100,-195785,34,100,100,0,True
1716231935,19913100,4443011497695202146536100,-195785,34,100,100,0,True
1716231947,19913101,4443011497695202146536100,-195785,34,100,100,0,True
1716231959,19913102,4443011497695202146536100,-195785,34,100,100,0,True
1716231971,19913103,4443011497695202146536100,-195785,34,100,100,0,True
1716231983,19913104,4443011497695202146536100,-195785,34,100,100,0,True
1716231995,19913105,4443011497695202146536100,-195785,34,100,100,0,True
1716232007,19913106,4443011497695202146536100,-195785,34,100,100,0,True
1716232019,19913107,4443011497695202146536100,-195785,34,100,100,0,True
1716232031,19913108,4443011497695202146536100,-195785,34,100,100,0,True
1716232043,19913109,4443011497695202146536100,-195785,34,100,100,0,True
1716232055,19913110,4443011497695202146536100,-195785,34,100,100,0,True
1716232067,19913111,4443011497695202146536100,-195785,34,100,100,0,True
1716232079,19913112,4443011497695202146536100,-195785,34,100,100,0,True
1716232091,19913113,4443011497695202146536100,-195785,34,100,100,0,True
1716232103,19913114,4443011497695202146536100,-195785,34,100,100,0,True
1716232115,19913115,4443011497695202146536100,-195785,34,100,100,0,True
1716232127,19913116,4443011497695202146536100,-195785,34,100,100,0,True
1716232139,19913117,4443011497695202146536100,-195785,34,100,100,0,True
1716232151,19913118,4443011497695202146536100,-195785,34,100,100,0,True
1716232163,19913119,4443011497695202146536100,-195785,34,100,100,0,True
1716232175,19913120,4443011497695202146536100,-195785,34,100,100,0,True
1716232187,19913121,4443011497695202146536100,-195785,34,100,100,0,True
1716232199,19913122,4443011497695202146536100,-195785,34,100,100,0,True
1716232211,19913123,4443011497695202146536100,-195785,34,100,100,0,True
1716232223,19913124,4443011497695202146536100,-195785,34,100,100,0,True
1716232235,19913125,4443011497695202146536100,-195785,34,100,100,0,True
1716232247,19913126,4443011497695202146536100,-195785,34,100,100,0,True
1716232259,19913127,4443011497695202146536100,-195785,34,100,100,0,True
1716232271,19913128,4443011497695202146536100,-195785,34,100,100,0,True
1716232283,19913129,4443011497695202146536100,-195785,34,100,100,0,True
1716232295,19913130,4443011497695202146536100,-195785,34,100,100,0,True
1716232307,19913131,4443011497695202146536100,-195785,34,100,100,0,True
1716232319,19913132,4443011497695202146536100,-195785,34,100,100,0,True
1716232331,19913133,4443011497695202146536100,-195785,34,100,100,0,True
1716232343,19913134,4443011497695202146536100,-195785,34,100,100,0,True
1716232355,19913135,4443011497695202146536100,-195785,34,100,100,0,True
1716232367,19913136,4443011497695202146536100,-195785,34,100,100,0,True
1716232379,19913137,4443011497695202146536100,-195785,34,100,100,0,True
1716232391,19913138,4443011497695202146536100,-195785,34,100,100,0,True
1716232403,19913139,4443011497695202146536100,-195785,34,100,100,0,True
1716232415,19913140,4443011497695202146536100,-195785,34,100,100,0,True
1716232427,19913141,4443011497695202146536100,-195785,34,100,100,0,True
1716232439,19913142,4443011497695202146536100,-195785,34,100,100,0,True
1716232451,19913143,4443011497695202146536100,-195785,34,100,100,0,True
1716232463,19913144,4443011497695202146536100,-195785,34,100,100,0,True
1716232475,19913145,4443011497695202146536100,-195785,34,100,100,0,True
1716232487,19913146,4443011497695202146536100,-195785,34,100,100,0,True
1716232499,19913147,4443011497695202146536100,-195785,34,100,100,0,True
1716232511,19913148,4443011497695202146536100,-195785,34,100,100,0,True
1716232523,19913149,4443011497695202146536100,-195785,34,100,100,0,True
1716232535,19913150,4443011497695202146536100,-195785,34,100,100,0,True
1716232547,19913151,4443011497695202146536100,-195785,34,100,100,0,True
1716232559,19913152,4443011497695202146536100,-195785,34,100,100,0,True
1716232571,19913153,4443011497695202146536100,-195785,34,100,100,0,True
1716232583,19913154,4443011497695202146536100,-195785,34,100,100,0,True
1716232595,19913155,4443011497695202146536100,-195785,34,100,100,0,True
1716232607,19913156,4443011497695202146536100,-195785,34,100,100,0,True
1716232619,19913157,4443011497695202146536100,-195785,34,100,100,0,True
1716232631,19913158,4443011497695202146536100,-195785,34,100,100,0,True
1716232643,19913159,4443011497695202146536100,-195785,34,100,100,0,True
1716232655,19913160,4443011497695202146536100,-195785,34,100,100,0,True
1716232667,19913161,4443011497695202146536100,-195785,34,100,100,0,True
1716232679,19913162,4443011497695202146536100,-195785,34,100,100,0,True
1716232691,19913163,4443011497695202146536100,-195785,34,100,100,0,True
1716232703,19913164,4443011497695202146536100,-195785,34,100,100,0,True
1716232715,19913165,4443011497695202146536100,-195785,34,100,100,0,True
1716232727,19913166,4443011497695202146536100,-195785,34,100,100,0,True
1716232739,19913167,4443011497695202146536100,-195785,34,100,100,0,True
1716232751,19913168,4443011497695202146536100,-195785,34,100,100,0,True
1716232763,19913169,4443011497695202146536100,-195785,34,100,100,0,True
1716232775,19913170,4443011497695202146536100,-195785,34,100,100,0,True
1716232787,19913171,4443011497695202146536100,-195785,34,100,100,0,True
1716232799,19913172,4443035692475661874455449,-195785,34,100,100,0,True
1716232811,19913173,4443035692475661874455449,-195785,34,100,100,0,True
1716232823,19913174,4443035692475661874455449,-195785,34,100,100,0,True
1716232835,19913175,4443035692475661874455449,-195785,34,100,100,0,True
1716232847,19913176,4443035692475661874455449,-195785,34,100,100,0,True
1716232859,19913177,4443035692475661874455449,-195785,34,100,100,0,True
1716232871,19913178,4454342389053673883623394,-195734,35,100,100,0,True
1716232883,19913179,4458068633496075580852038,-195718,36,100,100,0,True
1716232895,19913180,4459288295452640736261124,-195712,37,100,100,0,True
1716232907,19913181,4463698032150163261662132,-195692,38,100,100,0,True
1716232919,19913182,4466914522124042774173558,-195678,39,100,100,0,True
1716232943,19913183,4471708817725155411214881,-195657,40,100,100,0,True
1716232955,19913184,4474164019799156257007204,-195646,41,100,100,0,True
1716232967,19913185,4478138439283747952141570,-195628,42,100,100,0,True
1716232979,19913186,4485106993292089476775936,-195597,43,100,100,0,True
1716232991,19913187,4485106993292089476775936,-195597,43,100,100,0,True
1716233003,19913188,4497690664168648856040695,-195541,44,100,100,0,True
1716233015,19913189,4497690664168648856040695,-195541,44,100,100,0,True
1716233027,19913190,4497690664168648856040695,-195541,44,100,100,0,True
1716233039,19913191,4497690664168648856040695,-195541,44,100,100,0,True
1716233051,19913192,4503747901964479347158711,-195514,45,100,100,0,True
1716233063,19913193,4522472970147291300970908,-195431,46,100,100,0,True
1716233075,19913194,4522988370182076914295981,-195429,47,100,100,0,True
1716233087,19913195,4525276985125228362257761,-195418,48,100,100,0,True
1716233099,19913196,4525276985125228362257761,-195418,48,100,100,0,True
1716233111,19913197,4528230997669407625830031,-195405,49,100,100,0,True
1716233123,19913198,4528970654874288641847441,-195402,50,100,100,0,True
1716233135,19913199,4534493904955296738519796,-195378,51,100,100,0,True
1716233147,19913200,4548035865049411136856366,-195318,52,100,100,0,True
1716233159,19913201,4548035865049411136856366,-195318,52,100,100,0,True
1716233171,19913202,4548035865049411136856366,-195318,52,100,100,0,True
1716233183,19913203,4548035865049411136856366,-195318,52,100,100,0,True
1716233195,19913204,4548035865049411136856366,-195318,52,100,100,0,True
1716233207,19913205,4548035865049411136856366,-195318,52,100,100,0,True
1716233219,19913206,4548035865049411136856366,-195318,52,100,100,0,True
1716233231,19913207,4548035865049411136856366,-195318,52,100,100,0,True
1716233243,19913208,4549852490819450193738561,-195310,53,100,100,0,True
1716233255,19913209,4549852490819450193738561,-195310,53,100,100,0,True
1716233267,19913210,4551493493429181662156097,-195303,54,100,100,0,True
1716233279,19913211,4553694421316161172461756,-195293,55,100,100,0,True
1716233291,19913212,4555172487139176749782452,-195287,56,100,100,0,True
1716233303,19913213,4555172487139176749782452,-195287,56,100,100,0,True
1716233315,19913214,4555172487139176749782452,-195287,56,100,100,0,True
1716233327,19913215,4555203510860291242351412,-195287,56,100,100,0,True
1716233339,19913216,4555203510860291242351412,-195287,56,100,100,0,True
1716233351,19913217,4555203510860291242351412,-195287,56,100,100,0,True
1716233363,19913218,4557729633672687201325552,-195276,57,100,100,0,True
1716233375,19913219,4557729633672687201325552,-195276,57,100,100,0,True
1716233387,19913220,4565485737095721118107893,-195242,58,100,100,0,True
1716233399,19913221,4565485737095721118107893,-195242,58,100,100,0,True
1716233411,19913222,4578334694084989477537204,-195185,59,100,100,0,True
1716233423,19913223,4578334694084989477537204,-195185,59,100,100,0,True
1716233435,19913224,4578266093495785860134045,-195186,60,100,100,0,True
1716233447,19913225,4578174487461465565623326,-195186,60,100,100,0,True
1716233459,19913226,4578174487461465565623326,-195186,60,100,100,0,True
1716233471,19913227,4578174487461465565623326,-195186,60,100,100,0,True
1716233483,19913228,4578174487461465565623326,-195186,60,100,100,0,True
1716233495,19913229,4579975921890744569488020,-195178,61,100,100,0,True
1716233507,19913230,4581495716305636959979854,-195171,62,100,100,0,True
1716233519,19913231,4586341638977366634385319,-195150,63,100,100,0,True
1716233531,19913232,4586341638977366634385319,-195150,63,100,100,0,True
1716233543,19913233,4586341638977366634385319,-195150,63,100,100,0,True
1716233555,19913234,4586341638977366634385319,-195150,63,100,100,0,True
1716233567,19913235,4586341638977366634385319,-195150,63,100,100,0,True
1716233579,19913236,4593436599614299395221237,-195119,64,100,100,0,True
1716233591,19913237,4593436599614299395221237,-195119,64,100,100,0,True
1716233603,19913238,4593436599614299395221237,-195119,64,100,100,0,True
1716233615,19913239,4591814637559730450032848,-195126,65,100,100,0,True
1716233627,19913240,4591814637559730450032848,-195126,65,100,100,0,True
1716233639,19913241,4591814637559730450032848,-195126,65,100,100,0,True
1716233651,19913242,4591814637559730450032848,-195126,65,100,100,0,True
1716233663,19913243,4596569570206518095448496,-195106,66,100,100,0,True
1716233675,19913244,4596569570206518095448496,-195106,66,100,100,0,True
1716233687,19913245,4596569570206518095448496,-195106,66,100,100,0,True
1716233699,19913246,4598407871157344441366129,-195098,67,100,100,0,True
1716233711,19913247,4602095692052252438756675,-195082,68,100,100,0,True
1716233723,19913248,4602095692052252438756675,-195082,68,100,100,0,True
1716233735,19913249,4602095692052252438756675,-195082,68,100,100,0,True
1716233747,19913250,4602082589686527676839197,-195082,68,100,100,0,True
1716233759,19913251,4602082589686527676839197,-195082,68,100,100,0,True
1716233771,19913252,4602082589686527676839197,-195082,68,100,100,0,True
1716233783,19913253,4602082589686527676839197,-195082,68,100,100,0,True
1716233795,19913254,4602082589686527676839197,-195082,68,100,100,0,True
1716233807,19913255,4602082589686527676839197,-195082,68,100,100,0,True
1716233819,19913256,4602082589686527676839197,-195082,68,100,100,0,True
1716233831,19913257,4602082589686527676839197,-195082,68,100,100,0,True
1716233843,19913258,4610508539220891180467042,-195045,69,100,100,0,True
1716233855,19913259,4614788393777579541487757,-195027,70,100,100,0,True
1716233867,19913260,4616194585478272346357214,-195021,71,100,100,0,True
1716233879,19913261,4619475654175541842293122,-195006,72,100,100,0,True
1716233891,19913262,4619475654175541842293122,-195006,72,100,100,0,True
1716233903,19913263,4619912173934315305328954,-195004,73,100,100,0,True
1716233915,19913264,4619912173934315305328954,-195004,73,100,100,0,True
1716233927,19913265,4619912173934315305328954,-195004,73,100,100,0,True
1716233939,19913266,4623299776029992162396012,-194990,74,100,100,0,True
1716233951,19913267,4625705854351398338084983,-194979,75,100,100,0,True
1716233963,19913268,4625705854351398338084983,-194979,75,100,100,0,True
1716233975,19913269,4626507880458533729981306,-194976,76,100,100,0,True
1716233987,19913270,4626507880458533729981306,-194976,76,100,100,0,True
1716233999,19913271,4626507880458533729981306,-194976,76,100,100,0,True
1716234011,19913272,4623383181774799189182617,-194989,77,100,100,0,True
1716234023,19913273,4620309668877490716254597,-195003,78,100,100,0,True
1716234035,19913274,4620309668877490716254597,-195003,78,100,100,0,True
1716234047,19913275,4620309668877490716254597,-195003,78,100,100,0,True
1716234059,19913276,4620309668877490716254597,-195003,78,100,100,0,True
1716234071,19913277,4620309668877490716254597,-195003,78,100,100,0,True
1716234083,19913278,4620290601685605281940580,-195003,78,100,100,0,True
1716234095,19913279,4620290601685605281940580,-195003,78,100,100,0,True
1716234107,19913280,4619441105955190467095835,-195007,79,100,100,0,True
1716234119,19913281,4616235403703318327560703,-195020,80,100,100,0,True
1716234131,19913282,4616113483874168248888171,-195021,81,100,100,0,True
1716234143,19913283,4616113483874168248888171,-195021,81,100,100,0,True
1716234155,19913284,4616113483874168248888171,-195021,81,100,100,0,True
1716234167,19913285,4616113483874168248888171,-195021,81,100,100,0,True
1716234179,19913286,4612404064970342412926572,-195037,82,100,100,0,True
1716234191,19913287,4612404064970342412926572,-195037,82,100,100,0,True
1716234203,19913288,4612404064970342412926572,-195037,82,100,100,0,True
1716234215,19913289,4612404064970342412926572,-195037,82,100,100,0,True
1716234227,19913290,4612404064970342412926572,-195037,82,100,100,0,True
1716234239,19913291,4612404064970342412926572,-195037,82,100,100,0,True
1716234251,19913292,4612404064970342412926572,-195037,82,100,100,0,True
1716234263,19913293,4612404064970342412926572,-195037,82,100,100,0,True
1716234275,19913294,4612404064970342412926572,-195037,82,100,100,0,True
1716234287,19913295,4612404064970342412926572,-195037,82,100,100,0,True
1716234299,19913296,4612404064970342412926572,-195037,82,100,100,0,True
1716234311,19913297,4612404064970342412926572,-195037,82,100,100,0,True
1716234323,19913298,4612371410348158344871576,-195037,82,100,100,0,True
1716234335,19913299,4612371410348158344871576,-195037,82,100,100,0,True
1716234347,19913300,4612371410348158344871576,-195037,82,100,100,0,True
1716234359,19913301,4612425875209303066637589,-195037,82,100,100,0,True
1716234371,19913302,4612425875209303066637589,-195037,82,100,100,0,True
1716234383,19913303,4612425875209303066637589,-195037,82,100,100,0,True
1716234395,19913304,4612425875209303066637589,-195037,82,100,100,0,True
1716234407,19913305,4612425875209303066637589,-195037,82,100,100,0,True
1716234419,19913306,4612420180724001811592068,-195037,82,100,100,0,True
1716234431,19913307,4612420180724001811592068,-195037,82,100,100,0,True
1716234443,19913308,4632429431377313570888987,-194950,83,100,100,0,True
1716234455,19913309,4632429431377313570888987,-194950,83,100,100,0,True
1716234467,19913310,4632429431377313570888987,-194950,83,100,100,0,True
1716234479,19913311,4632429431377313570888987,-194950,83,100,100,0,True
1716234491,19913312,4632429431377313570888987,-194950,83,100,100,0,True
1716234503,19913313,4632429431377313570888987,-194950,83,100,100,0,True
1716234515,19913314,4632429431377313570888987,-194950,83,100,100,0,True
1716234527,19913315,4632429431377313570888987,-194950,83,100,100,0,True
1716234539,19913316,4632429431377313570888987,-194950,83,100,100,0,True
1716234551,19913317,4632429431377313570888987,-194950,83,100,100,0,True
1716234563,19913318,4632426689508289244147209,-194950,83,100,100,0,True
1716234575,19913319,4632426689508289244147209,-194950,83,100,100,0,True
1716234587,19913320,4632426689508289244147209,-194950,83,100,100,0,True
1716234599,19913321,4632426689508289244147209,-194950,83,100,100,0,True
1716234611,19913322,4632426689508289244147209,-194950,83,100,100,0,True
1716234623,19913323,4632426689508289244147209,-194950,83,100,100,0,True
1716234635,19913324,4632426689508289244147209,-194950,83,100,100,0,True
1716234647,19913325,4632426689508289244147209,-194950,83,100,100,0,True
1716234659,19913326,4632426689508289244147209,-194950,83,100,100,0,True
1716234671,19913327,4632426689508289244147209,-194950,83,100,100,0,True
1716234683,19913328,4632426689508289244147209,-194950,83,100,100,0,True
1716234695,19913329,4632426689508289244147209,-194950,83,100,100,0,True
1716234707,19913330,4629826677967027539802514,-194962,84,100,100,0,True
1716234719,19913331,4629826677967027539802514,-194962,84,100,100,0,True
1716234731,19913332,4629826677967027539802514,-194962,84,100,100,0,True
1716234743,19913333,4629705710388431266425974,-194962,84,100,100,0,True
1716234755,19913334,4629705710388431266425974,-194962,84,100,100,0,True
1716234767,19913335,4629705710388431266425974,-194962,84,100,100,0,True
1716234779,19913336,4629705710388431266425974,-194962,84,100,100,0,True
1716234791,19913337,4629705710388431266425974,-194962,84,100,100,0,True
1716234803,19913338,4629464833241855535525770,-194963,85,100,100,0,True
1716234815,19913339,4629464833241855535525770,-194963,85,100,100,0,True
1716234827,19913340,4629464833241855535525770,-194963,85,100,100,0,True
1716234839,19913341,4629464833241855535525770,-194963,85,100,100,0,True
1716234851,19913342,4629464833241855535525770,-194963,85,100,100,0,True
1716234863,19913343,4629307829977562674791724,-194964,86,100,100,0,True
1716234875,19913344,4640970832645061855774226,-194914,87,100,100,0,True
1716234887,19913345,4640970832645061855774226,-194914,87,100,100,0,True
1716234899,19913346,4640970832645061855774226,-194914,87,100,100,0,True
1716234911,19913347,4644328385889956332967269,-194899,88,100,100,0,True
1716234923,19913348,4644328385889956332967269,-194899,88,100,100,0,True
1716234935,19913349,4644328385889956332967269,-194899,88,100,100,0,True
1716234947,19913350,4644328385889956332967269,-194899,88,100,100,0,True
1716234959,19913351,4644328385889956332967269,-194899,88,100,100,0,True
1716234971,19913352,4644328385889956332967269,-194899,88,100,100,0,True
1716234983,19913353,4644328385889956332967269,-194899,88,100,100,0,True
1716234995,19913354,4644328385889956332967269,-194899,88,100,100,0,True
1716235007,19913355,4644328385889956332967269,-194899,88,100,100,0,True
1716235019,19913356,4644328385889956332967269,-194899,88,100,100,0,True
1716235031,19913357,4644328385889956332967269,-194899,88,100,100,0,True
1716235043,19913358,4644328385889956332967269,-194899,88,100,100,0,True
1716235055,19913359,4644328385889956332967269,-194899,88,100,100,0,True
1716235067,19913360,4644328385889956332967269,-194899,88,100,100,0,True
1716235079,19913361,4646069788700905725177700,-194892,89,100,100,0,True
1716235091,19913362,4646069788700905725177700,-194892,89,100,100,0,True
1716235103,19913363,4646069788700905725177700,-194892,89,100,100,0,True
1716235115,19913364,4646069788700905725177700,-194892,89,100,100,0,True
1716235127,19913365,4646069788700905725177700,-194892,89,100,100,0,True
1716235139,19913366,4646069788700905725177700,-194892,89,100,100,0,True
1716235151,19913367,4646069788700905725177700,-194892,89,100,100,0,True
1716235163,19913368,4646069788700905725177700,-194892,89,100,100,0,True
1716235175,19913369,4646069788700905725177700,-194892,89,100,100,0,True
1716235187,19913370,4646069788700905725177700,-194892,89,100,100,0,True
1716235199,19913371,4646069788700905725177700,-194892,89,100,100,0,True
1716235211,19913372,4649739690226602946790039,-194876,90,100,100,0,True
1716235223,19913373,4649739690226602946790039,-194876,90,100,100,0,True
1716235235,19913374,4655679535705696021483572,-194850,91,100,100,0,True
1716235247,19913375,4655679535705696021483572,-194850,91,100,100,0,True
1716235259,19913376,4655679535705696021483572,-194850,91,100,100,0,True
1716235271,19913377,4655679535705696021483572,-194850,91,100,100,0,True
1716235283,19913378,4652240048887431293745425,-194865,92,100,100,0,True
1716235295,19913379,4652240048887431293745425,-194865,92,100,100,0,True
1716235307,19913380,4652240048887431293745425,-194865,92,100,100,0,True
1716235319,19913381,4652240048887431293745425,-194865,92,100,100,0,True
1716235331,19913382,4652240048887431293745425,-194865,92,100,100,0,True
1716235343,19913383,4643827151384500533687992,-194901,93,100,100,0,True
1716235355,19913384,4643827151384500533687992,-194901,93,100,100,0,True
1716235367,19913385,4643827151384500533687992,-194901,93,100,100,0,True
1716235379,19913386,4643827151384500533687992,-194901,93,100,100,0,True
1716235391,19913387,4643827151384500533687992,-194901,93,100,100,0,True
1716235403,19913388,4643827151384500533687992,-194901,93,100,100,0,True
1716235415,19913389,4643827151384500533687992,-194901,93,100,100,0,True
1716235427,19913390,4643827151384500533687992,-194901,93,100,100,0,True
1716235439,19913391,4643827151384500533687992,-194901,93,100,100,0,True
1716235451,19913392,4643827151384500533687992,-194901,93,100,100,0,True
1716235463,19913393,4643827151384500533687992,-194901,93,100,100,0,True
1716235475,19913394,4643827151384500533687992,-194901,93,100,100,0,True
1716235487,19913395,4643827151384500533687992,-194901,93,100,100,0,True
1716235499,19913396,4643827151384500533687992,-194901,93,100,100,0,True
1716235511,19913397,4643827151384500533687992,-194901,93,100,100,0,True
1716235523,19913398,4643827151384500533687992,-194901,93,100,100,0,True
1716235535,19913399,4643827151384500533687992,-194901,93,100,100,0,True
1716235547,19913400,4643827151384500533687992,-194901,93,100,100,0,True
1716235559,19913401,4646998604681668340912106,-194888,94,100,100,0,True
1716235571,19913402,4646998604681668340912106,-194888,94,100,100,0,True
1716235583,19913403,4646998604681668340912106,-194888,94,100,100,0,True
1716235595,19913404,4646998604681668340912106,-194888,94,100,100,0,True
1716235607,19913405,4646998604681668340912106,-194888,94,100,100,0,True
1716235619,19913406,4646998604681668340912106,-194888,94,100,100,0,True
1716235631,19913407,4646998604681668340912106,-194888,94,100,100,0,True
1716235643,19913408,4646998604681668340912106,-194888,94,100,100,0,True
1716235655,19913409,4646998604681668340912106,-194888,94,100,100,0,True
1716235667,19913410,4646998604681668340912106,-194888,94,100,100,0,True
1716235679,19913411,4646998604681668340912106,-194888,94,100,100,0,True
1716235691,19913412,4647000207961530154464409,-194888,94,100,100,0,True
1716235703,19913413,4647000207961530154464409,-194888,94,100,100,0,True
1716235715,19913414,4647000207961530154464409,-194888,94,100,100,0,True
1716235727,19913415,4647000207961530154464409,-194888,94,100,100,0,True
1716235739,19913416,4647000207961530154464409,-194888,94,100,100,0,True
1716235751,19913417,4647000207961530154464409,-194888,94,100,100,0,True
1716235763,19913418,4647000207961530154464409,-194888,94,100,100,0,True
1716235775,19913419,4647000207961530154464409,-194888,94,100,100,0,True
1716235787,19913420,4647000207961530154464409,-194888,94,100,100,0,True
1716235799,19913421,4647000207961530154464409,-194888,94,100,100,0,True
1716235811,19913422,4647000207961530154464409,-194888,94,100,100,0,True
1716235823,19913423,4647000207961530154464409,-194888,94,100,100,0,True
1716235835,19913424,4647000207961530154464409,-194888,94,100,100,0,True
1716235847,19913425,4647000207961530154464409,-194888,94,100,100,0,True
1716235859,19913426,4647000207961530154464409,-194888,94,100,100,0,True
1716235871,19913427,4647000207961530154464409,-194888,94,100,100,0,True
1716235883,19913428,4647000207961530154464409,-194888,94,100,100,0,True
1716235895,19913429,4647000207961530154464409,-194888,94,100,100,0,True
1716235907,19913430,4647000207961530154464409,-194888,94,100,100,0,True
1716235919,19913431,4647000207961530154464409,-194888,94,100,100,0,True
1716235931,19913432,4647000207961530154464409,-194888,94,100,100,0,True
1716235943,19913433,4645120916629394267570156,-194896,95,100,100,0,True
1716235955,19913434,4645120916629394267570156,-194896,95,100,100,0,True
1716235967,19913435,4643538045415565152976170,-194902,96,100,100,0,True
1716235979,19913436,4642376149683891355115164,-194907,97,100,100,0,True
1716235991,19913437,4642363488990995572739379,-194908,98,100,100,0,True
1716236003,19913438,4642363488990995572739379,-194908,98,100,100,0,True
1716236015,19913439,4642363488990995572739379,-194908,98,100,100,0,True
1716236027,19913440,4642363488990995572739379,-194908,98,100,100,0,True
1716236039,19913441,4642363488990995572739379,-194908,98,100,100,0,True
1716236051,19913442,4642363488990995572739379,-194908,98,100,100,0,True
1716236063,19913443,4642363488990995572739379,-194908,98,100,100,0,True
1716236075,19913444,4642363488990995572739379,-194908,98,100,100,0,True
1716236087,19913445,4642363488990995572739379,-194908,98,100,100,0,True
1716236099,19913446,4642363488990995572739379,-194908,98,100,100,0,True
1716236111,19913447,4642363488990995572739379,-194908,98,100,100,0,True
1716236123,19913448,4642363488990995572739379,-194908,98,100,100,0,True
1716236135,19913449,4642363488990995572739379,-194908,98,100,100,0,True
1716236147,19913450,4650334989552017342013525,-194873,99,100,100,0,True
1716236159,19913451,4650334989552017342013525,-194873,99,100,100,0,True
1716236171,19913452,4650334989552017342013525,-194873,99,100,100,0,True
1716236183,19913453,4650334989552017342013525,-194873,99,100,100,0,True
1716236195,19913454,4650334989552017342013525,-194873,99,100,100,0,True
1716236207,19913455,4649930192365976538406067,-194875,0,100,100,0,True
1716236219,19913456,4649930192365976538406067,-194875,0,100,100,0,True
1716236231,19913457,4649760004032400779367476,-194876,1,100,100,0,True
1716236243,19913458,4649414567378844197202793,-194877,2,100,100,0,True
1716236255,19913459,4648946081472604816132221,-194879,3,100,100,0,True
1716236267,19913460,4648946081472604816132221,-194879,3,100,100,0,True
1716236279,19913461,4648946081472604816132221,-194879,3,100,100,0,True
1716236291,19913462,4648946081472604816132221,-194879,3,100,100,0,True
1716236303,19913463,4648946081472604816132221,-194879,3,100,100,0,True
1716236315,19913464,4648946081472604816132221,-194879,3,100,100,0,True
1716236327,19913465,4648953502846549749683950,-194879,3,100,100,0,True
1716236339,19913466,4648933200524648022628565,-194879,3,100,100,0,True
1716236351,19913467,4648933200524648022628565,-194879,3,100,100,0,True
1716236363,19913468,4648933200524648022628565,-194879,3,100,100,0,True
1716236375,19913469,4648933200524648022628565,-194879,3,100,100,0,True
1716236387,19913470,4645872556947700299860786,-194892,4,100,100,0,True
1716236399,19913471,4645872556947700299860786,-194892,4,100,100,0,True
1716236411,19913472,4645872556947700299860786,-194892,4,100,100,0,True
1716236423,19913473,4645872556947700299860786,-194892,4,100,100,0,True
1716236435,19913474,4644339906198157569672552,-194899,5,100,100,0,True
1716236447,19913475,4644302572981962787538044,-194899,5,100,100,0,True
1716236459,19913476,4644302572981962787538044,-194899,5,100,100,0,True
1716236471,19913477,4644302572981962787538044,-194899,5,100,100,0,True
1716236483,19913478,4644301724101988480332335,-194899,5,100,100,0,True
1716236495,19913479,4643185510701521312345830,-194904,6,100,100,0,True
1716236507,19913480,4643180708609916453940552,-194904,6,100,100,0,True
1716236519,19913481,4642102024343790902740043,-194909,7,100,100,0,True
1716236531,19913482,4641927263186880401954282,-194909,7,100,100,0,True
1716236543,19913483,4641927263186880401954282,-194909,7,100,100,0,True
1716236555,19913484,4641927263186880401954282,-194909,7,100,100,0,True
1716236567,19913485,4641927263186880401954282,-194909,7,100,100,0,True
1716236579,19913486,4641927263186880401954282,-194909,7,100,100,0,True
1716236591,19913487,4641927263186880401954282,-194909,7,100,100,0,True
1716236603,19913488,4641927263186880401954282,-194909,7,100,100,0,True
1716236615,19913489,4641927263186880401954282,-194909,7,100,100,0,True
1716236627,19913490,4641927263186880401954282,-194909,7,100,100,0,True
1716236639,19913491,4641927263186880401954282,-194909,7,100,100,0,True
1716236651,19913492,4641927263186880401954282,-194909,7,100,100,0,True
1716236663,19913493,4641927263186880401954282,-194909,7,100,100,0,True
1716236675,19913494,4641927263186880401954282,-194909,7,100,100,0,True
1716236687,19913495,4641927263186880401954282,-194909,7,100,100,0,True
1716236699,19913496,4641927263186880401954282,-194909,7,100,100,0,True
1716236711,19913497,4641927263186880401954282,-194909,7,100,100,0,True
1716236723,19913498,4641927263186880401954282,-194909,7,100,100,0,True
1716236735,19913499,4641927263186880401954282,-194909,7,100,100,0,True
1716236747,19913500,4641927263186880401954282,-194909,7,100,100,0,True
1716236759,19913501,4641927263186880401954282,-194909,7,100,100,0,True
1716236771,19913502,4641927263186880401954282,-194909,7,100,100,0,True
1716236783,19913503,4641927263186880401954282,-194909,7,100,100,0,True
1716236795,19913504,4641927263186880401954282,-194909,7,100,100,0,True
1716236807,19913505,4641927263186880401954282,-194909,7,100,100,0,True
1716236819,19913506,4641927263186880401954282,-194909,7,100,100,0,True
1716236831,19913507,4641927263186880401954282,-194909,7,100,100,0,True
1716236843,19913508,4641927263186880401954282,-194909,7,100,100,0,True
1716236855,19913509,4641927263186880401954282,-194909,7,100,100,0,True
1716236867,19913510,4641927263186880401954282,-194909,7,100,100,0,True
1716236879,19913511,4643424843970440132525146,-194903,8,100,100,0,True
1716236891,19913512,4643424843970440132525146,-194903,8,100,100,0,True
1716236903,19913513,4643424843970440132525146,-194903,8,100,100,0,True
1716236915,19913514,4643424843970440132525146,-194903,8,100,100,0,True
1716236927,19913515,4643424843970440132525146,-194903,8,100,100,0,True
1716236939,19913516,4643404388635980118594359,-194903,8,100,100,0,True
1716236951,19913517,4645341355522754533203422,-194895,9,100,100,0,True
1716236963,19913518,4645341355522754533203422,-194895,9,100,100,0,True
1716236975,19913519,4645341355522754533203422,-194895,9,100,100,0,True
1716236987,19913520,4645341355522754533203422,-194895,9,100,100,0,True
1716236999,19913521,4645341355522754533203422,-194895,9,100,100,0,True
1716237011,19913522,4645341355522754533203422,-194895,9,100,100,0,True
1716237023,19913523,4645341355522754533203422,-194895,9,100,100,0,True
1716237035,19913524,4645341355522754533203422,-194895,9,100,100,0,True
1716237047,19913525,4645341355522754533203422,-194895,9,100,100,0,True
1716237059,19913526,4645341355522754533203422,-194895,9,100,100,0,True
1716237071,19913527,4645341355522754533203422,-194895,9,100,100,0,True
1716237083,19913528,4645328156743049417680806,-194895,9,100,100,0,True
1716237095,19913529,4646180928336602126085028,-194891,10,100,100,0,True
1716237107,19913530,4646180928336602126085028,-194891,10,100,100,0,True
1716237119,19913531,4646180928336602126085028,-194891,10,100,100,0,True
1716237131,19913532,4646180928336602126085028,-194891,10,100,100,0,True
1716237143,19913533,4647715171046266605118028,-194884,11,100,100,0,True
1716237155,19913534,4650272711211717078846789,-194873,12,100,100,0,True
1716237167,19913535,4650272711211717078846789,-194873,12,100,100,0,True
1716237179,19913536,4652387772369546508330657,-194864,13,100,100,0,True
1716237191,19913537,4652387772369546508330657,-194864,13,100,100,0,True
1716237203,19913538,4652387772369546508330657,-194864,13,100,100,0,True
1716237215,19913539,4652387772369546508330657,-194864,13,100,100,0,True
1716237227,19913540,4652387772369546508330657,-194864,13,100,100,0,True
1716237239,19913541,4652387772369546508330657,-194864,13,100,100,0,True
1716237251,19913542,4652387772369546508330657,-194864,13,100,100,0,True
1716237263,19913543,4652387772369546508330657,-194864,13,100,100,0,True
1716237275,19913544,4654736330418296348538824,-194854,14,100,100,0,True
1716237287,19913545,4656661465143152838948373,-194846,15,100,100,0,True
1716237299,19913546,4675767841594954951949179,-194764,16,100,100,0,True
1716237311,19913547,4680792711952550750193305,-194743,17,100,100,0,True
1716237323,19913548,4708845173280969014855356,-194623,18,100,100,0,True
1716237335,19913549,4706855661398377468697991,-194632,19,100,100,0,True
1716237347,19913550,4706855661398377468697991,-194632,19,100,100,0,True
1716237359,19913551,4706855661398377468697991,-194632,19,100,100,0,True
1716237371,19913552,4706855661398377468697991,-194632,19,100,100,0,True
1716237383,19913553,4706855661398377468697991,-194632,19,100,100,0,True
1716237395,19913554,4706683245278523991470495,-194632,19,100,100,0,True
1716237407,19913555,4706683245278523991470495,-194632,19,100,100,0,True
1716237419,19913556,4704716876140827036834793,-194641,20,100,100,0,True
1716237431,19913557,4704697963843458678400073,-194641,20,100,100,0,True
1716237443,19913558,4704697963843458678400073,-194641,20,100,100,0,True
1716237455,19913559,4704697963843458678400073,-194641,20,100,100,0,True
1716237467,19913560,4704697963843458678400073,-194641,20,100,100,0,True
1716237479,19913561,4704697963843458678400073,-194641,20,100,100,0,True
1716237491,19913562,4704697963843458678400073,-194641,20,100,100,0,True
1716237503,19913563,4704697963843458678400073,-194641,20,100,100,0,True
1716237515,19913564,4704697963843458678400073,-194641,20,100,100,0,True
1716237527,19913565,4707074957475026955598687,-194631,21,100,100,0,True
1716237539,19913566,4707074957475026955598687,-194631,22,100,100,0,True
1716237551,19913567,4707074957475026955598687,-194631,22,100,100,0,True
1716237563,19913568,4707074957475026955598687,-194631,22,100,100,0,True
1716237575,19913569,4707029755415201162522413,-194631,22,100,100,0,True
1716237587,19913570,4707029755415201162522413,-194631,22,100,100,0,True
1716237599,19913571,4707029755415201162522413,-194631,22,100,100,0,True
1716237611,19913572,4708183461808963257225299,-194626,23,100,100,0,True
1716237623,19913573,4708183461808963257225299,-194626,23,100,100,0,True
1716237635,19913574,4708264053956887684760748,-194626,23,100,100,0,True
1716237647,19913575,4708264053956887684760748,-194626,23,100,100,0,True
1716237659,19913576,4708264053956887684760748,-194626,23,100,100,0,True
1716237671,19913577,4708264053956887684760748,-194626,23,100,100,0,True
1716237683,19913578,4708264053956887684760748,-194626,23,100,100,0,True
1716237695,19913579,4708371510154120254808014,-194625,24,100,100,0,True
1716237707,19913580,4708371510154120254808014,-194625,24,100,100,0,True
1716237719,19913581,4708371510154120254808014,-194625,24,100,100,0,True
1716237731,19913582,4708371510154120254808014,-194625,24,100,100,0,True
1716237743,19913583,4708371510154120254808014,-194625,24,100,100,0,True
1716237755,19913584,4708371510154120254808014,-194625,24,100,100,0,True
1716237767,19913585,4708371510154120254808014,-194625,24,100,100,0,True
1716237779,19913586,4708371510154120254808014,-194625,24,100,100,0,True
1716237791,19913587,4708371510154120254808014,-194625,24,100,100,0,True
1716237803,19913588,4708371510154120254808014,-194625,24,100,100,0,True
1716237815,19913589,4708371510154120254808014,-194625,24,100,100,0,True
1716237827,19913590,4708371510154120254808014,-194625,24,100,100,0,True
1716237839,19913591,4708155562363425059305432,-194626,25,100,100,0,True
1716237851,19913592,4708041725043767959339660,-194627,26,100,100,0,True
1716237863,19913593,4708041725043767959339660,-194627,26,100,100,0,True
1716237875,19913594,4708041725043767959339660,-194627,26,100,100,0,True
1716237887,19913595,4708041725043767959339660,-194627,26,100,100,0,True
1716237899,19913596,4701004653546871964154097,-194656,27,100,100,0,True
1716237911,19913597,4701004653546871964154097,-194656,27,100,100,0,True
1716237923,19913598,4701004653546871964154097,-194656,27,100,100,0,True
1716237935,19913599,4698956617531455876527826,-194665,28,100,100,0,True
1716237947,19913600,4698943875780712883575674,-194665,28,100,100,0,True
1716237959,19913601,4695062682571502458222703,-194682,29,100,100,0,True
1716237971,19913602,4692709214576750717042688,-194692,30,100,100,0,True
1716237983,19913603,4681823024774494097715756,-194738,31,100,100,0,True
1716237995,19913604,4678315292606009265605185,-194753,32,100,100,0,True
1716238007,19913605,4672818111585413135154225,-194777,33,100,100,0,True
1716238019,19913606,4672818111585413135154225,-194777,33,100,100,0,True
1716238031,19913607,4672818111585413135154225,-194777,33,100,100,0,True
1716238043,19913608,4672818111585413135154225,-194777,33,100,100,0,True
1716238055,19913609,4672818111585413135154225,-194777,33,100,100,0,True
1716238067,19913610,4672818111585413135154225,-194777,33,100,100,0,True
1716238079,19913611,4672818111585413135154225,-194777,33,100,100,0,True
1716238091,19913612,4672818111585413135154225,-194777,33,100,100,0,True
1716238103,19913613,4672818111585413135154225,-194777,33,100,100,0,True
1716238115,19913614,4672818111585413135154225,-194777,33,100,100,0,True
1716238127,19913615,4672818111585413135154225,-194777,33,100,100,0,True
1716238139,19913616,4674209646738096671676925,-194771,34,100,100,0,True
1716238151,19913617,4674209646738096671676925,-194771,34,100,100,0,True
1716238163,19913618,4674209646738096671676925,-194771,34,100,100,0,True
1716238175,19913619,4674209646738096671676925,-194771,34,100,100,0,True
1716238187,19913620,4674209646738096671676925,-194771,34,100,100,0,True
1716238199,19913621,4677200611668535645801468,-194758,35,100,100,0,True
1716238211,19913622,4677200611668535645801468,-194758,35,100,100,0,True
1716238223,19913623,4677200611668535645801468,-194758,35,100,100,0,True
1716238235,19913624,4678795786738146574348654,-194751,36,100,100,0,True
1716238247,19913625,4678795786738146574348654,-194751,36,100,100,0,True
1716238259,19913626,4678795786738146574348654,-194751,36,100,100,0,True
1716238271,19913627,4680068119267492013905736,-194746,37,100,100,0,True
1716238283,19913628,4684810922286748826504714,-194725,38,100,100,0,True
1716238295,19913629,4686568890447553552953743,-194718,39,100,100,0,True
1716238307,19913630,4686568890447553552953743,-194718,39,100,100,0,True
1716238319,19913631,4686568890447553552953743,-194718,39,100,100,0,True
1716238331,19913632,4686568890447553552953743,-194718,39,100,100,0,True
1716238343,19913633,4686601066178677362044752,-194718,39,100,100,0,True
1716238355,19913634,4686601066178677362044752,-194718,39,100,100,0,True
1716238367,19913635,4686601066178677362044752,-194718,39,100,100,0,True
1716238379,19913636,4686601066178677362044752,-194718,39,100,100,0,True
1716238391,19913637,4686601066178677362044752,-194718,39,100,100,0,True
1716238403,19913638,4686601066178677362044752,-194718,39,100,100,0,True
1716238415,19913639,4687134134964201369642043,-194716,40,100,100,0,True
1716238427,19913640,4687134134964201369642043,-194716,40,100,100,0,True
1716238439,19913641,4687134134964201369642043,-194716,40,100,100,0,True
1716238451,19913642,4687134134964201369642043,-194716,40,100,100,0,True
1716238463,19913643,4687134134964201369642043,-194716,40,100,100,0,True
1716238475,19913644,4687134134964201369642043,-194716,40,100,100,0,True
1716238487,19913645,4687134134964201369642043,-194716,40,100,100,0,True
1716238499,19913646,4687134134964201369642043,-194716,40,100,100,0,True
1716238511,19913647,4687134134964201369642043,-194716,40,100,100,0,True
1716238523,19913648,4687134134964201369642043,-194716,40,100,100,0,True
1716238535,19913649,4687134134964201369642043,-194716,40,100,100,0,True
1716238547,19913650,4687134134964201369642043,-194716,40,100,100,0,True
1716238559,19913651,4687134134964201369642043,-194716,40,100,100,0,True
1716238571,19913652,4687134134964201369642043,-194716,40,100,100,0,True
1716238583,19913653,4687134134964201369642043,-194716,40,100,100,0,True
1716238595,19913654,4687134134964201369642043,-194716,40,100,100,0,True
1716238607,19913655,4687134134964201369642043,-194716,40,100,100,0,True
1716238619,19913656,4687134134964201369642043,-194716,40,100,100,0,True
1716238631,19913657,4687134134964201369642043,-194716,40,100,100,0,True
1716238643,19913658,4687134134964201369642043,-194716,40,100,100,0,True
1716238655,19913659,4687134134964201369642043,-194716,40,100,100,0,True
1716238667,19913660,4687134134964201369642043,-194716,40,100,100,0,True
1716238679,19913661,4687134134964201369642043,-194716,40,100,100,0,True
1716238691,19913662,4687134134964201369642043,-194716,40,100,100,0,True
1716238703,19913663,4687134134964201369642043,-194716,40,100,100,0,True
1716238715,19913664,4687134134964201369642043,-194716,40,100,100,0,True
1716238727,19913665,4687134134964201369642043,-194716,40,100,100,0,True
1716238739,19913666,4687134134964201369642043,-194716,40,100,100,0,True
1716238751,19913667,4687134134964201369642043,-194716,40,100,100,0,True
1716238763,19913668,4687134134964201369642043,-194716,40,100,100,0,True
1716238775,19913669,4687134134964201369642043,-194716,40,100,100,0,True
1716238787,19913670,4687134134964201369642043,-194716,40,100,100,0,True
1716238799,19913671,4687134134964201369642043,-194716,40,100,100,0,True
1716238811,19913672,4687134134964201369642043,-194716,40,100,100,0,True
1716238823,19913673,4687134134964201369642043,-194716,40,100,100,0,True
1716238835,19913674,4687134134964201369642043,-194716,40,100,100,0,True
1716238847,19913675,4687134134964201369642043,-194716,40,100,100,0,True
1716238859,19913676,4687134134964201369642043,-194716,40,100,100,0,True
1716238871,19913677,4687134134964201369642043,-194716,40,100,100,0,True
1716238883,19913678,4687134134964201369642043,-194716,40,100,100,0,True
1716238895,19913679,4687134134964201369642043,-194716,40,100,100,0,True
1716238907,19913680,4687134134964201369642043,-194716,40,100,100,0,True
1716238919,19913681,4708579649819209336291573,-194624,41,100,100,0,True
1716238931,19913682,4688279292665745894266293,-194711,42,100,100,0,True
1716238943,19913683,4686182472746261804786465,-194720,43,100,100,0,True
1716238955,19913684,4686182472746261804786465,-194720,43,100,100,0,True
1716238967,19913685,4686182472746261804786465,-194720,43,100,100,0,True
1716238979,19913686,4686182472746261804786465,-194720,43,100,100,0,True
1716238991,19913687,4686182472746261804786465,-194720,43,100,100,0,True
1716239003,19913688,4686182472746261804786465,-194720,43,100,100,0,True
1716239015,19913689,4686182472746261804786465,-194720,43,100,100,0,True
1716239027,19913690,4686182472746261804786465,-194720,43,100,100,0,True
1716239039,19913691,4686182472746261804786465,-194720,43,100,100,0,True
1716239051,19913692,4686182472746261804786465,-194720,43,100,100,0,True
1716239063,19913693,4686182472746261804786465,-194720,43,100,100,0,True
1716239075,19913694,4686182472746261804786465,-194720,43,100,100,0,True
1716239087,19913695,4686182472746261804786465,-194720,43,100,100,0,True
1716239099,19913696,4686182472746261804786465,-194720,43,100,100,0,True
1716239111,19913697,4686182472746261804786465,-194720,43,100,100,0,True
1716239123,19913698,4686182472746261804786465,-194720,43,100,100,0,True
1716239135,19913699,4686182472746261804786465,-194720,43,100,100,0,True
1716239147,19913700,4686182472746261804786465,-194720,43,100,100,0,True
1716239159,19913701,4686182472746261804786465,-194720,43,100,100,0,True
1716239171,19913702,4686182472746261804786465,-194720,43,100,100,0,True
1716239183,19913703,4686182472746261804786465,-194720,43,100,100,0,True
1716239195,19913704,4686182472746261804786465,-194720,43,100,100,0,True
1716239207,19913705,4686182472746261804786465,-194720,43,100,100,0,True
1716239231,19913706,4686182472746261804786465,-194720,43,100,100,0,True
1716239243,19913707,4686182472746261804786465,-194720,43,100,100,0,True
1716239255,19913708,4686182472746261804786465,-194720,43,100,100,0,True
1716239267,19913709,4686182472746261804786465,-194720,43,100,100,0,True
1716239279,19913710,4686182472746261804786465,-194720,43,100,100,0,True
1716239291,19913711,4686182472746261804786465,-194720,43,100,100,0,True
1716239315,19913712,4686182472746261804786465,-194720,43,100,100,0,True
1716239327,19913713,4686182472746261804786465,-194720,43,100,100,0,True
1716239339,19913714,4686182472746261804786465,-194720,43,100,100,0,True
1716239351,19913715,4686182472746261804786465,-194720,43,100,100,0,True
1716239363,19913716,4686182472746261804786465,-194720,43,100,100,0,True
1716239375,19913717,4686182472746261804786465,-194720,43,100,100,0,True
1716239387,19913718,4686182472746261804786465,-194720,43,100,100,0,True
1716239399,19913719,4686259250940475177689827,-194719,44,100,100,0,True
1716239411,19913720,4686259250940475177689827,-194719,44,100,100,0,True
1716239423,19913721,4686259250940475177689827,-194719,44,100,100,0,True
1716239435,19913722,4686259250940475177689827,-194719,44,100,100,0,True
1716239447,19913723,4689112500038681554011265,-194707,45,100,100,0,True
1716239459,19913724,4691467545730432930251091,-194697,46,100,100,0,True
1716239471,19913725,4691467545730432930251091,-194697,46,100,100,0,True
1716239483,19913726,4691467545730432930251091,-194697,46,100,100,0,True
1716239495,19913727,4692912299626182392549253,-194691,47,100,100,0,True
1716239507,19913728,4692912299626182392549253,-194691,47,100,100,0,True
1716239519,19913729,4692912299626182392549253,-194691,47,100,100,0,True
1716239531,19913730,4692912299626182392549253,-194691,47,100,100,0,True
1716239543,19913731,4692912299626182392549253,-194691,47,100,100,0,True
1716239555,19913732,4692912299626182392549253,-194691,47,100,100,0,True
1716239567,19913733,4692912299626182392549253,-194691,47,100,100,0,True
1716239579,19913734,4692912299626182392549253,-194691,47,100,100,0,True
1716239591,19913735,4692912299626182392549253,-194691,47,100,100,0,True
1716239603,19913736,4692912299626182392549253,-194691,47,100,100,0,True
1716239615,19913737,4692912299626182392549253,-194691,47,100,100,0,True
1716239627,19913738,4692912299626182392549253,-194691,47,100,100,0,True
1716239639,19913739,4692912299626182392549253,-194691,47,100,100,0,True
1716239651,19913740,4692912299626182392549253,-194691,47,100,100,0,True
1716239663,19913741,4692912299626182392549253,-194691,47,100,100,0,True
1716239675,19913742,4692912299626182392549253,-194691,47,100,100,0,True
1716239687,19913743,4692912299626182392549253,-194691,47,100,100,0,True
1716239699,19913744,4692912299626182392549253,-194691,47,100,100,0,True
1716239711,19913745,4692912299626182392549253,-194691,47,100,100,0,True
1716239723,19913746,4692912299626182392549253,-194691,47,100,100,0,True
1716239735,19913747,4692912299626182392549253,-194691,47,100,100,0,True
1716239747,19913748,4706281086544118698489529,-194634,48,100,100,0,True
1716239759,19913749,4706281086544118698489529,-194634,48,100,100,0,True
1716239771,19913750,4706281086544118698489529,-194634,48,100,100,0,True
1716239783,19913751,4706281086544118698489529,-194634,48,100,100,0,True
1716239795,19913752,4706281086544118698489529,-194634,48,100,100,0,True
1716239807,19913753,4706281086544118698489529,-194634,48,100,100,0,True
1716239819,19913754,4706281086544118698489529,-194634,48,100,100,0,True
1716239831,19913755,4706281086544118698489529,-194634,48,100,100,0,True
1716239843,19913756,4706281086544118698489529,-194634,48,100,100,0,True
1716239855,19913757,4706281086544118698489529,-194634,48,100,100,0,True
1716239867,19913758,4706273503260134160369120,-194634,48,100,100,0,True
1716239879,19913759,4706273503260134160369120,-194634,48,100,100,0,True
1716239891,19913760,4706273503260134160369120,-194634,48,100,100,0,True
1716239903,19913761,4706273503260134160369120,-194634,48,100,100,0,True
1716239915,19913762,4706273503260134160369120,-194634,48,100,100,0,True
1716239927,19913763,4706273503260134160369120,-194634,48,100,100,0,True
1716239939,19913764,4706273503260134160369120,-194634,48,100,100,0,True
1716239951,19913765,4706273503260134160369120,-194634,48,100,100,0,True
1716239963,19913766,4706273503260134160369120,-194634,48,100,100,0,True
1716239975,19913767,4706273503260134160369120,-194634,48,100,100,0,True
1716239987,19913768,4706273503260134160369120,-194634,48,100,100,0,True
1716239999,19913769,4706273503260134160369120,-194634,48,100,100,0,True
1716240011,19913770,4707780320441203970618063,-194628,49,100,100,0,True
1716240023,19913771,4707774266824558215322918,-194628,49,100,100,0,True
1716240035,19913772,4707774266824558215322918,-194628,49,100,100,0,True
1716240047,19913773,4707774266824558215322918,-194628,49,100,100,0,True
1716240059,19913774,4707774266824558215322918,-194628,49,100,100,0,True
1716240071,19913775,4707774266824558215322918,-194628,49,100,100,0,True
1716240083,19913776,4707774266824558215322918,-194628,49,100,100,0,True
1716240095,19913777,4703908714694435459198283,-194644,50,100,100,0,True
1716240107,19913778,4703908714694435459198283,-194644,50,100,100,0,True
1716240119,19913779,4703865556845077210621544,-194644,50,100,100,0,True
1716240131,19913780,4703865556845077210621544,-194644,50,100,100,0,True
1716240143,19913781,4703865556845077210621544,-194644,50,100,100,0,True
1716240155,19913782,4703865556845077210621544,-194644,50,100,100,0,True
1716240167,19913783,4703865556845077210621544,-194644,50,100,100,0,True
1716240179,19913784,4703865556845077210621544,-194644,50,100,100,0,True
1716240191,19913785,4703865556845077210621544,-194644,50,100,100,0,True
1716240203,19913786,4703865556845077210621544,-194644,50,100,100,0,True
1716240215,19913787,4703865556845077210621544,-194644,50,100,100,0,True
1716240227,19913788,4703865556845077210621544,-194644,50,100,100,0,True
1716240239,19913789,4703865556845077210621544,-194644,50,100,100,0,True
1716240251,19913790,4705235266096089811202737,-194638,51,100,100,0,True
1716240263,19913791,4707838348857459806408162,-194627,52,100,100,0,True
1716240275,19913792,4711589092456922005443891,-194611,53,100,100,0,True
1716240287,19913793,4713209633606085195762609,-194605,54,100,100,0,True
1716240299,19913794,4713209633606085195762609,-194605,54,100,100,0,True
1716240311,19913795,4713209633606085195762609,-194605,54,100,100,0,True
1716240323,19913796,4713209633606085195762609,-194605,54,100,100,0,True
1716240335,19913797,4713209633606085195762609,-194605,54,100,100,0,True
1716240347,19913798,4713209633606085195762609,-194605,54,100,100,0,True
1716240359,19913799,4713209633606085195762609,-194605,54,100,100,0,True
1716240371,19913800,4713209633606085195762609,-194605,54,100,100,0,True
1716240383,19913801,4713209633606085195762609,-194605,54,100,100,0,True
1716240395,19913802,4713209633606085195762609,-194605,54,100,100,0,True
1716240407,19913803,4713209633606085195762609,-194605,54,100,100,0,True
1716240419,19913804,4713209633606085195762609,-194605,54,100,100,0,True
1716240431,19913805,4713209633606085195762609,-194605,54,100,100,0,True
1716240443,19913806,4713209633606085195762609,-194605,54,100,100,0,True
1716240455,19913807,4713209633606085195762609,-194605,54,100,100,0,True
1716240467,19913808,4713209633606085195762609,-194605,54,100,100,0,True
1716240479,19913809,4713209633606085195762609,-194605,54,100,100,0,True
1716240491,19913810,4713209633606085195762609,-194605,54,100,100,0,True
1716240503,19913811,4713209633606085195762609,-194605,54,100,100,0,True
1716240515,19913812,4713209633606085195762609,-194605,54,100,100,0,True
1716240527,19913813,4713209633606085195762609,-194605,54,100,100,0,True
1716240539,19913814,4713209633606085195762609,-194605,54,100,100,0,True
1716240551,19913815,4713182336121569301072561,-194605,54,100,100,0,True
1716240563,19913816,4713182336121569301072561,-194605,54,100,100,0,True
1716240575,19913817,4713182336121569301072561,-194605,54,100,100,0,True
1716240587,19913818,4713182336121569301072561,-194605,54,100,100,0,True
1716240599,19913819,4713182336121569301072561,-194605,54,100,100,0,True
1716240611,19913820,4713182336121569301072561,-194605,54,100,100,0,True
1716240623,19913821,4713182336121569301072561,-194605,54,100,100,0,True
1716240635,19913822,4713182336121569301072561,-194605,54,100,100,0,True
1716240647,19913823,4713182336121569301072561,-194605,54,100,100,0,True
1716240659,19913824,4713182336121569301072561,-194605,54,100,100,0,True
1716240671,19913825,4713182336121569301072561,-194605,54,100,100,0,True
1716240683,19913826,4713182336121569301072561,-194605,54,100,100,0,True
1716240695,19913827,4713182336121569301072561,-194605,54,100,100,0,True
1716240707,19913828,4713182336121569301072561,-194605,54,100,100,0,True
1716240719,19913829,4713182336121569301072561,-194605,54,100,100,0,True
1716240731,19913830,4713182336121569301072561,-194605,54,100,100,0,True
1716240743,19913831,4713182336121569301072561,-194605,54,100,100,0,True
1716240755,19913832,4713182336121569301072561,-194605,54,100,100,0,True
1716240767,19913833,4713182336121569301072561,-194605,54,100,100,0,True
1716240779,19913834,4713182336121569301072561,-194605,54,100,100,0,True
1716240791,19913835,4713182336121569301072561,-194605,54,100,100,0,True
1716240803,19913836,4713182336121569301072561,-194605,54,100,100,0,True
1716240815,19913837,4717393626932187249128468,-194587,55,100,100,0,True
1716240827,19913838,4717686054859085356855684,-194586,56,100,100,0,True
1716240839,19913839,4717686054859085356855684,-194586,56,100,100,0,True
1716240851,19913840,4717686054859085356855684,-194586,56,100,100,0,True
1716240863,19913841,4717686054859085356855684,-194586,56,100,100,0,True
1716240875,19913842,4719561434956492548658165,-194578,57,100,100,0,True
1716240887,19913843,4721717312447321067696822,-194569,58,100,100,0,True
1716240899,19913844,4721717312447321067696822,-194569,58,100,100,0,True
1716240911,19913845,4721717312447321067696822,-194569,58,100,100,0,True
1716240923,19913846,4721717312447321067696822,-194569,58,100,100,0,True
1716240935,19913847,4721717312447321067696822,-194569,58,100,100,0,True
1716240947,19913848,4730144167493524054071218,-194533,59,100,100,0,True
1716240959,19913849,4730144167493524054071218,-194533,59,100,100,0,True
1716240971,19913850,4730144167493524054071218,-194533,59,100,100,0,True
1716240983,19913851,4730144167493524054071218,-194533,59,100,100,0,True
1716240995,19913852,4740429194195135667101150,-194489,60,100,100,0,True
1716241007,19913853,4740429194195135667101150,-194489,60,100,100,0,True
1716241019,19913854,4740429194195135667101150,-194489,60,100,100,0,True
1716241031,19913855,4740429194195135667101150,-194489,60,100,100,0,True
1716241043,19913856,4740429194195135667101150,-194489,60,100,100,0,True
1716241055,19913857,4740429194195135667101150,-194489,60,100,100,0,True
1716241067,19913858,4740429194195135667101150,-194489,60,100,100,0,True
1716241079,19913859,4740429194195135667101150,-194489,60,100,100,0,True
1716241091,19913860,4740429194195135667101150,-194489,60,100,100,0,True
1716241103,19913861,4740429194195135667101150,-194489,60,100,100,0,True
1716241115,19913862,4740429194195135667101150,-194489,60,100,100,0,True
1716241127,19913863,4740429194195135667101150,-194489,60,100,100,0,True
1716241139,19913864,4740429194195135667101150,-194489,60,100,100,0,True
1716241151,19913865,4740429194195135667101150,-194489,60,100,100,0,True
1716241163,19913866,4740429194195135667101150,-194489,60,100,100,0,True
1716241175,19913867,4740429194195135667101150,-194489,60,100,100,0,True
1716241187,19913868,4740429194195135667101150,-194489,60,100,100,0,True
1716241199,19913869,4740429194195135667101150,-194489,60,100,100,0,True
1716241211,19913870,4740429194195135667101150,-194489,60,100,100,0,True
1716241223,19913871,4740429194195135667101150,-194489,60,100,100,0,True
1716241235,19913872,4740429194195135667101150,-194489,60,100,100,0,True
1716241247,19913873,4740429194195135667101150,-194489,60,100,100,0,True
1716241259,19913874,4740429194195135667101150,-194489,60,100,100,0,True
1716241271,19913875,4740429194195135667101150,-194489,60,100,100,0,True
1716241283,19913876,4740429194195135667101150,-194489,60,100,100,0,True
1716241295,19913877,4740429194195135667101150,-194489,60,100,100,0,True
1716241307,19913878,4740429194195135667101150,-194489,60,100,100,0,True
1716241319,19913879,4740429194195135667101150,-194489,60,100,100,0,True
1716241331,19913880,4740429194195135667101150,-194489,60,100,100,0,True
1716241343,19913881,4740429194195135667101150,-194489,60,100,100,0,True
1716241355,19913882,4740429194195135667101150,-194489,60,100,100,0,True
1716241367,19913883,4740429194195135667101150,-194489,60,100,100,0,True
1716241379,19913884,4740429194195135667101150,-194489,60,100,100,0,True
1716241391,19913885,4740429194195135667101150,-194489,60,100,100,0,True
1716241403,19913886,4740429194195135667101150,-194489,60,100,100,0,True
1716241415,19913887,4740429194195135667101150,-194489,60,100,100,0,True
1716241427,19913888,4740429194195135667101150,-194489,60,100,100,0,True
1716241439,19913889,4740429194195135667101150,-194489,60,100,100,0,True
1716241451,19913890,4740429194195135667101150,-194489,60,100,100,0,True
1716241463,19913891,4740384343255216207710035,-194490,61,100,100,0,True
1716241475,19913892,4740384343255216207710035,-194490,61,100,100,0,True
1716241487,19913893,4740384343255216207710035,-194490,61,100,100,0,True
1716241499,19913894,4740384343255216207710035,-194490,61,100,100,0,True
1716241511,19913895,4740384343255216207710035,-194490,61,100,100,0,True
1716241523,19913896,4740384343255216207710035,-194490,61,100,100,0,True
1716241535,19913897,4740384343255216207710035,-194490,61,100,100,0,True
1716241547,19913898,4740384343255216207710035,-194490,61,100,100,0,True
1716241559,19913899,4740384343255216207710035,-194490,61,100,100,0,True
1716241571,19913900,4740384343255216207710035,-194490,61,100,100,0,True
1716241583,19913901,4740349352772017692111920,-194490,61,100,100,0,True
1716241595,19913902,4740349352772017692111920,-194490,61,100,100,0,True
1716241607,19913903,4740349352772017692111920,-194490,61,100,100,0,True
1716241619,19913904,4740349352772017692111920,-194490,61,100,100,0,True
1716241631,19913905,4740349352772017692111920,-194490,61,100,100,0,True
1716241643,19913906,4740349352772017692111920,-194490,61,100,100,0,True
1716241655,19913907,4740349352772017692111920,-194490,61,100,100,0,True
1716241667,19913908,4740349352772017692111920,-194490,61,100,100,0,True
1716241679,19913909,4740349352772017692111920,-194490,61,100,100,0,True
1716241691,19913910,4740349352772017692111920,-194490,61,100,100,0,True
1716241703,19913911,4740349352772017692111920,-194490,61,100,100,0,True
1716241715,19913912,4740349352772017692111920,-194490,61,100,100,0,True
1716241727,19913913,4740349352772017692111920,-194490,61,100,100,0,True
1716241739,19913914,4740349352772017692111920,-194490,61,100,100,0,True
1716241751,19913915,4740349352772017692111920,-194490,61,100,100,0,True
1716241763,19913916,4740349352772017692111920,-194490,61,100,100,0,True
1716241775,19913917,4740349352772017692111920,-194490,61,100,100,0,True
1716241787,19913918,4740349352772017692111920,-194490,61,100,100,0,True
1716241799,19913919,4740349352772017692111920,-194490,61,100,100,0,True
1716241811,19913920,4740349352772017692111920,-194490,61,100,100,0,True
1716241823,19913921,4740349352772017692111920,-194490,61,100,100,0,True
1716241835,19913922,4740308764759487036835166,-194490,61,100,100,0,True
1716241847,19913923,4740308764759487036835166,-194490,61,100,100,0,True
1716241859,19913924,4740308764759487036835166,-194490,61,100,100,0,True
1716241871,19913925,4740308764759487036835166,-194490,61,100,100,0,True
1716241883,19913926,4740308764759487036835166,-194490,61,100,100,0,True
1716241895,19913927,4740308764759487036835166,-194490,61,100,100,0,True
1716241907,19913928,4740308764759487036835166,-194490,61,100,100,0,True
1716241919,19913929,4740308764759487036835166,-194490,61,100,100,0,True
1716241931,19913930,4740308764759487036835166,-194490,61,100,100,0,True
1716241943,19913931,4740308764759487036835166,-194490,61,100,100,0,True
1716241955,19913932,4740308764759487036835166,-194490,61,100,100,0,True
1716241967,19913933,4748894185470902734152386,-194454,62,100,100,0,True
1716241979,19913934,4748894185470902734152386,-194454,62,100,100,0,True
1716241991,19913935,4748894185470902734152386,-194454,62,100,100,0,True
1716242003,19913936,4751045792444187150841458,-194445,63,100,100,0,True
1716242015,19913937,4751045792444187150841458,-194445,63,100,100,0,True
1716242027,19913938,4751045792444187150841458,-194445,63,100,100,0,True
1716242039,19913939,4751045792444187150841458,-194445,63,100,100,0,True
1716242051,19913940,4751045792444187150841458,-194445,63,100,100,0,True
1716242063,19913941,4751045792444187150841458,-194445,63,100,100,0,True
1716242075,19913942,4751045792444187150841458,-194445,63,100,100,0,True
1716242087,19913943,4751045792444187150841458,-194445,63,100,100,0,True
1716242099,19913944,4751045792444187150841458,-194445,63,100,100,0,True
1716242111,19913945,4762765798582222463072911,-194395,64,100,100,0,True
1716242123,19913946,4762765798582222463072911,-194395,64,100,100,0,True
1716242135,19913947,4762765798582222463072911,-194395,64,100,100,0,True
1716242147,19913948,4762765798582222463072911,-194395,64,100,100,0,True
1716242159,19913949,4762765798582222463072911,-194395,64,100,100,0,True
1716242171,19913950,4762765798582222463072911,-194395,64,100,100,0,True
1716242183,19913951,4762765798582222463072911,-194395,64,100,100,0,True
1716242195,19913952,4762765798582222463072911,-194395,64,100,100,0,True
1716242207,19913953,4762765798582222463072911,-194395,64,100,100,0,True
1716242219,19913954,4762765798582222463072911,-194395,64,100,100,0,True
1716242231,19913955,4764847047627362529207727,-194387,65,100,100,0,True
1716242243,19913956,4764820325366426598199255,-194387,65,100,100,0,True
1716242255,19913957,4764820325366426598199255,-194387,65,100,100,0,True
1716242267,19913958,4772711114119536115681328,-194354,66,100,100,0,True
1716242279,19913959,4772711114119536115681328,-194354,66,100,100,0,True
1716242291,19913960,4772711114119536115681328,-194354,66,100,100,0,True
1716242303,19913961,4772711114119536115681328,-194354,66,100,100,0,True
1716242315,19913962,4772711114119536115681328,-194354,66,100,100,0,True
1716242327,19913963,4775402484557332548306694,-194342,67,100,100,0,True
1716242339,19913964,4775402484557332548306694,-194342,67,100,100,0,True
1716242351,19913965,4775402484557332548306694,-194342,67,100,100,0,True
1716242363,19913966,4775402484557332548306694,-194342,67,100,100,0,True
1716242375,19913967,4775402484557332548306694,-194342,67,100,100,0,True
1716242387,19913968,4775402484557332548306694,-194342,67,100,100,0,True
1716242399,19913969,4777422551189560485661435,-194334,68,100,100,0,True
1716242411,19913970,4777422551189560485661435,-194334,68,100,100,0,True
1716242423,19913971,4774962370108263013880162,-194344,69,100,100,0,True
1716242435,19913972,4774962370108263013880162,-194344,69,100,100,0,True
1716242447,19913973,4773494790032028701032448,-194350,70,100,100,0,True
1716242459,19913974,4773494790032028701032448,-194350,70,100,100,0,True
1716242471,19913975,4770695924959201724977581,-194362,71,100,100,0,True
1716242483,19913976,4770695924959201724977581,-194362,71,100,100,0,True
1716242495,19913977,4770695924959201724977581,-194362,71,100,100,0,True
1716242507,19913978,4770695924959201724977581,-194362,71,100,100,0,True
1716242519,19913979,4770695924959201724977581,-194362,71,100,100,0,True
1716242531,19913980,4770695924959201724977581,-194362,71,100,100,0,True
1716242543,19913981,4770695924959201724977581,-194362,71,100,100,0,True
1716242555,19913982,4770695924959201724977581,-194362,71,100,100,0,True
1716242567,19913983,4770695924959201724977581,-194362,71,100,100,0,True
1716242579,19913984,4770695924959201724977581,-194362,71,100,100,0,True
1716242591,19913985,4770695924959201724977581,-194362,71,100,100,0,True
1716242603,19913986,4770695924959201724977581,-194362,71,100,100,0,True
1716242615,19913987,4770695924959201724977581,-194362,71,100,100,0,True
1716242627,19913988,4770695924959201724977581,-194362,71,100,100,0,True
1716242639,19913989,4770695924959201724977581,-194362,71,100,100,0,True
1716242651,19913990,4770695924959201724977581,-194362,71,100,100,0,True
1716242663,19913991,4770695924959201724977581,-194362,71,100,100,0,True
1716242675,19913992,4770695924959201724977581,-194362,71,100,100,0,True
1716242687,19913993,4770695924959201724977581,-194362,71,100,100,0,True
1716242699,19913994,4770695924959201724977581,-194362,71,100,100,0,True
1716242711,19913995,4770695924959201724977581,-194362,71,100,100,0,True
1716242723,19913996,4770695924959201724977581,-194362,71,100,100,0,True
1716242735,19913997,4770695924959201724977581,-194362,71,100,100,0,True
1716242747,19913998,4770695924959201724977581,-194362,71,100,100,0,True
1716242759,19913999,4770695924959201724977581,-194362,71,100,100,0,True
1716242771,19914000,4770695924959201724977581,-194362,71,100,100,0,True
1716242783,19914001,4770695924959201724977581,-194362,71,100,100,0,True
1716242795,19914002,4770695924959201724977581,-194362,71,100,100,0,True
1716242807,19914003,4770695924959201724977581,-194362,71,100,100,0,True
1716242819,19914004,4770695924959201724977581,-194362,71,100,100,0,True
1716242831,19914005,4770677359861888848944837,-194362,71,100,100,0,True
1716242843,19914006,4770677359861888848944837,-194362,71,100,100,0,True
1716242855,19914007,4770677359861888848944837,-194362,71,100,100,0,True
1716242867,19914008,4770677359861888848944837,-194362,71,100,100,0,True
1716242879,19914009,4770677359861888848944837,-194362,71,100,100,0,True
1716242891,19914010,4770666211192093791407550,-194362,71,100,100,0,True
1716242903,19914011,4770666211192093791407550,-194362,71,100,100,0,True
1716242915,19914012,4770666211192093791407550,-194362,71,100,100,0,True
1716242927,19914013,4770666211192093791407550,-194362,71,100,100,0,True
1716242939,19914014,4770666211192093791407550,-194362,71,100,100,0,True
1716242951,19914015,4770666211192093791407550,-194362,71,100,100,0,True
1716242963,19914016,4770666211192093791407550,-194362,71,100,100,0,True
1716242975,19914017,4770666211192093791407550,-194362,71,100,100,0,True
1716242987,19914018,4770666211192093791407550,-194362,71,100,100,0,True
1716242999,19914019,4770666211192093791407550,-194362,71,100,100,0,True
1716243011,19914020,4770666211192093791407550,-194362,71,100,100,0,True
1716243023,19914021,4770666211192093791407550,-194362,71,100,100,0,True
1716243035,19914022,4770666211192093791407550,-194362,71,100,100,0,True
1716243047,19914023,4770666211192093791407550,-194362,71,100,100,0,True
1716243059,19914024,4770666211192093791407550,-194362,71,100,100,0,True
1716243071,19914025,4770660743584455035957529,-194362,71,100,100,0,True
1716243083,19914026,4770660743584455035957529,-194362,71,100,100,0,True
1716243095,19914027,4770660743584455035957529,-194362,71,100,100,0,True
1716243107,19914028,4770660743584455035957529,-194362,71,100,100,0,True
1716243119,19914029,4769198679173075056314340,-194368,72,100,100,0,True
1716243131,19914030,4769198679173075056314340,-194368,72,100,100,0,True
1716243143,19914031,4769198679173075056314340,-194368,72,100,100,0,True
1716243155,19914032,4769156727244981796844712,-194369,73,100,100,0,True
1716243167,19914033,4769074710161489234693501,-194369,73,100,100,0,True
1716243179,19914034,4769074710161489234693501,-194369,73,100,100,0,True
1716243191,19914035,4769074710161489234693501,-194369,73,100,100,0,True
1716243203,19914036,4769074710161489234693501,-194369,73,100,100,0,True
1716243215,19914037,4769074710161489234693501,-194369,73,100,100,0,True
1716243227,19914038,4768907776303473331103515,-194370,74,100,100,0,True
1716243239,19914039,4768907776303473331103515,-194370,74,100,100,0,True
1716243251,19914040,4768907776303473331103515,-194370,74,100,100,0,True
1716243263,19914041,4768907776303473331103515,-194370,74,100,100,0,True
1716243275,19914042,4768907776303473331103515,-194370,74,100,100,0,True
1716243287,19914043,4768907776303473331103515,-194370,74,100,100,0,True
1716243299,19914044,4768907776303473331103515,-194370,74,100,100,0,True
1716243311,19914045,4769852749666608153928333,-194366,75,100,100,0,True
1716243323,19914046,4769852749666608153928333,-194366,75,100,100,0,True
1716243335,19914047,4769852749666608153928333,-194366,75,100,100,0,True
1716243347,19914048,4769852749666608153928333,-194366,75,100,100,0,True
1716243359,19914049,4769852749666608153928333,-194366,75,100,100,0,True
1716243371,19914050,4769852749666608153928333,-194366,75,100,100,0,True
1716243383,19914051,4774706496561730911268770,-194345,76,100,100,0,True
1716243395,19914052,4778050303680338761526335,-194331,77,100,100,0,True
1716243407,19914053,4778050303680338761526335,-194331,77,100,100,0,True
1716243419,19914054,4778050303680338761526335,-194331,77,100,100,0,True
1716243431,19914055,4778050303680338761526335,-194331,77,100,100,0,True
1716243443,19914056,4778050303680338761526335,-194331,77,100,100,0,True
1716243455,19914057,4778050303680338761526335,-194331,77,100,100,0,True
1716243467,19914058,4778050303680338761526335,-194331,77,100,100,0,True
1716243479,19914059,4778050303680338761526335,-194331,77,100,100,0,True
1716243491,19914060,4778050303680338761526335,-194331,77,100,100,0,True
1716243503,19914061,4778050303680338761526335,-194331,77,100,100,0,True
1716243515,19914062,4778050303680338761526335,-194331,77,100,100,0,True
1716243527,19914063,4778050303680338761526335,-194331,77,100,100,0,True
1716243539,19914064,4778050303680338761526335,-194331,77,100,100,0,True
1716243551,19914065,4778050303680338761526335,-194331,77,100,100,0,True
1716243563,19914066,4778050303680338761526335,-194331,77,100,100,0,True
1716243575,19914067,4778050303680338761526335,-194331,77,100,100,0,True
1716243587,19914068,4778050303680338761526335,-194331,77,100,100,0,True
1716243599,19914069,4778050303680338761526335,-194331,77,100,100,0,True
1716243611,19914070,4778050303680338761526335,-194331,77,100,100,0,True
1716243623,19914071,4778050303680338761526335,-194331,77,100,100,0,True
1716243635,19914072,4778050303680338761526335,-194331,77,100,100,0,True
1716243647,19914073,4779549674212203363257704,-194325,78,100,100,0,True
1716243659,19914074,4779549674212203363257704,-194325,78,100,100,0,True
1716243671,19914075,4779549674212203363257704,-194325,78,100,100,0,True
1716243683,19914076,4780370006700204622054019,-194322,79,100,100,0,True
1716243695,19914077,4780370006700204622054019,-194322,79,100,100,0,True
1716243707,19914078,4780370006700204622054019,-194322,79,100,100,0,True
1716243719,19914079,4780370006700204622054019,-194322,79,100,100,0,True
1716243731,19914080,4780370006700204622054019,-194322,79,100,100,0,True
1716243743,19914081,4780370006700204622054019,-194322,79,100,100,0,True
1716243755,19914082,4784999267090057552291895,-194302,80,100,100,0,True
1716243767,19914083,4793415440067233607276182,-194267,81,100,100,0,True
1716243779,19914084,4793415440067233607276182,-194267,81,100,100,0,True
1716243791,19914085,4794859828992927358887135,-194261,82,100,100,0,True
1716243803,19914086,4794859828992927358887135,-194261,82,100,100,0,True
1716243815,19914087,4794857603946717168372410,-194261,82,100,100,0,True
1716243827,19914088,4794857603946717168372410,-194261,82,100,100,0,True
1716243839,19914089,4794857603946717168372410,-194261,82,100,100,0,True
1716243851,19914090,4794857603946717168372410,-194261,82,100,100,0,True
1716243875,19914091,4793926368705496643501040,-194265,83,100,100,0,True
1716243887,19914092,4793926368705496643501040,-194265,83,100,100,0,True
1716243899,19914093,4793926368705496643501040,-194265,83,100,100,0,True
1716243911,19914094,4793926368705496643501040,-194265,83,100,100,0,True
1716243923,19914095,4793926368705496643501040,-194265,83,100,100,0,True
1716243935,19914096,4793926368705496643501040,-194265,83,100,100,0,True
1716243947,19914097,4793926368705496643501040,-194265,83,100,100,0,True
1716243959,19914098,4792485751263488630587392,-194271,84,100,100,0,True
1716243971,19914099,4792485751263488630587392,-194271,84,100,100,0,True
1716243983,19914100,4792485751263488630587392,-194271,84,100,100,0,True
1716243995,19914101,4792485751263488630587392,-194271,84,100,100,0,True
1716244007,19914102,4792485751263488630587392,-194271,84,100,100,0,True
1716244019,19914103,4792485751263488630587392,-194271,84,100,100,0,True
1716244031,19914104,4792485751263488630587392,-194271,84,100,100,0,True
1716244043,19914105,4792485751263488630587392,-194271,84,100,100,0,True
1716244055,19914106,4792485751263488630587392,-194271,84,100,100,0,True
1716244067,19914107,4792485751263488630587392,-194271,84,100,100,0,True
1716244079,19914108,4792485751263488630587392,-194271,84,100,100,0,True
1716244091,19914109,4791864287381546714507961,-194274,85,100,100,0,True
1716244103,19914110,4791864287381546714507961,-194274,85,100,100,0,True
1716244115,19914111,4791825169746817705843316,-194274,85,100,100,0,True
1716244127,19914112,4791764309641160055991053,-194274,85,100,100,0,True
1716244139,19914113,4791764309641160055991053,-194274,85,100,100,0,True
1716244151,19914114,4791764309641160055991053,-194274,85,100,100,0,True
1716244163,19914115,4791764309641160055991053,-194274,85,100,100,0,True
1716244175,19914116,4791764309641160055991053,-194274,85,100,100,0,True
1716244187,19914117,4791764309641160055991053,-194274,85,100,100,0,True
1716244199,19914118,4791764309641160055991053,-194274,85,100,100,0,True
1716244211,19914119,4791764309641160055991053,-194274,85,100,100,0,True
1716244223,19914120,4791764309641160055991053,-194274,85,100,100,0,True
1716244235,19914121,4790721782360140500877588,-194278,86,100,100,0,True
1716244247,19914122,4790721782360140500877588,-194278,86,100,100,0,True
1716244259,19914123,4790721782360140500877588,-194278,86,100,100,0,True
1716244271,19914124,4790721782360140500877588,-194278,86,100,100,0,True
1716244283,19914125,4790721782360140500877588,-194278,86,100,100,0,True
1716244295,19914126,4790721782360140500877588,-194278,86,100,100,0,True
1716244307,19914127,4790721782360140500877588,-194278,86,100,100,0,True
1716244319,19914128,4790721782360140500877588,-194278,86,100,100,0,True
1716244331,19914129,4790721782360140500877588,-194278,86,100,100,0,True
1716244343,19914130,4790721782360140500877588,-194278,86,100,100,0,True
1716244355,19914131,4790721782360140500877588,-194278,86,100,100,0,True
1716244367,19914132,4790721782360140500877588,-194278,86,100,100,0,True
1716244379,19914133,4790719660637032769560529,-194278,86,100,100,0,True
1716244391,19914134,4790696707032244666341951,-194278,86,100,100,0,True
1716244403,19914135,4790696707032244666341951,-194278,86,100,100,0,True
1716244415,19914136,4790696707032244666341951,-194278,86,100,100,0,True
1716244427,19914137,4790696707032244666341951,-194278,86,100,100,0,True
1716244439,19914138,4790696707032244666341951,-194278,86,100,100,0,True
1716244451,19914139,4790696707032244666341951,-194278,86,100,100,0,True
1716244463,19914140,4790696707032244666341951,-194278,86,100,100,0,True
1716244475,19914141,4790696707032244666341951,-194278,86,100,100,0,True
1716244487,19914142,4790696707032244666341951,-194278,86,100,100,0,True
1716244499,19914143,4790696707032244666341951,-194278,86,100,100,0,True
1716244523,19914144,4790696707032244666341951,-194278,86,100,100,0,True
1716244535,19914145,4790696707032244666341951,-194278,86,100,100,0,True
1716244547,19914146,4790696707032244666341951,-194278,86,100,100,0,True
1716244559,19914147,4790696707032244666341951,-194278,86,100,100,0,True
1716244571,19914148,4790696707032244666341951,-194278,86,100,100,0,True
1716244583,19914149,4790696707032244666341951,-194278,86,100,100,0,True
1716244595,19914150,4790696707032244666341951,-194278,86,100,100,0,True
1716244607,19914151,4790696707032244666341951,-194278,86,100,100,0,True
1716244619,19914152,4790696707032244666341951,-194278,86,100,100,0,True
1716244631,19914153,4790696707032244666341951,-194278,86,100,100,0,True
1716244643,19914154,4788261127797965523425499,-194289,87,100,100,0,True
1716244655,19914155,4785079294152921718122632,-194302,88,100,100,0,True
1716244667,19914156,4785079294152921718122632,-194302,88,100,100,0,True
1716244679,19914157,4785079294152921718122632,-194302,88,100,100,0,True
1716244691,19914158,4785079294152921718122632,-194302,88,100,100,0,True
1716244703,19914159,4783171404327793779692259,-194310,89,100,100,0,True
1716244715,19914160,4783171404327793779692259,-194310,89,100,100,0,True
1716244727,19914161,4782976576715240213697884,-194311,90,100,100,0,True
1716244739,19914162,4782976576715240213697884,-194311,90,100,100,0,True
1716244751,19914163,4782976576715240213697884,-194311,90,100,100,0,True
1716244763,19914164,4782976576715240213697884,-194311,90,100,100,0,True
1716244775,19914165,4782976576715240213697884,-194311,90,100,100,0,True
1716244787,19914166,4782976576715240213697884,-194311,90,100,100,0,True
1716244799,19914167,4782976576715240213697884,-194311,90,100,100,0,True
1716244811,19914168,4782976576715240213697884,-194311,90,100,100,0,True
1716244823,19914169,4782976576715240213697884,-194311,90,100,100,0,True
1716244835,19914170,4782976576715240213697884,-194311,90,100,100,0,True
1716244847,19914171,4782976576715240213697884,-194311,90,100,100,0,True
1716244859,19914172,4782877491282458060032848,-194311,90,100,100,0,True
1716244871,19914173,4782877491282458060032848,-194311,90,100,100,0,True
1716244883,19914174,4782877491282458060032848,-194311,90,100,100,0,True
1716244895,19914175,4782877491282458060032848,-194311,90,100,100,0,True
1716244907,19914176,4782473312902423054726737,-194313,91,100,100,0,True
1716244919,19914177,4782231566047688698731382,-194314,92,100,100,0,True
1716244931,19914178,4782231566047688698731382,-194314,92,100,100,0,True
1716244943,19914179,4782231566047688698731382,-194314,92,100,100,0,True
1716244955,19914180,4782231566047688698731382,-194314,92,100,100,0,True
1716244967,19914181,4782231566047688698731382,-194314,92,100,100,0,True
1716244979,19914182,4782231566047688698731382,-194314,92,100,100,0,True
1716244991,19914183,4782231566047688698731382,-194314,92,100,100,0,True
1716245003,19914184,4782231566047688698731382,-194314,92,100,100,0,True
1716245015,19914185,4782231566047688698731382,-194314,92,100,100,0,True
1716245027,19914186,4781695785014967705093663,-194316,93,100,100,0,True
1716245039,19914187,4781695785014967705093663,-194316,93,100,100,0,True
1716245051,19914188,4781695785014967705093663,-194316,93,100,100,0,True
1716245063,19914189,4781695785014967705093663,-194316,93,100,100,0,True
1716245075,19914190,4781437159239848156691678,-194317,94,100,100,0,True
1716245087,19914191,4781437159239848156691678,-194317,94,100,100,0,True
1716245099,19914192,4781029615823425251325089,-194319,95,100,100,0,True
1716245111,19914193,4781029615823425251325089,-194319,95,100,100,0,True
1716245135,19914194,4781029615823425251325089,-194319,95,100,100,0,True
1716245147,19914195,4781029615823425251325089,-194319,95,100,100,0,True
1716245159,19914196,4781029615823425251325089,-194319,95,100,100,0,True
1716245171,19914197,4781029615823425251325089,-194319,95,100,100,0,True
1716245183,19914198,4781029615823425251325089,-194319,95,100,100,0,True
1716245195,19914199,4780574275873974776914662,-194321,96,100,100,0,True
1716245207,19914200,4780574275873974776914662,-194321,96,100,100,0,True
1716245219,19914201,4780574275873974776914662,-194321,96,100,100,0,True
1716245231,19914202,4780574275873974776914662,-194321,96,100,100,0,True
1716245243,19914203,4780574275873974776914662,-194321,96,100,100,0,True
1716245255,19914204,4780574275873974776914662,-194321,96,100,100,0,True
1716245267,19914205,4780574275873974776914662,-194321,96,100,100,0,True
1716245279,19914206,4780574275873974776914662,-194321,96,100,100,0,True
1716245291,19914207,4780574275873974776914662,-194321,96,100,100,0,True
1716245303,19914208,4780574275873974776914662,-194321,96,100,100,0,True
1716245315,19914209,4779415745196579589929008,-194326,97,100,100,0,True
1716245327,19914210,4777929265852098729830641,-194332,98,100,100,0,True
1716245339,19914211,4777929265852098729830641,-194332,98,100,100,0,True
1716245351,19914212,4775259635005641708892764,-194343,99,100,100,0,True
1716245363,19914213,4775259635005641708892764,-194343,99,100,100,0,True
1716245375,19914214,4774331868241741744476147,-194347,0,100,100,0,True
1716245387,19914215,4774024698024623410992006,-194348,1,100,100,0,True
1716245399,19914216,4772422374904690302689610,-194355,2,100,100,0,True
1716245411,19914217,4772422374904690302689610,-194355,2,100,100,0,True
1716245423,19914218,4772422374904690302689610,-194355,2,100,100,0,True
1716245435,19914219,4772422374904690302689610,-194355,2,100,100,0,True
1716245447,19914220,4772383148424946753868659,-194355,2,100,100,0,True
1716245459,19914221,4771956405451297256966460,-194357,3,100,100,0,True
1716245471,19914222,4771956405451297256966460,-194357,3,100,100,0,True
1716245483,19914223,4771948661815205750231090,-194357,3,100,100,0,True
1716245495,19914224,4771948661815205750231090,-194357,3,100,100,0,True
1716245507,19914225,4771948661815205750231090,-194357,3,100,100,0,True
1716245519,19914226,4771948661815205750231090,-194357,3,100,100,0,True
1716245531,19914227,4771948661815205750231090,-194357,3,100,100,0,True
1716245543,19914228,4771948661815205750231090,-194357,3,100,100,0,True
1716245555,19914229,4771948661815205750231090,-194357,3,100,100,0,True
1716245567,19914230,4771948661815205750231090,-194357,3,100,100,0,True
1716245579,19914231,4771948661815205750231090,-194357,3,100,100,0,True
1716245591,19914232,4771948661815205750231090,-194357,3,100,100,0,True
1716245603,19914233,4771948661815205750231090,-194357,3,100,100,0,True
1716245615,19914234,4770363591862971634024448,-194364,4,100,100,0,True
1716245627,19914235,4768665707522360975916841,-194371,5,100,100,0,True
1716245639,19914236,4767162823106352738905034,-194377,6,100,100,0,True
1716245651,19914237,4766686254773174571943465,-194379,7,100,100,0,True
1716245663,19914238,4766686254773174571943465,-194379,7,100,100,0,True
1716245675,19914239,4766686254773174571943465,-194379,7,100,100,0,True
1716245687,19914240,4766686254773174571943465,-194379,7,100,100,0,True
1716245699,19914241,4766686254773174571943465,-194379,7,100,100,0,True
1716245711,19914242,4766686254773174571943465,-194379,7,100,100,0,True
1716245723,19914243,4766686254773174571943465,-194379,7,100,100,0,True
1716245735,19914244,4766686254773174571943465,-194379,7,100,100,0,True
1716245747,19914245,4766601968836299778177995,-194379,7,100,100,0,True
1716245759,19914246,4766601968836299778177995,-194379,7,100,100,0,True
1716245771,19914247,4766138535303364646602780,-194381,8,100,100,0,True
1716245783,19914248,4766138535303364646602780,-194381,8,100,100,0,True
1716245795,19914249,4766008747734788551181232,-194382,9,100,100,0,True
1716245807,19914250,4766008747734788551181232,-194382,9,100,100,0,True
1716245819,19914251,4766003881270003434173050,-194382,9,100,100,0,True
1716245831,19914252,4766003881270003434173050,-194382,9,100,100,0,True
1716245843,19914253,4766003881270003434173050,-194382,9,100,100,0,True
1716245855,19914254,4766003881270003434173050,-194382,9,100,100,0,True
1716245867,19914255,4766003881270003434173050,-194382,9,100,100,0,True
1716245879,19914256,4766003881270003434173050,-194382,9,100,100,0,True
1716245891,19914257,4766003881270003434173050,-194382,9,100,100,0,True
1716245903,19914258,4766003881270003434173050,-194382,9,100,100,0,True
1716245915,19914259,4766003881270003434173050,-194382,9,100,100,0,True
1716245927,19914260,4766003881270003434173050,-194382,9,100,100,0,True
1716245939,19914261,4765993533601390466991391,-194382,9,100,100,0,True
1716245951,19914262,4765993533601390466991391,-194382,9,100,100,0,True
1716245963,19914263,4765993533601390466991391,-194382,9,100,100,0,True
1716245975,19914264,4765993533601390466991391,-194382,9,100,100,0,True
1716245987,19914265,4765993533601390466991391,-194382,9,100,100,0,True
1716245999,19914266,4765993533601390466991391,-194382,9,100,100,0,True
1716246011,19914267,4765993533601390466991391,-194382,9,100,100,0,True
1716246023,19914268,4765993533601390466991391,-194382,9,100,100,0,True
1716246035,19914269,4765993533601390466991391,-194382,9,100,100,0,True
1716246047,19914270,4765993533601390466991391,-194382,9,100,100,0,True
1716246059,19914271,4765998207093020238852006,-194382,9,100,100,0,True
1716246071,19914272,4765998207093020238852006,-194382,9,100,100,0,True
1716246083,19914273,4765998207093020238852006,-194382,9,100,100,0,True
1716246095,19914274,4765992132929348989092937,-194382,9,100,100,0,True
1716246107,19914275,4765992132929348989092937,-194382,9,100,100,0,True
1716246119,19914276,4765992132929348989092937,-194382,9,100,100,0,True
1716246131,19914277,4765992132929348989092937,-194382,9,100,100,0,True
1716246143,19914278,4765992132929348989092937,-194382,9,100,100,0,True
1716246155,19914279,4765992132929348989092937,-194382,9,100,100,0,True
1716246167,19914280,4765992132929348989092937,-194382,9,100,100,0,True
1716246179,19914281,4765992132929348989092937,-194382,9,100,100,0,True
1716246191,19914282,4765992132929348989092937,-194382,9,100,100,0,True
1716246203,19914283,4765992132929348989092937,-194382,9,100,100,0,True
1716246215,19914284,4765992132929348989092937,-194382,9,100,100,0,True
1716246227,19914285,4765992132929348989092937,-194382,9,100,100,0,True
1716246239,19914286,4766403115170345687304659,-194380,10,100,100,0,True
1716246251,19914287,4766403115170345687304659,-194380,10,100,100,0,True
1716246263,19914288,4766403115170345687304659,-194380,10,100,100,0,True
1716246275,19914289,4766403115170345687304659,-194380,10,100,100,0,True
1716246287,19914290,4766403115170345687304659,-194380,10,100,100,0,True
1716246299,19914291,4766403115170345687304659,-194380,10,100,100,0,True
1716246311,19914292,4766403115170345687304659,-194380,10,100,100,0,True
1716246323,19914293,4766403115170345687304659,-194380,10,100,100,0,True
1716246335,19914294,4766403115170345687304659,-194380,10,100,100,0,True
1716246347,19914295,4766403115170345687304659,-194380,10,100,100,0,True
1716246359,19914296,4766403115170345687304659,-194380,10,100,100,0,True
1716246371,19914297,4766403115170345687304659,-194380,10,100,100,0,True
1716246383,19914298,4766403115170345687304659,-194380,10,100,100,0,True
1716246395,19914299,4766403115170345687304659,-194380,10,100,100,0,True
1716246407,19914300,4766403115170345687304659,-194380,10,100,100,0,True
1716246419,19914301,4766403115170345687304659,-194380,10,100,100,0,True
1716246431,19914302,4766403115170345687304659,-194380,10,100,100,0,True
1716246443,19914303,4766403115170345687304659,-194380,10,100,100,0,True
1716246455,19914304,4766403115170345687304659,-194380,10,100,100,0,True
1716246467,19914305,4766403115170345687304659,-194380,10,100,100,0,True
1716246479,19914306,4766403115170345687304659,-194380,10,100,100,0,True
1716246491,19914307,4766418898454431477079634,-194380,10,100,100,0,True
1716246503,19914308,4766418898454431477079634,-194380,10,100,100,0,True
1716246515,19914309,4766418898454431477079634,-194380,10,100,100,0,True
1716246527,19914310,4766418898454431477079634,-194380,10,100,100,0,True
1716246539,19914311,4766418898454431477079634,-194380,10,100,100,0,True
1716246551,19914312,4766418898454431477079634,-194380,10,100,100,0,True
1716246563,19914313,4766418898454431477079634,-194380,10,100,100,0,True
1716246575,19914314,4766418898454431477079634,-194380,10,100,100,0,True
1716246587,19914315,4766418898454431477079634,-194380,10,100,100,0,True
1716246599,19914316,4766418898454431477079634,-194380,10,100,100,0,True
1716246611,19914317,4766418898454431477079634,-194380,10,100,100,0,True
1716246623,19914318,4766418898454431477079634,-194380,10,100,100,0,True
1716246635,19914319,4766418898454431477079634,-194380,10,100,100,0,True
1716246647,19914320,4766418898454431477079634,-194380,10,100,100,0,True
1716246659,19914321,4766418898454431477079634,-194380,10,100,100,0,True
1716246671,19914322,4766418898454431477079634,-194380,10,100,100,0,True
1716246683,19914323,4766418898454431477079634,-194380,10,100,100,0,True
1716246695,19914324,4766418898454431477079634,-194380,10,100,100,0,True
1716246707,19914325,4766418898454431477079634,-194380,10,100,100,0,True
1716246719,19914326,4766418898454431477079634,-194380,10,100,100,0,True
1716246731,19914327,4766418898454431477079634,-194380,10,100,100,0,True
1716246743,19914328,4766418898454431477079634,-194380,10,100,100,0,True
1716246755,19914329,4766418898454431477079634,-194380,10,100,100,0,True
1716246767,19914330,4766418898454431477079634,-194380,10,100,100,0,True
1716246779,19914331,4766418898454431477079634,-194380,10,100,100,0,True
1716246791,19914332,4766418898454431477079634,-194380,10,100,100,0,True
1716246803,19914333,4766418898454431477079634,-194380,10,100,100,0,True
1716246815,19914334,4766418898454431477079634,-194380,10,100,100,0,True
1716246827,19914335,4766418898454431477079634,-194380,10,100,100,0,True
1716246839,19914336,4766418898454431477079634,-194380,10,100,100,0,True
1716246851,19914337,4766418898454431477079634,-194380,10,100,100,0,True
1716246863,19914338,4768057988009699009012298,-194373,11,100,100,0,True
1716246875,19914339,4770436578510794555342517,-194363,12,100,100,0,True
1716246887,19914340,4770436578510794555342517,-194363,12,100,100,0,True
1716246899,19914341,4771877624153439339165046,-194357,13,100,100,0,True
1716246911,19914342,4771877624153439339165046,-194357,13,100,100,0,True
1716246923,19914343,4774579454915588867767046,-194346,14,100,100,0,True
1716246935,19914344,4774579454915588867767046,-194346,14,100,100,0,True
1716246947,19914345,4778220978657465822726437,-194331,15,100,100,0,True
1716246959,19914346,4778220978657465822726437,-194331,15,100,100,0,True
1716246971,19914347,4781171363383390450157079,-194318,16,100,100,0,True
1716246983,19914348,4781171363383390450157079,-194318,16,100,100,0,True
1716246995,19914349,4781171363383390450157079,-194318,16,100,100,0,True
1716247007,19914350,4781171363383390450157079,-194318,16,100,100,0,True
1716247019,19914351,4781171363383390450157079,-194318,16,100,100,0,True
1716247031,19914352,4781171363383390450157079,-194318,16,100,100,0,True
1716247043,19914353,4781171363383390450157079,-194318,16,100,100,0,True
1716247055,19914354,4781171363383390450157079,-194318,16,100,100,0,True
1716247067,19914355,4781171363383390450157079,-194318,16,100,100,0,True
1716247079,19914356,4781171363383390450157079,-194318,16,100,100,0,True
1716247091,19914357,4781171363383390450157079,-194318,16,100,100,0,True
1716247103,19914358,4781165234789850942673670,-194318,16,100,100,0,True
1716247115,19914359,4781165234789850942673670,-194318,16,100,100,0,True
1716247127,19914360,4781165234789850942673670,-194318,16,100,100,0,True
1716247139,19914361,4781165234789850942673670,-194318,16,100,100,0,True
1716247151,19914362,4781165234789850942673670,-194318,16,100,100,0,True
1716247163,19914363,4781165234789850942673670,-194318,16,100,100,0,True
1716247175,19914364,4781165234789850942673670,-194318,16,100,100,0,True
1716247187,19914365,4781165234789850942673670,-194318,16,100,100,0,True
1716247199,19914366,4781165234789850942673670,-194318,16,100,100,0,True
1716247211,19914367,4781165234789850942673670,-194318,16,100,100,0,True
1716247223,19914368,4781165234789850942673670,-194318,16,100,100,0,True
1716247235,19914369,4781165234789850942673670,-194318,16,100,100,0,True
1716247247,19914370,4781165234789850942673670,-194318,16,100,100,0,True
1716247259,19914371,4781165234789850942673670,-194318,16,100,100,0,True
1716247271,19914372,4781165234789850942673670,-194318,16,100,100,0,True
1716247283,19914373,4781165234789850942673670,-194318,16,100,100,0,True
1716247295,19914374,4781165234789850942673670,-194318,16,100,100,0,True
1716247307,19914375,4781165234789850942673670,-194318,16,100,100,0,True
1716247319,19914376,4781165234789850942673670,-194318,16,100,100,0,True
1716247331,19914377,4786152685092544220524363,-194297,17,100,100,0,True
1716247343,19914378,4786152685092544220524363,-194297,17,100,100,0,True
1716247355,19914379,4786152685092544220524363,-194297,17,100,100,0,True
1716247367,19914380,4786152685092544220524363,-194297,17,100,100,0,True
1716247379,19914381,4786152685092544220524363,-194297,17,100,100,0,True
1716247391,19914382,4786152685092544220524363,-194297,17,100,100,0,True
1716247403,19914383,4786152685092544220524363,-194297,17,100,100,0,True
1716247415,19914384,4786152685092544220524363,-194297,17,100,100,0,True
1716247427,19914385,4788196896126407718666629,-194289,18,100,100,0,True
1716247439,19914386,4788237139342414519030049,-194289,18,100,100,0,True
1716247451,19914387,4788237139342414519030049,-194289,18,100,100,0,True
1716247463,19914388,4788237139342414519030049,-194289,18,100,100,0,True
1716247475,19914389,4788237139342414519030049,-194289,18,100,100,0,True
1716247487,19914390,4788237139342414519030049,-194289,18,100,100,0,True
1716247499,19914391,4788237139342414519030049,-194289,18,100,100,0,True
1716247523,19914392,4788237139342414519030049,-194289,18,100,100,0,True
1716247535,19914393,4788237139342414519030049,-194289,18,100,100,0,True
1716247547,19914394,4788237139342414519030049,-194289,18,100,100,0,True
1716247559,19914395,4788237139342414519030049,-194289,18,100,100,0,True
1716247571,19914396,4788237139342414519030049,-194289,18,100,100,0,True
1716247583,19914397,4788237139342414519030049,-194289,18,100,100,0,True
1716247595,19914398,4788237139342414519030049,-194289,18,100,100,0,True
1716247607,19914399,4788237139342414519030049,-194289,18,100,100,0,True
1716247619,19914400,4788237139342414519030049,-194289,18,100,100,0,True
1716247631,19914401,4790937701408040259436184,-194277,19,100,100,0,True
1716247643,19914402,4795470365296730280511539,-194259,20,100,100,0,True
1716247655,19914403,4797274449469766574425967,-194251,21,100,100,0,True
1716247667,19914404,4797274449469766574425967,-194251,21,100,100,0,True
1716247679,19914405,4797274449469766574425967,-194251,21,100,100,0,True
1716247691,19914406,4797274449469766574425967,-194251,21,100,100,0,True
1716247703,19914407,4797274449469766574425967,-194251,21,100,100,0,True
1716247715,19914408,4799991298194372058100096,-194240,22,100,100,0,True
1716247727,19914409,4802349751651679236736303,-194230,23,100,100,0,True
1716247739,19914410,4807326980458529320505794,-194209,24,100,100,0,True
1716247751,19914411,4807326980458529320505794,-194209,24,100,100,0,True
1716247763,19914412,4807326980458529320505794,-194209,24,100,100,0,True
1716247775,19914413,4807326980458529320505794,-194209,24,100,100,0,True
1716247787,19914414,4807326980458529320505794,-194209,24,100,100,0,True
1716247799,19914415,4807326980458529320505794,-194209,24,100,100,0,True
1716247811,19914416,4807326980458529320505794,-194209,24,100,100,0,True
1716247823,19914417,4807326980458529320505794,-194209,24,100,100,0,True
1716247835,19914418,4807326980458529320505794,-194209,24,100,100,0,True
1716247847,19914419,4807326980458529320505794,-194209,24,100,100,0,True
1716247859,19914420,4807326980458529320505794,-194209,24,100,100,0,True
1716247871,19914421,4807326980458529320505794,-194209,24,100,100,0,True
1716247883,19914422,4807326980458529320505794,-194209,24,100,100,0,True
1716247895,19914423,4807326980458529320505794,-194209,24,100,100,0,True
1716247907,19914424,4805602587550466031016394,-194216,25,100,100,0,True
1716247919,19914425,4805602587550466031016394,-194216,25,100,100,0,True
1716247931,19914426,4805602587550466031016394,-194216,25,100,100,0,True
1716247943,19914427,4805602587550466031016394,-194216,25,100,100,0,True
1716247955,19914428,4805602587550466031016394,-194216,25,100,100,0,True
1716247967,19914429,4805602587550466031016394,-194216,25,100,100,0,True
1716247979,19914430,4805579276092197138159031,-194216,25,100,100,0,True
1716247991,19914431,4804619980235279473246690,-194220,26,100,100,0,True
1716248003,19914432,4804619980235279473246690,-194220,26,100,100,0,True
1716248015,19914433,4804619980235279473246690,-194220,26,100,100,0,True
1716248027,19914434,4804619980235279473246690,-194220,26,100,100,0,True
1716248039,19914435,4804619980235279473246690,-194220,26,100,100,0,True
1716248051,19914436,4804619980235279473246690,-194220,26,100,100,0,True
1716248063,19914437,4804077437137198724861189,-194223,27,100,100,0,True
1716248075,19914438,4804077437137198724861189,-194223,27,100,100,0,True
1716248087,19914439,4804075212090988534346464,-194223,27,100,100,0,True
1716248099,19914440,4804075212090988534346464,-194223,27,100,100,0,True
1716248111,19914441,4804075212090988534346464,-194223,27,100,100,0,True
1716248123,19914442,4804075212090988534346464,-194223,27,100,100,0,True
1716248135,19914443,4804075212090988534346464,-194223,27,100,100,0,True
1716248147,19914444,4804075212090988534346464,-194223,27,100,100,0,True
1716248159,19914445,4804075212090988534346464,-194223,27,100,100,0,True
1716248171,19914446,4803987688005731074300481,-194223,27,100,100,0,True
1716248183,19914447,4803987688005731074300481,-194223,27,100,100,0,True
1716248195,19914448,4803987688005731074300481,-194223,27,100,100,0,True
1716248207,19914449,4803168127046192238521398,-194226,28,100,100,0,True
1716248219,19914450,4803168127046192238521398,-194226,28,100,100,0,True
1716248231,19914451,4803027175495598457643976,-194227,29,100,100,0,True
1716248243,19914452,4802938609274094772835752,-194227,29,100,100,0,True
1716248255,19914453,4802938609274094772835752,-194227,29,100,100,0,True
1716248267,19914454,4802505869433579138637252,-194229,30,100,100,0,True
1716248279,19914455,4802505869433579138637252,-194229,30,100,100,0,True
1716248291,19914456,4802505869433579138637252,-194229,30,100,100,0,True
1716248303,19914457,4802505869433579138637252,-194229,30,100,100,0,True
1716248315,19914458,4802505869433579138637252,-194229,30,100,100,0,True
1716248327,19914459,4802505869433579138637252,-194229,30,100,100,0,True
1716248339,19914460,4802505869433579138637252,-194229,30,100,100,0,True
1716248351,19914461,4802505869433579138637252,-194229,30,100,100,0,True
1716248363,19914462,4802505869433579138637252,-194229,30,100,100,0,True
1716248375,19914463,4802505869433579138637252,-194229,30,100,100,0,True
1716248387,19914464,4802505869433579138637252,-194229,30,100,100,0,True
1716248399,19914465,4802505869433579138637252,-194229,30,100,100,0,True
1716248411,19914466,4802505869433579138637252,-194229,30,100,100,0,True
1716248423,19914467,4802505869433579138637252,-194229,30,100,100,0,True
1716248435,19914468,4802505869433579138637252,-194229,31,100,100,0,True
1716248447,19914469,4802505869433579138637252,-194229,31,100,100,0,True
1716248459,19914470,4802505869433579138637252,-194229,31,100,100,0,True
1716248471,19914471,4802505869433579138637252,-194229,31,100,100,0,True
1716248483,19914472,4802505869433579138637252,-194229,31,100,100,0,True
1716248495,19914473,4802505869433579138637252,-194229,31,100,100,0,True
1716248507,19914474,4802505869433579138637252,-194229,31,100,100,0,True
1716248519,19914475,4802537375392053647780640,-194229,31,100,100,0,True
1716248531,19914476,4802537375392053647780640,-194229,31,100,100,0,True
1716248543,19914477,4802537375392053647780640,-194229,31,100,100,0,True
1716248555,19914478,4802537375392053647780640,-194229,31,100,100,0,True
1716248567,19914479,4802537375392053647780640,-194229,31,100,100,0,True
1716248579,19914480,4802537375392053647780640,-194229,31,100,100,0,True
1716248591,19914481,4802537375392053647780640,-194229,31,100,100,0,True
1716248603,19914482,4802537375392053647780640,-194229,31,100,100,0,True
1716248615,19914483,4802537375392053647780640,-194229,31,100,100,0,True
1716248627,19914484,4802537375392053647780640,-194229,31,100,100,0,True
1716248639,19914485,4802537375392053647780640,-194229,31,100,100,0,True
1716248651,19914486,4802537375392053647780640,-194229,31,100,100,0,True
1716248663,19914487,4802537375392053647780640,-194229,31,100,100,0,True
1716248675,19914488,4802537375392053647780640,-194229,31,100,100,0,True
1716248687,19914489,4802537375392053647780640,-194229,31,100,100,0,True
1716248699,19914490,4802537375392053647780640,-194229,31,100,100,0,True
1716248711,19914491,4802537375392053647780640,-194229,31,100,100,0,True
1716248723,19914492,4802537375392053647780640,-194229,31,100,100,0,True
1716248735,19914493,4802537375392053647780640,-194229,31,100,100,0,True
1716248747,19914494,4802537375392053647780640,-194229,31,100,100,0,True
1716248759,19914495,4801420960694550561538711,-194234,32,100,100,0,True
1716248771,19914496,4801420960694550561538711,-194234,32,100,100,0,True
1716248783,19914497,4801410515109127989043387,-194234,32,100,100,0,True
1716248795,19914498,4798704387425351925489716,-194245,33,100,100,0,True
1716248807,19914499,4798704387425351925489716,-194245,33,100,100,0,True
1716248819,19914500,4798704387425351925489716,-194245,33,100,100,0,True
1716248831,19914501,4798704387425351925489716,-194245,33,100,100,0,True
1716248843,19914502,4798704387425351925489716,-194245,33,100,100,0,True
1716248855,19914503,4797579671202512047325786,-194250,34,100,100,0,True
1716248867,19914504,4797579671202512047325786,-194250,34,100,100,0,True
1716248879,19914505,4797579671202512047325786,-194250,34,100,100,0,True
1716248891,19914506,4797579671202512047325786,-194250,34,100,100,0,True
1716248903,19914507,4797579671202512047325786,-194250,34,100,100,0,True
1716248915,19914508,4797579671202512047325786,-194250,34,100,100,0,True
1716248927,19914509,4797579671202512047325786,-194250,34,100,100,0,True
1716248939,19914510,4797579671202512047325786,-194250,34,100,100,0,True
1716248951,19914511,4797579671202512047325786,-194250,34,100,100,0,True
1716248963,19914512,4797579671202512047325786,-194250,34,100,100,0,True
1716248975,19914513,4797579671202512047325786,-194250,34,100,100,0,True
1716248987,19914514,4797579671202512047325786,-194250,34,100,100,0,True
1716248999,19914515,4797579671202512047325786,-194250,34,100,100,0,True
1716249011,19914516,4797579671202512047325786,-194250,34,100,100,0,True
1716249023,19914517,4797579671202512047325786,-194250,34,100,100,0,True
1716249035,19914518,4797579671202512047325786,-194250,34,100,100,0,True
1716249047,19914519,4797579671202512047325786,-194250,34,100,100,0,True
1716249071,19914520,4795880324213080242058956,-194257,35,100,100,0,True
1716249083,19914521,4795880324213080242058956,-194257,35,100,100,0,True
1716249095,19914522,4793615383177092432754254,-194266,36,100,100,0,True
1716249107,19914523,4793615383177092432754254,-194266,36,100,100,0,True
1716249119,19914524,4792656203282512120671588,-194270,37,100,100,0,True
1716249131,19914525,4792621443878118471119188,-194270,37,100,100,0,True
1716249143,19914526,4792621443878118471119188,-194270,37,100,100,0,True
1716249155,19914527,4792580862157777271409824,-194271,38,100,100,0,True
1716249167,19914528,4792576925767469192565771,-194271,38,100,100,0,True
1716249179,19914529,4792576925767469192565771,-194271,38,100,100,0,True
1716249191,19914530,4792576925767469192565771,-194271,38,100,100,0,True
1716249203,19914531,4792576925767469192565771,-194271,38,100,100,0,True
1716249215,19914532,4792576925767469192565771,-194271,38,100,100,0,True
1716249227,19914533,4792576925767469192565771,-194271,38,100,100,0,True
1716249239,19914534,4792576925767469192565771,-194271,38,100,100,0,True
1716249251,19914535,4792576925767469192565771,-194271,38,100,100,0,True
1716249263,19914536,4792576925767469192565771,-194271,38,100,100,0,True
1716249275,19914537,4792576925767469192565771,-194271,38,100,100,0,True
1716249287,19914538,4792576925767469192565771,-194271,38,100,100,0,True
1716249299,19914539,4792576925767469192565771,-194271,38,100,100,0,True
1716249311,19914540,4792576925767469192565771,-194271,38,100,100,0,True
1716249323,19914541,4792576925767469192565771,-194271,38,100,100,0,True
1716249335,19914542,4792576925767469192565771,-194271,38,100,100,0,True
1716249347,19914543,4792576925767469192565771,-194271,38,100,100,0,True
1716249359,19914544,4792576925767469192565771,-194271,38,100,100,0,True
1716249371,19914545,4792576925767469192565771,-194271,38,100,100,0,True
1716249383,19914546,4792576925767469192565771,-194271,38,100,100,0,True
1716249395,19914547,4792576925767469192565771,-194271,38,100,100,0,True
1716249407,19914548,4792576925767469192565771,-194271,38,100,100,0,True
1716249419,19914549,4792576925767469192565771,-194271,38,100,100,0,True
1716249431,19914550,4792576925767469192565771,-194271,38,100,100,0,True
1716249443,19914551,4792576925767469192565771,-194271,38,100,100,0,True
1716249455,19914552,4792576925767469192565771,-194271,38,100,100,0,True
1716249467,19914553,4792576925767469192565771,-194271,38,100,100,0,True
1716249479,19914554,4792576925767469192565771,-194271,38,100,100,0,True
1716249491,19914555,4792576925767469192565771,-194271,38,100,100,0,True
1716249503,19914556,4792576925767469192565771,-194271,38,100,100,0,True
1716249515,19914557,4792576925767469192565771,-194271,38,100,100,0,True
1716249527,19914558,4792576925767469192565771,-194271,38,100,100,0,True
1716249539,19914559,4792576925767469192565771,-194271,38,100,100,0,True
1716249551,19914560,4792576925767469192565771,-194271,38,100,100,0,True
1716249563,19914561,4792576925767469192565771,-194271,38,100,100,0,True
1716249575,19914562,4792576925767469192565771,-194271,38,100,100,0,True
1716249599,19914564,4792576925767469192565771,-194271,38,100,100,0,True
