timestamp,blocknumber,sqrtPriceX96,tick,observationIndex,observationCardinality,observationCardinalityNext,feeProtocol,unlocked
1733702399,21361217,6402579846231759356210242875,-50316,11,180,180,0,True
1733702411,21361218,6402579846231759356210242875,-50316,11,180,180,0,True
1733702423,21361219,6402579846231759356210242875,-50316,11,180,180,0,True
1733702435,21361220,6402579846231759356210242875,-50316,11,180,180,0,True
1733702447,21361221,6402579846231759356210242875,-50316,11,180,180,0,True
1733702459,21361222,6402579846231759356210242875,-50316,11,180,180,0,True
1733702471,21361223,6410748982514198375008105154,-50290,12,180,180,0,True
1733702483,21361224,6415214664550736718507264125,-50276,13,180,180,0,True
1733702495,21361225,6415214664550736718507264125,-50276,13,180,180,0,True
1733702507,21361226,6417840054910624101557590569,-50268,14,180,180,0,True
1733702519,21361227,6426168731324737785308381184,-50242,15,180,180,0,True
1733702531,21361228,6426778315109131498605874330,-50240,16,180,180,0,True
1733702543,21361229,6426778315109131498605874330,-50240,16,180,180,0,True
1733702555,21361230,6426778315109131498605874330,-50240,16,180,180,0,True
1733702567,21361231,6426778315109131498605874330,-50240,16,180,180,0,True
1733702579,21361232,6426778315109131498605874330,-50240,16,180,180,0,True
1733702591,21361233,6426778315109131498605874330,-50240,16,180,180,0,True
1733702603,21361234,6426745900076266585365977772,-50240,16,180,180,0,True
1733702615,21361235,6426745900076266585365977772,-50240,16,180,180,0,True
1733702627,21361236,6426745900076266585365977772,-50240,16,180,180,0,True
1733702639,21361237,6426745900076266585365977772,-50240,16,180,180,0,True
1733702651,21361238,6426745900076266585365977772,-50240,16,180,180,0,True
1733702663,21361239,6426745900076266585365977772,-50240,16,180,180,0,True
1733702675,21361240,6426745900076266585365977772,-50240,16,180,180,0,True
1733702687,21361241,6426745900076266585365977772,-50240,16,180,180,0,True
1733702699,21361242,6426745900076266585365977772,-50240,16,180,180,0,True
1733702711,21361243,6426745900076266585365977772,-50240,16,180,180,0,True
1733702723,21361244,6426745900076266585365977772,-50240,16,180,180,0,True
1733702735,21361245,6426745900076266585365977772,-50240,16,180,180,0,True
1733702747,21361246,6426745900076266585365977772,-50240,16,180,180,0,True
1733702759,21361247,6426745900076266585365977772,-50240,16,180,180,0,True
1733702771,21361248,6426745900076266585365977772,-50240,16,180,180,0,True
1733702783,21361249,6430963318409872135458525392,-50227,17,180,180,0,True
1733702795,21361250,6435388887315340898751547513,-50213,18,180,180,0,True
1733702807,21361251,6436539408192949339993653156,-50210,19,180,180,0,True
1733702819,21361252,6441230183643087193286475135,-50195,20,180,180,0,True
1733702831,21361253,6440652109522806195099412143,-50197,21,180,180,0,True
1733702843,21361254,6440652109522806195099412143,-50197,21,180,180,0,True
1733702855,21361255,6441900224449430162288479990,-50193,22,180,180,0,True
1733702867,21361256,6441900224449430162288479990,-50193,22,180,180,0,True
1733702879,21361257,6441900224449430162288479990,-50193,22,180,180,0,True
1733702891,21361258,6444497590085286671020308445,-50185,23,180,180,0,True
1733702903,21361259,6445572475192512211523293663,-50182,24,180,180,0,True
1733702915,21361260,6445572475192512211523293663,-50182,24,180,180,0,True
1733702927,21361261,6450918108882808086265082496,-50165,25,180,180,0,True
1733702939,21361262,6450918108882808086265082496,-50165,25,180,180,0,True
1733702951,21361263,6450918108882808086265082496,-50165,25,180,180,0,True
1733702963,21361264,6454574052949729411737584393,-50154,26,180,180,0,True
1733702975,21361265,6454870112620902451051277625,-50153,27,180,180,0,True
1733702987,21361266,6458718759539268832974147557,-50141,28,180,180,0,True
1733702999,21361267,6458718759539268832974147557,-50141,28,180,180,0,True
1733703011,21361268,6459485544012403926604448252,-50139,29,180,180,0,True
1733703023,21361269,6461758219143120563651470316,-50132,30,180,180,0,True
1733703035,21361270,6461758219143120563651470316,-50132,30,180,180,0,True
1733703047,21361271,6461758219143120563651470316,-50132,30,180,180,0,True
1733703059,21361272,6461758219143120563651470316,-50132,30,180,180,0,True
1733703071,21361273,6466875157770614832685752824,-50116,31,180,180,0,True
1733703083,21361274,6466875157770614832685752824,-50116,31,180,180,0,True
1733703095,21361275,6466875157770614832685752824,-50116,31,180,180,0,True
1733703107,21361276,6466875157770614832685752824,-50116,31,180,180,0,True
1733703119,21361277,6466875157770614832685752824,-50116,31,180,180,0,True
1733703131,21361278,6466348005590005842675701125,-50117,32,180,180,0,True
1733703143,21361279,6466348005590005842675701125,-50117,32,180,180,0,True
1733703155,21361280,6466348005590005842675701125,-50117,32,180,180,0,True
1733703167,21361281,6469066839155386004808552145,-50109,33,180,180,0,True
1733703179,21361282,6471628644125108399601435348,-50101,34,180,180,0,True
1733703191,21361283,6473910379433451384929942527,-50094,35,180,180,0,True
1733703203,21361284,6475212396081099701291663116,-50090,36,180,180,0,True
1733703215,21361285,6474466533095846582047509627,-50092,37,180,180,0,True
1733703227,21361286,6474466533095846582047509627,-50092,37,180,180,0,True
1733703239,21361287,6474466533095846582047509627,-50092,37,180,180,0,True
1733703251,21361288,6476394657937459648796129925,-50086,38,180,180,0,True
1733703263,21361289,6479591919183106591524574311,-50076,39,180,180,0,True
1733703275,21361290,6482439928363292916034073083,-50068,40,180,180,0,True
1733703287,21361291,6482214577800312534234604307,-50068,40,180,180,0,True
1733703299,21361292,6482214577800312534234604307,-50068,40,180,180,0,True
1733703311,21361293,6482214577800312534234604307,-50068,40,180,180,0,True
1733703323,21361294,6482214577800312534234604307,-50068,40,180,180,0,True
1733703335,21361295,6482214577800312534234604307,-50068,40,180,180,0,True
1733703347,21361296,6482214577800312534234604307,-50068,40,180,180,0,True
1733703359,21361297,6482214577800312534234604307,-50068,40,180,180,0,True
1733703371,21361298,6480906407588068164884288645,-50072,41,180,180,0,True
1733703383,21361299,6476595007540571512502222848,-50086,42,180,180,0,True
1733703395,21361300,6476595007540571512502222848,-50086,42,180,180,0,True
1733703407,21361301,6476595007540571512502222848,-50086,42,180,180,0,True
1733703419,21361302,6476595007540571512502222848,-50086,42,180,180,0,True
1733703431,21361303,6476595007540571512502222848,-50086,42,180,180,0,True
1733703443,21361304,6476595007540571512502222848,-50086,42,180,180,0,True
1733703455,21361305,6476595007540571512502222848,-50086,42,180,180,0,True
1733703467,21361306,6476595007540571512502222848,-50086,42,180,180,0,True
1733703479,21361307,6476595007540571512502222848,-50086,42,180,180,0,True
1733703491,21361308,6476595007540571512502222848,-50086,42,180,180,0,True
1733703503,21361309,6476595007540571512502222848,-50086,42,180,180,0,True
1733703515,21361310,6476595007540571512502222848,-50086,42,180,180,0,True
1733703527,21361311,6476595007540571512502222848,-50086,42,180,180,0,True
1733703539,21361312,6472731576514475747809353748,-50098,43,180,180,0,True
1733703551,21361313,6472731576514475747809353748,-50098,43,180,180,0,True
1733703563,21361314,6469248800151595969706269957,-50108,44,180,180,0,True
1733703575,21361315,6469248800151595969706269957,-50108,44,180,180,0,True
1733703587,21361316,6469248800151595969706269957,-50108,44,180,180,0,True
1733703599,21361317,6469248800151595969706269957,-50108,44,180,180,0,True
1733703611,21361318,6469248800151595969706269957,-50108,44,180,180,0,True
1733703623,21361319,6469248800151595969706269957,-50108,44,180,180,0,True
1733703635,21361320,6469248800151595969706269957,-50108,44,180,180,0,True
1733703647,21361321,6465511843610673123564220881,-50120,45,180,180,0,True
1733703659,21361322,6462210599678794798071182394,-50130,46,180,180,0,True
1733703671,21361323,6456850689860318953979685753,-50147,47,180,180,0,True
1733703683,21361324,6456850689860318953979685753,-50147,47,180,180,0,True
1733703695,21361325,6456850689860318953979685753,-50147,47,180,180,0,True
1733703719,21361326,6456850689860318953979685753,-50147,47,180,180,0,True
1733703731,21361327,6456850689860318953979685753,-50147,47,180,180,0,True
1733703743,21361328,6452432648804920040582273058,-50160,48,180,180,0,True
1733703755,21361329,6452432648804920040582273058,-50160,48,180,180,0,True
1733703767,21361330,6452432648804920040582273058,-50160,48,180,180,0,True
1733703779,21361331,6452432648804920040582273058,-50160,48,180,180,0,True
1733703791,21361332,6452432648804920040582273058,-50160,48,180,180,0,True
1733703803,21361333,6452432648804920040582273058,-50160,48,180,180,0,True
1733703815,21361334,6452432648804920040582273058,-50160,48,180,180,0,True
1733703827,21361335,6452432648804920040582273058,-50160,48,180,180,0,True
1733703839,21361336,6452432648804920040582273058,-50160,48,180,180,0,True
1733703851,21361337,6452432648804920040582273058,-50160,48,180,180,0,True
1733703863,21361338,6452432648804920040582273058,-50160,48,180,180,0,True
1733703875,21361339,6452432648804920040582273058,-50160,48,180,180,0,True
1733703887,21361340,6452432648804920040582273058,-50160,48,180,180,0,True
1733703899,21361341,6452432648804920040582273058,-50160,48,180,180,0,True
1733703911,21361342,6452432648804920040582273058,-50160,48,180,180,0,True
1733703923,21361343,6452432648804920040582273058,-50160,48,180,180,0,True
1733703935,21361344,6452432648804920040582273058,-50160,48,180,180,0,True
1733703947,21361345,6452432648804920040582273058,-50160,48,180,180,0,True
1733703959,21361346,6452432648804920040582273058,-50160,48,180,180,0,True
1733703971,21361347,6452432648804920040582273058,-50160,48,180,180,0,True
1733703983,21361348,6452432648804920040582273058,-50160,48,180,180,0,True
1733703995,21361349,6449378250573327346012520192,-50170,49,180,180,0,True
1733704007,21361350,6449378250573327346012520192,-50170,49,180,180,0,True
1733704019,21361351,6445978955108937128230990363,-50181,50,180,180,0,True
1733704031,21361352,6445978955108937128230990363,-50181,50,180,180,0,True
1733704043,21361353,6442963321291848530652037120,-50190,51,180,180,0,True
1733704055,21361354,6442963321291848530652037120,-50190,51,180,180,0,True
1733704067,21361355,6442963321291848530652037120,-50190,51,180,180,0,True
1733704079,21361356,6442963321291848530652037120,-50190,51,180,180,0,True
1733704091,21361357,6442963321291848530652037120,-50190,51,180,180,0,True
1733704103,21361358,6442963321291848530652037120,-50190,51,180,180,0,True
1733704115,21361359,6442963321291848530652037120,-50190,51,180,180,0,True
1733704127,21361360,6441459211551658077616440180,-50195,52,180,180,0,True
1733704139,21361361,6441459211551658077616440180,-50195,52,180,180,0,True
1733704151,21361362,6441459211551658077616440180,-50195,52,180,180,0,True
1733704163,21361363,6437829226855040033540134908,-50206,53,180,180,0,True
1733704175,21361364,6437829226855040033540134908,-50206,53,180,180,0,True
1733704187,21361365,6437829226855040033540134908,-50206,53,180,180,0,True
1733704199,21361366,6437829226855040033540134908,-50206,53,180,180,0,True
1733704211,21361367,6436457844440315274803589862,-50210,54,180,180,0,True
1733704223,21361368,6436457844440315274803589862,-50210,54,180,180,0,True
1733704235,21361369,6436457844440315274803589862,-50210,54,180,180,0,True
1733704247,21361370,6436457844440315274803589862,-50210,54,180,180,0,True
1733704259,21361371,6436457844440315274803589862,-50210,54,180,180,0,True
1733704271,21361372,6436457844440315274803589862,-50210,54,180,180,0,True
1733704283,21361373,6436457844440315274803589862,-50210,54,180,180,0,True
1733704295,21361374,6436457844440315274803589862,-50210,54,180,180,0,True
1733704307,21361375,6436457844440315274803589862,-50210,54,180,180,0,True
1733704319,21361376,6440428732294507632674920855,-50198,55,180,180,0,True
1733704331,21361377,6440741095899711921430191086,-50197,56,180,180,0,True
1733704343,21361378,6440741095899711921430191086,-50197,56,180,180,0,True
1733704355,21361379,6445228018389071353521049496,-50183,57,180,180,0,True
1733704379,21361380,6445228018389071353521049496,-50183,57,180,180,0,True
1733704391,21361381,6448736019690640101399855104,-50172,58,180,180,0,True
1733704403,21361382,6448736019690640101399855104,-50172,58,180,180,0,True
1733704415,21361383,6448736019690640101399855104,-50172,58,180,180,0,True
1733704427,21361384,6448736019690640101399855104,-50172,58,180,180,0,True
1733704439,21361385,6450267037870767376621471448,-50167,59,180,180,0,True
1733704451,21361386,6450267037870767376621471448,-50167,59,180,180,0,True
1733704463,21361387,6450267037870767376621471448,-50167,59,180,180,0,True
1733704475,21361388,6450267037870767376621471448,-50167,59,180,180,0,True
1733704487,21361389,6450267037870767376621471448,-50167,59,180,180,0,True
1733704499,21361390,6450267037870767376621471448,-50167,59,180,180,0,True
1733704511,21361391,6450267037870767376621471448,-50167,59,180,180,0,True
1733704523,21361392,6450267037870767376621471448,-50167,59,180,180,0,True
1733704535,21361393,6450267037870767376621471448,-50167,59,180,180,0,True
1733704547,21361394,6450267037870767376621471448,-50167,59,180,180,0,True
1733704559,21361395,6450267037870767376621471448,-50167,59,180,180,0,True
1733704571,21361396,6450267037870767376621471448,-50167,59,180,180,0,True
1733704583,21361397,6455518066494494942676647936,-50151,60,180,180,0,True
1733704595,21361398,6455518066494494942676647936,-50151,60,180,180,0,True
1733704607,21361399,6458190436909574679396316014,-50143,61,180,180,0,True
1733704619,21361400,6459889900149395216018951992,-50137,62,180,180,0,True
1733704631,21361401,6462923411230676926560096144,-50128,63,180,180,0,True
1733704643,21361402,6466298913219904483174121472,-50118,64,180,180,0,True
1733704655,21361403,6470644226730421774082664816,-50104,65,180,180,0,True
1733704667,21361404,6479010122736362289591484416,-50078,66,180,180,0,True
1733704679,21361405,6479010122736362289591484416,-50078,66,180,180,0,True
1733704691,21361406,6479010122736362289591484416,-50078,66,180,180,0,True
1733704703,21361407,6479010122736362289591484416,-50078,66,180,180,0,True
1733704715,21361408,6482540863782258297687183868,-50067,67,180,180,0,True
1733704727,21361409,6483844851342523283226786488,-50063,68,180,180,0,True
1733704739,21361410,6484602797159859913314782431,-50061,69,180,180,0,True
1733704751,21361411,6483820642438340348689708669,-50063,70,180,180,0,True
1733704763,21361412,6485837161537845955293144125,-50057,71,180,180,0,True
1733704775,21361413,6485837161537845955293144125,-50057,71,180,180,0,True
1733704787,21361414,6485837161537845955293144125,-50057,71,180,180,0,True
1733704799,21361415,6485837161537845955293144125,-50057,71,180,180,0,True
1733704811,21361416,6485837161537845955293144125,-50057,71,180,180,0,True
1733704823,21361417,6485837161537845955293144125,-50057,71,180,180,0,True
1733704835,21361418,6485837161537845955293144125,-50057,71,180,180,0,True
1733704847,21361419,6485837161537845955293144125,-50057,71,180,180,0,True
1733704859,21361420,6485837161537845955293144125,-50057,71,180,180,0,True
1733704871,21361421,6485837161537845955293144125,-50057,71,180,180,0,True
1733704883,21361422,6485837161537845955293144125,-50057,71,180,180,0,True
1733704895,21361423,6485837161537845955293144125,-50057,71,180,180,0,True
1733704907,21361424,6485837161537845955293144125,-50057,71,180,180,0,True
1733704919,21361425,6485837161537845955293144125,-50057,71,180,180,0,True
1733704931,21361426,6485837161537845955293144125,-50057,71,180,180,0,True
1733704943,21361427,6485837161537845955293144125,-50057,71,180,180,0,True
1733704955,21361428,6484151592402731492699418856,-50062,72,180,180,0,True
1733704967,21361429,6484151592402731492699418856,-50062,72,180,180,0,True
1733704979,21361430,6484151592402731492699418856,-50062,72,180,180,0,True
1733704991,21361431,6484151592402731492699418856,-50062,72,180,180,0,True
1733705003,21361432,6484151592402731492699418856,-50062,72,180,180,0,True
1733705015,21361433,6482057057506429183509090426,-50069,73,180,180,0,True
1733705027,21361434,6477015844659195495044180186,-50084,74,180,180,0,True
1733705039,21361435,6473806432139714249751527424,-50094,75,180,180,0,True
1733705051,21361436,6473806432139714249751527424,-50094,75,180,180,0,True
1733705063,21361437,6473806432139714249751527424,-50094,75,180,180,0,True
1733705075,21361438,6473806432139714249751527424,-50094,75,180,180,0,True
1733705087,21361439,6473806432139714249751527424,-50094,75,180,180,0,True
1733705099,21361440,6473806432139714249751527424,-50094,75,180,180,0,True
1733705111,21361441,6479299276631829089614589006,-50077,76,180,180,0,True
1733705123,21361442,6483950254590485487519327384,-50063,77,180,180,0,True
1733705135,21361443,6483950254590485487519327384,-50063,77,180,180,0,True
1733705147,21361444,6483950254590485487519327384,-50063,77,180,180,0,True
1733705159,21361445,6483950254590485487519327384,-50063,77,180,180,0,True
1733705171,21361446,6483950254590485487519327384,-50063,77,180,180,0,True
1733705183,21361447,6483950254590485487519327384,-50063,77,180,180,0,True
1733705195,21361448,6483950254590485487519327384,-50063,77,180,180,0,True
1733705207,21361449,6483950254590485487519327384,-50063,77,180,180,0,True
1733705219,21361450,6483950254590485487519327384,-50063,77,180,180,0,True
1733705231,21361451,6483950254590485487519327384,-50063,77,180,180,0,True
1733705243,21361452,6483950254590485487519327384,-50063,77,180,180,0,True
1733705255,21361453,6483950254590485487519327384,-50063,77,180,180,0,True
1733705267,21361454,6483950254590485487519327384,-50063,77,180,180,0,True
1733705279,21361455,6477966651600932912643439842,-50082,78,180,180,0,True
1733705291,21361456,6477966651600932912643439842,-50082,78,180,180,0,True
1733705303,21361457,6477966651600932912643439842,-50082,78,180,180,0,True
1733705315,21361458,6477966651600932912643439842,-50082,78,180,180,0,True
1733705327,21361459,6477966651600932912643439842,-50082,78,180,180,0,True
1733705339,21361460,6477966651600932912643439842,-50082,78,180,180,0,True
1733705351,21361461,6477966651600932912643439842,-50082,78,180,180,0,True
1733705363,21361462,6477966651600932912643439842,-50082,78,180,180,0,True
1733705375,21361463,6477966651600932912643439842,-50082,78,180,180,0,True
1733705387,21361464,6477966651600932912643439842,-50082,78,180,180,0,True
1733705399,21361465,6482893588430815367778009088,-50066,79,180,180,0,True
1733705411,21361466,6482893588430815367778009088,-50066,79,180,180,0,True
1733705423,21361467,6482893588430815367778009088,-50066,79,180,180,0,True
1733705435,21361468,6482893588430815367778009088,-50066,79,180,180,0,True
1733705447,21361469,6482893588430815367778009088,-50066,79,180,180,0,True
1733705459,21361470,6484795439186203004691645634,-50060,80,180,180,0,True
1733705471,21361471,6486521529681386409188902472,-50055,81,180,180,0,True
1733705483,21361472,6486521529681386409188902472,-50055,81,180,180,0,True
1733705495,21361473,6486521529681386409188902472,-50055,81,180,180,0,True
1733705507,21361474,6486521529681386409188902472,-50055,81,180,180,0,True
1733705519,21361475,6486521529681386409188902472,-50055,81,180,180,0,True
1733705531,21361476,6486521529681386409188902472,-50055,81,180,180,0,True
1733705543,21361477,6486521529681386409188902472,-50055,81,180,180,0,True
1733705555,21361478,6486521529681386409188902472,-50055,81,180,180,0,True
1733705567,21361479,6486521529681386409188902472,-50055,81,180,180,0,True
1733705579,21361480,6486537570560158472645332298,-50055,81,180,180,0,True
1733705591,21361481,6486537570560158472645332298,-50055,81,180,180,0,True
1733705603,21361482,6486537570560158472645332298,-50055,81,180,180,0,True
1733705615,21361483,6486537570560158472645332298,-50055,81,180,180,0,True
1733705627,21361484,6486537570560158472645332298,-50055,81,180,180,0,True
1733705639,21361485,6486537570560158472645332298,-50055,81,180,180,0,True
1733705651,21361486,6486537570560158472645332298,-50055,81,180,180,0,True
1733705663,21361487,6486537570560158472645332298,-50055,81,180,180,0,True
1733705675,21361488,6486537570560158472645332298,-50055,81,180,180,0,True
1733705687,21361489,6479868405098851441454883113,-50076,82,180,180,0,True
1733705699,21361490,6479868405098851441454883113,-50076,82,180,180,0,True
1733705711,21361491,6479868405098851441454883113,-50076,82,180,180,0,True
1733705723,21361492,6479868405098851441454883113,-50076,82,180,180,0,True
1733705735,21361493,6479868405098851441454883113,-50076,82,180,180,0,True
1733705747,21361494,6476013063471849336410734592,-50088,83,180,180,0,True
1733705759,21361495,6473203734473896028311902856,-50096,84,180,180,0,True
1733705771,21361496,6469907296365535343505571719,-50106,85,180,180,0,True
1733705783,21361497,6469907296365535343505571719,-50106,85,180,180,0,True
1733705795,21361498,6469907296365535343505571719,-50106,85,180,180,0,True
1733705807,21361499,6469907296365535343505571719,-50106,85,180,180,0,True
1733705819,21361500,6469907296365535343505571719,-50106,85,180,180,0,True
1733705831,21361501,6467100469136099375658826680,-50115,86,180,180,0,True
1733705843,21361502,6464179508622101642004335986,-50124,87,180,180,0,True
1733705855,21361503,6464179508622101642004335986,-50124,87,180,180,0,True
1733705867,21361504,6464179508622101642004335986,-50124,87,180,180,0,True
1733705879,21361505,6464179508622101642004335986,-50124,87,180,180,0,True
1733705891,21361506,6464179508622101642004335986,-50124,87,180,180,0,True
1733705903,21361507,6464179508622101642004335986,-50124,87,180,180,0,True
1733705915,21361508,6464179508622101642004335986,-50124,87,180,180,0,True
1733705927,21361509,6464179508622101642004335986,-50124,87,180,180,0,True
1733705939,21361510,6464179508622101642004335986,-50124,87,180,180,0,True
1733705951,21361511,6464179508622101642004335986,-50124,87,180,180,0,True
1733705963,21361512,6462098787208899573929360384,-50131,88,180,180,0,True
1733705975,21361513,6462098787208899573929360384,-50131,88,180,180,0,True
1733705987,21361514,6462098787208899573929360384,-50131,88,180,180,0,True
1733705999,21361515,6460115039866693280236703542,-50137,89,180,180,0,True
1733706011,21361516,6460115039866693280236703542,-50137,89,180,180,0,True
1733706023,21361517,6460115039866693280236703542,-50137,89,180,180,0,True
1733706035,21361518,6460115039866693280236703542,-50137,89,180,180,0,True
1733706047,21361519,6460115039866693280236703542,-50137,89,180,180,0,True
1733706059,21361520,6460115039866693280236703542,-50137,89,180,180,0,True
1733706071,21361521,6460115039866693280236703542,-50137,89,180,180,0,True
1733706083,21361522,6460115039866693280236703542,-50137,89,180,180,0,True
1733706095,21361523,6460115039866693280236703542,-50137,89,180,180,0,True
1733706107,21361524,6457697242300525154335013879,-50144,90,180,180,0,True
1733706119,21361525,6457697242300525154335013879,-50144,90,180,180,0,True
1733706131,21361526,6454727772674371535066100276,-50153,91,180,180,0,True
1733706143,21361527,6452130720333378616864107799,-50161,92,180,180,0,True
1733706155,21361528,6450484399808719193385073735,-50167,93,180,180,0,True
1733706167,21361529,6450484399808719193385073735,-50167,93,180,180,0,True
1733706179,21361530,6449180220083876684542005064,-50171,94,180,180,0,True
1733706191,21361531,6449180220083876684542005064,-50171,94,180,180,0,True
1733706203,21361532,6449180220083876684542005064,-50171,94,180,180,0,True
1733706215,21361533,6447817241997751024303524188,-50175,95,180,180,0,True
1733706227,21361534,6447817241997751024303524188,-50175,95,180,180,0,True
1733706239,21361535,6443249184066745610536200203,-50189,96,180,180,0,True
1733706251,21361536,6443966139514476600519343694,-50187,97,180,180,0,True
1733706263,21361537,6443966139514476600519343694,-50187,97,180,180,0,True
1733706275,21361538,6443966139514476600519343694,-50187,97,180,180,0,True
1733706287,21361539,6442722437924800679020286269,-50191,98,180,180,0,True
1733706299,21361540,6442722437924800679020286269,-50191,98,180,180,0,True
1733706311,21361541,6442722437924800679020286269,-50191,98,180,180,0,True
1733706323,21361542,6442722437924800679020286269,-50191,98,180,180,0,True
1733706335,21361543,6442722437924800679020286269,-50191,98,180,180,0,True
1733706347,21361544,6442722437924800679020286269,-50191,98,180,180,0,True
1733706359,21361545,6440046759096442554357009364,-50199,99,180,180,0,True
1733706371,21361546,6440046759096442554357009364,-50199,99,180,180,0,True
1733706383,21361547,6440046759096442554357009364,-50199,99,180,180,0,True
1733706395,21361548,6440046759096442554357009364,-50199,99,180,180,0,True
1733706407,21361549,6440046759096442554357009364,-50199,99,180,180,0,True
1733706419,21361550,6440046759096442554357009364,-50199,99,180,180,0,True
1733706431,21361551,6439782024408798317850632056,-50200,100,180,180,0,True
1733706443,21361552,6439782024408798317850632056,-50200,100,180,180,0,True
1733706455,21361553,6439782024408798317850632056,-50200,100,180,180,0,True
1733706467,21361554,6439782024408798317850632056,-50200,100,180,180,0,True
1733706479,21361555,6439782024408798317850632056,-50200,100,180,180,0,True
1733706491,21361556,6439782024408798317850632056,-50200,100,180,180,0,True
1733706503,21361557,6439782024408798317850632056,-50200,100,180,180,0,True
1733706515,21361558,6439782024408798317850632056,-50200,100,180,180,0,True
1733706527,21361559,6439782024408798317850632056,-50200,100,180,180,0,True
1733706539,21361560,6439782024408798317850632056,-50200,100,180,180,0,True
1733706551,21361561,6439782024408798317850632056,-50200,100,180,180,0,True
1733706563,21361562,6439782024408798317850632056,-50200,100,180,180,0,True
1733706575,21361563,6439782024408798317850632056,-50200,100,180,180,0,True
1733706587,21361564,6438542328760053638465824892,-50204,101,180,180,0,True
1733706599,21361565,6436830958706813541597598450,-50209,102,180,180,0,True
1733706611,21361566,6436830958706813541597598450,-50209,102,180,180,0,True
1733706623,21361567,6435249360212489086679181964,-50214,103,180,180,0,True
1733706635,21361568,6435249360212489086679181964,-50214,103,180,180,0,True
1733706647,21361569,6435249360212489086679181964,-50214,103,180,180,0,True
1733706659,21361570,6435249360212489086679181964,-50214,103,180,180,0,True
1733706671,21361571,6435249360212489086679181964,-50214,103,180,180,0,True
1733706683,21361572,6435249360212489086679181964,-50214,103,180,180,0,True
1733706695,21361573,6435249360212489086679181964,-50214,103,180,180,0,True
1733706707,21361574,6432328645933483201737300361,-50223,104,180,180,0,True
1733706719,21361575,6430040750603292402570858331,-50230,105,180,180,0,True
1733706731,21361576,6430631449445470986568587257,-50228,106,180,180,0,True
1733706743,21361577,6430631449445470986568587257,-50228,106,180,180,0,True
1733706755,21361578,6430631449445470986568587257,-50228,106,180,180,0,True
1733706767,21361579,6430631449445470986568587257,-50228,106,180,180,0,True
1733706779,21361580,6430631449445470986568587257,-50228,106,180,180,0,True
1733706791,21361581,6430631449445470986568587257,-50228,106,180,180,0,True
1733706803,21361582,6430631449445470986568587257,-50228,106,180,180,0,True
1733706815,21361583,6430631449445470986568587257,-50228,106,180,180,0,True
1733706827,21361584,6430631449445470986568587257,-50228,106,180,180,0,True
1733706839,21361585,6430631449445470986568587257,-50228,106,180,180,0,True
1733706851,21361586,6429130897582060649881016458,-50233,107,180,180,0,True
1733706863,21361587,6429130897582060649881016458,-50233,107,180,180,0,True
1733706875,21361588,6429130897582060649881016458,-50233,107,180,180,0,True
1733706887,21361589,6429130897582060649881016458,-50233,107,180,180,0,True
1733706899,21361590,6429130897582060649881016458,-50233,107,180,180,0,True
1733706911,21361591,6429130897582060649881016458,-50233,107,180,180,0,True
1733706923,21361592,6426020424835007147755718582,-50243,108,180,180,0,True
1733706935,21361593,6426020424835007147755718582,-50243,108,180,180,0,True
1733706947,21361594,6423283349771165888661313243,-50251,109,180,180,0,True
1733706959,21361595,6423283349771165888661313243,-50251,109,180,180,0,True
1733706971,21361596,6423283349771165888661313243,-50251,109,180,180,0,True
1733706983,21361597,6423283349771165888661313243,-50251,109,180,180,0,True
1733706995,21361598,6423283349771165888661313243,-50251,109,180,180,0,True
1733707007,21361599,6423283349771165888661313243,-50251,109,180,180,0,True
1733707019,21361600,6423283349771165888661313243,-50251,109,180,180,0,True
1733707031,21361601,6423283349771165888661313243,-50251,109,180,180,0,True
1733707043,21361602,6423283349771165888661313243,-50251,109,180,180,0,True
1733707055,21361603,6423283349771165888661313243,-50251,109,180,180,0,True
1733707067,21361604,6423283349771165888661313243,-50251,109,180,180,0,True
1733707079,21361605,6421860625373592154788196992,-50255,110,180,180,0,True
1733707091,21361606,6420428336106193312973524509,-50260,111,180,180,0,True
1733707103,21361607,6420966330713995797060771119,-50258,112,180,180,0,True
1733707115,21361608,6420966330713995797060771119,-50258,112,180,180,0,True
1733707127,21361609,6420966330713995797060771119,-50258,112,180,180,0,True
1733707139,21361610,6420966330713995797060771119,-50258,112,180,180,0,True
1733707151,21361611,6420966330713995797060771119,-50258,112,180,180,0,True
1733707163,21361612,6420966330713995797060771119,-50258,112,180,180,0,True
1733707175,21361613,6420966330713995797060771119,-50258,112,180,180,0,True
1733707187,21361614,6420966330713995797060771119,-50258,112,180,180,0,True
1733707199,21361615,6420966330713995797060771119,-50258,112,180,180,0,True
1733707211,21361616,6420966330713995797060771119,-50258,112,180,180,0,True
1733707223,21361617,6420966330713995797060771119,-50258,112,180,180,0,True
1733707235,21361618,6420966330713995797060771119,-50258,112,180,180,0,True
1733707247,21361619,6420966330713995797060771119,-50258,112,180,180,0,True
1733707259,21361620,6420966330713995797060771119,-50258,112,180,180,0,True
1733707271,21361621,6420966330713995797060771119,-50258,112,180,180,0,True
1733707283,21361622,6420966330713995797060771119,-50258,112,180,180,0,True
1733707295,21361623,6420966330713995797060771119,-50258,112,180,180,0,True
1733707307,21361624,6420966330713995797060771119,-50258,112,180,180,0,True
1733707319,21361625,6420966330713995797060771119,-50258,112,180,180,0,True
1733707331,21361626,6420966330713995797060771119,-50258,112,180,180,0,True
1733707343,21361627,6420966330713995797060771119,-50258,112,180,180,0,True
1733707355,21361628,6420966330713995797060771119,-50258,112,180,180,0,True
1733707367,21361629,6420966330713995797060771119,-50258,112,180,180,0,True
1733707379,21361630,6421018659814838149473833267,-50258,112,180,180,0,True
1733707391,21361631,6421018659814838149473833267,-50258,112,180,180,0,True
1733707403,21361632,6421018659814838149473833267,-50258,112,180,180,0,True
1733707415,21361633,6421018659814838149473833267,-50258,112,180,180,0,True
1733707427,21361634,6418782330450489397513181485,-50265,113,180,180,0,True
1733707439,21361635,6418782330450489397513181485,-50265,113,180,180,0,True
1733707451,21361636,6418782330450489397513181485,-50265,113,180,180,0,True
1733707463,21361637,6418782330450489397513181485,-50265,113,180,180,0,True
1733707475,21361638,6418782330450489397513181485,-50265,113,180,180,0,True
1733707487,21361639,6422381291442816583993951586,-50254,114,180,180,0,True
1733707499,21361640,6420827543924564529537019596,-50259,115,180,180,0,True
1733707511,21361641,6420827543924564529537019596,-50259,115,180,180,0,True
1733707523,21361642,6420827543924564529537019596,-50259,115,180,180,0,True
1733707535,21361643,6420827543924564529537019596,-50259,115,180,180,0,True
1733707547,21361644,6420827543924564529537019596,-50259,115,180,180,0,True
1733707559,21361645,6420827543924564529537019596,-50259,115,180,180,0,True
1733707571,21361646,6420827543924564529537019596,-50259,115,180,180,0,True
1733707583,21361647,6420827543924564529537019596,-50259,115,180,180,0,True
1733707595,21361648,6420827543924564529537019596,-50259,115,180,180,0,True
1733707607,21361649,6420827543924564529537019596,-50259,115,180,180,0,True
1733707619,21361650,6420827543924564529537019596,-50259,115,180,180,0,True
1733707631,21361651,6420827543924564529537019596,-50259,115,180,180,0,True
1733707643,21361652,6420827543924564529537019596,-50259,115,180,180,0,True
1733707655,21361653,6420827543924564529537019596,-50259,115,180,180,0,True
1733707667,21361654,6420827543924564529537019596,-50259,115,180,180,0,True
1733707679,21361655,6420827543924564529537019596,-50259,115,180,180,0,True
1733707691,21361656,6420827543924564529537019596,-50259,115,180,180,0,True
1733707703,21361657,6420827543924564529537019596,-50259,115,180,180,0,True
1733707715,21361658,6420827543924564529537019596,-50259,115,180,180,0,True
1733707727,21361659,6420827543924564529537019596,-50259,115,180,180,0,True
1733707739,21361660,6420827543924564529537019596,-50259,115,180,180,0,True
1733707751,21361661,6420827543924564529537019596,-50259,115,180,180,0,True
1733707763,21361662,6420827543924564529537019596,-50259,115,180,180,0,True
1733707775,21361663,6420827543924564529537019596,-50259,115,180,180,0,True
1733707787,21361664,6421966373004059357993588833,-50255,116,180,180,0,True
1733707799,21361665,6425027002259325513270031456,-50246,117,180,180,0,True
1733707811,21361666,6427536085326643205835488382,-50238,118,180,180,0,True
1733707823,21361667,6427536085326643205835488382,-50238,118,180,180,0,True
1733707835,21361668,6429963058153892377411845820,-50230,119,180,180,0,True
1733707847,21361669,6432509976371592294293307392,-50222,120,180,180,0,True
1733707859,21361670,6432509976371592294293307392,-50222,120,180,180,0,True
1733707871,21361671,6432509976371592294293307392,-50222,120,180,180,0,True
1733707883,21361672,6432509976371592294293307392,-50222,120,180,180,0,True
1733707895,21361673,6432509976371592294293307392,-50222,120,180,180,0,True
1733707907,21361674,6432509976371592294293307392,-50222,120,180,180,0,True
1733707919,21361675,6432509976371592294293307392,-50222,120,180,180,0,True
1733707931,21361676,6432509976371592294293307392,-50222,120,180,180,0,True
1733707943,21361677,6432509976371592294293307392,-50222,120,180,180,0,True
1733707955,21361678,6432509976371592294293307392,-50222,120,180,180,0,True
1733707967,21361679,6432509976371592294293307392,-50222,120,180,180,0,True
1733707979,21361680,6432509976371592294293307392,-50222,120,180,180,0,True
1733707991,21361681,6432509976371592294293307392,-50222,120,180,180,0,True
1733708003,21361682,6432509976371592294293307392,-50222,120,180,180,0,True
1733708015,21361683,6432509976371592294293307392,-50222,120,180,180,0,True
1733708027,21361684,6432509976371592294293307392,-50222,120,180,180,0,True
1733708039,21361685,6432509976371592294293307392,-50222,120,180,180,0,True
1733708051,21361686,6432509976371592294293307392,-50222,120,180,180,0,True
1733708063,21361687,6432509976371592294293307392,-50222,120,180,180,0,True
1733708075,21361688,6432509976371592294293307392,-50222,120,180,180,0,True
1733708087,21361689,6432509976371592294293307392,-50222,120,180,180,0,True
1733708099,21361690,6432509976371592294293307392,-50222,120,180,180,0,True
1733708111,21361691,6432509976371592294293307392,-50222,120,180,180,0,True
1733708123,21361692,6432509976371592294293307392,-50222,120,180,180,0,True
1733708135,21361693,6432509976371592294293307392,-50222,120,180,180,0,True
1733708147,21361694,6432509976371592294293307392,-50222,120,180,180,0,True
1733708159,21361695,6432509976371592294293307392,-50222,120,180,180,0,True
1733708171,21361696,6432509976371592294293307392,-50222,120,180,180,0,True
1733708183,21361697,6432509976371592294293307392,-50222,120,180,180,0,True
1733708195,21361698,6432509976371592294293307392,-50222,120,180,180,0,True
1733708207,21361699,6432482166653556915405263930,-50222,120,180,180,0,True
1733708219,21361700,6432482166653556915405263930,-50222,120,180,180,0,True
1733708231,21361701,6432482166653556915405263930,-50222,120,180,180,0,True
1733708243,21361702,6432482166653556915405263930,-50222,120,180,180,0,True
1733708255,21361703,6432482166653556915405263930,-50222,120,180,180,0,True
1733708267,21361704,6432482166653556915405263930,-50222,120,180,180,0,True
1733708279,21361705,6432482166653556915405263930,-50222,120,180,180,0,True
1733708291,21361706,6432482166653556915405263930,-50222,120,180,180,0,True
1733708303,21361707,6432482166653556915405263930,-50222,120,180,180,0,True
1733708315,21361708,6432482166653556915405263930,-50222,120,180,180,0,True
1733708327,21361709,6432482166653556915405263930,-50222,120,180,180,0,True
1733708339,21361710,6432482166653556915405263930,-50222,120,180,180,0,True
1733708351,21361711,6432482166653556915405263930,-50222,120,180,180,0,True
1733708363,21361712,6432482166653556915405263930,-50222,120,180,180,0,True
1733708375,21361713,6432482166653556915405263930,-50222,120,180,180,0,True
1733708387,21361714,6432482166653556915405263930,-50222,120,180,180,0,True
1733708399,21361715,6432482166653556915405263930,-50222,120,180,180,0,True
1733708411,21361716,6432482166653556915405263930,-50222,120,180,180,0,True
1733708423,21361717,6432482166653556915405263930,-50222,120,180,180,0,True
1733708435,21361718,6432482166653556915405263930,-50222,120,180,180,0,True
1733708447,21361719,6432482166653556915405263930,-50222,120,180,180,0,True
1733708459,21361720,6432482166653556915405263930,-50222,120,180,180,0,True
1733708471,21361721,6432482166653556915405263930,-50222,120,180,180,0,True
1733708483,21361722,6432482166653556915405263930,-50222,120,180,180,0,True
1733708495,21361723,6432482166653556915405263930,-50222,120,180,180,0,True
1733708507,21361724,6432482166653556915405263930,-50222,120,180,180,0,True
1733708519,21361725,6432482166653556915405263930,-50222,120,180,180,0,True
1733708531,21361726,6432482166653556915405263930,-50222,120,180,180,0,True
1733708543,21361727,6432482166653556915405263930,-50222,120,180,180,0,True
1733708555,21361728,6432482166653556915405263930,-50222,120,180,180,0,True
1733708567,21361729,6432482166653556915405263930,-50222,120,180,180,0,True
1733708579,21361730,6432482166653556915405263930,-50222,120,180,180,0,True
1733708591,21361731,6432482166653556915405263930,-50222,120,180,180,0,True
1733708603,21361732,6432482166653556915405263930,-50222,120,180,180,0,True
1733708615,21361733,6432482166653556915405263930,-50222,120,180,180,0,True
1733708627,21361734,6432482166653556915405263930,-50222,120,180,180,0,True
1733708639,21361735,6432482166653556915405263930,-50222,120,180,180,0,True
1733708651,21361736,6432482166653556915405263930,-50222,120,180,180,0,True
1733708663,21361737,6432482166653556915405263930,-50222,120,180,180,0,True
1733708675,21361738,6432482166653556915405263930,-50222,120,180,180,0,True
1733708687,21361739,6432482166653556915405263930,-50222,120,180,180,0,True
1733708699,21361740,6432482166653556915405263930,-50222,120,180,180,0,True
1733708711,21361741,6432482166653556915405263930,-50222,120,180,180,0,True
1733708723,21361742,6432482166653556915405263930,-50222,120,180,180,0,True
1733708735,21361743,6432482166653556915405263930,-50222,120,180,180,0,True
1733708747,21361744,6432482166653556915405263930,-50222,120,180,180,0,True
1733708759,21361745,6432482166653556915405263930,-50222,120,180,180,0,True
1733708771,21361746,6432482166653556915405263930,-50222,120,180,180,0,True
1733708783,21361747,6432482166653556915405263930,-50222,120,180,180,0,True
1733708795,21361748,6432482166653556915405263930,-50222,120,180,180,0,True
1733708807,21361749,6432482166653556915405263930,-50222,120,180,180,0,True
1733708819,21361750,6432482166653556915405263930,-50222,120,180,180,0,True
1733708831,21361751,6426687083147282764863110884,-50240,121,180,180,0,True
1733708843,21361752,6426687083147282764863110884,-50240,121,180,180,0,True
1733708855,21361753,6426687083147282764863110884,-50240,121,180,180,0,True
1733708867,21361754,6426687083147282764863110884,-50240,121,180,180,0,True
1733708879,21361755,6426687083147282764863110884,-50240,121,180,180,0,True
1733708891,21361756,6426687083147282764863110884,-50240,121,180,180,0,True
1733708903,21361757,6426687083147282764863110884,-50240,121,180,180,0,True
1733708927,21361758,6426687083147282764863110884,-50240,121,180,180,0,True
1733708939,21361759,6426687083147282764863110884,-50240,121,180,180,0,True
1733708951,21361760,6426687083147282764863110884,-50240,121,180,180,0,True
1733708963,21361761,6426687083147282764863110884,-50240,121,180,180,0,True
1733708975,21361762,6426687083147282764863110884,-50240,121,180,180,0,True
1733708987,21361763,6426687083147282764863110884,-50240,121,180,180,0,True
1733708999,21361764,6426687083147282764863110884,-50240,121,180,180,0,True
1733709011,21361765,6426687083147282764863110884,-50240,121,180,180,0,True
1733709023,21361766,6426687083147282764863110884,-50240,121,180,180,0,True
1733709035,21361767,6426687083147282764863110884,-50240,121,180,180,0,True
1733709047,21361768,6426687083147282764863110884,-50240,121,180,180,0,True
1733709059,21361769,6426687083147282764863110884,-50240,121,180,180,0,True
1733709071,21361770,6426687083147282764863110884,-50240,121,180,180,0,True
1733709083,21361771,6426687083147282764863110884,-50240,121,180,180,0,True
1733709095,21361772,6426687083147282764863110884,-50240,121,180,180,0,True
1733709107,21361773,6426687083147282764863110884,-50240,121,180,180,0,True
1733709119,21361774,6426687083147282764863110884,-50240,121,180,180,0,True
1733709131,21361775,6426687083147282764863110884,-50240,121,180,180,0,True
1733709143,21361776,6426687083147282764863110884,-50240,121,180,180,0,True
1733709155,21361777,6426687083147282764863110884,-50240,121,180,180,0,True
1733709167,21361778,6426687083147282764863110884,-50240,121,180,180,0,True
1733709179,21361779,6426687083147282764863110884,-50240,121,180,180,0,True
1733709191,21361780,6426687083147282764863110884,-50240,121,180,180,0,True
1733709203,21361781,6426687083147282764863110884,-50240,121,180,180,0,True
1733709215,21361782,6426687083147282764863110884,-50240,121,180,180,0,True
1733709239,21361783,6426687083147282764863110884,-50240,121,180,180,0,True
1733709251,21361784,6426687083147282764863110884,-50240,121,180,180,0,True
1733709263,21361785,6426687083147282764863110884,-50240,121,180,180,0,True
1733709275,21361786,6426687083147282764863110884,-50240,121,180,180,0,True
1733709287,21361787,6426687083147282764863110884,-50240,121,180,180,0,True
1733709299,21361788,6426687083147282764863110884,-50240,121,180,180,0,True
1733709311,21361789,6426687083147282764863110884,-50240,121,180,180,0,True
1733709323,21361790,6426687083147282764863110884,-50240,121,180,180,0,True
1733709335,21361791,6426687083147282764863110884,-50240,121,180,180,0,True
1733709347,21361792,6426687083147282764863110884,-50240,121,180,180,0,True
1733709359,21361793,6426687083147282764863110884,-50240,121,180,180,0,True
1733709371,21361794,6426687083147282764863110884,-50240,121,180,180,0,True
1733709383,21361795,6426687083147282764863110884,-50240,121,180,180,0,True
1733709395,21361796,6426687083147282764863110884,-50240,121,180,180,0,True
1733709407,21361797,6426687083147282764863110884,-50240,121,180,180,0,True
1733709419,21361798,6426687083147282764863110884,-50240,121,180,180,0,True
1733709431,21361799,6426687083147282764863110884,-50240,121,180,180,0,True
1733709443,21361800,6426687083147282764863110884,-50240,121,180,180,0,True
1733709455,21361801,6426687083147282764863110884,-50240,121,180,180,0,True
1733709467,21361802,6426687083147282764863110884,-50240,121,180,180,0,True
1733709479,21361803,6426687083147282764863110884,-50240,121,180,180,0,True
1733709491,21361804,6426687083147282764863110884,-50240,121,180,180,0,True
1733709503,21361805,6426687083147282764863110884,-50240,121,180,180,0,True
1733709515,21361806,6426687083147282764863110884,-50240,121,180,180,0,True
1733709527,21361807,6426687083147282764863110884,-50240,121,180,180,0,True
1733709539,21361808,6426687083147282764863110884,-50240,121,180,180,0,True
1733709551,21361809,6426687083147282764863110884,-50240,121,180,180,0,True
1733709563,21361810,6426687083147282764863110884,-50240,121,180,180,0,True
1733709575,21361811,6426687083147282764863110884,-50240,121,180,180,0,True
1733709587,21361812,6426687083147282764863110884,-50240,121,180,180,0,True
1733709599,21361813,6426687083147282764863110884,-50240,121,180,180,0,True
1733709611,21361814,6426687083147282764863110884,-50240,121,180,180,0,True
1733709623,21361815,6426687083147282764863110884,-50240,121,180,180,0,True
1733709635,21361816,6426687083147282764863110884,-50240,121,180,180,0,True
1733709647,21361817,6426687083147282764863110884,-50240,121,180,180,0,True
1733709659,21361818,6426687083147282764863110884,-50240,121,180,180,0,True
1733709671,21361819,6426687083147282764863110884,-50240,121,180,180,0,True
1733709683,21361820,6426687083147282764863110884,-50240,121,180,180,0,True
1733709695,21361821,6426687083147282764863110884,-50240,121,180,180,0,True
1733709707,21361822,6426687083147282764863110884,-50240,121,180,180,0,True
1733709719,21361823,6426687083147282764863110884,-50240,121,180,180,0,True
1733709731,21361824,6429529323259315206884425728,-50232,122,180,180,0,True
1733709743,21361825,6429529323259315206884425728,-50232,122,180,180,0,True
1733709755,21361826,6429529323259315206884425728,-50232,122,180,180,0,True
1733709767,21361827,6429529323259315206884425728,-50232,122,180,180,0,True
1733709779,21361828,6429529323259315206884425728,-50232,122,180,180,0,True
1733709791,21361829,6429529323259315206884425728,-50232,122,180,180,0,True
1733709803,21361830,6429529323259315206884425728,-50232,122,180,180,0,True
1733709815,21361831,6429529323259315206884425728,-50232,122,180,180,0,True
1733709827,21361832,6429529323259315206884425728,-50232,122,180,180,0,True
1733709839,21361833,6429529323259315206884425728,-50232,122,180,180,0,True
1733709851,21361834,6429529323259315206884425728,-50232,122,180,180,0,True
1733709863,21361835,6429529323259315206884425728,-50232,122,180,180,0,True
1733709875,21361836,6429529323259315206884425728,-50232,122,180,180,0,True
1733709887,21361837,6429529323259315206884425728,-50232,122,180,180,0,True
1733709899,21361838,6429529323259315206884425728,-50232,122,180,180,0,True
1733709911,21361839,6429529323259315206884425728,-50232,122,180,180,0,True
1733709923,21361840,6429529323259315206884425728,-50232,122,180,180,0,True
1733709935,21361841,6429529323259315206884425728,-50232,122,180,180,0,True
1733709947,21361842,6429529323259315206884425728,-50232,122,180,180,0,True
1733709959,21361843,6429529323259315206884425728,-50232,122,180,180,0,True
1733709971,21361844,6429529323259315206884425728,-50232,122,180,180,0,True
1733709983,21361845,6429529323259315206884425728,-50232,122,180,180,0,True
1733709995,21361846,6429529323259315206884425728,-50232,122,180,180,0,True
1733710007,21361847,6429529323259315206884425728,-50232,122,180,180,0,True
1733710019,21361848,6429529323259315206884425728,-50232,122,180,180,0,True
1733710031,21361849,6429529323259315206884425728,-50232,122,180,180,0,True
1733710043,21361850,6431230697098721341522775201,-50226,123,180,180,0,True
1733710055,21361851,6434902937241084648688131655,-50215,124,180,180,0,True
1733710067,21361852,6435286829776381293801536670,-50214,125,180,180,0,True
1733710079,21361853,6437253079354013255127404600,-50208,126,180,180,0,True
1733710091,21361854,6437253079354013255127404600,-50208,126,180,180,0,True
1733710103,21361855,6437253079354013255127404600,-50208,126,180,180,0,True
1733710115,21361856,6437253079354013255127404600,-50208,126,180,180,0,True
1733710127,21361857,6437253079354013255127404600,-50208,126,180,180,0,True
1733710139,21361858,6437253079354013255127404600,-50208,126,180,180,0,True
1733710151,21361859,6441137924239305286562611200,-50196,127,180,180,0,True
1733710163,21361860,6445000377754567114501701261,-50184,128,180,180,0,True
1733710175,21361861,6451070616374027182187280119,-50165,129,180,180,0,True
1733710187,21361862,6451070616374027182187280119,-50165,129,180,180,0,True
1733710199,21361863,6451070616374027182187280119,-50165,129,180,180,0,True
1733710211,21361864,6451070616374027182187280119,-50165,129,180,180,0,True
1733710223,21361865,6451070616374027182187280119,-50165,129,180,180,0,True
1733710235,21361866,6451070616374027182187280119,-50165,129,180,180,0,True
1733710247,21361867,6451070616374027182187280119,-50165,129,180,180,0,True
1733710259,21361868,6452284140036077628235693390,-50161,130,180,180,0,True
1733710271,21361869,6452284140036077628235693390,-50161,130,180,180,0,True
1733710283,21361870,6452284140036077628235693390,-50161,130,180,180,0,True
1733710295,21361871,6452284140036077628235693390,-50161,130,180,180,0,True
1733710307,21361872,6452284140036077628235693390,-50161,130,180,180,0,True
1733710319,21361873,6456077138497044056442404864,-50149,131,180,180,0,True
1733710331,21361874,6456077138497044056442404864,-50149,131,180,180,0,True
1733710343,21361875,6456077138497044056442404864,-50149,131,180,180,0,True
1733710355,21361876,6456077138497044056442404864,-50149,131,180,180,0,True
1733710367,21361877,6458959457436889286283624448,-50140,132,180,180,0,True
1733710379,21361878,6458959457436889286283624448,-50140,132,180,180,0,True
1733710391,21361879,6458959457436889286283624448,-50140,132,180,180,0,True
1733710403,21361880,6458959457436889286283624448,-50140,132,180,180,0,True
1733710415,21361881,6458959457436889286283624448,-50140,132,180,180,0,True
1733710427,21361882,6458959457436889286283624448,-50140,132,180,180,0,True
1733710439,21361883,6458959457436889286283624448,-50140,132,180,180,0,True
1733710451,21361884,6458959457436889286283624448,-50140,132,180,180,0,True
1733710463,21361885,6458959457436889286283624448,-50140,132,180,180,0,True
1733710475,21361886,6458959457436889286283624448,-50140,132,180,180,0,True
1733710487,21361887,6463957133813325928914379962,-50125,133,180,180,0,True
1733710499,21361888,6466123361224417866329859330,-50118,134,180,180,0,True
1733710511,21361889,6469833156747341975572028574,-50107,135,180,180,0,True
1733710523,21361890,6473008061638119463753255149,-50097,136,180,180,0,True
1733710535,21361891,6473008061638119463753255149,-50097,136,180,180,0,True
1733710547,21361892,6473008061638119463753255149,-50097,136,180,180,0,True
1733710559,21361893,6473008061638119463753255149,-50097,136,180,180,0,True
1733710571,21361894,6474889522331754410439022571,-50091,137,180,180,0,True
1733710583,21361895,6474889522331754410439022571,-50091,137,180,180,0,True
1733710595,21361896,6474337115732061421266692829,-50093,138,180,180,0,True
1733710607,21361897,6474337115732061421266692829,-50093,138,180,180,0,True
1733710619,21361898,6474337115732061421266692829,-50093,138,180,180,0,True
1733710631,21361899,6474337115732061421266692829,-50093,138,180,180,0,True
1733710643,21361900,6474337115732061421266692829,-50093,138,180,180,0,True
1733710655,21361901,6474337115732061421266692829,-50093,138,180,180,0,True
1733710667,21361902,6477374770302572804626710528,-50083,139,180,180,0,True
1733710679,21361903,6477374770302572804626710528,-50083,139,180,180,0,True
1733710691,21361904,6477374770302572804626710528,-50083,139,180,180,0,True
1733710703,21361905,6477374770302572804626710528,-50083,139,180,180,0,True
1733710715,21361906,6477374770302572804626710528,-50083,139,180,180,0,True
1733710727,21361907,6477374770302572804626710528,-50083,139,180,180,0,True
1733710739,21361908,6477374770302572804626710528,-50083,139,180,180,0,True
1733710751,21361909,6477374770302572804626710528,-50083,139,180,180,0,True
1733710763,21361910,6477374770302572804626710528,-50083,139,180,180,0,True
1733710775,21361911,6477374770302572804626710528,-50083,139,180,180,0,True
1733710787,21361912,6477374770302572804626710528,-50083,139,180,180,0,True
1733710799,21361913,6477374770302572804626710528,-50083,139,180,180,0,True
1733710811,21361914,6477374770302572804626710528,-50083,139,180,180,0,True
1733710823,21361915,6477374770302572804626710528,-50083,139,180,180,0,True
1733710835,21361916,6477374770302572804626710528,-50083,139,180,180,0,True
1733710847,21361917,6477374770302572804626710528,-50083,139,180,180,0,True
1733710859,21361918,6477374770302572804626710528,-50083,139,180,180,0,True
1733710871,21361919,6477374770302572804626710528,-50083,139,180,180,0,True
1733710883,21361920,6477374770302572804626710528,-50083,139,180,180,0,True
1733710895,21361921,6477374770302572804626710528,-50083,139,180,180,0,True
1733710907,21361922,6477374770302572804626710528,-50083,139,180,180,0,True
1733710919,21361923,6478900384502064050227898462,-50079,140,180,180,0,True
1733710931,21361924,6480464925308160679350354135,-50074,141,180,180,0,True
1733710943,21361925,6480464925308160679350354135,-50074,141,180,180,0,True
1733710955,21361926,6480464925308160679350354135,-50074,141,180,180,0,True
1733710967,21361927,6480464925308160679350354135,-50074,141,180,180,0,True
1733710979,21361928,6480464925308160679350354135,-50074,141,180,180,0,True
1733710991,21361929,6480464925308160679350354135,-50074,141,180,180,0,True
1733711003,21361930,6480464925308160679350354135,-50074,141,180,180,0,True
1733711015,21361931,6480464925308160679350354135,-50074,141,180,180,0,True
1733711027,21361932,6480395608784158322295022069,-50074,141,180,180,0,True
1733711039,21361933,6480395608784158322295022069,-50074,141,180,180,0,True
1733711051,21361934,6480395608784158322295022069,-50074,141,180,180,0,True
1733711063,21361935,6480395608784158322295022069,-50074,141,180,180,0,True
1733711075,21361936,6482170046164166822170439533,-50069,142,180,180,0,True
1733711099,21361937,6481669542652319467249379970,-50070,143,180,180,0,True
1733711111,21361938,6481669542652319467249379970,-50070,143,180,180,0,True
1733711123,21361939,6481669542652319467249379970,-50070,143,180,180,0,True
1733711135,21361940,6481669542652319467249379970,-50070,143,180,180,0,True
1733711147,21361941,6481669542652319467249379970,-50070,143,180,180,0,True
1733711159,21361942,6481669542652319467249379970,-50070,143,180,180,0,True
1733711171,21361943,6481669542652319467249379970,-50070,143,180,180,0,True
1733711183,21361944,6481669542652319467249379970,-50070,143,180,180,0,True
1733711195,21361945,6481669542652319467249379970,-50070,143,180,180,0,True
1733711207,21361946,6481669542652319467249379970,-50070,143,180,180,0,True
1733711219,21361947,6481669542652319467249379970,-50070,143,180,180,0,True
1733711231,21361948,6481669542652319467249379970,-50070,143,180,180,0,True
1733711243,21361949,6481669542652319467249379970,-50070,143,180,180,0,True
1733711255,21361950,6484483610010740788266971166,-50061,144,180,180,0,True
1733711267,21361951,6484483610010740788266971166,-50061,144,180,180,0,True
1733711279,21361952,6484483610010740788266971166,-50061,144,180,180,0,True
1733711291,21361953,6484483610010740788266971166,-50061,144,180,180,0,True
1733711303,21361954,6484483610010740788266971166,-50061,144,180,180,0,True
1733711315,21361955,6486159167119713484682025063,-50056,145,180,180,0,True
1733711327,21361956,6487823127416996663421520086,-50051,146,180,180,0,True
1733711339,21361957,6493709979106892850820559576,-50033,147,180,180,0,True
1733711351,21361958,6493053115942196488805640134,-50035,148,180,180,0,True
1733711363,21361959,6493053115942196488805640134,-50035,148,180,180,0,True
1733711375,21361960,6493053115942196488805640134,-50035,148,180,180,0,True
1733711387,21361961,6493053115942196488805640134,-50035,148,180,180,0,True
1733711399,21361962,6494977458867583849708999118,-50029,149,180,180,0,True
1733711411,21361963,6494977458867583849708999118,-50029,149,180,180,0,True
1733711423,21361964,6494977458867583849708999118,-50029,149,180,180,0,True
1733711435,21361965,6494977458867583849708999118,-50029,149,180,180,0,True
1733711447,21361966,6494840865980047879167673165,-50029,149,180,180,0,True
1733711459,21361967,6494840865980047879167673165,-50029,149,180,180,0,True
1733711471,21361968,6494840865980047879167673165,-50029,149,180,180,0,True
1733711483,21361969,6494840865980047879167673165,-50029,149,180,180,0,True
1733711495,21361970,6495955138404149945162018076,-50026,150,180,180,0,True
1733711507,21361971,6495955138404149945162018076,-50026,150,180,180,0,True
1733711519,21361972,6495955138404149945162018076,-50026,150,180,180,0,True
1733711531,21361973,6495955138404149945162018076,-50026,150,180,180,0,True
1733711543,21361974,6495955138404149945162018076,-50026,150,180,180,0,True
1733711555,21361975,6495955138404149945162018076,-50026,150,180,180,0,True
1733711567,21361976,6495955138404149945162018076,-50026,150,180,180,0,True
1733711579,21361977,6495955138404149945162018076,-50026,150,180,180,0,True
1733711591,21361978,6492685343746062932785894406,-50036,151,180,180,0,True
1733711603,21361979,6492685343746062932785894406,-50036,151,180,180,0,True
1733711615,21361980,6492685343746062932785894406,-50036,151,180,180,0,True
1733711627,21361981,6492685343746062932785894406,-50036,151,180,180,0,True
1733711639,21361982,6492685343746062932785894406,-50036,151,180,180,0,True
1733711651,21361983,6492685343746062932785894406,-50036,151,180,180,0,True
1733711663,21361984,6492685343746062932785894406,-50036,151,180,180,0,True
1733711675,21361985,6492685343746062932785894406,-50036,151,180,180,0,True
1733711687,21361986,6492685343746062932785894406,-50036,151,180,180,0,True
1733711699,21361987,6492685343746062932785894406,-50036,151,180,180,0,True
1733711711,21361988,6492685343746062932785894406,-50036,151,180,180,0,True
1733711723,21361989,6492685343746062932785894406,-50036,151,180,180,0,True
1733711735,21361990,6492685343746062932785894406,-50036,151,180,180,0,True
1733711747,21361991,6492685343746062932785894406,-50036,151,180,180,0,True
1733711759,21361992,6492685343746062932785894406,-50036,151,180,180,0,True
1733711771,21361993,6492685343746062932785894406,-50036,151,180,180,0,True
1733711783,21361994,6494914711018304609322191108,-50029,152,180,180,0,True
1733711795,21361995,6494914711018304609322191108,-50029,152,180,180,0,True
1733711807,21361996,6499847319954027955206954974,-50014,153,180,180,0,True
1733711819,21361997,6499396967029997165433704847,-50015,154,180,180,0,True
1733711831,21361998,6499396967029997165433704847,-50015,154,180,180,0,True
1733711843,21361999,6499396967029997165433704847,-50015,154,180,180,0,True
1733711855,21362000,6499396967029997165433704847,-50015,154,180,180,0,True
1733711867,21362001,6499396967029997165433704847,-50015,154,180,180,0,True
1733711879,21362002,6499396967029997165433704847,-50015,154,180,180,0,True
1733711891,21362003,6499396967029997165433704847,-50015,154,180,180,0,True
1733711903,21362004,6499396967029997165433704847,-50015,154,180,180,0,True
1733711915,21362005,6499396967029997165433704847,-50015,154,180,180,0,True
1733711927,21362006,6499396967029997165433704847,-50015,154,180,180,0,True
1733711939,21362007,6499396967029997165433704847,-50015,154,180,180,0,True
1733711951,21362008,6499396967029997165433704847,-50015,154,180,180,0,True
1733711963,21362009,6499396967029997165433704847,-50015,154,180,180,0,True
1733711975,21362010,6496614335101003754518304410,-50024,155,180,180,0,True
1733711987,21362011,6496614335101003754518304410,-50024,155,180,180,0,True
1733711999,21362012,6496614335101003754518304410,-50024,155,180,180,0,True
1733712011,21362013,6496614335101003754518304410,-50024,155,180,180,0,True
1733712023,21362014,6494157270756053192112483952,-50032,156,180,180,0,True
1733712035,21362015,6494157270756053192112483952,-50032,156,180,180,0,True
1733712047,21362016,6494157270756053192112483952,-50032,156,180,180,0,True
1733712059,21362017,6494157270756053192112483952,-50032,156,180,180,0,True
1733712071,21362018,6494157270756053192112483952,-50032,156,180,180,0,True
1733712083,21362019,6494157270756053192112483952,-50032,156,180,180,0,True
1733712095,21362020,6494157270756053192112483952,-50032,156,180,180,0,True
1733712107,21362021,6494157270756053192112483952,-50032,156,180,180,0,True
1733712119,21362022,6494157270756053192112483952,-50032,156,180,180,0,True
1733712131,21362023,6494157270756053192112483952,-50032,156,180,180,0,True
1733712143,21362024,6494157270756053192112483952,-50032,156,180,180,0,True
1733712155,21362025,6494157270756053192112483952,-50032,156,180,180,0,True
1733712167,21362026,6494157270756053192112483952,-50032,156,180,180,0,True
1733712179,21362027,6494157270756053192112483952,-50032,156,180,180,0,True
1733712191,21362028,6494157270756053192112483952,-50032,156,180,180,0,True
1733712203,21362029,6494157270756053192112483952,-50032,156,180,180,0,True
1733712215,21362030,6494157270756053192112483952,-50032,156,180,180,0,True
1733712227,21362031,6494157270756053192112483952,-50032,156,180,180,0,True
1733712239,21362032,6494157270756053192112483952,-50032,156,180,180,0,True
1733712251,21362033,6494157270756053192112483952,-50032,156,180,180,0,True
1733712263,21362034,6494157270756053192112483952,-50032,156,180,180,0,True
1733712275,21362035,6494157270756053192112483952,-50032,156,180,180,0,True
1733712287,21362036,6494157270756053192112483952,-50032,156,180,180,0,True
1733712299,21362037,6494157270756053192112483952,-50032,156,180,180,0,True
1733712311,21362038,6494157270756053192112483952,-50032,156,180,180,0,True
1733712323,21362039,6494157270756053192112483952,-50032,156,180,180,0,True
1733712335,21362040,6494157270756053192112483952,-50032,156,180,180,0,True
1733712347,21362041,6494157270756053192112483952,-50032,156,180,180,0,True
1733712359,21362042,6494157270756053192112483952,-50032,156,180,180,0,True
1733712371,21362043,6495844905172181259617050453,-50026,157,180,180,0,True
1733712383,21362044,6495844905172181259617050453,-50026,157,180,180,0,True
1733712395,21362045,6495844905172181259617050453,-50026,157,180,180,0,True
1733712407,21362046,6502177159426143821035019708,-50007,158,180,180,0,True
1733712419,21362047,6501655002449173706545131725,-50009,159,180,180,0,True
1733712431,21362048,6501655002449173706545131725,-50009,159,180,180,0,True
1733712443,21362049,6501153822723100088926583892,-50010,160,180,180,0,True
1733712455,21362050,6501153822723100088926583892,-50010,160,180,180,0,True
1733712467,21362051,6501153822723100088926583892,-50010,160,180,180,0,True
1733712479,21362052,6503548292591549547743944901,-50003,161,180,180,0,True
1733712491,21362053,6503548292591549547743944901,-50003,161,180,180,0,True
1733712503,21362054,6503548292591549547743944901,-50003,161,180,180,0,True
1733712515,21362055,6503548292591549547743944901,-50003,161,180,180,0,True
1733712527,21362056,6503548292591549547743944901,-50003,161,180,180,0,True
1733712539,21362057,6503548292591549547743944901,-50003,161,180,180,0,True
1733712551,21362058,6503548292591549547743944901,-50003,161,180,180,0,True
1733712563,21362059,6505438103103823398320052887,-49997,162,180,180,0,True
1733712575,21362060,6504936083858032604817089555,-49998,163,180,180,0,True
1733712587,21362061,6504936083858032604817089555,-49998,163,180,180,0,True
1733712599,21362062,6504936083858032604817089555,-49998,163,180,180,0,True
1733712611,21362063,6504936083858032604817089555,-49998,163,180,180,0,True
1733712623,21362064,6504936083858032604817089555,-49998,163,180,180,0,True
1733712635,21362065,6504936083858032604817089555,-49998,163,180,180,0,True
1733712647,21362066,6504936083858032604817089555,-49998,163,180,180,0,True
1733712659,21362067,6504936083858032604817089555,-49998,163,180,180,0,True
1733712671,21362068,6504936083858032604817089555,-49998,163,180,180,0,True
1733712683,21362069,6504936083858032604817089555,-49998,163,180,180,0,True
1733712695,21362070,6504936083858032604817089555,-49998,163,180,180,0,True
1733712707,21362071,6504936083858032604817089555,-49998,163,180,180,0,True
1733712719,21362072,6504936083858032604817089555,-49998,163,180,180,0,True
1733712731,21362073,6504936083858032604817089555,-49998,163,180,180,0,True
1733712743,21362074,6507480025464819157204721053,-49991,164,180,180,0,True
1733712755,21362075,6508965258995638303254576493,-49986,165,180,180,0,True
1733712767,21362076,6510161815076368849276695853,-49982,166,180,180,0,True
1733712779,21362077,6510161815076368849276695853,-49982,166,180,180,0,True
1733712791,21362078,6510161815076368849276695853,-49982,166,180,180,0,True
1733712803,21362079,6510161815076368849276695853,-49982,166,180,180,0,True
1733712815,21362080,6512594137961067672764250160,-49975,167,180,180,0,True
1733712827,21362081,6512594137961067672764250160,-49975,167,180,180,0,True
1733712839,21362082,6512594137961067672764250160,-49975,167,180,180,0,True
1733712851,21362083,6514195348630108850614356942,-49970,168,180,180,0,True
1733712863,21362084,6516017006944479281064743741,-49964,169,180,180,0,True
1733712875,21362085,6515433546031983779863642716,-49966,170,180,180,0,True
1733712887,21362086,6515433546031983779863642716,-49966,170,180,180,0,True
1733712899,21362087,6515433546031983779863642716,-49966,170,180,180,0,True
1733712911,21362088,6515433546031983779863642716,-49966,170,180,180,0,True
1733712923,21362089,6515433546031983779863642716,-49966,170,180,180,0,True
1733712935,21362090,6515433546031983779863642716,-49966,170,180,180,0,True
1733712947,21362091,6515433546031983779863642716,-49966,170,180,180,0,True
1733712959,21362092,6515433546031983779863642716,-49966,170,180,180,0,True
1733712971,21362093,6515433546031983779863642716,-49966,170,180,180,0,True
1733712983,21362094,6517255153080997272634915865,-49961,171,180,180,0,True
1733712995,21362095,6521591457252374528254739711,-49947,172,180,180,0,True
1733713007,21362096,6521591457252374528254739711,-49947,172,180,180,0,True
1733713019,21362097,6521006936499273791835693255,-49949,173,180,180,0,True
1733713031,21362098,6523643054480259038736076250,-49941,174,180,180,0,True
1733713043,21362099,6526233309808644701972611449,-49933,175,180,180,0,True
1733713055,21362100,6526233309808644701972611449,-49933,175,180,180,0,True
1733713067,21362101,6526233309808644701972611449,-49933,175,180,180,0,True
1733713079,21362102,6526233309808644701972611449,-49933,175,180,180,0,True
1733713091,21362103,6526213141068099802164557226,-49933,175,180,180,0,True
1733713103,21362104,6526213141068099802164557226,-49933,175,180,180,0,True
1733713115,21362105,6528154998826077056358058605,-49927,176,180,180,0,True
1733713127,21362106,6529263610087966287393571095,-49924,177,180,180,0,True
1733713139,21362107,6530324361695605335297357601,-49921,178,180,180,0,True
1733713151,21362108,6530324361695605335297357601,-49921,178,180,180,0,True
1733713163,21362109,6530324361695605335297357601,-49921,178,180,180,0,True
1733713175,21362110,6530324361695605335297357601,-49921,178,180,180,0,True
1733713187,21362111,6530324361695605335297357601,-49921,178,180,180,0,True
1733713199,21362112,6530324361695605335297357601,-49921,178,180,180,0,True
1733713211,21362113,6530324361695605335297357601,-49921,178,180,180,0,True
1733713223,21362114,6530324361695605335297357601,-49921,178,180,180,0,True
1733713235,21362115,6530324361695605335297357601,-49921,178,180,180,0,True
1733713247,21362116,6530324361695605335297357601,-49921,178,180,180,0,True
1733713259,21362117,6530324361695605335297357601,-49921,178,180,180,0,True
1733713271,21362118,6527855176379780140309151593,-49928,179,180,180,0,True
1733713283,21362119,6528345691434158950882808062,-49927,0,180,180,0,True
1733713295,21362120,6525983791999797219970425292,-49934,1,180,180,0,True
1733713307,21362121,6525983791999797219970425292,-49934,1,180,180,0,True
1733713319,21362122,6525983791999797219970425292,-49934,1,180,180,0,True
1733713331,21362123,6525983791999797219970425292,-49934,1,180,180,0,True
1733713343,21362124,6525983791999797219970425292,-49934,1,180,180,0,True
1733713355,21362125,6525983791999797219970425292,-49934,1,180,180,0,True
1733713367,21362126,6525983791999797219970425292,-49934,1,180,180,0,True
1733713379,21362127,6525983791999797219970425292,-49934,1,180,180,0,True
1733713391,21362128,6525983791999797219970425292,-49934,1,180,180,0,True
1733713403,21362129,6525983791999797219970425292,-49934,1,180,180,0,True
1733713415,21362130,6525983791999797219970425292,-49934,1,180,180,0,True
1733713427,21362131,6525983791999797219970425292,-49934,1,180,180,0,True
1733713439,21362132,6525983791999797219970425292,-49934,1,180,180,0,True
1733713451,21362133,6527071224396566181541204253,-49930,2,180,180,0,True
1733713463,21362134,6527071224396566181541204253,-49930,2,180,180,0,True
1733713475,21362135,6532193299091996956684189696,-49915,3,180,180,0,True
1733713487,21362136,6533462609908618434102676741,-49911,4,180,180,0,True
1733713499,21362137,6533462609908618434102676741,-49911,4,180,180,0,True
1733713511,21362138,6533462609908618434102676741,-49911,4,180,180,0,True
1733713523,21362139,6533462609908618434102676741,-49911,4,180,180,0,True
1733713535,21362140,6534916603067850404551510386,-49906,5,180,180,0,True
1733713547,21362141,6534405145207631422972246676,-49908,6,180,180,0,True
1733713559,21362142,6541727530071550480617156691,-49886,7,180,180,0,True
1733713571,21362143,6543675891726031254750394949,-49880,8,180,180,0,True
1733713583,21362144,6551335895044111533653350106,-49856,9,180,180,0,True
1733713595,21362145,6551577152897880316873996528,-49856,10,180,180,0,True
1733713607,21362146,6551577152897880316873996528,-49856,10,180,180,0,True
1733713619,21362147,6552819790330573778109645831,-49852,11,180,180,0,True
1733713631,21362148,6552819790330573778109645831,-49852,11,180,180,0,True
1733713643,21362149,6552819790330573778109645831,-49852,11,180,180,0,True
1733713655,21362150,6556942777263804869158272056,-49839,12,180,180,0,True
1733713667,21362151,6556942777263804869158272056,-49839,12,180,180,0,True
1733713679,21362152,6556942777263804869158272056,-49839,12,180,180,0,True
1733713691,21362153,6556942777263804869158272056,-49839,12,180,180,0,True
1733713703,21362154,6558185066516976515865500317,-49835,13,180,180,0,True
1733713715,21362155,6558185066516976515865500317,-49835,13,180,180,0,True
1733713727,21362156,6558185066516976515865500317,-49835,13,180,180,0,True
1733713739,21362157,6558185066516976515865500317,-49835,13,180,180,0,True
1733713751,21362158,6558185066516976515865500317,-49835,13,180,180,0,True
1733713763,21362159,6560024444981262162967925972,-49830,14,180,180,0,True
1733713775,21362160,6560024444981262162967925972,-49830,14,180,180,0,True
1733713787,21362161,6559026782204988062641864564,-49833,15,180,180,0,True
1733713799,21362162,6560423684024862540703085361,-49829,16,180,180,0,True
1733713811,21362163,6560423684024862540703085361,-49829,16,180,180,0,True
1733713823,21362164,6561520467284666452091832444,-49825,17,180,180,0,True
1733713835,21362165,6561520467284666452091832444,-49825,17,180,180,0,True
1733713847,21362166,6561520467284666452091832444,-49825,17,180,180,0,True
1733713859,21362167,6561520467284666452091832444,-49825,17,180,180,0,True
1733713871,21362168,6561520467284666452091832444,-49825,17,180,180,0,True
1733713883,21362169,6561520467284666452091832444,-49825,17,180,180,0,True
1733713895,21362170,6561520467284666452091832444,-49825,17,180,180,0,True
1733713907,21362171,6561520467284666452091832444,-49825,17,180,180,0,True
1733713919,21362172,6561520467284666452091832444,-49825,17,180,180,0,True
1733713931,21362173,6561520467284666452091832444,-49825,17,180,180,0,True
1733713943,21362174,6561520467284666452091832444,-49825,17,180,180,0,True
1733713955,21362175,6558899326939415249289807171,-49833,18,180,180,0,True
1733713967,21362176,6558899326939415249289807171,-49833,18,180,180,0,True
1733713979,21362177,6558899326939415249289807171,-49833,18,180,180,0,True
1733713991,21362178,6558899326939415249289807171,-49833,18,180,180,0,True
1733714003,21362179,6558899326939415249289807171,-49833,18,180,180,0,True
1733714015,21362180,6558899326939415249289807171,-49833,18,180,180,0,True
1733714027,21362181,6558899326939415249289807171,-49833,18,180,180,0,True
1733714039,21362182,6558899326939415249289807171,-49833,18,180,180,0,True
1733714051,21362183,6558899326939415249289807171,-49833,18,180,180,0,True
1733714063,21362184,6558899326939415249289807171,-49833,18,180,180,0,True
1733714075,21362185,6558899326939415249289807171,-49833,18,180,180,0,True
1733714087,21362186,6558899326939415249289807171,-49833,18,180,180,0,True
1733714099,21362187,6558899326939415249289807171,-49833,18,180,180,0,True
1733714111,21362188,6558899326939415249289807171,-49833,18,180,180,0,True
1733714123,21362189,6558899326939415249289807171,-49833,18,180,180,0,True
1733714135,21362190,6558899326939415249289807171,-49833,18,180,180,0,True
1733714147,21362191,6558899326939415249289807171,-49833,18,180,180,0,True
1733714159,21362192,6559498920184525671033066044,-49831,19,180,180,0,True
1733714171,21362193,6559498920184525671033066044,-49831,19,180,180,0,True
1733714183,21362194,6559498920184525671033066044,-49831,19,180,180,0,True
1733714195,21362195,6559498920184525671033066044,-49831,19,180,180,0,True
1733714207,21362196,6559498920184525671033066044,-49831,19,180,180,0,True
1733714219,21362197,6561693937713996331131904016,-49825,20,180,180,0,True
1733714231,21362198,6564079287642284805470782184,-49817,21,180,180,0,True
1733714243,21362199,6566012531440430494459450697,-49811,22,180,180,0,True
1733714255,21362200,6566012531440430494459450697,-49811,22,180,180,0,True
1733714267,21362201,6566012531440430494459450697,-49811,22,180,180,0,True
1733714279,21362202,6566012531440430494459450697,-49811,22,180,180,0,True
1733714303,21362203,6569132516590938886483234462,-49802,23,180,180,0,True
1733714315,21362204,6570511036544799774552747504,-49798,24,180,180,0,True
1733714327,21362205,6570511036544799774552747504,-49798,24,180,180,0,True
1733714339,21362206,6573200113669489503918492343,-49790,25,180,180,0,True
1733714351,21362207,6572636289783781815758722474,-49791,26,180,180,0,True
1733714363,21362208,6579300422823938749220516938,-49771,27,180,180,0,True
1733714375,21362209,6578724890117451255820195024,-49773,28,180,180,0,True
1733714387,21362210,6578724890117451255820195024,-49773,28,180,180,0,True
1733714399,21362211,6579914521008938302412963673,-49769,29,180,180,0,True
1733714411,21362212,6579914521008938302412963673,-49769,29,180,180,0,True
1733714423,21362213,6579914521008938302412963673,-49769,29,180,180,0,True
1733714435,21362214,6579914521008938302412963673,-49769,29,180,180,0,True
1733714447,21362215,6579914521008938302412963673,-49769,29,180,180,0,True
1733714459,21362216,6579914521008938302412963673,-49769,29,180,180,0,True
1733714471,21362217,6576173623811645174966124544,-49781,30,180,180,0,True
1733714483,21362218,6571408118491525391783494872,-49795,31,180,180,0,True
1733714495,21362219,6571408118491525391783494872,-49795,31,180,180,0,True
1733714507,21362220,6571408118491525391783494872,-49795,31,180,180,0,True
1733714519,21362221,6568995878128523578828018019,-49802,32,180,180,0,True
1733714531,21362222,6567859073628144065356849302,-49806,33,180,180,0,True
1733714543,21362223,6567859073628144065356849302,-49806,33,180,180,0,True
1733714555,21362224,6567859073628144065356849302,-49806,33,180,180,0,True
1733714567,21362225,6567859073628144065356849302,-49806,33,180,180,0,True
1733714579,21362226,6567818067282930365165839240,-49806,33,180,180,0,True
1733714591,21362227,6567818067282930365165839240,-49806,33,180,180,0,True
1733714603,21362228,6567818067282930365165839240,-49806,33,180,180,0,True
1733714615,21362229,6567818067282930365165839240,-49806,33,180,180,0,True
1733714627,21362230,6567818067282930365165839240,-49806,33,180,180,0,True
1733714639,21362231,6564159700587564620931137536,-49817,34,180,180,0,True
1733714651,21362232,6562214140113113486142778998,-49823,35,180,180,0,True
1733714663,21362233,6562214140113113486142778998,-49823,35,180,180,0,True
1733714675,21362234,6562214140113113486142778998,-49823,35,180,180,0,True
1733714687,21362235,6562214140113113486142778998,-49823,35,180,180,0,True
1733714699,21362236,6558877021202659806701158400,-49833,36,180,180,0,True
1733714711,21362237,6556097518939995558134152585,-49842,37,180,180,0,True
1733714723,21362238,6556097518939995558134152585,-49842,37,180,180,0,True
1733714735,21362239,6555059291148962681011060161,-49845,38,180,180,0,True
1733714747,21362240,6552192831769423514278297600,-49854,39,180,180,0,True
1733714759,21362241,6552192831769423514278297600,-49854,39,180,180,0,True
1733714771,21362242,6552192831769423514278297600,-49854,39,180,180,0,True
1733714783,21362243,6552192831769423514278297600,-49854,39,180,180,0,True
1733714795,21362244,6552192831769423514278297600,-49854,39,180,180,0,True
1733714807,21362245,6551280612023667684741406319,-49856,40,180,180,0,True
1733714819,21362246,6551303909864021550501885451,-49856,40,180,180,0,True
1733714831,21362247,6551303909864021550501885451,-49856,40,180,180,0,True
1733714843,21362248,6548132936390112525518732986,-49866,41,180,180,0,True
1733714855,21362249,6548132936390112525518732986,-49866,41,180,180,0,True
1733714867,21362250,6548132936390112525518732986,-49866,41,180,180,0,True
1733714879,21362251,6548132936390112525518732986,-49866,41,180,180,0,True
1733714891,21362252,6548132936390112525518732986,-49866,41,180,180,0,True
1733714903,21362253,6548132936390112525518732986,-49866,41,180,180,0,True
1733714915,21362254,6548132936390112525518732986,-49866,41,180,180,0,True
1733714927,21362255,6548132936390112525518732986,-49866,41,180,180,0,True
1733714939,21362256,6548132936390112525518732986,-49866,41,180,180,0,True
1733714951,21362257,6548132936390112525518732986,-49866,41,180,180,0,True
1733714963,21362258,6548215537848275336394080238,-49866,42,180,180,0,True
1733714975,21362259,6548215537848275336394080238,-49866,42,180,180,0,True
1733714987,21362260,6548215537848275336394080238,-49866,42,180,180,0,True
1733714999,21362261,6548215537848275336394080238,-49866,42,180,180,0,True
1733715011,21362262,6543012274960771928299667456,-49882,43,180,180,0,True
1733715023,21362263,6543734215655439631960719425,-49879,44,180,180,0,True
1733715035,21362264,6543734215655439631960719425,-49879,44,180,180,0,True
1733715047,21362265,6543734215655439631960719425,-49879,44,180,180,0,True
1733715059,21362266,6543734215655439631960719425,-49879,44,180,180,0,True
1733715071,21362267,6543734215655439631960719425,-49879,44,180,180,0,True
1733715083,21362268,6541983847680860088997269092,-49885,45,180,180,0,True
1733715095,21362269,6539591625897634523888222208,-49892,46,180,180,0,True
1733715107,21362270,6539591625897634523888222208,-49892,46,180,180,0,True
1733715119,21362271,6539591625897634523888222208,-49892,46,180,180,0,True
1733715131,21362272,6537622345408023913432762728,-49898,47,180,180,0,True
1733715143,21362273,6537622345408023913432762728,-49898,47,180,180,0,True
1733715155,21362274,6537622345408023913432762728,-49898,47,180,180,0,True
1733715167,21362275,6537536094361477942094355862,-49898,47,180,180,0,True
1733715179,21362276,6537536094361477942094355862,-49898,47,180,180,0,True
1733715191,21362277,6537536094361477942094355862,-49898,47,180,180,0,True
1733715203,21362278,6537536094361477942094355862,-49898,47,180,180,0,True
1733715215,21362279,6537547936601303575948379332,-49898,47,180,180,0,True
1733715227,21362280,6537547936601303575948379332,-49898,47,180,180,0,True
1733715239,21362281,6537547936601303575948379332,-49898,47,180,180,0,True
1733715251,21362282,6537547936601303575948379332,-49898,47,180,180,0,True
1733715263,21362283,6537547936601303575948379332,-49898,47,180,180,0,True
1733715275,21362284,6537547936601303575948379332,-49898,47,180,180,0,True
1733715287,21362285,6537547936601303575948379332,-49898,47,180,180,0,True
1733715299,21362286,6537547936601303575948379332,-49898,47,180,180,0,True
1733715311,21362287,6537565528249243368664979731,-49898,47,180,180,0,True
1733715323,21362288,6537565528249243368664979731,-49898,47,180,180,0,True
1733715335,21362289,6537565528249243368664979731,-49898,47,180,180,0,True
1733715347,21362290,6537565528249243368664979731,-49898,47,180,180,0,True
1733715359,21362291,6537565528249243368664979731,-49898,47,180,180,0,True
1733715371,21362292,6537565528249243368664979731,-49898,47,180,180,0,True
1733715383,21362293,6537587221396284178819260875,-49898,47,180,180,0,True
1733715395,21362294,6537587221396284178819260875,-49898,47,180,180,0,True
1733715407,21362295,6537587221396284178819260875,-49898,47,180,180,0,True
1733715419,21362296,6534635380545270257597546092,-49907,48,180,180,0,True
1733715431,21362297,6533670284484639136433478264,-49910,49,180,180,0,True
1733715443,21362298,6533670284484639136433478264,-49910,49,180,180,0,True
1733715455,21362299,6533670284484639136433478264,-49910,49,180,180,0,True
1733715467,21362300,6533670284484639136433478264,-49910,49,180,180,0,True
1733715479,21362301,6533670284484639136433478264,-49910,49,180,180,0,True
1733715491,21362302,6533670284484639136433478264,-49910,49,180,180,0,True
1733715503,21362303,6533670284484639136433478264,-49910,49,180,180,0,True
1733715515,21362304,6533670284484639136433478264,-49910,49,180,180,0,True
1733715527,21362305,6533670284484639136433478264,-49910,49,180,180,0,True
1733715539,21362306,6533670284484639136433478264,-49910,49,180,180,0,True
1733715551,21362307,6533670284484639136433478264,-49910,49,180,180,0,True
1733715563,21362308,6531924753037514571941919011,-49916,50,180,180,0,True
1733715575,21362309,6532539014168945069252698065,-49914,51,180,180,0,True
1733715587,21362310,6532539014168945069252698065,-49914,51,180,180,0,True
1733715599,21362311,6532539014168945069252698065,-49914,51,180,180,0,True
1733715611,21362312,6532539014168945069252698065,-49914,51,180,180,0,True
1733715623,21362313,6530893579504108552406314478,-49919,52,180,180,0,True
1733715635,21362314,6527471703696955127197859840,-49929,53,180,180,0,True
1733715647,21362315,6527471703696955127197859840,-49929,53,180,180,0,True
1733715659,21362316,6527471703696955127197859840,-49929,53,180,180,0,True
1733715671,21362317,6527471703696955127197859840,-49929,53,180,180,0,True
1733715683,21362318,6527471703696955127197859840,-49929,53,180,180,0,True
1733715695,21362319,6527471703696955127197859840,-49929,53,180,180,0,True
1733715707,21362320,6527471703696955127197859840,-49929,53,180,180,0,True
1733715719,21362321,6527471703696955127197859840,-49929,53,180,180,0,True
1733715731,21362322,6527471703696955127197859840,-49929,53,180,180,0,True
1733715743,21362323,6527471703696955127197859840,-49929,53,180,180,0,True
1733715755,21362324,6527471703696955127197859840,-49929,53,180,180,0,True
1733715767,21362325,6527471703696955127197859840,-49929,53,180,180,0,True
1733715779,21362326,6527523407257910298173559352,-49929,53,180,180,0,True
1733715791,21362327,6527523407257910298173559352,-49929,53,180,180,0,True
1733715803,21362328,6527523407257910298173559352,-49929,53,180,180,0,True
1733715815,21362329,6527523407257910298173559352,-49929,53,180,180,0,True
1733715827,21362330,6527523407257910298173559352,-49929,53,180,180,0,True
1733715839,21362331,6527523407257910298173559352,-49929,53,180,180,0,True
1733715851,21362332,6527523407257910298173559352,-49929,53,180,180,0,True
1733715863,21362333,6527523407257910298173559352,-49929,53,180,180,0,True
1733715875,21362334,6527523407257910298173559352,-49929,53,180,180,0,True
1733715887,21362335,6527523407257910298173559352,-49929,53,180,180,0,True
1733715899,21362336,6527523407257910298173559352,-49929,53,180,180,0,True
1733715911,21362337,6527523407257910298173559352,-49929,53,180,180,0,True
1733715923,21362338,6527523407257910298173559352,-49929,53,180,180,0,True
1733715935,21362339,6508717349119638871054745600,-49987,54,180,180,0,True
1733715947,21362340,6507751944672716599812595869,-49990,55,180,180,0,True
1733715959,21362341,6505984914683937450906410866,-49995,56,180,180,0,True
1733715971,21362342,6501788355213418866646450176,-50008,57,180,180,0,True
1733715983,21362343,6501788355213418866646450176,-50008,57,180,180,0,True
1733715995,21362344,6501788355213418866646450176,-50008,57,180,180,0,True
1733716007,21362345,6501788355213418866646450176,-50008,57,180,180,0,True
1733716019,21362346,6501788355213418866646450176,-50008,57,180,180,0,True
1733716031,21362347,6501788355213418866646450176,-50008,57,180,180,0,True
1733716043,21362348,6501788355213418866646450176,-50008,57,180,180,0,True
1733716055,21362349,6501788355213418866646450176,-50008,57,180,180,0,True
1733716067,21362350,6501788355213418866646450176,-50008,57,180,180,0,True
1733716079,21362351,6501788355213418866646450176,-50008,57,180,180,0,True
1733716091,21362352,6501788355213418866646450176,-50008,57,180,180,0,True
1733716103,21362353,6501788355213418866646450176,-50008,57,180,180,0,True
1733716115,21362354,6501788355213418866646450176,-50008,57,180,180,0,True
1733716127,21362355,6501788355213418866646450176,-50008,57,180,180,0,True
1733716139,21362356,6502381625305266974129016966,-50006,58,180,180,0,True
1733716151,21362357,6502381625305266974129016966,-50006,58,180,180,0,True
1733716163,21362358,6502381625305266974129016966,-50006,58,180,180,0,True
1733716175,21362359,6502381625305266974129016966,-50006,58,180,180,0,True
1733716187,21362360,6502381625305266974129016966,-50006,58,180,180,0,True
1733716199,21362361,6502381625305266974129016966,-50006,58,180,180,0,True
1733716211,21362362,6502381625305266974129016966,-50006,58,180,180,0,True
1733716223,21362363,6502381625305266974129016966,-50006,58,180,180,0,True
1733716235,21362364,6500011544150433922551210721,-50014,59,180,180,0,True
1733716247,21362365,6500011544150433922551210721,-50014,59,180,180,0,True
1733716259,21362366,6500011544150433922551210721,-50014,59,180,180,0,True
1733716271,21362367,6500011544150433922551210721,-50014,59,180,180,0,True
1733716283,21362368,6500011544150433922551210721,-50014,59,180,180,0,True
1733716295,21362369,6500011544150433922551210721,-50014,59,180,180,0,True
1733716307,21362370,6500011544150433922551210721,-50014,59,180,180,0,True
1733716319,21362371,6500011544150433922551210721,-50014,59,180,180,0,True
1733716331,21362372,6500011544150433922551210721,-50014,59,180,180,0,True
1733716343,21362373,6500011544150433922551210721,-50014,59,180,180,0,True
1733716355,21362374,6500011544150433922551210721,-50014,59,180,180,0,True
1733716367,21362375,6500011544150433922551210721,-50014,59,180,180,0,True
1733716379,21362376,6500011544150433922551210721,-50014,59,180,180,0,True
1733716391,21362377,6500011544150433922551210721,-50014,59,180,180,0,True
1733716403,21362378,6500011544150433922551210721,-50014,59,180,180,0,True
1733716415,21362379,6501005729128956254063452708,-50010,60,180,180,0,True
1733716427,21362380,6501005729128956254063452708,-50010,60,180,180,0,True
1733716439,21362381,6501005729128956254063452708,-50010,60,180,180,0,True
1733716451,21362382,6501005729128956254063452708,-50010,60,180,180,0,True
1733716463,21362383,6501005729128956254063452708,-50010,60,180,180,0,True
1733716475,21362384,6503011143626619186823413336,-50004,61,180,180,0,True
1733716487,21362385,6503011143626619186823413336,-50004,61,180,180,0,True
1733716499,21362386,6503011143626619186823413336,-50004,61,180,180,0,True
1733716511,21362387,6503011143626619186823413336,-50004,61,180,180,0,True
1733716523,21362388,6504255014787228406833241292,-50001,62,180,180,0,True
1733716535,21362389,6505870626840240173882591637,-49996,63,180,180,0,True
1733716547,21362390,6505870626840240173882591637,-49996,63,180,180,0,True
1733716559,21362391,6507336041888779859080014621,-49991,64,180,180,0,True
1733716571,21362392,6507336041888779859080014621,-49991,64,180,180,0,True
1733716583,21362393,6511724630136860089128058880,-49978,65,180,180,0,True
1733716595,21362394,6511724630136860089128058880,-49978,65,180,180,0,True
1733716607,21362395,6518754036997687276414787044,-49956,66,180,180,0,True
1733716619,21362396,6520296065739196218403997110,-49951,67,180,180,0,True
1733716631,21362397,6520296065739196218403997110,-49951,67,180,180,0,True
1733716643,21362398,6520296065739196218403997110,-49951,67,180,180,0,True
1733716655,21362399,6520296065739196218403997110,-49951,67,180,180,0,True
1733716667,21362400,6520296065739196218403997110,-49951,67,180,180,0,True
1733716679,21362401,6520296065739196218403997110,-49951,67,180,180,0,True
1733716691,21362402,6520296065739196218403997110,-49951,67,180,180,0,True
1733716703,21362403,6520296065739196218403997110,-49951,67,180,180,0,True
1733716715,21362404,6520296065739196218403997110,-49951,67,180,180,0,True
1733716727,21362405,6520296065739196218403997110,-49951,67,180,180,0,True
1733716739,21362406,6520296065739196218403997110,-49951,67,180,180,0,True
1733716751,21362407,6520296065739196218403997110,-49951,67,180,180,0,True
1733716763,21362408,6520296065739196218403997110,-49951,67,180,180,0,True
1733716775,21362409,6520296065739196218403997110,-49951,67,180,180,0,True
1733716787,21362410,6520296065739196218403997110,-49951,67,180,180,0,True
1733716799,21362411,6520296065739196218403997110,-49951,67,180,180,0,True
1733716811,21362412,6520296065739196218403997110,-49951,67,180,180,0,True
1733716823,21362413,6520296065739196218403997110,-49951,67,180,180,0,True
1733716835,21362414,6520296065739196218403997110,-49951,67,180,180,0,True
1733716847,21362415,6520296065739196218403997110,-49951,67,180,180,0,True
1733716859,21362416,6520296065739196218403997110,-49951,67,180,180,0,True
1733716871,21362417,6520296065739196218403997110,-49951,67,180,180,0,True
1733716883,21362418,6521083527895106903671958198,-49949,68,180,180,0,True
1733716895,21362419,6521083527895106903671958198,-49949,68,180,180,0,True
1733716907,21362420,6521083527895106903671958198,-49949,68,180,180,0,True
1733716919,21362421,6521083527895106903671958198,-49949,68,180,180,0,True
1733716931,21362422,6521083527895106903671958198,-49949,68,180,180,0,True
1733716943,21362423,6522567860534148265048439458,-49944,69,180,180,0,True
1733716955,21362424,6522567860534148265048439458,-49944,69,180,180,0,True
1733716967,21362425,6522567860534148265048439458,-49944,69,180,180,0,True
1733716979,21362426,6525330502647452800030605312,-49936,70,180,180,0,True
1733716991,21362427,6525330502647452800030605312,-49936,70,180,180,0,True
1733717003,21362428,6525330502647452800030605312,-49936,70,180,180,0,True
1733717015,21362429,6526975054330275535416368906,-49931,71,180,180,0,True
1733717027,21362430,6529727225959996485095391232,-49922,72,180,180,0,True
1733717039,21362431,6535807894228019616350504454,-49904,73,180,180,0,True
1733717051,21362432,6537763934533699829949287075,-49898,74,180,180,0,True
1733717063,21362433,6542762599584515194210145979,-49882,75,180,180,0,True
1733717075,21362434,6549910641505168164097359872,-49861,76,180,180,0,True
1733717087,21362435,6550696641026475340908237428,-49858,77,180,180,0,True
1733717099,21362436,6550696641026475340908237428,-49858,77,180,180,0,True
1733717111,21362437,6550696641026475340908237428,-49858,77,180,180,0,True
1733717123,21362438,6550696641026475340908237428,-49858,77,180,180,0,True
1733717135,21362439,6550696641026475340908237428,-49858,77,180,180,0,True
1733717147,21362440,6550696641026475340908237428,-49858,77,180,180,0,True
1733717159,21362441,6563222946414415112459189978,-49820,78,180,180,0,True
1733717171,21362442,6568012324363088078647066624,-49805,79,180,180,0,True
1733717183,21362443,6568776848181460275352499413,-49803,80,180,180,0,True
1733717195,21362444,6572072318230447433431786949,-49793,81,180,180,0,True
1733717207,21362445,6572072318230447433431786949,-49793,81,180,180,0,True
1733717219,21362446,6572878121412457253482348370,-49791,82,180,180,0,True
1733717231,21362447,6572878121412457253482348370,-49791,82,180,180,0,True
1733717243,21362448,6572878121412457253482348370,-49791,82,180,180,0,True
1733717255,21362449,6572878121412457253482348370,-49791,82,180,180,0,True
1733717267,21362450,6573843245996073818408508790,-49788,83,180,180,0,True
1733717279,21362451,6573843245996073818408508790,-49788,83,180,180,0,True
1733717291,21362452,6576281773147302447005989862,-49780,84,180,180,0,True
1733717303,21362453,6576281773147302447005989862,-49780,84,180,180,0,True
1733717315,21362454,6576281773147302447005989862,-49780,84,180,180,0,True
1733717327,21362455,6578067294911513847437481798,-49775,85,180,180,0,True
1733717339,21362456,6578067294911513847437481798,-49775,85,180,180,0,True
1733717351,21362457,6578819375341579024337192700,-49773,86,180,180,0,True
1733717363,21362458,6578819375341579024337192700,-49773,86,180,180,0,True
1733717375,21362459,6580688495646292062085862899,-49767,87,180,180,0,True
1733717387,21362460,6579537861038724102219638446,-49770,88,180,180,0,True
1733717399,21362461,6585978209688252539869465530,-49751,89,180,180,0,True
1733717411,21362462,6585978209688252539869465530,-49751,89,180,180,0,True
1733717423,21362463,6585978209688252539869465530,-49751,89,180,180,0,True
1733717435,21362464,6585978209688252539869465530,-49751,89,180,180,0,True
1733717447,21362465,6585978209688252539869465530,-49751,89,180,180,0,True
1733717459,21362466,6586378404050037270395167309,-49750,90,180,180,0,True
1733717471,21362467,6586378404050037270395167309,-49750,90,180,180,0,True
1733717483,21362468,6586378404050037270395167309,-49750,90,180,180,0,True
1733717495,21362469,6586378404050037270395167309,-49750,90,180,180,0,True
1733717507,21362470,6586378404050037270395167309,-49750,90,180,180,0,True
1733717519,21362471,6586378404050037270395167309,-49750,90,180,180,0,True
1733717531,21362472,6585646359359472128422050588,-49752,91,180,180,0,True
1733717543,21362473,6585646359359472128422050588,-49752,91,180,180,0,True
1733717555,21362474,6586549527011704187265265659,-49749,92,180,180,0,True
1733717567,21362475,6584689082213439979582164509,-49755,93,180,180,0,True
1733717579,21362476,6582295716008659989602210372,-49762,94,180,180,0,True
1733717591,21362477,6579407096453148601792876791,-49771,95,180,180,0,True
1733717603,21362478,6578003751266942993682562859,-49775,96,180,180,0,True
1733717615,21362479,6575083986097358771543411162,-49784,97,180,180,0,True
1733717627,21362480,6575083986097358771543411162,-49784,97,180,180,0,True
1733717639,21362481,6558821892508368148452756135,-49833,98,180,180,0,True
1733717651,21362482,6558821892508368148452756135,-49833,98,180,180,0,True
1733717663,21362483,6558821892508368148452756135,-49833,98,180,180,0,True
1733717675,21362484,6558821892508368148452756135,-49833,98,180,180,0,True
1733717687,21362485,6558821892508368148452756135,-49833,98,180,180,0,True
1733717699,21362486,6558821892508368148452756135,-49833,98,180,180,0,True
1733717711,21362487,6558821892508368148452756135,-49833,98,180,180,0,True
1733717723,21362488,6558821892508368148452756135,-49833,98,180,180,0,True
1733717735,21362489,6558821892508368148452756135,-49833,98,180,180,0,True
1733717747,21362490,6558821892508368148452756135,-49833,98,180,180,0,True
1733717759,21362491,6558821892508368148452756135,-49833,98,180,180,0,True
1733717771,21362492,6558821892508368148452756135,-49833,98,180,180,0,True
1733717783,21362493,6558821892508368148452756135,-49833,98,180,180,0,True
1733717795,21362494,6558821892508368148452756135,-49833,98,180,180,0,True
1733717807,21362495,6558821892508368148452756135,-49833,98,180,180,0,True
1733717819,21362496,6558821892508368148452756135,-49833,98,180,180,0,True
1733717831,21362497,6558821892508368148452756135,-49833,98,180,180,0,True
1733717843,21362498,6558821892508368148452756135,-49833,98,180,180,0,True
1733717855,21362499,6558821892508368148452756135,-49833,98,180,180,0,True
1733717867,21362500,6558821892508368148452756135,-49833,98,180,180,0,True
1733717879,21362501,6558821892508368148452756135,-49833,98,180,180,0,True
1733717891,21362502,6558821892508368148452756135,-49833,98,180,180,0,True
1733717903,21362503,6559170405516880229491501141,-49832,99,180,180,0,True
1733717915,21362504,6559170405516880229491501141,-49832,99,180,180,0,True
1733717927,21362505,6559170405516880229491501141,-49832,99,180,180,0,True
1733717939,21362506,6559170405516880229491501141,-49832,99,180,180,0,True
1733717951,21362507,6559170405516880229491501141,-49832,99,180,180,0,True
1733717963,21362508,6559170405516880229491501141,-49832,99,180,180,0,True
1733717975,21362509,6559170405516880229491501141,-49832,99,180,180,0,True
1733717987,21362510,6559170405516880229491501141,-49832,99,180,180,0,True
1733717999,21362511,6559170405516880229491501141,-49832,99,180,180,0,True
1733718011,21362512,6559170405516880229491501141,-49832,99,180,180,0,True
1733718023,21362513,6559170405516880229491501141,-49832,99,180,180,0,True
1733718035,21362514,6559170405516880229491501141,-49832,99,180,180,0,True
1733718047,21362515,6559170405516880229491501141,-49832,99,180,180,0,True
1733718059,21362516,6559170405516880229491501141,-49832,99,180,180,0,True
1733718071,21362517,6559170405516880229491501141,-49832,99,180,180,0,True
1733718083,21362518,6559170405516880229491501141,-49832,99,180,180,0,True
1733718095,21362519,6558052724972904016157216398,-49836,100,180,180,0,True
1733718107,21362520,6558052724972904016157216398,-49836,100,180,180,0,True
1733718119,21362521,6558052724972904016157216398,-49836,100,180,180,0,True
1733718131,21362522,6558052724972904016157216398,-49836,100,180,180,0,True
1733718143,21362523,6558052724972904016157216398,-49836,100,180,180,0,True
1733718155,21362524,6558052724972904016157216398,-49836,100,180,180,0,True
1733718167,21362525,6558052724972904016157216398,-49836,100,180,180,0,True
1733718179,21362526,6558052724972904016157216398,-49836,100,180,180,0,True
1733718191,21362527,6554142787242927950369342480,-49848,101,180,180,0,True
1733718203,21362528,6554142787242927950369342480,-49848,101,180,180,0,True
1733718215,21362529,6554142787242927950369342480,-49848,101,180,180,0,True
1733718227,21362530,6554142787242927950369342480,-49848,101,180,180,0,True
1733718239,21362531,6554142787242927950369342480,-49848,101,180,180,0,True
1733718251,21362532,6554142787242927950369342480,-49848,101,180,180,0,True
1733718263,21362533,6554142787242927950369342480,-49848,101,180,180,0,True
1733718275,21362534,6554142787242927950369342480,-49848,101,180,180,0,True
1733718287,21362535,6554142787242927950369342480,-49848,101,180,180,0,True
1733718299,21362536,6554142787242927950369342480,-49848,101,180,180,0,True
1733718311,21362537,6551650303854201430241356317,-49855,102,180,180,0,True
1733718323,21362538,6551650303854201430241356317,-49855,102,180,180,0,True
1733718335,21362539,6551650303854201430241356317,-49855,102,180,180,0,True
1733718347,21362540,6551650303854201430241356317,-49855,102,180,180,0,True
1733718359,21362541,6551650303854201430241356317,-49855,102,180,180,0,True
1733718371,21362542,6551650303854201430241356317,-49855,102,180,180,0,True
1733718383,21362543,6551650303854201430241356317,-49855,102,180,180,0,True
1733718395,21362544,6551650303854201430241356317,-49855,102,180,180,0,True
1733718407,21362545,6551650303854201430241356317,-49855,102,180,180,0,True
1733718419,21362546,6551650303854201430241356317,-49855,102,180,180,0,True
1733718431,21362547,6551650303854201430241356317,-49855,102,180,180,0,True
1733718443,21362548,6551650303854201430241356317,-49855,102,180,180,0,True
1733718455,21362549,6551650303854201430241356317,-49855,102,180,180,0,True
1733718467,21362550,6553403907883255055093049956,-49850,103,180,180,0,True
1733718479,21362551,6553403907883255055093049956,-49850,103,180,180,0,True
1733718491,21362552,6553403907883255055093049956,-49850,103,180,180,0,True
1733718503,21362553,6553403907883255055093049956,-49850,103,180,180,0,True
1733718515,21362554,6553403907883255055093049956,-49850,103,180,180,0,True
1733718527,21362555,6553403907883255055093049956,-49850,103,180,180,0,True
1733718539,21362556,6553403907883255055093049956,-49850,103,180,180,0,True
1733718551,21362557,6553403907883255055093049956,-49850,103,180,180,0,True
1733718563,21362558,6553403907883255055093049956,-49850,103,180,180,0,True
1733718575,21362559,6553403907883255055093049956,-49850,103,180,180,0,True
1733718587,21362560,6553403907883255055093049956,-49850,103,180,180,0,True
1733718599,21362561,6553403907883255055093049956,-49850,103,180,180,0,True
1733718611,21362562,6553403907883255055093049956,-49850,103,180,180,0,True
1733718623,21362563,6553403907883255055093049956,-49850,103,180,180,0,True
1733718635,21362564,6553409228260666490060755287,-49850,103,180,180,0,True
1733718647,21362565,6553409228260666490060755287,-49850,103,180,180,0,True
1733718659,21362566,6553409228260666490060755287,-49850,103,180,180,0,True
1733718671,21362567,6549644924523360680381775872,-49861,104,180,180,0,True
1733718683,21362568,6549644924523360680381775872,-49861,104,180,180,0,True
1733718695,21362569,6549644924523360680381775872,-49861,104,180,180,0,True
1733718707,21362570,6548508997782073457595119067,-49865,105,180,180,0,True
1733718719,21362571,6548508997782073457595119067,-49865,105,180,180,0,True
1733718731,21362572,6541393554585466690196209664,-49887,106,180,180,0,True
1733718743,21362573,6542046218014835691405109852,-49885,107,180,180,0,True
1733718755,21362574,6542046218014835691405109852,-49885,107,180,180,0,True
1733718767,21362575,6542046218014835691405109852,-49885,107,180,180,0,True
1733718779,21362576,6542046218014835691405109852,-49885,107,180,180,0,True
1733718791,21362577,6542046218014835691405109852,-49885,107,180,180,0,True
1733718803,21362578,6542046218014835691405109852,-49885,107,180,180,0,True
1733718815,21362579,6542046218014835691405109852,-49885,107,180,180,0,True
1733718827,21362580,6542046218014835691405109852,-49885,107,180,180,0,True
1733718839,21362581,6540708464009776046524878420,-49889,108,180,180,0,True
1733718851,21362582,6540708464009776046524878420,-49889,108,180,180,0,True
1733718863,21362583,6540708464009776046524878420,-49889,108,180,180,0,True
1733718875,21362584,6540708464009776046524878420,-49889,108,180,180,0,True
1733718887,21362585,6540708464009776046524878420,-49889,108,180,180,0,True
1733718899,21362586,6538256038564850288822927905,-49896,109,180,180,0,True
1733718911,21362587,6535310158243855711216861184,-49905,110,180,180,0,True
1733718923,21362588,6535310158243855711216861184,-49905,110,180,180,0,True
1733718935,21362589,6535310158243855711216861184,-49905,110,180,180,0,True
1733718947,21362590,6535310158243855711216861184,-49905,110,180,180,0,True
1733718959,21362591,6535310158243855711216861184,-49905,110,180,180,0,True
1733718971,21362592,6535310158243855711216861184,-49905,110,180,180,0,True
1733718983,21362593,6533853692699316910550878908,-49910,111,180,180,0,True
1733718995,21362594,6533853692699316910550878908,-49910,111,180,180,0,True
1733719007,21362595,6530866984642198229802395954,-49919,112,180,180,0,True
1733719019,21362596,6526865185102425865562746911,-49931,113,180,180,0,True
1733719031,21362597,6526865185102425865562746911,-49931,113,180,180,0,True
1733719043,21362598,6526865185102425865562746911,-49931,113,180,180,0,True
1733719055,21362599,6526865185102425865562746911,-49931,113,180,180,0,True
1733719067,21362600,6525769479580993656341633055,-49934,114,180,180,0,True
1733719079,21362601,6524857139824508614188379275,-49937,115,180,180,0,True
1733719091,21362602,6523260385218620249518411607,-49942,116,180,180,0,True
1733719103,21362603,6519142612829928420534691685,-49955,117,180,180,0,True
1733719115,21362604,6518768754976465769819720897,-49956,118,180,180,0,True
1733719127,21362605,6517968243137147216781528893,-49958,119,180,180,0,True
1733719139,21362606,6517968243137147216781528893,-49958,119,180,180,0,True
1733719151,21362607,6517968243137147216781528893,-49958,119,180,180,0,True
1733719163,21362608,6517968243137147216781528893,-49958,119,180,180,0,True
1733719175,21362609,6510077887916984721368490712,-49983,120,180,180,0,True
1733719187,21362610,6510669400831841400579944031,-49981,121,180,180,0,True
1733719199,21362611,6510669400831841400579944031,-49981,121,180,180,0,True
1733719211,21362612,6510669400831841400579944031,-49981,121,180,180,0,True
1733719223,21362613,6510669400831841400579944031,-49981,121,180,180,0,True
1733719235,21362614,6510669400831841400579944031,-49981,121,180,180,0,True
1733719247,21362615,6510669400831841400579944031,-49981,121,180,180,0,True
1733719259,21362616,6510669400831841400579944031,-49981,121,180,180,0,True
1733719271,21362617,6510669400831841400579944031,-49981,121,180,180,0,True
1733719283,21362618,6510669400831841400579944031,-49981,121,180,180,0,True
1733719295,21362619,6510669400831841400579944031,-49981,121,180,180,0,True
1733719307,21362620,6510669400831841400579944031,-49981,121,180,180,0,True
1733719319,21362621,6510669400831841400579944031,-49981,121,180,180,0,True
1733719331,21362622,6510669400831841400579944031,-49981,121,180,180,0,True
1733719343,21362623,6510669400831841400579944031,-49981,121,180,180,0,True
1733719355,21362624,6510669400831841400579944031,-49981,121,180,180,0,True
1733719367,21362625,6510669400831841400579944031,-49981,121,180,180,0,True
1733719379,21362626,6510669400831841400579944031,-49981,121,180,180,0,True
1733719391,21362627,6510669400831841400579944031,-49981,121,180,180,0,True
1733719403,21362628,6511323626845882601657560706,-49979,122,180,180,0,True
1733719415,21362629,6511323626845882601657560706,-49979,122,180,180,0,True
1733719427,21362630,6511323626845882601657560706,-49979,122,180,180,0,True
1733719439,21362631,6511323626845882601657560706,-49979,122,180,180,0,True
1733719451,21362632,6511323626845882601657560706,-49979,122,180,180,0,True
1733719463,21362633,6511323626845882601657560706,-49979,122,180,180,0,True
1733719475,21362634,6511323626845882601657560706,-49979,122,180,180,0,True
1733719487,21362635,6511323626845882601657560706,-49979,122,180,180,0,True
1733719499,21362636,6511323626845882601657560706,-49979,122,180,180,0,True
1733719511,21362637,6511323626845882601657560706,-49979,122,180,180,0,True
1733719523,21362638,6511323626845882601657560706,-49979,122,180,180,0,True
1733719535,21362639,6511323626845882601657560706,-49979,122,180,180,0,True
1733719547,21362640,6511323626845882601657560706,-49979,122,180,180,0,True
1733719559,21362641,6511741318264653788090857594,-49977,123,180,180,0,True
1733719571,21362642,6511741318264653788090857594,-49977,123,180,180,0,True
1733719583,21362643,6511741318264653788090857594,-49977,123,180,180,0,True
1733719595,21362644,6511741318264653788090857594,-49977,123,180,180,0,True
1733719607,21362645,6511741318264653788090857594,-49977,123,180,180,0,True
1733719619,21362646,6511741318264653788090857594,-49977,123,180,180,0,True
1733719631,21362647,6511741318264653788090857594,-49977,123,180,180,0,True
1733719643,21362648,6511741318264653788090857594,-49977,123,180,180,0,True
1733719655,21362649,6511741318264653788090857594,-49977,123,180,180,0,True
1733719667,21362650,6511741318264653788090857594,-49977,123,180,180,0,True
1733719679,21362651,6511741318264653788090857594,-49977,123,180,180,0,True
1733719691,21362652,6511741318264653788090857594,-49977,123,180,180,0,True
1733719703,21362653,6511741318264653788090857594,-49977,123,180,180,0,True
1733719715,21362654,6511741318264653788090857594,-49977,123,180,180,0,True
1733719727,21362655,6511741318264653788090857594,-49977,123,180,180,0,True
1733719739,21362656,6511741318264653788090857594,-49977,123,180,180,0,True
1733719751,21362657,6511741318264653788090857594,-49977,123,180,180,0,True
1733719763,21362658,6511741318264653788090857594,-49977,123,180,180,0,True
1733719775,21362659,6511741318264653788090857594,-49977,123,180,180,0,True
1733719787,21362660,6511741318264653788090857594,-49977,123,180,180,0,True
1733719799,21362661,6511741318264653788090857594,-49977,123,180,180,0,True
1733719811,21362662,6511741318264653788090857594,-49977,123,180,180,0,True
1733719823,21362663,6511741318264653788090857594,-49977,123,180,180,0,True
1733719835,21362664,6511741318264653788090857594,-49977,123,180,180,0,True
1733719847,21362665,6511741318264653788090857594,-49977,123,180,180,0,True
1733719859,21362666,6511741318264653788090857594,-49977,123,180,180,0,True
1733719871,21362667,6511741318264653788090857594,-49977,123,180,180,0,True
1733719883,21362668,6509626402974341932428070966,-49984,124,180,180,0,True
1733719895,21362669,6509626402974341932428070966,-49984,124,180,180,0,True
1733719907,21362670,6509626402974341932428070966,-49984,124,180,180,0,True
1733719919,21362671,6509626402974341932428070966,-49984,124,180,180,0,True
1733719931,21362672,6509626402974341932428070966,-49984,124,180,180,0,True
1733719943,21362673,6509626402974341932428070966,-49984,124,180,180,0,True
1733719955,21362674,6509626402974341932428070966,-49984,124,180,180,0,True
1733719967,21362675,6509626402974341932428070966,-49984,124,180,180,0,True
1733719979,21362676,6509626402974341932428070966,-49984,124,180,180,0,True
1733719991,21362677,6509626402974341932428070966,-49984,124,180,180,0,True
1733720003,21362678,6509626402974341932428070966,-49984,124,180,180,0,True
1733720015,21362679,6509626402974341932428070966,-49984,124,180,180,0,True
1733720027,21362680,6509626402974341932428070966,-49984,124,180,180,0,True
1733720039,21362681,6509626402974341932428070966,-49984,124,180,180,0,True
1733720051,21362682,6509626402974341932428070966,-49984,124,180,180,0,True
1733720063,21362683,6509626402974341932428070966,-49984,124,180,180,0,True
1733720075,21362684,6509626402974341932428070966,-49984,124,180,180,0,True
1733720087,21362685,6509626402974341932428070966,-49984,124,180,180,0,True
1733720099,21362686,6515720691971556956947904655,-49965,125,180,180,0,True
1733720111,21362687,6515720691971556956947904655,-49965,125,180,180,0,True
1733720123,21362688,6517292845020989184099805631,-49960,126,180,180,0,True
1733720135,21362689,6517292845020989184099805631,-49960,126,180,180,0,True
1733720147,21362690,6517292845020989184099805631,-49960,126,180,180,0,True
1733720159,21362691,6517292845020989184099805631,-49960,126,180,180,0,True
1733720171,21362692,6518619289260177022797668124,-49956,127,180,180,0,True
1733720183,21362693,6518619289260177022797668124,-49956,127,180,180,0,True
1733720195,21362694,6518619289260177022797668124,-49956,127,180,180,0,True
1733720207,21362695,6518619289260177022797668124,-49956,127,180,180,0,True
1733720219,21362696,6520061816295744233542395258,-49952,128,180,180,0,True
1733720231,21362697,6520061816295744233542395258,-49952,128,180,180,0,True
1733720243,21362698,6520061816295744233542395258,-49952,128,180,180,0,True
1733720255,21362699,6522844501668291616720204809,-49943,129,180,180,0,True
1733720267,21362700,6525056185009949686419931920,-49937,130,180,180,0,True
1733720279,21362701,6525056185009949686419931920,-49937,130,180,180,0,True
1733720291,21362702,6527095052349848062761065687,-49930,131,180,180,0,True
1733720303,21362703,6533573723325432959000903680,-49911,132,180,180,0,True
1733720315,21362704,6533573723325432959000903680,-49911,132,180,180,0,True
1733720327,21362705,6533573723325432959000903680,-49911,132,180,180,0,True
1733720339,21362706,6533573723325432959000903680,-49911,132,180,180,0,True
1733720351,21362707,6535150122556153484603609270,-49906,133,180,180,0,True
1733720363,21362708,6535150122556153484603609270,-49906,133,180,180,0,True
1733720375,21362709,6535150122556153484603609270,-49906,133,180,180,0,True
1733720387,21362710,6538264048720824932084624742,-49896,134,180,180,0,True
1733720399,21362711,6540925979050237048802770944,-49888,135,180,180,0,True
1733720411,21362712,6541189631077813767572375914,-49887,136,180,180,0,True
1733720423,21362713,6541189631077813767572375914,-49887,136,180,180,0,True
1733720435,21362714,6541189631077813767572375914,-49887,136,180,180,0,True
1733720447,21362715,6541189631077813767572375914,-49887,136,180,180,0,True
1733720459,21362716,6541189631077813767572375914,-49887,136,180,180,0,True
1733720471,21362717,6541189631077813767572375914,-49887,136,180,180,0,True
1733720483,21362718,6541189631077813767572375914,-49887,136,180,180,0,True
1733720495,21362719,6541189631077813767572375914,-49887,136,180,180,0,True
1733720507,21362720,6541189631077813767572375914,-49887,136,180,180,0,True
1733720519,21362721,6541189631077813767572375914,-49887,136,180,180,0,True
1733720531,21362722,6541189631077813767572375914,-49887,136,180,180,0,True
1733720543,21362723,6541370354375942943645161700,-49887,137,180,180,0,True
1733720555,21362724,6541370354375942943645161700,-49887,137,180,180,0,True
1733720567,21362725,6541370354375942943645161700,-49887,137,180,180,0,True
1733720579,21362726,6541370354375942943645161700,-49887,137,180,180,0,True
1733720591,21362727,6541370354375942943645161700,-49887,137,180,180,0,True
1733720603,21362728,6541370354375942943645161700,-49887,137,180,180,0,True
1733720615,21362729,6541370354375942943645161700,-49887,137,180,180,0,True
1733720627,21362730,6541370354375942943645161700,-49887,137,180,180,0,True
1733720639,21362731,6537057116298517017912147968,-49900,138,180,180,0,True
1733720651,21362732,6537057116298517017912147968,-49900,138,180,180,0,True
1733720663,21362733,6537057116298517017912147968,-49900,138,180,180,0,True
1733720675,21362734,6537057116298517017912147968,-49900,138,180,180,0,True
1733720687,21362735,6537057116298517017912147968,-49900,138,180,180,0,True
1733720711,21362736,6537057116298517017912147968,-49900,138,180,180,0,True
1733720723,21362737,6537057116298517017912147968,-49900,138,180,180,0,True
1733720735,21362738,6537057116298517017912147968,-49900,138,180,180,0,True
1733720747,21362739,6531885222752808798254166046,-49916,139,180,180,0,True
1733720759,21362740,6531885222752808798254166046,-49916,139,180,180,0,True
1733720771,21362741,6531885222752808798254166046,-49916,139,180,180,0,True
1733720783,21362742,6531885222752808798254166046,-49916,139,180,180,0,True
1733720795,21362743,6531885222752808798254166046,-49916,139,180,180,0,True
1733720807,21362744,6531885222752808798254166046,-49916,139,180,180,0,True
1733720819,21362745,6531885222752808798254166046,-49916,139,180,180,0,True
1733720831,21362746,6531885222752808798254166046,-49916,139,180,180,0,True
1733720843,21362747,6531885222752808798254166046,-49916,139,180,180,0,True
1733720855,21362748,6531885222752808798254166046,-49916,139,180,180,0,True
1733720867,21362749,6531885222752808798254166046,-49916,139,180,180,0,True
1733720879,21362750,6531885222752808798254166046,-49916,139,180,180,0,True
1733720891,21362751,6535059228026177009446456277,-49906,140,180,180,0,True
1733720903,21362752,6537183316408618424715234088,-49900,141,180,180,0,True
1733720915,21362753,6537183316408618424715234088,-49900,141,180,180,0,True
1733720927,21362754,6537183316408618424715234088,-49900,141,180,180,0,True
1733720939,21362755,6537183316408618424715234088,-49900,141,180,180,0,True
1733720951,21362756,6537183316408618424715234088,-49900,141,180,180,0,True
1733720963,21362757,6540288013884200308930856885,-49890,142,180,180,0,True
1733720975,21362758,6540288013884200308930856885,-49890,142,180,180,0,True
1733720987,21362759,6540288013884200308930856885,-49890,142,180,180,0,True
1733720999,21362760,6540288013884200308930856885,-49890,142,180,180,0,True
1733721011,21362761,6540288013884200308930856885,-49890,142,180,180,0,True
1733721023,21362762,6540278096181343616162185663,-49890,142,180,180,0,True
1733721035,21362763,6540278096181343616162185663,-49890,142,180,180,0,True
1733721047,21362764,6542947491006207770094469120,-49882,143,180,180,0,True
1733721059,21362765,6542944726442143170688181562,-49882,143,180,180,0,True
1733721071,21362766,6546700109260333068281316021,-49870,144,180,180,0,True
1733721083,21362767,6549857385395372713129803776,-49861,145,180,180,0,True
1733721095,21362768,6550629650014896517487070332,-49858,146,180,180,0,True
1733721107,21362769,6550629650014896517487070332,-49858,146,180,180,0,True
1733721119,21362770,6550629650014896517487070332,-49858,146,180,180,0,True
1733721131,21362771,6550629650014896517487070332,-49858,146,180,180,0,True
1733721143,21362772,6550629650014896517487070332,-49858,146,180,180,0,True
1733721155,21362773,6550629650014896517487070332,-49858,146,180,180,0,True
1733721167,21362774,6550629650014896517487070332,-49858,146,180,180,0,True
1733721179,21362775,6550629650014896517487070332,-49858,146,180,180,0,True
1733721191,21362776,6550629650014896517487070332,-49858,146,180,180,0,True
1733721203,21362777,6550629650014896517487070332,-49858,146,180,180,0,True
1733721215,21362778,6550629650014896517487070332,-49858,146,180,180,0,True
1733721227,21362779,6550629650014896517487070332,-49858,146,180,180,0,True
1733721239,21362780,6550694117585679714970358773,-49858,146,180,180,0,True
1733721251,21362781,6550694117585679714970358773,-49858,146,180,180,0,True
1733721263,21362782,6550694117585679714970358773,-49858,146,180,180,0,True
1733721275,21362783,6550694117585679714970358773,-49858,146,180,180,0,True
1733721287,21362784,6550694117585679714970358773,-49858,146,180,180,0,True
1733721299,21362785,6550694117585679714970358773,-49858,146,180,180,0,True
1733721311,21362786,6550694117585679714970358773,-49858,146,180,180,0,True
1733721323,21362787,6550694117585679714970358773,-49858,146,180,180,0,True
1733721335,21362788,6550694117585679714970358773,-49858,146,180,180,0,True
1733721347,21362789,6554787295006736112259793700,-49846,147,180,180,0,True
1733721359,21362790,6556649030171389105247726094,-49840,148,180,180,0,True
1733721371,21362791,6556649030171389105247726094,-49840,148,180,180,0,True
1733721383,21362792,6556649030171389105247726094,-49840,148,180,180,0,True
1733721395,21362793,6557867820671929264126265706,-49836,149,180,180,0,True
1733721407,21362794,6565183838179940120802623488,-49814,150,180,180,0,True
1733721419,21362795,6565183838179940120802623488,-49814,150,180,180,0,True
1733721431,21362796,6565183838179940120802623488,-49814,150,180,180,0,True
1733721443,21362797,6565183838179940120802623488,-49814,150,180,180,0,True
1733721455,21362798,6565183838179940120802623488,-49814,150,180,180,0,True
1733721467,21362799,6567270112106435912649003715,-49808,151,180,180,0,True
1733721479,21362800,6567270112106435912649003715,-49808,151,180,180,0,True
1733721491,21362801,6569305253392189450121209016,-49801,152,180,180,0,True
1733721503,21362802,6569305253392189450121209016,-49801,152,180,180,0,True
1733721515,21362803,6569305253392189450121209016,-49801,152,180,180,0,True
1733721527,21362804,6569399346278177500003595193,-49801,153,180,180,0,True
1733721539,21362805,6569399346278177500003595193,-49801,153,180,180,0,True
1733721551,21362806,6569399346278177500003595193,-49801,153,180,180,0,True
1733721563,21362807,6569399346278177500003595193,-49801,153,180,180,0,True
1733721575,21362808,6569399346278177500003595193,-49801,153,180,180,0,True
1733721587,21362809,6569399346278177500003595193,-49801,153,180,180,0,True
1733721599,21362810,6569399346278177500003595193,-49801,153,180,180,0,True
1733721611,21362811,6569399346278177500003595193,-49801,153,180,180,0,True
1733721623,21362812,6569399346278177500003595193,-49801,153,180,180,0,True
1733721635,21362813,6569399346278177500003595193,-49801,153,180,180,0,True
1733721647,21362814,6569399346278177500003595193,-49801,153,180,180,0,True
1733721659,21362815,6569399346278177500003595193,-49801,153,180,180,0,True
1733721671,21362816,6569399346278177500003595193,-49801,153,180,180,0,True
1733721683,21362817,6569399346278177500003595193,-49801,153,180,180,0,True
1733721695,21362818,6569399346278177500003595193,-49801,153,180,180,0,True
1733721707,21362819,6569399346278177500003595193,-49801,153,180,180,0,True
1733721719,21362820,6569385305168336657132955084,-49801,153,180,180,0,True
1733721731,21362821,6569385305168336657132955084,-49801,153,180,180,0,True
1733721743,21362822,6569414926384599602521843397,-49801,154,180,180,0,True
1733721755,21362823,6569414926384599602521843397,-49801,154,180,180,0,True
1733721767,21362824,6569414926384599602521843397,-49801,154,180,180,0,True
1733721779,21362825,6569414926384599602521843397,-49801,154,180,180,0,True
1733721791,21362826,6569414926384599602521843397,-49801,154,180,180,0,True
1733721803,21362827,6569414926384599602521843397,-49801,154,180,180,0,True
1733721815,21362828,6569414926384599602521843397,-49801,154,180,180,0,True
1733721827,21362829,6569414926384599602521843397,-49801,154,180,180,0,True
1733721839,21362830,6569414926384599602521843397,-49801,154,180,180,0,True
1733721851,21362831,6569414926384599602521843397,-49801,154,180,180,0,True
1733721863,21362832,6566629226786285413111693312,-49810,155,180,180,0,True
1733721875,21362833,6563502781236912737931493376,-49819,156,180,180,0,True
1733721887,21362834,6560530585417109349495134959,-49828,157,180,180,0,True
1733721911,21362835,6560530585417109349495134959,-49828,157,180,180,0,True
1733721923,21362836,6560530585417109349495134959,-49828,157,180,180,0,True
1733721935,21362837,6560530585417109349495134959,-49828,157,180,180,0,True
1733721947,21362838,6560530585417109349495134959,-49828,157,180,180,0,True
1733721959,21362839,6560530585417109349495134959,-49828,157,180,180,0,True
1733721971,21362840,6560530585417109349495134959,-49828,157,180,180,0,True
1733721983,21362841,6560530585417109349495134959,-49828,157,180,180,0,True
1733721995,21362842,6560530585417109349495134959,-49828,157,180,180,0,True
1733722007,21362843,6560530585417109349495134959,-49828,157,180,180,0,True
1733722019,21362844,6560112161109134622871828760,-49829,158,180,180,0,True
1733722031,21362845,6560112161109134622871828760,-49829,158,180,180,0,True
1733722043,21362846,6560112161109134622871828760,-49829,158,180,180,0,True
1733722055,21362847,6560112161109134622871828760,-49829,158,180,180,0,True
1733722067,21362848,6560112161109134622871828760,-49829,158,180,180,0,True
1733722079,21362849,6560112161109134622871828760,-49829,158,180,180,0,True
1733722091,21362850,6560112161109134622871828760,-49829,158,180,180,0,True
1733722103,21362851,6560112161109134622871828760,-49829,158,180,180,0,True
1733722115,21362852,6560112161109134622871828760,-49829,158,180,180,0,True
1733722127,21362853,6560112161109134622871828760,-49829,158,180,180,0,True
1733722139,21362854,6560112161109134622871828760,-49829,158,180,180,0,True
1733722151,21362855,6560112161109134622871828760,-49829,158,180,180,0,True
1733722163,21362856,6560112161109134622871828760,-49829,158,180,180,0,True
1733722175,21362857,6560112161109134622871828760,-49829,158,180,180,0,True
1733722187,21362858,6560112161109134622871828760,-49829,158,180,180,0,True
1733722199,21362859,6560112161109134622871828760,-49829,158,180,180,0,True
1733722211,21362860,6560112161109134622871828760,-49829,158,180,180,0,True
1733722223,21362861,6560112161109134622871828760,-49829,158,180,180,0,True
1733722235,21362862,6560112161109134622871828760,-49829,158,180,180,0,True
1733722247,21362863,6558816788855086424424950033,-49833,159,180,180,0,True
1733722259,21362864,6558816788855086424424950033,-49833,159,180,180,0,True
1733722271,21362865,6555329306123486551754145792,-49844,160,180,180,0,True
1733722283,21362866,6551445298387707626369581056,-49856,161,180,180,0,True
1733722295,21362867,6551445298387707626369581056,-49856,161,180,180,0,True
1733722307,21362868,6551445298387707626369581056,-49856,161,180,180,0,True
1733722319,21362869,6551445298387707626369581056,-49856,161,180,180,0,True
1733722331,21362870,6551445298387707626369581056,-49856,161,180,180,0,True
1733722343,21362871,6551445298387707626369581056,-49856,161,180,180,0,True
1733722355,21362872,6551445298387707626369581056,-49856,161,180,180,0,True
1733722367,21362873,6551445298387707626369581056,-49856,161,180,180,0,True
1733722379,21362874,6550405447907434939251756480,-49859,162,180,180,0,True
1733722391,21362875,6550405447907434939251756480,-49859,162,180,180,0,True
1733722403,21362876,6550405447907434939251756480,-49859,162,180,180,0,True
1733722415,21362877,6547136282762987374323315011,-49869,163,180,180,0,True
1733722427,21362878,6547136282762987374323315011,-49869,163,180,180,0,True
1733722439,21362879,6543796800659982695222280020,-49879,164,180,180,0,True
1733722451,21362880,6541064587818033340044834044,-49888,165,180,180,0,True
1733722463,21362881,6539343120499339603641107170,-49893,166,180,180,0,True
1733722475,21362882,6539343120499339603641107170,-49893,166,180,180,0,True
1733722487,21362883,6539343120499339603641107170,-49893,166,180,180,0,True
1733722499,21362884,6539343120499339603641107170,-49893,166,180,180,0,True
1733722511,21362885,6539343120499339603641107170,-49893,166,180,180,0,True
1733722523,21362886,6539343120499339603641107170,-49893,166,180,180,0,True
1733722535,21362887,6539343120499339603641107170,-49893,166,180,180,0,True
1733722547,21362888,6539343120499339603641107170,-49893,166,180,180,0,True
1733722559,21362889,6539343120499339603641107170,-49893,166,180,180,0,True
1733722571,21362890,6539343120499339603641107170,-49893,166,180,180,0,True
1733722583,21362891,6539068716169776600840476608,-49894,167,180,180,0,True
1733722595,21362892,6539068716169776600840476608,-49894,167,180,180,0,True
1733722607,21362893,6539068716169776600840476608,-49894,167,180,180,0,True
1733722619,21362894,6539068716169776600840476608,-49894,167,180,180,0,True
1733722631,21362895,6539068716169776600840476608,-49894,167,180,180,0,True
1733722643,21362896,6539068716169776600840476608,-49894,167,180,180,0,True
1733722655,21362897,6539068716169776600840476608,-49894,167,180,180,0,True
1733722667,21362898,6539068716169776600840476608,-49894,167,180,180,0,True
1733722679,21362899,6540478550704226491833209241,-49889,168,180,180,0,True
1733722691,21362900,6537242544432027345413153080,-49899,169,180,180,0,True
1733722703,21362901,6537242544432027345413153080,-49899,169,180,180,0,True
1733722715,21362902,6535922099111134533281572440,-49903,170,180,180,0,True
1733722727,21362903,6535922099111134533281572440,-49903,170,180,180,0,True
1733722739,21362904,6535922099111134533281572440,-49903,170,180,180,0,True
1733722751,21362905,6534578657656756896108154133,-49907,171,180,180,0,True
1733722763,21362906,6534578657656756896108154133,-49907,171,180,180,0,True
1733722775,21362907,6534578657656756896108154133,-49907,171,180,180,0,True
1733722787,21362908,6534578657656756896108154133,-49907,171,180,180,0,True
1733722799,21362909,6530865321773979756119506051,-49919,172,180,180,0,True
1733722811,21362910,6529631328614153519212473585,-49923,173,180,180,0,True
1733722823,21362911,6530175186597280280033839337,-49921,174,180,180,0,True
1733722835,21362912,6528004349397080885991549819,-49928,175,180,180,0,True
1733722847,21362913,6528004349397080885991549819,-49928,175,180,180,0,True
1733722859,21362914,6528004349397080885991549819,-49928,175,180,180,0,True
1733722871,21362915,6528004349397080885991549819,-49928,175,180,180,0,True
1733722883,21362916,6525722799964121297592692705,-49935,176,180,180,0,True
1733722895,21362917,6525722799964121297592692705,-49935,176,180,180,0,True
1733722907,21362918,6525722799964121297592692705,-49935,176,180,180,0,True
1733722919,21362919,6525722799964121297592692705,-49935,176,180,180,0,True
1733722931,21362920,6525722799964121297592692705,-49935,176,180,180,0,True
1733722943,21362921,6525722799964121297592692705,-49935,176,180,180,0,True
1733722955,21362922,6525722799964121297592692705,-49935,176,180,180,0,True
1733722967,21362923,6522566049959041886358178635,-49944,177,180,180,0,True
1733722979,21362924,6522566049959041886358178635,-49944,177,180,180,0,True
1733722991,21362925,6522524440615082182225928054,-49944,177,180,180,0,True
1733723003,21362926,6522524440615082182225928054,-49944,177,180,180,0,True
1733723015,21362927,6522524440615082182225928054,-49944,177,180,180,0,True
1733723027,21362928,6522524440615082182225928054,-49944,177,180,180,0,True
1733723039,21362929,6522524440615082182225928054,-49944,177,180,180,0,True
1733723051,21362930,6522524440615082182225928054,-49944,177,180,180,0,True
1733723063,21362931,6522524440615082182225928054,-49944,177,180,180,0,True
1733723075,21362932,6522524440615082182225928054,-49944,177,180,180,0,True
1733723087,21362933,6522524440615082182225928054,-49944,177,180,180,0,True
1733723099,21362934,6522524440615082182225928054,-49944,177,180,180,0,True
1733723111,21362935,6522524440615082182225928054,-49944,177,180,180,0,True
1733723123,21362936,6522524440615082182225928054,-49944,177,180,180,0,True
1733723135,21362937,6522524440615082182225928054,-49944,177,180,180,0,True
1733723147,21362938,6522524440615082182225928054,-49944,177,180,180,0,True
1733723159,21362939,6522524440615082182225928054,-49944,177,180,180,0,True
1733723171,21362940,6522524440615082182225928054,-49944,177,180,180,0,True
1733723183,21362941,6522524440615082182225928054,-49944,177,180,180,0,True
1733723195,21362942,6522524440615082182225928054,-49944,177,180,180,0,True
1733723207,21362943,6522524440615082182225928054,-49944,177,180,180,0,True
1733723219,21362944,6522524440615082182225928054,-49944,177,180,180,0,True
1733723231,21362945,6522524440615082182225928054,-49944,177,180,180,0,True
1733723243,21362946,6522524440615082182225928054,-49944,177,180,180,0,True
1733723255,21362947,6522524440615082182225928054,-49944,177,180,180,0,True
1733723267,21362948,6522524440615082182225928054,-49944,177,180,180,0,True
1733723279,21362949,6522524440615082182225928054,-49944,177,180,180,0,True
1733723291,21362950,6522524440615082182225928054,-49944,177,180,180,0,True
1733723303,21362951,6522212317720261535650349295,-49945,178,180,180,0,True
1733723315,21362952,6522212317720261535650349295,-49945,178,180,180,0,True
1733723327,21362953,6522212317720261535650349295,-49945,178,180,180,0,True
1733723339,21362954,6522212317720261535650349295,-49945,178,180,180,0,True
1733723351,21362955,6522212317720261535650349295,-49945,178,180,180,0,True
1733723363,21362956,6522212317720261535650349295,-49945,178,180,180,0,True
1733723375,21362957,6522212317720261535650349295,-49945,178,180,180,0,True
1733723387,21362958,6522262718879370496666691299,-49945,178,180,180,0,True
1733723399,21362959,6522262718879370496666691299,-49945,178,180,180,0,True
1733723411,21362960,6522262718879370496666691299,-49945,178,180,180,0,True
1733723423,21362961,6522262718879370496666691299,-49945,178,180,180,0,True
1733723435,21362962,6522262718879370496666691299,-49945,178,180,180,0,True
1733723447,21362963,6522262718879370496666691299,-49945,178,180,180,0,True
1733723459,21362964,6522262718879370496666691299,-49945,178,180,180,0,True
1733723471,21362965,6522262718879370496666691299,-49945,178,180,180,0,True
1733723483,21362966,6523585440697665021892742887,-49941,179,180,180,0,True
1733723495,21362967,6523585440697665021892742887,-49941,179,180,180,0,True
1733723507,21362968,6523585440697665021892742887,-49941,179,180,180,0,True
1733723519,21362969,6525926085586064236221850739,-49934,0,180,180,0,True
1733723531,21362970,6525926085586064236221850739,-49934,0,180,180,0,True
1733723543,21362971,6525926085586064236221850739,-49934,0,180,180,0,True
1733723555,21362972,6525926085586064236221850739,-49934,0,180,180,0,True
1733723567,21362973,6525926085586064236221850739,-49934,0,180,180,0,True
1733723579,21362974,6525926085586064236221850739,-49934,0,180,180,0,True
1733723591,21362975,6525926085586064236221850739,-49934,0,180,180,0,True
1733723603,21362976,6525926085586064236221850739,-49934,0,180,180,0,True
1733723615,21362977,6525926085586064236221850739,-49934,0,180,180,0,True
1733723627,21362978,6525926085586064236221850739,-49934,0,180,180,0,True
1733723639,21362979,6525926085586064236221850739,-49934,0,180,180,0,True
1733723651,21362980,6525926085586064236221850739,-49934,0,180,180,0,True
1733723663,21362981,6526305349394308473503284313,-49933,1,180,180,0,True
1733723675,21362982,6526305349394308473503284313,-49933,1,180,180,0,True
1733723687,21362983,6526305349394308473503284313,-49933,1,180,180,0,True
1733723699,21362984,6526305349394308473503284313,-49933,1,180,180,0,True
1733723711,21362985,6526305349394308473503284313,-49933,1,180,180,0,True
1733723723,21362986,6526305349394308473503284313,-49933,1,180,180,0,True
1733723735,21362987,6526305349394308473503284313,-49933,1,180,180,0,True
1733723747,21362988,6526305349394308473503284313,-49933,1,180,180,0,True
1733723759,21362989,6526305349394308473503284313,-49933,1,180,180,0,True
1733723771,21362990,6526305349394308473503284313,-49933,1,180,180,0,True
1733723783,21362991,6526305349394308473503284313,-49933,1,180,180,0,True
1733723795,21362992,6526305349394308473503284313,-49933,1,180,180,0,True
1733723807,21362993,6526305349394308473503284313,-49933,1,180,180,0,True
1733723819,21362994,6526305349394308473503284313,-49933,1,180,180,0,True
1733723831,21362995,6526305349394308473503284313,-49933,1,180,180,0,True
1733723843,21362996,6529056044686811248533019720,-49924,2,180,180,0,True
1733723855,21362997,6532445168942456346199742146,-49914,3,180,180,0,True
1733723867,21362998,6534200226203435392166365244,-49909,4,180,180,0,True
1733723879,21362999,6534200226203435392166365244,-49909,4,180,180,0,True
1733723891,21363000,6534200226203435392166365244,-49909,4,180,180,0,True
1733723903,21363001,6534200226203435392166365244,-49909,4,180,180,0,True
1733723915,21363002,6534200226203435392166365244,-49909,4,180,180,0,True
1733723927,21363003,6534200226203435392166365244,-49909,4,180,180,0,True
1733723939,21363004,6534200226203435392166365244,-49909,4,180,180,0,True
1733723951,21363005,6534200226203435392166365244,-49909,4,180,180,0,True
1733723963,21363006,6534200226203435392166365244,-49909,4,180,180,0,True
1733723975,21363007,6534200226203435392166365244,-49909,4,180,180,0,True
1733723987,21363008,6536968637100379708556574720,-49900,5,180,180,0,True
1733723999,21363009,6539951824885585139287296663,-49891,6,180,180,0,True
1733724011,21363010,6539951824885585139287296663,-49891,6,180,180,0,True
1733724023,21363011,6543182278673974826948791983,-49881,7,180,180,0,True
1733724035,21363012,6545073596876637279649790434,-49875,8,180,180,0,True
1733724047,21363013,6545073596876637279649790434,-49875,8,180,180,0,True
1733724059,21363014,6546350860933999989720867563,-49871,9,180,180,0,True
1733724071,21363015,6548907722196843556996382720,-49864,10,180,180,0,True
1733724083,21363016,6548907722196843556996382720,-49864,10,180,180,0,True
1733724095,21363017,6548907722196843556996382720,-49864,10,180,180,0,True
1733724107,21363018,6548907722196843556996382720,-49864,10,180,180,0,True
1733724119,21363019,6548907722196843556996382720,-49864,10,180,180,0,True
1733724131,21363020,6548907722196843556996382720,-49864,10,180,180,0,True
1733724143,21363021,6548907722196843556996382720,-49864,10,180,180,0,True
1733724155,21363022,6548907722196843556996382720,-49864,10,180,180,0,True
1733724167,21363023,6548907722196843556996382720,-49864,10,180,180,0,True
1733724179,21363024,6548907722196843556996382720,-49864,10,180,180,0,True
1733724191,21363025,6548907722196843556996382720,-49864,10,180,180,0,True
1733724203,21363026,6548907722196843556996382720,-49864,10,180,180,0,True
1733724215,21363027,6548907722196843556996382720,-49864,10,180,180,0,True
1733724227,21363028,6548907722196843556996382720,-49864,10,180,180,0,True
1733724239,21363029,6548907722196843556996382720,-49864,10,180,180,0,True
1733724251,21363030,6548907722196843556996382720,-49864,10,180,180,0,True
1733724263,21363031,6548907722196843556996382720,-49864,10,180,180,0,True
1733724275,21363032,6548635266557814102060480255,-49864,10,180,180,0,True
1733724287,21363033,6548635266557814102060480255,-49864,10,180,180,0,True
1733724299,21363034,6548635266557814102060480255,-49864,10,180,180,0,True
1733724311,21363035,6548635266557814102060480255,-49864,10,180,180,0,True
1733724323,21363036,6548635266557814102060480255,-49864,10,180,180,0,True
1733724335,21363037,6548635266557814102060480255,-49864,10,180,180,0,True
1733724347,21363038,6548635266557814102060480255,-49864,10,180,180,0,True
1733724359,21363039,6548635266557814102060480255,-49864,10,180,180,0,True
1733724371,21363040,6548635266557814102060480255,-49864,10,180,180,0,True
1733724383,21363041,6548635266557814102060480255,-49864,10,180,180,0,True
1733724395,21363042,6548635266557814102060480255,-49864,10,180,180,0,True
1733724407,21363043,6548635266557814102060480255,-49864,10,180,180,0,True
1733724419,21363044,6548635266557814102060480255,-49864,10,180,180,0,True
1733724431,21363045,6548635266557814102060480255,-49864,10,180,180,0,True
1733724443,21363046,6548635266557814102060480255,-49864,10,180,180,0,True
1733724455,21363047,6546471415366166644077275821,-49871,11,180,180,0,True
1733724467,21363048,6546471415366166644077275821,-49871,11,180,180,0,True
1733724479,21363049,6541184136989178644064632832,-49887,12,180,180,0,True
1733724491,21363050,6541184136989178644064632832,-49887,12,180,180,0,True
1733724503,21363051,6541184136989178644064632832,-49887,12,180,180,0,True
1733724515,21363052,6541184136989178644064632832,-49887,12,180,180,0,True
1733724527,21363053,6541184136989178644064632832,-49887,12,180,180,0,True
1733724539,21363054,6541184136989178644064632832,-49887,12,180,180,0,True
1733724551,21363055,6541184136989178644064632832,-49887,12,180,180,0,True
1733724563,21363056,6541271297656450037115780887,-49887,12,180,180,0,True
1733724575,21363057,6541271297656450037115780887,-49887,12,180,180,0,True
1733724587,21363058,6541271297656450037115780887,-49887,12,180,180,0,True
1733724599,21363059,6541271297656450037115780887,-49887,12,180,180,0,True
1733724611,21363060,6541271297656450037115780887,-49887,12,180,180,0,True
1733724623,21363061,6541271297656450037115780887,-49887,12,180,180,0,True
1733724635,21363062,6541271297656450037115780887,-49887,12,180,180,0,True
1733724647,21363063,6541271297656450037115780887,-49887,12,180,180,0,True
1733724659,21363064,6541271297656450037115780887,-49887,12,180,180,0,True
1733724671,21363065,6541271297656450037115780887,-49887,12,180,180,0,True
1733724683,21363066,6541271297656450037115780887,-49887,12,180,180,0,True
1733724695,21363067,6541271297656450037115780887,-49887,12,180,180,0,True
1733724707,21363068,6541271297656450037115780887,-49887,12,180,180,0,True
1733724719,21363069,6541271297656450037115780887,-49887,12,180,180,0,True
1733724731,21363070,6541271297656450037115780887,-49887,12,180,180,0,True
1733724755,21363071,6541271297656450037115780887,-49887,12,180,180,0,True
1733724767,21363072,6541271297656450037115780887,-49887,12,180,180,0,True
1733724779,21363073,6541271297656450037115780887,-49887,12,180,180,0,True
1733724791,21363074,6541271297656450037115780887,-49887,12,180,180,0,True
1733724803,21363075,6541271297656450037115780887,-49887,12,180,180,0,True
1733724815,21363076,6541271297656450037115780887,-49887,12,180,180,0,True
1733724827,21363077,6541271297656450037115780887,-49887,12,180,180,0,True
1733724839,21363078,6541271297656450037115780887,-49887,12,180,180,0,True
1733724851,21363079,6541271297656450037115780887,-49887,12,180,180,0,True
1733724863,21363080,6541271297656450037115780887,-49887,12,180,180,0,True
1733724875,21363081,6541271297656450037115780887,-49887,12,180,180,0,True
1733724887,21363082,6541271297656450037115780887,-49887,12,180,180,0,True
1733724899,21363083,6541271297656450037115780887,-49887,12,180,180,0,True
1733724911,21363084,6536365693675783802653874883,-49902,13,180,180,0,True
1733724923,21363085,6533419358178956813624317062,-49911,14,180,180,0,True
1733724935,21363086,6530715808934490181527420137,-49919,15,180,180,0,True
1733724947,21363087,6528604089399140714731707269,-49926,16,180,180,0,True
1733724959,21363088,6528604089399140714731707269,-49926,16,180,180,0,True
1733724971,21363089,6527564638734969152611373121,-49929,17,180,180,0,True
1733724983,21363090,6525513274999710331899359057,-49935,18,180,180,0,True
1733724995,21363091,6522475935640191238193071519,-49945,19,180,180,0,True
1733725007,21363092,6521373732549505968403754328,-49948,20,180,180,0,True
1733725019,21363093,6520519998901053245944074063,-49951,21,180,180,0,True
1733725031,21363094,6520519998901053245944074063,-49951,21,180,180,0,True
1733725043,21363095,6520519998901053245944074063,-49951,21,180,180,0,True
1733725055,21363096,6520519998901053245944074063,-49951,21,180,180,0,True
1733725067,21363097,6519719495336572080180351709,-49953,22,180,180,0,True
1733725079,21363098,6518930333281741286546481326,-49955,23,180,180,0,True
1733725091,21363099,6518930333281741286546481326,-49955,23,180,180,0,True
1733725103,21363100,6518930333281741286546481326,-49955,23,180,180,0,True
1733725115,21363101,6518372091943385326124154671,-49957,24,180,180,0,True
1733725127,21363102,6518372091943385326124154671,-49957,24,180,180,0,True
1733725139,21363103,6518372091943385326124154671,-49957,24,180,180,0,True
1733725151,21363104,6516215154171043190387928338,-49964,25,180,180,0,True
1733725163,21363105,6516215154171043190387928338,-49964,25,180,180,0,True
1733725175,21363106,6514649078390783165685197320,-49969,26,180,180,0,True
1733725187,21363107,6514140634236946033022268889,-49970,27,180,180,0,True
1733725199,21363108,6513339353106385295137594319,-49973,28,180,180,0,True
1733725211,21363109,6513339353106385295137594319,-49973,28,180,180,0,True
1733725223,21363110,6513339353106385295137594319,-49973,28,180,180,0,True
1733725235,21363111,6513339353106385295137594319,-49973,28,180,180,0,True
1733725247,21363112,6513339353106385295137594319,-49973,28,180,180,0,True
1733725259,21363113,6513339353106385295137594319,-49973,28,180,180,0,True
1733725271,21363114,6513339353106385295137594319,-49973,28,180,180,0,True
1733725283,21363115,6513339353106385295137594319,-49973,28,180,180,0,True
1733725295,21363116,6513339353106385295137594319,-49973,28,180,180,0,True
1733725307,21363117,6513339353106385295137594319,-49973,28,180,180,0,True
1733725319,21363118,6513339353106385295137594319,-49973,28,180,180,0,True
1733725331,21363119,6513339353106385295137594319,-49973,28,180,180,0,True
1733725343,21363120,6513339353106385295137594319,-49973,28,180,180,0,True
1733725355,21363121,6513339353106385295137594319,-49973,28,180,180,0,True
1733725367,21363122,6513339353106385295137594319,-49973,28,180,180,0,True
1733725379,21363123,6513339353106385295137594319,-49973,28,180,180,0,True
1733725391,21363124,6513339353106385295137594319,-49973,28,180,180,0,True
1733725403,21363125,6513339353106385295137594319,-49973,28,180,180,0,True
1733725415,21363126,6513339353106385295137594319,-49973,28,180,180,0,True
1733725427,21363127,6513339353106385295137594319,-49973,28,180,180,0,True
1733725439,21363128,6513339353106385295137594319,-49973,28,180,180,0,True
1733725451,21363129,6513339353106385295137594319,-49973,28,180,180,0,True
1733725463,21363130,6513339353106385295137594319,-49973,28,180,180,0,True
1733725475,21363131,6513339353106385295137594319,-49973,28,180,180,0,True
1733725487,21363132,6513339353106385295137594319,-49973,28,180,180,0,True
1733725499,21363133,6513339353106385295137594319,-49973,28,180,180,0,True
1733725511,21363134,6512348789946783365953926151,-49976,29,180,180,0,True
1733725523,21363135,6512348789946783365953926151,-49976,29,180,180,0,True
1733725535,21363136,6512348789946783365953926151,-49976,29,180,180,0,True
1733725547,21363137,6511010687010971014820823473,-49980,30,180,180,0,True
1733725559,21363138,6511010687010971014820823473,-49980,30,180,180,0,True
1733725571,21363139,6511010687010971014820823473,-49980,30,180,180,0,True
1733725583,21363140,6511010687010971014820823473,-49980,30,180,180,0,True
1733725595,21363141,6510280368376565610842601716,-49982,31,180,180,0,True
1733725607,21363142,6509311834303737306564290610,-49985,32,180,180,0,True
1733725619,21363143,6509311834303737306564290610,-49985,32,180,180,0,True
1733725631,21363144,6506668835680509538274350095,-49993,33,180,180,0,True
1733725643,21363145,6505245274602826006188564244,-49997,34,180,180,0,True
1733725655,21363146,6503863318236010033445906214,-50002,35,180,180,0,True
1733725667,21363147,6503863318236010033445906214,-50002,35,180,180,0,True
1733725679,21363148,6502470631816625585346951063,-50006,36,180,180,0,True
1733725691,21363149,6502470631816625585346951063,-50006,36,180,180,0,True
1733725703,21363150,6492719481102496054141166557,-50036,37,180,180,0,True
1733725715,21363151,6493483171760348666893670358,-50034,38,180,180,0,True
1733725727,21363152,6493483171760348666893670358,-50034,38,180,180,0,True
1733725739,21363153,6493483171760348666893670358,-50034,38,180,180,0,True
1733725751,21363154,6493483171760348666893670358,-50034,38,180,180,0,True
1733725763,21363155,6493483171760348666893670358,-50034,38,180,180,0,True
1733725775,21363156,6493483171760348666893670358,-50034,38,180,180,0,True
1733725787,21363157,6493483171760348666893670358,-50034,38,180,180,0,True
1733725799,21363158,6493483171760348666893670358,-50034,38,180,180,0,True
1733725811,21363159,6493483171760348666893670358,-50034,38,180,180,0,True
1733725823,21363160,6493483171760348666893670358,-50034,38,180,180,0,True
1733725835,21363161,6493483171760348666893670358,-50034,38,180,180,0,True
1733725847,21363162,6493483171760348666893670358,-50034,38,180,180,0,True
1733725859,21363163,6493483171760348666893670358,-50034,38,180,180,0,True
1733725871,21363164,6493483171760348666893670358,-50034,38,180,180,0,True
1733725883,21363165,6493483171760348666893670358,-50034,38,180,180,0,True
1733725895,21363166,6493483171760348666893670358,-50034,38,180,180,0,True
1733725907,21363167,6493483171760348666893670358,-50034,38,180,180,0,True
1733725919,21363168,6493483171760348666893670358,-50034,38,180,180,0,True
1733725931,21363169,6493483171760348666893670358,-50034,38,180,180,0,True
1733725943,21363170,6493483171760348666893670358,-50034,38,180,180,0,True
1733725955,21363171,6493483171760348666893670358,-50034,38,180,180,0,True
1733725967,21363172,6493483171760348666893670358,-50034,38,180,180,0,True
1733725979,21363173,6493483171760348666893670358,-50034,38,180,180,0,True
1733725991,21363174,6493483171760348666893670358,-50034,38,180,180,0,True
1733726003,21363175,6493483171760348666893670358,-50034,38,180,180,0,True
1733726015,21363176,6493483171760348666893670358,-50034,38,180,180,0,True
1733726027,21363177,6493483171760348666893670358,-50034,38,180,180,0,True
1733726039,21363178,6493483171760348666893670358,-50034,38,180,180,0,True
1733726051,21363179,6493483171760348666893670358,-50034,38,180,180,0,True
1733726063,21363180,6493483171760348666893670358,-50034,38,180,180,0,True
1733726075,21363181,6493483171760348666893670358,-50034,38,180,180,0,True
1733726087,21363182,6493483171760348666893670358,-50034,38,180,180,0,True
1733726099,21363183,6493483171760348666893670358,-50034,38,180,180,0,True
1733726111,21363184,6493483171760348666893670358,-50034,38,180,180,0,True
1733726123,21363185,6493483171760348666893670358,-50034,38,180,180,0,True
1733726135,21363186,6493483171760348666893670358,-50034,38,180,180,0,True
1733726147,21363187,6493483171760348666893670358,-50034,38,180,180,0,True
1733726159,21363188,6493483171760348666893670358,-50034,38,180,180,0,True
1733726171,21363189,6493483171760348666893670358,-50034,38,180,180,0,True
1733726183,21363190,6493483171760348666893670358,-50034,38,180,180,0,True
1733726195,21363191,6493483171760348666893670358,-50034,38,180,180,0,True
1733726207,21363192,6493483171760348666893670358,-50034,38,180,180,0,True
1733726219,21363193,6493483171760348666893670358,-50034,38,180,180,0,True
1733726231,21363194,6493483171760348666893670358,-50034,38,180,180,0,True
1733726243,21363195,6493483171760348666893670358,-50034,38,180,180,0,True
1733726255,21363196,6493483171760348666893670358,-50034,38,180,180,0,True
1733726267,21363197,6493483171760348666893670358,-50034,38,180,180,0,True
1733726279,21363198,6493483171760348666893670358,-50034,38,180,180,0,True
1733726291,21363199,6493483171760348666893670358,-50034,38,180,180,0,True
1733726303,21363200,6493483171760348666893670358,-50034,38,180,180,0,True
1733726315,21363201,6493483171760348666893670358,-50034,38,180,180,0,True
1733726327,21363202,6493483171760348666893670358,-50034,38,180,180,0,True
1733726339,21363203,6493483171760348666893670358,-50034,38,180,180,0,True
1733726351,21363204,6495475892501505607641804611,-50028,39,180,180,0,True
1733726363,21363205,6498297669614100423230914954,-50019,40,180,180,0,True
1733726375,21363206,6499410820785876303786953168,-50015,41,180,180,0,True
1733726387,21363207,6499410820785876303786953168,-50015,41,180,180,0,True
1733726399,21363208,6499410820785876303786953168,-50015,41,180,180,0,True
1733726411,21363209,6499410820785876303786953168,-50015,41,180,180,0,True
1733726423,21363210,6499410820785876303786953168,-50015,41,180,180,0,True
1733726435,21363211,6499410820785876303786953168,-50015,41,180,180,0,True
1733726447,21363212,6499410820785876303786953168,-50015,41,180,180,0,True
1733726459,21363213,6499410820785876303786953168,-50015,41,180,180,0,True
1733726471,21363214,6499410820785876303786953168,-50015,41,180,180,0,True
1733726483,21363215,6499410820785876303786953168,-50015,41,180,180,0,True
1733726495,21363216,6499410820785876303786953168,-50015,41,180,180,0,True
1733726507,21363217,6498301554639384969109535903,-50019,42,180,180,0,True
1733726519,21363218,6496442211344040316175429812,-50025,43,180,180,0,True
1733726531,21363219,6496442211344040316175429812,-50025,43,180,180,0,True
1733726543,21363220,6496442211344040316175429812,-50025,43,180,180,0,True
1733726555,21363221,6496442211344040316175429812,-50025,43,180,180,0,True
1733726567,21363222,6496442211344040316175429812,-50025,43,180,180,0,True
1733726579,21363223,6496442211344040316175429812,-50025,43,180,180,0,True
1733726591,21363224,6496442211344040316175429812,-50025,43,180,180,0,True
1733726603,21363225,6496442211344040316175429812,-50025,43,180,180,0,True
1733726615,21363226,6496442211344040316175429812,-50025,43,180,180,0,True
1733726627,21363227,6496442211344040316175429812,-50025,43,180,180,0,True
1733726639,21363228,6496442211344040316175429812,-50025,43,180,180,0,True
1733726651,21363229,6496442211344040316175429812,-50025,43,180,180,0,True
1733726663,21363230,6496442211344040316175429812,-50025,43,180,180,0,True
1733726675,21363231,6496442211344040316175429812,-50025,43,180,180,0,True
1733726687,21363232,6496442211344040316175429812,-50025,43,180,180,0,True
1733726699,21363233,6496442211344040316175429812,-50025,43,180,180,0,True
1733726711,21363234,6496442211344040316175429812,-50025,43,180,180,0,True
1733726723,21363235,6498257588658783796651912917,-50019,44,180,180,0,True
1733726735,21363236,6498257588658783796651912917,-50019,44,180,180,0,True
1733726747,21363237,6498257588658783796651912917,-50019,44,180,180,0,True
1733726759,21363238,6498257588658783796651912917,-50019,44,180,180,0,True
1733726771,21363239,6498257588658783796651912917,-50019,44,180,180,0,True
1733726783,21363240,6498257588658783796651912917,-50019,44,180,180,0,True
1733726795,21363241,6498257588658783796651912917,-50019,44,180,180,0,True
1733726807,21363242,6498257588658783796651912917,-50019,44,180,180,0,True
1733726819,21363243,6498257588658783796651912917,-50019,44,180,180,0,True
1733726831,21363244,6498257588658783796651912917,-50019,44,180,180,0,True
1733726843,21363245,6498257588658783796651912917,-50019,44,180,180,0,True
1733726855,21363246,6500074766827823502661028693,-50013,45,180,180,0,True
1733726867,21363247,6500074766827823502661028693,-50013,45,180,180,0,True
1733726879,21363248,6500074766827823502661028693,-50013,45,180,180,0,True
1733726891,21363249,6500074766827823502661028693,-50013,45,180,180,0,True
1733726903,21363250,6500074766827823502661028693,-50013,45,180,180,0,True
1733726915,21363251,6500074766827823502661028693,-50013,45,180,180,0,True
1733726927,21363252,6500074766827823502661028693,-50013,45,180,180,0,True
1733726939,21363253,6500074766827823502661028693,-50013,45,180,180,0,True
1733726951,21363254,6500256304559297850708677003,-50013,45,180,180,0,True
1733726963,21363255,6500256304559297850708677003,-50013,45,180,180,0,True
1733726975,21363256,6500256304559297850708677003,-50013,45,180,180,0,True
1733726987,21363257,6500256304559297850708677003,-50013,45,180,180,0,True
1733726999,21363258,6500256304559297850708677003,-50013,45,180,180,0,True
1733727011,21363259,6500256304559297850708677003,-50013,45,180,180,0,True
1733727023,21363260,6500256304559297850708677003,-50013,45,180,180,0,True
1733727035,21363261,6500256304559297850708677003,-50013,45,180,180,0,True
1733727047,21363262,6500256304559297850708677003,-50013,45,180,180,0,True
1733727059,21363263,6500256304559297850708677003,-50013,45,180,180,0,True
1733727071,21363264,6500256304559297850708677003,-50013,45,180,180,0,True
1733727083,21363265,6500256304559297850708677003,-50013,45,180,180,0,True
1733727095,21363266,6500256304559297850708677003,-50013,45,180,180,0,True
1733727107,21363267,6500256304559297850708677003,-50013,45,180,180,0,True
1733727119,21363268,6500256304559297850708677003,-50013,45,180,180,0,True
1733727131,21363269,6500256304559297850708677003,-50013,45,180,180,0,True
1733727143,21363270,6500256304559297850708677003,-50013,45,180,180,0,True
1733727155,21363271,6496536953146485502682975069,-50024,46,180,180,0,True
1733727167,21363272,6496536953146485502682975069,-50024,46,180,180,0,True
1733727179,21363273,6496536953146485502682975069,-50024,46,180,180,0,True
1733727191,21363274,6496536953146485502682975069,-50024,46,180,180,0,True
1733727203,21363275,6496536953146485502682975069,-50024,46,180,180,0,True
1733727215,21363276,6496536953146485502682975069,-50024,46,180,180,0,True
1733727227,21363277,6496536953146485502682975069,-50024,46,180,180,0,True
1733727239,21363278,6496536953146485502682975069,-50024,46,180,180,0,True
1733727251,21363279,6496536953146485502682975069,-50024,46,180,180,0,True
1733727263,21363280,6496536953146485502682975069,-50024,46,180,180,0,True
1733727275,21363281,6496536953146485502682975069,-50024,46,180,180,0,True
1733727287,21363282,6496536953146485502682975069,-50024,46,180,180,0,True
1733727299,21363283,6496536953146485502682975069,-50024,46,180,180,0,True
1733727311,21363284,6496536953146485502682975069,-50024,46,180,180,0,True
1733727323,21363285,6496536953146485502682975069,-50024,46,180,180,0,True
1733727335,21363286,6496536953146485502682975069,-50024,46,180,180,0,True
1733727347,21363287,6496536953146485502682975069,-50024,46,180,180,0,True
1733727359,21363288,6496536953146485502682975069,-50024,46,180,180,0,True
1733727371,21363289,6496536953146485502682975069,-50024,46,180,180,0,True
1733727383,21363290,6496536953146485502682975069,-50024,46,180,180,0,True
1733727395,21363291,6496536953146485502682975069,-50024,46,180,180,0,True
1733727407,21363292,6496536953146485502682975069,-50024,46,180,180,0,True
1733727419,21363293,6496536953146485502682975069,-50024,46,180,180,0,True
1733727431,21363294,6496536953146485502682975069,-50024,46,180,180,0,True
1733727443,21363295,6496536953146485502682975069,-50024,46,180,180,0,True
1733727455,21363296,6496536953146485502682975069,-50024,46,180,180,0,True
1733727479,21363297,6496536953146485502682975069,-50024,46,180,180,0,True
1733727491,21363298,6496536953146485502682975069,-50024,46,180,180,0,True
1733727503,21363299,6496536953146485502682975069,-50024,46,180,180,0,True
1733727515,21363300,6496536953146485502682975069,-50024,46,180,180,0,True
1733727527,21363301,6496536953146485502682975069,-50024,46,180,180,0,True
1733727539,21363302,6496536953146485502682975069,-50024,46,180,180,0,True
1733727551,21363303,6496536953146485502682975069,-50024,46,180,180,0,True
1733727563,21363304,6496536953146485502682975069,-50024,46,180,180,0,True
1733727575,21363305,6496536953146485502682975069,-50024,46,180,180,0,True
1733727587,21363306,6496536953146485502682975069,-50024,46,180,180,0,True
1733727599,21363307,6496536953146485502682975069,-50024,46,180,180,0,True
1733727611,21363308,6496536953146485502682975069,-50024,46,180,180,0,True
1733727623,21363309,6491414496621134488285776071,-50040,47,180,180,0,True
1733727635,21363310,6491414496621134488285776071,-50040,47,180,180,0,True
1733727647,21363311,6491414496621134488285776071,-50040,47,180,180,0,True
1733727659,21363312,6491414496621134488285776071,-50040,47,180,180,0,True
1733727671,21363313,6491414496621134488285776071,-50040,47,180,180,0,True
1733727683,21363314,6491414496621134488285776071,-50040,47,180,180,0,True
1733727695,21363315,6491414496621134488285776071,-50040,47,180,180,0,True
1733727707,21363316,6491414496621134488285776071,-50040,47,180,180,0,True
1733727719,21363317,6491414496621134488285776071,-50040,47,180,180,0,True
1733727731,21363318,6491414496621134488285776071,-50040,47,180,180,0,True
1733727743,21363319,6491414496621134488285776071,-50040,47,180,180,0,True
1733727755,21363320,6491414496621134488285776071,-50040,47,180,180,0,True
1733727767,21363321,6491414496621134488285776071,-50040,47,180,180,0,True
1733727779,21363322,6491414496621134488285776071,-50040,47,180,180,0,True
1733727791,21363323,6491414496621134488285776071,-50040,47,180,180,0,True
1733727803,21363324,6491414496621134488285776071,-50040,47,180,180,0,True
1733727815,21363325,6491414496621134488285776071,-50040,47,180,180,0,True
1733727827,21363326,6491414496621134488285776071,-50040,47,180,180,0,True
1733727839,21363327,6491414496621134488285776071,-50040,47,180,180,0,True
1733727851,21363328,6491414496621134488285776071,-50040,47,180,180,0,True
1733727863,21363329,6491414496621134488285776071,-50040,47,180,180,0,True
1733727875,21363330,6491414496621134488285776071,-50040,47,180,180,0,True
1733727887,21363331,6491414496621134488285776071,-50040,47,180,180,0,True
1733727899,21363332,6491414496621134488285776071,-50040,47,180,180,0,True
1733727911,21363333,6491414496621134488285776071,-50040,47,180,180,0,True
1733727923,21363334,6491414496621134488285776071,-50040,47,180,180,0,True
1733727935,21363335,6491414496621134488285776071,-50040,47,180,180,0,True
1733727947,21363336,6491414496621134488285776071,-50040,47,180,180,0,True
1733727959,21363337,6491414496621134488285776071,-50040,47,180,180,0,True
1733727971,21363338,6491414496621134488285776071,-50040,47,180,180,0,True
1733727983,21363339,6491414496621134488285776071,-50040,47,180,180,0,True
1733727995,21363340,6491414496621134488285776071,-50040,47,180,180,0,True
1733728007,21363341,6491414496621134488285776071,-50040,47,180,180,0,True
1733728019,21363342,6491414496621134488285776071,-50040,47,180,180,0,True
1733728031,21363343,6491414496621134488285776071,-50040,47,180,180,0,True
1733728043,21363344,6491414496621134488285776071,-50040,47,180,180,0,True
1733728055,21363345,6491414496621134488285776071,-50040,47,180,180,0,True
1733728067,21363346,6491414496621134488285776071,-50040,47,180,180,0,True
1733728079,21363347,6491414496621134488285776071,-50040,47,180,180,0,True
1733728091,21363348,6491414496621134488285776071,-50040,47,180,180,0,True
1733728103,21363349,6491414496621134488285776071,-50040,47,180,180,0,True
1733728115,21363350,6491414496621134488285776071,-50040,47,180,180,0,True
1733728127,21363351,6491414496621134488285776071,-50040,47,180,180,0,True
1733728139,21363352,6491414496621134488285776071,-50040,47,180,180,0,True
1733728151,21363353,6491414496621134488285776071,-50040,47,180,180,0,True
1733728163,21363354,6491414496621134488285776071,-50040,47,180,180,0,True
1733728175,21363355,6491414496621134488285776071,-50040,47,180,180,0,True
1733728187,21363356,6491414496621134488285776071,-50040,47,180,180,0,True
1733728199,21363357,6491414496621134488285776071,-50040,47,180,180,0,True
1733728211,21363358,6491414496621134488285776071,-50040,47,180,180,0,True
1733728223,21363359,6491414496621134488285776071,-50040,47,180,180,0,True
1733728235,21363360,6491414496621134488285776071,-50040,47,180,180,0,True
1733728247,21363361,6491414496621134488285776071,-50040,47,180,180,0,True
1733728259,21363362,6491414496621134488285776071,-50040,47,180,180,0,True
1733728271,21363363,6490126454152267131096787285,-50044,48,180,180,0,True
1733728283,21363364,6490126454152267131096787285,-50044,48,180,180,0,True
1733728295,21363365,6488124081445933177466629299,-50050,49,180,180,0,True
1733728307,21363366,6487097878181109021050017107,-50053,50,180,180,0,True
1733728319,21363367,6483992244253562193035808276,-50063,51,180,180,0,True
1733728331,21363368,6481107252078886705376018109,-50072,52,180,180,0,True
1733728343,21363369,6480307616198327260215554285,-50074,53,180,180,0,True
1733728355,21363370,6476957226450401078860399438,-50085,54,180,180,0,True
1733728367,21363371,6475217560342337909218648432,-50090,55,180,180,0,True
1733728379,21363372,6472770114734493163146408902,-50098,56,180,180,0,True
1733728391,21363373,6471818041047925746864498272,-50100,57,180,180,0,True
1733728403,21363374,6471818041047925746864498272,-50100,57,180,180,0,True
1733728415,21363375,6471818041047925746864498272,-50100,57,180,180,0,True
1733728427,21363376,6471818041047925746864498272,-50100,57,180,180,0,True
1733728439,21363377,6471818041047925746864498272,-50100,57,180,180,0,True
1733728451,21363378,6471818041047925746864498272,-50100,57,180,180,0,True
1733728463,21363379,6471818041047925746864498272,-50100,57,180,180,0,True
1733728475,21363380,6471818041047925746864498272,-50100,57,180,180,0,True
1733728487,21363381,6471818041047925746864498272,-50100,57,180,180,0,True
1733728499,21363382,6471818041047925746864498272,-50100,57,180,180,0,True
1733728511,21363383,6471818041047925746864498272,-50100,57,180,180,0,True
1733728523,21363384,6471831236990334686276033489,-50100,57,180,180,0,True
1733728535,21363385,6471831236990334686276033489,-50100,57,180,180,0,True
1733728547,21363386,6471831236990334686276033489,-50100,57,180,180,0,True
1733728559,21363387,6471831236990334686276033489,-50100,57,180,180,0,True
1733728571,21363388,6471831236990334686276033489,-50100,57,180,180,0,True
1733728583,21363389,6471831236990334686276033489,-50100,57,180,180,0,True
1733728595,21363390,6471831236990334686276033489,-50100,57,180,180,0,True
1733728607,21363391,6471831236990334686276033489,-50100,57,180,180,0,True
1733728619,21363392,6471831236990334686276033489,-50100,57,180,180,0,True
1733728631,21363393,6471831236990334686276033489,-50100,57,180,180,0,True
1733728643,21363394,6471831236990334686276033489,-50100,57,180,180,0,True
1733728655,21363395,6471831236990334686276033489,-50100,57,180,180,0,True
1733728667,21363396,6471831236990334686276033489,-50100,57,180,180,0,True
1733728679,21363397,6471831236990334686276033489,-50100,57,180,180,0,True
1733728691,21363398,6471831236990334686276033489,-50100,57,180,180,0,True
1733728703,21363399,6471831236990334686276033489,-50100,57,180,180,0,True
1733728715,21363400,6471831236990334686276033489,-50100,57,180,180,0,True
1733728727,21363401,6471831236990334686276033489,-50100,57,180,180,0,True
1733728739,21363402,6471831252821814302915566847,-50100,57,180,180,0,True
1733728751,21363403,6471831252821814302915566847,-50100,57,180,180,0,True
1733728763,21363404,6471831252821814302915566847,-50100,57,180,180,0,True
1733728775,21363405,6471831252821814302915566847,-50100,57,180,180,0,True
1733728787,21363406,6471831252821814302915566847,-50100,57,180,180,0,True
1733728799,21363407,6471831252821814302915566847,-50100,57,180,180,0,True
1733728811,21363408,6471831252821814302915566847,-50100,57,180,180,0,True
1733728823,21363409,6471831252821814302915566847,-50100,57,180,180,0,True
1733728835,21363410,6471831252821814302915566847,-50100,57,180,180,0,True
1733728847,21363411,6471831252821814302915566847,-50100,57,180,180,0,True
1733728859,21363412,6468924802175490908419655528,-50109,58,180,180,0,True
1733728871,21363413,6469460814421832242642485224,-50108,59,180,180,0,True
1733728883,21363414,6469460814421832242642485224,-50108,59,180,180,0,True
1733728895,21363415,6469460814421832242642485224,-50108,59,180,180,0,True
1733728907,21363416,6466932948080073299162114097,-50116,60,180,180,0,True
1733728919,21363417,6466932948080073299162114097,-50116,60,180,180,0,True
1733728931,21363418,6466932948080073299162114097,-50116,60,180,180,0,True
1733728943,21363419,6464056060340886707704457448,-50125,61,180,180,0,True
1733728955,21363420,6462348656234531118863555993,-50130,62,180,180,0,True
1733728967,21363421,6462348656234531118863555993,-50130,62,180,180,0,True
1733728979,21363422,6461403129210706049764413949,-50133,63,180,180,0,True
1733728991,21363423,6458407044013107587866213990,-50142,64,180,180,0,True
1733729003,21363424,6458151483192483362132661010,-50143,65,180,180,0,True
1733729015,21363425,6455645919855571404527293474,-50151,66,180,180,0,True
1733729027,21363426,6454588901426985120326875895,-50154,67,180,180,0,True
1733729039,21363427,6454588901426985120326875895,-50154,67,180,180,0,True
1733729051,21363428,6454588901426985120326875895,-50154,67,180,180,0,True
1733729063,21363429,6454588901426985120326875895,-50154,67,180,180,0,True
1733729075,21363430,6454588901426985120326875895,-50154,67,180,180,0,True
1733729087,21363431,6454588901426985120326875895,-50154,67,180,180,0,True
1733729099,21363432,6454588901426985120326875895,-50154,67,180,180,0,True
1733729111,21363433,6454588901426985120326875895,-50154,67,180,180,0,True
1733729123,21363434,6453219432312155260876509665,-50158,68,180,180,0,True
1733729135,21363435,6453721007250731558766100212,-50157,69,180,180,0,True
1733729147,21363436,6453721007250731558766100212,-50157,69,180,180,0,True
1733729159,21363437,6453721007250731558766100212,-50157,69,180,180,0,True
1733729171,21363438,6453721007250731558766100212,-50157,69,180,180,0,True
1733729183,21363439,6453721007250731558766100212,-50157,69,180,180,0,True
1733729195,21363440,6453721007250731558766100212,-50157,69,180,180,0,True
1733729207,21363441,6453721007250731558766100212,-50157,69,180,180,0,True
1733729219,21363442,6450799338475191256997787130,-50166,70,180,180,0,True
1733729231,21363443,6450799338475191256997787130,-50166,70,180,180,0,True
1733729243,21363444,6450799338475191256997787130,-50166,70,180,180,0,True
1733729255,21363445,6450799338475191256997787130,-50166,70,180,180,0,True
1733729267,21363446,6450799338475191256997787130,-50166,70,180,180,0,True
1733729279,21363447,6450799338475191256997787130,-50166,70,180,180,0,True
1733729291,21363448,6450799338475191256997787130,-50166,70,180,180,0,True
1733729303,21363449,6447484080476777956958979650,-50176,71,180,180,0,True
1733729315,21363450,6446290134689508291461776208,-50180,72,180,180,0,True
1733729327,21363451,6446290134689508291461776208,-50180,72,180,180,0,True
1733729339,21363452,6446290134689508291461776208,-50180,72,180,180,0,True
1733729351,21363453,6446290134689508291461776208,-50180,72,180,180,0,True
1733729363,21363454,6446290134689508291461776208,-50180,72,180,180,0,True
1733729375,21363455,6446290134689508291461776208,-50180,72,180,180,0,True
1733729387,21363456,6446290134689508291461776208,-50180,72,180,180,0,True
1733729399,21363457,6446290134689508291461776208,-50180,72,180,180,0,True
1733729411,21363458,6446290134689508291461776208,-50180,72,180,180,0,True
1733729423,21363459,6446290134689508291461776208,-50180,72,180,180,0,True
1733729435,21363460,6446290134689508291461776208,-50180,72,180,180,0,True
1733729447,21363461,6446290134689508291461776208,-50180,72,180,180,0,True
1733729459,21363462,6446290134689508291461776208,-50180,72,180,180,0,True
1733729471,21363463,6446315555793324337605982393,-50179,73,180,180,0,True
1733729483,21363464,6446315555793324337605982393,-50179,73,180,180,0,True
1733729495,21363465,6446315555793324337605982393,-50179,73,180,180,0,True
1733729507,21363466,6446315555793324337605982393,-50179,73,180,180,0,True
1733729519,21363467,6446315555793324337605982393,-50179,73,180,180,0,True
1733729531,21363468,6446315555793324337605982393,-50179,73,180,180,0,True
1733729543,21363469,6446315555793324337605982393,-50179,73,180,180,0,True
1733729555,21363470,6446315555793324337605982393,-50179,73,180,180,0,True
1733729567,21363471,6446315555793324337605982393,-50179,73,180,180,0,True
1733729579,21363472,6444261924360283747570109239,-50186,74,180,180,0,True
1733729591,21363473,6444261924360283747570109239,-50186,75,180,180,0,True
1733729603,21363474,6444261924360283747570109239,-50186,75,180,180,0,True
1733729615,21363475,6444261924360283747570109239,-50186,75,180,180,0,True
1733729627,21363476,6442832447615886019510029377,-50190,76,180,180,0,True
1733729639,21363477,6436988768400317128883986135,-50208,77,180,180,0,True
1733729651,21363478,6436988768400317128883986135,-50208,77,180,180,0,True
1733729663,21363479,6436988768400317128883986135,-50208,77,180,180,0,True
1733729675,21363480,6436988768400317128883986135,-50208,77,180,180,0,True
1733729687,21363481,6436988768400317128883986135,-50208,77,180,180,0,True
1733729699,21363482,6436988768400317128883986135,-50208,77,180,180,0,True
1733729711,21363483,6436988768400317128883986135,-50208,77,180,180,0,True
1733729723,21363484,6436988768400317128883986135,-50208,77,180,180,0,True
1733729735,21363485,6436988768400317128883986135,-50208,77,180,180,0,True
1733729747,21363486,6436988768400317128883986135,-50208,77,180,180,0,True
1733729759,21363487,6414948526563002942561842796,-50277,78,180,180,0,True
1733729771,21363488,6416405598453947536546042368,-50272,79,180,180,0,True
1733729783,21363489,6419231057129998892390469637,-50264,80,180,180,0,True
1733729795,21363490,6419231057129998892390469637,-50264,80,180,180,0,True
1733729807,21363491,6425116921677907720178622851,-50245,81,180,180,0,True
1733729819,21363492,6426824398805966007168028647,-50240,82,180,180,0,True
1733729831,21363493,6426824398805966007168028647,-50240,82,180,180,0,True
1733729843,21363494,6429765538067056147890136804,-50231,83,180,180,0,True
1733729855,21363495,6429765538067056147890136804,-50231,83,180,180,0,True
1733729867,21363496,6431596378388257674292489629,-50225,84,180,180,0,True
1733729879,21363497,6431596378388257674292489629,-50225,84,180,180,0,True
1733729891,21363498,6431596378388257674292489629,-50225,84,180,180,0,True
1733729903,21363499,6431596378388257674292489629,-50225,84,180,180,0,True
1733729915,21363500,6431596378388257674292489629,-50225,84,180,180,0,True
1733729927,21363501,6431596378388257674292489629,-50225,84,180,180,0,True
1733729939,21363502,6431596378388257674292489629,-50225,84,180,180,0,True
1733729951,21363503,6431596378388257674292489629,-50225,84,180,180,0,True
1733729963,21363504,6431596378388257674292489629,-50225,84,180,180,0,True
1733729975,21363505,6431596378388257674292489629,-50225,84,180,180,0,True
1733729987,21363506,6432099034301025004047364099,-50224,85,180,180,0,True
1733729999,21363507,6432099034301025004047364099,-50224,85,180,180,0,True
1733730011,21363508,6432099034301025004047364099,-50224,85,180,180,0,True
1733730023,21363509,6432099034301025004047364099,-50224,85,180,180,0,True
1733730035,21363510,6432099034301025004047364099,-50224,85,180,180,0,True
1733730047,21363511,6432099034301025004047364099,-50224,85,180,180,0,True
1733730059,21363512,6432099034301025004047364099,-50224,85,180,180,0,True
1733730071,21363513,6432099034301025004047364099,-50224,85,180,180,0,True
1733730083,21363514,6432099034301025004047364099,-50224,85,180,180,0,True
1733730095,21363515,6432099034301025004047364099,-50224,85,180,180,0,True
1733730107,21363516,6432099034301025004047364099,-50224,85,180,180,0,True
1733730119,21363517,6432099034301025004047364099,-50224,85,180,180,0,True
1733730131,21363518,6432099034301025004047364099,-50224,85,180,180,0,True
1733730143,21363519,6432099034301025004047364099,-50224,85,180,180,0,True
1733730155,21363520,6432099034301025004047364099,-50224,85,180,180,0,True
1733730167,21363521,6432099034301025004047364099,-50224,85,180,180,0,True
1733730179,21363522,6432099034301025004047364099,-50224,85,180,180,0,True
1733730191,21363523,6432099034301025004047364099,-50224,85,180,180,0,True
1733730203,21363524,6432099034301025004047364099,-50224,85,180,180,0,True
1733730215,21363525,6432099034301025004047364099,-50224,85,180,180,0,True
1733730227,21363526,6432099034301025004047364099,-50224,85,180,180,0,True
1733730239,21363527,6434037810537248329907629857,-50218,86,180,180,0,True
1733730251,21363528,6434037810537248329907629857,-50218,86,180,180,0,True
1733730263,21363529,6440280295301856506687100591,-50198,87,180,180,0,True
1733730275,21363530,6440280295301856506687100591,-50198,87,180,180,0,True
1733730287,21363531,6447400944729101962118489823,-50176,88,180,180,0,True
1733730299,21363532,6447400944729101962118489823,-50176,88,180,180,0,True
1733730311,21363533,6449962315070555857016561391,-50168,89,180,180,0,True
1733730323,21363534,6452432648804920040582065811,-50161,90,180,180,0,True
1733730335,21363535,6454718201134495831474269903,-50153,91,180,180,0,True
1733730347,21363536,6454718201134495831474269903,-50153,91,180,180,0,True
1733730359,21363537,6459198439171383010150760526,-50140,92,180,180,0,True
1733730371,21363538,6460602842200979311854650711,-50135,93,180,180,0,True
1733730383,21363539,6460602842200979311854650711,-50135,93,180,180,0,True
1733730395,21363540,6462254462620539745790493815,-50130,94,180,180,0,True
1733730407,21363541,6465600263981709605610867187,-50120,95,180,180,0,True
1733730419,21363542,6464867272616333470619030103,-50122,96,180,180,0,True
1733730431,21363543,6464867272616333470619030103,-50122,96,180,180,0,True
1733730443,21363544,6464867272616333470619030103,-50122,96,180,180,0,True
1733730455,21363545,6464867272616333470619030103,-50122,96,180,180,0,True
1733730467,21363546,6464867272616333470619030103,-50122,96,180,180,0,True
1733730479,21363547,6464867272616333470619030103,-50122,96,180,180,0,True
1733730491,21363548,6464867272616333470619030103,-50122,96,180,180,0,True
1733730503,21363549,6464867272616333470619030103,-50122,96,180,180,0,True
1733730515,21363550,6466200221293647930483243805,-50118,97,180,180,0,True
1733730527,21363551,6466200221293647930483243805,-50118,97,180,180,0,True
1733730539,21363552,6470973139381884242316230656,-50103,98,180,180,0,True
1733730551,21363553,6473224283864479647262372790,-50096,99,180,180,0,True
1733730563,21363554,6473224283864479647262372790,-50096,99,180,180,0,True
1733730575,21363555,6473602382273775372264431427,-50095,100,180,180,0,True
1733730587,21363556,6475177822214282396503485325,-50090,101,180,180,0,True
1733730599,21363557,6475177822214282396503485325,-50090,101,180,180,0,True
1733730611,21363558,6475177822214282396503485325,-50090,101,180,180,0,True
1733730623,21363559,6475177822214282396503485325,-50090,101,180,180,0,True
1733730635,21363560,6475177822214282396503485325,-50090,101,180,180,0,True
1733730647,21363561,6475177822214282396503485325,-50090,101,180,180,0,True
1733730659,21363562,6475177822214282396503485325,-50090,101,180,180,0,True
1733730671,21363563,6475177822214282396503485325,-50090,101,180,180,0,True
1733730683,21363564,6478058794728313706159473782,-50081,102,180,180,0,True
1733730695,21363565,6477339516536484716653613156,-50083,103,180,180,0,True
1733730707,21363566,6477339516536484716653613156,-50083,103,180,180,0,True
1733730719,21363567,6477339516536484716653613156,-50083,103,180,180,0,True
1733730731,21363568,6477339516536484716653613156,-50083,103,180,180,0,True
1733730743,21363569,6477339516536484716653613156,-50083,103,180,180,0,True
1733730755,21363570,6477339516536484716653613156,-50083,103,180,180,0,True
1733730767,21363571,6478915271896305534585248250,-50079,104,180,180,0,True
1733730779,21363572,6478915271896305534585248250,-50079,104,180,180,0,True
1733730791,21363573,6478915271896305534585248250,-50079,104,180,180,0,True
1733730803,21363574,6478915271896305534585248250,-50079,104,180,180,0,True
1733730815,21363575,6478915271896305534585248250,-50079,104,180,180,0,True
1733730827,21363576,6480063050153559602955363140,-50075,105,180,180,0,True
1733730839,21363577,6480063050153559602955363140,-50075,105,180,180,0,True
1733730851,21363578,6480063050153559602955363140,-50075,105,180,180,0,True
1733730863,21363579,6480164881952719663475158815,-50075,105,180,180,0,True
1733730875,21363580,6480164881952719663475158815,-50075,105,180,180,0,True
1733730887,21363581,6480164881952719663475158815,-50075,105,180,180,0,True
1733730899,21363582,6480164881952719663475158815,-50075,105,180,180,0,True
1733730911,21363583,6480164881952719663475158815,-50075,105,180,180,0,True
1733730923,21363584,6480164881952719663475158815,-50075,105,180,180,0,True
1733730935,21363585,6480164881952719663475158815,-50075,105,180,180,0,True
1733730947,21363586,6480164881952719663475158815,-50075,105,180,180,0,True
1733730959,21363587,6480164881952719663475158815,-50075,105,180,180,0,True
1733730971,21363588,6480164881952719663475158815,-50075,105,180,180,0,True
1733730983,21363589,6480164881952719663475158815,-50075,105,180,180,0,True
1733730995,21363590,6480164881952719663475158815,-50075,105,180,180,0,True
1733731007,21363591,6480164881952719663475158815,-50075,105,180,180,0,True
1733731019,21363592,6480164881952719663475158815,-50075,105,180,180,0,True
1733731031,21363593,6480164881952719663475158815,-50075,105,180,180,0,True
1733731043,21363594,6480164881952719663475158815,-50075,105,180,180,0,True
1733731055,21363595,6480164881952719663475158815,-50075,105,180,180,0,True
1733731067,21363596,6480164881952719663475158815,-50075,105,180,180,0,True
1733731079,21363597,6480164881952719663475158815,-50075,105,180,180,0,True
1733731091,21363598,6480164881952719663475158815,-50075,105,180,180,0,True
1733731103,21363599,6480164881952719663475158815,-50075,105,180,180,0,True
1733731115,21363600,6480164881952719663475158815,-50075,105,180,180,0,True
1733731127,21363601,6480164881952719663475158815,-50075,105,180,180,0,True
1733731139,21363602,6480164881952719663475158815,-50075,105,180,180,0,True
1733731151,21363603,6480164881952719663475158815,-50075,105,180,180,0,True
1733731163,21363604,6480164881952719663475158815,-50075,105,180,180,0,True
1733731175,21363605,6480164881952719663475158815,-50075,105,180,180,0,True
1733731187,21363606,6480164881952719663475158815,-50075,105,180,180,0,True
1733731199,21363607,6480164881952719663475158815,-50075,105,180,180,0,True
1733731211,21363608,6480164881952719663475158815,-50075,105,180,180,0,True
1733731223,21363609,6480164881952719663475158815,-50075,105,180,180,0,True
1733731235,21363610,6480164881952719663475158815,-50075,105,180,180,0,True
1733731247,21363611,6480164881952719663475158815,-50075,105,180,180,0,True
1733731259,21363612,6480164881952719663475158815,-50075,105,180,180,0,True
1733731271,21363613,6480164881952719663475158815,-50075,105,180,180,0,True
1733731283,21363614,6480164881952719663475158815,-50075,105,180,180,0,True
1733731295,21363615,6480164881952719663475158815,-50075,105,180,180,0,True
1733731307,21363616,6480164881952719663475158815,-50075,105,180,180,0,True
1733731319,21363617,6477738369307827283648346998,-50082,106,180,180,0,True
1733731331,21363618,6475600607149146057372815319,-50089,107,180,180,0,True
1733731343,21363619,6469325430431342045292480135,-50108,108,180,180,0,True
1733731355,21363620,6469325430431342045292480135,-50108,108,180,180,0,True
1733731367,21363621,6466010000303864305081980580,-50118,109,180,180,0,True
1733731379,21363622,6466010000303864305081980580,-50118,109,180,180,0,True
1733731391,21363623,6466010000303864305081980580,-50118,109,180,180,0,True
1733731403,21363624,6466010000303864305081980580,-50118,109,180,180,0,True
1733731415,21363625,6463893388372840384499206142,-50125,110,180,180,0,True
1733731427,21363626,6461231966489699604506869270,-50133,111,180,180,0,True
1733731439,21363627,6461231966489699604506869270,-50133,111,180,180,0,True
1733731451,21363628,6461231966489699604506869270,-50133,111,180,180,0,True
1733731463,21363629,6461231966489699604506869270,-50133,111,180,180,0,True
1733731475,21363630,6459695518359110681065896613,-50138,112,180,180,0,True
1733731487,21363631,6459695518359110681065896613,-50138,112,180,180,0,True
1733731499,21363632,6457653141476243275461841668,-50144,113,180,180,0,True
1733731511,21363633,6455991737393420370082318660,-50149,114,180,180,0,True
1733731523,21363634,6454043291188694363542772571,-50156,115,180,180,0,True
1733731535,21363635,6454043291188694363542772571,-50156,115,180,180,0,True
1733731547,21363636,6454043291188694363542772571,-50156,115,180,180,0,True
1733731559,21363637,6450316619359602119775615703,-50167,116,180,180,0,True
1733731571,21363638,6450316619359602119775615703,-50167,116,180,180,0,True
1733731583,21363639,6450316619359602119775615703,-50167,116,180,180,0,True
1733731595,21363640,6450316619359602119775615703,-50167,116,180,180,0,True
1733731607,21363641,6450316619359602119775615703,-50167,116,180,180,0,True
1733731619,21363642,6449156070252305520090984717,-50171,117,180,180,0,True
1733731631,21363643,6449156070252305520090984717,-50171,117,180,180,0,True
1733731643,21363644,6445392576226004037051001306,-50182,118,180,180,0,True
1733731655,21363645,6446136424614670371447258884,-50180,119,180,180,0,True
1733731667,21363646,6446136424614670371447258884,-50180,119,180,180,0,True
1733731679,21363647,6446138580764184688096848115,-50180,119,180,180,0,True
1733731691,21363648,6443505219274943158651191053,-50188,120,180,180,0,True
1733731703,21363649,6443505219274943158651191053,-50188,120,180,180,0,True
1733731715,21363650,6440691953592678839979343872,-50197,121,180,180,0,True
1733731727,21363651,6441674121315616069291653678,-50194,122,180,180,0,True
1733731739,21363652,6441674121315616069291653678,-50194,122,180,180,0,True
1733731751,21363653,6441674121315616069291653678,-50194,122,180,180,0,True
1733731763,21363654,6441674121315616069291653678,-50194,122,180,180,0,True
1733731775,21363655,6441674121315616069291653678,-50194,122,180,180,0,True
1733731787,21363656,6441674121315616069291653678,-50194,122,180,180,0,True
1733731799,21363657,6441674121315616069291653678,-50194,122,180,180,0,True
1733731811,21363658,6441674121315616069291653678,-50194,122,180,180,0,True
1733731823,21363659,6440420306193129148242632663,-50198,123,180,180,0,True
1733731835,21363660,6440420306193129148242632663,-50198,123,180,180,0,True
1733731847,21363661,6440420306193129148242632663,-50198,123,180,180,0,True
1733731859,21363662,6440420306193129148242632663,-50198,123,180,180,0,True
1733731871,21363663,6440420306193129148242632663,-50198,123,180,180,0,True
1733731883,21363664,6440420306193129148242632663,-50198,123,180,180,0,True
1733731895,21363665,6440420306193129148242632663,-50198,123,180,180,0,True
1733731907,21363666,6440420306193129148242632663,-50198,123,180,180,0,True
1733731919,21363667,6440420306193129148242632663,-50198,123,180,180,0,True
1733731931,21363668,6438724191796785332019266919,-50203,124,180,180,0,True
1733731943,21363669,6437730137820330204076319404,-50206,125,180,180,0,True
1733731955,21363670,6437730137820330204076319404,-50206,125,180,180,0,True
1733731967,21363671,6437730137820330204076319404,-50206,125,180,180,0,True
1733731979,21363672,6434810956297579249153343488,-50215,126,180,180,0,True
1733731991,21363673,6435482452297984645737043651,-50213,127,180,180,0,True
1733732003,21363674,6435482452297984645737043651,-50213,127,180,180,0,True
1733732015,21363675,6435482452297984645737043651,-50213,127,180,180,0,True
1733732027,21363676,6435482452297984645737043651,-50213,127,180,180,0,True
1733732039,21363677,6435482452297984645737043651,-50213,127,180,180,0,True
1733732051,21363678,6435482452297984645737043651,-50213,127,180,180,0,True
1733732063,21363679,6435482452297984645737043651,-50213,127,180,180,0,True
1733732075,21363680,6435482452297984645737043651,-50213,127,180,180,0,True
1733732087,21363681,6437128003531496937082598776,-50208,128,180,180,0,True
1733732099,21363682,6437128003531496937082598776,-50208,128,180,180,0,True
1733732111,21363683,6437128003531496937082598776,-50208,128,180,180,0,True
1733732123,21363684,6437128003531496937082598776,-50208,128,180,180,0,True
1733732135,21363685,6437128003531496937082598776,-50208,128,180,180,0,True
1733732147,21363686,6437128003531496937082598776,-50208,128,180,180,0,True
1733732159,21363687,6437128003531496937082598776,-50208,128,180,180,0,True
1733732171,21363688,6437128003531496937082598776,-50208,128,180,180,0,True
1733732183,21363689,6437128003531496937082598776,-50208,128,180,180,0,True
1733732195,21363690,6437128003531496937082598776,-50208,128,180,180,0,True
1733732207,21363691,6437128003531496937082598776,-50208,128,180,180,0,True
1733732219,21363692,6437128003531496937082598776,-50208,128,180,180,0,True
1733732231,21363693,6437128003531496937082598776,-50208,128,180,180,0,True
1733732243,21363694,6437128003531496937082598776,-50208,128,180,180,0,True
1733732255,21363695,6437128003531496937082598776,-50208,128,180,180,0,True
1733732267,21363696,6437128003531496937082598776,-50208,128,180,180,0,True
1733732279,21363697,6437128003531496937082598776,-50208,128,180,180,0,True
1733732291,21363698,6437128003531496937082598776,-50208,128,180,180,0,True
1733732303,21363699,6437128003531496937082598776,-50208,128,180,180,0,True
1733732315,21363700,6437128003531496937082598776,-50208,128,180,180,0,True
1733732327,21363701,6437128003531496937082598776,-50208,128,180,180,0,True
1733732339,21363702,6437128003531496937082598776,-50208,128,180,180,0,True
1733732351,21363703,6437128003531496937082598776,-50208,128,180,180,0,True
1733732363,21363704,6437128003531496937082598776,-50208,128,180,180,0,True
1733732375,21363705,6437128003531496937082598776,-50208,128,180,180,0,True
1733732387,21363706,6437128003531496937082598776,-50208,128,180,180,0,True
1733732399,21363707,6437128003531496937082598776,-50208,128,180,180,0,True
1733732411,21363708,6437128003531496937082598776,-50208,128,180,180,0,True
1733732423,21363709,6437128003531496937082598776,-50208,128,180,180,0,True
1733732435,21363710,6437128003531496937082598776,-50208,128,180,180,0,True
1733732447,21363711,6437128003531496937082598776,-50208,128,180,180,0,True
1733732459,21363712,6437128003531496937082598776,-50208,128,180,180,0,True
1733732471,21363713,6438776667697947999818840761,-50203,129,180,180,0,True
1733732483,21363714,6438776667697947999818840761,-50203,129,180,180,0,True
1733732495,21363715,6438776667697947999818840761,-50203,129,180,180,0,True
1733732507,21363716,6438776667697947999818840761,-50203,129,180,180,0,True
1733732519,21363717,6438776667697947999818840761,-50203,129,180,180,0,True
1733732531,21363718,6438776667697947999818840761,-50203,129,180,180,0,True
1733732543,21363719,6444576298173690305258917872,-50185,130,180,180,0,True
1733732555,21363720,6447241484935344987498691748,-50177,131,180,180,0,True
1733732567,21363721,6447241484935344987498691748,-50177,131,180,180,0,True
1733732579,21363722,6449393557731176878274252529,-50170,132,180,180,0,True
1733732591,21363723,6449393557731176878274252529,-50170,132,180,180,0,True
1733732603,21363724,6451044321279024841893117344,-50165,133,180,180,0,True
1733732615,21363725,6451044321279024841893117344,-50165,133,180,180,0,True
1733732627,21363726,6451044321279024841893117344,-50165,133,180,180,0,True
1733732639,21363727,6451044321279024841893117344,-50165,133,180,180,0,True
1733732651,21363728,6451044321279024841893117344,-50165,133,180,180,0,True
1733732663,21363729,6451044321279024841893117344,-50165,133,180,180,0,True
1733732675,21363730,6451044321279024841893117344,-50165,133,180,180,0,True
1733732687,21363731,6451044321279024841893117344,-50165,133,180,180,0,True
1733732699,21363732,6451044321279024841893117344,-50165,133,180,180,0,True
1733732711,21363733,6451044321279024841893117344,-50165,133,180,180,0,True
1733732723,21363734,6451044321279024841893117344,-50165,133,180,180,0,True
1733732735,21363735,6451044321279024841893117344,-50165,133,180,180,0,True
1733732747,21363736,6451044321279024841893117344,-50165,133,180,180,0,True
1733732759,21363737,6451044321279024841893117344,-50165,133,180,180,0,True
1733732771,21363738,6451044321279024841893117344,-50165,133,180,180,0,True
1733732783,21363739,6451044321279024841893117344,-50165,133,180,180,0,True
1733732795,21363740,6451044321279024841893117344,-50165,133,180,180,0,True
1733732807,21363741,6451044321279024841893117344,-50165,133,180,180,0,True
1733732819,21363742,6449333219183926816748887387,-50170,134,180,180,0,True
1733732831,21363743,6447451605927364603789291737,-50176,135,180,180,0,True
1733732843,21363744,6447451605927364603789291737,-50176,135,180,180,0,True
1733732855,21363745,6446134459997793106358836860,-50180,136,180,180,0,True
1733732867,21363746,6446134459997793106358836860,-50180,136,180,180,0,True
1733732879,21363747,6446134459997793106358836860,-50180,136,180,180,0,True
1733732891,21363748,6446134459997793106358836860,-50180,136,180,180,0,True
1733732903,21363749,6441905731585039491849892453,-50193,137,180,180,0,True
1733732915,21363750,6441905731585039491849892453,-50193,137,180,180,0,True
1733732927,21363751,6440421256265148086757448142,-50198,138,180,180,0,True
1733732939,21363752,6440421256265148086757448142,-50198,138,180,180,0,True
1733732951,21363753,6440421256265148086757448142,-50198,138,180,180,0,True
1733732963,21363754,6439916651896215542916510345,-50199,139,180,180,0,True
1733732975,21363755,6439916651896215542916510345,-50199,139,180,180,0,True
1733732987,21363756,6439916651896215542916510345,-50199,139,180,180,0,True
1733732999,21363757,6439916651896215542916510345,-50199,139,180,180,0,True
1733733011,21363758,6438440382928050814675966990,-50204,140,180,180,0,True
1733733023,21363759,6436711672067645090467379576,-50209,141,180,180,0,True
1733733035,21363760,6436711672067645090467379576,-50209,141,180,180,0,True
1733733047,21363761,6434072418797867580070436774,-50217,142,180,180,0,True
1733733059,21363762,6434072418797867580070436774,-50217,142,180,180,0,True
1733733071,21363763,6434072418797867580070436774,-50217,142,180,180,0,True
1733733083,21363764,6434072418797867580070436774,-50217,142,180,180,0,True
1733733095,21363765,6434072418797867580070436774,-50217,142,180,180,0,True
1733733107,21363766,6434072418797867580070436774,-50217,142,180,180,0,True
1733733119,21363767,6434072418797867580070436774,-50217,142,180,180,0,True
1733733131,21363768,6434072418797867580070436774,-50217,142,180,180,0,True
1733733143,21363769,6434072418797867580070436774,-50217,142,180,180,0,True
1733733155,21363770,6434072418797867580070436774,-50217,142,180,180,0,True
1733733167,21363771,6434072418797867580070436774,-50217,142,180,180,0,True
1733733179,21363772,6434072418797867580070436774,-50217,142,180,180,0,True
1733733191,21363773,6434072418797867580070436774,-50217,142,180,180,0,True
1733733203,21363774,6434072418797867580070436774,-50217,142,180,180,0,True
1733733215,21363775,6434138141711844864155459595,-50217,142,180,180,0,True
1733733227,21363776,6434138141711844864155459595,-50217,142,180,180,0,True
1733733239,21363777,6434138141711844864155459595,-50217,142,180,180,0,True
1733733251,21363778,6434138141711844864155459595,-50217,142,180,180,0,True
1733733263,21363779,6421614706590560145087064908,-50256,143,180,180,0,True
1733733275,21363780,6417141325984460732012031843,-50270,144,180,180,0,True
1733733287,21363781,6415089089643962947754307230,-50277,145,180,180,0,True
1733733299,21363782,6414403174096044438368849523,-50279,146,180,180,0,True
1733733311,21363783,6414403174096044438368849523,-50279,146,180,180,0,True
1733733323,21363784,6414403174096044438368849523,-50279,146,180,180,0,True
1733733335,21363785,6414403174096044438368849523,-50279,146,180,180,0,True
1733733347,21363786,6414403174096044438368849523,-50279,146,180,180,0,True
1733733359,21363787,6414403174096044438368849523,-50279,146,180,180,0,True
1733733371,21363788,6411018953381992103062370317,-50289,147,180,180,0,True
1733733383,21363789,6411018953381992103062370317,-50289,147,180,180,0,True
1733733395,21363790,6411018953381992103062370317,-50289,147,180,180,0,True
1733733407,21363791,6411018953381992103062370317,-50289,147,180,180,0,True
1733733419,21363792,6411018953381992103062370317,-50289,147,180,180,0,True
1733733431,21363793,6411018953381992103062370317,-50289,147,180,180,0,True
1733733443,21363794,6411018953381992103062370317,-50289,147,180,180,0,True
1733733455,21363795,6411018953381992103062370317,-50289,147,180,180,0,True
1733733467,21363796,6411018953381992103062370317,-50289,147,180,180,0,True
1733733479,21363797,6411018953381992103062370317,-50289,147,180,180,0,True
1733733491,21363798,6411018953381992103062370317,-50289,147,180,180,0,True
1733733503,21363799,6411018953381992103062370317,-50289,147,180,180,0,True
1733733515,21363800,6411018953381992103062370317,-50289,147,180,180,0,True
1733733527,21363801,6411018953381992103062370317,-50289,147,180,180,0,True
1733733539,21363802,6411018953381992103062370317,-50289,147,180,180,0,True
1733733551,21363803,6411018953381992103062370317,-50289,147,180,180,0,True
1733733563,21363804,6411018953381992103062370317,-50289,147,180,180,0,True
1733733575,21363805,6411018953381992103062370317,-50289,147,180,180,0,True
1733733587,21363806,6411018953381992103062370317,-50289,147,180,180,0,True
1733733599,21363807,6411018953381992103062370317,-50289,147,180,180,0,True
1733733611,21363808,6415109392555577174447620910,-50277,148,180,180,0,True
1733733623,21363809,6415109392555577174447620910,-50277,148,180,180,0,True
1733733635,21363810,6417643272769381200260123066,-50269,149,180,180,0,True
1733733647,21363811,6421811973227128677625712845,-50256,150,180,180,0,True
1733733659,21363812,6421811973227128677625712845,-50256,150,180,180,0,True
1733733671,21363813,6423563028657971454086964823,-50250,151,180,180,0,True
1733733683,21363814,6429202449093322292840103936,-50233,152,180,180,0,True
1733733695,21363815,6429202449093322292840103936,-50233,152,180,180,0,True
1733733707,21363816,6430767045844654893039813711,-50228,153,180,180,0,True
1733733719,21363817,6431058552714254047227204792,-50227,154,180,180,0,True
1733733731,21363818,6431058552714254047227204792,-50227,154,180,180,0,True
1733733743,21363819,6431058552714254047227204792,-50227,154,180,180,0,True
1733733755,21363820,6431058552714254047227204792,-50227,154,180,180,0,True
1733733767,21363821,6431058552714254047227204792,-50227,154,180,180,0,True
1733733779,21363822,6431058552714254047227204792,-50227,154,180,180,0,True
1733733791,21363823,6431058552714254047227204792,-50227,154,180,180,0,True
1733733803,21363824,6431058552714254047227204792,-50227,154,180,180,0,True
1733733815,21363825,6431058552714254047227204792,-50227,154,180,180,0,True
1733733827,21363826,6431058552714254047227204792,-50227,154,180,180,0,True
1733733839,21363827,6431058552714254047227204792,-50227,154,180,180,0,True
1733733851,21363828,6431058552714254047227204792,-50227,154,180,180,0,True
1733733863,21363829,6431058552714254047227204792,-50227,154,180,180,0,True
1733733875,21363830,6432635118577836688935624823,-50222,155,180,180,0,True
1733733887,21363831,6434648468646520060647387232,-50216,156,180,180,0,True
1733733899,21363832,6434648468646520060647387232,-50216,156,180,180,0,True
1733733911,21363833,6434648468646520060647387232,-50216,156,180,180,0,True
1733733923,21363834,6434648468646520060647387232,-50216,156,180,180,0,True
1733733935,21363835,6434648468646520060647387232,-50216,156,180,180,0,True
1733733947,21363836,6436067220803574456633884040,-50211,157,180,180,0,True
1733733959,21363837,6436067220803574456633884040,-50211,157,180,180,0,True
1733733971,21363838,6436067220803574456633884040,-50211,157,180,180,0,True
1733733983,21363839,6436067220803574456633884040,-50211,157,180,180,0,True
1733733995,21363840,6436067220803574456633884040,-50211,157,180,180,0,True
1733734007,21363841,6439389231873489241621818988,-50201,158,180,180,0,True
1733734019,21363842,6439389231873489241621818988,-50201,158,180,180,0,True
1733734031,21363843,6439389231873489241621818988,-50201,158,180,180,0,True
1733734043,21363844,6439389231873489241621818988,-50201,158,180,180,0,True
1733734055,21363845,6439389231873489241621818988,-50201,158,180,180,0,True
1733734067,21363846,6439389231873489241621818988,-50201,158,180,180,0,True
1733734079,21363847,6439389231873489241621818988,-50201,158,180,180,0,True
1733734091,21363848,6439389231873489241621818988,-50201,158,180,180,0,True
1733734103,21363849,6439389231873489241621818988,-50201,158,180,180,0,True
1733734115,21363850,6439389231873489241621818988,-50201,158,180,180,0,True
1733734127,21363851,6439389231873489241621818988,-50201,158,180,180,0,True
1733734139,21363852,6439389231873489241621818988,-50201,158,180,180,0,True
1733734151,21363853,6439389231873489241621818988,-50201,158,180,180,0,True
1733734163,21363854,6439389231873489241621818988,-50201,158,180,180,0,True
1733734175,21363855,6439389231873489241621818988,-50201,158,180,180,0,True
1733734187,21363856,6439389231873489241621818988,-50201,158,180,180,0,True
1733734199,21363857,6439389231873489241621818988,-50201,158,180,180,0,True
1733734211,21363858,6439389231873489241621818988,-50201,158,180,180,0,True
1733734223,21363859,6439389231873489241621818988,-50201,158,180,180,0,True
1733734235,21363860,6439389231873489241621818988,-50201,158,180,180,0,True
1733734247,21363861,6439389231873489241621818988,-50201,158,180,180,0,True
1733734259,21363862,6439389231873489241621818988,-50201,158,180,180,0,True
1733734271,21363863,6439389231873489241621818988,-50201,158,180,180,0,True
1733734283,21363864,6438095923428029717061144431,-50205,159,180,180,0,True
1733734295,21363865,6432371889535587161092654943,-50223,160,180,180,0,True
1733734307,21363866,6430620467495310742921947637,-50228,161,180,180,0,True
1733734319,21363867,6430620467495310742921947637,-50228,161,180,180,0,True
1733734331,21363868,6430620467495310742921947637,-50228,161,180,180,0,True
1733734343,21363869,6430620467495310742921947637,-50228,161,180,180,0,True
1733734355,21363870,6430620467495310742921947637,-50228,161,180,180,0,True
1733734367,21363871,6430620467495310742921947637,-50228,161,180,180,0,True
1733734379,21363872,6430620467495310742921947637,-50228,161,180,180,0,True
1733734391,21363873,6430620467495310742921947637,-50228,161,180,180,0,True
1733734403,21363874,6430620467495310742921947637,-50228,161,180,180,0,True
1733734415,21363875,6430620467495310742921947637,-50228,161,180,180,0,True
1733734427,21363876,6425695768519580082457076418,-50244,162,180,180,0,True
1733734439,21363877,6425695768519580082457076418,-50244,162,180,180,0,True
1733734451,21363878,6425695768519580082457076418,-50244,162,180,180,0,True
1733734463,21363879,6424053324163688368602414146,-50249,163,180,180,0,True
1733734475,21363880,6424053324163688368602414146,-50249,163,180,180,0,True
1733734487,21363881,6424053324163688368602414146,-50249,163,180,180,0,True
1733734499,21363882,6424053324163688368602414146,-50249,163,180,180,0,True
1733734511,21363883,6424053324163688368602414146,-50249,163,180,180,0,True
1733734523,21363884,6424053324163688368602414146,-50249,163,180,180,0,True
1733734535,21363885,6424053324163688368602414146,-50249,163,180,180,0,True
1733734547,21363886,6421314581765243614564164127,-50257,164,180,180,0,True
1733734559,21363887,6421314581765243614564164127,-50257,164,180,180,0,True
1733734571,21363888,6421314581765243614564164127,-50257,164,180,180,0,True
1733734583,21363889,6421314581765243614564164127,-50257,164,180,180,0,True
1733734595,21363890,6421314581765243614564164127,-50257,164,180,180,0,True
1733734607,21363891,6421314581765243614564164127,-50257,164,180,180,0,True
1733734619,21363892,6421314581765243614564164127,-50257,164,180,180,0,True
1733734631,21363893,6421314581765243614564164127,-50257,164,180,180,0,True
1733734643,21363894,6421314581765243614564164127,-50257,164,180,180,0,True
1733734655,21363895,6421314581765243614564164127,-50257,164,180,180,0,True
1733734667,21363896,6419939527880569562615829034,-50261,165,180,180,0,True
1733734679,21363897,6419939527880569562615829034,-50261,165,180,180,0,True
1733734691,21363898,6419939527880569562615829034,-50261,165,180,180,0,True
1733734703,21363899,6419939527880569562615829034,-50261,165,180,180,0,True
1733734715,21363900,6419939527880569562615829034,-50261,165,180,180,0,True
1733734727,21363901,6419939527880569562615829034,-50261,165,180,180,0,True
1733734739,21363902,6419939527880569562615829034,-50261,165,180,180,0,True
1733734751,21363903,6419939527880569562615829034,-50261,165,180,180,0,True
1733734763,21363904,6419939527880569562615829034,-50261,165,180,180,0,True
1733734775,21363905,6419939527880569562615829034,-50261,165,180,180,0,True
1733734787,21363906,6419939527880569562615829034,-50261,165,180,180,0,True
1733734799,21363907,6419939527880569562615829034,-50261,165,180,180,0,True
1733734811,21363908,6419939527880569562615829034,-50261,165,180,180,0,True
1733734823,21363909,6419939527880569562615829034,-50261,165,180,180,0,True
1733734835,21363910,6419939527880569562615829034,-50261,165,180,180,0,True
1733734847,21363911,6419939527880569562615829034,-50261,165,180,180,0,True
1733734859,21363912,6419939527880569562615829034,-50261,165,180,180,0,True
1733734871,21363913,6419939527880569562615829034,-50261,165,180,180,0,True
1733734883,21363914,6419939527880569562615829034,-50261,165,180,180,0,True
1733734895,21363915,6419939527880569562615829034,-50261,165,180,180,0,True
1733734907,21363916,6419939527880569562615829034,-50261,165,180,180,0,True
1733734919,21363917,6419939527880569562615829034,-50261,165,180,180,0,True
1733734931,21363918,6419939527880569562615829034,-50261,165,180,180,0,True
1733734943,21363919,6419939527880569562615829034,-50261,165,180,180,0,True
1733734955,21363920,6419939527880569562615829034,-50261,165,180,180,0,True
1733734967,21363921,6419939527880569562615829034,-50261,165,180,180,0,True
1733734979,21363922,6419939527880569562615829034,-50261,165,180,180,0,True
1733734991,21363923,6419939527880569562615829034,-50261,165,180,180,0,True
1733735003,21363924,6419939527880569562615829034,-50261,165,180,180,0,True
1733735015,21363925,6419939527880569562615829034,-50261,165,180,180,0,True
1733735027,21363926,6419939527880569562615829034,-50261,165,180,180,0,True
1733735039,21363927,6423527690016826643229722693,-50250,166,180,180,0,True
1733735051,21363928,6423527690016826643229722693,-50250,166,180,180,0,True
1733735063,21363929,6423527690016826643229722693,-50250,166,180,180,0,True
1733735075,21363930,6423527690016826643229722693,-50250,166,180,180,0,True
1733735087,21363931,6423527690016826643229722693,-50250,166,180,180,0,True
1733735099,21363932,6423527690016826643229722693,-50250,166,180,180,0,True
1733735111,21363933,6423527690016826643229722693,-50250,166,180,180,0,True
1733735123,21363934,6423527690016826643229722693,-50250,166,180,180,0,True
1733735135,21363935,6423527690016826643229722693,-50250,166,180,180,0,True
1733735147,21363936,6423527690016826643229722693,-50250,166,180,180,0,True
1733735159,21363937,6423527690016826643229722693,-50250,166,180,180,0,True
1733735171,21363938,6423527690016826643229722693,-50250,166,180,180,0,True
1733735183,21363939,6423527690016826643229722693,-50250,166,180,180,0,True
1733735195,21363940,6421371452824195776285968309,-50257,167,180,180,0,True
1733735207,21363941,6419962927431592802647510094,-50261,168,180,180,0,True
1733735219,21363942,6419962927431592802647510094,-50261,168,180,180,0,True
1733735231,21363943,6419962927431592802647510094,-50261,168,180,180,0,True
1733735243,21363944,6419962927431592802647510094,-50261,168,180,180,0,True
1733735255,21363945,6419962927431592802647510094,-50261,168,180,180,0,True
1733735267,21363946,6419962927431592802647510094,-50261,168,180,180,0,True
1733735279,21363947,6419962927431592802647510094,-50261,168,180,180,0,True
1733735291,21363948,6419962927431592802647510094,-50261,168,180,180,0,True
1733735303,21363949,6419962927431592802647510094,-50261,168,180,180,0,True
1733735315,21363950,6422315314443229138635557024,-50254,169,180,180,0,True
1733735327,21363951,6422315314443229138635557024,-50254,169,180,180,0,True
1733735339,21363952,6422315314443229138635557024,-50254,169,180,180,0,True
1733735351,21363953,6422315314443229138635557024,-50254,169,180,180,0,True
1733735363,21363954,6422315314443229138635557024,-50254,169,180,180,0,True
1733735375,21363955,6422315314443229138635557024,-50254,169,180,180,0,True
1733735387,21363956,6422315314443229138635557024,-50254,169,180,180,0,True
1733735399,21363957,6422315314443229138635557024,-50254,169,180,180,0,True
1733735411,21363958,6422315314443229138635557024,-50254,169,180,180,0,True
1733735423,21363959,6422315314443229138635557024,-50254,169,180,180,0,True
1733735435,21363960,6422315314443229138635557024,-50254,169,180,180,0,True
1733735447,21363961,6422315314443229138635557024,-50254,169,180,180,0,True
1733735459,21363962,6422315314443229138635557024,-50254,169,180,180,0,True
1733735471,21363963,6422315314443229138635557024,-50254,169,180,180,0,True
1733735483,21363964,6422315314443229138635557024,-50254,169,180,180,0,True
1733735495,21363965,6422315314443229138635557024,-50254,169,180,180,0,True
1733735507,21363966,6422315314443229138635557024,-50254,169,180,180,0,True
1733735519,21363967,6422315314443229138635557024,-50254,169,180,180,0,True
1733735531,21363968,6422315314443229138635557024,-50254,169,180,180,0,True
1733735543,21363969,6422315314443229138635557024,-50254,169,180,180,0,True
1733735555,21363970,6422315314443229138635557024,-50254,169,180,180,0,True
1733735567,21363971,6422315314443229138635557024,-50254,169,180,180,0,True
1733735579,21363972,6422315314443229138635557024,-50254,169,180,180,0,True
1733735591,21363973,6422315314443229138635557024,-50254,169,180,180,0,True
1733735603,21363974,6422315314443229138635557024,-50254,169,180,180,0,True
1733735615,21363975,6422315314443229138635557024,-50254,169,180,180,0,True
1733735627,21363976,6422315314443229138635557024,-50254,169,180,180,0,True
1733735639,21363977,6422315314443229138635557024,-50254,169,180,180,0,True
1733735651,21363978,6422315314443229138635557024,-50254,169,180,180,0,True
1733735663,21363979,6422315314443229138635557024,-50254,169,180,180,0,True
1733735675,21363980,6422315314443229138635557024,-50254,169,180,180,0,True
1733735687,21363981,6422701972837665546139306617,-50253,170,180,180,0,True
1733735699,21363982,6422701972837665546139306617,-50253,170,180,180,0,True
1733735711,21363983,6422701972837665546139306617,-50253,170,180,180,0,True
1733735723,21363984,6422701972837665546139306617,-50253,170,180,180,0,True
1733735735,21363985,6420635821135227578332735764,-50259,171,180,180,0,True
1733735747,21363986,6417358370450725312576190107,-50270,172,180,180,0,True
1733735759,21363987,6415038258976710396487132240,-50277,173,180,180,0,True
1733735771,21363988,6415038258976710396487132240,-50277,173,180,180,0,True
1733735783,21363989,6415038258976710396487132240,-50277,173,180,180,0,True
1733735795,21363990,6415038258976710396487132240,-50277,173,180,180,0,True
1733735807,21363991,6415038258976710396487132240,-50277,173,180,180,0,True
1733735819,21363992,6415038258976710396487132240,-50277,173,180,180,0,True
1733735831,21363993,6415038258976710396487132240,-50277,173,180,180,0,True
1733735843,21363994,6415038258976710396487132240,-50277,173,180,180,0,True
1733735855,21363995,6415038258976710396487132240,-50277,173,180,180,0,True
1733735867,21363996,6415038258976710396487132240,-50277,173,180,180,0,True
1733735879,21363997,6415038258976710396487132240,-50277,173,180,180,0,True
1733735891,21363998,6415052344703716564367761321,-50277,173,180,180,0,True
1733735903,21363999,6415052344703716564367761321,-50277,173,180,180,0,True
1733735915,21364000,6415052344703716564367761321,-50277,173,180,180,0,True
1733735927,21364001,6415052344703716564367761321,-50277,173,180,180,0,True
1733735939,21364002,6415052344703716564367761321,-50277,173,180,180,0,True
1733735951,21364003,6415052344703716564367761321,-50277,173,180,180,0,True
1733735963,21364004,6415052344703716564367761321,-50277,173,180,180,0,True
1733735975,21364005,6413396423611255282127302278,-50282,174,180,180,0,True
1733735987,21364006,6409710868228430908674382302,-50293,175,180,180,0,True
1733735999,21364007,6408670773661237191331548040,-50297,176,180,180,0,True
1733736011,21364008,6406839773946822474344972332,-50302,177,180,180,0,True
1733736023,21364009,6406839773946822474344972332,-50302,177,180,180,0,True
1733736035,21364010,6406839773946822474344972332,-50302,177,180,180,0,True
1733736047,21364011,6406839773946822474344972332,-50302,177,180,180,0,True
1733736059,21364012,6406839773946822474344972332,-50302,177,180,180,0,True
1733736071,21364013,6405338008100630590175721461,-50307,178,180,180,0,True
1733736083,21364014,6403904765826065109464721195,-50311,179,180,180,0,True
1733736095,21364015,6403156459903081622502296944,-50314,0,180,180,0,True
1733736107,21364016,6403156459903081622502296944,-50314,0,180,180,0,True
1733736119,21364017,6402172125190312183295060878,-50317,1,180,180,0,True
1733736131,21364018,6402172125190312183295060878,-50317,1,180,180,0,True
1733736143,21364019,6402172125190312183295060878,-50317,1,180,180,0,True
1733736155,21364020,6402172125190312183295060878,-50317,1,180,180,0,True
1733736167,21364021,6402172125190312183295060878,-50317,1,180,180,0,True
1733736179,21364022,6402172125190312183295060878,-50317,1,180,180,0,True
1733736191,21364023,6402172125190312183295060878,-50317,1,180,180,0,True
1733736203,21364024,6402172125190312183295060878,-50317,1,180,180,0,True
1733736215,21364025,6401214859172357933959605036,-50320,2,180,180,0,True
1733736227,21364026,6401214859172357933959605036,-50320,2,180,180,0,True
1733736239,21364027,6391383548743032906295298260,-50351,3,180,180,0,True
1733736251,21364028,6391383548743032906295298260,-50351,3,180,180,0,True
1733736263,21364029,6391383548743032906295298260,-50351,3,180,180,0,True
1733736275,21364030,6391383548743032906295298260,-50351,3,180,180,0,True
1733736287,21364031,6390722753391038040625012183,-50353,4,180,180,0,True
1733736299,21364032,6390722753391038040625012183,-50353,4,180,180,0,True
1733736311,21364033,6390722753391038040625012183,-50353,4,180,180,0,True
1733736323,21364034,6390722753391038040625012183,-50353,4,180,180,0,True
1733736335,21364035,6390722753391038040625012183,-50353,4,180,180,0,True
1733736347,21364036,6390722753391038040625012183,-50353,4,180,180,0,True
1733736359,21364037,6390722753391038040625012183,-50353,4,180,180,0,True
1733736371,21364038,6390722753391038040625012183,-50353,4,180,180,0,True
1733736383,21364039,6389479591701358087260980048,-50357,5,180,180,0,True
1733736395,21364040,6389995493958771038792538350,-50355,6,180,180,0,True
1733736407,21364041,6389995493958771038792538350,-50355,6,180,180,0,True
1733736419,21364042,6389995493958771038792538350,-50355,6,180,180,0,True
1733736431,21364043,6389995493958771038792538350,-50355,6,180,180,0,True
1733736443,21364044,6389995493958771038792538350,-50355,6,180,180,0,True
1733736455,21364045,6389995493958771038792538350,-50355,6,180,180,0,True
1733736467,21364046,6389995493958771038792538350,-50355,6,180,180,0,True
1733736479,21364047,6389995493958771038792538350,-50355,6,180,180,0,True
1733736491,21364048,6389995493958771038792538350,-50355,6,180,180,0,True
1733736503,21364049,6389995493958771038792538350,-50355,6,180,180,0,True
1733736515,21364050,6389995493958771038792538350,-50355,6,180,180,0,True
1733736527,21364051,6389995493958771038792538350,-50355,6,180,180,0,True
1733736539,21364052,6389995493958771038792538350,-50355,6,180,180,0,True
1733736551,21364053,6389995493958771038792538350,-50355,6,180,180,0,True
1733736563,21364054,6389995493958771038792538350,-50355,6,180,180,0,True
1733736575,21364055,6389995493958771038792538350,-50355,6,180,180,0,True
1733736587,21364056,6389250047474803999751849336,-50357,7,180,180,0,True
1733736599,21364057,6388006138649455509105632170,-50361,8,180,180,0,True
1733736611,21364058,6387876264376895920267903451,-50362,9,180,180,0,True
1733736623,21364059,6387876264376895920267903451,-50362,9,180,180,0,True
1733736635,21364060,6387876264376895920267903451,-50362,9,180,180,0,True
1733736647,21364061,6387876264376895920267903451,-50362,9,180,180,0,True
1733736659,21364062,6387876264376895920267903451,-50362,9,180,180,0,True
1733736671,21364063,6387876264376895920267903451,-50362,9,180,180,0,True
1733736683,21364064,6387876264376895920267903451,-50362,9,180,180,0,True
1733736695,21364065,6387876264376895920267903451,-50362,9,180,180,0,True
1733736707,21364066,6387876264376895920267903451,-50362,9,180,180,0,True
1733736719,21364067,6387876264376895920267903451,-50362,9,180,180,0,True
1733736731,21364068,6387876264376895920267903451,-50362,9,180,180,0,True
1733736743,21364069,6387876264376895920267903451,-50362,9,180,180,0,True
1733736755,21364070,6390102716284041068015099331,-50355,10,180,180,0,True
1733736767,21364071,6390102716284041068015099331,-50355,10,180,180,0,True
1733736779,21364072,6392642618163565749008097089,-50347,11,180,180,0,True
1733736791,21364073,6392642618163565749008097089,-50347,11,180,180,0,True
1733736803,21364074,6392642618163565749008097089,-50347,11,180,180,0,True
1733736815,21364075,6392642618163565749008097089,-50347,11,180,180,0,True
1733736827,21364076,6392642618163565749008097089,-50347,11,180,180,0,True
1733736839,21364077,6392642618163565749008097089,-50347,11,180,180,0,True
1733736851,21364078,6392642618163565749008097089,-50347,11,180,180,0,True
1733736863,21364079,6392642618163565749008097089,-50347,11,180,180,0,True
1733736875,21364080,6392642618163565749008097089,-50347,11,180,180,0,True
1733736887,21364081,6392642618163565749008097089,-50347,11,180,180,0,True
1733736899,21364082,6392642618163565749008097089,-50347,11,180,180,0,True
1733736911,21364083,6392642618163565749008097089,-50347,11,180,180,0,True
1733736923,21364084,6392642618163565749008097089,-50347,11,180,180,0,True
1733736935,21364085,6392642618163565749008097089,-50347,11,180,180,0,True
1733736947,21364086,6391620681716496227110938545,-50350,12,180,180,0,True
1733736959,21364087,6390601588366850952909729296,-50353,13,180,180,0,True
1733736971,21364088,6390601588366850952909729296,-50353,13,180,180,0,True
1733736983,21364089,6389355747746298806499626675,-50357,14,180,180,0,True
1733736995,21364090,6385228507862419629633031386,-50370,15,180,180,0,True
1733737007,21364091,6382900931223676487026503507,-50377,16,180,180,0,True
1733737019,21364092,6382900931223676487026503507,-50377,16,180,180,0,True
1733737031,21364093,6382900931223676487026503507,-50377,16,180,180,0,True
1733737043,21364094,6382900931223676487026503507,-50377,16,180,180,0,True
1733737055,21364095,6382900931223676487026503507,-50377,16,180,180,0,True
1733737067,21364096,6382900931223676487026503507,-50377,16,180,180,0,True
1733737079,21364097,6381657045117915540205428039,-50381,17,180,180,0,True
1733737091,21364098,6381657045117915540205428039,-50381,17,180,180,0,True
1733737103,21364099,6381657045117915540205428039,-50381,17,180,180,0,True
1733737115,21364100,6381657045117915540205428039,-50381,17,180,180,0,True
1733737127,21364101,6381657045117915540205428039,-50381,17,180,180,0,True
1733737139,21364102,6381657045117915540205428039,-50381,17,180,180,0,True
1733737151,21364103,6381657045117915540205428039,-50381,17,180,180,0,True
1733737163,21364104,6381657045117915540205428039,-50381,17,180,180,0,True
1733737175,21364105,6381657045117915540205428039,-50381,17,180,180,0,True
1733737187,21364106,6381657045117915540205428039,-50381,17,180,180,0,True
1733737199,21364107,6381657045117915540205428039,-50381,17,180,180,0,True
1733737211,21364108,6381657045117915540205428039,-50381,17,180,180,0,True
1733737223,21364109,6381657045117915540205428039,-50381,17,180,180,0,True
1733737235,21364110,6381657045117915540205428039,-50381,17,180,180,0,True
1733737247,21364111,6381657045117915540205428039,-50381,17,180,180,0,True
1733737259,21364112,6381657045117915540205428039,-50381,17,180,180,0,True
1733737271,21364113,6381657045117915540205428039,-50381,17,180,180,0,True
1733737283,21364114,6384136345887374336056154233,-50373,18,180,180,0,True
1733737295,21364115,6384136345887374336056154233,-50373,18,180,180,0,True
1733737307,21364116,6389391322329857910376790020,-50357,19,180,180,0,True
1733737319,21364117,6393195791007523102762231399,-50345,20,180,180,0,True
1733737331,21364118,6393195791007523102762231399,-50345,20,180,180,0,True
1733737343,21364119,6393195791007523102762231399,-50345,20,180,180,0,True
1733737355,21364120,6393195791007523102762231399,-50345,20,180,180,0,True
1733737367,21364121,6393195791007523102762231399,-50345,20,180,180,0,True
1733737379,21364122,6393195791007523102762231399,-50345,20,180,180,0,True
1733737391,21364123,6393195791007523102762231399,-50345,20,180,180,0,True
1733737403,21364124,6393195791007523102762231399,-50345,20,180,180,0,True
1733737415,21364125,6393195791007523102762231399,-50345,20,180,180,0,True
1733737427,21364126,6393195791007523102762231399,-50345,20,180,180,0,True
1733737439,21364127,6393195791007523102762231399,-50345,20,180,180,0,True
1733737451,21364128,6393195791007523102762231399,-50345,20,180,180,0,True
1733737463,21364129,6393195791007523102762231399,-50345,20,180,180,0,True
1733737475,21364130,6393195791007523102762231399,-50345,20,180,180,0,True
1733737487,21364131,6393195791007523102762231399,-50345,20,180,180,0,True
1733737499,21364132,6396669057621696750014169088,-50334,21,180,180,0,True
1733737511,21364133,6398713132979418869588078723,-50328,22,180,180,0,True
1733737523,21364134,6399625521849244319334616636,-50325,23,180,180,0,True
1733737535,21364135,6402208701949267694225347005,-50317,24,180,180,0,True
1733737547,21364136,6403198234178600417260340131,-50314,25,180,180,0,True
1733737559,21364137,6409853243252319319889018880,-50293,26,180,180,0,True
1733737571,21364138,6409853243252319319889018880,-50293,26,180,180,0,True
1733737583,21364139,6409853243252319319889018880,-50293,26,180,180,0,True
1733737595,21364140,6409853243252319319889018880,-50293,26,180,180,0,True
1733737607,21364141,6409853243252319319889018880,-50293,26,180,180,0,True
1733737619,21364142,6409311186347668698572788706,-50295,27,180,180,0,True
1733737631,21364143,6409311186347668698572788706,-50295,27,180,180,0,True
1733737643,21364144,6409311186347668698572788706,-50295,27,180,180,0,True
1733737655,21364145,6409311186347668698572788706,-50295,27,180,180,0,True
1733737667,21364146,6409311186347668698572788706,-50295,27,180,180,0,True
1733737679,21364147,6407008098611209974679468325,-50302,28,180,180,0,True
1733737691,21364148,6407008098611209974679468325,-50302,28,180,180,0,True
1733737703,21364149,6407008098611209974679468325,-50302,28,180,180,0,True
1733737715,21364150,6407008098611209974679468325,-50302,28,180,180,0,True
1733737727,21364151,6407008098611209974679468325,-50302,28,180,180,0,True
1733737739,21364152,6407008098611209974679468325,-50302,28,180,180,0,True
1733737751,21364153,6407008098611209974679468325,-50302,28,180,180,0,True
1733737763,21364154,6407008098611209974679468325,-50302,28,180,180,0,True
1733737775,21364155,6407008098611209974679468325,-50302,28,180,180,0,True
1733737787,21364156,6407008098611209974679468325,-50302,28,180,180,0,True
1733737799,21364157,6407008098611209974679468325,-50302,28,180,180,0,True
1733737811,21364158,6407008098611209974679468325,-50302,28,180,180,0,True
1733737823,21364159,6407008098611209974679468325,-50302,28,180,180,0,True
1733737835,21364160,6407008098611209974679468325,-50302,28,180,180,0,True
1733737847,21364161,6406942758548555801879228229,-50302,28,180,180,0,True
1733737859,21364162,6406942758548555801879228229,-50302,28,180,180,0,True
1733737871,21364163,6406942758548555801879228229,-50302,28,180,180,0,True
1733737883,21364164,6406942758548555801879228229,-50302,28,180,180,0,True
1733737895,21364165,6406942758548555801879228229,-50302,28,180,180,0,True
1733737907,21364166,6406942758548555801879228229,-50302,28,180,180,0,True
1733737919,21364167,6406942758548555801879228229,-50302,28,180,180,0,True
1733737931,21364168,6406942758548555801879228229,-50302,28,180,180,0,True
1733737943,21364169,6406942758548555801879228229,-50302,28,180,180,0,True
1733737955,21364170,6406942758548555801879228229,-50302,28,180,180,0,True
1733737967,21364171,6406942758548555801879228229,-50302,28,180,180,0,True
1733737979,21364172,6406942758548555801879228229,-50302,28,180,180,0,True
1733737991,21364173,6406942758548555801879228229,-50302,28,180,180,0,True
1733738003,21364174,6406942758548555801879228229,-50302,28,180,180,0,True
1733738015,21364175,6405862072622670272872414288,-50305,29,180,180,0,True
1733738027,21364176,6402430744073528191809331505,-50316,30,180,180,0,True
1733738039,21364177,6402430744073528191809331505,-50316,30,180,180,0,True
1733738051,21364178,6402430744073528191809331505,-50316,30,180,180,0,True
1733738063,21364179,6402430744073528191809331505,-50316,30,180,180,0,True
1733738075,21364180,6402430744073528191809331505,-50316,30,180,180,0,True
1733738087,21364181,6402430744073528191809331505,-50316,30,180,180,0,True
1733738099,21364182,6402430744073528191809331505,-50316,30,180,180,0,True
1733738111,21364183,6398929027324880546353380858,-50327,31,180,180,0,True
1733738123,21364184,6398929027324880546353380858,-50327,31,180,180,0,True
1733738135,21364185,6397744451162099292404486375,-50331,32,180,180,0,True
1733738147,21364186,6397744451162099292404486375,-50331,32,180,180,0,True
1733738159,21364187,6397744451162099292404486375,-50331,32,180,180,0,True
1733738171,21364188,6397744451162099292404486375,-50331,32,180,180,0,True
1733738183,21364189,6397744451162099292404486375,-50331,32,180,180,0,True
1733738195,21364190,6397744451162099292404486375,-50331,32,180,180,0,True
1733738207,21364191,6397744451162099292404486375,-50331,32,180,180,0,True
1733738219,21364192,6397744451162099292404486375,-50331,32,180,180,0,True
1733738231,21364193,6397744451162099292404486375,-50331,32,180,180,0,True
1733738243,21364194,6397744451162099292404486375,-50331,32,180,180,0,True
1733738255,21364195,6397744451162099292404486375,-50331,32,180,180,0,True
1733738267,21364196,6397744451162099292404486375,-50331,32,180,180,0,True
1733738279,21364197,6397744451162099292404486375,-50331,32,180,180,0,True
1733738291,21364198,6397744451162099292404486375,-50331,32,180,180,0,True
1733738303,21364199,6397744451162099292404486375,-50331,32,180,180,0,True
1733738315,21364200,6397744451162099292404486375,-50331,32,180,180,0,True
1733738327,21364201,6397744451162099292404486375,-50331,32,180,180,0,True
1733738339,21364202,6397744451162099292404486375,-50331,32,180,180,0,True
1733738351,21364203,6397744451162099292404486375,-50331,32,180,180,0,True
1733738363,21364204,6397744451162099292404486375,-50331,32,180,180,0,True
1733738375,21364205,6397744451162099292404486375,-50331,32,180,180,0,True
1733738387,21364206,6397744451162099292404486375,-50331,32,180,180,0,True
1733738399,21364207,6397744451162099292404486375,-50331,32,180,180,0,True
1733738411,21364208,6397744451162099292404486375,-50331,32,180,180,0,True
1733738423,21364209,6397744451162099292404486375,-50331,32,180,180,0,True
1733738435,21364210,6397744451162099292404486375,-50331,32,180,180,0,True
1733738447,21364211,6397744451162099292404486375,-50331,32,180,180,0,True
1733738459,21364212,6397744451162099292404486375,-50331,32,180,180,0,True
1733738471,21364213,6397744451162099292404486375,-50331,32,180,180,0,True
1733738483,21364214,6397744451162099292404486375,-50331,32,180,180,0,True
1733738495,21364215,6397744451162099292404486375,-50331,32,180,180,0,True
1733738507,21364216,6397744451162099292404486375,-50331,32,180,180,0,True
1733738519,21364217,6397744451162099292404486375,-50331,32,180,180,0,True
1733738531,21364218,6397744451162099292404486375,-50331,32,180,180,0,True
1733738543,21364219,6397744451162099292404486375,-50331,32,180,180,0,True
1733738555,21364220,6397744451162099292404486375,-50331,32,180,180,0,True
1733738567,21364221,6397744451162099292404486375,-50331,32,180,180,0,True
1733738579,21364222,6397744451162099292404486375,-50331,32,180,180,0,True
1733738591,21364223,6397744451162099292404486375,-50331,32,180,180,0,True
1733738603,21364224,6401457460055814268850029743,-50319,33,180,180,0,True
1733738615,21364225,6401457460055814268850029743,-50319,33,180,180,0,True
1733738627,21364226,6401457460055814268850029743,-50319,33,180,180,0,True
1733738639,21364227,6401457460055814268850029743,-50319,33,180,180,0,True
1733738651,21364228,6401466292318561454796821315,-50319,33,180,180,0,True
1733738663,21364229,6401466292318561454796821315,-50319,33,180,180,0,True
1733738675,21364230,6403936216156849125749424128,-50311,34,180,180,0,True
1733738687,21364231,6403936216156849125749424128,-50311,34,180,180,0,True
1733738699,21364232,6403936216156849125749424128,-50311,34,180,180,0,True
1733738711,21364233,6403936216156849125749424128,-50311,34,180,180,0,True
1733738723,21364234,6403936216156849125749424128,-50311,34,180,180,0,True
1733738735,21364235,6403936216156849125749424128,-50311,34,180,180,0,True
1733738747,21364236,6403936216156849125749424128,-50311,34,180,180,0,True
1733738759,21364237,6403936216156849125749424128,-50311,34,180,180,0,True
1733738771,21364238,6403936216156849125749424128,-50311,34,180,180,0,True
1733738783,21364239,6403936216156849125749424128,-50311,34,180,180,0,True
1733738795,21364240,6403936216156849125749424128,-50311,34,180,180,0,True
1733738807,21364241,6403936216156849125749424128,-50311,34,180,180,0,True
1733738819,21364242,6403936216156849125749424128,-50311,34,180,180,0,True
1733738831,21364243,6403936216156849125749424128,-50311,34,180,180,0,True
1733738843,21364244,6403936216156849125749424128,-50311,34,180,180,0,True
1733738855,21364245,6405831808531272272750665921,-50305,35,180,180,0,True
1733738867,21364246,6405831808531272272750665921,-50305,35,180,180,0,True
1733738879,21364247,6405831808531272272750665921,-50305,35,180,180,0,True
1733738891,21364248,6405831808531272272750665921,-50305,35,180,180,0,True
1733738903,21364249,6411413567202873025818001408,-50288,36,180,180,0,True
1733738915,21364250,6411413567202873025818001408,-50288,36,180,180,0,True
1733738927,21364251,6413326138683781614486615840,-50282,37,180,180,0,True
1733738939,21364252,6413326138683781614486615840,-50282,37,180,180,0,True
1733738951,21364253,6413326138683781614486615840,-50282,37,180,180,0,True
1733738963,21364254,6413326138683781614486615840,-50282,37,180,180,0,True
1733738975,21364255,6413326138683781614486615840,-50282,37,180,180,0,True
1733738987,21364256,6414794143574332220038662434,-50278,38,180,180,0,True
1733738999,21364257,6414794143574332220038662434,-50278,38,180,180,0,True
1733739011,21364258,6416998048979882184961103562,-50271,39,180,180,0,True
1733739023,21364259,6416292158888281504007496029,-50273,40,180,180,0,True
1733739035,21364260,6416292158888281504007496029,-50273,40,180,180,0,True
1733739047,21364261,6418430736798190577619603310,-50266,41,180,180,0,True
1733739059,21364262,6418430736798190577619603310,-50266,41,180,180,0,True
1733739071,21364263,6418430736798190577619603310,-50266,41,180,180,0,True
1733739083,21364264,6418430736798190577619603310,-50266,41,180,180,0,True
1733739095,21364265,6418430736798190577619603310,-50266,41,180,180,0,True
1733739107,21364266,6418430736798190577619603310,-50266,41,180,180,0,True
1733739119,21364267,6418430736798190577619603310,-50266,41,180,180,0,True
1733739131,21364268,6418430736798190577619603310,-50266,41,180,180,0,True
1733739143,21364269,6418430736798190577619603310,-50266,41,180,180,0,True
1733739155,21364270,6418430736798190577619603310,-50266,41,180,180,0,True
1733739167,21364271,6418430736798190577619603310,-50266,41,180,180,0,True
1733739179,21364272,6418430736798190577619603310,-50266,41,180,180,0,True
1733739191,21364273,6418430736798190577619603310,-50266,41,180,180,0,True
1733739203,21364274,6418430736798190577619603310,-50266,41,180,180,0,True
1733739215,21364275,6418430736798190577619603310,-50266,41,180,180,0,True
1733739227,21364276,6418430736798190577619603310,-50266,41,180,180,0,True
1733739239,21364277,6418430736798190577619603310,-50266,41,180,180,0,True
1733739251,21364278,6418430736798190577619603310,-50266,41,180,180,0,True
1733739263,21364279,6418430736798190577619603310,-50266,41,180,180,0,True
1733739275,21364280,6418430736798190577619603310,-50266,41,180,180,0,True
1733739287,21364281,6418430736798190577619603310,-50266,41,180,180,0,True
1733739299,21364282,6418430736798190577619603310,-50266,41,180,180,0,True
1733739311,21364283,6418430736798190577619603310,-50266,41,180,180,0,True
1733739323,21364284,6418430736798190577619603310,-50266,41,180,180,0,True
1733739335,21364285,6418430736798190577619603310,-50266,41,180,180,0,True
1733739347,21364286,6418430736798190577619603310,-50266,41,180,180,0,True
1733739359,21364287,6418430736798190577619603310,-50266,41,180,180,0,True
1733739371,21364288,6418430736798190577619603310,-50266,41,180,180,0,True
1733739383,21364289,6414279657305933300319224006,-50279,42,180,180,0,True
1733739395,21364290,6414279657305933300319224006,-50279,42,180,180,0,True
1733739407,21364291,6414279657305933300319224006,-50279,42,180,180,0,True
1733739419,21364292,6414279657305933300319224006,-50279,42,180,180,0,True
1733739431,21364293,6414279657305933300319224006,-50279,42,180,180,0,True
1733739443,21364294,6411550365617362374934658169,-50288,43,180,180,0,True
1733739455,21364295,6411550365617362374934658169,-50288,43,180,180,0,True
1733739467,21364296,6411550365617362374934658169,-50288,43,180,180,0,True
1733739479,21364297,6411550365617362374934658169,-50288,43,180,180,0,True
1733739491,21364298,6411550365617362374934658169,-50288,43,180,180,0,True
1733739503,21364299,6411550365617362374934658169,-50288,43,180,180,0,True
1733739515,21364300,6411550365617362374934658169,-50288,43,180,180,0,True
1733739527,21364301,6411550365617362374934658169,-50288,43,180,180,0,True
1733739539,21364302,6411550365617362374934658169,-50288,43,180,180,0,True
1733739551,21364303,6411550365617362374934658169,-50288,43,180,180,0,True
1733739563,21364304,6411550365617362374934658169,-50288,43,180,180,0,True
1733739575,21364305,6411550365617362374934658169,-50288,43,180,180,0,True
1733739587,21364306,6409820355504233859873216114,-50293,44,180,180,0,True
1733739599,21364307,6408600191219210379305135065,-50297,45,180,180,0,True
1733739611,21364308,6407356799671236572189871872,-50301,46,180,180,0,True
1733739623,21364309,6407356799671236572189871872,-50301,46,180,180,0,True
1733739635,21364310,6407356799671236572189871872,-50301,46,180,180,0,True
1733739647,21364311,6407356799671236572189871872,-50301,46,180,180,0,True
1733739659,21364312,6407356799671236572189871872,-50301,46,180,180,0,True
1733739671,21364313,6406309769729245863123882527,-50304,47,180,180,0,True
1733739683,21364314,6403934664217787525364711022,-50311,48,180,180,0,True
1733739695,21364315,6403934664217787525364711022,-50311,48,180,180,0,True
1733739707,21364316,6403934664217787525364711022,-50311,48,180,180,0,True
1733739719,21364317,6403934664217787525364711022,-50311,48,180,180,0,True
1733739731,21364318,6403934664217787525364711022,-50311,48,180,180,0,True
1733739743,21364319,6401594465711467481953992559,-50319,49,180,180,0,True
1733739755,21364320,6401594465711467481953992559,-50319,49,180,180,0,True
1733739767,21364321,6399094061853637672282755502,-50327,50,180,180,0,True
1733739779,21364322,6399094061853637672282755502,-50327,50,180,180,0,True
1733739791,21364323,6398026156047035476786244355,-50330,51,180,180,0,True
1733739803,21364324,6398026156047035476786244355,-50330,51,180,180,0,True
1733739815,21364325,6398026156047035476786244355,-50330,51,180,180,0,True
1733739827,21364326,6398026156047035476786244355,-50330,51,180,180,0,True
1733739839,21364327,6396943698013389553798336341,-50333,52,180,180,0,True
1733739851,21364328,6395837210839649386169345047,-50337,53,180,180,0,True
1733739863,21364329,6395837210839649386169345047,-50337,53,180,180,0,True
1733739875,21364330,6395837210839649386169345047,-50337,53,180,180,0,True
1733739887,21364331,6395837210839649386169345047,-50337,53,180,180,0,True
1733739899,21364332,6394624173666555422967968311,-50340,54,180,180,0,True
1733739911,21364333,6394624173666555422967968311,-50340,54,180,180,0,True
1733739923,21364334,6394624173666555422967968311,-50340,54,180,180,0,True
1733739935,21364335,6394624173666555422967968311,-50340,54,180,180,0,True
1733739947,21364336,6394624173666555422967968311,-50340,54,180,180,0,True
1733739959,21364337,6394624173666555422967968311,-50340,54,180,180,0,True
1733739971,21364338,6394624173666555422967968311,-50340,54,180,180,0,True
1733739983,21364339,6394624173666555422967968311,-50340,54,180,180,0,True
1733739995,21364340,6394624173666555422967968311,-50340,54,180,180,0,True
1733740007,21364341,6394624173666555422967968311,-50340,54,180,180,0,True
1733740019,21364342,6394624173666555422967968311,-50340,54,180,180,0,True
1733740031,21364343,6394624173666555422967968311,-50340,54,180,180,0,True
1733740043,21364344,6394624173666555422967968311,-50340,54,180,180,0,True
1733740055,21364345,6393255759431655832892366003,-50345,55,180,180,0,True
1733740067,21364346,6393255759431655832892366003,-50345,55,180,180,0,True
1733740079,21364347,6393255759431655832892366003,-50345,55,180,180,0,True
1733740091,21364348,6393255759431655832892366003,-50345,55,180,180,0,True
1733740103,21364349,6393255759431655832892366003,-50345,55,180,180,0,True
1733740115,21364350,6393255759431655832892366003,-50345,55,180,180,0,True
1733740127,21364351,6393255759431655832892366003,-50345,55,180,180,0,True
1733740139,21364352,6393255759431655832892366003,-50345,55,180,180,0,True
1733740151,21364353,6393255759431655832892366003,-50345,55,180,180,0,True
1733740163,21364354,6393255759431655832892366003,-50345,55,180,180,0,True
1733740175,21364355,6393197055931683748245046215,-50345,55,180,180,0,True
1733740187,21364356,6393197055931683748245046215,-50345,55,180,180,0,True
1733740199,21364357,6393197055931683748245046215,-50345,55,180,180,0,True
1733740211,21364358,6393197055931683748245046215,-50345,55,180,180,0,True
1733740223,21364359,6393197055931683748245046215,-50345,55,180,180,0,True
1733740235,21364360,6393197055931683748245046215,-50345,55,180,180,0,True
1733740247,21364361,6393197055931683748245046215,-50345,55,180,180,0,True
1733740259,21364362,6393197055931683748245046215,-50345,55,180,180,0,True
1733740271,21364363,6393197055931683748245046215,-50345,55,180,180,0,True
1733740283,21364364,6393197055931683748245046215,-50345,55,180,180,0,True
1733740295,21364365,6393197055931683748245046215,-50345,55,180,180,0,True
1733740307,21364366,6393197055931683748245046215,-50345,55,180,180,0,True
1733740319,21364367,6393197055931683748245046215,-50345,55,180,180,0,True
1733740331,21364368,6393197055931683748245046215,-50345,55,180,180,0,True
1733740343,21364369,6393197055931683748245046215,-50345,55,180,180,0,True
1733740355,21364370,6393197055931683748245046215,-50345,55,180,180,0,True
1733740367,21364371,6393197055931683748245046215,-50345,55,180,180,0,True
1733740379,21364372,6393197055931683748245046215,-50345,55,180,180,0,True
1733740391,21364373,6393197055931683748245046215,-50345,55,180,180,0,True
1733740403,21364374,6393197055931683748245046215,-50345,55,180,180,0,True
1733740415,21364375,6393197055931683748245046215,-50345,55,180,180,0,True
1733740427,21364376,6393197055931683748245046215,-50345,55,180,180,0,True
1733740439,21364377,6393197055931683748245046215,-50345,55,180,180,0,True
1733740451,21364378,6393197055931683748245046215,-50345,55,180,180,0,True
1733740463,21364379,6393197055931683748245046215,-50345,55,180,180,0,True
1733740475,21364380,6393197055931683748245046215,-50345,55,180,180,0,True
1733740487,21364381,6393197055931683748245046215,-50345,55,180,180,0,True
1733740499,21364382,6393197055931683748245046215,-50345,55,180,180,0,True
1733740511,21364383,6393197055931683748245046215,-50345,55,180,180,0,True
1733740523,21364384,6393197055931683748245046215,-50345,55,180,180,0,True
1733740535,21364385,6393197055931683748245046215,-50345,55,180,180,0,True
1733740547,21364386,6393197055931683748245046215,-50345,55,180,180,0,True
1733740559,21364387,6393197055931683748245046215,-50345,55,180,180,0,True
1733740571,21364388,6393197055931683748245046215,-50345,55,180,180,0,True
1733740583,21364389,6393197055931683748245046215,-50345,55,180,180,0,True
1733740595,21364390,6393197055931683748245046215,-50345,55,180,180,0,True
1733740607,21364391,6393197055931683748245046215,-50345,55,180,180,0,True
1733740619,21364392,6393197055931683748245046215,-50345,55,180,180,0,True
1733740631,21364393,6393197055931683748245046215,-50345,55,180,180,0,True
1733740643,21364394,6393197055931683748245046215,-50345,55,180,180,0,True
1733740655,21364395,6393197055931683748245046215,-50345,55,180,180,0,True
1733740667,21364396,6393197055931683748245046215,-50345,55,180,180,0,True
1733740679,21364397,6393197055931683748245046215,-50345,55,180,180,0,True
1733740691,21364398,6393197055931683748245046215,-50345,55,180,180,0,True
1733740703,21364399,6393197055931683748245046215,-50345,55,180,180,0,True
1733740715,21364400,6393197055931683748245046215,-50345,55,180,180,0,True
1733740727,21364401,6393197055931683748245046215,-50345,55,180,180,0,True
1733740739,21364402,6393197055931683748245046215,-50345,55,180,180,0,True
1733740751,21364403,6393197055931683748245046215,-50345,55,180,180,0,True
1733740763,21364404,6393197055931683748245046215,-50345,55,180,180,0,True
1733740775,21364405,6393197055931683748245046215,-50345,55,180,180,0,True
1733740787,21364406,6393197055931683748245046215,-50345,55,180,180,0,True
1733740799,21364407,6393197055931683748245046215,-50345,55,180,180,0,True
1733740811,21364408,6393197055931683748245046215,-50345,55,180,180,0,True
1733740823,21364409,6393197055931683748245046215,-50345,55,180,180,0,True
1733740835,21364410,6393197055931683748245046215,-50345,55,180,180,0,True
1733740847,21364411,6393197055931683748245046215,-50345,55,180,180,0,True
1733740859,21364412,6393197055931683748245046215,-50345,55,180,180,0,True
1733740871,21364413,6393197055931683748245046215,-50345,55,180,180,0,True
1733740883,21364414,6393197055931683748245046215,-50345,55,180,180,0,True
1733740895,21364415,6393197055931683748245046215,-50345,55,180,180,0,True
1733740907,21364416,6393197055931683748245046215,-50345,55,180,180,0,True
1733740919,21364417,6393197055931683748245046215,-50345,55,180,180,0,True
1733740931,21364418,6393197055931683748245046215,-50345,55,180,180,0,True
1733740943,21364419,6393197055931683748245046215,-50345,55,180,180,0,True
1733740955,21364420,6393197055931683748245046215,-50345,55,180,180,0,True
1733740967,21364421,6393197055931683748245046215,-50345,55,180,180,0,True
1733740979,21364422,6393197055931683748245046215,-50345,55,180,180,0,True
1733740991,21364423,6393197055931683748245046215,-50345,55,180,180,0,True
1733741003,21364424,6389584484306896474928507420,-50356,56,180,180,0,True
1733741015,21364425,6389584484306896474928507420,-50356,56,180,180,0,True
1733741027,21364426,6389584484306896474928507420,-50356,56,180,180,0,True
1733741039,21364427,6389584484306896474928507420,-50356,56,180,180,0,True
1733741051,21364428,6389584484306896474928507420,-50356,56,180,180,0,True
1733741063,21364429,6389584484306896474928507420,-50356,56,180,180,0,True
1733741075,21364430,6389584484306896474928507420,-50356,56,180,180,0,True
1733741087,21364431,6389584484306896474928507420,-50356,56,180,180,0,True
1733741099,21364432,6389584484306896474928507420,-50356,56,180,180,0,True
1733741123,21364433,6389584484306896474928507420,-50356,56,180,180,0,True
1733741135,21364434,6389584484306896474928507420,-50356,56,180,180,0,True
1733741147,21364435,6389584484306896474928507420,-50356,56,180,180,0,True
1733741159,21364436,6389584484306896474928507420,-50356,56,180,180,0,True
1733741171,21364437,6389584484306896474928507420,-50356,56,180,180,0,True
1733741183,21364438,6386479105668422094934768932,-50366,57,180,180,0,True
1733741195,21364439,6386207757894349471894636983,-50367,58,180,180,0,True
1733741207,21364440,6386207757894349471894636983,-50367,58,180,180,0,True
1733741219,21364441,6382319842845942837504114688,-50379,59,180,180,0,True
1733741231,21364442,6382319842845942837504114688,-50379,59,180,180,0,True
1733741243,21364443,6382319842845942837504114688,-50379,59,180,180,0,True
1733741255,21364444,6382319842845942837504114688,-50379,59,180,180,0,True
1733741267,21364445,6382319842845942837504114688,-50379,59,180,180,0,True
1733741279,21364446,6382319842845942837504114688,-50379,59,180,180,0,True
1733741291,21364447,6382319842845942837504114688,-50379,59,180,180,0,True
1733741303,21364448,6382319842845942837504114688,-50379,59,180,180,0,True
1733741315,21364449,6382319842845942837504114688,-50379,59,180,180,0,True
1733741327,21364450,6382319842845942837504114688,-50379,59,180,180,0,True
1733741339,21364451,6382319842845942837504114688,-50379,59,180,180,0,True
1733741351,21364452,6382319842845942837504114688,-50379,59,180,180,0,True
1733741363,21364453,6382319842845942837504114688,-50379,59,180,180,0,True
1733741375,21364454,6382319842845942837504114688,-50379,59,180,180,0,True
1733741387,21364455,6382319842845942837504114688,-50379,59,180,180,0,True
1733741399,21364456,6382319842845942837504114688,-50379,59,180,180,0,True
1733741411,21364457,6382319842845942837504114688,-50379,59,180,180,0,True
1733741423,21364458,6382319842845942837504114688,-50379,59,180,180,0,True
1733741435,21364459,6382319842845942837504114688,-50379,59,180,180,0,True
1733741447,21364460,6382319842845942837504114688,-50379,59,180,180,0,True
1733741459,21364461,6382319842845942837504114688,-50379,59,180,180,0,True
1733741471,21364462,6382319842845942837504114688,-50379,59,180,180,0,True
1733741483,21364463,6382319842845942837504114688,-50379,59,180,180,0,True
1733741495,21364464,6382319842845942837504114688,-50379,59,180,180,0,True
1733741507,21364465,6382319842845942837504114688,-50379,59,180,180,0,True
1733741519,21364466,6382319842845942837504114688,-50379,59,180,180,0,True
1733741531,21364467,6382319842845942837504114688,-50379,59,180,180,0,True
1733741543,21364468,6382319842845942837504114688,-50379,59,180,180,0,True
1733741555,21364469,6382319842845942837504114688,-50379,59,180,180,0,True
1733741567,21364470,6384964527326177382434506193,-50371,60,180,180,0,True
1733741579,21364471,6384964527326177382434506193,-50371,60,180,180,0,True
1733741591,21364472,6384964527326177382434506193,-50371,60,180,180,0,True
1733741603,21364473,6384964527326177382434506193,-50371,60,180,180,0,True
1733741615,21364474,6384964527326177382434506193,-50371,60,180,180,0,True
1733741627,21364475,6385937485606696724513892271,-50368,61,180,180,0,True
1733741639,21364476,6385937485606696724513892271,-50368,61,180,180,0,True
1733741651,21364477,6385937485606696724513892271,-50368,61,180,180,0,True
1733741663,21364478,6385937485606696724513892271,-50368,61,180,180,0,True
1733741675,21364479,6385937485606696724513892271,-50368,61,180,180,0,True
1733741687,21364480,6385937485606696724513892271,-50368,61,180,180,0,True
1733741699,21364481,6385937485606696724513892271,-50368,61,180,180,0,True
1733741711,21364482,6385937485606696724513892271,-50368,61,180,180,0,True
1733741723,21364483,6385937485606696724513892271,-50368,61,180,180,0,True
1733741735,21364484,6385937485606696724513892271,-50368,61,180,180,0,True
1733741747,21364485,6385937485606696724513892271,-50368,61,180,180,0,True
1733741759,21364486,6385937485606696724513892271,-50368,61,180,180,0,True
1733741771,21364487,6385937485606696724513892271,-50368,61,180,180,0,True
1733741783,21364488,6385937485606696724513892271,-50368,61,180,180,0,True
1733741807,21364489,6385937485606696724513892271,-50368,61,180,180,0,True
1733741819,21364490,6385937485606696724513892271,-50368,61,180,180,0,True
1733741831,21364491,6385937485606696724513892271,-50368,61,180,180,0,True
1733741843,21364492,6385937485606696724513892271,-50368,61,180,180,0,True
1733741855,21364493,6385937485606696724513892271,-50368,61,180,180,0,True
1733741867,21364494,6385937485606696724513892271,-50368,61,180,180,0,True
1733741879,21364495,6385937485606696724513892271,-50368,61,180,180,0,True
1733741891,21364496,6385937485606696724513892271,-50368,61,180,180,0,True
1733741903,21364497,6385937485606696724513892271,-50368,61,180,180,0,True
1733741915,21364498,6385937485606696724513892271,-50368,61,180,180,0,True
1733741927,21364499,6386262899319319248785813033,-50367,62,180,180,0,True
1733741939,21364500,6386262899319319248785813033,-50367,62,180,180,0,True
1733741951,21364501,6386262899319319248785813033,-50367,62,180,180,0,True
1733741963,21364502,6386262899319319248785813033,-50367,62,180,180,0,True
1733741975,21364503,6386262899319319248785813033,-50367,62,180,180,0,True
1733741987,21364504,6386262899319319248785813033,-50367,62,180,180,0,True
1733741999,21364505,6386262899319319248785813033,-50367,62,180,180,0,True
1733742011,21364506,6386262899319319248785813033,-50367,62,180,180,0,True
1733742023,21364507,6386262899319319248785813033,-50367,62,180,180,0,True
1733742035,21364508,6386262899319319248785813033,-50367,62,180,180,0,True
1733742047,21364509,6386262899319319248785813033,-50367,62,180,180,0,True
1733742059,21364510,6386262899319319248785813033,-50367,62,180,180,0,True
1733742071,21364511,6386262899319319248785813033,-50367,62,180,180,0,True
1733742083,21364512,6386262899319319248785813033,-50367,62,180,180,0,True
1733742095,21364513,6386262899319319248785813033,-50367,62,180,180,0,True
1733742107,21364514,6386262899319319248785813033,-50367,62,180,180,0,True
1733742119,21364515,6386262899319319248785813033,-50367,62,180,180,0,True
1733742131,21364516,6386262899319319248785813033,-50367,62,180,180,0,True
1733742143,21364517,6386262899319319248785813033,-50367,62,180,180,0,True
1733742155,21364518,6383983090688963822196457256,-50374,63,180,180,0,True
1733742167,21364519,6383983090688963822196457256,-50374,63,180,180,0,True
1733742179,21364520,6382976383966302753829632777,-50377,64,180,180,0,True
1733742191,21364521,6382976383966302753829632777,-50377,64,180,180,0,True
1733742203,21364522,6382976383966302753829632777,-50377,64,180,180,0,True
1733742215,21364523,6382976383966302753829632777,-50377,64,180,180,0,True
1733742227,21364524,6382976383966302753829632777,-50377,64,180,180,0,True
1733742239,21364525,6382976383966302753829632777,-50377,64,180,180,0,True
1733742251,21364526,6382976383966302753829632777,-50377,64,180,180,0,True
1733742263,21364527,6381823494017087391612457209,-50381,65,180,180,0,True
1733742275,21364528,6380584526989879286403043507,-50384,66,180,180,0,True
1733742287,21364529,6379583122395543189263266079,-50388,67,180,180,0,True
1733742299,21364530,6379583122395543189263266079,-50388,67,180,180,0,True
1733742311,21364531,6379583122395543189263266079,-50388,67,180,180,0,True
1733742323,21364532,6378838763078943163287542922,-50390,68,180,180,0,True
1733742335,21364533,6378838763078943163287542922,-50390,68,180,180,0,True
1733742347,21364534,6377714097011460647789986454,-50393,69,180,180,0,True
1733742359,21364535,6377714097011460647789986454,-50393,69,180,180,0,True
1733742371,21364536,6368686947433974131408764928,-50422,70,180,180,0,True
1733742383,21364537,6369409970629450731010438339,-50420,71,180,180,0,True
1733742395,21364538,6369409970629450731010438339,-50420,71,180,180,0,True
1733742407,21364539,6368167565587727007174211446,-50423,72,180,180,0,True
1733742419,21364540,6368167565587727007174211446,-50423,72,180,180,0,True
1733742431,21364541,6368167565587727007174211446,-50423,72,180,180,0,True
1733742443,21364542,6368167565587727007174211446,-50423,72,180,180,0,True
1733742455,21364543,6368167565587727007174211446,-50423,72,180,180,0,True
1733742467,21364544,6368167565587727007174211446,-50423,72,180,180,0,True
1733742479,21364545,6368167565587727007174211446,-50423,72,180,180,0,True
1733742491,21364546,6368167565587727007174211446,-50423,72,180,180,0,True
1733742503,21364547,6366496764101740133681478121,-50429,73,180,180,0,True
1733742515,21364548,6366496764101740133681478121,-50429,73,180,180,0,True
1733742527,21364549,6365533498437506369869720614,-50432,74,180,180,0,True
1733742539,21364550,6365533498437506369869720614,-50432,74,180,180,0,True
1733742551,21364551,6365533498437506369869720614,-50432,74,180,180,0,True
1733742563,21364552,6364787735545662082745355773,-50434,75,180,180,0,True
1733742575,21364553,6364787735545662082745355773,-50434,75,180,180,0,True
1733742587,21364554,6364787735545662082745355773,-50434,75,180,180,0,True
1733742599,21364555,6363835945129935342596373950,-50437,76,180,180,0,True
1733742611,21364556,6362883437758658540065062076,-50440,77,180,180,0,True
1733742623,21364557,6362883437758658540065062076,-50440,77,180,180,0,True
1733742635,21364558,6360842683605248391268516051,-50446,78,180,180,0,True
1733742647,21364559,6360842683605248391268516051,-50446,78,180,180,0,True
1733742659,21364560,6360842683605248391268516051,-50446,78,180,180,0,True
1733742671,21364561,6361310403877996917057908181,-50445,79,180,180,0,True
1733742683,21364562,6361310403877996917057908181,-50445,79,180,180,0,True
1733742695,21364563,6361310403877996917057908181,-50445,79,180,180,0,True
1733742707,21364564,6361310403877996917057908181,-50445,79,180,180,0,True
1733742719,21364565,6360346247494370673885347031,-50448,80,180,180,0,True
1733742731,21364566,6360346247494370673885347031,-50448,80,180,180,0,True
1733742743,21364567,6360099533898796834840321037,-50449,81,180,180,0,True
1733742755,21364568,6360099533898796834840321037,-50449,81,180,180,0,True
1733742767,21364569,6360099533898796834840321037,-50449,81,180,180,0,True
1733742779,21364570,6360099533898796834840321037,-50449,81,180,180,0,True
1733742791,21364571,6360099533898796834840321037,-50449,81,180,180,0,True
1733742803,21364572,6360099533898796834840321037,-50449,81,180,180,0,True
1733742815,21364573,6360099533898796834840321037,-50449,81,180,180,0,True
1733742827,21364574,6360099533898796834840321037,-50449,81,180,180,0,True
1733742839,21364575,6360099533898796834840321037,-50449,81,180,180,0,True
1733742851,21364576,6360099533898796834840321037,-50449,81,180,180,0,True
1733742863,21364577,6360099533898796834840321037,-50449,81,180,180,0,True
1733742875,21364578,6360099533898796834840321037,-50449,81,180,180,0,True
1733742887,21364579,6360099533898796834840321037,-50449,81,180,180,0,True
1733742899,21364580,6360099533898796834840321037,-50449,81,180,180,0,True
1733742911,21364581,6360099533898796834840321037,-50449,81,180,180,0,True
1733742923,21364582,6360099533898796834840321037,-50449,81,180,180,0,True
1733742935,21364583,6360099533898796834840321037,-50449,81,180,180,0,True
1733742947,21364584,6360099533898796834840321037,-50449,81,180,180,0,True
1733742959,21364585,6360099533898796834840321037,-50449,81,180,180,0,True
1733742971,21364586,6360099533898796834840321037,-50449,81,180,180,0,True
1733742983,21364587,6360099533898796834840321037,-50449,81,180,180,0,True
1733742995,21364588,6360099533898796834840321037,-50449,81,180,180,0,True
1733743007,21364589,6360099533898796834840321037,-50449,81,180,180,0,True
1733743019,21364590,6360099533898796834840321037,-50449,81,180,180,0,True
1733743031,21364591,6360099533898796834840321037,-50449,81,180,180,0,True
1733743043,21364592,6360099533898796834840321037,-50449,81,180,180,0,True
1733743055,21364593,6360099533898796834840321037,-50449,81,180,180,0,True
1733743067,21364594,6360099533898796834840321037,-50449,81,180,180,0,True
1733743079,21364595,6360099533898796834840321037,-50449,81,180,180,0,True
1733743091,21364596,6360099533898796834840321037,-50449,81,180,180,0,True
1733743103,21364597,6360099533898796834840321037,-50449,81,180,180,0,True
1733743115,21364598,6360099533898796834840321037,-50449,81,180,180,0,True
1733743127,21364599,6360099533898796834840321037,-50449,81,180,180,0,True
1733743139,21364600,6360099533898796834840321037,-50449,81,180,180,0,True
1733743151,21364601,6360099533898796834840321037,-50449,81,180,180,0,True
1733743163,21364602,6360099533898796834840321037,-50449,81,180,180,0,True
1733743175,21364603,6360099533898796834840321037,-50449,81,180,180,0,True
1733743187,21364604,6360099533898796834840321037,-50449,81,180,180,0,True
1733743199,21364605,6360099533898796834840321037,-50449,81,180,180,0,True
1733743211,21364606,6360099533898796834840321037,-50449,81,180,180,0,True
1733743223,21364607,6360099533898796834840321037,-50449,81,180,180,0,True
1733743235,21364608,6360099533898796834840321037,-50449,81,180,180,0,True
1733743247,21364609,6360099533898796834840321037,-50449,81,180,180,0,True
1733743259,21364610,6360099533898796834840321037,-50449,81,180,180,0,True
1733743271,21364611,6360099533898796834840321037,-50449,81,180,180,0,True
1733743283,21364612,6360099533898796834840321037,-50449,81,180,180,0,True
1733743295,21364613,6360099533898796834840321037,-50449,81,180,180,0,True
1733743307,21364614,6360099533898796834840321037,-50449,81,180,180,0,True
1733743319,21364615,6360099533898796834840321037,-50449,81,180,180,0,True
1733743331,21364616,6360099533898796834840321037,-50449,81,180,180,0,True
1733743343,21364617,6360099533898796834840321037,-50449,81,180,180,0,True
1733743355,21364618,6360099533898796834840321037,-50449,81,180,180,0,True
1733743367,21364619,6360099533898796834840321037,-50449,81,180,180,0,True
1733743379,21364620,6360099533898796834840321037,-50449,81,180,180,0,True
1733743391,21364621,6360099533898796834840321037,-50449,81,180,180,0,True
1733743403,21364622,6360099533898796834840321037,-50449,81,180,180,0,True
1733743415,21364623,6360099533898796834840321037,-50449,81,180,180,0,True
1733743427,21364624,6360099533898796834840321037,-50449,81,180,180,0,True
1733743439,21364625,6360099533898796834840321037,-50449,81,180,180,0,True
1733743451,21364626,6360099533898796834840321037,-50449,81,180,180,0,True
1733743463,21364627,6360099533898796834840321037,-50449,81,180,180,0,True
1733743475,21364628,6360099533898796834840321037,-50449,81,180,180,0,True
1733743487,21364629,6360099533898796834840321037,-50449,81,180,180,0,True
1733743499,21364630,6360099533898796834840321037,-50449,81,180,180,0,True
1733743511,21364631,6360099533898796834840321037,-50449,81,180,180,0,True
1733743523,21364632,6356345540791952990464075449,-50461,82,180,180,0,True
1733743535,21364633,6356345540791952990464075449,-50461,82,180,180,0,True
1733743547,21364634,6356345540791952990464075449,-50461,82,180,180,0,True
1733743559,21364635,6356345540791952990464075449,-50461,82,180,180,0,True
1733743571,21364636,6356345540791952990464075449,-50461,82,180,180,0,True
1733743583,21364637,6356345540791952990464075449,-50461,82,180,180,0,True
1733743595,21364638,6356345540791952990464075449,-50461,82,180,180,0,True
1733743607,21364639,6356345540791952990464075449,-50461,82,180,180,0,True
1733743619,21364640,6356345540791952990464075449,-50461,82,180,180,0,True
1733743631,21364641,6356345540791952990464075449,-50461,82,180,180,0,True
1733743643,21364642,6356345540791952990464075449,-50461,82,180,180,0,True
1733743655,21364643,6356345540791952990464075449,-50461,82,180,180,0,True
1733743667,21364644,6356345540791952990464075449,-50461,82,180,180,0,True
1733743679,21364645,6356345540791952990464075449,-50461,82,180,180,0,True
1733743691,21364646,6356345540791952990464075449,-50461,82,180,180,0,True
1733743703,21364647,6356345540791952990464075449,-50461,82,180,180,0,True
1733743715,21364648,6356345540791952990464075449,-50461,82,180,180,0,True
1733743727,21364649,6356345540791952990464075449,-50461,82,180,180,0,True
1733743739,21364650,6356345540791952990464075449,-50461,82,180,180,0,True
1733743751,21364651,6356345540791952990464075449,-50461,82,180,180,0,True
1733743763,21364652,6356793936954405592774848105,-50459,83,180,180,0,True
1733743775,21364653,6356793936954405592774848105,-50459,83,180,180,0,True
1733743787,21364654,6356793936954405592774848105,-50459,83,180,180,0,True
1733743799,21364655,6356793936954405592774848105,-50459,83,180,180,0,True
1733743811,21364656,6356793936954405592774848105,-50459,83,180,180,0,True
1733743823,21364657,6355723235488854362347282357,-50463,84,180,180,0,True
1733743835,21364658,6355723235488854362347282357,-50463,84,180,180,0,True
1733743847,21364659,6355723235488854362347282357,-50463,84,180,180,0,True
1733743859,21364660,6355723235488854362347282357,-50463,84,180,180,0,True
1733743871,21364661,6355723235488854362347282357,-50463,84,180,180,0,True
1733743883,21364662,6355772592174687625542312968,-50462,85,180,180,0,True
1733743895,21364663,6355772592174687625542312968,-50462,85,180,180,0,True
1733743907,21364664,6355772592174687625542312968,-50462,85,180,180,0,True
1733743919,21364665,6355772592174687625542312968,-50462,85,180,180,0,True
1733743931,21364666,6355772592174687625542312968,-50462,85,180,180,0,True
1733743943,21364667,6355772592174687625542312968,-50462,85,180,180,0,True
1733743955,21364668,6355772592174687625542312968,-50462,85,180,180,0,True
1733743967,21364669,6355772592174687625542312968,-50462,85,180,180,0,True
1733743979,21364670,6355772592174687625542312968,-50462,85,180,180,0,True
1733743991,21364671,6355772592174687625542312968,-50462,85,180,180,0,True
1733744003,21364672,6355772592174687625542312968,-50462,85,180,180,0,True
1733744015,21364673,6355772592174687625542312968,-50462,85,180,180,0,True
1733744027,21364674,6355772592174687625542312968,-50462,85,180,180,0,True
1733744039,21364675,6355772592174687625542312968,-50462,85,180,180,0,True
1733744051,21364676,6355772592174687625542312968,-50462,85,180,180,0,True
1733744063,21364677,6355821759027113837725055000,-50462,85,180,180,0,True
1733744075,21364678,6355821759027113837725055000,-50462,85,180,180,0,True
1733744087,21364679,6355821759027113837725055000,-50462,85,180,180,0,True
1733744099,21364680,6355821759027113837725055000,-50462,85,180,180,0,True
1733744111,21364681,6355821759027113837725055000,-50462,85,180,180,0,True
1733744123,21364682,6355821759027113837725055000,-50462,85,180,180,0,True
1733744135,21364683,6355821759027113837725055000,-50462,85,180,180,0,True
1733744147,21364684,6355821759027113837725055000,-50462,85,180,180,0,True
1733744159,21364685,6355821759027113837725055000,-50462,85,180,180,0,True
1733744171,21364686,6355821759027113837725055000,-50462,85,180,180,0,True
1733744183,21364687,6355821759027113837725055000,-50462,85,180,180,0,True
1733744195,21364688,6355821759027113837725055000,-50462,85,180,180,0,True
1733744207,21364689,6355821759027113837725055000,-50462,85,180,180,0,True
1733744219,21364690,6355821759027113837725055000,-50462,85,180,180,0,True
1733744231,21364691,6355821759027113837725055000,-50462,85,180,180,0,True
1733744243,21364692,6355821759027113837725055000,-50462,85,180,180,0,True
1733744255,21364693,6355821759027113837725055000,-50462,85,180,180,0,True
1733744267,21364694,6355821759027113837725055000,-50462,85,180,180,0,True
1733744279,21364695,6355821759027113837725055000,-50462,85,180,180,0,True
1733744291,21364696,6355821759027113837725055000,-50462,85,180,180,0,True
1733744303,21364697,6355821759027113837725055000,-50462,85,180,180,0,True
1733744315,21364698,6355821759027113837725055000,-50462,85,180,180,0,True
1733744327,21364699,6355821759027113837725055000,-50462,85,180,180,0,True
1733744339,21364700,6355821759027113837725055000,-50462,85,180,180,0,True
1733744351,21364701,6355821759027113837725055000,-50462,85,180,180,0,True
1733744363,21364702,6355821759027113837725055000,-50462,85,180,180,0,True
1733744375,21364703,6355821759027113837725055000,-50462,85,180,180,0,True
1733744387,21364704,6355821759027113837725055000,-50462,85,180,180,0,True
1733744399,21364705,6355821759027113837725055000,-50462,85,180,180,0,True
1733744411,21364706,6355821759027113837725055000,-50462,85,180,180,0,True
1733744423,21364707,6355821759027113837725055000,-50462,85,180,180,0,True
1733744435,21364708,6355821759027113837725055000,-50462,85,180,180,0,True
1733744447,21364709,6355821759027113837725055000,-50462,85,180,180,0,True
1733744459,21364710,6355821759027113837725055000,-50462,85,180,180,0,True
1733744471,21364711,6355821759027113837725055000,-50462,85,180,180,0,True
1733744483,21364712,6355821759027113837725055000,-50462,85,180,180,0,True
1733744495,21364713,6355821759027113837725055000,-50462,85,180,180,0,True
1733744507,21364714,6355821759027113837725055000,-50462,85,180,180,0,True
1733744519,21364715,6355821759027113837725055000,-50462,85,180,180,0,True
1733744531,21364716,6355821759027113837725055000,-50462,85,180,180,0,True
1733744543,21364717,6355821759027113837725055000,-50462,85,180,180,0,True
1733744555,21364718,6355821759027113837725055000,-50462,85,180,180,0,True
1733744567,21364719,6355821759027113837725055000,-50462,85,180,180,0,True
1733744579,21364720,6355821759027113837725055000,-50462,85,180,180,0,True
1733744591,21364721,6355821759027113837725055000,-50462,85,180,180,0,True
1733744603,21364722,6355821759027113837725055000,-50462,85,180,180,0,True
1733744615,21364723,6355821759027113837725055000,-50462,85,180,180,0,True
1733744627,21364724,6355821759027113837725055000,-50462,85,180,180,0,True
1733744639,21364725,6355821759027113837725055000,-50462,85,180,180,0,True
1733744651,21364726,6355821759027113837725055000,-50462,85,180,180,0,True
1733744663,21364727,6355821759027113837725055000,-50462,85,180,180,0,True
1733744675,21364728,6355821759027113837725055000,-50462,85,180,180,0,True
1733744687,21364729,6355821759027113837725055000,-50462,85,180,180,0,True
1733744699,21364730,6355821759027113837725055000,-50462,85,180,180,0,True
1733744711,21364731,6355821759027113837725055000,-50462,85,180,180,0,True
1733744723,21364732,6354655945590129934793287304,-50466,86,180,180,0,True
1733744735,21364733,6352965170399602698029171746,-50471,87,180,180,0,True
1733744747,21364734,6352965170399602698029171746,-50471,87,180,180,0,True
1733744759,21364735,6351729316526345479457458222,-50475,88,180,180,0,True
1733744771,21364736,6350526874821168776877768066,-50479,89,180,180,0,True
1733744783,21364737,6350526874821168776877768066,-50479,89,180,180,0,True
1733744795,21364738,6350526874821168776877768066,-50479,89,180,180,0,True
1733744807,21364739,6350526874821168776877768066,-50479,89,180,180,0,True
1733744819,21364740,6350526874821168776877768066,-50479,89,180,180,0,True
1733744831,21364741,6350526874821168776877768066,-50479,89,180,180,0,True
1733744843,21364742,6350526874821168776877768066,-50479,89,180,180,0,True
1733744855,21364743,6349288825695525463986874269,-50483,90,180,180,0,True
1733744867,21364744,6347421963900977666920782124,-50489,91,180,180,0,True
1733744879,21364745,6347421963900977666920782124,-50489,91,180,180,0,True
1733744891,21364746,6345346439239886966463533889,-50495,92,180,180,0,True
1733744903,21364747,6343022207250519778382400839,-50503,93,180,180,0,True
1733744915,21364748,6342650239687072074896092939,-50504,94,180,180,0,True
1733744927,21364749,6342650239687072074896092939,-50504,94,180,180,0,True
1733744939,21364750,6341100824745668445662901371,-50509,95,180,180,0,True
1733744951,21364751,6339983346481398322907567721,-50512,96,180,180,0,True
1733744963,21364752,6339983346481398322907567721,-50512,96,180,180,0,True
1733744975,21364753,6339983346481398322907567721,-50512,96,180,180,0,True
1733744987,21364754,6339983346481398322907567721,-50512,96,180,180,0,True
1733744999,21364755,6339983346481398322907567721,-50512,96,180,180,0,True
1733745011,21364756,6339983346481398322907567721,-50512,96,180,180,0,True
1733745023,21364757,6339983346481398322907567721,-50512,96,180,180,0,True
1733745035,21364758,6339983346481398322907567721,-50512,96,180,180,0,True
1733745047,21364759,6338453746740647791678979477,-50517,97,180,180,0,True
1733745059,21364760,6338453746740647791678979477,-50517,97,180,180,0,True
1733745071,21364761,6338453746740647791678979477,-50517,97,180,180,0,True
1733745083,21364762,6338453746740647791678979477,-50517,97,180,180,0,True
1733745095,21364763,6338453746740647791678979477,-50517,97,180,180,0,True
1733745107,21364764,6338453746740647791678979477,-50517,97,180,180,0,True
1733745119,21364765,6338453746740647791678979477,-50517,97,180,180,0,True
1733745131,21364766,6338453746740647791678979477,-50517,97,180,180,0,True
1733745143,21364767,6338453746740647791678979477,-50517,97,180,180,0,True
1733745155,21364768,6338453746740647791678979477,-50517,97,180,180,0,True
1733745167,21364769,6338453746740647791678979477,-50517,97,180,180,0,True
1733745179,21364770,6337199151605202278471819613,-50521,98,180,180,0,True
1733745191,21364771,6337199151605202278471819613,-50521,98,180,180,0,True
1733745203,21364772,6337199151605202278471819613,-50521,98,180,180,0,True
1733745215,21364773,6337199151605202278471819613,-50521,98,180,180,0,True
1733745227,21364774,6337199151605202278471819613,-50521,98,180,180,0,True
1733745239,21364775,6337199151605202278471819613,-50521,98,180,180,0,True
1733745251,21364776,6337199151605202278471819613,-50521,98,180,180,0,True
1733745263,21364777,6337199151605202278471819613,-50521,98,180,180,0,True
1733745275,21364778,6337199151605202278471819613,-50521,98,180,180,0,True
1733745287,21364779,6337199151605202278471819613,-50521,98,180,180,0,True
1733745299,21364780,6337199151605202278471819613,-50521,98,180,180,0,True
1733745311,21364781,6337199151605202278471819613,-50521,98,180,180,0,True
1733745323,21364782,6337127358871949466727781657,-50521,98,180,180,0,True
1733745335,21364783,6337127358871949466727781657,-50521,98,180,180,0,True
1733745347,21364784,6337127358871949466727781657,-50521,98,180,180,0,True
1733745359,21364785,6337127358871949466727781657,-50521,98,180,180,0,True
1733745371,21364786,6337127358871949466727781657,-50521,98,180,180,0,True
1733745383,21364787,6337127358871949466727781657,-50521,98,180,180,0,True
1733745395,21364788,6337127358871949466727781657,-50521,98,180,180,0,True
1733745407,21364789,6337127358871949466727781657,-50521,98,180,180,0,True
1733745419,21364790,6337127358871949466727781657,-50521,98,180,180,0,True
1733745431,21364791,6337127358871949466727781657,-50521,98,180,180,0,True
1733745443,21364792,6337127358871949466727781657,-50521,98,180,180,0,True
1733745455,21364793,6337127358871949466727781657,-50521,98,180,180,0,True
1733745467,21364794,6337127358871949466727781657,-50521,98,180,180,0,True
1733745479,21364795,6337127358871949466727781657,-50521,98,180,180,0,True
1733745491,21364796,6337127358871949466727781657,-50521,98,180,180,0,True
1733745503,21364797,6337127358871949466727781657,-50521,98,180,180,0,True
1733745515,21364798,6337127358871949466727781657,-50521,98,180,180,0,True
1733745527,21364799,6335337686741315271951122794,-50527,99,180,180,0,True
1733745539,21364800,6335337686741315271951122794,-50527,99,180,180,0,True
1733745551,21364801,6335337686741315271951122794,-50527,99,180,180,0,True
1733745563,21364802,6335337686741315271951122794,-50527,99,180,180,0,True
1733745575,21364803,6335337686741315271951122794,-50527,99,180,180,0,True
1733745587,21364804,6335337686741315271951122794,-50527,99,180,180,0,True
1733745599,21364805,6335337686741315271951122794,-50527,99,180,180,0,True
1733745611,21364806,6335337686741315271951122794,-50527,99,180,180,0,True
1733745623,21364807,6335337686741315271951122794,-50527,99,180,180,0,True
1733745635,21364808,6335337686741315271951122794,-50527,99,180,180,0,True
1733745647,21364809,6335290623012477325487343497,-50527,99,180,180,0,True
1733745659,21364810,6335290623012477325487343497,-50527,99,180,180,0,True
1733745671,21364811,6335290623012477325487343497,-50527,99,180,180,0,True
1733745683,21364812,6335290623012477325487343497,-50527,99,180,180,0,True
1733745695,21364813,6335290623012477325487343497,-50527,99,180,180,0,True
1733745707,21364814,6335290623012477325487343497,-50527,99,180,180,0,True
1733745719,21364815,6335290623012477325487343497,-50527,99,180,180,0,True
1733745731,21364816,6335290623012477325487343497,-50527,99,180,180,0,True
1733745743,21364817,6335290623012477325487343497,-50527,99,180,180,0,True
1733745755,21364818,6335290623012477325487343497,-50527,99,180,180,0,True
1733745767,21364819,6335290623012477325487343497,-50527,99,180,180,0,True
1733745779,21364820,6335290623012477325487343497,-50527,99,180,180,0,True
1733745791,21364821,6335290623012477325487343497,-50527,99,180,180,0,True
1733745803,21364822,6335290623012477325487343497,-50527,99,180,180,0,True
1733745815,21364823,6335290623012477325487343497,-50527,99,180,180,0,True
1733745827,21364824,6335290623012477325487343497,-50527,99,180,180,0,True
1733745839,21364825,6335290623012477325487343497,-50527,99,180,180,0,True
1733745851,21364826,6335290623012477325487343497,-50527,99,180,180,0,True
1733745863,21364827,6335290623012477325487343497,-50527,99,180,180,0,True
1733745875,21364828,6335290623012477325487343497,-50527,99,180,180,0,True
1733745887,21364829,6335290623012477325487343497,-50527,99,180,180,0,True
1733745899,21364830,6335290623012477325487343497,-50527,99,180,180,0,True
1733745911,21364831,6335290623012477325487343497,-50527,99,180,180,0,True
1733745923,21364832,6339738583724113092442976385,-50513,100,180,180,0,True
1733745935,21364833,6339738583724113092442976385,-50513,100,180,180,0,True
1733745947,21364834,6339738583724113092442976385,-50513,100,180,180,0,True
1733745959,21364835,6339738583724113092442976385,-50513,100,180,180,0,True
1733745971,21364836,6339924438554776907561261066,-50512,101,180,180,0,True
1733745983,21364837,6339924438554776907561261066,-50512,101,180,180,0,True
1733745995,21364838,6339924438554776907561261066,-50512,101,180,180,0,True
1733746007,21364839,6339924438554776907561261066,-50512,101,180,180,0,True
1733746019,21364840,6339924438554776907561261066,-50512,101,180,180,0,True
1733746031,21364841,6339924438554776907561261066,-50512,101,180,180,0,True
1733746043,21364842,6339924438554776907561261066,-50512,101,180,180,0,True
1733746055,21364843,6339924438554776907561261066,-50512,101,180,180,0,True
1733746067,21364844,6339924438554776907561261066,-50512,101,180,180,0,True
1733746079,21364845,6344572983586111244781345787,-50498,102,180,180,0,True
1733746091,21364846,6344572983586111244781345787,-50498,102,180,180,0,True
1733746103,21364847,6344572983586111244781345787,-50498,102,180,180,0,True
1733746115,21364848,6344572983586111244781345787,-50498,102,180,180,0,True
1733746127,21364849,6344572983586111244781345787,-50498,102,180,180,0,True
1733746139,21364850,6344572983586111244781345787,-50498,102,180,180,0,True
1733746151,21364851,6344572983586111244781345787,-50498,102,180,180,0,True
1733746163,21364852,6344572983586111244781345787,-50498,102,180,180,0,True
1733746175,21364853,6344572983586111244781345787,-50498,102,180,180,0,True
1733746187,21364854,6344572983586111244781345787,-50498,102,180,180,0,True
1733746199,21364855,6344572983586111244781345787,-50498,102,180,180,0,True
1733746211,21364856,6344572983586111244781345787,-50498,102,180,180,0,True
1733746223,21364857,6344572983586111244781345787,-50498,102,180,180,0,True
1733746235,21364858,6344572983586111244781345787,-50498,102,180,180,0,True
1733746247,21364859,6344572983586111244781345787,-50498,102,180,180,0,True
1733746259,21364860,6344572983586111244781345787,-50498,102,180,180,0,True
1733746271,21364861,6344572983586111244781345787,-50498,102,180,180,0,True
1733746283,21364862,6344572983586111244781345787,-50498,102,180,180,0,True
1733746295,21364863,6344572983586111244781345787,-50498,102,180,180,0,True
1733746307,21364864,6344572983586111244781345787,-50498,102,180,180,0,True
1733746319,21364865,6344572983586111244781345787,-50498,102,180,180,0,True
1733746331,21364866,6344572983586111244781345787,-50498,102,180,180,0,True
1733746343,21364867,6344572983586111244781345787,-50498,102,180,180,0,True
1733746355,21364868,6344572983586111244781345787,-50498,102,180,180,0,True
1733746367,21364869,6344572983586111244781345787,-50498,102,180,180,0,True
1733746379,21364870,6344572983586111244781345787,-50498,102,180,180,0,True
1733746391,21364871,6344567815629008943953694539,-50498,102,180,180,0,True
1733746403,21364872,6344567815629008943953694539,-50498,102,180,180,0,True
1733746415,21364873,6344567815629008943953694539,-50498,102,180,180,0,True
1733746427,21364874,6344567815629008943953694539,-50498,102,180,180,0,True
1733746439,21364875,6344567815629008943953694539,-50498,102,180,180,0,True
1733746451,21364876,6344567815629008943953694539,-50498,102,180,180,0,True
1733746463,21364877,6344567815629008943953694539,-50498,102,180,180,0,True
1733746475,21364878,6344567815629008943953694539,-50498,102,180,180,0,True
1733746487,21364879,6344567815629008943953694539,-50498,102,180,180,0,True
1733746499,21364880,6344567815629008943953694539,-50498,102,180,180,0,True
1733746511,21364881,6344567815629008943953694539,-50498,102,180,180,0,True
1733746523,21364882,6344567815629008943953694539,-50498,102,180,180,0,True
1733746535,21364883,6344567815629008943953694539,-50498,102,180,180,0,True
1733746547,21364884,6344567815629008943953694539,-50498,102,180,180,0,True
1733746559,21364885,6344567815629008943953694539,-50498,102,180,180,0,True
1733746571,21364886,6344567815629008943953694539,-50498,102,180,180,0,True
1733746583,21364887,6344567815629008943953694539,-50498,102,180,180,0,True
1733746595,21364888,6344567815629008943953694539,-50498,102,180,180,0,True
1733746607,21364889,6344567815629008943953694539,-50498,102,180,180,0,True
1733746619,21364890,6344567815629008943953694539,-50498,102,180,180,0,True
1733746631,21364891,6344567815629008943953694539,-50498,102,180,180,0,True
1733746643,21364892,6344567815629008943953694539,-50498,103,180,180,0,True
1733746655,21364893,6344567815629008943953694539,-50498,103,180,180,0,True
1733746667,21364894,6344567815629008943953694539,-50498,103,180,180,0,True
1733746679,21364895,6344567815629008943953694539,-50498,103,180,180,0,True
1733746691,21364896,6344567815629008943953694539,-50498,103,180,180,0,True
1733746703,21364897,6344567815629008943953694539,-50498,103,180,180,0,True
1733746715,21364898,6344567815629008943953694539,-50498,103,180,180,0,True
1733746727,21364899,6344567815629008943953694539,-50498,103,180,180,0,True
1733746739,21364900,6344567815629008943953694539,-50498,103,180,180,0,True
1733746751,21364901,6344567815629008943953694539,-50498,103,180,180,0,True
1733746763,21364902,6344567815629008943953694539,-50498,103,180,180,0,True
1733746775,21364903,6344567815629008943953694539,-50498,103,180,180,0,True
1733746787,21364904,6344567815629008943953694539,-50498,103,180,180,0,True
1733746799,21364905,6344567815629008943953694539,-50498,103,180,180,0,True
1733746811,21364906,6344567815629008943953694539,-50498,103,180,180,0,True
1733746823,21364907,6344567815629008943953694539,-50498,104,180,180,0,True
1733746835,21364908,6344567815629008943953694539,-50498,104,180,180,0,True
1733746847,21364909,6344567815629008943953694539,-50498,104,180,180,0,True
1733746859,21364910,6344567815629008943953694539,-50498,104,180,180,0,True
1733746871,21364911,6344567815629008943953694539,-50498,104,180,180,0,True
1733746883,21364912,6344567815629008943953694539,-50498,104,180,180,0,True
1733746895,21364913,6344567815629008943953694539,-50498,104,180,180,0,True
1733746907,21364914,6344567815629008943953694539,-50498,104,180,180,0,True
1733746919,21364915,6344567815629008943953694539,-50498,104,180,180,0,True
1733746931,21364916,6344567815629008943953694539,-50498,104,180,180,0,True
1733746943,21364917,6344567815629008943953694539,-50498,104,180,180,0,True
1733746955,21364918,6344567815629008943953694539,-50498,104,180,180,0,True
1733746967,21364919,6344567815629008943953694539,-50498,104,180,180,0,True
1733746979,21364920,6344567815629008943953694539,-50498,104,180,180,0,True
1733746991,21364921,6344567815629008943953694539,-50498,104,180,180,0,True
1733747003,21364922,6344567815629008943953694539,-50498,104,180,180,0,True
1733747015,21364923,6344567815629008943953694539,-50498,104,180,180,0,True
1733747027,21364924,6344567815629008943953694539,-50498,104,180,180,0,True
1733747039,21364925,6344567815629008943953694539,-50498,104,180,180,0,True
1733747051,21364926,6344567815629008943953694539,-50498,104,180,180,0,True
1733747063,21364927,6344567815629008943953694539,-50498,104,180,180,0,True
1733747075,21364928,6344567815629008943953694539,-50498,104,180,180,0,True
1733747087,21364929,6344567815629008943953694539,-50498,104,180,180,0,True
1733747099,21364930,6344567815629008943953694539,-50498,104,180,180,0,True
1733747111,21364931,6344567815629008943953694539,-50498,104,180,180,0,True
1733747123,21364932,6344567815629008943953694539,-50498,104,180,180,0,True
1733747135,21364933,6344567815629008943953694539,-50498,104,180,180,0,True
1733747147,21364934,6344567815629008943953694539,-50498,104,180,180,0,True
1733747159,21364935,6344567815629008943953694539,-50498,104,180,180,0,True
1733747171,21364936,6344567815629008943953694539,-50498,104,180,180,0,True
1733747183,21364937,6344567815629008943953694539,-50498,104,180,180,0,True
1733747195,21364938,6344567815629008943953694539,-50498,104,180,180,0,True
1733747207,21364939,6344567815629008943953694539,-50498,104,180,180,0,True
1733747219,21364940,6344567815629008943953694539,-50498,104,180,180,0,True
1733747231,21364941,6344567815629008943953694539,-50498,104,180,180,0,True
1733747243,21364942,6344567815629008943953694539,-50498,104,180,180,0,True
1733747255,21364943,6344567815629008943953694539,-50498,104,180,180,0,True
1733747267,21364944,6344567815629008943953694539,-50498,104,180,180,0,True
1733747279,21364945,6344567815629008943953694539,-50498,104,180,180,0,True
1733747291,21364946,6344567815629008943953694539,-50498,104,180,180,0,True
1733747303,21364947,6344567815629008943953694539,-50498,104,180,180,0,True
1733747315,21364948,6344567815629008943953694539,-50498,104,180,180,0,True
1733747327,21364949,6344567815629008943953694539,-50498,104,180,180,0,True
1733747339,21364950,6344567815629008943953694539,-50498,104,180,180,0,True
1733747351,21364951,6344567815629008943953694539,-50498,104,180,180,0,True
1733747363,21364952,6344567815629008943953694539,-50498,104,180,180,0,True
1733747375,21364953,6344567815629008943953694539,-50498,104,180,180,0,True
1733747387,21364954,6344567815629008943953694539,-50498,104,180,180,0,True
1733747399,21364955,6344567815629008943953694539,-50498,104,180,180,0,True
1733747411,21364956,6344567815629008943953694539,-50498,104,180,180,0,True
1733747423,21364957,6344567815629008943953694539,-50498,104,180,180,0,True
1733747435,21364958,6344567815629008943953694539,-50498,104,180,180,0,True
1733747447,21364959,6344567815629008943953694539,-50498,104,180,180,0,True
1733747459,21364960,6344567815629008943953694539,-50498,104,180,180,0,True
1733747471,21364961,6344567815629008943953694539,-50498,104,180,180,0,True
1733747483,21364962,6344567815629008943953694539,-50498,104,180,180,0,True
1733747495,21364963,6350115872741492891804762112,-50480,105,180,180,0,True
1733747507,21364964,6350115872741492891804762112,-50480,105,180,180,0,True
1733747519,21364965,6350115872741492891804762112,-50480,105,180,180,0,True
1733747531,21364966,6350115872741492891804762112,-50480,105,180,180,0,True
1733747543,21364967,6350115872741492891804762112,-50480,105,180,180,0,True
1733747555,21364968,6350115872741492891804762112,-50480,105,180,180,0,True
1733747567,21364969,6350115872741492891804762112,-50480,105,180,180,0,True
1733747579,21364970,6350115872741492891804762112,-50480,105,180,180,0,True
1733747591,21364971,6350115872741492891804762112,-50480,105,180,180,0,True
1733747603,21364972,6350115872741492891804762112,-50480,105,180,180,0,True
1733747615,21364973,6350115872741492891804762112,-50480,105,180,180,0,True
1733747627,21364974,6350115872741492891804762112,-50480,105,180,180,0,True
1733747639,21364975,6350115872741492891804762112,-50480,105,180,180,0,True
1733747651,21364976,6350115872741492891804762112,-50480,105,180,180,0,True
1733747663,21364977,6350115872741492891804762112,-50480,105,180,180,0,True
1733747675,21364978,6350115872741492891804762112,-50480,105,180,180,0,True
1733747687,21364979,6350115872741492891804762112,-50480,105,180,180,0,True
1733747699,21364980,6350115872741492891804762112,-50480,105,180,180,0,True
1733747711,21364981,6350115872741492891804762112,-50480,105,180,180,0,True
1733747723,21364982,6350115872741492891804762112,-50480,105,180,180,0,True
1733747735,21364983,6350115872741492891804762112,-50480,105,180,180,0,True
1733747747,21364984,6350115872741492891804762112,-50480,105,180,180,0,True
1733747759,21364985,6350115872741492891804762112,-50480,105,180,180,0,True
1733747771,21364986,6350115872741492891804762112,-50480,105,180,180,0,True
1733747783,21364987,6350115872741492891804762112,-50480,105,180,180,0,True
1733747795,21364988,6350115872741492891804762112,-50480,105,180,180,0,True
1733747807,21364989,6350115872741492891804762112,-50480,105,180,180,0,True
1733747819,21364990,6350115872741492891804762112,-50480,105,180,180,0,True
1733747831,21364991,6350115872741492891804762112,-50480,105,180,180,0,True
1733747843,21364992,6350115872741492891804762112,-50480,105,180,180,0,True
1733747855,21364993,6350115872741492891804762112,-50480,105,180,180,0,True
1733747867,21364994,6350115872741492891804762112,-50480,105,180,180,0,True
1733747879,21364995,6350115872741492891804762112,-50480,105,180,180,0,True
1733747891,21364996,6350115872741492891804762112,-50480,105,180,180,0,True
1733747903,21364997,6350115872741492891804762112,-50480,105,180,180,0,True
1733747915,21364998,6350115872741492891804762112,-50480,105,180,180,0,True
1733747927,21364999,6350115872741492891804762112,-50480,105,180,180,0,True
1733747939,21365000,6350115872741492891804762112,-50480,105,180,180,0,True
1733747951,21365001,6350115872741492891804762112,-50480,105,180,180,0,True
1733747963,21365002,6350115872741492891804762112,-50480,105,180,180,0,True
1733747975,21365003,6350115872741492891804762112,-50480,105,180,180,0,True
1733747987,21365004,6350115872741492891804762112,-50480,105,180,180,0,True
1733747999,21365005,6350115872741492891804762112,-50480,106,180,180,0,True
1733748011,21365006,6350115872741492891804762112,-50480,106,180,180,0,True
1733748023,21365007,6350115872741492891804762112,-50480,106,180,180,0,True
1733748035,21365008,6350115872741492891804762112,-50480,106,180,180,0,True
1733748047,21365009,6352868246427997520679256118,-50472,107,180,180,0,True
1733748059,21365010,6356373208782666289969573697,-50461,108,180,180,0,True
1733748071,21365011,6356373208782666289969573697,-50461,108,180,180,0,True
1733748083,21365012,6356373208782666289969573697,-50461,108,180,180,0,True
1733748095,21365013,6356373208782666289969573697,-50461,108,180,180,0,True
1733748107,21365014,6356373208782666289969573697,-50461,108,180,180,0,True
1733748119,21365015,6356373208782666289969573697,-50461,108,180,180,0,True
1733748131,21365016,6356373208782666289969573697,-50461,108,180,180,0,True
1733748143,21365017,6356373208782666289969573697,-50461,108,180,180,0,True
1733748155,21365018,6356373208782666289969573697,-50461,108,180,180,0,True
1733748167,21365019,6356373208782666289969573697,-50461,108,180,180,0,True
1733748179,21365020,6356373208782666289969573697,-50461,108,180,180,0,True
1733748191,21365021,6356373208782666289969573697,-50461,108,180,180,0,True
1733748203,21365022,6356373208782666289969573697,-50461,108,180,180,0,True
1733748215,21365023,6356373208782666289969573697,-50461,108,180,180,0,True
1733748227,21365024,6356373208782666289969573697,-50461,108,180,180,0,True
1733748239,21365025,6356373208782666289969573697,-50461,108,180,180,0,True
1733748251,21365026,6356373208782666289969573697,-50461,108,180,180,0,True
1733748263,21365027,6356373208782666289969573697,-50461,108,180,180,0,True
1733748275,21365028,6356373208782666289969573697,-50461,108,180,180,0,True
1733748287,21365029,6356373208782666289969573697,-50461,108,180,180,0,True
1733748299,21365030,6356373208782666289969573697,-50461,108,180,180,0,True
1733748311,21365031,6356373208782666289969573697,-50461,108,180,180,0,True
1733748323,21365032,6356373208782666289969573697,-50461,108,180,180,0,True
1733748335,21365033,6356373208782666289969573697,-50461,108,180,180,0,True
1733748347,21365034,6356373208782666289969573697,-50461,108,180,180,0,True
1733748359,21365035,6356373208782666289969573697,-50461,108,180,180,0,True
1733748371,21365036,6356373208782666289969573697,-50461,108,180,180,0,True
1733748383,21365037,6356373208782666289969573697,-50461,108,180,180,0,True
1733748395,21365038,6353652430565964303371136025,-50469,109,180,180,0,True
1733748407,21365039,6352075167566027842368933513,-50474,110,180,180,0,True
1733748419,21365040,6348595996393780949882503168,-50485,111,180,180,0,True
1733748431,21365041,6348595996393780949882503168,-50485,111,180,180,0,True
1733748443,21365042,6348595996393780949882503168,-50485,111,180,180,0,True
1733748455,21365043,6346143251819065555587449902,-50493,112,180,180,0,True
1733748467,21365044,6346143251819065555587449902,-50493,112,180,180,0,True
1733748479,21365045,6346143251819065555587449902,-50493,112,180,180,0,True
1733748491,21365046,6346143251819065555587449902,-50493,112,180,180,0,True
1733748503,21365047,6346143251819065555587449902,-50493,112,180,180,0,True
1733748515,21365048,6344227714663571563325614067,-50499,113,180,180,0,True
1733748527,21365049,6344227714663571563325614067,-50499,113,180,180,0,True
1733748539,21365050,6344227714663571563325614067,-50499,113,180,180,0,True
1733748551,21365051,6344227714663571563325614067,-50499,113,180,180,0,True
1733748563,21365052,6344227714663571563325614067,-50499,113,180,180,0,True
1733748575,21365053,6341450930936760244954007709,-50508,114,180,180,0,True
1733748587,21365054,6341450930936760244954007709,-50508,114,180,180,0,True
1733748599,21365055,6341450930936760244954007709,-50508,114,180,180,0,True
1733748611,21365056,6341450930936760244954007709,-50508,114,180,180,0,True
1733748623,21365057,6341450930936760244954007709,-50508,114,180,180,0,True
1733748635,21365058,6341450930936760244954007709,-50508,114,180,180,0,True
1733748647,21365059,6341450930936760244954007709,-50508,114,180,180,0,True
1733748659,21365060,6341450930936760244954007709,-50508,114,180,180,0,True
1733748671,21365061,6339199356367704752601202731,-50515,115,180,180,0,True
1733748683,21365062,6339199356367704752601202731,-50515,115,180,180,0,True
1733748695,21365063,6339199356367704752601202731,-50515,115,180,180,0,True
1733748707,21365064,6339199356367704752601202731,-50515,115,180,180,0,True
1733748719,21365065,6339199356367704752601202731,-50515,115,180,180,0,True
1733748731,21365066,6339199356367704752601202731,-50515,115,180,180,0,True
1733748743,21365067,6339199356367704752601202731,-50515,115,180,180,0,True
1733748755,21365068,6339199356367704752601202731,-50515,115,180,180,0,True
1733748767,21365069,6339199356367704752601202731,-50515,115,180,180,0,True
1733748779,21365070,6339199356367704752601202731,-50515,115,180,180,0,True
1733748791,21365071,6339199356367704752601202731,-50515,115,180,180,0,True
1733748803,21365072,6339199356367704752601202731,-50515,115,180,180,0,True
1733748815,21365073,6339199356367704752601202731,-50515,115,180,180,0,True
1733748827,21365074,6339199356367704752601202731,-50515,115,180,180,0,True
1733748839,21365075,6339199356367704752601202731,-50515,115,180,180,0,True
1733748851,21365076,6339199356367704752601202731,-50515,115,180,180,0,True
1733748863,21365077,6339199356367704752601202731,-50515,115,180,180,0,True
1733748875,21365078,6339199356367704752601202731,-50515,115,180,180,0,True
1733748887,21365079,6339199356367704752601202731,-50515,115,180,180,0,True
1733748899,21365080,6339199356367704752601202731,-50515,115,180,180,0,True
1733748911,21365081,6339199356367704752601202731,-50515,115,180,180,0,True
1733748923,21365082,6339199356367704752601202731,-50515,115,180,180,0,True
1733748935,21365083,6339199356367704752601202731,-50515,115,180,180,0,True
1733748947,21365084,6339199356367704752601202731,-50515,115,180,180,0,True
1733748959,21365085,6339199356367704752601202731,-50515,115,180,180,0,True
1733748971,21365086,6339199356367704752601202731,-50515,115,180,180,0,True
1733748983,21365087,6339199356367704752601202731,-50515,115,180,180,0,True
1733748995,21365088,6339199356367704752601202731,-50515,115,180,180,0,True
1733749007,21365089,6339199356367704752601202731,-50515,115,180,180,0,True
1733749019,21365090,6339199356367704752601202731,-50515,115,180,180,0,True
1733749031,21365091,6339199356367704752601202731,-50515,115,180,180,0,True
1733749043,21365092,6339199356367704752601202731,-50515,115,180,180,0,True
1733749055,21365093,6339199356367704752601202731,-50515,115,180,180,0,True
1733749067,21365094,6339199356367704752601202731,-50515,115,180,180,0,True
1733749079,21365095,6344452593136749746518606987,-50498,116,180,180,0,True
1733749091,21365096,6344452593136749746518606987,-50498,116,180,180,0,True
1733749115,21365097,6344452593136749746518606987,-50498,116,180,180,0,True
1733749127,21365098,6344452593136749746518606987,-50498,116,180,180,0,True
1733749139,21365099,6344452593136749746518606987,-50498,116,180,180,0,True
1733749151,21365100,6344452593136749746518606987,-50498,116,180,180,0,True
1733749163,21365101,6344452593136749746518606987,-50498,116,180,180,0,True
1733749175,21365102,6344452593136749746518606987,-50498,116,180,180,0,True
1733749187,21365103,6344452593136749746518606987,-50498,116,180,180,0,True
1733749199,21365104,6344452593136749746518606987,-50498,116,180,180,0,True
1733749211,21365105,6344452593136749746518606987,-50498,116,180,180,0,True
1733749223,21365106,6344452593136749746518606987,-50498,116,180,180,0,True
1733749235,21365107,6344452593136749746518606987,-50498,116,180,180,0,True
1733749247,21365108,6349554863431390123569282976,-50482,117,180,180,0,True
1733749259,21365109,6349554863431390123569282976,-50482,117,180,180,0,True
1733749271,21365110,6349554863431390123569282976,-50482,117,180,180,0,True
1733749283,21365111,6349554863431390123569282976,-50482,117,180,180,0,True
1733749295,21365112,6349554863431390123569282976,-50482,117,180,180,0,True
1733749307,21365113,6349554863431390123569282976,-50482,117,180,180,0,True
1733749319,21365114,6349554863431390123569282976,-50482,117,180,180,0,True
1733749331,21365115,6355742821336919367563083776,-50462,118,180,180,0,True
1733749343,21365116,6355742821336919367563083776,-50462,118,180,180,0,True
1733749355,21365117,6355742821336919367563083776,-50462,118,180,180,0,True
1733749367,21365118,6355742821336919367563083776,-50462,118,180,180,0,True
1733749379,21365119,6355742821336919367563083776,-50462,118,180,180,0,True
1733749391,21365120,6355742821336919367563083776,-50462,118,180,180,0,True
1733749403,21365121,6355742821336919367563083776,-50462,118,180,180,0,True
1733749415,21365122,6355742821336919367563083776,-50462,118,180,180,0,True
1733749427,21365123,6355742821336919367563083776,-50462,118,180,180,0,True
1733749439,21365124,6355742821336919367563083776,-50462,118,180,180,0,True
1733749451,21365125,6355742821336919367563083776,-50462,118,180,180,0,True
1733749463,21365126,6355742821336919367563083776,-50462,118,180,180,0,True
1733749475,21365127,6355742821336919367563083776,-50462,118,180,180,0,True
1733749487,21365128,6355742821336919367563083776,-50462,118,180,180,0,True
1733749499,21365129,6355742821336919367563083776,-50462,118,180,180,0,True
1733749511,21365130,6355742821336919367563083776,-50462,118,180,180,0,True
1733749523,21365131,6355742821336919367563083776,-50462,118,180,180,0,True
1733749535,21365132,6355742821336919367563083776,-50462,118,180,180,0,True
1733749547,21365133,6355742821336919367563083776,-50462,118,180,180,0,True
1733749559,21365134,6358142097809394431623490593,-50455,119,180,180,0,True
1733749571,21365135,6358142097809394431623490593,-50455,119,180,180,0,True
1733749583,21365136,6358142097809394431623490593,-50455,119,180,180,0,True
1733749595,21365137,6358142097809394431623490593,-50455,119,180,180,0,True
1733749607,21365138,6358142097809394431623490593,-50455,119,180,180,0,True
1733749619,21365139,6358142097809394431623490593,-50455,119,180,180,0,True
1733749631,21365140,6363913534464023804755574784,-50437,120,180,180,0,True
1733749643,21365141,6363913534464023804755574784,-50437,120,180,180,0,True
1733749655,21365142,6363913534464023804755574784,-50437,120,180,180,0,True
1733749667,21365143,6363913534464023804755574784,-50437,120,180,180,0,True
1733749679,21365144,6363913534464023804755574784,-50437,120,180,180,0,True
1733749691,21365145,6363913534464023804755574784,-50437,120,180,180,0,True
1733749703,21365146,6365676527782086119443478567,-50431,121,180,180,0,True
1733749715,21365147,6365676527782086119443478567,-50431,121,180,180,0,True
1733749727,21365148,6365676527782086119443478567,-50431,121,180,180,0,True
1733749739,21365149,6365676527782086119443478567,-50431,121,180,180,0,True
1733749751,21365150,6365676527782086119443478567,-50431,121,180,180,0,True
1733749763,21365151,6368155974233152958792946441,-50423,122,180,180,0,True
1733749775,21365152,6370190611053322373089651210,-50417,123,180,180,0,True
1733749787,21365153,6370190611053322373089651210,-50417,123,180,180,0,True
1733749799,21365154,6370190611053322373089651210,-50417,123,180,180,0,True
1733749811,21365155,6372669227958861106828798856,-50409,124,180,180,0,True
1733749823,21365156,6372669227958861106828798856,-50409,124,180,180,0,True
1733749835,21365157,6376408743386687566527430366,-50398,125,180,180,0,True
1733749847,21365158,6380953814729805033285771185,-50383,126,180,180,0,True
1733749859,21365159,6383499152169646088850331135,-50375,127,180,180,0,True
1733749871,21365160,6383499152169646088850331135,-50375,127,180,180,0,True
1733749883,21365161,6383499152169646088850331135,-50375,127,180,180,0,True
1733749895,21365162,6382243623340165798480033501,-50379,128,180,180,0,True
1733749907,21365163,6382243623340165798480033501,-50379,128,180,180,0,True
1733749919,21365164,6382243623340165798480033501,-50379,128,180,180,0,True
1733749931,21365165,6382243623340165798480033501,-50379,128,180,180,0,True
1733749943,21365166,6382243623340165798480033501,-50379,128,180,180,0,True
1733749955,21365167,6382243623340165798480033501,-50379,128,180,180,0,True
1733749967,21365168,6382243623340165798480033501,-50379,128,180,180,0,True
1733749979,21365169,6382243623340165798480033501,-50379,128,180,180,0,True
1733749991,21365170,6382243623340165798480033501,-50379,128,180,180,0,True
1733750003,21365171,6382243623340165798480033501,-50379,128,180,180,0,True
1733750015,21365172,6382243623340165798480033501,-50379,128,180,180,0,True
1733750027,21365173,6384005032910094898273994053,-50374,129,180,180,0,True
1733750039,21365174,6384005032910094898273994053,-50374,129,180,180,0,True
1733750051,21365175,6384005032910094898273994053,-50374,129,180,180,0,True
1733750063,21365176,6384005032910094898273994053,-50374,129,180,180,0,True
1733750075,21365177,6384005032910094898273994053,-50374,129,180,180,0,True
1733750087,21365178,6384005032910094898273994053,-50374,129,180,180,0,True
1733750099,21365179,6384005032910094898273994053,-50374,129,180,180,0,True
1733750111,21365180,6384005032910094898273994053,-50374,129,180,180,0,True
1733750123,21365181,6384005032910094898273994053,-50374,129,180,180,0,True
1733750135,21365182,6384005032910094898273994053,-50374,129,180,180,0,True
1733750147,21365183,6384005032910094898273994053,-50374,129,180,180,0,True
1733750159,21365184,6384005032910094898273994053,-50374,129,180,180,0,True
1733750171,21365185,6384005032910094898273994053,-50374,129,180,180,0,True
1733750183,21365186,6384005032910094898273994053,-50374,129,180,180,0,True
1733750195,21365187,6384005032910094898273994053,-50374,129,180,180,0,True
1733750207,21365188,6384005032910094898273994053,-50374,129,180,180,0,True
1733750219,21365189,6383926181403427740433410909,-50374,129,180,180,0,True
1733750231,21365190,6383926181403427740433410909,-50374,129,180,180,0,True
1733750243,21365191,6383926181403427740433410909,-50374,129,180,180,0,True
1733750255,21365192,6383926181403427740433410909,-50374,129,180,180,0,True
1733750267,21365193,6383926181403427740433410909,-50374,129,180,180,0,True
1733750279,21365194,6383926181403427740433410909,-50374,129,180,180,0,True
1733750291,21365195,6383926181403427740433410909,-50374,129,180,180,0,True
1733750303,21365196,6383926181403427740433410909,-50374,129,180,180,0,True
1733750315,21365197,6383926181403427740433410909,-50374,129,180,180,0,True
1733750327,21365198,6383926181403427740433410909,-50374,129,180,180,0,True
1733750339,21365199,6383926181403427740433410909,-50374,129,180,180,0,True
1733750351,21365200,6383926181403427740433410909,-50374,129,180,180,0,True
1733750363,21365201,6383926181403427740433410909,-50374,129,180,180,0,True
1733750375,21365202,6383926181403427740433410909,-50374,129,180,180,0,True
1733750387,21365203,6383926181403427740433410909,-50374,129,180,180,0,True
1733750399,21365204,6383926181403427740433410909,-50374,129,180,180,0,True
1733750411,21365205,6383926181403427740433410909,-50374,129,180,180,0,True
1733750423,21365206,6383926181403427740433410909,-50374,129,180,180,0,True
1733750435,21365207,6383926181403427740433410909,-50374,129,180,180,0,True
1733750447,21365208,6383926181403427740433410909,-50374,129,180,180,0,True
1733750459,21365209,6383926181403427740433410909,-50374,129,180,180,0,True
1733750471,21365210,6383926181403427740433410909,-50374,129,180,180,0,True
1733750483,21365211,6383926181403427740433410909,-50374,129,180,180,0,True
1733750495,21365212,6383926181403427740433410909,-50374,129,180,180,0,True
1733750507,21365213,6383926181403427740433410909,-50374,129,180,180,0,True
1733750519,21365214,6383926181403427740433410909,-50374,129,180,180,0,True
1733750531,21365215,6383926181403427740433410909,-50374,129,180,180,0,True
1733750543,21365216,6387810152360359002026016768,-50362,130,180,180,0,True
1733750555,21365217,6387810152360359002026016768,-50362,130,180,180,0,True
1733750567,21365218,6387810152360359002026016768,-50362,130,180,180,0,True
1733750579,21365219,6387810152360359002026016768,-50362,130,180,180,0,True
1733750591,21365220,6387810152360359002026016768,-50362,130,180,180,0,True
1733750603,21365221,6387810152360359002026016768,-50362,130,180,180,0,True
1733750615,21365222,6387810152360359002026016768,-50362,130,180,180,0,True
1733750627,21365223,6387810152360359002026016768,-50362,130,180,180,0,True
1733750639,21365224,6387810152360359002026016768,-50362,130,180,180,0,True
1733750651,21365225,6387810152360359002026016768,-50362,130,180,180,0,True
1733750663,21365226,6387810152360359002026016768,-50362,130,180,180,0,True
1733750675,21365227,6387810152360359002026016768,-50362,130,180,180,0,True
1733750687,21365228,6387810152360359002026016768,-50362,130,180,180,0,True
1733750699,21365229,6387810152360359002026016768,-50362,130,180,180,0,True
1733750711,21365230,6387810152360359002026016768,-50362,130,180,180,0,True
1733750723,21365231,6387810152360359002026016768,-50362,130,180,180,0,True
1733750735,21365232,6387810152360359002026016768,-50362,130,180,180,0,True
1733750747,21365233,6387810152360359002026016768,-50362,130,180,180,0,True
1733750759,21365234,6387810152360359002026016768,-50362,130,180,180,0,True
1733750771,21365235,6387810152360359002026016768,-50362,130,180,180,0,True
1733750783,21365236,6387810152360359002026016768,-50362,130,180,180,0,True
1733750795,21365237,6387810152360359002026016768,-50362,130,180,180,0,True
1733750807,21365238,6387810152360359002026016768,-50362,130,180,180,0,True
1733750819,21365239,6387810152360359002026016768,-50362,130,180,180,0,True
1733750831,21365240,6387810152360359002026016768,-50362,130,180,180,0,True
1733750843,21365241,6387810152360359002026016768,-50362,130,180,180,0,True
1733750855,21365242,6387810152360359002026016768,-50362,130,180,180,0,True
1733750867,21365243,6387810152360359002026016768,-50362,130,180,180,0,True
1733750879,21365244,6387810152360359002026016768,-50362,130,180,180,0,True
1733750891,21365245,6387810152360359002026016768,-50362,130,180,180,0,True
1733750903,21365246,6387810152360359002026016768,-50362,130,180,180,0,True
1733750915,21365247,6387810152360359002026016768,-50362,130,180,180,0,True
1733750927,21365248,6387810152360359002026016768,-50362,130,180,180,0,True
1733750939,21365249,6387810152360359002026016768,-50362,130,180,180,0,True
1733750951,21365250,6387810152360359002026016768,-50362,130,180,180,0,True
1733750963,21365251,6387810152360359002026016768,-50362,130,180,180,0,True
1733750975,21365252,6387810152360359002026016768,-50362,130,180,180,0,True
1733750987,21365253,6387810152360359002026016768,-50362,130,180,180,0,True
1733750999,21365254,6387810152360359002026016768,-50362,130,180,180,0,True
1733751011,21365255,6387810152360359002026016768,-50362,130,180,180,0,True
1733751023,21365256,6387810152360359002026016768,-50362,130,180,180,0,True
1733751035,21365257,6387810152360359002026016768,-50362,130,180,180,0,True
1733751047,21365258,6387810152360359002026016768,-50362,130,180,180,0,True
1733751059,21365259,6387810152360359002026016768,-50362,130,180,180,0,True
1733751071,21365260,6387810152360359002026016768,-50362,130,180,180,0,True
1733751083,21365261,6387810152360359002026016768,-50362,130,180,180,0,True
1733751095,21365262,6387810152360359002026016768,-50362,130,180,180,0,True
1733751107,21365263,6387810152360359002026016768,-50362,130,180,180,0,True
1733751119,21365264,6387810152360359002026016768,-50362,130,180,180,0,True
1733751131,21365265,6387810152360359002026016768,-50362,130,180,180,0,True
1733751143,21365266,6387810152360359002026016768,-50362,130,180,180,0,True
1733751155,21365267,6387810152360359002026016768,-50362,130,180,180,0,True
1733751167,21365268,6387810152360359002026016768,-50362,130,180,180,0,True
1733751179,21365269,6387810152360359002026016768,-50362,130,180,180,0,True
1733751191,21365270,6387810152360359002026016768,-50362,130,180,180,0,True
1733751203,21365271,6387810152360359002026016768,-50362,130,180,180,0,True
1733751215,21365272,6387810152360359002026016768,-50362,130,180,180,0,True
1733751227,21365273,6387810152360359002026016768,-50362,130,180,180,0,True
1733751239,21365274,6387810152360359002026016768,-50362,130,180,180,0,True
1733751251,21365275,6387810152360359002026016768,-50362,130,180,180,0,True
1733751263,21365276,6387810152360359002026016768,-50362,130,180,180,0,True
1733751275,21365277,6387810152360359002026016768,-50362,130,180,180,0,True
1733751287,21365278,6387810152360359002026016768,-50362,130,180,180,0,True
1733751299,21365279,6387810152360359002026016768,-50362,130,180,180,0,True
1733751311,21365280,6387810152360359002026016768,-50362,130,180,180,0,True
1733751323,21365281,6387810152360359002026016768,-50362,130,180,180,0,True
1733751335,21365282,6387810152360359002026016768,-50362,130,180,180,0,True
1733751347,21365283,6387810152360359002026016768,-50362,130,180,180,0,True
1733751359,21365284,6387810152360359002026016768,-50362,130,180,180,0,True
1733751371,21365285,6387810152360359002026016768,-50362,130,180,180,0,True
1733751383,21365286,6387810152360359002026016768,-50362,130,180,180,0,True
1733751395,21365287,6387810152360359002026016768,-50362,130,180,180,0,True
1733751407,21365288,6387810152360359002026016768,-50362,130,180,180,0,True
1733751419,21365289,6387810152360359002026016768,-50362,130,180,180,0,True
1733751431,21365290,6387810152360359002026016768,-50362,130,180,180,0,True
1733751443,21365291,6387810152360359002026016768,-50362,130,180,180,0,True
1733751455,21365292,6387810152360359002026016768,-50362,130,180,180,0,True
1733751467,21365293,6387810152360359002026016768,-50362,130,180,180,0,True
1733751479,21365294,6387810152360359002026016768,-50362,130,180,180,0,True
1733751491,21365295,6387810152360359002026016768,-50362,130,180,180,0,True
1733751503,21365296,6387810152360359002026016768,-50362,130,180,180,0,True
1733751515,21365297,6387810152360359002026016768,-50362,130,180,180,0,True
1733751527,21365298,6387810152360359002026016768,-50362,130,180,180,0,True
1733751539,21365299,6387810152360359002026016768,-50362,130,180,180,0,True
1733751551,21365300,6387810152360359002026016768,-50362,130,180,180,0,True
1733751563,21365301,6387810152360359002026016768,-50362,130,180,180,0,True
1733751575,21365302,6387810152360359002026016768,-50362,130,180,180,0,True
1733751587,21365303,6387810152360359002026016768,-50362,130,180,180,0,True
1733751599,21365304,6387810152360359002026016768,-50362,130,180,180,0,True
1733751611,21365305,6387810152360359002026016768,-50362,130,180,180,0,True
1733751623,21365306,6387810152360359002026016768,-50362,130,180,180,0,True
1733751635,21365307,6387810152360359002026016768,-50362,130,180,180,0,True
1733751647,21365308,6387810152360359002026016768,-50362,130,180,180,0,True
1733751659,21365309,6387810152360359002026016768,-50362,130,180,180,0,True
1733751671,21365310,6387810152360359002026016768,-50362,130,180,180,0,True
1733751683,21365311,6387810152360359002026016768,-50362,130,180,180,0,True
1733751695,21365312,6387810152360359002026016768,-50362,130,180,180,0,True
1733751707,21365313,6387810152360359002026016768,-50362,130,180,180,0,True
1733751719,21365314,6387810152360359002026016768,-50362,130,180,180,0,True
1733751731,21365315,6387810152360359002026016768,-50362,130,180,180,0,True
1733751743,21365316,6387810152360359002026016768,-50362,130,180,180,0,True
1733751755,21365317,6387810152360359002026016768,-50362,130,180,180,0,True
1733751767,21365318,6387810152360359002026016768,-50362,130,180,180,0,True
1733751779,21365319,6387810152360359002026016768,-50362,130,180,180,0,True
1733751791,21365320,6387810152360359002026016768,-50362,130,180,180,0,True
1733751803,21365321,6387810152360359002026016768,-50362,130,180,180,0,True
1733751815,21365322,6387810152360359002026016768,-50362,130,180,180,0,True
1733751827,21365323,6387810152360359002026016768,-50362,130,180,180,0,True
1733751839,21365324,6387810152360359002026016768,-50362,130,180,180,0,True
1733751851,21365325,6387810152360359002026016768,-50362,130,180,180,0,True
1733751863,21365326,6387810152360359002026016768,-50362,130,180,180,0,True
1733751875,21365327,6387810152360359002026016768,-50362,130,180,180,0,True
1733751887,21365328,6387810152360359002026016768,-50362,130,180,180,0,True
1733751899,21365329,6387810152360359002026016768,-50362,130,180,180,0,True
1733751911,21365330,6387810152360359002026016768,-50362,130,180,180,0,True
1733751923,21365331,6387810152360359002026016768,-50362,130,180,180,0,True
1733751935,21365332,6387810152360359002026016768,-50362,130,180,180,0,True
1733751947,21365333,6387810152360359002026016768,-50362,130,180,180,0,True
1733751959,21365334,6387810152360359002026016768,-50362,130,180,180,0,True
1733751971,21365335,6387810152360359002026016768,-50362,130,180,180,0,True
1733751983,21365336,6387810152360359002026016768,-50362,130,180,180,0,True
1733751995,21365337,6387810152360359002026016768,-50362,130,180,180,0,True
1733752007,21365338,6387810152360359002026016768,-50362,130,180,180,0,True
1733752019,21365339,6387810152360359002026016768,-50362,130,180,180,0,True
1733752031,21365340,6387810152360359002026016768,-50362,130,180,180,0,True
1733752043,21365341,6387810152360359002026016768,-50362,130,180,180,0,True
1733752055,21365342,6387810152360359002026016768,-50362,130,180,180,0,True
1733752067,21365343,6387810152360359002026016768,-50362,130,180,180,0,True
1733752079,21365344,6387810152360359002026016768,-50362,130,180,180,0,True
1733752091,21365345,6387810152360359002026016768,-50362,130,180,180,0,True
1733752103,21365346,6387810152360359002026016768,-50362,130,180,180,0,True
1733752115,21365347,6387810152360359002026016768,-50362,130,180,180,0,True
1733752127,21365348,6387810152360359002026016768,-50362,130,180,180,0,True
1733752139,21365349,6387810152360359002026016768,-50362,130,180,180,0,True
1733752151,21365350,6387810152360359002026016768,-50362,130,180,180,0,True
1733752163,21365351,6387810152360359002026016768,-50362,130,180,180,0,True
1733752175,21365352,6387810152360359002026016768,-50362,130,180,180,0,True
1733752187,21365353,6387810152360359002026016768,-50362,130,180,180,0,True
1733752199,21365354,6387810152360359002026016768,-50362,130,180,180,0,True
1733752211,21365355,6387810152360359002026016768,-50362,130,180,180,0,True
1733752223,21365356,6387810152360359002026016768,-50362,130,180,180,0,True
1733752235,21365357,6387698524123636388388031673,-50362,130,180,180,0,True
1733752247,21365358,6387698524123636388388031673,-50362,130,180,180,0,True
1733752259,21365359,6387698524123636388388031673,-50362,130,180,180,0,True
1733752271,21365360,6387698524123636388388031673,-50362,130,180,180,0,True
1733752283,21365361,6387698524123636388388031673,-50362,130,180,180,0,True
1733752295,21365362,6387698524123636388388031673,-50362,130,180,180,0,True
1733752307,21365363,6387698524123636388388031673,-50362,130,180,180,0,True
1733752319,21365364,6387698524123636388388031673,-50362,130,180,180,0,True
1733752331,21365365,6387698524123636388388031673,-50362,130,180,180,0,True
1733752343,21365366,6387698524123636388388031673,-50362,130,180,180,0,True
1733752355,21365367,6387698524123636388388031673,-50362,130,180,180,0,True
1733752367,21365368,6387698524123636388388031673,-50362,130,180,180,0,True
1733752379,21365369,6387698524123636388388031673,-50362,130,180,180,0,True
1733752391,21365370,6387698524123636388388031673,-50362,130,180,180,0,True
1733752403,21365371,6387698524123636388388031673,-50362,130,180,180,0,True
1733752415,21365372,6383989947100775795855982592,-50374,131,180,180,0,True
1733752427,21365373,6383989947100775795855982592,-50374,131,180,180,0,True
1733752439,21365374,6381256045158673324084581601,-50382,132,180,180,0,True
1733752451,21365375,6380657502669891035622460928,-50384,133,180,180,0,True
1733752463,21365376,6380657502669891035622460928,-50384,133,180,180,0,True
1733752475,21365377,6380657502669891035622460928,-50384,133,180,180,0,True
1733752487,21365378,6380657502669891035622460928,-50384,133,180,180,0,True
1733752499,21365379,6380657502669891035622460928,-50384,133,180,180,0,True
1733752511,21365380,6380657502669891035622460928,-50384,133,180,180,0,True
1733752523,21365381,6380657502669891035622460928,-50384,133,180,180,0,True
1733752535,21365382,6380657502669891035622460928,-50384,133,180,180,0,True
1733752547,21365383,6380657502669891035622460928,-50384,133,180,180,0,True
1733752559,21365384,6380657502669891035622460928,-50384,133,180,180,0,True
1733752571,21365385,6380657502669891035622460928,-50384,133,180,180,0,True
1733752583,21365386,6380657502669891035622460928,-50384,133,180,180,0,True
1733752595,21365387,6380657502669891035622460928,-50384,133,180,180,0,True
1733752619,21365388,6380657502669891035622460928,-50384,133,180,180,0,True
1733752631,21365389,6380657502669891035622460928,-50384,133,180,180,0,True
1733752643,21365390,6380657502669891035622460928,-50384,133,180,180,0,True
1733752655,21365391,6380657502669891035622460928,-50384,133,180,180,0,True
1733752667,21365392,6380657502669891035622460928,-50384,133,180,180,0,True
1733752679,21365393,6380657502669891035622460928,-50384,133,180,180,0,True
1733752691,21365394,6380657502669891035622460928,-50384,133,180,180,0,True
1733752703,21365395,6380657502669891035622460928,-50384,133,180,180,0,True
1733752715,21365396,6380657502669891035622460928,-50384,133,180,180,0,True
1733752727,21365397,6380657502669891035622460928,-50384,133,180,180,0,True
1733752739,21365398,6380657502669891035622460928,-50384,133,180,180,0,True
1733752751,21365399,6380657502669891035622460928,-50384,133,180,180,0,True
1733752763,21365400,6377980066874946574112044875,-50393,134,180,180,0,True
1733752775,21365401,6377980066874946574112044875,-50393,134,180,180,0,True
1733752787,21365402,6377980066874946574112044875,-50393,134,180,180,0,True
1733752799,21365403,6377980066874946574112044875,-50393,134,180,180,0,True
1733752811,21365404,6377980066874946574112044875,-50393,134,180,180,0,True
1733752823,21365405,6377980066874946574112044875,-50393,134,180,180,0,True
1733752835,21365406,6377980066874946574112044875,-50393,134,180,180,0,True
1733752847,21365407,6377980066874946574112044875,-50393,134,180,180,0,True
1733752859,21365408,6377980066874946574112044875,-50393,134,180,180,0,True
1733752871,21365409,6377980066874946574112044875,-50393,134,180,180,0,True
1733752883,21365410,6377980066874946574112044875,-50393,134,180,180,0,True
1733752895,21365411,6377980066874946574112044875,-50393,134,180,180,0,True
1733752907,21365412,6377980066874946574112044875,-50393,134,180,180,0,True
1733752919,21365413,6375129626840614372200618952,-50402,135,180,180,0,True
1733752931,21365414,6375129626840614372200618952,-50402,135,180,180,0,True
1733752943,21365415,6375129626840614372200618952,-50402,135,180,180,0,True
1733752955,21365416,6371800040189524779418516371,-50412,136,180,180,0,True
1733752967,21365417,6371800040189524779418516371,-50412,136,180,180,0,True
1733752979,21365418,6371800040189524779418516371,-50412,136,180,180,0,True
1733752991,21365419,6371800040189524779418516371,-50412,136,180,180,0,True
1733753003,21365420,6371800040189524779418516371,-50412,136,180,180,0,True
1733753015,21365421,6371800040189524779418516371,-50412,136,180,180,0,True
1733753027,21365422,6371800040189524779418516371,-50412,136,180,180,0,True
1733753039,21365423,6371800040189524779418516371,-50412,136,180,180,0,True
1733753051,21365424,6370153794089665822579289318,-50417,137,180,180,0,True
1733753063,21365425,6367274957039535313412258350,-50426,138,180,180,0,True
1733753075,21365426,6367274957039535313412258350,-50426,138,180,180,0,True
1733753087,21365427,6367274957039535313412258350,-50426,138,180,180,0,True
1733753099,21365428,6367274957039535313412258350,-50426,138,180,180,0,True
1733753111,21365429,6367274957039535313412258350,-50426,138,180,180,0,True
1733753123,21365430,6367274957039535313412258350,-50426,138,180,180,0,True
1733753135,21365431,6367274957039535313412258350,-50426,138,180,180,0,True
1733753147,21365432,6367274957039535313412258350,-50426,138,180,180,0,True
1733753159,21365433,6367274957039535313412258350,-50426,138,180,180,0,True
1733753171,21365434,6367274957039535313412258350,-50426,138,180,180,0,True
1733753183,21365435,6367274957039535313412258350,-50426,138,180,180,0,True
1733753195,21365436,6367274957039535313412258350,-50426,138,180,180,0,True
1733753207,21365437,6367274957039535313412258350,-50426,138,180,180,0,True
1733753219,21365438,6367274957039535313412258350,-50426,138,180,180,0,True
1733753231,21365439,6367274957039535313412258350,-50426,138,180,180,0,True
1733753243,21365440,6367274957039535313412258350,-50426,138,180,180,0,True
1733753255,21365441,6367274957039535313412258350,-50426,138,180,180,0,True
1733753267,21365442,6367274957039535313412258350,-50426,138,180,180,0,True
1733753279,21365443,6367274957039535313412258350,-50426,138,180,180,0,True
1733753291,21365444,6367274957039535313412258350,-50426,138,180,180,0,True
1733753303,21365445,6367274957039535313412258350,-50426,138,180,180,0,True
1733753315,21365446,6362182208338221770920164375,-50442,139,180,180,0,True
1733753327,21365447,6362182208338221770920164375,-50442,139,180,180,0,True
1733753339,21365448,6362182208338221770920164375,-50442,139,180,180,0,True
1733753351,21365449,6362182208338221770920164375,-50442,139,180,180,0,True
1733753363,21365450,6362182208338221770920164375,-50442,139,180,180,0,True
1733753375,21365451,6360504815618071682402741011,-50448,140,180,180,0,True
1733753387,21365452,6360504815618071682402741011,-50448,140,180,180,0,True
1733753399,21365453,6360504815618071682402741011,-50448,140,180,180,0,True
1733753411,21365454,6360504815618071682402741011,-50448,140,180,180,0,True
1733753423,21365455,6360504815618071682402741011,-50448,140,180,180,0,True
1733753435,21365456,6360504815618071682402741011,-50448,140,180,180,0,True
1733753447,21365457,6360504815618071682402741011,-50448,140,180,180,0,True
1733753459,21365458,6360504815618071682402741011,-50448,140,180,180,0,True
1733753471,21365459,6360504815618071682402741011,-50448,140,180,180,0,True
1733753483,21365460,6360504815618071682402741011,-50448,140,180,180,0,True
1733753495,21365461,6360504815618071682402741011,-50448,140,180,180,0,True
1733753507,21365462,6360504815618071682402741011,-50448,140,180,180,0,True
1733753519,21365463,6360504815618071682402741011,-50448,140,180,180,0,True
1733753531,21365464,6360504815618071682402741011,-50448,140,180,180,0,True
1733753543,21365465,6360504815618071682402741011,-50448,140,180,180,0,True
1733753555,21365466,6360504815618071682402741011,-50448,140,180,180,0,True
1733753567,21365467,6360504815618071682402741011,-50448,140,180,180,0,True
1733753579,21365468,6360504815618071682402741011,-50448,140,180,180,0,True
1733753591,21365469,6360504815618071682402741011,-50448,140,180,180,0,True
1733753603,21365470,6356757276535875627099883086,-50459,141,180,180,0,True
1733753615,21365471,6354300175099558039656485261,-50467,142,180,180,0,True
1733753627,21365472,6354300175099558039656485261,-50467,142,180,180,0,True
1733753639,21365473,6354300175099558039656485261,-50467,142,180,180,0,True
1733753651,21365474,6354300175099558039656485261,-50467,142,180,180,0,True
1733753663,21365475,6354300175099558039656485261,-50467,142,180,180,0,True
1733753675,21365476,6355170600955760777639399797,-50464,143,180,180,0,True
1733753687,21365477,6355170600955760777639399797,-50464,143,180,180,0,True
1733753699,21365478,6355170600955760777639399797,-50464,143,180,180,0,True
1733753711,21365479,6355170600955760777639399797,-50464,143,180,180,0,True
1733753723,21365480,6355170600955760777639399797,-50464,143,180,180,0,True
1733753735,21365481,6355170600955760777639399797,-50464,143,180,180,0,True
1733753747,21365482,6355170600955760777639399797,-50464,143,180,180,0,True
1733753759,21365483,6355170600955760777639399797,-50464,143,180,180,0,True
1733753771,21365484,6355170600955760777639399797,-50464,143,180,180,0,True
1733753783,21365485,6355170600955760777639399797,-50464,143,180,180,0,True
1733753795,21365486,6355170600955760777639399797,-50464,143,180,180,0,True
1733753807,21365487,6355170600955760777639399797,-50464,143,180,180,0,True
1733753819,21365488,6355170600955760777639399797,-50464,143,180,180,0,True
1733753831,21365489,6355170600955760777639399797,-50464,143,180,180,0,True
1733753843,21365490,6355170600955760777639399797,-50464,143,180,180,0,True
1733753855,21365491,6355170600955760777639399797,-50464,143,180,180,0,True
1733753867,21365492,6355170600955760777639399797,-50464,143,180,180,0,True
1733753879,21365493,6355170600955760777639399797,-50464,143,180,180,0,True
1733753891,21365494,6355170600955760777639399797,-50464,143,180,180,0,True
1733753903,21365495,6355170600955760777639399797,-50464,143,180,180,0,True
1733753915,21365496,6355170600955760777639399797,-50464,143,180,180,0,True
1733753927,21365497,6355170600955760777639399797,-50464,143,180,180,0,True
1733753939,21365498,6355170600955760777639399797,-50464,143,180,180,0,True
1733753951,21365499,6355170600955760777639399797,-50464,143,180,180,0,True
1733753963,21365500,6355170600955760777639399797,-50464,143,180,180,0,True
1733753975,21365501,6355170600955760777639399797,-50464,143,180,180,0,True
1733753987,21365502,6355170600955760777639399797,-50464,143,180,180,0,True
1733753999,21365503,6355170600955760777639399797,-50464,143,180,180,0,True
1733754011,21365504,6355170600955760777639399797,-50464,143,180,180,0,True
1733754023,21365505,6355170600955760777639399797,-50464,143,180,180,0,True
1733754035,21365506,6355170600955760777639399797,-50464,143,180,180,0,True
1733754047,21365507,6355170600955760777639399797,-50464,143,180,180,0,True
1733754059,21365508,6355170600955760777639399797,-50464,143,180,180,0,True
1733754071,21365509,6355170600955760777639399797,-50464,143,180,180,0,True
1733754083,21365510,6355170600955760777639399797,-50464,143,180,180,0,True
1733754095,21365511,6355170600955760777639399797,-50464,143,180,180,0,True
1733754107,21365512,6355170600955760777639399797,-50464,143,180,180,0,True
1733754119,21365513,6355170600955760777639399797,-50464,143,180,180,0,True
1733754131,21365514,6355170600955760777639399797,-50464,143,180,180,0,True
1733754143,21365515,6352901941554812360561038052,-50471,144,180,180,0,True
1733754155,21365516,6352901941554812360561038052,-50471,144,180,180,0,True
1733754167,21365517,6352329284957339372846186891,-50473,145,180,180,0,True
1733754179,21365518,6352329284957339372846186891,-50473,145,180,180,0,True
1733754191,21365519,6352329284957339372846186891,-50473,145,180,180,0,True
1733754203,21365520,6350659763065197735470604124,-50478,146,180,180,0,True
1733754215,21365521,6350659763065197735470604124,-50478,146,180,180,0,True
1733754227,21365522,6350659763065197735470604124,-50478,146,180,180,0,True
1733754239,21365523,6350659763065197735470604124,-50478,146,180,180,0,True
1733754251,21365524,6349879314082180081128122752,-50481,147,180,180,0,True
1733754263,21365525,6349879314082180081128122752,-50481,147,180,180,0,True
1733754275,21365526,6349879314082180081128122752,-50481,147,180,180,0,True
1733754287,21365527,6349879314082180081128122752,-50481,147,180,180,0,True
1733754299,21365528,6349879314082180081128122752,-50481,147,180,180,0,True
1733754311,21365529,6349879314082180081128122752,-50481,147,180,180,0,True
1733754323,21365530,6349879314082180081128122752,-50481,147,180,180,0,True
1733754335,21365531,6349879314082180081128122752,-50481,147,180,180,0,True
1733754347,21365532,6349879314082180081128122752,-50481,147,180,180,0,True
1733754359,21365533,6349879314082180081128122752,-50481,147,180,180,0,True
1733754371,21365534,6349919232991319564973411868,-50481,147,180,180,0,True
1733754383,21365535,6349919232991319564973411868,-50481,147,180,180,0,True
1733754395,21365536,6349919232991319564973411868,-50481,147,180,180,0,True
1733754407,21365537,6349919232991319564973411868,-50481,147,180,180,0,True
1733754419,21365538,6349919232991319564973411868,-50481,147,180,180,0,True
1733754431,21365539,6349919232991319564973411868,-50481,147,180,180,0,True
1733754443,21365540,6350114810215892535741411346,-50480,148,180,180,0,True
1733754455,21365541,6350114810215892535741411346,-50480,148,180,180,0,True
1733754467,21365542,6350114810215892535741411346,-50480,148,180,180,0,True
1733754479,21365543,6350114810215892535741411346,-50480,148,180,180,0,True
1733754491,21365544,6350114810215892535741411346,-50480,148,180,180,0,True
1733754503,21365545,6350114810215892535741411346,-50480,148,180,180,0,True
1733754515,21365546,6350114810215892535741411346,-50480,148,180,180,0,True
1733754527,21365547,6350114810215892535741411346,-50480,148,180,180,0,True
1733754539,21365548,6350114810215892535741411346,-50480,148,180,180,0,True
1733754551,21365549,6350114810215892535741411346,-50480,148,180,180,0,True
1733754563,21365550,6350114810215892535741411346,-50480,148,180,180,0,True
1733754575,21365551,6350114810215892535741411346,-50480,148,180,180,0,True
1733754587,21365552,6350114810215892535741411346,-50480,148,180,180,0,True
1733754599,21365553,6350114810215892535741411346,-50480,148,180,180,0,True
1733754611,21365554,6350114810215892535741411346,-50480,148,180,180,0,True
1733754623,21365555,6350114810215892535741411346,-50480,148,180,180,0,True
1733754635,21365556,6350114810215892535741411346,-50480,148,180,180,0,True
1733754647,21365557,6350114810215892535741411346,-50480,148,180,180,0,True
1733754659,21365558,6349937805995431658588006837,-50481,149,180,180,0,True
1733754671,21365559,6349937805995431658588006837,-50481,149,180,180,0,True
1733754683,21365560,6349937805995431658588006837,-50481,149,180,180,0,True
1733754695,21365561,6349937805995431658588006837,-50481,149,180,180,0,True
1733754707,21365562,6349937805995431658588006837,-50481,149,180,180,0,True
1733754719,21365563,6349937805995431658588006837,-50481,149,180,180,0,True
1733754731,21365564,6349937805995431658588006837,-50481,149,180,180,0,True
1733754743,21365565,6349937805995431658588006837,-50481,149,180,180,0,True
1733754755,21365566,6349937805995431658588006837,-50481,149,180,180,0,True
1733754767,21365567,6349937805995431658588006837,-50481,149,180,180,0,True
1733754779,21365568,6349937805995431658588006837,-50481,149,180,180,0,True
1733754791,21365569,6349937805995431658588006837,-50481,149,180,180,0,True
1733754803,21365570,6349937805995431658588006837,-50481,149,180,180,0,True
1733754815,21365571,6349937805995431658588006837,-50481,149,180,180,0,True
1733754827,21365572,6349937805995431658588006837,-50481,149,180,180,0,True
1733754839,21365573,6349937805995431658588006837,-50481,149,180,180,0,True
1733754851,21365574,6349937805995431658588006837,-50481,149,180,180,0,True
1733754863,21365575,6349937805995431658588006837,-50481,149,180,180,0,True
1733754875,21365576,6349937805995431658588006837,-50481,149,180,180,0,True
1733754887,21365577,6349937805995431658588006837,-50481,149,180,180,0,True
1733754899,21365578,6349937805995431658588006837,-50481,149,180,180,0,True
1733754911,21365579,6349937805995431658588006837,-50481,149,180,180,0,True
1733754923,21365580,6349937805995431658588006837,-50481,149,180,180,0,True
1733754935,21365581,6349937805995431658588006837,-50481,149,180,180,0,True
1733754947,21365582,6349937805995431658588006837,-50481,149,180,180,0,True
1733754959,21365583,6349937805995431658588006837,-50481,149,180,180,0,True
1733754971,21365584,6349937805995431658588006837,-50481,149,180,180,0,True
1733754983,21365585,6349937805995431658588006837,-50481,149,180,180,0,True
1733754995,21365586,6349937805995431658588006837,-50481,149,180,180,0,True
1733755007,21365587,6349937805995431658588006837,-50481,149,180,180,0,True
1733755019,21365588,6349937805995431658588006837,-50481,149,180,180,0,True
1733755031,21365589,6349937805995431658588006837,-50481,149,180,180,0,True
1733755043,21365590,6349937805995431658588006837,-50481,149,180,180,0,True
1733755055,21365591,6349937805995431658588006837,-50481,149,180,180,0,True
1733755067,21365592,6349937805995431658588006837,-50481,149,180,180,0,True
1733755079,21365593,6349937805995431658588006837,-50481,149,180,180,0,True
1733755091,21365594,6349937805995431658588006837,-50481,149,180,180,0,True
1733755103,21365595,6349937805995431658588006837,-50481,149,180,180,0,True
1733755115,21365596,6349937805995431658588006837,-50481,149,180,180,0,True
1733755127,21365597,6349937805995431658588006837,-50481,149,180,180,0,True
1733755139,21365598,6349937805995431658588006837,-50481,149,180,180,0,True
1733755151,21365599,6349937805995431658588006837,-50481,149,180,180,0,True
1733755163,21365600,6349937805995431658588006837,-50481,149,180,180,0,True
1733755175,21365601,6349937805995431658588006837,-50481,149,180,180,0,True
1733755187,21365602,6349937805995431658588006837,-50481,149,180,180,0,True
1733755199,21365603,6349937805995431658588006837,-50481,149,180,180,0,True
1733755211,21365604,6349937805995431658588006837,-50481,149,180,180,0,True
1733755223,21365605,6349937805995431658588006837,-50481,149,180,180,0,True
1733755235,21365606,6349937805995431658588006837,-50481,149,180,180,0,True
1733755247,21365607,6349937805995431658588006837,-50481,149,180,180,0,True
1733755259,21365608,6349937805995431658588006837,-50481,149,180,180,0,True
1733755271,21365609,6349937805995431658588006837,-50481,149,180,180,0,True
1733755283,21365610,6349937805995431658588006837,-50481,149,180,180,0,True
1733755295,21365611,6349937805995431658588006837,-50481,149,180,180,0,True
1733755307,21365612,6348645822128276515858357250,-50485,150,180,180,0,True
1733755319,21365613,6348645822128276515858357250,-50485,150,180,180,0,True
1733755331,21365614,6353048245611290613927371528,-50471,151,180,180,0,True
1733755343,21365615,6353048245611290613927371528,-50471,151,180,180,0,True
1733755355,21365616,6353048245611290613927371528,-50471,151,180,180,0,True
1733755367,21365617,6353048245611290613927371528,-50471,151,180,180,0,True
1733755379,21365618,6353048245611290613927371528,-50471,151,180,180,0,True
1733755391,21365619,6353048245611290613927371528,-50471,151,180,180,0,True
1733755403,21365620,6353048245611290613927371528,-50471,151,180,180,0,True
1733755415,21365621,6353048245611290613927371528,-50471,151,180,180,0,True
1733755427,21365622,6353048245611290613927371528,-50471,151,180,180,0,True
1733755439,21365623,6353048245611290613927371528,-50471,151,180,180,0,True
1733755451,21365624,6353048245611290613927371528,-50471,151,180,180,0,True
1733755463,21365625,6353048245611290613927371528,-50471,151,180,180,0,True
1733755475,21365626,6353048245611290613927371528,-50471,151,180,180,0,True
1733755487,21365627,6353048245611290613927371528,-50471,151,180,180,0,True
1733755499,21365628,6353048245611290613927371528,-50471,151,180,180,0,True
1733755511,21365629,6353048245611290613927371528,-50471,151,180,180,0,True
1733755523,21365630,6353048245611290613927371528,-50471,151,180,180,0,True
1733755535,21365631,6353048245611290613927371528,-50471,151,180,180,0,True
1733755547,21365632,6353048245611290613927371528,-50471,151,180,180,0,True
1733755559,21365633,6353048245611290613927371528,-50471,151,180,180,0,True
1733755571,21365634,6353048245611290613927371528,-50471,151,180,180,0,True
1733755583,21365635,6353048245611290613927371528,-50471,151,180,180,0,True
1733755595,21365636,6353048245611290613927371528,-50471,151,180,180,0,True
1733755607,21365637,6358906802246263847099521423,-50453,152,180,180,0,True
1733755619,21365638,6358906802246263847099521423,-50453,152,180,180,0,True
1733755631,21365639,6358906802246263847099521423,-50453,152,180,180,0,True
1733755643,21365640,6361345026469988524929053893,-50445,153,180,180,0,True
1733755655,21365641,6361345026469988524929053893,-50445,153,180,180,0,True
1733755667,21365642,6365795018284137439288754571,-50431,154,180,180,0,True
1733755679,21365643,6368764125317781448016599079,-50422,155,180,180,0,True
1733755691,21365644,6368764125317781448016599079,-50422,155,180,180,0,True
1733755703,21365645,6368764125317781448016599079,-50422,155,180,180,0,True
1733755715,21365646,6372167716556162207872042164,-50411,156,180,180,0,True
1733755727,21365647,6376995565010560797917577216,-50396,157,180,180,0,True
1733755739,21365648,6376995565010560797917577216,-50396,157,180,180,0,True
1733755751,21365649,6376995565010560797917577216,-50396,157,180,180,0,True
1733755763,21365650,6376995565010560797917577216,-50396,157,180,180,0,True
1733755775,21365651,6376995565010560797917577216,-50396,157,180,180,0,True
1733755787,21365652,6376995565010560797917577216,-50396,157,180,180,0,True
1733755799,21365653,6376995565010560797917577216,-50396,157,180,180,0,True
1733755811,21365654,6376995565010560797917577216,-50396,157,180,180,0,True
1733755823,21365655,6380141259861563127860559872,-50386,158,180,180,0,True
1733755835,21365656,6380141259861563127860559872,-50386,158,180,180,0,True
1733755847,21365657,6380141259861563127860559872,-50386,158,180,180,0,True
1733755859,21365658,6380141259861563127860559872,-50386,158,180,180,0,True
1733755871,21365659,6380141259861563127860559872,-50386,158,180,180,0,True
1733755883,21365660,6383055491507253065570604559,-50377,159,180,180,0,True
1733755895,21365661,6386972116956071281749396011,-50364,160,180,180,0,True
1733755907,21365662,6388604105878359200268513295,-50359,161,180,180,0,True
1733755919,21365663,6388604105878359200268513295,-50359,161,180,180,0,True
1733755931,21365664,6388604105878359200268513295,-50359,161,180,180,0,True
1733755943,21365665,6388604105878359200268513295,-50359,161,180,180,0,True
1733755955,21365666,6388604105878359200268513295,-50359,161,180,180,0,True
1733755967,21365667,6390132646478105741123998011,-50355,162,180,180,0,True
1733755979,21365668,6390132646478105741123998011,-50355,162,180,180,0,True
1733755991,21365669,6390132646478105741123998011,-50355,162,180,180,0,True
1733756003,21365670,6390132646478105741123998011,-50355,162,180,180,0,True
1733756015,21365671,6390132646478105741123998011,-50355,162,180,180,0,True
1733756027,21365672,6391993095543473824336163653,-50349,163,180,180,0,True
1733756039,21365673,6391993095543473824336163653,-50349,163,180,180,0,True
1733756051,21365674,6391993095543473824336163653,-50349,163,180,180,0,True
1733756063,21365675,6391993095543473824336163653,-50349,163,180,180,0,True
1733756075,21365676,6391993095543473824336163653,-50349,163,180,180,0,True
1733756087,21365677,6392283798908739538447818069,-50348,164,180,180,0,True
1733756099,21365678,6392283798908739538447818069,-50348,164,180,180,0,True
1733756111,21365679,6392283798908739538447818069,-50348,164,180,180,0,True
1733756123,21365680,6392283798908739538447818069,-50348,164,180,180,0,True
1733756135,21365681,6392283798908739538447818069,-50348,164,180,180,0,True
1733756147,21365682,6392283798908739538447818069,-50348,164,180,180,0,True
1733756159,21365683,6394056999924152812539681779,-50342,165,180,180,0,True
1733756171,21365684,6396276971518642779413363221,-50335,166,180,180,0,True
1733756183,21365685,6398133049345791575011298124,-50330,167,180,180,0,True
1733756195,21365686,6404406646116017673096628306,-50310,168,180,180,0,True
1733756207,21365687,6404406646116017673096628306,-50310,168,180,180,0,True
1733756219,21365688,6404406646116017673096628306,-50310,168,180,180,0,True
1733756231,21365689,6404406646116017673096628306,-50310,168,180,180,0,True
1733756243,21365690,6404406646116017673096628306,-50310,168,180,180,0,True
1733756255,21365691,6404406646116017673096628306,-50310,168,180,180,0,True
1733756267,21365692,6404406646116017673096628306,-50310,168,180,180,0,True
1733756279,21365693,6404406646116017673096628306,-50310,168,180,180,0,True
1733756291,21365694,6404406646116017673096628306,-50310,168,180,180,0,True
1733756303,21365695,6404406646116017673096628306,-50310,168,180,180,0,True
1733756315,21365696,6404406646116017673096628306,-50310,168,180,180,0,True
1733756327,21365697,6404406646116017673096628306,-50310,168,180,180,0,True
1733756339,21365698,6404406646116017673096628306,-50310,168,180,180,0,True
1733756351,21365699,6404406646116017673096628306,-50310,168,180,180,0,True
1733756363,21365700,6404406646116017673096628306,-50310,168,180,180,0,True
1733756375,21365701,6406591454666718616927850655,-50303,169,180,180,0,True
1733756387,21365702,6406591454666718616927850655,-50303,169,180,180,0,True
1733756399,21365703,6406591454666718616927850655,-50303,169,180,180,0,True
1733756411,21365704,6406591454666718616927850655,-50303,169,180,180,0,True
1733756423,21365705,6406591454666718616927850655,-50303,169,180,180,0,True
1733756435,21365706,6406591454666718616927850655,-50303,169,180,180,0,True
1733756447,21365707,6406591454666718616927850655,-50303,169,180,180,0,True
1733756459,21365708,6406591454666718616927850655,-50303,169,180,180,0,True
1733756471,21365709,6406591454666718616927850655,-50303,169,180,180,0,True
1733756483,21365710,6406591454666718616927850655,-50303,169,180,180,0,True
1733756495,21365711,6406591454666718616927850655,-50303,169,180,180,0,True
1733756507,21365712,6406591454666718616927850655,-50303,169,180,180,0,True
1733756519,21365713,6406591454666718616927850655,-50303,169,180,180,0,True
1733756531,21365714,6406591454666718616927850655,-50303,169,180,180,0,True
1733756543,21365715,6406591454666718616927850655,-50303,169,180,180,0,True
1733756555,21365716,6406591454666718616927850655,-50303,169,180,180,0,True
1733756567,21365717,6406591454666718616927850655,-50303,169,180,180,0,True
1733756579,21365718,6406591454666718616927850655,-50303,169,180,180,0,True
1733756591,21365719,6406591454666718616927850655,-50303,169,180,180,0,True
1733756603,21365720,6406591454666718616927850655,-50303,169,180,180,0,True
1733756615,21365721,6406591454666718616927850655,-50303,169,180,180,0,True
1733756627,21365722,6406591454666718616927850655,-50303,169,180,180,0,True
1733756639,21365723,6406591454666718616927850655,-50303,169,180,180,0,True
1733756651,21365724,6406591454666718616927850655,-50303,169,180,180,0,True
1733756663,21365725,6406591454666718616927850655,-50303,169,180,180,0,True
1733756675,21365726,6406591454666718616927850655,-50303,169,180,180,0,True
1733756687,21365727,6406591454666718616927850655,-50303,169,180,180,0,True
1733756699,21365728,6406591454666718616927850655,-50303,169,180,180,0,True
1733756711,21365729,6406591454666718616927850655,-50303,169,180,180,0,True
1733756723,21365730,6406591454666718616927850655,-50303,169,180,180,0,True
1733756735,21365731,6406591454666718616927850655,-50303,169,180,180,0,True
1733756747,21365732,6406591454666718616927850655,-50303,169,180,180,0,True
1733756759,21365733,6406591454666718616927850655,-50303,169,180,180,0,True
1733756771,21365734,6406591454666718616927850655,-50303,169,180,180,0,True
1733756783,21365735,6406591454666718616927850655,-50303,169,180,180,0,True
1733756795,21365736,6402808688652915783821236450,-50315,170,180,180,0,True
1733756807,21365737,6402808688652915783821236450,-50315,170,180,180,0,True
1733756819,21365738,6402808688652915783821236450,-50315,170,180,180,0,True
1733756831,21365739,6402808688652915783821236450,-50315,170,180,180,0,True
1733756843,21365740,6399784624482287597620014228,-50324,171,180,180,0,True
1733756855,21365741,6399784624482287597620014228,-50324,171,180,180,0,True
1733756867,21365742,6396981728976841863602458900,-50333,172,180,180,0,True
1733756879,21365743,6396981728976841863602458900,-50333,172,180,180,0,True
1733756891,21365744,6396981728976841863602458900,-50333,172,180,180,0,True
1733756903,21365745,6394624173666555422967967898,-50340,173,180,180,0,True
1733756915,21365746,6394624173666555422967967898,-50340,173,180,180,0,True
1733756927,21365747,6394624173666555422967967898,-50340,173,180,180,0,True
1733756939,21365748,6394624173666555422967967898,-50340,173,180,180,0,True
1733756951,21365749,6394624173666555422967967898,-50340,173,180,180,0,True
1733756963,21365750,6394624173666555422967967898,-50340,173,180,180,0,True
1733756975,21365751,6394624173666555422967967898,-50340,173,180,180,0,True
1733756987,21365752,6394624173666555422967967898,-50340,173,180,180,0,True
1733756999,21365753,6394624173666555422967967898,-50340,173,180,180,0,True
1733757011,21365754,6394624173666555422967967898,-50340,173,180,180,0,True
1733757023,21365755,6394624173666555422967967898,-50340,173,180,180,0,True
1733757035,21365756,6394624173666555422967967898,-50340,173,180,180,0,True
1733757047,21365757,6394624173666555422967967898,-50340,173,180,180,0,True
1733757059,21365758,6394624173666555422967967898,-50340,173,180,180,0,True
1733757071,21365759,6391153549083073711127396247,-50351,174,180,180,0,True
1733757083,21365760,6391153549083073711127396247,-50351,174,180,180,0,True
1733757095,21365761,6391153549083073711127396247,-50351,174,180,180,0,True
1733757107,21365762,6391153549083073711127396247,-50351,174,180,180,0,True
1733757119,21365763,6391153549083073711127396247,-50351,174,180,180,0,True
1733757131,21365764,6391153549083073711127396247,-50351,174,180,180,0,True
1733757143,21365765,6391153549083073711127396247,-50351,174,180,180,0,True
1733757155,21365766,6391153549083073711127396247,-50351,174,180,180,0,True
1733757167,21365767,6391153549083073711127396247,-50351,174,180,180,0,True
1733757179,21365768,6391153549083073711127396247,-50351,174,180,180,0,True
1733757191,21365769,6391153549083073711127396247,-50351,174,180,180,0,True
1733757203,21365770,6391153549083073711127396247,-50351,174,180,180,0,True
1733757215,21365771,6391153549083073711127396247,-50351,174,180,180,0,True
1733757227,21365772,6391153549083073711127396247,-50351,174,180,180,0,True
1733757239,21365773,6391153549083073711127396247,-50351,174,180,180,0,True
1733757251,21365774,6391153549083073711127396247,-50351,174,180,180,0,True
1733757263,21365775,6391153549083073711127396247,-50351,174,180,180,0,True
1733757275,21365776,6391153549083073711127396247,-50351,174,180,180,0,True
1733757287,21365777,6391153549083073711127396247,-50351,174,180,180,0,True
1733757299,21365778,6391153549083073711127396247,-50351,174,180,180,0,True
1733757311,21365779,6391153549083073711127396247,-50351,174,180,180,0,True
1733757323,21365780,6387805083228141944804735896,-50362,175,180,180,0,True
1733757335,21365781,6387805083228141944804735896,-50362,175,180,180,0,True
1733757347,21365782,6385738345079336296999446296,-50368,176,180,180,0,True
1733757359,21365783,6381526189844688503440407795,-50382,177,180,180,0,True
1733757371,21365784,6381526189844688503440407795,-50382,177,180,180,0,True
1733757383,21365785,6381526189844688503440407795,-50382,177,180,180,0,True
1733757395,21365786,6381526189844688503440407795,-50382,177,180,180,0,True
1733757407,21365787,6381526189844688503440407795,-50382,177,180,180,0,True
1733757419,21365788,6381526189844688503440407795,-50382,177,180,180,0,True
1733757431,21365789,6381526189844688503440407795,-50382,177,180,180,0,True
1733757443,21365790,6381526189844688503440407795,-50382,177,180,180,0,True
1733757455,21365791,6379050132818774797087273397,-50389,178,180,180,0,True
1733757467,21365792,6379050132818774797087273397,-50389,178,180,180,0,True
1733757479,21365793,6379050132818774797087273397,-50389,178,180,180,0,True
1733757491,21365794,6375906047213106752647005951,-50399,179,180,180,0,True
1733757503,21365795,6374104411697621306300949542,-50405,0,180,180,0,True
1733757515,21365796,6372360972713984806870553683,-50410,1,180,180,0,True
1733757527,21365797,6372360972713984806870553683,-50410,1,180,180,0,True
1733757539,21365798,6372360972713984806870553683,-50410,1,180,180,0,True
1733757551,21365799,6372360972713984806870553683,-50410,1,180,180,0,True
1733757563,21365800,6370460288590231883213780058,-50416,2,180,180,0,True
1733757575,21365801,6370460288590231883213780058,-50416,2,180,180,0,True
1733757587,21365802,6370460288590231883213780058,-50416,2,180,180,0,True
1733757599,21365803,6370460288590231883213780058,-50416,2,180,180,0,True
1733757611,21365804,6370460288590231883213780058,-50416,2,180,180,0,True
1733757623,21365805,6368722160471948589992653738,-50422,3,180,180,0,True
1733757635,21365806,6368722160471948589992653738,-50422,3,180,180,0,True
1733757647,21365807,6368722160471948589992653738,-50422,3,180,180,0,True
1733757659,21365808,6368722160471948589992653738,-50422,3,180,180,0,True
1733757683,21365809,6368722160471948589992653738,-50422,3,180,180,0,True
1733757695,21365810,6368722160471948589992653738,-50422,3,180,180,0,True
1733757707,21365811,6368722160471948589992653738,-50422,3,180,180,0,True
1733757719,21365812,6368722160471948589992653738,-50422,3,180,180,0,True
1733757731,21365813,6368722160471948589992653738,-50422,3,180,180,0,True
1733757743,21365814,6368722160471948589992653738,-50422,3,180,180,0,True
1733757755,21365815,6368722160471948589992653738,-50422,3,180,180,0,True
1733757767,21365816,6368722160471948589992653738,-50422,3,180,180,0,True
1733757779,21365817,6368722160471948589992653738,-50422,3,180,180,0,True
1733757803,21365818,6368722160471948589992653738,-50422,3,180,180,0,True
1733757815,21365819,6364954155871570872530949014,-50434,4,180,180,0,True
1733757827,21365820,6364954155871570872530949014,-50434,4,180,180,0,True
1733757839,21365821,6364954155871570872530949014,-50434,4,180,180,0,True
1733757863,21365822,6364954155871570872530949014,-50434,4,180,180,0,True
1733757887,21365823,6364954155871570872530949014,-50434,4,180,180,0,True
1733757899,21365824,6364954155871570872530949014,-50434,4,180,180,0,True
1733757911,21365825,6364954155871570872530949014,-50434,4,180,180,0,True
1733757923,21365826,6364954155871570872530949014,-50434,4,180,180,0,True
1733757935,21365827,6362369783320891180238609614,-50442,5,180,180,0,True
1733757947,21365828,6362369783320891180238609614,-50442,5,180,180,0,True
1733757959,21365829,6362369783320891180238609614,-50442,5,180,180,0,True
1733757971,21365830,6360439528671655713885191933,-50448,6,180,180,0,True
1733757983,21365831,6360439528671655713885191933,-50448,6,180,180,0,True
1733757995,21365832,6360439528671655713885191933,-50448,6,180,180,0,True
1733758007,21365833,6360439528671655713885191933,-50448,6,180,180,0,True
1733758019,21365834,6360782496667000067632897724,-50447,7,180,180,0,True
1733758031,21365835,6360782496667000067632897724,-50447,7,180,180,0,True
1733758043,21365836,6360782496667000067632897724,-50447,7,180,180,0,True
1733758055,21365837,6360782496667000067632897724,-50447,7,180,180,0,True
1733758067,21365838,6360782496667000067632897724,-50447,7,180,180,0,True
1733758079,21365839,6360782496667000067632897724,-50447,7,180,180,0,True
1733758091,21365840,6360782496667000067632897724,-50447,7,180,180,0,True
1733758103,21365841,6360782496667000067632897724,-50447,7,180,180,0,True
1733758115,21365842,6360782496667000067632897724,-50447,7,180,180,0,True
1733758127,21365843,6360782496667000067632897724,-50447,7,180,180,0,True
1733758139,21365844,6360782496667000067632897724,-50447,7,180,180,0,True
1733758151,21365845,6360782496667000067632897724,-50447,7,180,180,0,True
1733758163,21365846,6360782496667000067632897724,-50447,7,180,180,0,True
1733758175,21365847,6360782496667000067632897724,-50447,7,180,180,0,True
1733758187,21365848,6360782496667000067632897724,-50447,7,180,180,0,True
1733758199,21365849,6360782496667000067632897724,-50447,7,180,180,0,True
1733758211,21365850,6360782496667000067632897724,-50447,7,180,180,0,True
1733758223,21365851,6360782496667000067632897724,-50447,7,180,180,0,True
1733758235,21365852,6360782496667000067632897724,-50447,7,180,180,0,True
1733758247,21365853,6360782496667000067632897724,-50447,7,180,180,0,True
1733758259,21365854,6360782496667000067632897724,-50447,7,180,180,0,True
1733758271,21365855,6360782496667000067632897724,-50447,7,180,180,0,True
1733758283,21365856,6360782496667000067632897724,-50447,7,180,180,0,True
1733758295,21365857,6360782496667000067632897724,-50447,7,180,180,0,True
1733758307,21365858,6360782496667000067632897724,-50447,7,180,180,0,True
1733758319,21365859,6360782496667000067632897724,-50447,7,180,180,0,True
1733758331,21365860,6360782496667000067632897724,-50447,7,180,180,0,True
1733758343,21365861,6360782496667000067632897724,-50447,7,180,180,0,True
1733758355,21365862,6360782496667000067632897724,-50447,7,180,180,0,True
1733758367,21365863,6360782496667000067632897724,-50447,7,180,180,0,True
1733758379,21365864,6360782496667000067632897724,-50447,7,180,180,0,True
1733758391,21365865,6360782496667000067632897724,-50447,7,180,180,0,True
1733758403,21365866,6360782496667000067632897724,-50447,7,180,180,0,True
1733758415,21365867,6360782496667000067632897724,-50447,7,180,180,0,True
1733758427,21365868,6360782496667000067632897724,-50447,7,180,180,0,True
1733758439,21365869,6360782496667000067632897724,-50447,7,180,180,0,True
1733758451,21365870,6360782496667000067632897724,-50447,7,180,180,0,True
1733758463,21365871,6360782496667000067632897724,-50447,7,180,180,0,True
1733758475,21365872,6360782496667000067632897724,-50447,7,180,180,0,True
1733758487,21365873,6360782496667000067632897724,-50447,7,180,180,0,True
1733758499,21365874,6360782496667000067632897724,-50447,7,180,180,0,True
1733758511,21365875,6360782496667000067632897724,-50447,7,180,180,0,True
1733758523,21365876,6360782496667000067632897724,-50447,7,180,180,0,True
1733758535,21365877,6360782496667000067632897724,-50447,7,180,180,0,True
1733758547,21365878,6360782496667000067632897724,-50447,7,180,180,0,True
1733758559,21365879,6360782496667000067632897724,-50447,7,180,180,0,True
1733758571,21365880,6360782496667000067632897724,-50447,7,180,180,0,True
1733758583,21365881,6360782496667000067632897724,-50447,7,180,180,0,True
1733758595,21365882,6360782496667000067632897724,-50447,7,180,180,0,True
1733758607,21365883,6360782496667000067632897724,-50447,7,180,180,0,True
1733758619,21365884,6360782496667000067632897724,-50447,7,180,180,0,True
1733758631,21365885,6360782496667000067632897724,-50447,7,180,180,0,True
1733758643,21365886,6360782496667000067632897724,-50447,7,180,180,0,True
1733758655,21365887,6360782496667000067632897724,-50447,7,180,180,0,True
1733758667,21365888,6360782496667000067632897724,-50447,7,180,180,0,True
1733758679,21365889,6360782496667000067632897724,-50447,7,180,180,0,True
1733758691,21365890,6360782496667000067632897724,-50447,7,180,180,0,True
1733758703,21365891,6360782496667000067632897724,-50447,7,180,180,0,True
1733758715,21365892,6360782496667000067632897724,-50447,7,180,180,0,True
1733758727,21365893,6360782496667000067632897724,-50447,7,180,180,0,True
1733758739,21365894,6360782496667000067632897724,-50447,7,180,180,0,True
1733758751,21365895,6360782496667000067632897724,-50447,7,180,180,0,True
1733758763,21365896,6360782496667000067632897724,-50447,7,180,180,0,True
1733758775,21365897,6360782496667000067632897724,-50447,7,180,180,0,True
1733758787,21365898,6360782496667000067632897724,-50447,7,180,180,0,True
1733758799,21365899,6360782496667000067632897724,-50447,7,180,180,0,True
1733758811,21365900,6360782496667000067632897724,-50447,7,180,180,0,True
1733758823,21365901,6365662472591771287183949824,-50431,8,180,180,0,True
1733758835,21365902,6365662472591771287183949824,-50431,8,180,180,0,True
1733758847,21365903,6365662472591771287183949824,-50431,8,180,180,0,True
1733758859,21365904,6365662472591771287183949824,-50431,8,180,180,0,True
1733758871,21365905,6365662472591771287183949824,-50431,8,180,180,0,True
1733758883,21365906,6365662472591771287183949824,-50431,8,180,180,0,True
1733758895,21365907,6365662472591771287183949824,-50431,8,180,180,0,True
1733758907,21365908,6365662472591771287183949824,-50431,8,180,180,0,True
1733758919,21365909,6365662472591771287183949824,-50431,8,180,180,0,True
1733758931,21365910,6365662472591771287183949824,-50431,8,180,180,0,True
1733758955,21365911,6365662472591771287183949824,-50431,8,180,180,0,True
1733758967,21365912,6365662472591771287183949824,-50431,8,180,180,0,True
1733758979,21365913,6365662472591771287183949824,-50431,8,180,180,0,True
1733758991,21365914,6365662472591771287183949824,-50431,8,180,180,0,True
1733759003,21365915,6365662472591771287183949824,-50431,8,180,180,0,True
1733759015,21365916,6365662472591771287183949824,-50431,8,180,180,0,True
1733759027,21365917,6360797125405313470760102789,-50447,9,180,180,0,True
1733759039,21365918,6360797125405313470760102789,-50447,9,180,180,0,True
1733759051,21365919,6360797125405313470760102789,-50447,9,180,180,0,True
1733759063,21365920,6360797125405313470760102789,-50447,9,180,180,0,True
1733759075,21365921,6360797125405313470760102789,-50447,9,180,180,0,True
1733759087,21365922,6360797125405313470760102789,-50447,9,180,180,0,True
1733759099,21365923,6360797125405313470760102789,-50447,9,180,180,0,True
1733759111,21365924,6360797125405313470760102789,-50447,9,180,180,0,True
1733759123,21365925,6360797125405313470760102789,-50447,9,180,180,0,True
1733759135,21365926,6360797125405313470760102789,-50447,9,180,180,0,True
1733759147,21365927,6360797125405313470760102789,-50447,9,180,180,0,True
1733759159,21365928,6360797125405313470760102789,-50447,9,180,180,0,True
1733759171,21365929,6360797125405313470760102789,-50447,9,180,180,0,True
1733759183,21365930,6360797125405313470760102789,-50447,9,180,180,0,True
1733759195,21365931,6360797125405313470760102789,-50447,9,180,180,0,True
1733759207,21365932,6358675038813449102029460354,-50453,10,180,180,0,True
1733759219,21365933,6355822093511570014760625135,-50462,11,180,180,0,True
1733759231,21365934,6353201910937976770380494443,-50470,12,180,180,0,True
1733759243,21365935,6353201910937976770380494443,-50470,12,180,180,0,True
1733759255,21365936,6353201910937976770380494443,-50470,12,180,180,0,True
1733759267,21365937,6353201910937976770380494443,-50470,12,180,180,0,True
1733759279,21365938,6353201910937976770380494443,-50470,12,180,180,0,True
1733759291,21365939,6353201910937976770380494443,-50470,12,180,180,0,True
1733759303,21365940,6351629552310092845431420885,-50475,13,180,180,0,True
1733759315,21365941,6351629552310092845431420885,-50475,13,180,180,0,True
1733759327,21365942,6351629552310092845431420885,-50475,13,180,180,0,True
1733759339,21365943,6351629552310092845431420885,-50475,13,180,180,0,True
1733759351,21365944,6351629552310092845431420885,-50475,13,180,180,0,True
1733759363,21365945,6351334037935767604448842516,-50476,14,180,180,0,True
1733759375,21365946,6351334037935767604448842516,-50476,14,180,180,0,True
1733759387,21365947,6349673738526568929907723368,-50482,15,180,180,0,True
1733759399,21365948,6349673738526568929907723368,-50482,15,180,180,0,True
1733759411,21365949,6349673738526568929907723368,-50482,15,180,180,0,True
1733759423,21365950,6349673738526568929907723368,-50482,15,180,180,0,True
1733759435,21365951,6349673738526568929907723368,-50482,15,180,180,0,True
1733759447,21365952,6349673738526568929907723368,-50482,15,180,180,0,True
1733759459,21365953,6349673738526568929907723368,-50482,15,180,180,0,True
1733759471,21365954,6350658462816467381537922654,-50478,16,180,180,0,True
1733759483,21365955,6350658462816467381537922654,-50478,16,180,180,0,True
1733759495,21365956,6350658462816467381537922654,-50478,16,180,180,0,True
1733759507,21365957,6350658462816467381537922654,-50478,16,180,180,0,True
1733759519,21365958,6350658462816467381537922654,-50478,16,180,180,0,True
1733759531,21365959,6350658462816467381537922654,-50478,16,180,180,0,True
1733759543,21365960,6350658462816467381537922654,-50478,16,180,180,0,True
1733759555,21365961,6350658462816467381537922654,-50478,16,180,180,0,True
1733759567,21365962,6350658462816467381537922654,-50478,16,180,180,0,True
1733759579,21365963,6350658462816467381537922654,-50478,16,180,180,0,True
1733759591,21365964,6347410620574290876048030280,-50489,17,180,180,0,True
1733759603,21365965,6347410620574290876048030280,-50489,17,180,180,0,True
1733759615,21365966,6347410620574290876048030280,-50489,17,180,180,0,True
1733759627,21365967,6347410620574290876048030280,-50489,17,180,180,0,True
1733759639,21365968,6345374477696074969685409563,-50495,18,180,180,0,True
1733759651,21365969,6345374477696074969685409563,-50495,18,180,180,0,True
1733759663,21365970,6343273403475231726464139153,-50502,19,180,180,0,True
1733759675,21365971,6340773148611143708289697214,-50510,20,180,180,0,True
1733759687,21365972,6340773148611143708289697214,-50510,20,180,180,0,True
1733759699,21365973,6339211347791434092373860791,-50515,21,180,180,0,True
1733759711,21365974,6338625882143957205074538323,-50516,22,180,180,0,True
1733759723,21365975,6338625882143957205074538323,-50516,22,180,180,0,True
1733759735,21365976,6338625882143957205074538323,-50516,22,180,180,0,True
1733759747,21365977,6338625882143957205074538323,-50516,22,180,180,0,True
1733759759,21365978,6338625882143957205074538323,-50516,22,180,180,0,True
1733759771,21365979,6338625882143957205074538323,-50516,22,180,180,0,True
1733759783,21365980,6338625882143957205074538323,-50516,22,180,180,0,True
1733759795,21365981,6338625882143957205074538323,-50516,22,180,180,0,True
1733759807,21365982,6338595860911261215589767802,-50517,23,180,180,0,True
1733759819,21365983,6337333614790120617428636620,-50520,24,180,180,0,True
1733759831,21365984,6337333614790120617428636620,-50520,24,180,180,0,True
1733759843,21365985,6336050263285151208189496244,-50525,25,180,180,0,True
1733759855,21365986,6336050263285151208189496244,-50525,25,180,180,0,True
1733759867,21365987,6336050263285151208189496244,-50525,25,180,180,0,True
1733759879,21365988,6336050263285151208189496244,-50525,26,180,180,0,True
1733759891,21365989,6336050263285151208189496244,-50525,26,180,180,0,True
1733759903,21365990,6336050263285151208189496244,-50525,26,180,180,0,True
1733759915,21365991,6336050263285151208189496244,-50525,26,180,180,0,True
1733759927,21365992,6336050263285151208189496244,-50525,26,180,180,0,True
1733759939,21365993,6336050263285151208189496244,-50525,26,180,180,0,True
1733759951,21365994,6336050263285151208189496244,-50525,26,180,180,0,True
1733759963,21365995,6336050263285151208189496244,-50525,26,180,180,0,True
1733759975,21365996,6336050263285151208189496244,-50525,26,180,180,0,True
1733759987,21365997,6336050263285151208189496244,-50525,26,180,180,0,True
1733759999,21365998,6336050263285151208189496244,-50525,26,180,180,0,True
1733760011,21365999,6336050263285151208189496244,-50525,26,180,180,0,True
1733760023,21366000,6336050263285151208189496244,-50525,26,180,180,0,True
1733760035,21366001,6333936950518623755448453467,-50531,27,180,180,0,True
1733760047,21366002,6333936950518623755448453467,-50531,27,180,180,0,True
1733760059,21366003,6333936950518623755448453467,-50531,27,180,180,0,True
1733760071,21366004,6333936950518623755448453467,-50531,27,180,180,0,True
1733760083,21366005,6333936950518623755448453467,-50531,27,180,180,0,True
1733760095,21366006,6335508835977525502723107073,-50526,28,180,180,0,True
1733760107,21366007,6334590032418371840458850398,-50529,29,180,180,0,True
1733760119,21366008,6334590032418371840458850398,-50529,29,180,180,0,True
1733760131,21366009,6334590032418371840458850398,-50529,29,180,180,0,True
1733760143,21366010,6334590032418371840458850398,-50529,29,180,180,0,True
1733760155,21366011,6334590032418371840458850398,-50529,29,180,180,0,True
1733760167,21366012,6334590032418371840458850398,-50529,29,180,180,0,True
1733760179,21366013,6334590032418371840458850398,-50529,29,180,180,0,True
1733760191,21366014,6334590032418371840458850398,-50529,29,180,180,0,True
1733760203,21366015,6334590032418371840458850398,-50529,29,180,180,0,True
1733760215,21366016,6334590032418371840458850398,-50529,29,180,180,0,True
1733760227,21366017,6334590032418371840458850398,-50529,29,180,180,0,True
1733760251,21366018,6334590032418371840458850398,-50529,29,180,180,0,True
1733760263,21366019,6334590032418371840458850398,-50529,29,180,180,0,True
1733760275,21366020,6334590032418371840458850398,-50529,29,180,180,0,True
1733760287,21366021,6334590032418371840458850398,-50529,29,180,180,0,True
1733760299,21366022,6334590032418371840458850398,-50529,29,180,180,0,True
1733760311,21366023,6334590032418371840458850398,-50529,29,180,180,0,True
1733760323,21366024,6334590032418371840458850398,-50529,29,180,180,0,True
1733760335,21366025,6334590032418371840458850398,-50529,29,180,180,0,True
1733760347,21366026,6333884737245124657264430365,-50531,30,180,180,0,True
1733760359,21366027,6333884737245124657264430365,-50531,30,180,180,0,True
1733760371,21366028,6333884737245124657264430365,-50531,30,180,180,0,True
1733760383,21366029,6333884737245124657264430365,-50531,30,180,180,0,True
1733760395,21366030,6333884737245124657264430365,-50531,30,180,180,0,True
1733760407,21366031,6333884737245124657264430365,-50531,30,180,180,0,True
1733760419,21366032,6333884737245124657264430365,-50531,30,180,180,0,True
1733760431,21366033,6333884737245124657264430365,-50531,30,180,180,0,True
1733760443,21366034,6333884737245124657264430365,-50531,30,180,180,0,True
1733760455,21366035,6333884737245124657264430365,-50531,30,180,180,0,True
1733760467,21366036,6333884737245124657264430365,-50531,30,180,180,0,True
1733760479,21366037,6333884737245124657264430365,-50531,30,180,180,0,True
1733760491,21366038,6333884737245124657264430365,-50531,30,180,180,0,True
1733760503,21366039,6333884737245124657264430365,-50531,30,180,180,0,True
1733760515,21366040,6333884737245124657264430365,-50531,30,180,180,0,True
1733760527,21366041,6333884737245124657264430365,-50531,30,180,180,0,True
1733760539,21366042,6333884737245124657264430365,-50531,30,180,180,0,True
1733760551,21366043,6333884737245124657264430365,-50531,30,180,180,0,True
1733760563,21366044,6333884737245124657264430365,-50531,30,180,180,0,True
1733760575,21366045,6333884737245124657264430365,-50531,30,180,180,0,True
1733760587,21366046,6333884737245124657264430365,-50531,30,180,180,0,True
1733760599,21366047,6333884737245124657264430365,-50531,30,180,180,0,True
1733760611,21366048,6333884737245124657264430365,-50531,30,180,180,0,True
1733760623,21366049,6333884737245124657264430365,-50531,30,180,180,0,True
1733760635,21366050,6336227016460725365513938387,-50524,31,180,180,0,True
1733760647,21366051,6336227016460725365513938387,-50524,31,180,180,0,True
1733760659,21366052,6336227016460725365513938387,-50524,31,180,180,0,True
1733760671,21366053,6336227016460725365513938387,-50524,31,180,180,0,True
1733760683,21366054,6336227016460725365513938387,-50524,31,180,180,0,True
1733760695,21366055,6336227016460725365513938387,-50524,31,180,180,0,True
1733760707,21366056,6336227016460725365513938387,-50524,31,180,180,0,True
1733760719,21366057,6336227016460725365513938387,-50524,31,180,180,0,True
1733760731,21366058,6336227016460725365513938387,-50524,31,180,180,0,True
1733760743,21366059,6336227016460725365513938387,-50524,31,180,180,0,True
1733760755,21366060,6336227016460725365513938387,-50524,31,180,180,0,True
1733760767,21366061,6336227016460725365513938387,-50524,31,180,180,0,True
1733760779,21366062,6336227016460725365513938387,-50524,31,180,180,0,True
1733760791,21366063,6336227016460725365513938387,-50524,31,180,180,0,True
1733760803,21366064,6336227016460725365513938387,-50524,31,180,180,0,True
1733760815,21366065,6336227016460725365513938387,-50524,31,180,180,0,True
1733760827,21366066,6336227016460725365513938387,-50524,31,180,180,0,True
1733760839,21366067,6336227016460725365513938387,-50524,31,180,180,0,True
1733760851,21366068,6336227016460725365513938387,-50524,31,180,180,0,True
1733760863,21366069,6336227016460725365513938387,-50524,31,180,180,0,True
1733760875,21366070,6336227016460725365513938387,-50524,31,180,180,0,True
1733760887,21366071,6336227016460725365513938387,-50524,31,180,180,0,True
1733760899,21366072,6341225728898029676790113774,-50508,32,180,180,0,True
1733760911,21366073,6341225728898029676790113774,-50508,32,180,180,0,True
1733760923,21366074,6341225728898029676790113774,-50508,32,180,180,0,True
1733760935,21366075,6341225728898029676790113774,-50508,32,180,180,0,True
1733760947,21366076,6341225728898029676790113774,-50508,32,180,180,0,True
1733760959,21366077,6341225728898029676790113774,-50508,32,180,180,0,True
1733760971,21366078,6341225728898029676790113774,-50508,32,180,180,0,True
1733760983,21366079,6338196323535467266237428251,-50518,33,180,180,0,True
1733760995,21366080,6336209281483892958896445792,-50524,34,180,180,0,True
1733761007,21366081,6331809346430099101342149891,-50538,35,180,180,0,True
1733761019,21366082,6330555832532120922559795907,-50542,36,180,180,0,True
1733761031,21366083,6330555832532120922559795907,-50542,36,180,180,0,True
1733761043,21366084,6330555832532120922559795907,-50542,36,180,180,0,True
1733761055,21366085,6330555832532120922559795907,-50542,36,180,180,0,True
1733761067,21366086,6328391013565661826702881054,-50549,37,180,180,0,True
1733761079,21366087,6327439791584429224214823928,-50552,38,180,180,0,True
1733761091,21366088,6327439791584429224214823928,-50552,38,180,180,0,True
1733761103,21366089,6327439791584429224214823928,-50552,38,180,180,0,True
1733761115,21366090,6323829334328241480679026615,-50563,39,180,180,0,True
1733761127,21366091,6323829334328241480679026615,-50563,39,180,180,0,True
1733761139,21366092,6321985589575223298614820213,-50569,40,180,180,0,True
1733761151,21366093,6321985589575223298614820213,-50569,40,180,180,0,True
1733761163,21366094,6321985589575223298614820213,-50569,40,180,180,0,True
1733761175,21366095,6319328203704721717494499359,-50577,41,180,180,0,True
1733761187,21366096,6319328203704721717494499359,-50577,41,180,180,0,True
1733761199,21366097,6319328203704721717494499359,-50577,41,180,180,0,True
1733761211,21366098,6319328203704721717494499359,-50577,41,180,180,0,True
1733761223,21366099,6319328203704721717494499359,-50577,41,180,180,0,True
1733761235,21366100,6313582425768368104326266348,-50596,42,180,180,0,True
1733761247,21366101,6310383157236596161731004185,-50606,43,180,180,0,True
1733761259,21366102,6306745615425946821320097326,-50617,44,180,180,0,True
1733761271,21366103,6304913348547288404333221173,-50623,45,180,180,0,True
1733761283,21366104,6304913348547288404333221173,-50623,45,180,180,0,True
1733761295,21366105,6302653100913385159806202171,-50630,46,180,180,0,True
1733761307,21366106,6302653100913385159806202171,-50630,46,180,180,0,True
1733761319,21366107,6302653100913385159806202171,-50630,46,180,180,0,True
1733761331,21366108,6302653100913385159806202171,-50630,46,180,180,0,True
1733761343,21366109,6302653100913385159806202171,-50630,46,180,180,0,True
1733761355,21366110,6302653100913385159806202171,-50630,46,180,180,0,True
1733761367,21366111,6302653100913385159806202171,-50630,46,180,180,0,True
1733761379,21366112,6302653100913385159806202171,-50630,46,180,180,0,True
1733761391,21366113,6302653100913385159806202171,-50630,46,180,180,0,True
1733761403,21366114,6299112887316050177928387691,-50641,47,180,180,0,True
1733761415,21366115,6299112887316050177928387691,-50641,47,180,180,0,True
1733761427,21366116,6299112887316050177928387691,-50641,47,180,180,0,True
1733761439,21366117,6299112887316050177928387691,-50641,47,180,180,0,True
1733761451,21366118,6299112887316050177928387691,-50641,47,180,180,0,True
1733761463,21366119,6299112887316050177928387691,-50641,47,180,180,0,True
1733761475,21366120,6299112887316050177928387691,-50641,47,180,180,0,True
1733761487,21366121,6299112887316050177928387691,-50641,47,180,180,0,True
1733761499,21366122,6299112887316050177928387691,-50641,47,180,180,0,True
1733761511,21366123,6299112887316050177928387691,-50641,47,180,180,0,True
1733761523,21366124,6299112887316050177928387691,-50641,47,180,180,0,True
1733761535,21366125,6299112887316050177928387691,-50641,47,180,180,0,True
1733761547,21366126,6299112887316050177928387691,-50641,47,180,180,0,True
1733761559,21366127,6299112887316050177928387691,-50641,47,180,180,0,True
1733761571,21366128,6296453446474111805651601305,-50650,48,180,180,0,True
1733761583,21366129,6293574698664358239826547317,-50659,49,180,180,0,True
1733761595,21366130,6290999567350413644056626520,-50667,50,180,180,0,True
1733761607,21366131,6290999567350413644056626520,-50667,50,180,180,0,True
1733761619,21366132,6290999567350413644056626520,-50667,50,180,180,0,True
1733761631,21366133,6290999567350413644056626520,-50667,50,180,180,0,True
1733761643,21366134,6290999567350413644056626520,-50667,50,180,180,0,True
1733761655,21366135,6288022263467584587167752089,-50677,51,180,180,0,True
1733761667,21366136,6286158555305966261266967903,-50683,52,180,180,0,True
1733761679,21366137,6282962113589397597424547497,-50693,53,180,180,0,True
1733761691,21366138,6283999780509520929648921303,-50690,54,180,180,0,True
1733761703,21366139,6281407013095238825424547483,-50698,55,180,180,0,True
1733761715,21366140,6278548666206534992934073776,-50707,56,180,180,0,True
1733761727,21366141,6278548666206534992934073776,-50707,56,180,180,0,True
1733761739,21366142,6278548666206534992934073776,-50707,56,180,180,0,True
1733761751,21366143,6275763737219072041197825869,-50716,57,180,180,0,True
1733761763,21366144,6275763737219072041197825869,-50716,57,180,180,0,True
1733761775,21366145,6275763737219072041197825869,-50716,57,180,180,0,True
1733761787,21366146,6273634645704768281830634131,-50723,58,180,180,0,True
1733761799,21366147,6273634645704768281830634131,-50723,58,180,180,0,True
1733761811,21366148,6273634645704768281830634131,-50723,58,180,180,0,True
1733761823,21366149,6270968720760644731750859139,-50731,59,180,180,0,True
1733761835,21366150,6270968720760644731750859139,-50731,59,180,180,0,True
1733761847,21366151,6270968720760644731750859139,-50731,59,180,180,0,True
1733761859,21366152,6270968720760644731750859139,-50731,59,180,180,0,True
1733761871,21366153,6270968720760644731750859139,-50731,59,180,180,0,True
1733761883,21366154,6270968720760644731750859139,-50731,59,180,180,0,True
1733761895,21366155,6270968720760644731750859139,-50731,59,180,180,0,True
1733761907,21366156,6276241392042044381983600837,-50714,60,180,180,0,True
1733761919,21366157,6276241392042044381983600837,-50714,60,180,180,0,True
1733761931,21366158,6276241392042044381983600837,-50714,60,180,180,0,True
1733761943,21366159,6276241392042044381983600837,-50714,60,180,180,0,True
1733761955,21366160,6276241392042044381983600837,-50714,60,180,180,0,True
1733761967,21366161,6276241392042044381983600837,-50714,60,180,180,0,True
1733761979,21366162,6276241392042044381983600837,-50714,60,180,180,0,True
1733761991,21366163,6276241392042044381983600837,-50714,60,180,180,0,True
1733762003,21366164,6276241392042044381983600837,-50714,60,180,180,0,True
1733762015,21366165,6276241392042044381983600837,-50714,60,180,180,0,True
1733762027,21366166,6276241392042044381983600837,-50714,60,180,180,0,True
1733762039,21366167,6276241392042044381983600837,-50714,60,180,180,0,True
1733762051,21366168,6276241392042044381983600837,-50714,60,180,180,0,True
1733762063,21366169,6276241392042044381983600837,-50714,60,180,180,0,True
1733762075,21366170,6276241392042044381983600837,-50714,60,180,180,0,True
1733762087,21366171,6276241392042044381983600837,-50714,60,180,180,0,True
1733762099,21366172,6279917754592020691379290112,-50703,61,180,180,0,True
1733762111,21366173,6279917754592020691379290112,-50703,61,180,180,0,True
1733762123,21366174,6279917754592020691379290112,-50703,61,180,180,0,True
1733762135,21366175,6282562564182751580697100709,-50694,62,180,180,0,True
1733762147,21366176,6282562564182751580697100709,-50694,62,180,180,0,True
1733762159,21366177,6282562564182751580697100709,-50694,62,180,180,0,True
1733762171,21366178,6282562564182751580697100709,-50694,62,180,180,0,True
1733762183,21366179,6282562564182751580697100709,-50694,62,180,180,0,True
1733762195,21366180,6282562564182751580697100709,-50694,62,180,180,0,True
1733762207,21366181,6282562564182751580697100709,-50694,62,180,180,0,True
1733762219,21366182,6282562564182751580697100709,-50694,62,180,180,0,True
1733762231,21366183,6282562564182751580697100709,-50694,62,180,180,0,True
1733762243,21366184,6282562564182751580697100709,-50694,62,180,180,0,True
1733762255,21366185,6282562564182751580697100709,-50694,62,180,180,0,True
1733762267,21366186,6282562564182751580697100709,-50694,62,180,180,0,True
1733762279,21366187,6282562564182751580697100709,-50694,62,180,180,0,True
1733762291,21366188,6282562564182751580697100709,-50694,62,180,180,0,True
1733762303,21366189,6282562564182751580697100709,-50694,62,180,180,0,True
1733762315,21366190,6282562564182751580697100709,-50694,62,180,180,0,True
1733762327,21366191,6282562564182751580697100709,-50694,62,180,180,0,True
1733762339,21366192,6282562564182751580697100709,-50694,62,180,180,0,True
1733762351,21366193,6282562564182751580697100709,-50694,62,180,180,0,True
1733762363,21366194,6282562564182751580697100709,-50694,62,180,180,0,True
1733762375,21366195,6282562564182751580697100709,-50694,62,180,180,0,True
1733762387,21366196,6284699454360368792885281489,-50687,63,180,180,0,True
1733762399,21366197,6284699454360368792885281489,-50687,63,180,180,0,True
1733762411,21366198,6284699454360368792885281489,-50687,63,180,180,0,True
1733762423,21366199,6284699454360368792885281489,-50687,63,180,180,0,True
1733762435,21366200,6284699454360368792885281489,-50687,63,180,180,0,True
1733762447,21366201,6284699454360368792885281489,-50687,63,180,180,0,True
1733762459,21366202,6284760497910822061728116978,-50687,63,180,180,0,True
1733762471,21366203,6284760497910822061728116978,-50687,63,180,180,0,True
1733762483,21366204,6284760497910822061728116978,-50687,63,180,180,0,True
1733762495,21366205,6284760497910822061728116978,-50687,63,180,180,0,True
1733762507,21366206,6284760497910822061728116978,-50687,63,180,180,0,True
1733762519,21366207,6284760497910822061728116978,-50687,63,180,180,0,True
1733762531,21366208,6284760497910822061728116978,-50687,63,180,180,0,True
1733762543,21366209,6287317660760862200889819785,-50679,64,180,180,0,True
1733762555,21366210,6287317660760862200889819785,-50679,64,180,180,0,True
1733762567,21366211,6287317660760862200889819785,-50679,64,180,180,0,True
1733762579,21366212,6287317660760862200889819785,-50679,64,180,180,0,True
1733762591,21366213,6287317660760862200889819785,-50679,64,180,180,0,True
1733762603,21366214,6287317660760862200889819785,-50679,64,180,180,0,True
1733762615,21366215,6287317660760862200889819785,-50679,64,180,180,0,True
1733762627,21366216,6287317660760862200889819785,-50679,64,180,180,0,True
1733762639,21366217,6287317660760862200889819785,-50679,64,180,180,0,True
1733762651,21366218,6287317660760862200889819785,-50679,64,180,180,0,True
1733762663,21366219,6287317660760862200889819785,-50679,64,180,180,0,True
1733762675,21366220,6287317660760862200889819785,-50679,64,180,180,0,True
1733762687,21366221,6287317660760862200889819785,-50679,64,180,180,0,True
1733762699,21366222,6287317660760862200889819785,-50679,64,180,180,0,True
1733762711,21366223,6287317660760862200889819785,-50679,64,180,180,0,True
1733762723,21366224,6287317660760862200889819785,-50679,64,180,180,0,True
1733762735,21366225,6287317660760862200889819785,-50679,64,180,180,0,True
1733762747,21366226,6287317660760862200889819785,-50679,64,180,180,0,True
1733762759,21366227,6287317660760862200889819785,-50679,64,180,180,0,True
1733762771,21366228,6287317660760862200889819785,-50679,64,180,180,0,True
1733762783,21366229,6287317660760862200889819785,-50679,64,180,180,0,True
1733762795,21366230,6287317660760862200889819785,-50679,64,180,180,0,True
1733762807,21366231,6284423964109565961121748060,-50688,65,180,180,0,True
1733762819,21366232,6284423964109565961121748060,-50688,65,180,180,0,True
1733762831,21366233,6284423964109565961121748060,-50688,65,180,180,0,True
1733762843,21366234,6284423964109565961121748060,-50688,65,180,180,0,True
1733762855,21366235,6279122396883309285024742340,-50705,66,180,180,0,True
1733762867,21366236,6279122396883309285024742340,-50705,66,180,180,0,True
1733762879,21366237,6279122396883309285024742340,-50705,66,180,180,0,True
1733762891,21366238,6279122396883309285024742340,-50705,66,180,180,0,True
1733762903,21366239,6276993586981662646634656615,-50712,67,180,180,0,True
1733762915,21366240,6276993586981662646634656615,-50712,67,180,180,0,True
1733762927,21366241,6276766236069862411461857975,-50713,68,180,180,0,True
1733762939,21366242,6274956775056709977789405224,-50718,69,180,180,0,True
1733762951,21366243,6274956775056709977789405224,-50718,69,180,180,0,True
1733762963,21366244,6274956775056709977789405224,-50718,69,180,180,0,True
1733762975,21366245,6274956775056709977789405224,-50718,69,180,180,0,True
1733762987,21366246,6274956775056709977789405224,-50718,69,180,180,0,True
1733762999,21366247,6274956775056709977789405224,-50718,69,180,180,0,True
1733763011,21366248,6274956775056709977789405224,-50718,69,180,180,0,True
1733763023,21366249,6274956775056709977789405224,-50718,69,180,180,0,True
1733763035,21366250,6274956775056709977789405224,-50718,69,180,180,0,True
1733763047,21366251,6274956775056709977789405224,-50718,69,180,180,0,True
1733763059,21366252,6274956775056709977789405224,-50718,69,180,180,0,True
1733763071,21366253,6274956775056709977789405224,-50718,69,180,180,0,True
1733763083,21366254,6274956775056709977789405224,-50718,69,180,180,0,True
1733763095,21366255,6274956775056709977789405224,-50718,69,180,180,0,True
1733763107,21366256,6274956775056709977789405224,-50718,69,180,180,0,True
1733763119,21366257,6274956775056709977789405224,-50718,69,180,180,0,True
1733763131,21366258,6274956775056709977789405224,-50718,69,180,180,0,True
1733763143,21366259,6274956775056709977789405224,-50718,69,180,180,0,True
1733763155,21366260,6274956775056709977789405224,-50718,69,180,180,0,True
1733763167,21366261,6274956775056709977789405224,-50718,69,180,180,0,True
1733763179,21366262,6274956775056709977789405224,-50718,69,180,180,0,True
1733763191,21366263,6274956775056709977789405224,-50718,69,180,180,0,True
1733763203,21366264,6274956775056709977789405224,-50718,69,180,180,0,True
1733763215,21366265,6274956775056709977789405224,-50718,69,180,180,0,True
1733763227,21366266,6274956775056709977789405224,-50718,69,180,180,0,True
1733763239,21366267,6274956775056709977789405224,-50718,69,180,180,0,True
1733763251,21366268,6274956775056709977789405224,-50718,69,180,180,0,True
1733763263,21366269,6271101675195061707030614471,-50731,70,180,180,0,True
1733763275,21366270,6271101675195061707030614471,-50731,70,180,180,0,True
1733763287,21366271,6268455076230315577285515474,-50739,71,180,180,0,True
1733763299,21366272,6268455076230315577285515474,-50739,71,180,180,0,True
1733763311,21366273,6266305140838318748247716853,-50746,72,180,180,0,True
1733763323,21366274,6267196436898593079851908324,-50743,73,180,180,0,True
1733763335,21366275,6267196436898593079851908324,-50743,73,180,180,0,True
1733763347,21366276,6267196436898593079851908324,-50743,73,180,180,0,True
1733763359,21366277,6267196436898593079851908324,-50743,73,180,180,0,True
1733763371,21366278,6259288682040550132734575313,-50768,74,180,180,0,True
1733763383,21366279,6259288682040550132734575313,-50768,74,180,180,0,True
1733763395,21366280,6259288682040550132734575313,-50768,74,180,180,0,True
1733763407,21366281,6257381478982939480878136481,-50774,75,180,180,0,True
1733763419,21366282,6255055816056974905777554697,-50782,76,180,180,0,True
1733763431,21366283,6255195566190727585055336082,-50781,77,180,180,0,True
1733763443,21366284,6251308635915482385711668155,-50794,78,180,180,0,True
1733763455,21366285,6251308635915482385711668155,-50794,78,180,180,0,True
1733763467,21366286,6251308635915482385711668155,-50794,78,180,180,0,True
1733763479,21366287,6251308635915482385711668155,-50794,78,180,180,0,True
1733763491,21366288,6248183994002948305113809251,-50804,79,180,180,0,True
1733763503,21366289,6247509886231025080851963020,-50806,80,180,180,0,True
1733763515,21366290,6247509886231025080851963020,-50806,80,180,180,0,True
1733763527,21366291,6243989983925664183196455938,-50817,81,180,180,0,True
1733763539,21366292,6241926261966719271230149945,-50824,82,180,180,0,True
1733763551,21366293,6241926261966719271230149945,-50824,82,180,180,0,True
1733763563,21366294,6241926261966719271230149945,-50824,82,180,180,0,True
1733763575,21366295,6241284150488538145584204907,-50826,83,180,180,0,True
1733763587,21366296,6241284150488538145584204907,-50826,83,180,180,0,True
1733763599,21366297,6241284150488538145584204907,-50826,83,180,180,0,True
1733763611,21366298,6241284150488538145584204907,-50826,83,180,180,0,True
1733763623,21366299,6241284150488538145584204907,-50826,83,180,180,0,True
1733763635,21366300,6241284150488538145584204907,-50826,83,180,180,0,True
1733763647,21366301,6241284150488538145584204907,-50826,83,180,180,0,True
1733763659,21366302,6241284150488538145584204907,-50826,83,180,180,0,True
1733763671,21366303,6241284150488538145584204907,-50826,83,180,180,0,True
1733763683,21366304,6241284150488538145584204907,-50826,83,180,180,0,True
1733763695,21366305,6241284150488538145584204907,-50826,83,180,180,0,True
1733763707,21366306,6241284150488538145584204907,-50826,83,180,180,0,True
1733763719,21366307,6241284150488538145584204907,-50826,83,180,180,0,True
1733763731,21366308,6241284150488538145584204907,-50826,83,180,180,0,True
1733763743,21366309,6241284150488538145584204907,-50826,83,180,180,0,True
1733763755,21366310,6247466517941663505890831993,-50806,84,180,180,0,True
1733763767,21366311,6247466517941663505890831993,-50806,84,180,180,0,True
1733763779,21366312,6247466517941663505890831993,-50806,84,180,180,0,True
1733763791,21366313,6247466517941663505890831993,-50806,84,180,180,0,True
1733763803,21366314,6247466517941663505890831993,-50806,84,180,180,0,True
1733763815,21366315,6247466517941663505890831993,-50806,84,180,180,0,True
1733763827,21366316,6247466517941663505890831993,-50806,84,180,180,0,True
1733763839,21366317,6247466517941663505890831993,-50806,84,180,180,0,True
1733763851,21366318,6247466517941663505890831993,-50806,84,180,180,0,True
1733763863,21366319,6247466517941663505890831993,-50806,84,180,180,0,True
1733763875,21366320,6247466517941663505890831993,-50806,84,180,180,0,True
1733763887,21366321,6247466517941663505890831993,-50806,84,180,180,0,True
1733763899,21366322,6247466517941663505890831993,-50806,84,180,180,0,True
1733763911,21366323,6247466517941663505890831993,-50806,84,180,180,0,True
1733763923,21366324,6247466517941663505890831993,-50806,84,180,180,0,True
1733763935,21366325,6247466517941663505890831993,-50806,84,180,180,0,True
1733763947,21366326,6247466517941663505890831993,-50806,84,180,180,0,True
1733763959,21366327,6247466517941663505890831993,-50806,84,180,180,0,True
1733763971,21366328,6247466517941663505890831993,-50806,84,180,180,0,True
1733763983,21366329,6247466517941663505890831993,-50806,84,180,180,0,True
1733763995,21366330,6247466517941663505890831993,-50806,84,180,180,0,True
1733764007,21366331,6247466517941663505890831993,-50806,84,180,180,0,True
1733764019,21366332,6247466517941663505890831993,-50806,84,180,180,0,True
1733764031,21366333,6247466517941663505890831993,-50806,84,180,180,0,True
1733764043,21366334,6247466517941663505890831993,-50806,84,180,180,0,True
1733764055,21366335,6253220680909100430627150418,-50788,85,180,180,0,True
1733764067,21366336,6253220680909100430627150418,-50788,85,180,180,0,True
1733764079,21366337,6253220680909100430627150418,-50788,85,180,180,0,True
1733764091,21366338,6253220680909100430627150418,-50788,85,180,180,0,True
1733764103,21366339,6253220680909100430627150418,-50788,85,180,180,0,True
1733764115,21366340,6253220680909100430627150418,-50788,85,180,180,0,True
1733764127,21366341,6253220680909100430627150418,-50788,85,180,180,0,True
1733764139,21366342,6253220680909100430627150418,-50788,85,180,180,0,True
1733764151,21366343,6253220680909100430627150418,-50788,85,180,180,0,True
1733764163,21366344,6253220680909100430627150418,-50788,85,180,180,0,True
1733764175,21366345,6253220680909100430627150418,-50788,85,180,180,0,True
1733764187,21366346,6253220680909100430627150418,-50788,85,180,180,0,True
1733764199,21366347,6253220680909100430627150418,-50788,85,180,180,0,True
1733764211,21366348,6253220680909100430627150418,-50788,85,180,180,0,True
1733764223,21366349,6253220680909100430627150418,-50788,85,180,180,0,True
1733764235,21366350,6253220680909100430627150418,-50788,85,180,180,0,True
1733764247,21366351,6253220680909100430627150418,-50788,85,180,180,0,True
1733764259,21366352,6253220680909100430627150418,-50788,85,180,180,0,True
1733764271,21366353,6253220680909100430627150418,-50788,85,180,180,0,True
1733764283,21366354,6253220680909100430627150418,-50788,85,180,180,0,True
1733764295,21366355,6253220680909100430627150418,-50788,85,180,180,0,True
1733764307,21366356,6253220680909100430627150418,-50788,85,180,180,0,True
1733764319,21366357,6253220680909100430627150418,-50788,85,180,180,0,True
1733764331,21366358,6253220680909100430627150418,-50788,85,180,180,0,True
1733764343,21366359,6253220680909100430627150418,-50788,85,180,180,0,True
1733764355,21366360,6253220680909100430627150418,-50788,85,180,180,0,True
1733764367,21366361,6253220680909100430627150418,-50788,85,180,180,0,True
1733764379,21366362,6253220680909100430627150418,-50788,85,180,180,0,True
1733764391,21366363,6253220680909100430627150418,-50788,85,180,180,0,True
1733764403,21366364,6253220680909100430627150418,-50788,85,180,180,0,True
1733764415,21366365,6252720737076275753015987068,-50789,86,180,180,0,True
1733764427,21366366,6252720737076275753015987068,-50789,86,180,180,0,True
1733764439,21366367,6252720737076275753015987068,-50789,86,180,180,0,True
1733764451,21366368,6252720737076275753015987068,-50789,86,180,180,0,True
1733764463,21366369,6252720737076275753015987068,-50789,86,180,180,0,True
1733764475,21366370,6252720737076275753015987068,-50789,86,180,180,0,True
1733764487,21366371,6252720737076275753015987068,-50789,86,180,180,0,True
1733764499,21366372,6252720737076275753015987068,-50789,86,180,180,0,True
1733764511,21366373,6252720737076275753015987068,-50789,86,180,180,0,True
1733764523,21366374,6252720737076275753015987068,-50789,86,180,180,0,True
1733764535,21366375,6252720737076275753015987068,-50789,86,180,180,0,True
1733764547,21366376,6252720737076275753015987068,-50789,86,180,180,0,True
1733764559,21366377,6252720737076275753015987068,-50789,86,180,180,0,True
1733764571,21366378,6252720737076275753015987068,-50789,86,180,180,0,True
1733764583,21366379,6252720737076275753015987068,-50789,86,180,180,0,True
1733764595,21366380,6252720737076275753015987068,-50789,86,180,180,0,True
1733764607,21366381,6252720737076275753015987068,-50789,86,180,180,0,True
1733764619,21366382,6252720737076275753015987068,-50789,86,180,180,0,True
1733764631,21366383,6252720737076275753015987068,-50789,86,180,180,0,True
1733764643,21366384,6252720737076275753015987068,-50789,86,180,180,0,True
1733764655,21366385,6252720737076275753015987068,-50789,86,180,180,0,True
1733764667,21366386,6252720737076275753015987068,-50789,86,180,180,0,True
1733764679,21366387,6252720737076275753015987068,-50789,86,180,180,0,True
1733764691,21366388,6252720737076275753015987068,-50789,86,180,180,0,True
1733764703,21366389,6252720737076275753015987068,-50789,86,180,180,0,True
1733764715,21366390,6252720737076275753015987068,-50789,86,180,180,0,True
1733764727,21366391,6252778027489587877493621508,-50789,86,180,180,0,True
1733764739,21366392,6252778027489587877493621508,-50789,86,180,180,0,True
1733764751,21366393,6252778027489587877493621508,-50789,86,180,180,0,True
1733764763,21366394,6252778027489587877493621508,-50789,86,180,180,0,True
1733764775,21366395,6252778027489587877493621508,-50789,86,180,180,0,True
1733764787,21366396,6252778027489587877493621508,-50789,86,180,180,0,True
1733764799,21366397,6252778027489587877493621508,-50789,86,180,180,0,True
1733764811,21366398,6252778027489587877493621508,-50789,86,180,180,0,True
1733764823,21366399,6252778027489587877493621508,-50789,86,180,180,0,True
1733764835,21366400,6252778027489587877493621508,-50789,86,180,180,0,True
1733764847,21366401,6252778027489587877493621508,-50789,86,180,180,0,True
1733764859,21366402,6252778027489587877493621508,-50789,86,180,180,0,True
1733764871,21366403,6252778027489587877493621508,-50789,86,180,180,0,True
1733764883,21366404,6252778027489587877493621508,-50789,86,180,180,0,True
1733764895,21366405,6252778027489587877493621508,-50789,86,180,180,0,True
1733764907,21366406,6252778027489587877493621508,-50789,86,180,180,0,True
1733764919,21366407,6252778027489587877493621508,-50789,86,180,180,0,True
1733764931,21366408,6252778027489587877493621508,-50789,86,180,180,0,True
1733764943,21366409,6252778027489587877493621508,-50789,86,180,180,0,True
1733764955,21366410,6252778027489587877493621508,-50789,86,180,180,0,True
1733764967,21366411,6252778027489587877493621508,-50789,86,180,180,0,True
1733764979,21366412,6252778027489587877493621508,-50789,86,180,180,0,True
1733764991,21366413,6252778027489587877493621508,-50789,86,180,180,0,True
1733765003,21366414,6252778027489587877493621508,-50789,86,180,180,0,True
1733765015,21366415,6252778027489587877493621508,-50789,86,180,180,0,True
1733765027,21366416,6252778027489587877493621508,-50789,86,180,180,0,True
1733765039,21366417,6252778027489587877493621508,-50789,86,180,180,0,True
1733765051,21366418,6252778027489587877493621508,-50789,86,180,180,0,True
1733765063,21366419,6252778027489587877493621508,-50789,86,180,180,0,True
1733765075,21366420,6252778027489587877493621508,-50789,86,180,180,0,True
1733765087,21366421,6252778027489587877493621508,-50789,86,180,180,0,True
1733765099,21366422,6252778027489587877493621508,-50789,86,180,180,0,True
1733765111,21366423,6252778027489587877493621508,-50789,86,180,180,0,True
1733765123,21366424,6252778027489587877493621508,-50789,86,180,180,0,True
1733765135,21366425,6252778027489587877493621508,-50789,86,180,180,0,True
1733765147,21366426,6252778027489587877493621508,-50789,86,180,180,0,True
1733765159,21366427,6252778027489587877493621508,-50789,86,180,180,0,True
1733765171,21366428,6252778027489587877493621508,-50789,86,180,180,0,True
1733765183,21366429,6252778027489587877493621508,-50789,86,180,180,0,True
1733765195,21366430,6252778027489587877493621508,-50789,86,180,180,0,True
1733765219,21366431,6252778027489587877493621508,-50789,86,180,180,0,True
1733765231,21366432,6252778027489587877493621508,-50789,86,180,180,0,True
1733765243,21366433,6252778027489587877493621508,-50789,86,180,180,0,True
1733765255,21366434,6252778027489587877493621508,-50789,86,180,180,0,True
1733765267,21366435,6252778027489587877493621508,-50789,86,180,180,0,True
1733765279,21366436,6252778027489587877493621508,-50789,86,180,180,0,True
1733765291,21366437,6252778027489587877493621508,-50789,86,180,180,0,True
1733765303,21366438,6252778027489587877493621508,-50789,86,180,180,0,True
1733765315,21366439,6252778027489587877493621508,-50789,86,180,180,0,True
1733765327,21366440,6252778027489587877493621508,-50789,86,180,180,0,True
1733765339,21366441,6252778027489587877493621508,-50789,86,180,180,0,True
1733765351,21366442,6252778027489587877493621508,-50789,86,180,180,0,True
1733765363,21366443,6252778027489587877493621508,-50789,86,180,180,0,True
1733765375,21366444,6252778027489587877493621508,-50789,86,180,180,0,True
1733765387,21366445,6252778027489587877493621508,-50789,86,180,180,0,True
1733765399,21366446,6252778027489587877493621508,-50789,86,180,180,0,True
1733765411,21366447,6252778027489587877493621508,-50789,86,180,180,0,True
1733765423,21366448,6252778027489587877493621508,-50789,86,180,180,0,True
1733765435,21366449,6252778027489587877493621508,-50789,86,180,180,0,True
1733765447,21366450,6252778027489587877493621508,-50789,86,180,180,0,True
1733765459,21366451,6252778027489587877493621508,-50789,86,180,180,0,True
1733765471,21366452,6252778027489587877493621508,-50789,86,180,180,0,True
1733765483,21366453,6252778027489587877493621508,-50789,86,180,180,0,True
1733765495,21366454,6252778027489587877493621508,-50789,86,180,180,0,True
1733765507,21366455,6252778027489587877493621508,-50789,86,180,180,0,True
1733765519,21366456,6252778027489587877493621508,-50789,86,180,180,0,True
1733765531,21366457,6252778027489587877493621508,-50789,86,180,180,0,True
1733765543,21366458,6252778027489587877493621508,-50789,86,180,180,0,True
1733765555,21366459,6252778027489587877493621508,-50789,86,180,180,0,True
1733765567,21366460,6252778027489587877493621508,-50789,86,180,180,0,True
1733765579,21366461,6252778027489587877493621508,-50789,86,180,180,0,True
1733765591,21366462,6252778027489587877493621508,-50789,86,180,180,0,True
1733765603,21366463,6252778027489587877493621508,-50789,86,180,180,0,True
1733765615,21366464,6252778027489587877493621508,-50789,86,180,180,0,True
1733765627,21366465,6252778027489587877493621508,-50789,86,180,180,0,True
1733765639,21366466,6252778027489587877493621508,-50789,86,180,180,0,True
1733765651,21366467,6252778027489587877493621508,-50789,86,180,180,0,True
1733765663,21366468,6252778027489587877493621508,-50789,86,180,180,0,True
1733765675,21366469,6252778027489587877493621508,-50789,86,180,180,0,True
1733765687,21366470,6252778027489587877493621508,-50789,86,180,180,0,True
1733765699,21366471,6252778027489587877493621508,-50789,86,180,180,0,True
1733765711,21366472,6252778027489587877493621508,-50789,86,180,180,0,True
1733765723,21366473,6252778027489587877493621508,-50789,86,180,180,0,True
1733765735,21366474,6252778027489587877493621508,-50789,86,180,180,0,True
1733765747,21366475,6252778027489587877493621508,-50789,86,180,180,0,True
1733765759,21366476,6252778027489587877493621508,-50789,86,180,180,0,True
1733765771,21366477,6249920898410242118964239992,-50798,87,180,180,0,True
1733765783,21366478,6246492011504316086143303548,-50809,88,180,180,0,True
1733765795,21366479,6242987691104470823237564678,-50820,89,180,180,0,True
1733765807,21366480,6240336803161220118973513688,-50829,90,180,180,0,True
1733765819,21366481,6240336803161220118973513688,-50829,90,180,180,0,True
1733765831,21366482,6240336803161220118973513688,-50829,90,180,180,0,True
1733765843,21366483,6238148229279191842716022489,-50836,91,180,180,0,True
1733765855,21366484,6238148229279191842716022489,-50836,91,180,180,0,True
1733765867,21366485,6238396608933356799557996330,-50835,92,180,180,0,True
1733765879,21366486,6238396608933356799557996330,-50835,92,180,180,0,True
1733765891,21366487,6238396608933356799557996330,-50835,92,180,180,0,True
1733765903,21366488,6238396608933356799557996330,-50835,92,180,180,0,True
1733765915,21366489,6238396608933356799557996330,-50835,92,180,180,0,True
1733765927,21366490,6238396608933356799557996330,-50835,92,180,180,0,True
1733765939,21366491,6238396608933356799557996330,-50835,92,180,180,0,True
1733765951,21366492,6238396608933356799557996330,-50835,92,180,180,0,True
1733765963,21366493,6238396608933356799557996330,-50835,92,180,180,0,True
1733765975,21366494,6238396608933356799557996330,-50835,92,180,180,0,True
1733765987,21366495,6238396608933356799557996330,-50835,92,180,180,0,True
1733765999,21366496,6238396608933356799557996330,-50835,92,180,180,0,True
1733766011,21366497,6238396608933356799557996330,-50835,92,180,180,0,True
1733766023,21366498,6238396608933356799557996330,-50835,92,180,180,0,True
1733766035,21366499,6238396608933356799557996330,-50835,92,180,180,0,True
1733766047,21366500,6238396608933356799557996330,-50835,92,180,180,0,True
1733766059,21366501,6238396608933356799557996330,-50835,92,180,180,0,True
1733766071,21366502,6241278540556974510638750864,-50826,93,180,180,0,True
1733766083,21366503,6241278540556974510638750864,-50826,93,180,180,0,True
1733766095,21366504,6237333592655839572830786257,-50839,94,180,180,0,True
1733766107,21366505,6237333592655839572830786257,-50839,94,180,180,0,True
1733766119,21366506,6237333592655839572830786257,-50839,94,180,180,0,True
1733766131,21366507,6237333592655839572830786257,-50839,94,180,180,0,True
1733766143,21366508,6237333592655839572830786257,-50839,94,180,180,0,True
1733766155,21366509,6237333592655839572830786257,-50839,94,180,180,0,True
1733766167,21366510,6237333592655839572830786257,-50839,94,180,180,0,True
1733766179,21366511,6237333592655839572830786257,-50839,94,180,180,0,True
1733766191,21366512,6237333592655839572830786257,-50839,94,180,180,0,True
1733766203,21366513,6237333592655839572830786257,-50839,94,180,180,0,True
1733766215,21366514,6237333592655839572830786257,-50839,94,180,180,0,True
1733766227,21366515,6237333592655839572830786257,-50839,94,180,180,0,True
1733766239,21366516,6237333592655839572830786257,-50839,94,180,180,0,True
1733766251,21366517,6237333592655839572830786257,-50839,94,180,180,0,True
1733766263,21366518,6237333592655839572830786257,-50839,94,180,180,0,True
1733766275,21366519,6237333592655839572830786257,-50839,94,180,180,0,True
1733766287,21366520,6237333592655839572830786257,-50839,94,180,180,0,True
1733766299,21366521,6237333592655839572830786257,-50839,94,180,180,0,True
1733766311,21366522,6237333592655839572830786257,-50839,94,180,180,0,True
1733766323,21366523,6237333592655839572830786257,-50839,94,180,180,0,True
1733766335,21366524,6237333592655839572830786257,-50839,94,180,180,0,True
1733766347,21366525,6237333592655839572830786257,-50839,94,180,180,0,True
1733766359,21366526,6237333592655839572830786257,-50839,94,180,180,0,True
1733766371,21366527,6237333592655839572830786257,-50839,94,180,180,0,True
1733766383,21366528,6237333592655839572830786257,-50839,94,180,180,0,True
1733766395,21366529,6237333592655839572830786257,-50839,94,180,180,0,True
1733766407,21366530,6237333592655839572830786257,-50839,94,180,180,0,True
1733766419,21366531,6237333592655839572830786257,-50839,94,180,180,0,True
1733766431,21366532,6237333592655839572830786257,-50839,94,180,180,0,True
1733766443,21366533,6237333592655839572830786257,-50839,94,180,180,0,True
1733766455,21366534,6237333592655839572830786257,-50839,94,180,180,0,True
1733766467,21366535,6237333592655839572830786257,-50839,94,180,180,0,True
1733766479,21366536,6237333592655839572830786257,-50839,94,180,180,0,True
1733766491,21366537,6237333592655839572830786257,-50839,94,180,180,0,True
1733766503,21366538,6237333592655839572830786257,-50839,94,180,180,0,True
1733766515,21366539,6237333592655839572830786257,-50839,94,180,180,0,True
1733766527,21366540,6237333592655839572830786257,-50839,94,180,180,0,True
1733766539,21366541,6237333592655839572830786257,-50839,94,180,180,0,True
1733766551,21366542,6237333592655839572830786257,-50839,94,180,180,0,True
1733766563,21366543,6237333592655839572830786257,-50839,94,180,180,0,True
1733766575,21366544,6237333592655839572830786257,-50839,94,180,180,0,True
1733766587,21366545,6237333592655839572830786257,-50839,94,180,180,0,True
1733766599,21366546,6237333592655839572830786257,-50839,94,180,180,0,True
1733766611,21366547,6237333592655839572830786257,-50839,94,180,180,0,True
1733766623,21366548,6237333592655839572830786257,-50839,94,180,180,0,True
1733766635,21366549,6237333592655839572830786257,-50839,94,180,180,0,True
1733766647,21366550,6237333592655839572830786257,-50839,94,180,180,0,True
1733766659,21366551,6237333592655839572830786257,-50839,94,180,180,0,True
1733766671,21366552,6237333592655839572830786257,-50839,94,180,180,0,True
1733766683,21366553,6237333592655839572830786257,-50839,94,180,180,0,True
1733766695,21366554,6237333592655839572830786257,-50839,94,180,180,0,True
1733766707,21366555,6237333592655839572830786257,-50839,94,180,180,0,True
1733766719,21366556,6237333592655839572830786257,-50839,94,180,180,0,True
1733766731,21366557,6237333592655839572830786257,-50839,94,180,180,0,True
1733766743,21366558,6237333592655839572830786257,-50839,94,180,180,0,True
1733766755,21366559,6243748230735223491669338642,-50818,95,180,180,0,True
1733766767,21366560,6243748230735223491669338642,-50818,95,180,180,0,True
1733766779,21366561,6243748230735223491669338642,-50818,95,180,180,0,True
1733766791,21366562,6243748230735223491669338642,-50818,95,180,180,0,True
1733766803,21366563,6243748230735223491669338642,-50818,95,180,180,0,True
1733766815,21366564,6243748230735223491669338642,-50818,95,180,180,0,True
1733766827,21366565,6243748230735223491669338642,-50818,95,180,180,0,True
1733766839,21366566,6243748230735223491669338642,-50818,95,180,180,0,True
1733766851,21366567,6243748230735223491669338642,-50818,95,180,180,0,True
1733766863,21366568,6243748230735223491669338642,-50818,95,180,180,0,True
1733766875,21366569,6243748230735223491669338642,-50818,95,180,180,0,True
1733766887,21366570,6243748230735223491669338642,-50818,95,180,180,0,True
1733766899,21366571,6243748230735223491669338642,-50818,95,180,180,0,True
1733766911,21366572,6243748230735223491669338642,-50818,95,180,180,0,True
1733766923,21366573,6243748230735223491669338642,-50818,95,180,180,0,True
1733766935,21366574,6243748230735223491669338642,-50818,95,180,180,0,True
1733766947,21366575,6243748230735223491669338642,-50818,95,180,180,0,True
1733766959,21366576,6243748230735223491669338642,-50818,95,180,180,0,True
1733766971,21366577,6243748230735223491669338642,-50818,95,180,180,0,True
1733766983,21366578,6243748230735223491669338642,-50818,95,180,180,0,True
1733766995,21366579,6243748230735223491669338642,-50818,95,180,180,0,True
1733767007,21366580,6241410773310080168077411693,-50826,96,180,180,0,True
1733767019,21366581,6241410773310080168077411693,-50826,96,180,180,0,True
1733767031,21366582,6241410773310080168077411693,-50826,96,180,180,0,True
1733767043,21366583,6241410773310080168077411693,-50826,96,180,180,0,True
1733767055,21366584,6241410773310080168077411693,-50826,96,180,180,0,True
1733767067,21366585,6241410773310080168077411693,-50826,96,180,180,0,True
1733767079,21366586,6241410773310080168077411693,-50826,96,180,180,0,True
1733767091,21366587,6241410773310080168077411693,-50826,96,180,180,0,True
1733767103,21366588,6241410773310080168077411693,-50826,96,180,180,0,True
1733767115,21366589,6241412072245569651985184491,-50826,96,180,180,0,True
1733767127,21366590,6241412072245569651985184491,-50826,96,180,180,0,True
1733767139,21366591,6241412072245569651985184491,-50826,96,180,180,0,True
1733767151,21366592,6241412072245569651985184491,-50826,96,180,180,0,True
1733767163,21366593,6241412072245569651985184491,-50826,96,180,180,0,True
1733767175,21366594,6241412072245569651985184491,-50826,96,180,180,0,True
1733767187,21366595,6241412072245569651985184491,-50826,96,180,180,0,True
1733767199,21366596,6241412072245569651985184491,-50826,96,180,180,0,True
1733767211,21366597,6241412072245569651985184491,-50826,96,180,180,0,True
1733767223,21366598,6241412072245569651985184491,-50826,96,180,180,0,True
1733767235,21366599,6241412072245569651985184491,-50826,96,180,180,0,True
1733767247,21366600,6241412072245569651985184491,-50826,96,180,180,0,True
1733767259,21366601,6241412072245569651985184491,-50826,96,180,180,0,True
1733767271,21366602,6241412072245569651985184491,-50826,96,180,180,0,True
1733767283,21366603,6241412072245569651985184491,-50826,96,180,180,0,True
1733767295,21366604,6241412072245569651985184491,-50826,96,180,180,0,True
1733767307,21366605,6241412072245569651985184491,-50826,96,180,180,0,True
1733767319,21366606,6241412072245569651985184491,-50826,96,180,180,0,True
1733767331,21366607,6241412072245569651985184491,-50826,96,180,180,0,True
1733767343,21366608,6241412072245569651985184491,-50826,96,180,180,0,True
1733767355,21366609,6241412072245569651985184491,-50826,96,180,180,0,True
1733767367,21366610,6241412072245569651985184491,-50826,96,180,180,0,True
1733767379,21366611,6241412072245569651985184491,-50826,96,180,180,0,True
1733767391,21366612,6241412072245569651985184491,-50826,96,180,180,0,True
1733767403,21366613,6241412072245569651985184491,-50826,96,180,180,0,True
1733767415,21366614,6242915255029647540136904252,-50821,97,180,180,0,True
1733767427,21366615,6242915255029647540136904252,-50821,97,180,180,0,True
1733767439,21366616,6242915255029647540136904252,-50821,97,180,180,0,True
1733767451,21366617,6242915255029647540136904252,-50821,97,180,180,0,True
1733767463,21366618,6242915255029647540136904252,-50821,97,180,180,0,True
1733767475,21366619,6242915255029647540136904252,-50821,97,180,180,0,True
1733767487,21366620,6242915255029647540136904252,-50821,97,180,180,0,True
1733767499,21366621,6242915255029647540136904252,-50821,97,180,180,0,True
1733767511,21366622,6242915255029647540136904252,-50821,97,180,180,0,True
1733767523,21366623,6242915255029647540136904252,-50821,97,180,180,0,True
1733767535,21366624,6242915255029647540136904252,-50821,97,180,180,0,True
1733767547,21366625,6242915255029647540136904252,-50821,97,180,180,0,True
1733767559,21366626,6242915255029647540136904252,-50821,97,180,180,0,True
1733767571,21366627,6242915255029647540136904252,-50821,97,180,180,0,True
1733767583,21366628,6248879170120522597849366528,-50802,98,180,180,0,True
1733767595,21366629,6248879170120522597849366528,-50802,98,180,180,0,True
1733767607,21366630,6248879170120522597849366528,-50802,98,180,180,0,True
1733767619,21366631,6248879170120522597849366528,-50802,98,180,180,0,True
1733767631,21366632,6253522544054711143679131648,-50787,99,180,180,0,True
1733767643,21366633,6253522544054711143679131648,-50787,99,180,180,0,True
1733767655,21366634,6253522544054711143679131648,-50787,99,180,180,0,True
1733767667,21366635,6253522544054711143679131648,-50787,99,180,180,0,True
1733767679,21366636,6253522544054711143679131648,-50787,99,180,180,0,True
1733767691,21366637,6253522544054711143679131648,-50787,99,180,180,0,True
1733767703,21366638,6253522544054711143679131648,-50787,99,180,180,0,True
1733767715,21366639,6253522544054711143679131648,-50787,99,180,180,0,True
1733767727,21366640,6253522544054711143679131648,-50787,99,180,180,0,True
1733767739,21366641,6253522544054711143679131648,-50787,99,180,180,0,True
1733767751,21366642,6253522544054711143679131648,-50787,99,180,180,0,True
1733767763,21366643,6253522544054711143679131648,-50787,99,180,180,0,True
1733767775,21366644,6253522544054711143679131648,-50787,99,180,180,0,True
1733767799,21366645,6253522544054711143679131648,-50787,99,180,180,0,True
1733767811,21366646,6256210010615688342242027026,-50778,100,180,180,0,True
1733767823,21366647,6256210010615688342242027026,-50778,100,180,180,0,True
1733767835,21366648,6256210010615688342242027026,-50778,100,180,180,0,True
1733767847,21366649,6256210010615688342242027026,-50778,100,180,180,0,True
1733767859,21366650,6256210010615688342242027026,-50778,100,180,180,0,True
1733767871,21366651,6256210010615688342242027026,-50778,100,180,180,0,True
1733767883,21366652,6256210010615688342242027026,-50778,100,180,180,0,True
1733767895,21366653,6256210010615688342242027026,-50778,100,180,180,0,True
1733767907,21366654,6256210010615688342242027026,-50778,100,180,180,0,True
1733767919,21366655,6256210010615688342242027026,-50778,100,180,180,0,True
1733767931,21366656,6256210010615688342242027026,-50778,100,180,180,0,True
1733767943,21366657,6256210010615688342242027026,-50778,100,180,180,0,True
1733767955,21366658,6256210010615688342242027026,-50778,100,180,180,0,True
1733767967,21366659,6256210010615688342242027026,-50778,100,180,180,0,True
1733767979,21366660,6256210010615688342242027026,-50778,100,180,180,0,True
1733767991,21366661,6256210010615688342242027026,-50778,100,180,180,0,True
1733768003,21366662,6256210010615688342242027026,-50778,100,180,180,0,True
1733768015,21366663,6256210010615688342242027026,-50778,100,180,180,0,True
1733768027,21366664,6256210010615688342242027026,-50778,100,180,180,0,True
1733768039,21366665,6256210010615688342242027026,-50778,100,180,180,0,True
1733768051,21366666,6256210010615688342242027026,-50778,100,180,180,0,True
1733768063,21366667,6256210010615688342242027026,-50778,100,180,180,0,True
1733768075,21366668,6256210010615688342242027026,-50778,100,180,180,0,True
1733768087,21366669,6256210010615688342242027026,-50778,100,180,180,0,True
1733768099,21366670,6256210010615688342242027026,-50778,100,180,180,0,True
1733768111,21366671,6256210010615688342242027026,-50778,100,180,180,0,True
1733768123,21366672,6256210010615688342242027026,-50778,100,180,180,0,True
1733768135,21366673,6256210010615688342242027026,-50778,100,180,180,0,True
1733768147,21366674,6256210010615688342242027026,-50778,100,180,180,0,True
1733768159,21366675,6256210010615688342242027026,-50778,100,180,180,0,True
1733768171,21366676,6256210010615688342242027026,-50778,100,180,180,0,True
1733768183,21366677,6252710804494412613064589005,-50789,101,180,180,0,True
1733768195,21366678,6252710804494412613064589005,-50789,101,180,180,0,True
1733768207,21366679,6252710804494412613064589005,-50789,101,180,180,0,True
1733768219,21366680,6252710804494412613064589005,-50789,101,180,180,0,True
1733768231,21366681,6252710804494412613064589005,-50789,101,180,180,0,True
1733768243,21366682,6252710804494412613064589005,-50789,101,180,180,0,True
1733768255,21366683,6252710804494412613064589005,-50789,101,180,180,0,True
1733768267,21366684,6252710804494412613064589005,-50789,101,180,180,0,True
1733768291,21366685,6249494309480369541079899847,-50800,102,180,180,0,True
1733768303,21366686,6249494309480369541079899847,-50800,102,180,180,0,True
1733768315,21366687,6243957175989230070671605760,-50817,103,180,180,0,True
1733768327,21366688,6243957175989230070671605760,-50817,103,180,180,0,True
1733768339,21366689,6243957175989230070671605760,-50817,103,180,180,0,True
1733768351,21366690,6243957175989230070671605760,-50817,103,180,180,0,True
1733768363,21366691,6243957175989230070671605760,-50817,103,180,180,0,True
1733768375,21366692,6243957175989230070671605760,-50817,103,180,180,0,True
1733768387,21366693,6243957175989230070671605760,-50817,103,180,180,0,True
1733768399,21366694,6243957175989230070671605760,-50817,103,180,180,0,True
1733768411,21366695,6243957175989230070671605760,-50817,103,180,180,0,True
1733768423,21366696,6243152121894772491869545473,-50820,104,180,180,0,True
1733768435,21366697,6241610652785419357739388797,-50825,105,180,180,0,True
1733768447,21366698,6241610652785419357739388797,-50825,105,180,180,0,True
1733768471,21366699,6241610652785419357739388797,-50825,105,180,180,0,True
1733768483,21366700,6241610652785419357739388797,-50825,105,180,180,0,True
1733768495,21366701,6241610652785419357739388797,-50825,105,180,180,0,True
1733768507,21366702,6241610652785419357739388797,-50825,105,180,180,0,True
1733768519,21366703,6241610652785419357739388797,-50825,105,180,180,0,True
1733768531,21366704,6241610652785419357739388797,-50825,105,180,180,0,True
1733768543,21366705,6241610652785419357739388797,-50825,105,180,180,0,True
1733768555,21366706,6241610652785419357739388797,-50825,105,180,180,0,True
1733768567,21366707,6241610652785419357739388797,-50825,105,180,180,0,True
1733768579,21366708,6241610652785419357739388797,-50825,105,180,180,0,True
1733768591,21366709,6241610652785419357739388797,-50825,105,180,180,0,True
1733768603,21366710,6241610652785419357739388797,-50825,105,180,180,0,True
1733768615,21366711,6241610652785419357739388797,-50825,105,180,180,0,True
1733768627,21366712,6241610652785419357739388797,-50825,105,180,180,0,True
1733768639,21366713,6241610652785419357739388797,-50825,105,180,180,0,True
1733768651,21366714,6241610652785419357739388797,-50825,105,180,180,0,True
1733768663,21366715,6241610652785419357739388797,-50825,105,180,180,0,True
1733768675,21366716,6241610652785419357739388797,-50825,105,180,180,0,True
1733768687,21366717,6241610652785419357739388797,-50825,105,180,180,0,True
1733768699,21366718,6241610652785419357739388797,-50825,105,180,180,0,True
1733768711,21366719,6241610652785419357739388797,-50825,105,180,180,0,True
1733768723,21366720,6241610652785419357739388797,-50825,105,180,180,0,True
1733768735,21366721,6241610652785419357739388797,-50825,105,180,180,0,True
1733768747,21366722,6241610652785419357739388797,-50825,105,180,180,0,True
1733768759,21366723,6241610652785419357739388797,-50825,105,180,180,0,True
1733768771,21366724,6241610652785419357739388797,-50825,105,180,180,0,True
1733768783,21366725,6241610652785419357739388797,-50825,105,180,180,0,True
1733768795,21366726,6241610652785419357739388797,-50825,105,180,180,0,True
1733768807,21366727,6241610652785419357739388797,-50825,105,180,180,0,True
1733768819,21366728,6241610652785419357739388797,-50825,105,180,180,0,True
1733768831,21366729,6241610652785419357739388797,-50825,105,180,180,0,True
1733768843,21366730,6241610652785419357739388797,-50825,105,180,180,0,True
1733768855,21366731,6241610652785419357739388797,-50825,105,180,180,0,True
1733768867,21366732,6241610652785419357739388797,-50825,105,180,180,0,True
1733768879,21366733,6241610652785419357739388797,-50825,105,180,180,0,True
1733768891,21366734,6241610652785419357739388797,-50825,105,180,180,0,True
1733768903,21366735,6241610652785419357739388797,-50825,105,180,180,0,True
1733768915,21366736,6241610652785419357739388797,-50825,105,180,180,0,True
1733768927,21366737,6241610652785419357739388797,-50825,105,180,180,0,True
1733768939,21366738,6241610652785419357739388797,-50825,105,180,180,0,True
1733768951,21366739,6241610652785419357739388797,-50825,105,180,180,0,True
1733768963,21366740,6241610652785419357739388797,-50825,105,180,180,0,True
1733768975,21366741,6241610652785419357739388797,-50825,105,180,180,0,True
1733768987,21366742,6241610652785419357739388797,-50825,105,180,180,0,True
1733768999,21366743,6241610652785419357739388797,-50825,105,180,180,0,True
1733769011,21366744,6241610652785419357739388797,-50825,105,180,180,0,True
1733769023,21366745,6241610652785419357739388797,-50825,105,180,180,0,True
1733769035,21366746,6241610652785419357739388797,-50825,105,180,180,0,True
1733769047,21366747,6241610652785419357739388797,-50825,105,180,180,0,True
1733769059,21366748,6241610652785419357739388797,-50825,105,180,180,0,True
1733769071,21366749,6241610652785419357739388797,-50825,105,180,180,0,True
1733769083,21366750,6241610652785419357739388797,-50825,105,180,180,0,True
1733769095,21366751,6241610652785419357739388797,-50825,105,180,180,0,True
1733769107,21366752,6241610652785419357739388797,-50825,105,180,180,0,True
1733769119,21366753,6241610652785419357739388797,-50825,105,180,180,0,True
1733769131,21366754,6241610652785419357739388797,-50825,105,180,180,0,True
1733769143,21366755,6241610652785419357739388797,-50825,105,180,180,0,True
1733769155,21366756,6241610652785419357739388797,-50825,105,180,180,0,True
1733769167,21366757,6241610652785419357739388797,-50825,105,180,180,0,True
1733769179,21366758,6241610652785419357739388797,-50825,105,180,180,0,True
1733769191,21366759,6241610652785419357739388797,-50825,105,180,180,0,True
1733769203,21366760,6241610652785419357739388797,-50825,105,180,180,0,True
1733769215,21366761,6241610652785419357739388797,-50825,105,180,180,0,True
1733769227,21366762,6241610652785419357739388797,-50825,105,180,180,0,True
1733769239,21366763,6241610652785419357739388797,-50825,105,180,180,0,True
1733769251,21366764,6241610652785419357739388797,-50825,105,180,180,0,True
1733769263,21366765,6241610652785419357739388797,-50825,105,180,180,0,True
1733769275,21366766,6241995720577423486530501676,-50824,106,180,180,0,True
1733769287,21366767,6241995720577423486530501676,-50824,106,180,180,0,True
1733769299,21366768,6241995720577423486530501676,-50824,106,180,180,0,True
1733769311,21366769,6241995720577423486530501676,-50824,106,180,180,0,True
1733769323,21366770,6241995720577423486530501676,-50824,106,180,180,0,True
1733769335,21366771,6241995720577423486530501676,-50824,106,180,180,0,True
1733769347,21366772,6241995720577423486530501676,-50824,106,180,180,0,True
1733769359,21366773,6241995720577423486530501676,-50824,106,180,180,0,True
1733769371,21366774,6241995720577423486530501676,-50824,106,180,180,0,True
1733769383,21366775,6241995720577423486530501676,-50824,106,180,180,0,True
1733769395,21366776,6241995720577423486530501676,-50824,106,180,180,0,True
1733769407,21366777,6241995720577423486530501676,-50824,106,180,180,0,True
1733769419,21366778,6241995720577423486530501676,-50824,106,180,180,0,True
1733769431,21366779,6241995720577423486530501676,-50824,106,180,180,0,True
1733769443,21366780,6241995720577423486530501676,-50824,106,180,180,0,True
1733769455,21366781,6241995720577423486530501676,-50824,106,180,180,0,True
1733769467,21366782,6241995720577423486530501676,-50824,106,180,180,0,True
1733769479,21366783,6241995720577423486530501676,-50824,106,180,180,0,True
1733769491,21366784,6241995720577423486530501676,-50824,106,180,180,0,True
1733769503,21366785,6241995720577423486530501676,-50824,106,180,180,0,True
1733769515,21366786,6241995720577423486530501676,-50824,106,180,180,0,True
1733769527,21366787,6241995720577423486530501676,-50824,106,180,180,0,True
1733769539,21366788,6241995720577423486530501676,-50824,106,180,180,0,True
1733769551,21366789,6241995720577423486530501676,-50824,106,180,180,0,True
1733769563,21366790,6239887852211590140089727334,-50830,107,180,180,0,True
1733769575,21366791,6239887852211590140089727334,-50830,107,180,180,0,True
1733769587,21366792,6239887852211590140089727334,-50830,107,180,180,0,True
1733769599,21366793,6239887852211590140089727334,-50830,107,180,180,0,True
1733769611,21366794,6239887852211590140089727334,-50830,107,180,180,0,True
1733769623,21366795,6239887852211590140089727334,-50830,107,180,180,0,True
1733769635,21366796,6239887852211590140089727334,-50830,107,180,180,0,True
1733769647,21366797,6239887852211590140089727334,-50830,107,180,180,0,True
1733769659,21366798,6239887852211590140089727334,-50830,107,180,180,0,True
1733769671,21366799,6239887852211590140089727334,-50830,107,180,180,0,True
1733769683,21366800,6239887852211590140089727334,-50830,107,180,180,0,True
1733769695,21366801,6239887852211590140089727334,-50830,107,180,180,0,True
1733769707,21366802,6239887852211590140089727334,-50830,107,180,180,0,True
1733769719,21366803,6239887852211590140089727334,-50830,107,180,180,0,True
1733769731,21366804,6239887852211590140089727334,-50830,107,180,180,0,True
1733769743,21366805,6239887852211590140089727334,-50830,107,180,180,0,True
1733769755,21366806,6239887852211590140089727334,-50830,107,180,180,0,True
1733769767,21366807,6239887852211590140089727334,-50830,107,180,180,0,True
1733769779,21366808,6239887852211590140089727334,-50830,107,180,180,0,True
1733769791,21366809,6239887852211590140089727334,-50830,107,180,180,0,True
1733769803,21366810,6239887852211590140089727334,-50830,107,180,180,0,True
1733769815,21366811,6235801778863706798412746583,-50844,108,180,180,0,True
1733769827,21366812,6235801778863706798412746583,-50844,108,180,180,0,True
1733769839,21366813,6235801778863706798412746583,-50844,108,180,180,0,True
1733769851,21366814,6235290924767337010975375201,-50845,109,180,180,0,True
1733769863,21366815,6235290924767337010975375201,-50845,109,180,180,0,True
1733769875,21366816,6235290924767337010975375201,-50845,109,180,180,0,True
1733769887,21366817,6235290924767337010975375201,-50845,109,180,180,0,True
1733769899,21366818,6235290924767337010975375201,-50845,109,180,180,0,True
1733769911,21366819,6235290924767337010975375201,-50845,109,180,180,0,True
1733769923,21366820,6235290924767337010975375201,-50845,109,180,180,0,True
1733769935,21366821,6235290924767337010975375201,-50845,109,180,180,0,True
1733769947,21366822,6235290924767337010975375201,-50845,109,180,180,0,True
1733769959,21366823,6235290924767337010975375201,-50845,109,180,180,0,True
1733769971,21366824,6235290924767337010975375201,-50845,109,180,180,0,True
1733769983,21366825,6235290924767337010975375201,-50845,109,180,180,0,True
1733769995,21366826,6235290924767337010975375201,-50845,109,180,180,0,True
1733770007,21366827,6235290924767337010975375201,-50845,109,180,180,0,True
1733770019,21366828,6235290924767337010975375201,-50845,109,180,180,0,True
1733770031,21366829,6235290924767337010975375201,-50845,109,180,180,0,True
1733770043,21366830,6235290924767337010975375201,-50845,109,180,180,0,True
1733770055,21366831,6235290924767337010975375201,-50845,109,180,180,0,True
1733770067,21366832,6235290924767337010975375201,-50845,109,180,180,0,True
1733770079,21366833,6235290924767337010975375201,-50845,109,180,180,0,True
1733770091,21366834,6235290924767337010975375201,-50845,109,180,180,0,True
1733770103,21366835,6235290924767337010975375201,-50845,109,180,180,0,True
1733770115,21366836,6235290924767337010975375201,-50845,109,180,180,0,True
1733770127,21366837,6235290924767337010975375201,-50845,109,180,180,0,True
1733770139,21366838,6235290924767337010975375201,-50845,109,180,180,0,True
1733770151,21366839,6235290924767337010975375201,-50845,109,180,180,0,True
1733770163,21366840,6235290924767337010975375201,-50845,109,180,180,0,True
1733770175,21366841,6235290924767337010975375201,-50845,109,180,180,0,True
1733770187,21366842,6235290924767337010975375201,-50845,109,180,180,0,True
1733770199,21366843,6235290924767337010975375201,-50845,109,180,180,0,True
1733770211,21366844,6235290924767337010975375201,-50845,109,180,180,0,True
1733770223,21366845,6235290924767337010975375201,-50845,109,180,180,0,True
1733770235,21366846,6235290924767337010975375201,-50845,109,180,180,0,True
1733770247,21366847,6235290924767337010975375201,-50845,109,180,180,0,True
1733770259,21366848,6235290924767337010975375201,-50845,109,180,180,0,True
1733770271,21366849,6235290924767337010975375201,-50845,109,180,180,0,True
1733770283,21366850,6235290924767337010975375201,-50845,109,180,180,0,True
1733770295,21366851,6234017526777815186189686531,-50849,110,180,180,0,True
1733770307,21366852,6234017526777815186189686531,-50849,110,180,180,0,True
1733770319,21366853,6234017526777815186189686531,-50849,110,180,180,0,True
1733770331,21366854,6234017526777815186189686531,-50849,110,180,180,0,True
1733770343,21366855,6234017526777815186189686531,-50849,110,180,180,0,True
1733770355,21366856,6234017526777815186189686531,-50849,110,180,180,0,True
1733770367,21366857,6234044074251675290861609133,-50849,110,180,180,0,True
1733770379,21366858,6234044074251675290861609133,-50849,110,180,180,0,True
1733770391,21366859,6234044074251675290861609133,-50849,110,180,180,0,True
1733770403,21366860,6234044074251675290861609133,-50849,110,180,180,0,True
1733770415,21366861,6234044074251675290861609133,-50849,110,180,180,0,True
1733770427,21366862,6234044074251675290861609133,-50849,110,180,180,0,True
1733770439,21366863,6234044074251675290861609133,-50849,110,180,180,0,True
1733770451,21366864,6234044074251675290861609133,-50849,110,180,180,0,True
1733770463,21366865,6234044074251675290861609133,-50849,110,180,180,0,True
1733770475,21366866,6234044074251675290861609133,-50849,110,180,180,0,True
1733770487,21366867,6234044074251675290861609133,-50849,110,180,180,0,True
1733770499,21366868,6234044074251675290861609133,-50849,110,180,180,0,True
1733770511,21366869,6234044074251675290861609133,-50849,110,180,180,0,True
1733770523,21366870,6234044074251675290861609133,-50849,110,180,180,0,True
1733770535,21366871,6234044074251675290861609133,-50849,110,180,180,0,True
1733770547,21366872,6234044074251675290861609133,-50849,110,180,180,0,True
1733770559,21366873,6234044074251675290861609133,-50849,110,180,180,0,True
1733770571,21366874,6234044074251675290861609133,-50849,110,180,180,0,True
1733770583,21366875,6234044074251675290861609133,-50849,110,180,180,0,True
1733770595,21366876,6234044074251675290861609133,-50849,110,180,180,0,True
1733770607,21366877,6234044074251675290861609133,-50849,110,180,180,0,True
1733770619,21366878,6234044074251675290861609133,-50849,110,180,180,0,True
1733770631,21366879,6234044074251675290861609133,-50849,110,180,180,0,True
1733770643,21366880,6234044074251675290861609133,-50849,110,180,180,0,True
1733770655,21366881,6234044074251675290861609133,-50849,110,180,180,0,True
1733770667,21366882,6234044074251675290861609133,-50849,110,180,180,0,True
1733770679,21366883,6234044074251675290861609133,-50849,110,180,180,0,True
1733770691,21366884,6234044074251675290861609133,-50849,110,180,180,0,True
1733770703,21366885,6234044074251675290861609133,-50849,110,180,180,0,True
1733770715,21366886,6234044074251675290861609133,-50849,110,180,180,0,True
1733770727,21366887,6234044074251675290861609133,-50849,110,180,180,0,True
1733770739,21366888,6234044074251675290861609133,-50849,110,180,180,0,True
1733770751,21366889,6234044074251675290861609133,-50849,110,180,180,0,True
1733770763,21366890,6234127998436083015293765366,-50849,110,180,180,0,True
1733770775,21366891,6234127998436083015293765366,-50849,110,180,180,0,True
1733770787,21366892,6234127998436083015293765366,-50849,110,180,180,0,True
1733770799,21366893,6234127998436083015293765366,-50849,110,180,180,0,True
1733770811,21366894,6234127998436083015293765366,-50849,110,180,180,0,True
1733770823,21366895,6234160389904576680792308729,-50849,110,180,180,0,True
1733770835,21366896,6234160389904576680792308729,-50849,110,180,180,0,True
1733770847,21366897,6234160389904576680792308729,-50849,110,180,180,0,True
1733770859,21366898,6234160389904576680792308729,-50849,110,180,180,0,True
1733770871,21366899,6234160389904576680792308729,-50849,110,180,180,0,True
1733770883,21366900,6234160389904576680792308729,-50849,110,180,180,0,True
1733770895,21366901,6234160389904576680792308729,-50849,110,180,180,0,True
1733770907,21366902,6234160389904576680792308729,-50849,110,180,180,0,True
1733770919,21366903,6234160389904576680792308729,-50849,110,180,180,0,True
1733770931,21366904,6234160389904576680792308729,-50849,110,180,180,0,True
1733770943,21366905,6234160389904576680792308729,-50849,110,180,180,0,True
1733770955,21366906,6234160389904576680792308729,-50849,110,180,180,0,True
1733770967,21366907,6234160389904576680792308729,-50849,110,180,180,0,True
1733770979,21366908,6234160389904576680792308729,-50849,110,180,180,0,True
1733770991,21366909,6234160389904576680792308729,-50849,110,180,180,0,True
1733771003,21366910,6234160389904576680792308729,-50849,110,180,180,0,True
1733771015,21366911,6234160389904576680792308729,-50849,110,180,180,0,True
1733771027,21366912,6234160389904576680792308729,-50849,110,180,180,0,True
1733771039,21366913,6234160389904576680792308729,-50849,110,180,180,0,True
1733771051,21366914,6234160389904576680792308729,-50849,110,180,180,0,True
1733771063,21366915,6234160389904576680792308729,-50849,110,180,180,0,True
1733771075,21366916,6234160389904576680792308729,-50849,110,180,180,0,True
1733771087,21366917,6234160389904576680792308729,-50849,110,180,180,0,True
1733771099,21366918,6234160389904576680792308729,-50849,110,180,180,0,True
1733771111,21366919,6234160389904576680792308729,-50849,110,180,180,0,True
1733771123,21366920,6234160389904576680792308729,-50849,110,180,180,0,True
1733771135,21366921,6234160389904576680792308729,-50849,110,180,180,0,True
1733771147,21366922,6234160389904576680792308729,-50849,110,180,180,0,True
1733771159,21366923,6234160389904576680792308729,-50849,110,180,180,0,True
1733771171,21366924,6234160389904576680792308729,-50849,110,180,180,0,True
1733771183,21366925,6234160389904576680792308729,-50849,110,180,180,0,True
1733771195,21366926,6234160389904576680792308729,-50849,110,180,180,0,True
1733771207,21366927,6234160389904576680792308729,-50849,110,180,180,0,True
1733771219,21366928,6234160389904576680792308729,-50849,110,180,180,0,True
1733771231,21366929,6234160389904576680792308729,-50849,110,180,180,0,True
1733771243,21366930,6234160389904576680792308729,-50849,110,180,180,0,True
1733771255,21366931,6234160389904576680792308729,-50849,110,180,180,0,True
1733771267,21366932,6234160389904576680792308729,-50849,110,180,180,0,True
1733771279,21366933,6234160389904576680792308729,-50849,110,180,180,0,True
1733771291,21366934,6234160389904576680792308729,-50849,110,180,180,0,True
1733771303,21366935,6234160389904576680792308729,-50849,110,180,180,0,True
1733771315,21366936,6234160389904576680792308729,-50849,110,180,180,0,True
1733771327,21366937,6234160389904576680792308729,-50849,110,180,180,0,True
1733771339,21366938,6234160389904576680792308729,-50849,110,180,180,0,True
1733771351,21366939,6234160389904576680792308729,-50849,110,180,180,0,True
1733771363,21366940,6234913208555763369918909263,-50846,111,180,180,0,True
1733771375,21366941,6234913208555763369918909263,-50846,111,180,180,0,True
1733771387,21366942,6234913208555763369918909263,-50846,111,180,180,0,True
1733771399,21366943,6234913208555763369918909263,-50846,111,180,180,0,True
1733771411,21366944,6234913208555763369918909263,-50846,111,180,180,0,True
1733771423,21366945,6234913208555763369918909263,-50846,111,180,180,0,True
1733771435,21366946,6234913208555763369918909263,-50846,111,180,180,0,True
1733771447,21366947,6234913208555763369918909263,-50846,111,180,180,0,True
1733771459,21366948,6234913208555763369918909263,-50846,111,180,180,0,True
1733771471,21366949,6234913208555763369918909263,-50846,111,180,180,0,True
1733771483,21366950,6234913208555763369918909263,-50846,111,180,180,0,True
1733771495,21366951,6234913208555763369918909263,-50846,111,180,180,0,True
1733771507,21366952,6234913208555763369918909263,-50846,111,180,180,0,True
1733771519,21366953,6234913208555763369918909263,-50846,111,180,180,0,True
1733771531,21366954,6234913208555763369918909263,-50846,111,180,180,0,True
1733771543,21366955,6234913208555763369918909263,-50846,111,180,180,0,True
1733771555,21366956,6234913208555763369918909263,-50846,111,180,180,0,True
1733771567,21366957,6234913208555763369918909263,-50846,111,180,180,0,True
1733771579,21366958,6234913208555763369918909263,-50846,111,180,180,0,True
1733771591,21366959,6234913208555763369918909263,-50846,111,180,180,0,True
1733771603,21366960,6234913208555763369918909263,-50846,111,180,180,0,True
1733771615,21366961,6234913208555763369918909263,-50846,111,180,180,0,True
1733771627,21366962,6234913208555763369918909263,-50846,111,180,180,0,True
1733771639,21366963,6234913208555763369918909263,-50846,111,180,180,0,True
1733771651,21366964,6234913208555763369918909263,-50846,111,180,180,0,True
1733771663,21366965,6234913208555763369918909263,-50846,111,180,180,0,True
1733771675,21366966,6234913208555763369918909263,-50846,111,180,180,0,True
1733771687,21366967,6234913208555763369918909263,-50846,111,180,180,0,True
1733771699,21366968,6234913208555763369918909263,-50846,111,180,180,0,True
1733771711,21366969,6234913208555763369918909263,-50846,111,180,180,0,True
1733771723,21366970,6234913208555763369918909263,-50846,111,180,180,0,True
1733771735,21366971,6234913208555763369918909263,-50846,111,180,180,0,True
1733771747,21366972,6234913208555763369918909263,-50846,111,180,180,0,True
1733771759,21366973,6234913208555763369918909263,-50846,111,180,180,0,True
1733771771,21366974,6234913208555763369918909263,-50846,111,180,180,0,True
1733771783,21366975,6234913208555763369918909263,-50846,111,180,180,0,True
1733771795,21366976,6234913208555763369918909263,-50846,111,180,180,0,True
1733771807,21366977,6234913208555763369918909263,-50846,111,180,180,0,True
1733771819,21366978,6234913208555763369918909263,-50846,111,180,180,0,True
1733771831,21366979,6234913208555763369918909263,-50846,111,180,180,0,True
1733771843,21366980,6234913208555763369918909263,-50846,111,180,180,0,True
1733771855,21366981,6234721683054059808075597913,-50847,112,180,180,0,True
1733771867,21366982,6234721683054059808075597913,-50847,112,180,180,0,True
1733771879,21366983,6234721683054059808075597913,-50847,112,180,180,0,True
1733771891,21366984,6234721683054059808075597913,-50847,112,180,180,0,True
1733771903,21366985,6234721683054059808075597913,-50847,112,180,180,0,True
1733771915,21366986,6234721683054059808075597913,-50847,112,180,180,0,True
1733771927,21366987,6234721683054059808075597913,-50847,112,180,180,0,True
1733771939,21366988,6234721683054059808075597913,-50847,112,180,180,0,True
1733771951,21366989,6234721683054059808075597913,-50847,112,180,180,0,True
1733771963,21366990,6234721683054059808075597913,-50847,112,180,180,0,True
1733771975,21366991,6234721683054059808075597913,-50847,112,180,180,0,True
1733771987,21366992,6234721683054059808075597913,-50847,112,180,180,0,True
1733771999,21366993,6234721683054059808075597913,-50847,112,180,180,0,True
1733772011,21366994,6234721683054059808075597913,-50847,112,180,180,0,True
1733772023,21366995,6234721683054059808075597913,-50847,112,180,180,0,True
1733772035,21366996,6234721683054059808075597913,-50847,112,180,180,0,True
1733772047,21366997,6234721683054059808075597913,-50847,112,180,180,0,True
1733772059,21366998,6234721683054059808075597913,-50847,112,180,180,0,True
1733772071,21366999,6234721683054059808075597913,-50847,112,180,180,0,True
1733772083,21367000,6234721683054059808075597913,-50847,112,180,180,0,True
1733772095,21367001,6234721683054059808075597913,-50847,112,180,180,0,True
1733772107,21367002,6234721683054059808075597913,-50847,112,180,180,0,True
1733772119,21367003,6234721683054059808075597913,-50847,112,180,180,0,True
1733772131,21367004,6234721683054059808075597913,-50847,112,180,180,0,True
1733772143,21367005,6234721683054059808075597913,-50847,112,180,180,0,True
1733772155,21367006,6234721683054059808075597913,-50847,112,180,180,0,True
1733772167,21367007,6234721683054059808075597913,-50847,112,180,180,0,True
1733772179,21367008,6234721683054059808075597913,-50847,112,180,180,0,True
1733772191,21367009,6234721683054059808075597913,-50847,112,180,180,0,True
1733772203,21367010,6234721683054059808075597913,-50847,112,180,180,0,True
1733772215,21367011,6234721683054059808075597913,-50847,112,180,180,0,True
1733772227,21367012,6234721683054059808075597913,-50847,112,180,180,0,True
1733772239,21367013,6237621092627576381333848810,-50838,113,180,180,0,True
1733772251,21367014,6237621092627576381333848810,-50838,113,180,180,0,True
1733772263,21367015,6237621092627576381333848810,-50838,113,180,180,0,True
1733772275,21367016,6237621092627576381333848810,-50838,113,180,180,0,True
1733772287,21367017,6237621092627576381333848810,-50838,113,180,180,0,True
1733772299,21367018,6237621092627576381333848810,-50838,113,180,180,0,True
1733772311,21367019,6237621092627576381333848810,-50838,113,180,180,0,True
1733772323,21367020,6237621092627576381333848810,-50838,113,180,180,0,True
1733772335,21367021,6237621092627576381333848810,-50838,113,180,180,0,True
1733772347,21367022,6237621092627576381333848810,-50838,113,180,180,0,True
1733772359,21367023,6237621092627576381333848810,-50838,113,180,180,0,True
1733772371,21367024,6237621092627576381333848810,-50838,113,180,180,0,True
1733772383,21367025,6237621092627576381333848810,-50838,113,180,180,0,True
1733772395,21367026,6237621092627576381333848810,-50838,113,180,180,0,True
1733772407,21367027,6239166907243221881987111325,-50833,114,180,180,0,True
1733772419,21367028,6239166907243221881987111325,-50833,114,180,180,0,True
1733772431,21367029,6239166907243221881987111325,-50833,114,180,180,0,True
1733772443,21367030,6241050903739685848821844864,-50827,115,180,180,0,True
1733772455,21367031,6241050903739685848821844864,-50827,115,180,180,0,True
1733772467,21367032,6241050903739685848821844864,-50827,115,180,180,0,True
1733772479,21367033,6241050903739685848821844864,-50827,115,180,180,0,True
1733772491,21367034,6241050903739685848821844864,-50827,115,180,180,0,True
1733772503,21367035,6241050903739685848821844864,-50827,115,180,180,0,True
1733772515,21367036,6241050903739685848821844864,-50827,115,180,180,0,True
1733772527,21367037,6241050903739685848821844864,-50827,115,180,180,0,True
1733772539,21367038,6241050903739685848821844864,-50827,115,180,180,0,True
1733772551,21367039,6241050903739685848821844864,-50827,115,180,180,0,True
1733772563,21367040,6241050903739685848821844864,-50827,115,180,180,0,True
1733772575,21367041,6241050903739685848821844864,-50827,115,180,180,0,True
1733772587,21367042,6241050903739685848821844864,-50827,115,180,180,0,True
1733772599,21367043,6241050903739685848821844864,-50827,115,180,180,0,True
1733772611,21367044,6241050903739685848821844864,-50827,115,180,180,0,True
1733772623,21367045,6241050903739685848821844864,-50827,115,180,180,0,True
1733772635,21367046,6241050903739685848821844864,-50827,115,180,180,0,True
1733772647,21367047,6241050903739685848821844864,-50827,115,180,180,0,True
1733772659,21367048,6241050903739685848821844864,-50827,115,180,180,0,True
1733772671,21367049,6241050903739685848821844864,-50827,115,180,180,0,True
1733772683,21367050,6241050903739685848821844864,-50827,115,180,180,0,True
1733772695,21367051,6241050903739685848821844864,-50827,115,180,180,0,True
1733772707,21367052,6241050903739685848821844864,-50827,115,180,180,0,True
1733772719,21367053,6241050903739685848821844864,-50827,115,180,180,0,True
1733772731,21367054,6241050903739685848821844864,-50827,115,180,180,0,True
1733772743,21367055,6241050903739685848821844864,-50827,115,180,180,0,True
1733772755,21367056,6241050903739685848821844864,-50827,115,180,180,0,True
1733772767,21367057,6241050903739685848821844864,-50827,115,180,180,0,True
1733772779,21367058,6241050903739685848821844864,-50827,115,180,180,0,True
1733772791,21367059,6241050903739685848821844864,-50827,115,180,180,0,True
1733772803,21367060,6241050903739685848821844864,-50827,115,180,180,0,True
1733772815,21367061,6241050903739685848821844864,-50827,115,180,180,0,True
1733772827,21367062,6241050903739685848821844864,-50827,115,180,180,0,True
1733772839,21367063,6241050903739685848821844864,-50827,115,180,180,0,True
1733772851,21367064,6241050903739685848821844864,-50827,115,180,180,0,True
1733772863,21367065,6241050903739685848821844864,-50827,115,180,180,0,True
1733772875,21367066,6241050903739685848821844864,-50827,115,180,180,0,True
1733772887,21367067,6241050903739685848821844864,-50827,115,180,180,0,True
1733772899,21367068,6241050903739685848821844864,-50827,115,180,180,0,True
1733772911,21367069,6241050903739685848821844864,-50827,115,180,180,0,True
1733772923,21367070,6241050903739685848821844864,-50827,115,180,180,0,True
1733772935,21367071,6241050903739685848821844864,-50827,115,180,180,0,True
1733772947,21367072,6241050903739685848821844864,-50827,115,180,180,0,True
1733772959,21367073,6241050903739685848821844864,-50827,115,180,180,0,True
1733772971,21367074,6241050903739685848821844864,-50827,115,180,180,0,True
1733772983,21367075,6241050903739685848821844864,-50827,115,180,180,0,True
1733772995,21367076,6241050903739685848821844864,-50827,115,180,180,0,True
1733773007,21367077,6241050903739685848821844864,-50827,115,180,180,0,True
1733773019,21367078,6241050903739685848821844864,-50827,115,180,180,0,True
1733773031,21367079,6241050903739685848821844864,-50827,115,180,180,0,True
1733773043,21367080,6241050903739685848821844864,-50827,115,180,180,0,True
1733773055,21367081,6241050903739685848821844864,-50827,115,180,180,0,True
1733773067,21367082,6241050903739685848821844864,-50827,115,180,180,0,True
1733773079,21367083,6241050903739685848821844864,-50827,115,180,180,0,True
1733773091,21367084,6241050903739685848821844864,-50827,115,180,180,0,True
1733773103,21367085,6241050903739685848821844864,-50827,115,180,180,0,True
1733773115,21367086,6241050903739685848821844864,-50827,115,180,180,0,True
1733773127,21367087,6241050903739685848821844864,-50827,115,180,180,0,True
1733773139,21367088,6241050903739685848821844864,-50827,115,180,180,0,True
1733773151,21367089,6241050903739685848821844864,-50827,115,180,180,0,True
1733773163,21367090,6241050903739685848821844864,-50827,115,180,180,0,True
1733773175,21367091,6241050903739685848821844864,-50827,115,180,180,0,True
1733773187,21367092,6241050903739685848821844864,-50827,115,180,180,0,True
1733773199,21367093,6241050903739685848821844864,-50827,115,180,180,0,True
1733773211,21367094,6242738314386035028059095970,-50821,116,180,180,0,True
1733773223,21367095,6242738314386035028059095970,-50821,116,180,180,0,True
1733773235,21367096,6242738314386035028059095970,-50821,116,180,180,0,True
1733773247,21367097,6242738314386035028059095970,-50821,116,180,180,0,True
1733773259,21367098,6242738314386035028059095970,-50821,116,180,180,0,True
1733773271,21367099,6242738314386035028059095970,-50821,116,180,180,0,True
1733773283,21367100,6242738314386035028059095970,-50821,116,180,180,0,True
1733773295,21367101,6242738314386035028059095970,-50821,116,180,180,0,True
1733773307,21367102,6242738314386035028059095970,-50821,116,180,180,0,True
1733773319,21367103,6242738314386035028059095970,-50821,116,180,180,0,True
1733773331,21367104,6242738314386035028059095970,-50821,116,180,180,0,True
1733773343,21367105,6246038480190921402142949376,-50811,117,180,180,0,True
1733773355,21367106,6246038480190921402142949376,-50811,117,180,180,0,True
1733773367,21367107,6246038480190921402142949376,-50811,117,180,180,0,True
1733773379,21367108,6246038480190921402142949376,-50811,117,180,180,0,True
1733773391,21367109,6246038480190921402142949376,-50811,117,180,180,0,True
1733773403,21367110,6246038480190921402142949376,-50811,117,180,180,0,True
1733773415,21367111,6246038480190921402142949376,-50811,117,180,180,0,True
1733773427,21367112,6246038480190921402142949376,-50811,117,180,180,0,True
1733773439,21367113,6246038480190921402142949376,-50811,117,180,180,0,True
1733773451,21367114,6247801219940158545209290179,-50805,118,180,180,0,True
1733773463,21367115,6247801219940158545209290179,-50805,118,180,180,0,True
1733773475,21367116,6247801219940158545209290179,-50805,118,180,180,0,True
1733773487,21367117,6247801219940158545209290179,-50805,118,180,180,0,True
1733773499,21367118,6247801219940158545209290179,-50805,118,180,180,0,True
1733773511,21367119,6247801219940158545209290179,-50805,118,180,180,0,True
1733773523,21367120,6247552144307281184562363849,-50806,119,180,180,0,True
1733773535,21367121,6247552144307281184562363849,-50806,119,180,180,0,True
1733773547,21367122,6248835114403191465835482031,-50802,120,180,180,0,True
1733773559,21367123,6248835114403191465835482031,-50802,120,180,180,0,True
1733773571,21367124,6248835114403191465835482031,-50802,120,180,180,0,True
1733773583,21367125,6248835114403191465835482031,-50802,120,180,180,0,True
1733773595,21367126,6248835114403191465835482031,-50802,120,180,180,0,True
1733773607,21367127,6248835114403191465835482031,-50802,120,180,180,0,True
1733773619,21367128,6248835114403191465835482031,-50802,120,180,180,0,True
1733773631,21367129,6248835114403191465835482031,-50802,120,180,180,0,True
1733773643,21367130,6248835114403191465835482031,-50802,120,180,180,0,True
1733773655,21367131,6248835114403191465835482031,-50802,120,180,180,0,True
1733773667,21367132,6248835114403191465835482031,-50802,120,180,180,0,True
1733773679,21367133,6248835114403191465835482031,-50802,120,180,180,0,True
1733773691,21367134,6248835114403191465835482031,-50802,120,180,180,0,True
1733773703,21367135,6248835114403191465835482031,-50802,120,180,180,0,True
1733773715,21367136,6248835114403191465835482031,-50802,120,180,180,0,True
1733773727,21367137,6248835114403191465835482031,-50802,120,180,180,0,True
1733773739,21367138,6248835114403191465835482031,-50802,120,180,180,0,True
1733773751,21367139,6248835114403191465835482031,-50802,120,180,180,0,True
1733773763,21367140,6248835114403191465835482031,-50802,120,180,180,0,True
1733773775,21367141,6248835114403191465835482031,-50802,120,180,180,0,True
1733773787,21367142,6248835114403191465835482031,-50802,120,180,180,0,True
1733773799,21367143,6248835114403191465835482031,-50802,120,180,180,0,True
1733773811,21367144,6248835114403191465835482031,-50802,120,180,180,0,True
1733773823,21367145,6248835114403191465835482031,-50802,120,180,180,0,True
1733773835,21367146,6248835114403191465835482031,-50802,120,180,180,0,True
1733773847,21367147,6248835114403191465835482031,-50802,120,180,180,0,True
1733773859,21367148,6248835114403191465835482031,-50802,120,180,180,0,True
1733773871,21367149,6248835114403191465835482031,-50802,120,180,180,0,True
1733773883,21367150,6248835114403191465835482031,-50802,120,180,180,0,True
1733773895,21367151,6248835114403191465835482031,-50802,120,180,180,0,True
1733773907,21367152,6248835114403191465835482031,-50802,120,180,180,0,True
1733773919,21367153,6248835114403191465835482031,-50802,120,180,180,0,True
1733773931,21367154,6248835114403191465835482031,-50802,120,180,180,0,True
1733773943,21367155,6248835114403191465835482031,-50802,120,180,180,0,True
1733773955,21367156,6248835114403191465835482031,-50802,120,180,180,0,True
1733773967,21367157,6248835114403191465835482031,-50802,120,180,180,0,True
1733773979,21367158,6248835114403191465835482031,-50802,120,180,180,0,True
1733773991,21367159,6248835114403191465835482031,-50802,120,180,180,0,True
1733774003,21367160,6248835114403191465835482031,-50802,120,180,180,0,True
1733774015,21367161,6248835114403191465835482031,-50802,120,180,180,0,True
1733774027,21367162,6248835114403191465835482031,-50802,120,180,180,0,True
1733774039,21367163,6248835114403191465835482031,-50802,120,180,180,0,True
1733774051,21367164,6248835114403191465835482031,-50802,120,180,180,0,True
1733774063,21367165,6248835114403191465835482031,-50802,120,180,180,0,True
1733774075,21367166,6251078806825280114387783342,-50795,121,180,180,0,True
1733774087,21367167,6251078806825280114387783342,-50795,121,180,180,0,True
1733774099,21367168,6251078806825280114387783342,-50795,121,180,180,0,True
1733774111,21367169,6251078806825280114387783342,-50795,121,180,180,0,True
1733774123,21367170,6251078806825280114387783342,-50795,121,180,180,0,True
1733774135,21367171,6251078806825280114387783342,-50795,121,180,180,0,True
1733774147,21367172,6251078806825280114387783342,-50795,121,180,180,0,True
1733774159,21367173,6251078806825280114387783342,-50795,121,180,180,0,True
1733774171,21367174,6251078806825280114387783342,-50795,121,180,180,0,True
1733774183,21367175,6251078806825280114387783342,-50795,121,180,180,0,True
1733774195,21367176,6251078806825280114387783342,-50795,121,180,180,0,True
1733774207,21367177,6251078806825280114387783342,-50795,121,180,180,0,True
1733774219,21367178,6251078806825280114387783342,-50795,121,180,180,0,True
1733774231,21367179,6251078806825280114387783342,-50795,121,180,180,0,True
1733774243,21367180,6251078806825280114387783342,-50795,121,180,180,0,True
1733774255,21367181,6251078806825280114387783342,-50795,121,180,180,0,True
1733774267,21367182,6251078806825280114387783342,-50795,121,180,180,0,True
1733774279,21367183,6251078806825280114387783342,-50795,121,180,180,0,True
1733774291,21367184,6251078806825280114387783342,-50795,121,180,180,0,True
1733774303,21367185,6251078806825280114387783342,-50795,121,180,180,0,True
1733774315,21367186,6251078806825280114387783342,-50795,121,180,180,0,True
1733774327,21367187,6251078806825280114387783342,-50795,121,180,180,0,True
1733774339,21367188,6251078806825280114387783342,-50795,121,180,180,0,True
1733774351,21367189,6251078806825280114387783342,-50795,121,180,180,0,True
1733774363,21367190,6251078806825280114387783342,-50795,121,180,180,0,True
1733774375,21367191,6251078806825280114387783342,-50795,121,180,180,0,True
1733774387,21367192,6251078806825280114387783342,-50795,121,180,180,0,True
1733774399,21367193,6251078806825280114387783342,-50795,121,180,180,0,True
1733774411,21367194,6251078806825280114387783342,-50795,121,180,180,0,True
1733774423,21367195,6251078806825280114387783342,-50795,121,180,180,0,True
1733774435,21367196,6251078806825280114387783342,-50795,121,180,180,0,True
1733774447,21367197,6251078806825280114387783342,-50795,121,180,180,0,True
1733774459,21367198,6251078806825280114387783342,-50795,121,180,180,0,True
1733774471,21367199,6251078806825280114387783342,-50795,121,180,180,0,True
1733774483,21367200,6251078806825280114387783342,-50795,121,180,180,0,True
1733774495,21367201,6251078806825280114387783342,-50795,121,180,180,0,True
1733774507,21367202,6251078806825280114387783342,-50795,121,180,180,0,True
1733774519,21367203,6251078806825280114387783342,-50795,121,180,180,0,True
1733774531,21367204,6251078806825280114387783342,-50795,121,180,180,0,True
1733774543,21367205,6251078806825280114387783342,-50795,121,180,180,0,True
1733774555,21367206,6251078806825280114387783342,-50795,121,180,180,0,True
1733774567,21367207,6251078806825280114387783342,-50795,121,180,180,0,True
1733774579,21367208,6251078806825280114387783342,-50795,121,180,180,0,True
1733774591,21367209,6251078806825280114387783342,-50795,121,180,180,0,True
1733774603,21367210,6251078806825280114387783342,-50795,121,180,180,0,True
1733774615,21367211,6251078806825280114387783342,-50795,121,180,180,0,True
1733774627,21367212,6251078806825280114387783342,-50795,121,180,180,0,True
1733774639,21367213,6251078806825280114387783342,-50795,121,180,180,0,True
1733774651,21367214,6251078806825280114387783342,-50795,121,180,180,0,True
1733774663,21367215,6251078806825280114387783342,-50795,121,180,180,0,True
1733774675,21367216,6251078806825280114387783342,-50795,121,180,180,0,True
1733774687,21367217,6251078806825280114387783342,-50795,121,180,180,0,True
1733774699,21367218,6251078806825280114387783342,-50795,121,180,180,0,True
1733774711,21367219,6251078806825280114387783342,-50795,121,180,180,0,True
1733774723,21367220,6251078806825280114387783342,-50795,121,180,180,0,True
1733774735,21367221,6251078806825280114387783342,-50795,121,180,180,0,True
1733774747,21367222,6251078806825280114387783342,-50795,121,180,180,0,True
1733774759,21367223,6251078806825280114387783342,-50795,121,180,180,0,True
1733774771,21367224,6251078806825280114387783342,-50795,121,180,180,0,True
1733774783,21367225,6251078806825280114387783342,-50795,121,180,180,0,True
1733774795,21367226,6251078806825280114387783342,-50795,121,180,180,0,True
1733774807,21367227,6251078806825280114387783342,-50795,121,180,180,0,True
1733774819,21367228,6251078806825280114387783342,-50795,121,180,180,0,True
1733774831,21367229,6251078806825280114387783342,-50795,121,180,180,0,True
1733774843,21367230,6251078806825280114387783342,-50795,121,180,180,0,True
1733774855,21367231,6251078806825280114387783342,-50795,121,180,180,0,True
1733774867,21367232,6251078806825280114387783342,-50795,121,180,180,0,True
1733774879,21367233,6251078806825280114387783342,-50795,121,180,180,0,True
1733774891,21367234,6251078806825280114387783342,-50795,121,180,180,0,True
1733774903,21367235,6251078806825280114387783342,-50795,121,180,180,0,True
1733774915,21367236,6251078806825280114387783342,-50795,121,180,180,0,True
1733774927,21367237,6249226725406507643979823915,-50801,122,180,180,0,True
1733774939,21367238,6249226725406507643979823915,-50801,122,180,180,0,True
1733774951,21367239,6249226725406507643979823915,-50801,122,180,180,0,True
1733774963,21367240,6249226725406507643979823915,-50801,122,180,180,0,True
1733774975,21367241,6249226725406507643979823915,-50801,122,180,180,0,True
1733774987,21367242,6249226725406507643979823915,-50801,122,180,180,0,True
1733774999,21367243,6249226725406507643979823915,-50801,122,180,180,0,True
1733775011,21367244,6249226725406507643979823915,-50801,122,180,180,0,True
1733775023,21367245,6249226725406507643979823915,-50801,122,180,180,0,True
1733775035,21367246,6249226725406507643979823915,-50801,122,180,180,0,True
1733775047,21367247,6249226725406507643979823915,-50801,122,180,180,0,True
1733775059,21367248,6249226725406507643979823915,-50801,122,180,180,0,True
1733775071,21367249,6246181778073312517932710924,-50810,123,180,180,0,True
1733775083,21367250,6246205948176252334635367009,-50810,123,180,180,0,True
1733775095,21367251,6244269874903246299086044003,-50816,124,180,180,0,True
1733775107,21367252,6244269874903246299086044003,-50816,124,180,180,0,True
1733775119,21367253,6244269874903246299086044003,-50816,124,180,180,0,True
1733775131,21367254,6244269874903246299086044003,-50816,124,180,180,0,True
1733775143,21367255,6244269874903246299086044003,-50816,124,180,180,0,True
1733775155,21367256,6244269874903246299086044003,-50816,124,180,180,0,True
1733775167,21367257,6244269874903246299086044003,-50816,124,180,180,0,True
1733775179,21367258,6244269874903246299086044003,-50816,124,180,180,0,True
1733775191,21367259,6244269874903246299086044003,-50816,124,180,180,0,True
1733775203,21367260,6244269874903246299086044003,-50816,124,180,180,0,True
1733775215,21367261,6244269874903246299086044003,-50816,124,180,180,0,True
1733775227,21367262,6244269874903246299086044003,-50816,124,180,180,0,True
1733775251,21367263,6244269874903246299086044003,-50816,124,180,180,0,True
1733775263,21367264,6244269874903246299086044003,-50816,124,180,180,0,True
1733775275,21367265,6244269874903246299086044003,-50816,124,180,180,0,True
1733775287,21367266,6244269874903246299086044003,-50816,124,180,180,0,True
1733775299,21367267,6244269874903246299086044003,-50816,124,180,180,0,True
1733775311,21367268,6244269874903246299086044003,-50816,124,180,180,0,True
1733775323,21367269,6244269874903246299086044003,-50816,124,180,180,0,True
1733775335,21367270,6244269874903246299086044003,-50816,124,180,180,0,True
1733775347,21367271,6244269874903246299086044003,-50816,124,180,180,0,True
1733775359,21367272,6234232987836267242312427718,-50849,125,180,180,0,True
1733775371,21367273,6234837660450482806870170711,-50847,126,180,180,0,True
1733775383,21367274,6234837660450482806870170711,-50847,126,180,180,0,True
1733775395,21367275,6234837660450482806870170711,-50847,126,180,180,0,True
1733775407,21367276,6234837660450482806870170711,-50847,126,180,180,0,True
1733775419,21367277,6234837660450482806870170711,-50847,126,180,180,0,True
1733775431,21367278,6233525766373563985540928769,-50851,127,180,180,0,True
1733775443,21367279,6232793334937143974728272933,-50853,128,180,180,0,True
1733775455,21367280,6232793334937143974728272933,-50853,128,180,180,0,True
1733775467,21367281,6232793334937143974728272933,-50853,128,180,180,0,True
1733775479,21367282,6232793334937143974728272933,-50853,128,180,180,0,True
1733775491,21367283,6232793334937143974728272933,-50853,128,180,180,0,True
1733775503,21367284,6232793334937143974728272933,-50853,128,180,180,0,True
1733775515,21367285,6232793334937143974728272933,-50853,128,180,180,0,True
1733775527,21367286,6232793334937143974728272933,-50853,128,180,180,0,True
1733775539,21367287,6232793334937143974728272933,-50853,128,180,180,0,True
1733775551,21367288,6232793334937143974728272933,-50853,128,180,180,0,True
1733775563,21367289,6232793334937143974728272933,-50853,128,180,180,0,True
1733775575,21367290,6232793334937143974728272933,-50853,128,180,180,0,True
1733775587,21367291,6225652884243402590732459837,-50876,129,180,180,0,True
1733775599,21367292,6225652884243402590732459837,-50876,129,180,180,0,True
1733775611,21367293,6225652884243402590732459837,-50876,129,180,180,0,True
1733775623,21367294,6225652884243402590732459837,-50876,129,180,180,0,True
1733775635,21367295,6225652884243402590732459837,-50876,129,180,180,0,True
1733775647,21367296,6225652884243402590732459837,-50876,129,180,180,0,True
1733775659,21367297,6226271424952680642052839966,-50874,130,180,180,0,True
1733775671,21367298,6226271424952680642052839966,-50874,130,180,180,0,True
1733775683,21367299,6226271424952680642052839966,-50874,130,180,180,0,True
1733775695,21367300,6226271424952680642052839966,-50874,130,180,180,0,True
1733775707,21367301,6226271424952680642052839966,-50874,130,180,180,0,True
1733775719,21367302,6226271424952680642052839966,-50874,130,180,180,0,True
1733775731,21367303,6226271424952680642052839966,-50874,130,180,180,0,True
1733775743,21367304,6226271424952680642052839966,-50874,130,180,180,0,True
1733775755,21367305,6226271424952680642052839966,-50874,130,180,180,0,True
1733775767,21367306,6226271424952680642052839966,-50874,130,180,180,0,True
1733775779,21367307,6226271424952680642052839966,-50874,130,180,180,0,True
1733775791,21367308,6226271424952680642052839966,-50874,130,180,180,0,True
1733775803,21367309,6224047749477997138834069888,-50881,131,180,180,0,True
1733775815,21367310,6224047749477997138834069888,-50881,131,180,180,0,True
1733775827,21367311,6222024555378416597959312692,-50888,132,180,180,0,True
1733775839,21367312,6220212668169904604308120877,-50894,133,180,180,0,True
1733775851,21367313,6217560261392191379132349221,-50902,134,180,180,0,True
1733775863,21367314,6218014415347890047794065439,-50901,135,180,180,0,True
1733775875,21367315,6218014415347890047794065439,-50901,135,180,180,0,True
1733775887,21367316,6218014415347890047794065439,-50901,135,180,180,0,True
1733775899,21367317,6218014415347890047794065439,-50901,135,180,180,0,True
1733775911,21367318,6218014415347890047794065439,-50901,135,180,180,0,True
1733775923,21367319,6218014415347890047794065439,-50901,135,180,180,0,True
1733775935,21367320,6218014415347890047794065439,-50901,135,180,180,0,True
1733775947,21367321,6218014415347890047794065439,-50901,135,180,180,0,True
1733775959,21367322,6218014415347890047794065439,-50901,135,180,180,0,True
1733775971,21367323,6218014415347890047794065439,-50901,135,180,180,0,True
1733775995,21367324,6218014415347890047794065439,-50901,135,180,180,0,True
1733776007,21367325,6218014415347890047794065439,-50901,135,180,180,0,True
1733776019,21367326,6218014415347890047794065439,-50901,135,180,180,0,True
1733776031,21367327,6213783297711570642068823623,-50914,136,180,180,0,True
1733776043,21367328,6213256562472119705612572578,-50916,137,180,180,0,True
1733776055,21367329,6213256562472119705612572578,-50916,137,180,180,0,True
1733776067,21367330,6213256562472119705612572578,-50916,137,180,180,0,True
1733776079,21367331,6213256562472119705612572578,-50916,137,180,180,0,True
1733776091,21367332,6213256562472119705612572578,-50916,137,180,180,0,True
1733776103,21367333,6213256562472119705612572578,-50916,137,180,180,0,True
1733776115,21367334,6214234562991161406031724115,-50913,138,180,180,0,True
1733776127,21367335,6214234562991161406031724115,-50913,138,180,180,0,True
1733776139,21367336,6214234562991161406031724115,-50913,138,180,180,0,True
1733776151,21367337,6214234562991161406031724115,-50913,138,180,180,0,True
1733776163,21367338,6214234562991161406031724115,-50913,138,180,180,0,True
1733776175,21367339,6214234562991161406031724115,-50913,138,180,180,0,True
1733776187,21367340,6214234562991161406031724115,-50913,138,180,180,0,True
1733776199,21367341,6214234562991161406031724115,-50913,138,180,180,0,True
1733776211,21367342,6214234562991161406031724115,-50913,138,180,180,0,True
1733776223,21367343,6214234562991161406031724115,-50913,138,180,180,0,True
1733776235,21367344,6214234562991161406031724115,-50913,138,180,180,0,True
1733776247,21367345,6214234562991161406031724115,-50913,138,180,180,0,True
1733776259,21367346,6214234562991161406031724115,-50913,138,180,180,0,True
1733776271,21367347,6214234562991161406031724115,-50913,138,180,180,0,True
1733776283,21367348,6214234562991161406031724115,-50913,138,180,180,0,True
1733776295,21367349,6214234562991161406031724115,-50913,138,180,180,0,True
1733776307,21367350,6214234562991161406031724115,-50913,138,180,180,0,True
1733776319,21367351,6214234562991161406031724115,-50913,138,180,180,0,True
1733776331,21367352,6214234562991161406031724115,-50913,138,180,180,0,True
1733776343,21367353,6214234562991161406031724115,-50913,138,180,180,0,True
1733776355,21367354,6210403612712252641475719138,-50925,139,180,180,0,True
1733776367,21367355,6210403612712252641475719138,-50925,139,180,180,0,True
1733776379,21367356,6210403612712252641475719138,-50925,139,180,180,0,True
1733776391,21367357,6205898626240448841691372258,-50940,140,180,180,0,True
1733776403,21367358,6202997531544443976598460942,-50949,141,180,180,0,True
1733776415,21367359,6202997531544443976598460942,-50949,141,180,180,0,True
1733776427,21367360,6202997531544443976598460942,-50949,141,180,180,0,True
1733776439,21367361,6202997531544443976598460942,-50949,141,180,180,0,True
1733776451,21367362,6202997531544443976598460942,-50949,141,180,180,0,True
1733776463,21367363,6199202059417391892997684851,-50961,142,180,180,0,True
1733776475,21367364,6199202059417391892997684851,-50961,142,180,180,0,True
1733776487,21367365,6199202059417391892997684851,-50961,142,180,180,0,True
1733776499,21367366,6199202059417391892997684851,-50961,142,180,180,0,True
1733776511,21367367,6199202059417391892997684851,-50961,142,180,180,0,True
1733776523,21367368,6199202059417391892997684851,-50961,142,180,180,0,True
1733776535,21367369,6199202059417391892997684851,-50961,142,180,180,0,True
1733776547,21367370,6199202059417391892997684851,-50961,142,180,180,0,True
1733776559,21367371,6199202059417391892997684851,-50961,142,180,180,0,True
1733776571,21367372,6199202059417391892997684851,-50961,142,180,180,0,True
1733776583,21367373,6199202059417391892997684851,-50961,142,180,180,0,True
1733776595,21367374,6199202059417391892997684851,-50961,142,180,180,0,True
1733776607,21367375,6195744205152415631964905849,-50972,143,180,180,0,True
1733776619,21367376,6196638528146268324170284835,-50970,144,180,180,0,True
1733776631,21367377,6192545731458444052568258427,-50983,145,180,180,0,True
1733776643,21367378,6192545731458444052568258427,-50983,145,180,180,0,True
1733776655,21367379,6192545731458444052568258427,-50983,145,180,180,0,True
1733776667,21367380,6192545731458444052568258427,-50983,145,180,180,0,True
1733776679,21367381,6192545731458444052568258427,-50983,145,180,180,0,True
1733776691,21367382,6192545731458444052568258427,-50983,145,180,180,0,True
1733776703,21367383,6192545731458444052568258427,-50983,145,180,180,0,True
1733776715,21367384,6192545731458444052568258427,-50983,145,180,180,0,True
1733776727,21367385,6192545731458444052568258427,-50983,145,180,180,0,True
1733776739,21367386,6192545731458444052568258427,-50983,145,180,180,0,True
1733776751,21367387,6189896379888670455366118161,-50991,146,180,180,0,True
1733776763,21367388,6189896379888670455366118161,-50991,146,180,180,0,True
1733776775,21367389,6186994494087344191584708910,-51001,147,180,180,0,True
1733776787,21367390,6184222370982672239467211176,-51010,148,180,180,0,True
1733776799,21367391,6181752054618786345474206676,-51018,149,180,180,0,True
1733776811,21367392,6181752054618786345474206676,-51018,149,180,180,0,True
1733776823,21367393,6181752054618786345474206676,-51018,149,180,180,0,True
1733776835,21367394,6181752054618786345474206676,-51018,149,180,180,0,True
1733776847,21367395,6181752054618786345474206676,-51018,149,180,180,0,True
1733776859,21367396,6181752054618786345474206676,-51018,149,180,180,0,True
1733776871,21367397,6181752054618786345474206676,-51018,149,180,180,0,True
1733776883,21367398,6181752054618786345474206676,-51018,149,180,180,0,True
1733776895,21367399,6181752054618786345474206676,-51018,149,180,180,0,True
1733776907,21367400,6181752054618786345474206676,-51018,149,180,180,0,True
1733776919,21367401,6181752054618786345474206676,-51018,149,180,180,0,True
1733776931,21367402,6181752054618786345474206676,-51018,149,180,180,0,True
1733776943,21367403,6181752054618786345474206676,-51018,149,180,180,0,True
1733776955,21367404,6181752054618786345474206676,-51018,149,180,180,0,True
1733776967,21367405,6181752054618786345474206676,-51018,149,180,180,0,True
1733776979,21367406,6181752054618786345474206676,-51018,149,180,180,0,True
1733776991,21367407,6181752054618786345474206676,-51018,149,180,180,0,True
1733777003,21367408,6181752054618786345474206676,-51018,149,180,180,0,True
1733777015,21367409,6181752054618786345474206676,-51018,149,180,180,0,True
1733777027,21367410,6181752054618786345474206676,-51018,149,180,180,0,True
1733777039,21367411,6179145188093951143905719753,-51026,150,180,180,0,True
1733777051,21367412,6177508358681761841800073462,-51031,151,180,180,0,True
1733777063,21367413,6175583758431935195190780378,-51038,152,180,180,0,True
1733777075,21367414,6175583758431935195190780378,-51038,152,180,180,0,True
1733777087,21367415,6175583758431935195190780378,-51038,152,180,180,0,True
1733777099,21367416,6175583758431935195190780378,-51038,152,180,180,0,True
1733777111,21367417,6175583758431935195190780378,-51038,152,180,180,0,True
1733777123,21367418,6175583758431935195190780378,-51038,152,180,180,0,True
1733777135,21367419,6176475819989859377347704889,-51035,153,180,180,0,True
1733777147,21367420,6176475819989859377347704889,-51035,153,180,180,0,True
1733777159,21367421,6176475819989859377347704889,-51035,153,180,180,0,True
1733777171,21367422,6176475819989859377347704889,-51035,153,180,180,0,True
1733777183,21367423,6176475819989859377347704889,-51035,153,180,180,0,True
1733777195,21367424,6176475819989859377347704889,-51035,153,180,180,0,True
1733777207,21367425,6176475819989859377347704889,-51035,153,180,180,0,True
1733777219,21367426,6176475819989859377347704889,-51035,153,180,180,0,True
1733777231,21367427,6176475819989859377347704889,-51035,153,180,180,0,True
1733777243,21367428,6176475819989859377347704889,-51035,153,180,180,0,True
1733777255,21367429,6176475819989859377347704889,-51035,153,180,180,0,True
1733777267,21367430,6176475819989859377347704889,-51035,153,180,180,0,True
1733777279,21367431,6176475819989859377347704889,-51035,153,180,180,0,True
1733777291,21367432,6176475819989859377347704889,-51035,153,180,180,0,True
1733777303,21367433,6176475819989859377347704889,-51035,153,180,180,0,True
1733777315,21367434,6176475819989859377347704889,-51035,153,180,180,0,True
1733777327,21367435,6176475819989859377347704889,-51035,153,180,180,0,True
1733777339,21367436,6173993683162513606968519341,-51043,154,180,180,0,True
1733777351,21367437,6170439076678645365896672903,-51054,155,180,180,0,True
1733777363,21367438,6164497725006581539510417123,-51074,156,180,180,0,True
1733777375,21367439,6161792044942457977549442460,-51082,157,180,180,0,True
1733777387,21367440,6161792044942457977549442460,-51082,157,180,180,0,True
1733777399,21367441,6161568086225872514074416818,-51083,158,180,180,0,True
1733777411,21367442,6156283781900273129174616713,-51100,159,180,180,0,True
1733777423,21367443,6153980937697759986653045526,-51108,160,180,180,0,True
1733777435,21367444,6151360666600101141196318895,-51116,161,180,180,0,True
1733777447,21367445,6152451967156400102575522531,-51113,162,180,180,0,True
1733777459,21367446,6152451967156400102575522531,-51113,162,180,180,0,True
1733777471,21367447,6152451967156400102575522531,-51113,162,180,180,0,True
1733777483,21367448,6152451967156400102575522531,-51113,162,180,180,0,True
1733777495,21367449,6152451967156400102575522531,-51113,162,180,180,0,True
1733777507,21367450,6152451967156400102575522531,-51113,162,180,180,0,True
1733777519,21367451,6152451967156400102575522531,-51113,162,180,180,0,True
1733777531,21367452,6152451967156400102575522531,-51113,162,180,180,0,True
1733777543,21367453,6152451967156400102575522531,-51113,162,180,180,0,True
1733777555,21367454,6152451967156400102575522531,-51113,162,180,180,0,True
1733777567,21367455,6152451967156400102575522531,-51113,162,180,180,0,True
1733777579,21367456,6152451967156400102575522531,-51113,162,180,180,0,True
1733777591,21367457,6149388798061173727102178598,-51123,163,180,180,0,True
1733777603,21367458,6149388798061173727102178598,-51123,163,180,180,0,True
1733777615,21367459,6149388798061173727102178598,-51123,163,180,180,0,True
1733777627,21367460,6149388798061173727102178598,-51123,163,180,180,0,True
1733777639,21367461,6149388798061173727102178598,-51123,163,180,180,0,True
1733777651,21367462,6149388798061173727102178598,-51123,163,180,180,0,True
1733777663,21367463,6149388798061173727102178598,-51123,163,180,180,0,True
1733777675,21367464,6149388798061173727102178598,-51123,163,180,180,0,True
1733777687,21367465,6149388798061173727102178598,-51123,163,180,180,0,True
1733777699,21367466,6149388798061173727102178598,-51123,163,180,180,0,True
1733777711,21367467,6149388798061173727102178598,-51123,163,180,180,0,True
1733777723,21367468,6149388798061173727102178598,-51123,163,180,180,0,True
1733777735,21367469,6149388798061173727102178598,-51123,163,180,180,0,True
1733777747,21367470,6149388798061173727102178598,-51123,163,180,180,0,True
1733777759,21367471,6149388798061173727102178598,-51123,163,180,180,0,True
1733777771,21367472,6149388798061173727102178598,-51123,163,180,180,0,True
1733777783,21367473,6149388798061173727102178598,-51123,163,180,180,0,True
1733777795,21367474,6149388798061173727102178598,-51123,163,180,180,0,True
1733777807,21367475,6149388798061173727102178598,-51123,163,180,180,0,True
1733777819,21367476,6149388798061173727102178598,-51123,163,180,180,0,True
1733777831,21367477,6149388798061173727102178598,-51123,163,180,180,0,True
1733777843,21367478,6149388798061173727102178598,-51123,163,180,180,0,True
1733777855,21367479,6149388798061173727102178598,-51123,163,180,180,0,True
1733777867,21367480,6149388798061173727102178598,-51123,163,180,180,0,True
1733777879,21367481,6149388798061173727102178598,-51123,163,180,180,0,True
1733777891,21367482,6149388798061173727102178598,-51123,163,180,180,0,True
1733777903,21367483,6149388798061173727102178598,-51123,163,180,180,0,True
1733777915,21367484,6149388798061173727102178598,-51123,163,180,180,0,True
1733777927,21367485,6147648061513868991151981716,-51128,164,180,180,0,True
1733777939,21367486,6120610222138565153497429760,-51216,165,180,180,0,True
1733777951,21367487,6120923310293027152804093137,-51215,166,180,180,0,True
1733777963,21367488,6125956693043569896771600215,-51199,167,180,180,0,True
1733777975,21367489,6125956693043569896771600215,-51199,167,180,180,0,True
1733777987,21367490,6125956693043569896771600215,-51199,167,180,180,0,True
1733777999,21367491,6125956693043569896771600215,-51199,167,180,180,0,True
1733778011,21367492,6125956693043569896771600215,-51199,167,180,180,0,True
1733778023,21367493,6125956693043569896771600215,-51199,167,180,180,0,True
1733778035,21367494,6125956693043569896771600215,-51199,167,180,180,0,True
1733778047,21367495,6125956693043569896771600215,-51199,167,180,180,0,True
1733778059,21367496,6125956693043569896771600215,-51199,167,180,180,0,True
1733778071,21367497,6125956693043569896771600215,-51199,167,180,180,0,True
1733778083,21367498,6125956693043569896771600215,-51199,167,180,180,0,True
1733778095,21367499,6125956693043569896771600215,-51199,167,180,180,0,True
1733778107,21367500,6122538379890402680272584704,-51210,168,180,180,0,True
1733778119,21367501,6122538379890402680272584704,-51210,168,180,180,0,True
1733778131,21367502,6118228341463474342037172278,-51224,169,180,180,0,True
1733778143,21367503,6114762212103121612400287057,-51236,170,180,180,0,True
1733778155,21367504,6114762212103121612400287057,-51236,170,180,180,0,True
1733778167,21367505,6097949618467201883390754054,-51291,171,180,180,0,True
1733778179,21367506,6094332406113912471707654328,-51303,172,180,180,0,True
1733778191,21367507,6093287182466506730202707103,-51306,173,180,180,0,True
1733778203,21367508,6093287182466506730202707103,-51306,173,180,180,0,True
1733778215,21367509,6093065125456677540373785197,-51307,174,180,180,0,True
1733778227,21367510,5955491804461069467900437667,-51763,175,180,180,0,True
1733778239,21367511,5976005920523913098538181652,-51695,176,180,180,0,True
1733778251,21367512,6006841860152242168586567680,-51592,177,180,180,0,True
1733778263,21367513,6006841860152242168586567680,-51592,177,180,180,0,True
1733778275,21367514,6006841860152242168586567680,-51592,177,180,180,0,True
1733778287,21367515,6006841860152242168586567680,-51592,177,180,180,0,True
1733778299,21367516,6006841860152242168586567680,-51592,177,180,180,0,True
1733778311,21367517,5969614995946478108164498011,-51716,178,180,180,0,True
1733778323,21367518,5950681699783783291442583880,-51780,179,180,180,0,True
1733778335,21367519,5952671122792493604958672567,-51773,0,180,180,0,True
1733778347,21367520,5958015926467049461981068455,-51755,1,180,180,0,True
1733778359,21367521,5953593403462723657577613231,-51770,2,180,180,0,True
1733778371,21367522,5959381200577131591523382530,-51750,3,180,180,0,True
1733778383,21367523,5955718169511280602548702695,-51763,4,180,180,0,True
1733778395,21367524,5969009228426762494986015604,-51718,5,180,180,0,True
1733778407,21367525,5969009228426762494986015604,-51718,5,180,180,0,True
1733778419,21367526,5973010053571460806827207841,-51705,6,180,180,0,True
1733778431,21367527,5973010053571460806827207841,-51705,6,180,180,0,True
1733778443,21367528,5973010053571460806827207841,-51705,6,180,180,0,True
1733778455,21367529,5973950060626112691180156438,-51702,7,180,180,0,True
1733778467,21367530,5973950060626112691180156438,-51702,7,180,180,0,True
1733778479,21367531,5973950060626112691180156438,-51702,7,180,180,0,True
1733778491,21367532,5973950060626112691180156438,-51702,7,180,180,0,True
1733778503,21367533,5975538903407330486703846389,-51696,8,180,180,0,True
1733778515,21367534,5975538903407330486703846389,-51696,8,180,180,0,True
1733778527,21367535,5985383520081595744086585856,-51663,9,180,180,0,True
1733778539,21367536,5985383520081595744086585856,-51663,9,180,180,0,True
1733778551,21367537,6008088199133115445278985832,-51588,10,180,180,0,True
1733778563,21367538,6021493360276507809388953600,-51543,11,180,180,0,True
1733778575,21367539,6025835592385302620300856820,-51529,12,180,180,0,True
1733778587,21367540,6034628756984426350615732484,-51499,13,180,180,0,True
1733778599,21367541,6034628756984426350615732484,-51499,13,180,180,0,True
1733778611,21367542,6034628756984426350615732484,-51499,13,180,180,0,True
1733778623,21367543,6034628756984426350615732484,-51499,13,180,180,0,True
1733778635,21367544,6046153247787268504975338997,-51461,14,180,180,0,True
1733778647,21367545,6048594091586232639275196197,-51453,15,180,180,0,True
1733778659,21367546,6055351816490115375976582718,-51431,16,180,180,0,True
1733778671,21367547,6069429025451283985224171520,-51384,17,180,180,0,True
1733778683,21367548,6069429025451283985224171520,-51384,17,180,180,0,True
1733778695,21367549,6074264220361505294783461361,-51368,18,180,180,0,True
1733778707,21367550,6073604243174763339127240224,-51371,19,180,180,0,True
1733778719,21367551,6073604243174763339127240224,-51371,19,180,180,0,True
1733778731,21367552,6080013557609305000574724079,-51350,20,180,180,0,True
1733778743,21367553,6090242069977523319315251097,-51316,21,180,180,0,True
1733778755,21367554,6086892538114418982350492722,-51327,22,180,180,0,True
1733778767,21367555,6086892538114418982350492722,-51327,22,180,180,0,True
1733778779,21367556,6086892538114418982350492722,-51327,22,180,180,0,True
1733778791,21367557,6086892538114418982350492722,-51327,22,180,180,0,True
1733778803,21367558,6086892538114418982350492722,-51327,22,180,180,0,True
1733778815,21367559,6086892538114418982350492722,-51327,22,180,180,0,True
1733778827,21367560,6091397133432001808372666447,-51312,23,180,180,0,True
1733778839,21367561,6098684983368954926209033017,-51288,24,180,180,0,True
1733778851,21367562,6098684983368954926209033017,-51288,24,180,180,0,True
1733778863,21367563,6102653070429790346666178468,-51275,25,180,180,0,True
1733778875,21367564,6106554567457433663287423770,-51262,26,180,180,0,True
1733778887,21367565,6110191114131988582177169379,-51251,27,180,180,0,True
1733778899,21367566,6110308135931272589386103863,-51250,28,180,180,0,True
1733778911,21367567,6110308135931272589386103863,-51250,28,180,180,0,True
1733778923,21367568,6110308135931272589386103863,-51250,28,180,180,0,True
1733778935,21367569,6110308135931272589386103863,-51250,28,180,180,0,True
1733778947,21367570,6115775664723259369542175855,-51232,29,180,180,0,True
1733778959,21367571,6125859836641022005781506512,-51199,30,180,180,0,True
1733778971,21367572,6125095256398730232682931162,-51202,31,180,180,0,True
1733778983,21367573,6125908713302369106659567098,-51199,32,180,180,0,True
1733778995,21367574,6125908713302369106659567098,-51199,32,180,180,0,True
1733779007,21367575,6125908713302369106659567098,-51199,32,180,180,0,True
1733779019,21367576,6125602187886037436278812049,-51200,33,180,180,0,True
1733779031,21367577,6125602187886037436278812049,-51200,33,180,180,0,True
1733779043,21367578,6123087737753547972027025134,-51208,34,180,180,0,True
1733779055,21367579,6123087737753547972027025134,-51208,34,180,180,0,True
1733779067,21367580,6120307738475360161003979046,-51217,35,180,180,0,True
1733779079,21367581,6127448275992616733239669864,-51194,36,180,180,0,True
1733779091,21367582,6130340263626005393463131473,-51185,37,180,180,0,True
1733779103,21367583,6130340263626005393463131473,-51185,37,180,180,0,True
1733779115,21367584,6130340263626005393463131473,-51185,37,180,180,0,True
1733779127,21367585,6133734123590970152206212551,-51174,38,180,180,0,True
1733779139,21367586,6137082442140511091106147852,-51163,39,180,180,0,True
1733779151,21367587,6137082442140511091106147852,-51163,39,180,180,0,True
1733779163,21367588,6140322074383235731423957813,-51152,40,180,180,0,True
1733779175,21367589,6143679755492866098283788425,-51141,41,180,180,0,True
1733779187,21367590,6143191406552148135873688839,-51143,42,180,180,0,True
1733779199,21367591,6143191406552148135873688839,-51143,42,180,180,0,True
1733779211,21367592,6143191406552148135873688839,-51143,42,180,180,0,True
1733779235,21367593,6146248368491881546608842874,-51133,43,180,180,0,True
1733779247,21367594,6146248368491881546608842874,-51133,43,180,180,0,True
1733779259,21367595,6146248368491881546608842874,-51133,43,180,180,0,True
1733779271,21367596,6146248368491881546608842874,-51133,43,180,180,0,True
1733779283,21367597,6146248368491881546608842874,-51133,43,180,180,0,True
1733779295,21367598,6149439550204649171238469579,-51122,44,180,180,0,True
1733779307,21367599,6149439550204649171238469579,-51122,44,180,180,0,True
1733779319,21367600,6150541673627305698756425138,-51119,45,180,180,0,True
1733779331,21367601,6150541673627305698756425138,-51119,45,180,180,0,True
1733779355,21367602,6154136393978436458126641556,-51107,46,180,180,0,True
1733779367,21367603,6154136393978436458126641556,-51107,46,180,180,0,True
1733779379,21367604,6154136393978436458126641556,-51107,46,180,180,0,True
1733779391,21367605,6154136393978436458126641556,-51107,46,180,180,0,True
1733779403,21367606,6154136393978436458126641556,-51107,46,180,180,0,True
1733779415,21367607,6154086620864697209465457184,-51107,46,180,180,0,True
1733779427,21367608,6154086620864697209465457184,-51107,46,180,180,0,True
1733779439,21367609,6154086620864697209465457184,-51107,46,180,180,0,True
1733779451,21367610,6154086620864697209465457184,-51107,46,180,180,0,True
1733779463,21367611,6154086620864697209465457184,-51107,46,180,180,0,True
1733779475,21367612,6154086620864697209465457184,-51107,46,180,180,0,True
1733779487,21367613,6154086620864697209465457184,-51107,46,180,180,0,True
1733779499,21367614,6154086620864697209465457184,-51107,46,180,180,0,True
1733779511,21367615,6154086620864697209465457184,-51107,46,180,180,0,True
1733779523,21367616,6154086620864697209465457184,-51107,46,180,180,0,True
1733779535,21367617,6154086620864697209465457184,-51107,46,180,180,0,True
1733779547,21367618,6154086620864697209465457184,-51107,46,180,180,0,True
1733779559,21367619,6154086620864697209465457184,-51107,46,180,180,0,True
1733779571,21367620,6154086620864697209465457184,-51107,46,180,180,0,True
1733779583,21367621,6154086620864697209465457184,-51107,46,180,180,0,True
1733779595,21367622,6154086620864697209465457184,-51107,46,180,180,0,True
1733779607,21367623,6154086620864697209465457184,-51107,46,180,180,0,True
1733779619,21367624,6154086620864697209465457184,-51107,46,180,180,0,True
1733779631,21367625,6156960794172272611331089151,-51098,47,180,180,0,True
1733779643,21367626,6159686967985091617962419525,-51089,48,180,180,0,True
1733779655,21367627,6159686967985091617962419525,-51089,48,180,180,0,True
1733779667,21367628,6164575427996365061656695101,-51073,49,180,180,0,True
1733779679,21367629,6166503245603207825136884637,-51067,50,180,180,0,True
1733779691,21367630,6166503245603207825136884637,-51067,50,180,180,0,True
1733779703,21367631,6166503245603207825136884637,-51067,50,180,180,0,True
1733779715,21367632,6167735531006372462065626220,-51063,51,180,180,0,True
1733779727,21367633,6167735531006372462065626220,-51063,51,180,180,0,True
1733779739,21367634,6167735531006372462065626220,-51063,51,180,180,0,True
1733779751,21367635,6167735531006372462065626220,-51063,51,180,180,0,True
1733779763,21367636,6167735531006372462065626220,-51063,51,180,180,0,True
1733779775,21367637,6167735531006372462065626220,-51063,51,180,180,0,True
1733779787,21367638,6167735531006372462065626220,-51063,51,180,180,0,True
1733779799,21367639,6167735531006372462065626220,-51063,51,180,180,0,True
1733779811,21367640,6167735531006372462065626220,-51063,51,180,180,0,True
1733779823,21367641,6166117113137732907756216688,-51068,52,180,180,0,True
1733779835,21367642,6166117113137732907756216688,-51068,52,180,180,0,True
1733779847,21367643,6166117113137732907756216688,-51068,52,180,180,0,True
1733779859,21367644,6166117113137732907756216688,-51068,52,180,180,0,True
1733779871,21367645,6161437882231048986275472189,-51083,53,180,180,0,True
1733779883,21367646,6163556172676735861382405550,-51077,54,180,180,0,True
1733779895,21367647,6163556172676735861382405550,-51077,54,180,180,0,True
1733779907,21367648,6163556172676735861382405550,-51077,54,180,180,0,True
1733779919,21367649,6163556172676735861382405550,-51077,54,180,180,0,True
1733779931,21367650,6163556172676735861382405550,-51077,54,180,180,0,True
1733779943,21367651,6163556172676735861382405550,-51077,54,180,180,0,True
1733779955,21367652,6163556172676735861382405550,-51077,54,180,180,0,True
1733779967,21367653,6163556172676735861382405550,-51077,54,180,180,0,True
1733779979,21367654,6166083493250451482206089116,-51068,55,180,180,0,True
1733779991,21367655,6166083493250451482206089116,-51068,55,180,180,0,True
1733780003,21367656,6166083493250451482206089116,-51068,55,180,180,0,True
1733780015,21367657,6166083493250451482206089116,-51068,55,180,180,0,True
1733780027,21367658,6169572488881906129687332572,-51057,56,180,180,0,True
1733780039,21367659,6171195457904579909201682499,-51052,57,180,180,0,True
1733780051,21367660,6171195457904579909201682499,-51052,57,180,180,0,True
1733780063,21367661,6171195457904579909201682499,-51052,57,180,180,0,True
1733780075,21367662,6171195457904579909201682499,-51052,57,180,180,0,True
1733780087,21367663,6171195457904579909201682499,-51052,57,180,180,0,True
1733780099,21367664,6174033867779004453104318018,-51043,58,180,180,0,True
1733780111,21367665,6174033867779004453104318018,-51043,58,180,180,0,True
1733780123,21367666,6174033867779004453104318018,-51043,58,180,180,0,True
1733780135,21367667,6174033867779004453104318018,-51043,58,180,180,0,True
1733780147,21367668,6174033867779004453104318018,-51043,58,180,180,0,True
1733780159,21367669,6174033867779004453104318018,-51043,58,180,180,0,True
1733780171,21367670,6174033867779004453104318018,-51043,58,180,180,0,True
1733780183,21367671,6174033867779004453104318018,-51043,58,180,180,0,True
1733780195,21367672,6174033867779004453104318018,-51043,58,180,180,0,True
1733780207,21367673,6174033867779004453104318018,-51043,58,180,180,0,True
1733780219,21367674,6174033867779004453104318018,-51043,58,180,180,0,True
1733780231,21367675,6174033867779004453104318018,-51043,58,180,180,0,True
1733780243,21367676,6174033867779004453104318018,-51043,58,180,180,0,True
1733780255,21367677,6174033867779004453104318018,-51043,58,180,180,0,True
1733780267,21367678,6174033867779004453104318018,-51043,58,180,180,0,True
1733780279,21367679,6173878512464716379204587736,-51043,58,180,180,0,True
1733780291,21367680,6173878512464716379204587736,-51043,58,180,180,0,True
1733780303,21367681,6173878512464716379204587736,-51043,58,180,180,0,True
1733780315,21367682,6178004381354481165245696145,-51030,59,180,180,0,True
1733780327,21367683,6178004381354481165245696145,-51030,59,180,180,0,True
1733780339,21367684,6178004381354481165245696145,-51030,59,180,180,0,True
1733780351,21367685,6180306199409905520215493968,-51022,60,180,180,0,True
1733780363,21367686,6183040702264230637495084657,-51013,61,180,180,0,True
1733780375,21367687,6183040702264230637495084657,-51013,61,180,180,0,True
1733780387,21367688,6183040702264230637495084657,-51013,61,180,180,0,True
1733780399,21367689,6183040702264230637495084657,-51013,61,180,180,0,True
1733780411,21367690,6183040702264230637495084657,-51013,61,180,180,0,True
1733780423,21367691,6183040702264230637495084657,-51013,61,180,180,0,True
1733780435,21367692,6183040702264230637495084657,-51013,61,180,180,0,True
1733780447,21367693,6183040702264230637495084657,-51013,61,180,180,0,True
1733780459,21367694,6183040702264230637495084657,-51013,61,180,180,0,True
1733780471,21367695,6183040702264230637495084657,-51013,61,180,180,0,True
1733780483,21367696,6183040702264230637495084657,-51013,61,180,180,0,True
1733780495,21367697,6183040702264230637495084657,-51013,61,180,180,0,True
1733780507,21367698,6183040702264230637495084657,-51013,61,180,180,0,True
1733780519,21367699,6183040702264230637495084657,-51013,61,180,180,0,True
1733780531,21367700,6181569422372830554535628704,-51018,62,180,180,0,True
1733780543,21367701,6181569422372830554535628704,-51018,62,180,180,0,True
1733780555,21367702,6181569422372830554535628704,-51018,62,180,180,0,True
1733780567,21367703,6177657494744333300562454148,-51031,63,180,180,0,True
1733780579,21367704,6177657494744333300562454148,-51031,63,180,180,0,True
1733780591,21367705,6177309531408995119199357856,-51032,64,180,180,0,True
1733780603,21367706,6174476890763556659435264212,-51041,65,180,180,0,True
1733780615,21367707,6169972973823349039346745344,-51056,66,180,180,0,True
1733780627,21367708,6169972973823349039346745344,-51056,66,180,180,0,True
1733780639,21367709,6169972973823349039346745344,-51056,66,180,180,0,True
1733780651,21367710,6169972973823349039346745344,-51056,66,180,180,0,True
1733780663,21367711,6169972973823349039346745344,-51056,66,180,180,0,True
1733780675,21367712,6169972973823349039346745344,-51056,66,180,180,0,True
1733780687,21367713,6169972973823349039346745344,-51056,66,180,180,0,True
1733780699,21367714,6169972973823349039346745344,-51056,66,180,180,0,True
1733780711,21367715,6169972973823349039346745344,-51056,66,180,180,0,True
1733780723,21367716,6169972973823349039346745344,-51056,66,180,180,0,True
1733780735,21367717,6169972973823349039346745344,-51056,66,180,180,0,True
1733780747,21367718,6164003699337623169031732265,-51075,67,180,180,0,True
1733780759,21367719,6158063144759011745525137408,-51094,68,180,180,0,True
1733780771,21367720,6158063144759011745525137408,-51094,68,180,180,0,True
1733780783,21367721,6156910668183088099966063561,-51098,69,180,180,0,True
1733780795,21367722,6156910668183088099966063561,-51098,69,180,180,0,True
1733780807,21367723,6156910668183088099966063561,-51098,69,180,180,0,True
1733780819,21367724,6158363203821439578559435604,-51093,70,180,180,0,True
1733780831,21367725,6158363203821439578559435604,-51093,70,180,180,0,True
1733780843,21367726,6155898270347942225096439322,-51101,71,180,180,0,True
1733780855,21367727,6155898270347942225096439322,-51101,71,180,180,0,True
1733780867,21367728,6150901500873838793315387620,-51118,72,180,180,0,True
1733780879,21367729,6150901500873838793315387620,-51118,72,180,180,0,True
1733780891,21367730,6148319959733687118356621868,-51126,73,180,180,0,True
1733780903,21367731,6148319959733687118356621868,-51126,73,180,180,0,True
1733780915,21367732,6148319959733687118356621868,-51126,73,180,180,0,True
1733780927,21367733,6143213995868054223233306888,-51143,74,180,180,0,True
1733780939,21367734,6143213995868054223233306888,-51143,74,180,180,0,True
1733780951,21367735,6137693206543291227838761085,-51161,75,180,180,0,True
1733780963,21367736,6137693206543291227838761085,-51161,75,180,180,0,True
1733780975,21367737,6137693206543291227838761085,-51161,75,180,180,0,True
1733780987,21367738,6132581681814479803995127201,-51177,76,180,180,0,True
1733780999,21367739,6132581681814479803995127201,-51177,76,180,180,0,True
1733781011,21367740,6132581681814479803995127201,-51177,76,180,180,0,True
1733781023,21367741,6132581681814479803995127201,-51177,76,180,180,0,True
1733781035,21367742,6132581681814479803995127201,-51177,76,180,180,0,True
1733781047,21367743,6131427841547711080747677844,-51181,77,180,180,0,True
1733781059,21367744,6131427841547711080747677844,-51181,77,180,180,0,True
1733781071,21367745,6131427841547711080747677844,-51181,77,180,180,0,True
1733781083,21367746,6131427841547711080747677844,-51181,77,180,180,0,True
1733781095,21367747,6131427841547711080747677844,-51181,77,180,180,0,True
1733781107,21367748,6131427841547711080747677844,-51181,77,180,180,0,True
1733781119,21367749,6131427841547711080747677844,-51181,77,180,180,0,True
1733781131,21367750,6131427841547711080747677844,-51181,77,180,180,0,True
1733781143,21367751,6131427841547711080747677844,-51181,77,180,180,0,True
1733781155,21367752,6131427841547711080747677844,-51181,77,180,180,0,True
1733781167,21367753,6131427841547711080747677844,-51181,77,180,180,0,True
1733781179,21367754,6131427841547711080747677844,-51181,77,180,180,0,True
1733781191,21367755,6128009001892328224547658367,-51192,78,180,180,0,True
1733781203,21367756,6122757699194926008119795389,-51209,79,180,180,0,True
1733781215,21367757,6124072113521157975057671454,-51205,80,180,180,0,True
1733781227,21367758,6124072113521157975057671454,-51205,80,180,180,0,True
1733781239,21367759,6124072113521157975057671454,-51205,80,180,180,0,True
1733781251,21367760,6124072113521157975057671454,-51205,80,180,180,0,True
1733781263,21367761,6124072113521157975057671454,-51205,80,180,180,0,True
1733781275,21367762,6124072113521157975057671454,-51205,80,180,180,0,True
1733781287,21367763,6124072113521157975057671454,-51205,80,180,180,0,True
1733781299,21367764,6124072113521157975057671454,-51205,80,180,180,0,True
1733781311,21367765,6124072113521157975057671454,-51205,80,180,180,0,True
1733781323,21367766,6126499556543051923088855437,-51197,81,180,180,0,True
1733781335,21367767,6126499556543051923088855437,-51197,81,180,180,0,True
1733781347,21367768,6126499556543051923088855437,-51197,81,180,180,0,True
1733781359,21367769,6128007256834380836139028534,-51192,82,180,180,0,True
1733781371,21367770,6128007256834380836139028534,-51192,82,180,180,0,True
1733781383,21367771,6128007256834380836139028534,-51192,82,180,180,0,True
1733781395,21367772,6128007256834380836139028534,-51192,82,180,180,0,True
1733781407,21367773,6128007256834380836139028534,-51192,82,180,180,0,True
1733781419,21367774,6128007256834380836139028534,-51192,82,180,180,0,True
1733781431,21367775,6128007256834380836139028534,-51192,82,180,180,0,True
1733781443,21367776,6127200297181382014557206084,-51195,83,180,180,0,True
1733781455,21367777,6127200297181382014557206084,-51195,83,180,180,0,True
1733781467,21367778,6127200297181382014557206084,-51195,83,180,180,0,True
1733781479,21367779,6127200297181382014557206084,-51195,83,180,180,0,True
1733781491,21367780,6127200297181382014557206084,-51195,83,180,180,0,True
1733781503,21367781,6121545385587141209210067451,-51213,84,180,180,0,True
1733781515,21367782,6121545385587141209210067451,-51213,84,180,180,0,True
1733781527,21367783,6121545385587141209210067451,-51213,84,180,180,0,True
1733781539,21367784,6121545385587141209210067451,-51213,84,180,180,0,True
1733781551,21367785,6121545385587141209210067451,-51213,84,180,180,0,True
1733781563,21367786,6121545385587141209210067451,-51213,84,180,180,0,True
1733781575,21367787,6121545385587141209210067451,-51213,84,180,180,0,True
1733781587,21367788,6121545385587141209210067451,-51213,84,180,180,0,True
1733781599,21367789,6116626711095938838064364411,-51229,85,180,180,0,True
1733781611,21367790,6116626711095938838064364411,-51229,85,180,180,0,True
1733781623,21367791,6116626711095938838064364411,-51229,85,180,180,0,True
1733781635,21367792,6113910977549158772341916106,-51238,86,180,180,0,True
1733781647,21367793,6109881227997692219217578876,-51252,87,180,180,0,True
1733781659,21367794,6110347873372984170854148427,-51250,88,180,180,0,True
1733781671,21367795,6110347873372984170854148427,-51250,88,180,180,0,True
1733781683,21367796,6110347873372984170854148427,-51250,88,180,180,0,True
1733781695,21367797,6110347873372984170854148427,-51250,88,180,180,0,True
1733781707,21367798,6110347873372984170854148427,-51250,88,180,180,0,True
1733781719,21367799,6110347873372984170854148427,-51250,88,180,180,0,True
1733781731,21367800,6110347873372984170854148427,-51250,88,180,180,0,True
1733781743,21367801,6110347873372984170854148427,-51250,88,180,180,0,True
1733781755,21367802,6110347873372984170854148427,-51250,88,180,180,0,True
1733781767,21367803,6110347873372984170854148427,-51250,88,180,180,0,True
1733781779,21367804,6110347873372984170854148427,-51250,88,180,180,0,True
1733781791,21367805,6110347873372984170854148427,-51250,88,180,180,0,True
1733781803,21367806,6110347873372984170854148427,-51250,88,180,180,0,True
1733781815,21367807,6110347873372984170854148427,-51250,88,180,180,0,True
1733781827,21367808,6110347873372984170854148427,-51250,88,180,180,0,True
1733781839,21367809,6110347873372984170854148427,-51250,88,180,180,0,True
1733781851,21367810,6106422797480865694839784751,-51263,89,180,180,0,True
1733781863,21367811,6098478841133282609393123743,-51289,90,180,180,0,True
1733781875,21367812,6097171793628573377108815343,-51293,91,180,180,0,True
1733781887,21367813,6093365494823948058592889394,-51306,92,180,180,0,True
1733781899,21367814,6091838892442779381989630767,-51311,93,180,180,0,True
1733781911,21367815,6078968615100179430496549971,-51353,94,180,180,0,True
1733781923,21367816,6063093503646557579349948676,-51405,95,180,180,0,True
1733781935,21367817,6060543620619884591493543532,-51414,96,180,180,0,True
1733781947,21367818,6057987630970698968283474029,-51422,97,180,180,0,True
1733781959,21367819,6057987630970698968283474029,-51422,97,180,180,0,True
1733781971,21367820,6057987630970698968283474029,-51422,97,180,180,0,True
1733781983,21367821,6057987630970698968283474029,-51422,97,180,180,0,True
1733781995,21367822,6057987630970698968283474029,-51422,97,180,180,0,True
1733782007,21367823,6057987630970698968283474029,-51422,97,180,180,0,True
1733782019,21367824,6057987630970698968283474029,-51422,97,180,180,0,True
1733782031,21367825,6057987630970698968283474029,-51422,97,180,180,0,True
1733782043,21367826,6062673920040112590467133627,-51407,98,180,180,0,True
1733782055,21367827,6062673920040112590467133627,-51407,98,180,180,0,True
1733782067,21367828,6062673920040112590467133627,-51407,98,180,180,0,True
1733782079,21367829,6062673920040112590467133627,-51407,98,180,180,0,True
1733782091,21367830,6058761566739196061125823845,-51420,99,180,180,0,True
1733782103,21367831,6058761566739196061125823845,-51420,99,180,180,0,True
1733782115,21367832,6058038120880535908820198666,-51422,100,180,180,0,True
1733782127,21367833,6061977322794483517838157959,-51409,101,180,180,0,True
1733782139,21367834,6061977322794483517838157959,-51409,101,180,180,0,True
1733782151,21367835,6061977322794483517838157959,-51409,101,180,180,0,True
1733782163,21367836,6061977322794483517838157959,-51409,101,180,180,0,True
1733782175,21367837,6061977322794483517838157959,-51409,101,180,180,0,True
1733782187,21367838,6061977322794483517838157959,-51409,101,180,180,0,True
1733782199,21367839,6061977322794483517838157959,-51409,101,180,180,0,True
1733782211,21367840,6066765887470668577469597247,-51393,102,180,180,0,True
1733782223,21367841,6072099188658920248522741059,-51376,103,180,180,0,True
1733782235,21367842,6074427672473345482715188179,-51368,104,180,180,0,True
1733782247,21367843,6074427672473345482715188179,-51368,104,180,180,0,True
1733782259,21367844,6074427672473345482715188179,-51368,104,180,180,0,True
1733782271,21367845,6074427672473345482715188179,-51368,104,180,180,0,True
1733782283,21367846,6074427672473345482715188179,-51368,104,180,180,0,True
1733782295,21367847,6070045736900788059628851268,-51382,105,180,180,0,True
1733782307,21367848,6070045736900788059628851268,-51382,105,180,180,0,True
1733782319,21367849,6071111504292425908810096033,-51379,106,180,180,0,True
1733782331,21367850,6071111504292425908810096033,-51379,106,180,180,0,True
1733782343,21367851,6071111504292425908810096033,-51379,106,180,180,0,True
1733782355,21367852,6071111504292425908810096033,-51379,106,180,180,0,True
1733782367,21367853,6071111504292425908810096033,-51379,106,180,180,0,True
1733782379,21367854,6071111504292425908810096033,-51379,106,180,180,0,True
1733782391,21367855,6071111504292425908810096033,-51379,106,180,180,0,True
1733782403,21367856,6071111504292425908810096033,-51379,106,180,180,0,True
1733782415,21367857,6071111504292425908810096033,-51379,106,180,180,0,True
1733782427,21367858,6071111504292425908810096033,-51379,106,180,180,0,True
1733782439,21367859,6071111504292425908810096033,-51379,106,180,180,0,True
1733782451,21367860,6076690452814314039926687758,-51361,107,180,180,0,True
1733782463,21367861,6081046334273083165694591117,-51346,108,180,180,0,True
1733782475,21367862,6081046334273083165694591117,-51346,108,180,180,0,True
1733782487,21367863,6080183812957906102236237670,-51349,109,180,180,0,True
1733782499,21367864,6080183812957906102236237670,-51349,109,180,180,0,True
1733782511,21367865,6080183812957906102236237670,-51349,109,180,180,0,True
1733782523,21367866,6080183812957906102236237670,-51349,109,180,180,0,True
1733782535,21367867,6084998014278610081871298560,-51333,110,180,180,0,True
1733782547,21367868,6084616679903251134502665409,-51334,111,180,180,0,True
1733782559,21367869,6084901734075920018584790311,-51333,112,180,180,0,True
1733782571,21367870,6084520411767454113727927510,-51335,113,180,180,0,True
1733782583,21367871,6081113626246357363632142732,-51346,114,180,180,0,True
1733782595,21367872,6071661206396425155629530873,-51377,115,180,180,0,True
1733782607,21367873,6071661206396425155629530873,-51377,115,180,180,0,True
1733782619,21367874,6067504209060529639882001527,-51391,116,180,180,0,True
1733782631,21367875,6066693118032965953036217290,-51393,117,180,180,0,True
1733782643,21367876,6066693118032965953036217290,-51393,117,180,180,0,True
1733782655,21367877,6066693118032965953036217290,-51393,117,180,180,0,True
1733782667,21367878,6066693118032965953036217290,-51393,117,180,180,0,True
1733782679,21367879,6066693118032965953036217290,-51393,117,180,180,0,True
1733782691,21367880,6066693118032965953036217290,-51393,117,180,180,0,True
1733782703,21367881,6066693118032965953036217290,-51393,117,180,180,0,True
1733782715,21367882,6066693118032965953036217290,-51393,117,180,180,0,True
1733782727,21367883,6066693118032965953036217290,-51393,117,180,180,0,True
1733782739,21367884,6066693118032965953036217290,-51393,117,180,180,0,True
1733782751,21367885,6066693118032965953036217290,-51393,117,180,180,0,True
1733782763,21367886,6066858493650787976235580796,-51393,117,180,180,0,True
1733782775,21367887,6066858493650787976235580796,-51393,117,180,180,0,True
1733782787,21367888,6066858493650787976235580796,-51393,117,180,180,0,True
1733782799,21367889,6066858493650787976235580796,-51393,117,180,180,0,True
1733782811,21367890,6066858493650787976235580796,-51393,117,180,180,0,True
1733782823,21367891,6066858493650787976235580796,-51393,117,180,180,0,True
1733782835,21367892,6064288207089065936367195775,-51401,118,180,180,0,True
1733782847,21367893,6057376870656834279903052491,-51424,119,180,180,0,True
1733782859,21367894,6057376870656834279903052491,-51424,119,180,180,0,True
1733782871,21367895,6054789935552157291580388838,-51433,120,180,180,0,True
1733782883,21367896,6050510287131868011615683245,-51447,121,180,180,0,True
1733782895,21367897,6050510287131868011615683245,-51447,121,180,180,0,True
1733782907,21367898,6045963513650986988704905810,-51462,122,180,180,0,True
1733782919,21367899,6042263788400030729521521030,-51474,123,180,180,0,True
1733782931,21367900,6038088498275086629707928914,-51488,124,180,180,0,True
1733782943,21367901,6033404484592100646529724222,-51503,125,180,180,0,True
1733782955,21367902,6033404484592100646529724222,-51503,125,180,180,0,True
1733782967,21367903,6033404484592100646529724222,-51503,125,180,180,0,True
1733782979,21367904,6021581833414767712504456687,-51543,126,180,180,0,True
1733782991,21367905,6020332063779975818207566899,-51547,127,180,180,0,True
1733783003,21367906,6018329010161114703233815409,-51554,128,180,180,0,True
1733783015,21367907,6018329010161114703233815409,-51554,128,180,180,0,True
1733783027,21367908,6018329010161114703233815409,-51554,128,180,180,0,True
1733783039,21367909,6018329010161114703233815409,-51554,128,180,180,0,True
1733783051,21367910,6018329010161114703233815409,-51554,128,180,180,0,True
1733783063,21367911,6024763025411930517466614697,-51532,129,180,180,0,True
1733783075,21367912,6024763025411930517466614697,-51532,129,180,180,0,True
1733783087,21367913,6033178527064932115195202270,-51504,130,180,180,0,True
1733783099,21367914,6036413510375432774676344399,-51494,131,180,180,0,True
1733783111,21367915,6036413510375432774676344399,-51494,131,180,180,0,True
1733783123,21367916,6036413510375432774676344399,-51494,131,180,180,0,True
1733783135,21367917,6040044768571865300460964862,-51481,132,180,180,0,True
1733783147,21367918,6040044768571865300460964862,-51481,132,180,180,0,True
1733783159,21367919,6042332645856020726131931425,-51474,133,180,180,0,True
1733783171,21367920,6042332645856020726131931425,-51474,133,180,180,0,True
1733783183,21367921,6049823754067855200915986258,-51449,134,180,180,0,True
1733783195,21367922,6053710952205746593783284832,-51436,135,180,180,0,True
1733783207,21367923,6062044100586039117330596972,-51409,136,180,180,0,True
1733783219,21367924,6065191710001257581249295010,-51398,137,180,180,0,True
1733783231,21367925,6071986921029019071658063444,-51376,138,180,180,0,True
1733783243,21367926,6075345796568613228993916999,-51365,139,180,180,0,True
1733783255,21367927,6085985148590163233252338261,-51330,140,180,180,0,True
1733783267,21367928,6089452919260264401976213765,-51319,141,180,180,0,True
1733783279,21367929,6089326730175073954408673533,-51319,141,180,180,0,True
1733783291,21367930,6089326730175073954408673533,-51319,141,180,180,0,True
1733783303,21367931,6089330328122010872007503032,-51319,142,180,180,0,True
1733783315,21367932,6089330328122010872007503032,-51319,142,180,180,0,True
1733783327,21367933,6089330328122010872007503032,-51319,142,180,180,0,True
1733783339,21367934,6089330328122010872007503032,-51319,142,180,180,0,True
1733783351,21367935,6100976863463038656815362912,-51281,143,180,180,0,True
1733783363,21367936,6098076130137709313753930598,-51290,144,180,180,0,True
1733783375,21367937,6090811739467156191068629064,-51314,145,180,180,0,True
1733783387,21367938,6090811739467156191068629064,-51314,145,180,180,0,True
1733783399,21367939,6090811739467156191068629064,-51314,145,180,180,0,True
1733783411,21367940,6090811739467156191068629064,-51314,145,180,180,0,True
1733783423,21367941,6090811739467156191068629064,-51314,145,180,180,0,True
1733783435,21367942,6086172193867327764035839987,-51329,146,180,180,0,True
1733783447,21367943,6086172193867327764035839987,-51329,146,180,180,0,True
1733783459,21367944,6086172193867327764035839987,-51329,146,180,180,0,True
1733783471,21367945,6086172193867327764035839987,-51329,146,180,180,0,True
1733783483,21367946,6087607646875103038209101941,-51325,147,180,180,0,True
1733783495,21367947,6087607646875103038209101941,-51325,147,180,180,0,True
1733783507,21367948,6087607646875103038209101941,-51325,147,180,180,0,True
1733783519,21367949,6087607646875103038209101941,-51325,147,180,180,0,True
1733783531,21367950,6087607646875103038209101941,-51325,147,180,180,0,True
1733783543,21367951,6087607646875103038209101941,-51325,147,180,180,0,True
1733783555,21367952,6087607646875103038209101941,-51325,147,180,180,0,True
1733783567,21367953,6087607646875103038209101941,-51325,147,180,180,0,True
1733783579,21367954,6087607646875103038209101941,-51325,147,180,180,0,True
1733783591,21367955,6087607646875103038209101941,-51325,147,180,180,0,True
1733783603,21367956,6087607646875103038209101941,-51325,147,180,180,0,True
1733783615,21367957,6090706388830691780719906582,-51314,148,180,180,0,True
1733783627,21367958,6096185136377288650674667520,-51296,149,180,180,0,True
1733783639,21367959,6096185136377288650674667520,-51296,149,180,180,0,True
1733783651,21367960,6101009894655744863566299136,-51281,150,180,180,0,True
1733783663,21367961,6105029155813726822007012612,-51267,151,180,180,0,True
1733783675,21367962,6105029155813726822007012612,-51267,151,180,180,0,True
1733783687,21367963,6107924909099918809249675036,-51258,152,180,180,0,True
1733783699,21367964,6115031790084629536627255597,-51235,153,180,180,0,True
1733783711,21367965,6113828326427229357406379339,-51239,154,180,180,0,True
1733783723,21367966,6113828326427229357406379339,-51239,154,180,180,0,True
1733783735,21367967,6113828326427229357406379339,-51239,154,180,180,0,True
1733783747,21367968,6113828326427229357406379339,-51239,154,180,180,0,True
1733783759,21367969,6113828326427229357406379339,-51239,154,180,180,0,True
1733783771,21367970,6112947603315378306194594895,-51242,155,180,180,0,True
1733783783,21367971,6112947603315378306194594895,-51242,155,180,180,0,True
1733783795,21367972,6112947603315378306194594895,-51242,155,180,180,0,True
1733783807,21367973,6112947603315378306194594895,-51242,155,180,180,0,True
1733783819,21367974,6108603384482529180896093934,-51256,156,180,180,0,True
1733783831,21367975,6108603384482529180896093934,-51256,156,180,180,0,True
1733783843,21367976,6108603384482529180896093934,-51256,156,180,180,0,True
1733783855,21367977,6108603384482529180896093934,-51256,156,180,180,0,True
1733783867,21367978,6108603384482529180896093934,-51256,156,180,180,0,True
1733783879,21367979,6108603384482529180896093934,-51256,156,180,180,0,True
1733783891,21367980,6105163746279586437813943606,-51267,157,180,180,0,True
1733783903,21367981,6098525376353679717133945982,-51289,158,180,180,0,True
1733783915,21367982,6098525376353679717133945982,-51289,158,180,180,0,True
1733783927,21367983,6098525376353679717133945982,-51289,158,180,180,0,True
1733783939,21367984,6098525376353679717133945982,-51289,158,180,180,0,True
1733783951,21367985,6098525376353679717133945982,-51289,158,180,180,0,True
1733783963,21367986,6098525376353679717133945982,-51289,158,180,180,0,True
1733783975,21367987,6098525376353679717133945982,-51289,158,180,180,0,True
1733783987,21367988,6098525376353679717133945982,-51289,158,180,180,0,True
1733783999,21367989,6098525376353679717133945982,-51289,158,180,180,0,True
1733784011,21367990,6098525376353679717133945982,-51289,158,180,180,0,True
1733784023,21367991,6092678307346941188945105600,-51308,159,180,180,0,True
1733784035,21367992,6092678307346941188945105600,-51308,159,180,180,0,True
1733784047,21367993,6092678307346941188945105600,-51308,159,180,180,0,True
1733784059,21367994,6092678307346941188945105600,-51308,159,180,180,0,True
1733784071,21367995,6092678307346941188945105600,-51308,159,180,180,0,True
1733784083,21367996,6092678307346941188945105600,-51308,159,180,180,0,True
1733784095,21367997,6092678307346941188945105600,-51308,159,180,180,0,True
1733784107,21367998,6092678307346941188945105600,-51308,159,180,180,0,True
1733784119,21367999,6094489729222559783455654791,-51302,160,180,180,0,True
1733784131,21368000,6094489729222559783455654791,-51302,160,180,180,0,True
1733784143,21368001,6094489729222559783455654791,-51302,160,180,180,0,True
1733784155,21368002,6094489729222559783455654791,-51302,160,180,180,0,True
1733784167,21368003,6094489729222559783455654791,-51302,160,180,180,0,True
1733784179,21368004,6094489729222559783455654791,-51302,160,180,180,0,True
1733784191,21368005,6094489729222559783455654791,-51302,160,180,180,0,True
1733784203,21368006,6094489729222559783455654791,-51302,160,180,180,0,True
1733784215,21368007,6094489729222559783455654791,-51302,160,180,180,0,True
1733784227,21368008,6094489729222559783455654791,-51302,160,180,180,0,True
1733784239,21368009,6094489729222559783455654791,-51302,160,180,180,0,True
1733784251,21368010,6094489729222559783455654791,-51302,160,180,180,0,True
1733784263,21368011,6094489729222559783455654791,-51302,160,180,180,0,True
1733784275,21368012,6094489729222559783455654791,-51302,160,180,180,0,True
1733784287,21368013,6094489729222559783455654791,-51302,160,180,180,0,True
1733784299,21368014,6094489729222559783455654791,-51302,160,180,180,0,True
1733784311,21368015,6094489729222559783455654791,-51302,160,180,180,0,True
1733784323,21368016,6094489729222559783455654791,-51302,160,180,180,0,True
1733784335,21368017,6094489729222559783455654791,-51302,160,180,180,0,True
1733784347,21368018,6094489729222559783455654791,-51302,160,180,180,0,True
1733784359,21368019,6094489729222559783455654791,-51302,160,180,180,0,True
1733784371,21368020,6098343479337672276390065113,-51289,161,180,180,0,True
1733784383,21368021,6098343479337672276390065113,-51289,161,180,180,0,True
1733784395,21368022,6098343479337672276390065113,-51289,161,180,180,0,True
1733784407,21368023,6101219319327172003179372871,-51280,162,180,180,0,True
1733784419,21368024,6110490216684064598801284140,-51250,163,180,180,0,True
1733784431,21368025,6112218085266066641292102911,-51244,164,180,180,0,True
1733784443,21368026,6112218085266066641292102911,-51244,164,180,180,0,True
1733784455,21368027,6112644394188777050067820524,-51243,165,180,180,0,True
1733784467,21368028,6112644394188777050067820524,-51243,165,180,180,0,True
1733784479,21368029,6112644394188777050067820524,-51243,165,180,180,0,True
1733784491,21368030,6112644394188777050067820524,-51243,165,180,180,0,True
1733784503,21368031,6112644394188777050067820524,-51243,165,180,180,0,True
1733784515,21368032,6116896920038649309577495837,-51229,166,180,180,0,True
1733784527,21368033,6116896920038649309577495837,-51229,166,180,180,0,True
1733784539,21368034,6116896920038649309577495837,-51229,166,180,180,0,True
1733784551,21368035,6116896920038649309577495837,-51229,166,180,180,0,True
1733784563,21368036,6116896920038649309577495837,-51229,166,180,180,0,True
1733784575,21368037,6116896920038649309577495837,-51229,166,180,180,0,True
1733784587,21368038,6116464893009867848050927672,-51230,167,180,180,0,True
1733784599,21368039,6117762572286511366415057266,-51226,168,180,180,0,True
1733784611,21368040,6117762572286511366415057266,-51226,168,180,180,0,True
1733784623,21368041,6117762572286511366415057266,-51226,168,180,180,0,True
1733784635,21368042,6117762572286511366415057266,-51226,168,180,180,0,True
1733784647,21368043,6120182127112869615735834387,-51218,169,180,180,0,True
1733784659,21368044,6122269342359272492075521630,-51211,170,180,180,0,True
1733784671,21368045,6122269342359272492075521630,-51211,170,180,180,0,True
1733784683,21368046,6122269342359272492075521630,-51211,170,180,180,0,True
1733784695,21368047,6122502033619696892600259260,-51210,171,180,180,0,True
1733784707,21368048,6124484241973923631947941649,-51204,172,180,180,0,True
1733784719,21368049,6124484241973923631947941649,-51204,172,180,180,0,True
1733784731,21368050,6124484241973923631947941649,-51204,172,180,180,0,True
1733784743,21368051,6124484241973923631947941649,-51204,172,180,180,0,True
1733784755,21368052,6124484241973923631947941649,-51204,172,180,180,0,True
1733784767,21368053,6124484241973923631947941649,-51204,172,180,180,0,True
1733784779,21368054,6124484241973923631947941649,-51204,172,180,180,0,True
1733784791,21368055,6124484241973923631947941649,-51204,172,180,180,0,True
1733784803,21368056,6124484241973923631947941649,-51204,172,180,180,0,True
1733784815,21368057,6127209957614341486728800759,-51195,173,180,180,0,True
1733784827,21368058,6126007521132390536983094557,-51199,174,180,180,0,True
1733784839,21368059,6126007521132390536983094557,-51199,174,180,180,0,True
1733784851,21368060,6126007521132390536983094557,-51199,174,180,180,0,True
1733784863,21368061,6126007521132390536983094557,-51199,174,180,180,0,True
1733784875,21368062,6126007521132390536983094557,-51199,174,180,180,0,True
1733784887,21368063,6144244670968247616233275215,-51139,175,180,180,0,True
1733784899,21368064,6143995222902035546310611317,-51140,176,180,180,0,True
1733784911,21368065,6143995222902035546310611317,-51140,176,180,180,0,True
1733784923,21368066,6143995222902035546310611317,-51140,176,180,180,0,True
1733784935,21368067,6143995222902035546310611317,-51140,176,180,180,0,True
1733784947,21368068,6143995222902035546310611317,-51140,176,180,180,0,True
1733784959,21368069,6143995222902035546310611317,-51140,176,180,180,0,True
1733784971,21368070,6141413047320965564701434492,-51149,177,180,180,0,True
1733784983,21368071,6141413047320965564701434492,-51149,177,180,180,0,True
1733784995,21368072,6141413047320965564701434492,-51149,177,180,180,0,True
1733785007,21368073,6141413047320965564701434492,-51149,177,180,180,0,True
1733785019,21368074,6141413047320965564701434492,-51149,177,180,180,0,True
1733785031,21368075,6141413047320965564701434492,-51149,177,180,180,0,True
1733785043,21368076,6141413047320965564701434492,-51149,177,180,180,0,True
1733785055,21368077,6141413047320965564701434492,-51149,177,180,180,0,True
1733785067,21368078,6145463249782487907161590771,-51135,178,180,180,0,True
1733785079,21368079,6145033556608245621519210262,-51137,179,180,180,0,True
1733785091,21368080,6145033556608245621519210262,-51137,179,180,180,0,True
1733785103,21368081,6145033556608245621519210262,-51137,179,180,180,0,True
1733785115,21368082,6145033556608245621519210262,-51137,179,180,180,0,True
1733785127,21368083,6145033556608245621519210262,-51137,179,180,180,0,True
1733785139,21368084,6145033556608245621519210262,-51137,179,180,180,0,True
1733785151,21368085,6145033556608245621519210262,-51137,179,180,180,0,True
1733785163,21368086,6147605788550124873761528716,-51128,0,180,180,0,True
1733785175,21368087,6147605788550124873761528716,-51128,0,180,180,0,True
1733785187,21368088,6147605788550124873761528716,-51128,0,180,180,0,True
1733785199,21368089,6147605788550124873761528716,-51128,0,180,180,0,True
1733785211,21368090,6147605788550124873761528716,-51128,0,180,180,0,True
1733785223,21368091,6147605788550124873761528716,-51128,0,180,180,0,True
1733785235,21368092,6147605788550124873761528716,-51128,0,180,180,0,True
1733785247,21368093,6147605788550124873761528716,-51128,0,180,180,0,True
1733785259,21368094,6147605788550124873761528716,-51128,0,180,180,0,True
1733785271,21368095,6145703333558364987921082612,-51135,1,180,180,0,True
1733785283,21368096,6142496247691542293957836800,-51145,2,180,180,0,True
1733785295,21368097,6142496247691542293957836800,-51145,2,180,180,0,True
1733785307,21368098,6142496247691542293957836800,-51145,2,180,180,0,True
1733785319,21368099,6139955011493336261244273286,-51153,3,180,180,0,True
1733785331,21368100,6137687116960707229777652128,-51161,4,180,180,0,True
1733785343,21368101,6137687116960707229777652128,-51161,4,180,180,0,True
1733785355,21368102,6137687116960707229777652128,-51161,4,180,180,0,True
1733785367,21368103,6134382156676990656605785967,-51172,5,180,180,0,True
1733785379,21368104,6134382156676990656605785967,-51172,5,180,180,0,True
1733785391,21368105,6134382156676990656605785967,-51172,5,180,180,0,True
1733785403,21368106,6134382156676990656605785967,-51172,5,180,180,0,True
1733785415,21368107,6134382156676990656605785967,-51172,5,180,180,0,True
1733785427,21368108,6134382156676990656605785967,-51172,5,180,180,0,True
1733785439,21368109,6134382156676990656605785967,-51172,5,180,180,0,True
1733785451,21368110,6134382156676990656605785967,-51172,5,180,180,0,True
1733785463,21368111,6134382156676990656605785967,-51172,5,180,180,0,True
1733785475,21368112,6134186116174447212146589902,-51172,5,180,180,0,True
1733785487,21368113,6134186116174447212146589902,-51172,5,180,180,0,True
1733785499,21368114,6134186116174447212146589902,-51172,5,180,180,0,True
1733785511,21368115,6134186116174447212146589902,-51172,5,180,180,0,True
1733785523,21368116,6131624753787256792955650281,-51180,6,180,180,0,True
1733785535,21368117,6131624753787256792955650281,-51180,6,180,180,0,True
1733785547,21368118,6131624753787256792955650281,-51180,6,180,180,0,True
1733785559,21368119,6131624753787256792955650281,-51180,6,180,180,0,True
1733785571,21368120,6131624753787256792955650281,-51180,6,180,180,0,True
1733785583,21368121,6131624753787256792955650281,-51180,6,180,180,0,True
1733785595,21368122,6131624753787256792955650281,-51180,6,180,180,0,True
1733785607,21368123,6131624753787256792955650281,-51180,6,180,180,0,True
1733785619,21368124,6131624753787256792955650281,-51180,6,180,180,0,True
1733785631,21368125,6131624753787256792955650281,-51180,6,180,180,0,True
1733785643,21368126,6131624753787256792955650281,-51180,6,180,180,0,True
1733785655,21368127,6131624753787256792955650281,-51180,6,180,180,0,True
1733785667,21368128,6131624753787256792955650281,-51180,6,180,180,0,True
1733785679,21368129,6135323268889536269964663726,-51168,7,180,180,0,True
1733785691,21368130,6135323268889536269964663726,-51168,7,180,180,0,True
1733785703,21368131,6135323268889536269964663726,-51168,7,180,180,0,True
1733785715,21368132,6135323268889536269964663726,-51168,7,180,180,0,True
1733785727,21368133,6135323268889536269964663726,-51168,7,180,180,0,True
1733785739,21368134,6135323268889536269964663726,-51168,7,180,180,0,True
1733785751,21368135,6135323268889536269964663726,-51168,7,180,180,0,True
1733785763,21368136,6135323268889536269964663726,-51168,7,180,180,0,True
1733785775,21368137,6135323268889536269964663726,-51168,7,180,180,0,True
1733785787,21368138,6135323268889536269964663726,-51168,7,180,180,0,True
1733785799,21368139,6135323268889536269964663726,-51168,7,180,180,0,True
1733785811,21368140,6135323268889536269964663726,-51168,7,180,180,0,True
1733785823,21368141,6135323268889536269964663726,-51168,7,180,180,0,True
1733785835,21368142,6138270330839773723249703842,-51159,8,180,180,0,True
1733785847,21368143,6140206991008884582449027667,-51153,9,180,180,0,True
1733785859,21368144,6140206991008884582449027667,-51153,9,180,180,0,True
1733785871,21368145,6140206991008884582449027667,-51153,9,180,180,0,True
1733785883,21368146,6140206991008884582449027667,-51153,9,180,180,0,True
1733785895,21368147,6140206991008884582449027667,-51153,9,180,180,0,True
1733785907,21368148,6143682220092167074528672320,-51141,10,180,180,0,True
1733785919,21368149,6145242864425118463351728278,-51136,11,180,180,0,True
1733785931,21368150,6145242864425118463351728278,-51136,11,180,180,0,True
1733785943,21368151,6145242864425118463351728278,-51136,11,180,180,0,True
1733785955,21368152,6148418288656225420421811903,-51126,12,180,180,0,True
1733785967,21368153,6148418288656225420421811903,-51126,12,180,180,0,True
1733785979,21368154,6148418288656225420421811903,-51126,12,180,180,0,True
1733785991,21368155,6148418288656225420421811903,-51126,12,180,180,0,True
1733786003,21368156,6148418288656225420421811903,-51126,12,180,180,0,True
1733786015,21368157,6148418288656225420421811903,-51126,12,180,180,0,True
1733786027,21368158,6150784503429104311413680118,-51118,13,180,180,0,True
1733786039,21368159,6150784503429104311413680118,-51118,13,180,180,0,True
1733786051,21368160,6150784503429104311413680118,-51118,13,180,180,0,True
1733786063,21368161,6150784503429104311413680118,-51118,13,180,180,0,True
1733786075,21368162,6150784503429104311413680118,-51118,13,180,180,0,True
1733786087,21368163,6150784503429104311413680118,-51118,13,180,180,0,True
1733786099,21368164,6150784503429104311413680118,-51118,13,180,180,0,True
1733786111,21368165,6150784503429104311413680118,-51118,13,180,180,0,True
1733786123,21368166,6150784503429104311413680118,-51118,13,180,180,0,True
1733786135,21368167,6150784503429104311413680118,-51118,13,180,180,0,True
1733786147,21368168,6150784503429104311413680118,-51118,13,180,180,0,True
1733786159,21368169,6153038782090017776795457868,-51111,14,180,180,0,True
1733786171,21368170,6157143890724770711562918899,-51097,15,180,180,0,True
1733786183,21368171,6156181998734473086247993232,-51101,16,180,180,0,True
1733786195,21368172,6156181998734473086247993232,-51101,16,180,180,0,True
1733786207,21368173,6156181998734473086247993232,-51101,16,180,180,0,True
1733786219,21368174,6156181998734473086247993232,-51101,16,180,180,0,True
1733786231,21368175,6156181998734473086247993232,-51101,16,180,180,0,True
1733786243,21368176,6156181998734473086247993232,-51101,16,180,180,0,True
1733786255,21368177,6156181998734473086247993232,-51101,16,180,180,0,True
1733786267,21368178,6156181998734473086247993232,-51101,16,180,180,0,True
1733786279,21368179,6156779487400783063480418559,-51099,17,180,180,0,True
1733786291,21368180,6156779487400783063480418559,-51099,17,180,180,0,True
1733786303,21368181,6156779487400783063480418559,-51099,17,180,180,0,True
1733786315,21368182,6156779487400783063480418559,-51099,17,180,180,0,True
1733786327,21368183,6158493827706839295771817377,-51093,18,180,180,0,True
1733786339,21368184,6158493827706839295771817377,-51093,18,180,180,0,True
1733786351,21368185,6159140462620768262082755052,-51091,19,180,180,0,True
1733786363,21368186,6159140462620768262082755052,-51091,19,180,180,0,True
1733786375,21368187,6159140462620768262082755052,-51091,19,180,180,0,True
1733786387,21368188,6159140462620768262082755052,-51091,19,180,180,0,True
1733786399,21368189,6159140462620768262082755052,-51091,19,180,180,0,True
1733786411,21368190,6159140462620768262082755052,-51091,19,180,180,0,True
1733786423,21368191,6159140462620768262082755052,-51091,19,180,180,0,True
1733786435,21368192,6159125413372002767769193881,-51091,19,180,180,0,True
1733786447,21368193,6159125413372002767769193881,-51091,19,180,180,0,True
1733786459,21368194,6159125413372002767769193881,-51091,19,180,180,0,True
1733786471,21368195,6159125413372002767769193881,-51091,19,180,180,0,True
1733786483,21368196,6159125413372002767769193881,-51091,19,180,180,0,True
1733786495,21368197,6159125413372002767769193881,-51091,19,180,180,0,True
1733786507,21368198,6159125413372002767769193881,-51091,19,180,180,0,True
1733786519,21368199,6159125413372002767769193881,-51091,19,180,180,0,True
1733786531,21368200,6159125413372002767769193881,-51091,19,180,180,0,True
1733786543,21368201,6159125413372002767769193881,-51091,19,180,180,0,True
1733786555,21368202,6159125413372002767769193881,-51091,19,180,180,0,True
1733786567,21368203,6159125413372002767769193881,-51091,19,180,180,0,True
1733786579,21368204,6159125413372002767769193881,-51091,19,180,180,0,True
1733786591,21368205,6159125413372002767769193881,-51091,19,180,180,0,True
1733786603,21368206,6159125413372002767769193881,-51091,19,180,180,0,True
1733786615,21368207,6159125413372002767769193881,-51091,19,180,180,0,True
1733786627,21368208,6159125413372002767769193881,-51091,19,180,180,0,True
1733786639,21368209,6159125413372002767769193881,-51091,19,180,180,0,True
1733786651,21368210,6159125413372002767769193881,-51091,19,180,180,0,True
1733786663,21368211,6159125413372002767769193881,-51091,19,180,180,0,True
1733786675,21368212,6159125413372002767769193881,-51091,19,180,180,0,True
1733786687,21368213,6159125413372002767769193881,-51091,19,180,180,0,True
1733786699,21368214,6159125413372002767769193881,-51091,19,180,180,0,True
1733786711,21368215,6159125413372002767769193881,-51091,19,180,180,0,True
1733786723,21368216,6159125413372002767769193881,-51091,19,180,180,0,True
1733786735,21368217,6159125413372002767769193881,-51091,19,180,180,0,True
1733786747,21368218,6159125413372002767769193881,-51091,19,180,180,0,True
1733786759,21368219,6159125413372002767769193881,-51091,19,180,180,0,True
1733786771,21368220,6159125413372002767769193881,-51091,19,180,180,0,True
1733786783,21368221,6159125413372002767769193881,-51091,19,180,180,0,True
1733786795,21368222,6159324221106998815414696171,-51090,20,180,180,0,True
1733786807,21368223,6159324221106998815414696171,-51090,20,180,180,0,True
1733786819,21368224,6159324221106998815414696171,-51090,20,180,180,0,True
1733786831,21368225,6159324221106998815414696171,-51090,20,180,180,0,True
1733786843,21368226,6159324221106998815414696171,-51090,20,180,180,0,True
1733786855,21368227,6159324221106998815414696171,-51090,20,180,180,0,True
1733786867,21368228,6159324221106998815414696171,-51090,20,180,180,0,True
1733786879,21368229,6159324221106998815414696171,-51090,20,180,180,0,True
1733786891,21368230,6159324221106998815414696171,-51090,20,180,180,0,True
1733786903,21368231,6159324221106998815414696171,-51090,20,180,180,0,True
1733786915,21368232,6159324221106998815414696171,-51090,20,180,180,0,True
1733786927,21368233,6159324221106998815414696171,-51090,20,180,180,0,True
1733786939,21368234,6159324221106998815414696171,-51090,20,180,180,0,True
1733786951,21368235,6159324221106998815414696171,-51090,20,180,180,0,True
1733786963,21368236,6159324221106998815414696171,-51090,20,180,180,0,True
1733786975,21368237,6159324221106998815414696171,-51090,20,180,180,0,True
1733786987,21368238,6159324221106998815414696171,-51090,20,180,180,0,True
1733786999,21368239,6159324221106998815414696171,-51090,20,180,180,0,True
1733787011,21368240,6156494081959056820823654400,-51100,21,180,180,0,True
1733787023,21368241,6156494081959056820823654400,-51100,21,180,180,0,True
1733787035,21368242,6155997036345116684684701340,-51101,22,180,180,0,True
1733787047,21368243,6155997036345116684684701340,-51101,22,180,180,0,True
1733787059,21368244,6155997036345116684684701340,-51101,22,180,180,0,True
1733787071,21368245,6155997036345116684684701340,-51101,22,180,180,0,True
1733787083,21368246,6155997036345116684684701340,-51101,22,180,180,0,True
1733787095,21368247,6155997036345116684684701340,-51101,22,180,180,0,True
1733787107,21368248,6155997036345116684684701340,-51101,22,180,180,0,True
1733787119,21368249,6155997036345116684684701340,-51101,22,180,180,0,True
1733787131,21368250,6153977207849037255387431151,-51108,23,180,180,0,True
1733787143,21368251,6153977207849037255387431151,-51108,23,180,180,0,True
1733787155,21368252,6153977207849037255387431151,-51108,23,180,180,0,True
1733787167,21368253,6153977207849037255387431151,-51108,23,180,180,0,True
1733787179,21368254,6153977207849037255387431151,-51108,23,180,180,0,True
1733787191,21368255,6153977207849037255387431151,-51108,23,180,180,0,True
1733787203,21368256,6154000271394185834324944232,-51108,23,180,180,0,True
1733787215,21368257,6154000271394185834324944232,-51108,23,180,180,0,True
1733787227,21368258,6154000271394185834324944232,-51108,23,180,180,0,True
1733787239,21368259,6154000271394185834324944232,-51108,23,180,180,0,True
1733787251,21368260,6154000271394185834324944232,-51108,23,180,180,0,True
1733787263,21368261,6154000271394185834324944232,-51108,23,180,180,0,True
1733787275,21368262,6154000271394185834324944232,-51108,23,180,180,0,True
1733787287,21368263,6154000271394185834324944232,-51108,23,180,180,0,True
1733787299,21368264,6154000271394185834324944232,-51108,23,180,180,0,True
1733787311,21368265,6154000271394185834324944232,-51108,23,180,180,0,True
1733787323,21368266,6154000271394185834324944232,-51108,23,180,180,0,True
1733787335,21368267,6154000271394185834324944232,-51108,23,180,180,0,True
1733787347,21368268,6154000271394185834324944232,-51108,23,180,180,0,True
1733787359,21368269,6150443760563228374431660917,-51119,24,180,180,0,True
1733787371,21368270,6150443760563228374431660917,-51119,24,180,180,0,True
1733787383,21368271,6150443760563228374431660917,-51119,24,180,180,0,True
1733787395,21368272,6150443760563228374431660917,-51119,24,180,180,0,True
1733787407,21368273,6150443760563228374431660917,-51119,24,180,180,0,True
1733787419,21368274,6150443760563228374431660917,-51119,24,180,180,0,True
1733787431,21368275,6150443760563228374431660917,-51119,24,180,180,0,True
1733787443,21368276,6150443760563228374431660917,-51119,24,180,180,0,True
1733787455,21368277,6150443760563228374431660917,-51119,24,180,180,0,True
1733787467,21368278,6150443760563228374431660917,-51119,24,180,180,0,True
1733787479,21368279,6150443760563228374431660917,-51119,24,180,180,0,True
1733787491,21368280,6147392079705028237873189445,-51129,25,180,180,0,True
1733787503,21368281,6147392079705028237873189445,-51129,25,180,180,0,True
1733787515,21368282,6147392079705028237873189445,-51129,25,180,180,0,True
1733787527,21368283,6147392079705028237873189445,-51129,25,180,180,0,True
1733787539,21368284,6147392079705028237873189445,-51129,25,180,180,0,True
1733787551,21368285,6147392079705028237873189445,-51129,25,180,180,0,True
1733787563,21368286,6147392079705028237873189445,-51129,25,180,180,0,True
1733787575,21368287,6147392079705028237873189445,-51129,25,180,180,0,True
1733787587,21368288,6147392079705028237873189445,-51129,25,180,180,0,True
1733787599,21368289,6147392079705028237873189445,-51129,25,180,180,0,True
1733787611,21368290,6147392079705028237873189445,-51129,25,180,180,0,True
1733787623,21368291,6147392079705028237873189445,-51129,25,180,180,0,True
1733787635,21368292,6147392079705028237873189445,-51129,25,180,180,0,True
1733787647,21368293,6147392079705028237873189445,-51129,25,180,180,0,True
1733787659,21368294,6147392079705028237873189445,-51129,25,180,180,0,True
1733787671,21368295,6147392079705028237873189445,-51129,25,180,180,0,True
1733787683,21368296,6147392079705028237873189445,-51129,25,180,180,0,True
1733787695,21368297,6147392079705028237873189445,-51129,25,180,180,0,True
1733787707,21368298,6147392079705028237873189445,-51129,25,180,180,0,True
1733787719,21368299,6147392079705028237873189445,-51129,25,180,180,0,True
1733787731,21368300,6147392079705028237873189445,-51129,25,180,180,0,True
1733787743,21368301,6147392079705028237873189445,-51129,25,180,180,0,True
1733787755,21368302,6147392079705028237873189445,-51129,25,180,180,0,True
1733787767,21368303,6147392079705028237873189445,-51129,25,180,180,0,True
1733787779,21368304,6147392079705028237873189445,-51129,25,180,180,0,True
1733787791,21368305,6147392079705028237873189445,-51129,25,180,180,0,True
1733787803,21368306,6147136447266608134498199426,-51130,26,180,180,0,True
1733787815,21368307,6147136447266608134498199426,-51130,26,180,180,0,True
1733787827,21368308,6147136447266608134498199426,-51130,26,180,180,0,True
1733787839,21368309,6147136447266608134498199426,-51130,26,180,180,0,True
1733787851,21368310,6147136447266608134498199426,-51130,26,180,180,0,True
1733787863,21368311,6147136447266608134498199426,-51130,26,180,180,0,True
1733787875,21368312,6147136447266608134498199426,-51130,26,180,180,0,True
1733787887,21368313,6146940359989171152523473369,-51131,27,180,180,0,True
1733787899,21368314,6146940359989171152523473369,-51131,27,180,180,0,True
1733787911,21368315,6146940359989171152523473369,-51131,27,180,180,0,True
1733787923,21368316,6146940359989171152523473369,-51131,27,180,180,0,True
1733787935,21368317,6146940359989171152523473369,-51131,27,180,180,0,True
1733787947,21368318,6146940359989171152523473369,-51131,27,180,180,0,True
1733787959,21368319,6146940359989171152523473369,-51131,27,180,180,0,True
1733787971,21368320,6146940359989171152523473369,-51131,27,180,180,0,True
1733787983,21368321,6146940359989171152523473369,-51131,27,180,180,0,True
1733787995,21368322,6146940359989171152523473369,-51131,27,180,180,0,True
1733788007,21368323,6146940359989171152523473369,-51131,27,180,180,0,True
1733788019,21368324,6146940359989171152523473369,-51131,27,180,180,0,True
1733788031,21368325,6146940359989171152523473369,-51131,27,180,180,0,True
1733788043,21368326,6146940359989171152523473369,-51131,27,180,180,0,True
1733788055,21368327,6146940359989171152523473369,-51131,27,180,180,0,True
1733788067,21368328,6146940359989171152523473369,-51131,27,180,180,0,True
1733788079,21368329,6146940359989171152523473369,-51131,27,180,180,0,True
1733788091,21368330,6146940359989171152523473369,-51131,27,180,180,0,True
1733788103,21368331,6146940359989171152523473369,-51131,27,180,180,0,True
1733788115,21368332,6146940359989171152523473369,-51131,27,180,180,0,True
1733788127,21368333,6146940359989171152523473369,-51131,27,180,180,0,True
1733788139,21368334,6146940359989171152523473369,-51131,27,180,180,0,True
1733788151,21368335,6146940359989171152523473369,-51131,27,180,180,0,True
1733788163,21368336,6146940359989171152523473369,-51131,27,180,180,0,True
1733788175,21368337,6146940359989171152523473369,-51131,27,180,180,0,True
1733788187,21368338,6146940359989171152523473369,-51131,27,180,180,0,True
1733788199,21368339,6146940359989171152523473369,-51131,27,180,180,0,True
1733788211,21368340,6146940359989171152523473369,-51131,27,180,180,0,True
1733788223,21368341,6146940359989171152523473369,-51131,27,180,180,0,True
1733788235,21368342,6146940359989171152523473369,-51131,27,180,180,0,True
1733788247,21368343,6146940359989171152523473369,-51131,27,180,180,0,True
1733788259,21368344,6146940359989171152523473369,-51131,27,180,180,0,True
1733788271,21368345,6146940359989171152523473369,-51131,27,180,180,0,True
1733788283,21368346,6146940359989171152523473369,-51131,27,180,180,0,True
1733788295,21368347,6146940359989171152523473369,-51131,27,180,180,0,True
1733788307,21368348,6146940359989171152523473369,-51131,27,180,180,0,True
1733788319,21368349,6146940359989171152523473369,-51131,27,180,180,0,True
1733788331,21368350,6146940359989171152523473369,-51131,27,180,180,0,True
1733788343,21368351,6146940359989171152523473369,-51131,27,180,180,0,True
1733788355,21368352,6146940359989171152523473369,-51131,27,180,180,0,True
1733788367,21368353,6146940359989171152523473369,-51131,27,180,180,0,True
1733788379,21368354,6147169891582720671337663147,-51130,28,180,180,0,True
1733788391,21368355,6147169891582720671337663147,-51130,28,180,180,0,True
1733788403,21368356,6147169891582720671337663147,-51130,28,180,180,0,True
1733788415,21368357,6147169891582720671337663147,-51130,28,180,180,0,True
1733788427,21368358,6147169891582720671337663147,-51130,28,180,180,0,True
1733788439,21368359,6147169891582720671337663147,-51130,28,180,180,0,True
1733788451,21368360,6147482631623813232574744745,-51129,29,180,180,0,True
1733788463,21368361,6147482631623813232574744745,-51129,29,180,180,0,True
1733788475,21368362,6147482631623813232574744745,-51129,29,180,180,0,True
1733788487,21368363,6147482631623813232574744745,-51129,29,180,180,0,True
1733788499,21368364,6147482631623813232574744745,-51129,29,180,180,0,True
1733788511,21368365,6147482631623813232574744745,-51129,29,180,180,0,True
1733788523,21368366,6147482631623813232574744745,-51129,29,180,180,0,True
1733788535,21368367,6147482631623813232574744745,-51129,29,180,180,0,True
1733788547,21368368,6147482631623813232574744745,-51129,29,180,180,0,True
1733788559,21368369,6147482631623813232574744745,-51129,29,180,180,0,True
1733788571,21368370,6147482631623813232574744745,-51129,29,180,180,0,True
1733788583,21368371,6147482631623813232574744745,-51129,29,180,180,0,True
1733788595,21368372,6147482631623813232574744745,-51129,29,180,180,0,True
1733788607,21368373,6147482631623813232574744745,-51129,29,180,180,0,True
1733788619,21368374,6147482631623813232574744745,-51129,29,180,180,0,True
1733788631,21368375,6147482631623813232574744745,-51129,29,180,180,0,True
1733788643,21368376,6147482631623813232574744745,-51129,29,180,180,0,True
1733788655,21368377,6147482631623813232574744745,-51129,29,180,180,0,True
1733788667,21368378,6147482631623813232574744745,-51129,29,180,180,0,True
1733788679,21368379,6147482631623813232574744745,-51129,29,180,180,0,True
1733788691,21368380,6147482631623813232574744745,-51129,29,180,180,0,True
1733788703,21368381,6147482631623813232574744745,-51129,29,180,180,0,True
1733788715,21368382,6143844459460478074764656547,-51141,30,180,180,0,True
1733788727,21368383,6143844459460478074764656547,-51141,30,180,180,0,True
1733788739,21368384,6143844459460478074764656547,-51141,30,180,180,0,True
1733788751,21368385,6143844459460478074764656547,-51141,30,180,180,0,True
1733788763,21368386,6143844459460478074764656547,-51141,30,180,180,0,True
1733788775,21368387,6143844459460478074764656547,-51141,30,180,180,0,True
1733788799,21368389,6143844459460478074764656547,-51141,30,180,180,0,True
