relay,slot,block_hash,builder_pubkey,value,gas_used,gas_limit
flashbots,10981433,0x3757402aab3d034bb965175a5e725fac5ea90300360b908f7c95535a6cef6c76,0xb67eaa5efcfa1d17319c344e1e5167811afbfe7922a2cf01c9a361f465597a5dc3a5472bd98843bac88d2541a78eab08,32291435985980904,10692425,30763363
flashbots,10981432,0x2d59481dc6c3a4f02a768a33d51ab603e3232d526d2cdfe870e6b5c8eef7f6e0,0xacb407cfb554255db2fbbb320f79bb7f1cc1e8d2dc43324e8e31baafd0836340d49c43eebc51828f53bf6d364f9ac207,49588382378455749,10812832,30793433
flashbots,10981409,0x2c3e27ca5ce6e5d354312acef6f961103e3e9c96364febdf0c72e65ad5528c89,0xb67eaa5efcfa1d17319c344e1e5167811afbfe7922a2cf01c9a361f465597a5dc3a5472bd98843bac88d2541a78eab08,229032998325571138,21234043,30823856
flashbots,10981398,0x9855ab3628b6102239ec3e0f76d403dd96a77ac1b52c9d96eae4e349fb9939cb,0xb67eaa5efcfa1d17319c344e1e5167811afbfe7922a2cf01c9a361f465597a5dc3a5472bd98843bac88d2541a78eab08,132388329092386829,23950521,30793932
flashbots,10981392,0x08e049ab7750af99a2fbea6d001deadc873addf55f106e2ee53b96927849d54f,0xa00003f73b2dd7971dd3030d6af2ba42bdf9cd02197026fee7572f3b8147137cca109048cece90fdd0f73a5d9b5b5e41,156594572256920586,1093001,30914538
flashbots,10981386,0xc9e355b2186eab1653fb64d5697ba2577a96f685e9e993575693b2ecc9edced8,0xb67eaa5efcfa1d17319c344e1e5167811afbfe7922a2cf01c9a361f465597a5dc3a5472bd98843bac88d2541a78eab08,47872895520164832,14861108,31096290
flashbots,10981371,0x2a7843e58fc7bdd7b99f2078fe7a8471cd078ab13ff87d95fe3b8e43aadd425e,0xb26f96664274e15fb6fcda862302e47de7e0e2a6687f8349327a9846043e42596ec44af676126e2cacbdd181f548e681,27773690317487741,16292095,31005546
flashbots,10981354,0x0133eacf11d3fe25d6f8c7879a674eab9640b40ac0c7c55fa317f4a54235c343,0x946fcf348bbf1044a3eaa3d27f1d01397cfc4d27495a949447c95ea7ec41db9f5c4fe3b867a937623685a0462996df09,130599649274424174,17766123,31157557
flashbots,10981352,0x1a87314626e563ab951e2a48d3a3ed87135fe73e9c8faa78c5ff534e9f2d1772,0xb26f96664274e15fb6fcda862302e47de7e0e2a6687f8349327a9846043e42596ec44af676126e2cacbdd181f548e681,43490627745738323,19185955,31157587
flashbots,10981339,0x9e4018a12bdbbf34970ebd902311af262d3fcfe8c5f3097edffcdcdd407a3649,0xb26f96664274e15fb6fcda862302e47de7e0e2a6687f8349327a9846043e42596ec44af676126e2cacbdd181f548e681,51038659882628734,15852213,31006022
flashbots,10981329,0xd20f9d3002cb62f941df6e1f97d512e05eb26ad46b5ac17d14884fac554af2ae,0xb67eaa5efcfa1d17319c344e1e5167811afbfe7922a2cf01c9a361f465597a5dc3a5472bd98843bac88d2541a78eab08,66065827973948870,28289795,30825034
flashbots,10981312,0x210864de87f3eeb39a278d80ecb8b1605bd68a4d687e47045cab67448129dae8,0xa21a2f4807a2bcb6b07c10cea241322e0910c30869c1e4eda686b0d69bdcb74d2a140ef994afcf0bb38e0b960df4d2ee,216215381042154086,17584696,30855399
flashbots,10981302,0x519d7c38a2f109e5b0be7775fb0beddc97a906a47323ecdfd098337d69d1d644,0xb193dcaf1d485ba78094cb6b4126bff77e08c1244dff814447d3a31d9030b2584b369244ea67f13d48a02fa907b05f3a,70085203887361784,7045722,30855548
flashbots,10981287,0xe704131e4c340e0ab813d2b4ff570193871a5459c56d2e58829fe38fd0e40745,0xa21a2f4807a2bcb6b07c10cea241322e0910c30869c1e4eda686b0d69bdcb74d2a140ef994afcf0bb38e0b960df4d2ee,22754804849696620,8375072,30765507
flashbots,10981283,0x3a837ad001d92ac002272ce2f39b6b5c5e1feb9c0114320ee4befd902bf33c89,0xb26f96664274e15fb6fcda862302e47de7e0e2a6687f8349327a9846043e42596ec44af676126e2cacbdd181f548e681,66586252794705293,11754876,30765566
flashbots,10981248,0xc62d50e3679d591aca8f04a1c95a5fcdb7752203631d8bef9562070b46f439e2,0xb67eaa5efcfa1d17319c344e1e5167811afbfe7922a2cf01c9a361f465597a5dc3a5472bd98843bac88d2541a78eab08,143799238382235897,13296025,30736049
flashbots,10981219,0x1aade035ca1f2cfe1525b6d284937f4cbfafb8a4791718a0d097acda75a7feae,0x840c9dafb68f5cd460b5d5677b85114e89187e7c890f11a8c5fc4a3e4f4aa74136ef0fcd62cf7de9741afcf7d4d3360d,39680247796274478,16178832,30886914
flashbots,10981212,0x2039ce9cbc5160d12e6e73debf1c0bdf90204237ffb7986733910be3c01ebb50,0x840c9dafb68f5cd460b5d5677b85114e89187e7c890f11a8c5fc4a3e4f4aa74136ef0fcd62cf7de9741afcf7d4d3360d,140581582412901915,9980537,30917193
flashbots,10981207,0xae08e9fa88dbb8abe0cb79d8f78e52dac5dd5689959aae46dbb233e3ac2fd8f2,0xb67eaa5efcfa1d17319c344e1e5167811afbfe7922a2cf01c9a361f465597a5dc3a5472bd98843bac88d2541a78eab08,200415327780560448,14360046,30766679
flashbots,10981198,0x6b8292e4114f7adb0bb0f35440348c3d811cd1502b925ecd7221a1601d6306da,0xb26f96664274e15fb6fcda862302e47de7e0e2a6687f8349327a9846043e42596ec44af676126e2cacbdd181f548e681,52701074915554578,10757159,30676810
flashbots,10981174,0xe2277b09d802a96e6d86bd1a194c81c476fdc281624ee33c034f85b192559cec,0xa21a2f4807a2bcb6b07c10cea241322e0910c30869c1e4eda686b0d69bdcb74d2a140ef994afcf0bb38e0b960df4d2ee,98818760903495653,18685546,30677160
flashbots,10981173,0xccffd28958367155cae28d6e210e70454c6e28526462968eb8c71d69844e5fd9,0x840c9dafb68f5cd460b5d5677b85114e89187e7c890f11a8c5fc4a3e4f4aa74136ef0fcd62cf7de9741afcf7d4d3360d,239482643658985478,13651272,30647233
flashbots,10981145,0x8e8d4ca6247366e7d69ca02ca15b90a57286603295871f77a589303073db0e7a,0x840c9dafb68f5cd460b5d5677b85114e89187e7c890f11a8c5fc4a3e4f4aa74136ef0fcd62cf7de9741afcf7d4d3360d,819415457130801451,18569628,30468600
flashbots,10981127,0xf0d205741d502b63adfaf71deff9311c1ad05eec712d80130f1d1da49330face,0xb67eaa5efcfa1d17319c344e1e5167811afbfe7922a2cf01c9a361f465597a5dc3a5472bd98843bac88d2541a78eab08,191407140127122099,21592283,30350081
flashbots,10981095,0xefc5c55e7a8682a8c257d201263386c85f82590c005278aa80a68280beffe9d2,0xb67eaa5efcfa1d17319c344e1e5167811afbfe7922a2cf01c9a361f465597a5dc3a5472bd98843bac88d2541a78eab08,63898375566539490,16918550,30648371
flashbots,10981074,0x5357f50d8112a048a3c4776ee74957b27f8f98003dc0add8011f47c27ca79801,0xb67eaa5efcfa1d17319c344e1e5167811afbfe7922a2cf01c9a361f465597a5dc3a5472bd98843bac88d2541a78eab08,51573624244442324,15747687,30798689
flashbots,10981065,0x1d0e1d4435eef7ad0dec4f09f2ae3454febdac474494b324d40a7ab3fec9ccb7,0xacb407cfb554255db2fbbb320f79bb7f1cc1e8d2dc43324e8e31baafd0836340d49c43eebc51828f53bf6d364f9ac207,25415554058833998,10265996,30828911
flashbots,10981059,0x0bd105d19c1cb433e7367c450765858edffc26ab1e8b1f9308078f42efa50bd3,0xa9bd259c09a526915575d096fd659d1e207caa94c7f92d584d256a5090dd5d81369e8fe67b8cc89b87199084aa42e20a,59446778241131422,5500224,30768847
flashbots,10981052,0x7adb5176d3a29c853b8270d25e18be0efe7652666dcbf9089a9fa7980932dbaf,0xb26f96664274e15fb6fcda862302e47de7e0e2a6687f8349327a9846043e42596ec44af676126e2cacbdd181f548e681,118392381231361918,7876072,30799011
flashbots,10981051,0x00799e8c42da7fc6a6b22231df2403e645059fada8bd7d852d484a1938acf88f,0xb26f96664274e15fb6fcda862302e47de7e0e2a6687f8349327a9846043e42596ec44af676126e2cacbdd181f548e681,242791338510915707,17089004,30768965
flashbots,10981049,0x2748440b5cd284c093d61515c2d3e1256c06f16297ac2a556f4de18d90feb756,0xb26f96664274e15fb6fcda862302e47de7e0e2a6687f8349327a9846043e42596ec44af676126e2cacbdd181f548e681,73488505442337737,23441764,30768995
flashbots,10981047,0x19280423b8a9b543217038de82c865c83b5fead9a20d3314c83e277ce72eab48,0xb26f96664274e15fb6fcda862302e47de7e0e2a6687f8349327a9846043e42596ec44af676126e2cacbdd181f548e681,234481610646284061,11307386,30708990
flashbots,10981039,0x29d6ba2baaea3734a4d7f24008e4de42278d403f00de67ff8aaff958b6cf369e,0xacb407cfb554255db2fbbb320f79bb7f1cc1e8d2dc43324e8e31baafd0836340d49c43eebc51828f53bf6d364f9ac207,85642505116333812,12354755,30709109
flashbots,10981038,0x0172cb9b9ee765b86c91fe13c8f873daecb6892106b2f0aed07813b595c3c80c,0x840c9dafb68f5cd460b5d5677b85114e89187e7c890f11a8c5fc4a3e4f4aa74136ef0fcd62cf7de9741afcf7d4d3360d,252306348180263686,9671651,30739126
flashbots,10980999,0x7e544ee53e913878396b472d59356c8315b4fe2303127cfba58923c967d9c6d6,0xb67eaa5efcfa1d17319c344e1e5167811afbfe7922a2cf01c9a361f465597a5dc3a5472bd98843bac88d2541a78eab08,237314396151443062,15168311,30679707
flashbots,10980986,0x3db7fd204fcf79ac5fc6ecb626008f0d5f558e7ef08d387a6d4c88e7dedf7522,0xb26f96664274e15fb6fcda862302e47de7e0e2a6687f8349327a9846043e42596ec44af676126e2cacbdd181f548e681,585421772538481474,10131217,30709871
flashbots,10980985,0x81ee4fb678b38edc4fee371a14f75d94883de770be163c9fae2f0c42a1fd9392,0xb67eaa5efcfa1d17319c344e1e5167811afbfe7922a2cf01c9a361f465597a5dc3a5472bd98843bac88d2541a78eab08,98269503131601721,12789416,30739889
flashbots,10980969,0xd7192fd26716f4a870e8dc4df3f875ba6a35e917b7d96acdb5f8523b789bdcf7,0xacb407cfb554255db2fbbb320f79bb7f1cc1e8d2dc43324e8e31baafd0836340d49c43eebc51828f53bf6d364f9ac207,32816846892872889,8822131,30770140
flashbots,10980961,0xa907eae980b0caca9f2443e9ee439f9ef819a68ac1760f353ed6ecf44febe5c4,0xb3a6dc1f159cd010d6d4999822337524576d9ef9d14f34dc7337a735f2d80cd4d64414da809661967df09f39320bc2df,94294507709265332,5889505,30710221
flashbots,10980925,0xd6d31d21126f5898aa3e2f5021f47a990f64090df0d9cf49daaf1c18c57b5898,0xa2d994ea26d7c3b94b444fc2f2a6070d5cc8164e51d1a5c65db8ad6381ba5fc5e0eb3aa088b46e8da96b5167f9b97569,154693902121887228,9076503,30412313
flashbots,10980903,0xd53cabebb2c7050f21697a2c8464d1ba7abfc0f85a18b51c7005ee1acaa58de0,0xb67eaa5efcfa1d17319c344e1e5167811afbfe7922a2cf01c9a361f465597a5dc3a5472bd98843bac88d2541a78eab08,41346475973957925,11746328,30353294
flashbots,10980888,0x2b135556e986bc0fb57065a851e1fc6f2063464054a3ba3bebf195221d109fe3,0xb67eaa5efcfa1d17319c344e1e5167811afbfe7922a2cf01c9a361f465597a5dc3a5472bd98843bac88d2541a78eab08,173271540104787943,15155304,30087914
flashbots,10980885,0xaca1b6cd10ab7b9dca52ea7235a050fa3c58c22d5f659b7b38b369a4fb4a2b69,0x840c9dafb68f5cd460b5d5677b85114e89187e7c890f11a8c5fc4a3e4f4aa74136ef0fcd62cf7de9741afcf7d4d3360d,576018199704938213,17434230,30058590
flashbots,10980872,0x9b3c651ae620681fe403ddd61488047a6ff38a4e1353cfb9e9a23bc31106b4cb,0x840c9dafb68f5cd460b5d5677b85114e89187e7c890f11a8c5fc4a3e4f4aa74136ef0fcd62cf7de9741afcf7d4d3360d,400104907699669394,2826421,30029036
flashbots,10980869,0x6ffc84f2e196edf57993ac4942b8545ed133b914be4db6376d09f68dd6eece56,0xa21a2f4807a2bcb6b07c10cea241322e0910c30869c1e4eda686b0d69bdcb74d2a140ef994afcf0bb38e0b960df4d2ee,133643107734731718,16071280,30117179
flashbots,10980821,0x154660aaeff70f63d8cebc3430596e381b4c98410b110c09172df5193a3b0bfc,0xa2d994ea26d7c3b94b444fc2f2a6070d5cc8164e51d1a5c65db8ad6381ba5fc5e0eb3aa088b46e8da96b5167f9b97569,110142986044174584,7178837,30204456
flashbots,10980813,0xeb0906e66f8308ee03255678db9c1086a4440875b64741d4687d6e8f7e3106f6,0xb26f96664274e15fb6fcda862302e47de7e0e2a6687f8349327a9846043e42596ec44af676126e2cacbdd181f548e681,477547687585064862,27847223,30263620
flashbots,10980802,0x8bc0889b098dd78cb75c200a99178874d2bb6f00ede6207fc0a212a315bb49ad,0x840c9dafb68f5cd460b5d5677b85114e89187e7c890f11a8c5fc4a3e4f4aa74136ef0fcd62cf7de9741afcf7d4d3360d,113673652539570477,12866320,30175251
flashbots,10980790,0x0c2074f7e429f2cbf9db4cc19ff5a8b5d8b9ddd172c6a591ddd2c6a54e0826bd,0x840c9dafb68f5cd460b5d5677b85114e89187e7c890f11a8c5fc4a3e4f4aa74136ef0fcd62cf7de9741afcf7d4d3360d,2624228310176808673,14911778,30116548
flashbots,10980783,0xa5051286468ddb02c54cf465f6eae740cc2a96d3342d41cd9ee5de1c53370241,0x840c9dafb68f5cd460b5d5677b85114e89187e7c890f11a8c5fc4a3e4f4aa74136ef0fcd62cf7de9741afcf7d4d3360d,45193235794279868,7623300,30087252
flashbots,10980781,0xbdd6eee74700355c3d1fa2032e6f964d137f416d330a9aef56a5e45262c55fff,0x946fcf348bbf1044a3eaa3d27f1d01397cfc4d27495a949447c95ea7ec41db9f5c4fe3b867a937623685a0462996df09,125199573094416168,13546124,30087280
flashbots,10980780,0x1f562b3412c4587cb070cd4eab5a2e1c5240f3ff35cf1145429fe699895c4c6d,0xa00002326e62d66f690e457595023fa44699e4237fc4cc36eed5e4937f19398fc1452be33d2b2f553693e9eda2d26618,819750789506540928,12741931,30116689
flashbots,10980776,0xdf594c4929765359ec774bd0975f121848fd9346f6c1531f224e8fdf5d80ceee,0x840c9dafb68f5cd460b5d5677b85114e89187e7c890f11a8c5fc4a3e4f4aa74136ef0fcd62cf7de9741afcf7d4d3360d,3837971634816338608,16999096,30175623
flashbots,10980775,0x75b4b29f6e9e764933caba67184887ed786bd64b6571eef5b1d1e80371dc8820,0xa9bd259c09a526915575d096fd659d1e207caa94c7f92d584d256a5090dd5d81369e8fe67b8cc89b87199084aa42e20a,181115796682510373,5149362,30146185
flashbots,10980746,0xcf71a3b8a9879c667c9858a60eea7230bf71ea867438748863122591b2a770df,0x840c9dafb68f5cd460b5d5677b85114e89187e7c890f11a8c5fc4a3e4f4aa74136ef0fcd62cf7de9741afcf7d4d3360d,76423775457811976,6625112,30176058
flashbots,10980732,0x6f48c777240b5f8e4596adcf088699dc35e01fe52f875b672a6a9bbfbbf2f622,0xb67eaa5efcfa1d17319c344e1e5167811afbfe7922a2cf01c9a361f465597a5dc3a5472bd98843bac88d2541a78eab08,149195796786412704,16033813,30058619
flashbots,10980727,0x9ff8902d33c722601e95efb2f43590099a7341e187c283401a611a75e636341e,0xacb407cfb554255db2fbbb320f79bb7f1cc1e8d2dc43324e8e31baafd0836340d49c43eebc51828f53bf6d364f9ac207,24922180730064376,10325305,30029180
flashbots,10980726,0x63685043c4f47c792b701323e763ab2d617cc027222d0dae5c484c78756699ae,0x840c9dafb68f5cd460b5d5677b85114e89187e7c890f11a8c5fc4a3e4f4aa74136ef0fcd62cf7de9741afcf7d4d3360d,23429987251887006,11360993,30058533
flashbots,10980720,0xde73b6c5599df1293185cc372aa5bc55766bc11c61d89592c6948418b4853d9a,0xb26f96664274e15fb6fcda862302e47de7e0e2a6687f8349327a9846043e42596ec44af676126e2cacbdd181f548e681,99352165808114114,15358389,30058619
flashbots,10980716,0xdac6131018498e7cf40c0960a8cf7c551599d9742f74d6d5139631e94d37f0a7,0xa21a2f4807a2bcb6b07c10cea241322e0910c30869c1e4eda686b0d69bdcb74d2a140ef994afcf0bb38e0b960df4d2ee,49261277303389554,10542321,30000000
flashbots,10980712,0xcce86be49b212335ca28326f5d17fd2d843c79e94428afc105b13106c1b464cc,0x840c9dafb68f5cd460b5d5677b85114e89187e7c890f11a8c5fc4a3e4f4aa74136ef0fcd62cf7de9741afcf7d4d3360d,79265919214841063,16345348,30000000
flashbots,10980711,0x56a66142e8d2f9269c4ed7fefe3ce42a1b168b6e0915301b5ccd030f11eac58c,0xa00001792da52b2ad6606033396337f86e7598c8e0927d640bb649e0a9fe230df41f8ffd3403a5cd4fffd5131e2fbe47,47775298611091311,16750431,30029295
flashbots,10980707,0xf659e267d9250d084184eb543728b5e17abd496446ca95f06bc67fbd045ea5ee,0xa21a2f4807a2bcb6b07c10cea241322e0910c30869c1e4eda686b0d69bdcb74d2a140ef994afcf0bb38e0b960df4d2ee,261192101575417432,24459002,30029295
flashbots,10980697,0x60fc9664a8bf52b29c4214d912787a31ddb6e6e645ceaf4a0aeeedfb573bcc13,0xa2d994ea26d7c3b94b444fc2f2a6070d5cc8164e51d1a5c65db8ad6381ba5fc5e0eb3aa088b46e8da96b5167f9b97569,18289898526420266,7040161,30113858
flashbots,10980696,0x723c70854534466264bcb1aeab15f05985cc69c5e02b954661844dfc6874db89,0xa21a2f4807a2bcb6b07c10cea241322e0910c30869c1e4eda686b0d69bdcb74d2a140ef994afcf0bb38e0b960df4d2ee,67847118846324479,21145052,30143293
flashbots,10980691,0xbff139a6f69ff1403174d25b1c2820b087793cb86d88dd21de2bdffd86347d9b,0xaaf294c49fe14a402c7ffba447ec001032a8e9ff4cb4723c2f62aa0e76a707c7acb0abf545116c8221db50fed0d0d25c,1256106390713914749,8580194,30231801
flashbots,10980689,0x03cbe749bccc8306d2168bcd6314a26325434d36853e3ce63f4ee00c2497c749,0xa21a2f4807a2bcb6b07c10cea241322e0910c30869c1e4eda686b0d69bdcb74d2a140ef994afcf0bb38e0b960df4d2ee,186937183451748149,22062555,30231830
flashbots,10980685,0x213895d3e5cd5fbff84ca433048115cf5fe52edf7d1abf489db3ffa3bc577050,0x946fcf348bbf1044a3eaa3d27f1d01397cfc4d27495a949447c95ea7ec41db9f5c4fe3b867a937623685a0462996df09,49234605613884740,15230242,30290990
flashbots,10980684,0x982aaba154300605eab8696e8e2dd3675acb3c84796a4f94c44ff020eb45c678,0xa21a2f4807a2bcb6b07c10cea241322e0910c30869c1e4eda686b0d69bdcb74d2a140ef994afcf0bb38e0b960df4d2ee,56395966887868423,9694606,30261439
flashbots,10980675,0xe7d592134ee59e757df8d48ba54685c0b600e72a48e2cb595322f9960ea4b301,0xacb407cfb554255db2fbbb320f79bb7f1cc1e8d2dc43324e8e31baafd0836340d49c43eebc51828f53bf6d364f9ac207,8006411081016521115,24072113,30409683
flashbots,10980674,0xfa05124db96045b1ee39b3eca95ad786ef19e5d501b64442b640c3a8a966b054,0xb67eaa5efcfa1d17319c344e1e5167811afbfe7922a2cf01c9a361f465597a5dc3a5472bd98843bac88d2541a78eab08,31033582212566968,13857114,30439407
flashbots,10980646,0xfd6d30620277e6cb4819a1c0a2ab53047be9770e6a3e7f895d047b36921b3225,0x83bee51799e65130296f5d60ce7d78119578db6045c3c3631980514abae0be0f9b65fe82eb0c9a79d6d99030112c874c,4759885547022893056,11667513,30618686
flashbots,10980642,0x5499b545a2bef7a81292eea5b154cef5ad5383d77d92f6b2880dd616e5f94631,0xb26f96664274e15fb6fcda862302e47de7e0e2a6687f8349327a9846043e42596ec44af676126e2cacbdd181f548e681,71471718777134759,20505859,30559004
flashbots,10980628,0xdf07a167ac6e1ac7b4392b6cff2dca618b5e0735e281ae69539eeafd8be81183,0xb26f96664274e15fb6fcda862302e47de7e0e2a6687f8349327a9846043e42596ec44af676126e2cacbdd181f548e681,69712909645891700,8435771,30618949
flashbots,10980627,0xd5165726a5717ef1c93b1bc4d88b681223e74b2f89c9b526d2d76bcb82cadbc2,0xb67eaa5efcfa1d17319c344e1e5167811afbfe7922a2cf01c9a361f465597a5dc3a5472bd98843bac88d2541a78eab08,265253127986273840,13022865,30648878
flashbots,10980611,0x193498f38975436592f0c4fd14cc1547c9c6e1f96ddc74365d6feef1938145bc,0xa21a2f4807a2bcb6b07c10cea241322e0910c30869c1e4eda686b0d69bdcb74d2a140ef994afcf0bb38e0b960df4d2ee,366419432627296339,13637882,30709030
flashbots,10980609,0x01eb152364cfc8363be36f75722a7052308f7b90573691182be1680ab0d9fab1,0x840c9dafb68f5cd460b5d5677b85114e89187e7c890f11a8c5fc4a3e4f4aa74136ef0fcd62cf7de9741afcf7d4d3360d,238333503549989160,13994934,30769093
flashbots,10980585,0x16c5399c527dbc0d17f0fbb40757f77c077cde32be2d0fe9031a97a089ba423b,0xb67eaa5efcfa1d17319c344e1e5167811afbfe7922a2cf01c9a361f465597a5dc3a5472bd98843bac88d2541a78eab08,30610190391251896,14288324,30470438
flashbots,10980581,0xd7fb9f78431cc614dc56a338b112523dc168e7a9bb7d2cd439d18fa5ac0c20e1,0xb26f96664274e15fb6fcda862302e47de7e0e2a6687f8349327a9846043e42596ec44af676126e2cacbdd181f548e681,31590335238758445,12375372,30470496
flashbots,10980560,0xfb6994b825616d6b3b9a078e12f0119415a019902242227f58b5a19e93ab73a5,0xa32aadb23e45595fe4981114a8230128443fd5407d557dc0c158ab93bc2b88939b5a87a84b6863b0d04a4b5a2447f847,18621833834263735,11928348,30441060
flashbots,10980526,0x16d8b47750a81f68a6e2e43a2fc8ce228a3675b511ada0ac74c8195f7f751b0c,0x840c9dafb68f5cd460b5d5677b85114e89187e7c890f11a8c5fc4a3e4f4aa74136ef0fcd62cf7de9741afcf7d4d3360d,73514267552274475,13542295,30382154
flashbots,10980525,0xe605ecc6a837b6583e6e76bbe7b6957c09c9129cbaa97f2afd4dcee36006f7bb,0xa2d994ea26d7c3b94b444fc2f2a6070d5cc8164e51d1a5c65db8ad6381ba5fc5e0eb3aa088b46e8da96b5167f9b97569,18241250408120905,6555630,30411852
flashbots,10980500,0x900b76f5adf2bd8b5a7b93a39b5afff0b4fea3b3b0b0f63d75fdaab896d4144f,0xb67eaa5efcfa1d17319c344e1e5167811afbfe7922a2cf01c9a361f465597a5dc3a5472bd98843bac88d2541a78eab08,26202817134319729,11354740,30264086
flashbots,10980499,0x71014142643c073d346675d7df8d85e4b590626b1c1dac8bacce5723175d4e9c,0xb26f96664274e15fb6fcda862302e47de7e0e2a6687f8349327a9846043e42596ec44af676126e2cacbdd181f548e681,43016919692079756,16239589,30293668
flashbots,10980484,0xf0a1d623b23e52d180611b07ac8752f5adc2dea5981f895037179cdb41aa2c23,0xa21a2f4807a2bcb6b07c10cea241322e0910c30869c1e4eda686b0d69bdcb74d2a140ef994afcf0bb38e0b960df4d2ee,22012909812367535,16484158,30146332
flashbots,10980481,0x6252eaacc77c6a9e7f4e1d5117131f957b6342f9684b6949d4d9a834f0d4181c,0xa21a2f4807a2bcb6b07c10cea241322e0910c30869c1e4eda686b0d69bdcb74d2a140ef994afcf0bb38e0b960df4d2ee,21922669751449997,9658905,30175828
flashbots,10980479,0x62f8162c1b14a2152183060738ba45b03ad486e67553c337d5d9e17a68285294,0xb67eaa5efcfa1d17319c344e1e5167811afbfe7922a2cf01c9a361f465597a5dc3a5472bd98843bac88d2541a78eab08,18782231205264077,13721677,30116980
flashbots,10980469,0x08455370b59a1c6fdc102987933d445477741095d827c65f2adfe9d718829ca1,0xb67eaa5efcfa1d17319c344e1e5167811afbfe7922a2cf01c9a361f465597a5dc3a5472bd98843bac88d2541a78eab08,19070377546181107,13758845,30058360
flashbots,10980466,0xf849a1611d993823055c71b37328f4501ddae0e750f55f775daf0e94fcdd4a18,0xb67eaa5efcfa1d17319c344e1e5167811afbfe7922a2cf01c9a361f465597a5dc3a5472bd98843bac88d2541a78eab08,27487234576224973,18771056,30146590
flashbots,10980448,0x63c21946e77bde27ea29fd4a6766f44b5081651e373b9bf828708b56590279ef,0xa21a2f4807a2bcb6b07c10cea241322e0910c30869c1e4eda686b0d69bdcb74d2a140ef994afcf0bb38e0b960df4d2ee,96494768003701032,18351415,30000000
flashbots,10980437,0x4887f023e0d92498a4a31dc965e782809341980cb2513bb906e1a61a8fdb58b5,0x840c9dafb68f5cd460b5d5677b85114e89187e7c890f11a8c5fc4a3e4f4aa74136ef0fcd62cf7de9741afcf7d4d3360d,260224911451192476,12296365,30000000
flashbots,10980433,0x23f1ba39cfe1cbe1f3c54a4c1379db4260805e6d54caab91831ed1b4ad38b314,0x93582c97ac58670ba118aae52cf6355d8c680a2a538bf77c90873e3fe7ddc0a6dd231e2e2ea06bdc07e9b160883512a3,18535061969976721,10176741,30000000
flashbots,10980428,0x9f9b0a084958a0d415ff12eccb72d7b7ad9f88e9024c3ee45a52cf4aa561ecd1,0xa21a2f4807a2bcb6b07c10cea241322e0910c30869c1e4eda686b0d69bdcb74d2a140ef994afcf0bb38e0b960df4d2ee,30703989639192665,10916156,30028837
flashbots,10980416,0x0e1478318bc2ec8c636de909c479e05c33c9b3d02d728df79b3bacba265cc0ab,0xa21a2f4807a2bcb6b07c10cea241322e0910c30869c1e4eda686b0d69bdcb74d2a140ef994afcf0bb38e0b960df4d2ee,19690758548921824,11587814,30029009
flashbots,10980409,0x8518fc6ebf36ddaa4fa45455651dc6cfa9e6f2135b4f9a59b2e2ab19bccc1473,0xa21a2f4807a2bcb6b07c10cea241322e0910c30869c1e4eda686b0d69bdcb74d2a140ef994afcf0bb38e0b960df4d2ee,41467324727310401,13238252,30117210
flashbots,10980395,0x73d23f59ea8abbcad1489b358f534e9eb8873a04503f3b3e296e4995ebea7e47,0xb67eaa5efcfa1d17319c344e1e5167811afbfe7922a2cf01c9a361f465597a5dc3a5472bd98843bac88d2541a78eab08,55440592549640315,14102588,30000000
flashbots,10980384,0x4a3a3b6c3d6e3e58539fc081e59c8f5f5ae5db1c774d9af121b6bcecae678f3f,0xb26f96664274e15fb6fcda862302e47de7e0e2a6687f8349327a9846043e42596ec44af676126e2cacbdd181f548e681,77892146155872395,17594442,30087769
flashbots,10980372,0xc5516079128318bf5245052dadd785ec51f5fe6bb16d97b10fcae3ac02ed0fc7,0xa21a2f4807a2bcb6b07c10cea241322e0910c30869c1e4eda686b0d69bdcb74d2a140ef994afcf0bb38e0b960df4d2ee,38618705280834341,21451081,30146763
flashbots,10980366,0x984e7c7e90fcc9cf14daac326b9601c6aa26f7b5a562b4d5de5841a68abcc13b,0x840c9dafb68f5cd460b5d5677b85114e89187e7c890f11a8c5fc4a3e4f4aa74136ef0fcd62cf7de9741afcf7d4d3360d,82837760267991222,10369782,30029295
flashbots,10980335,0x3bac4d5171b6bd495e2346cc81a3b3fe8a18fa739035bc07e3442d08ac7f6941,0x840c9dafb68f5cd460b5d5677b85114e89187e7c890f11a8c5fc4a3e4f4aa74136ef0fcd62cf7de9741afcf7d4d3360d,37353374393266526,11981372,30000000
flashbots,10980334,0x6863ebb88ce1526f0c4c093a8bd79b4c272e21166c8f189f6ad2891dffbf64d5,0x840c9dafb68f5cd460b5d5677b85114e89187e7c890f11a8c5fc4a3e4f4aa74136ef0fcd62cf7de9741afcf7d4d3360d,30047004290834952,11085674,30000000
flashbots,10980329,0x2e8ba11df4eb25b97e0e252d3df1868bb10d49d0f5bf1c62434db2affef9c2e7,0xb4a435cf816291596fe2e405651ec8b6c80b9cc34dace3c83202ca489a833756c9a0672ebdc17f23d9d43163db1caa5d,28697602065742049,17229216,30096781
flashbots,10980320,0x19b6fe03cf8779fb43eec266580694afa66e076f47d0aa4598a6cfe5ac168d63,0x93582c97ac58670ba118aae52cf6355d8c680a2a538bf77c90873e3fe7ddc0a6dd231e2e2ea06bdc07e9b160883512a3,26279914551019090,10778620,30126314
flashbots,10980314,0x6b5b37246b40ef465f79e27e165cd33d2caac6f730010b637806ebc700efae1a,0xa21a2f4807a2bcb6b07c10cea241322e0910c30869c1e4eda686b0d69bdcb74d2a140ef994afcf0bb38e0b960df4d2ee,67170582353364185,18928437,30185295
flashbots,10980304,0x8501a880f1c2a65ff9e6f26d6958af2cf20d757ee6faf4fdbee6f19a599cf3a1,0xb67eaa5efcfa1d17319c344e1e5167811afbfe7922a2cf01c9a361f465597a5dc3a5472bd98843bac88d2541a78eab08,91590679623780015,30471203,30481650
flashbots,10980302,0xcfaba9c41c0fa806bc22bd7ef13ad226bf89a5c9a83e09c0c6d2c85dac231425,0x850a00ffd1319a04114cff3793f8403ccbf026e0cf67ddca2f9fbb1a03e056a916becc686cdfe7714b111e35c92a74cf,25308840014511459,10102856,30541269
flashbots,10980293,0x3f80e159ec47b74bb378b4921bbba833e2287ccdffb9b41d13d76f77526b8dd4,0x850a00ffd1319a04114cff3793f8403ccbf026e0cf67ddca2f9fbb1a03e056a916becc686cdfe7714b111e35c92a74cf,23846893738576507,8960650,30392642
flashbots,10980288,0xf71b283e14486147bda2a67b8aaf73d6f9760702b31ba58c4083403c2b45a659,0xb26f96664274e15fb6fcda862302e47de7e0e2a6687f8349327a9846043e42596ec44af676126e2cacbdd181f548e681,33140075876153025,18019099,30333400
flashbots,10980285,0x0ea24da5a3c07b99631235cfe98b106c1c04637b65082a9c7bfb290f43a5ed6a,0xb26f96664274e15fb6fcda862302e47de7e0e2a6687f8349327a9846043e42596ec44af676126e2cacbdd181f548e681,55214724843069717,20095214,30363079
flashbots,10980278,0x1bf89fd97752a6380ac3ca4eb4ad1b4263e5c82a89d0a60567df74b0e1a92f2d,0xb26f96664274e15fb6fcda862302e47de7e0e2a6687f8349327a9846043e42596ec44af676126e2cacbdd181f548e681,36548009017972319,10254834,30274361
flashbots,10980265,0xeff77195f4e598691af7a10f7c6880f43e90e42524f2f047893fd80b4e335dad,0x840c9dafb68f5cd460b5d5677b85114e89187e7c890f11a8c5fc4a3e4f4aa74136ef0fcd62cf7de9741afcf7d4d3360d,24966084250297237,14035671,30363369
flashbots,10980258,0x955e21fcff05053b592f3e026b64ed700c10d3ec72e8d6732fd0a7bbcd5b7d5b,0x840c9dafb68f5cd460b5d5677b85114e89187e7c890f11a8c5fc4a3e4f4aa74136ef0fcd62cf7de9741afcf7d4d3360d,21096971657043864,10981592,30571733
flashbots,10980252,0x126c44e434ca398dda8ca57d864b7a12b5fd913cdcca2f5d600d26b844c2ae58,0xb67eaa5efcfa1d17319c344e1e5167811afbfe7922a2cf01c9a361f465597a5dc3a5472bd98843bac88d2541a78eab08,36780506178249868,13125323,30571820
flashbots,10980243,0x9e89adc6f294e7c78c4cff4033b5dede43339f30d42273a43d33ce7394e40f09,0x93582c97ac58670ba118aae52cf6355d8c680a2a538bf77c90873e3fe7ddc0a6dd231e2e2ea06bdc07e9b160883512a3,29726018496029221,14066264,30601819
flashbots,10980233,0x52c4015cd60f0caa263b1385d64d2ad130d00ce6a91864299a5e5dab35ad911d,0x840c9dafb68f5cd460b5d5677b85114e89187e7c890f11a8c5fc4a3e4f4aa74136ef0fcd62cf7de9741afcf7d4d3360d,95505573773457926,10883237,30661792
flashbots,10980203,0xc0ba2d9d4d83b0c9f928227a91162d238cd0de43928f50d0899e52109664692e,0xb67eaa5efcfa1d17319c344e1e5167811afbfe7922a2cf01c9a361f465597a5dc3a5472bd98843bac88d2541a78eab08,18083202265991036,13600309,30662235
flashbots,10980197,0xe264a628251a9d499070c92879056d9bc104b1c2f0537b46fe206d73a8ff633f,0xacb407cfb554255db2fbbb320f79bb7f1cc1e8d2dc43324e8e31baafd0836340d49c43eebc51828f53bf6d364f9ac207,107178787760933293,8993460,30602496
flashbots,10980163,0xd5f95288cd3abb62d89e543c09c86acef9c4bd27fe4584f371d5666c1df53629,0xb67eaa5efcfa1d17319c344e1e5167811afbfe7922a2cf01c9a361f465597a5dc3a5472bd98843bac88d2541a78eab08,227645127265435160,17047341,30364849
flashbots,10980142,0x58cf82185f1010aca806c58f5687ffd172bf6342978e3e7eae8968dcee981ec6,0xa21a2f4807a2bcb6b07c10cea241322e0910c30869c1e4eda686b0d69bdcb74d2a140ef994afcf0bb38e0b960df4d2ee,29344997319799770,12793431,30217255
flashbots,10980138,0x5f6e3e414333d20f6e2d62a06b2bd05fb1999be493747ada242f9482c393436e,0xa21a2f4807a2bcb6b07c10cea241322e0910c30869c1e4eda686b0d69bdcb74d2a140ef994afcf0bb38e0b960df4d2ee,75254186620927181,14267276,30276385
flashbots,10980114,0xa89ef467d673626013934091d70b5cbf1cbaacc3afe8664ded40f78f297afeb5,0xb67eaa5efcfa1d17319c344e1e5167811afbfe7922a2cf01c9a361f465597a5dc3a5472bd98843bac88d2541a78eab08,80580177741575518,18034565,30514182
flashbots,10980111,0x6195f5d43f3b5d60790d5c7e920416fa3d17ad9e66824d2a3e14c4217bde939f,0xb193dcaf1d485ba78094cb6b4126bff77e08c1244dff814447d3a31d9030b2584b369244ea67f13d48a02fa907b05f3a,52532743392292802,7982734,30484444
flashbots,10980100,0x69c00354daed706d37d3a5faaba8e9c318e1cec831351e424e5a303dd5f578c1,0xa21a2f4807a2bcb6b07c10cea241322e0910c30869c1e4eda686b0d69bdcb74d2a140ef994afcf0bb38e0b960df4d2ee,45420778762713445,15674405,30454850
flashbots,10980093,0xb63f927107ac8dc9fcadea6cb639f8924155bfb0a23b88be8e5a9fad3b1cac99,0xacb407cfb554255db2fbbb320f79bb7f1cc1e8d2dc43324e8e31baafd0836340d49c43eebc51828f53bf6d364f9ac207,49525493636230127,12727539,30544302
flashbots,10980084,0xae038173d4f66975e2dcedd9505d0e755ce79de388b54e0049ffa0526d91d435,0x946fcf348bbf1044a3eaa3d27f1d01397cfc4d27495a949447c95ea7ec41db9f5c4fe3b867a937623685a0462996df09,81505356637048667,20676295,30634046
flashbots,10980081,0xf7a9c5a85df702a5a938b5ee49034efe5ba5fa01f3aba03aaaf05b8c6f755eaf,0x95c8cc31f8d4e54eddb0603b8f12d59d466f656f374bde2073e321bdd16082d420e3eef4d62467a7ea6b83818381f742,226797768635826921,18066591,30664019
flashbots,10980051,0xf83b8bb41735c0ceed0b37b56725e738806327638dbe4b92f0d1e7e768254056,0xb67eaa5efcfa1d17319c344e1e5167811afbfe7922a2cf01c9a361f465597a5dc3a5472bd98843bac88d2541a78eab08,24153138255476217,13583187,30544915
flashbots,10980049,0x62b304751d18450ba3fc767da78cb747ed5ab631baad4b2e65021de930470e87,0xb67eaa5efcfa1d17319c344e1e5167811afbfe7922a2cf01c9a361f465597a5dc3a5472bd98843bac88d2541a78eab08,35085479452073203,13390505,30544944
flashbots,10980038,0xd21153f88c4721ef399c8065d75a0f6c9eaf5f3cd10efc608a344f5dfdefabc0,0xb67eaa5efcfa1d17319c344e1e5167811afbfe7922a2cf01c9a361f465597a5dc3a5472bd98843bac88d2541a78eab08,113919411644433654,11332991,30574947
flashbots,10980017,0xaabda30e2361a72ff407aa907a9befdf8cfae0540c36aeab892500425add6adc,0x93582c97ac58670ba118aae52cf6355d8c680a2a538bf77c90873e3fe7ddc0a6dd231e2e2ea06bdc07e9b160883512a3,45421909749351481,8843208,30307713
flashbots,10980014,0x8c0a0c59f04a1d28f42d11ba0449f009cb3d61a60408e51ec4fc47febf9c3ce1,0xb26f96664274e15fb6fcda862302e47de7e0e2a6687f8349327a9846043e42596ec44af676126e2cacbdd181f548e681,168442940090663623,16436226,30278175
flashbots,10979999,0xeee9cceb95cf2caf84ee3a8eee6cd19ea73ac0a6a3bdedad37f3b176e3158175,0xa00002326e62d66f690e457595023fa44699e4237fc4cc36eed5e4937f19398fc1452be33d2b2f553693e9eda2d26618,180749529803919100,19304955,30426590
flashbots,10979989,0x6b6c7a3bee248c6885c9d2c1ee076d1c247b3c39f0b55882cc9dda1626f7efe2,0xb26f96664274e15fb6fcda862302e47de7e0e2a6687f8349327a9846043e42596ec44af676126e2cacbdd181f548e681,28712521314014986,14319940,30337715
flashbots,10979978,0xc1f69597a6cdfcaf2cd58ae3bacb0feff3776b90f28657e58d075aedb153845c,0x82ba7cadcdfc1b156ba2c48c1c627428ba917858e62c3a97d8f919510da23d0f11cf5db53cb92a5faf5de7d31bf38632,315302500986840304,7328721,30426880
flashbots,10979974,0x8ae2f43d170564c67447d06a2b5c579247b9c8ac4d3714b6e560daf47c647b97,0xa21a2f4807a2bcb6b07c10cea241322e0910c30869c1e4eda686b0d69bdcb74d2a140ef994afcf0bb38e0b960df4d2ee,298017789395171835,15206805,30367572
flashbots,10979968,0xb42cead8f205d98b343eebdb8616bdad8a34791c2d43e141ecd87cbf4ccd7b42,0xb67eaa5efcfa1d17319c344e1e5167811afbfe7922a2cf01c9a361f465597a5dc3a5472bd98843bac88d2541a78eab08,51274384521089286,25194512,30367659
flashbots,10979957,0x5c2a2dbee20183d77a4659d6a0dce003574a356291e45e48dd8483fd9c11e791,0xa21a2f4807a2bcb6b07c10cea241322e0910c30869c1e4eda686b0d69bdcb74d2a140ef994afcf0bb38e0b960df4d2ee,18917622008155054,16426311,30456911
flashbots,10979951,0x0ff90fcf9f2a752638073133ae7f458dbdae9251f13d2641602f7aeb5043d32d,0x82ba7cadcdfc1b156ba2c48c1c627428ba917858e62c3a97d8f919510da23d0f11cf5db53cb92a5faf5de7d31bf38632,96472741514750068,10044465,30338262
flashbots,10979947,0x822dfc548d9f8d3bd896a7a4617d77193df861f92a468041520e8c0c29903de8,0xb67eaa5efcfa1d17319c344e1e5167811afbfe7922a2cf01c9a361f465597a5dc3a5472bd98843bac88d2541a78eab08,17168348331650445,12992424,30279126
flashbots,10979942,0x28f51fdca697a80d08d533c7054fe1edbd3c45871bd3a335dcf350b42d3151ff,0x946fcf348bbf1044a3eaa3d27f1d01397cfc4d27495a949447c95ea7ec41db9f5c4fe3b867a937623685a0462996df09,22422727804891437,13243397,30308781
flashbots,10979937,0x781a7e6323a0b1c3fba9eccafa54292c7e64688616319ce2899b61461b609acc,0x840c9dafb68f5cd460b5d5677b85114e89187e7c890f11a8c5fc4a3e4f4aa74136ef0fcd62cf7de9741afcf7d4d3360d,56461011856556196,23996966,30397775
flashbots,10979922,0x78e98ec1716cb47439cb730f23d403072b4330cb1375784c6d4a4b8f88c109e2,0xb26f96664274e15fb6fcda862302e47de7e0e2a6687f8349327a9846043e42596ec44af676126e2cacbdd181f548e681,36520503062925925,18267868,30546775
flashbots,10979921,0x7ffe7dbf150e1b0cf795212b27c073868f5a5eff31d2744c899166f5935e278a,0xb26f96664274e15fb6fcda862302e47de7e0e2a6687f8349327a9846043e42596ec44af676126e2cacbdd181f548e681,29603737503902735,12039700,30516975
flashbots,10979910,0xa12d18882e3181a46cbac9ccedb110e23f0faee70a8daf139692117b99178a40,0xa21a2f4807a2bcb6b07c10cea241322e0910c30869c1e4eda686b0d69bdcb74d2a140ef994afcf0bb38e0b960df4d2ee,20935348864759063,8935388,30606669
flashbots,10979904,0xa98081ad5e411a07ea13bac1ecc466646389942ebff6cac5a037bba033949a66,0x93582c97ac58670ba118aae52cf6355d8c680a2a538bf77c90873e3fe7ddc0a6dd231e2e2ea06bdc07e9b160883512a3,37502121080178100,11036954,30786611
flashbots,10979898,0xeae5bd72efd10c29ef7b4376b9966e28debc459d831f2e837df1977b7479a133,0xb26f96664274e15fb6fcda862302e47de7e0e2a6687f8349327a9846043e42596ec44af676126e2cacbdd181f548e681,19440789921656377,11611097,30666679
flashbots,10979886,0x89b72bdbefc38f9c27a6fea904336445d0533502ce8e554da777f3794f9a5e77,0x852a00817dd13ce36535855192e218ccad6d489f90605c501fd4294940550592426552006ebd44f0e661b73d58a9765c,19549050508938829,10380593,30607019
flashbots,10979882,0x43bac59b6a9ee0224c45ad77c6a5282822ecfe9031cf57a5e982266633b20180,0xb67eaa5efcfa1d17319c344e1e5167811afbfe7922a2cf01c9a361f465597a5dc3a5472bd98843bac88d2541a78eab08,39403322406898329,13452065,30607077
flashbots,10979863,0xf12fabc63a9f9eefb8593758d25bcf00d5461146641d8f83dbad0eed6620e9ab,0xa00003f73b2dd7971dd3030d6af2ba42bdf9cd02197026fee7572f3b8147137cca109048cece90fdd0f73a5d9b5b5e41,117332117229178992,1697420,30577481
flashbots,10979833,0x399cc09b516abbd0410c99f11424454400de35ea495082b120db4cbba4ac8db7,0xb67eaa5efcfa1d17319c344e1e5167811afbfe7922a2cf01c9a361f465597a5dc3a5472bd98843bac88d2541a78eab08,17888990486370657,13525495,30757608
flashbots,10979822,0x82f59571054d8c4c3998a0c6bd596754cf9b8ab54a218448c046f5ac4e68a4b6,0xb26f96664274e15fb6fcda862302e47de7e0e2a6687f8349327a9846043e42596ec44af676126e2cacbdd181f548e681,64791245692005445,11987919,30727748
flashbots,10979809,0xa8bf43f2c980cd638cb40113e751da985be85d9a6bb437464fb8b9bce7b8058d,0xa00002326e62d66f690e457595023fa44699e4237fc4cc36eed5e4937f19398fc1452be33d2b2f553693e9eda2d26618,248690182843266476,16643363,30578273
flashbots,10979792,0x2fe9a3c88b23f765cfeeea6064a8a90ee5f671d5f28feeacbf23141d0d2c17e8,0xb67eaa5efcfa1d17319c344e1e5167811afbfe7922a2cf01c9a361f465597a5dc3a5472bd98843bac88d2541a78eab08,20892714912101206,15139485,30548675
flashbots,10979784,0xb1e642ae257c5e0aec91674af90992c26403f391d00c2e40620ce65eb26ef05a,0xb67eaa5efcfa1d17319c344e1e5167811afbfe7922a2cf01c9a361f465597a5dc3a5472bd98843bac88d2541a78eab08,24852290048373910,13787084,30608513
flashbots,10979778,0xb7f05f149140d682cd27d9fd5e518a1573870ecf58cd30b0c856b305f0624f76,0xa00002326e62d66f690e457595023fa44699e4237fc4cc36eed5e4937f19398fc1452be33d2b2f553693e9eda2d26618,13226135634165848,6226337,30668440
flashbots,10979770,0x8316077e71aa31183fffe8372bfeba227b34e3f57a519e6bd848171ea62aab92,0xa21a2f4807a2bcb6b07c10cea241322e0910c30869c1e4eda686b0d69bdcb74d2a140ef994afcf0bb38e0b960df4d2ee,49895226479701302,10240107,30728513
flashbots,10979761,0x3abf59a90959db4f5f9f1ce3477bed8ba3711e5dad109a81e996424fed67ad00,0xa00002326e62d66f690e457595023fa44699e4237fc4cc36eed5e4937f19398fc1452be33d2b2f553693e9eda2d26618,64284728704515806,7648581,30698655
flashbots,10979751,0x4eff083e5bcf86a109d20930742b5c32f65fb53cef2bb48fef638cca6897847b,0x840c9dafb68f5cd460b5d5677b85114e89187e7c890f11a8c5fc4a3e4f4aa74136ef0fcd62cf7de9741afcf7d4d3360d,35089289999450998,13079317,30698801
flashbots,10979749,0x915b29110cf784906942a2d662b1fd32734b0d86b9d842aa079d5784bcb28a68,0xa21a2f4807a2bcb6b07c10cea241322e0910c30869c1e4eda686b0d69bdcb74d2a140ef994afcf0bb38e0b960df4d2ee,52196886530876784,16067344,30638933
flashbots,10979740,0x5c3ae721dbc9150910996e4c10281ce433242f64191dbdaf7388a15b0a636498,0xb26f96664274e15fb6fcda862302e47de7e0e2a6687f8349327a9846043e42596ec44af676126e2cacbdd181f548e681,27788078423023928,11914974,30728955
flashbots,10979738,0xae530e2d4b549e1f6105d262d810bd65dcecbb0454b3447b337cd60ca73de95d,0xa21a2f4807a2bcb6b07c10cea241322e0910c30869c1e4eda686b0d69bdcb74d2a140ef994afcf0bb38e0b960df4d2ee,26672224732204786,8667691,30669028
flashbots,10979716,0x1bfb4d209a1d733ed4876b39001c296bd1c03664e6701edec8b97940d39b7b78,0xb4a435cf816291596fe2e405651ec8b6c80b9cc34dace3c83202ca489a833756c9a0672ebdc17f23d9d43163db1caa5d,70880044652801501,13407949,30549786
flashbots,10979698,0xeceab324250dd7409de619b5342d12c9a2014e0765994faf82215d6507cb9265,0xb26f96664274e15fb6fcda862302e47de7e0e2a6687f8349327a9846043e42596ec44af676126e2cacbdd181f548e681,29878890819742109,12745886,30430952
flashbots,10979689,0x5736e48e47fc7a8b066d1274d7775f6dd2ff6a0d64740586c091fbcbadefe674,0xb67eaa5efcfa1d17319c344e1e5167811afbfe7922a2cf01c9a361f465597a5dc3a5472bd98843bac88d2541a78eab08,23073631398467208,11747190,30342065
flashbots,10979649,0x056fbb2389c451050b493ddb375de689772d9a9aff03da1f42dfca13c49e2e0a,0x93582c97ac58670ba118aae52cf6355d8c680a2a538bf77c90873e3fe7ddc0a6dd231e2e2ea06bdc07e9b160883512a3,39487297445480064,26651400,30431648
flashbots,10979638,0x8ec157fbdc2645148d25bac234e6edbe4043e13b644708afcf70ac795e83573e,0xb26f96664274e15fb6fcda862302e47de7e0e2a6687f8349327a9846043e42596ec44af676126e2cacbdd181f548e681,25785313176700580,13621049,30402105
flashbots,10979636,0x7f8e27a62d24395b4241caa8a46470eed0d250040a26e0c5bfc91847ca20275d,0xb67eaa5efcfa1d17319c344e1e5167811afbfe7922a2cf01c9a361f465597a5dc3a5472bd98843bac88d2541a78eab08,24841481873717009,8967865,30402134
flashbots,10979631,0x4f00fd5d19053238963339ef53eb528cb7a6a6ab7dacb158972725c7cf56e9b5,0x840c9dafb68f5cd460b5d5677b85114e89187e7c890f11a8c5fc4a3e4f4aa74136ef0fcd62cf7de9741afcf7d4d3360d,34423738802248060,8463422,30372533
flashbots,10979629,0x462f9d16c6d71781cdab6bfa8cf0a31f3543d18f834e3d873ff3c44d3ba823f4,0x840c9dafb68f5cd460b5d5677b85114e89187e7c890f11a8c5fc4a3e4f4aa74136ef0fcd62cf7de9741afcf7d4d3360d,61054364551537168,9257231,30313302
flashbots,10979628,0x4cf30364c3a5b61fa99b9217076343812ad1a0e3f9dbf813215743ce9a7ee7d9,0x840c9dafb68f5cd460b5d5677b85114e89187e7c890f11a8c5fc4a3e4f4aa74136ef0fcd62cf7de9741afcf7d4d3360d,33389677201187678,10674540,30283730
flashbots,10979625,0xc74b6eb9a55aee34f8fc7ef7acfdfb256710a4da18da8d0f3e073a794b9dd68d,0xb26f96664274e15fb6fcda862302e47de7e0e2a6687f8349327a9846043e42596ec44af676126e2cacbdd181f548e681,23150264723890040,11046865,30254214
flashbots,10979618,0x9f2fb05c2c8270630b86b5c7b6eb7c488ed524b77728bbb5c016b9262d01cc9a,0x93582c97ac58670ba118aae52cf6355d8c680a2a538bf77c90873e3fe7ddc0a6dd231e2e2ea06bdc07e9b160883512a3,62935141562967257,14445924,30283874
flashbots,10979593,0x4212a6422a17d37d3e19cb03fdc636818d39211a12f16d8f87156470242e11db,0x840c9dafb68f5cd460b5d5677b85114e89187e7c890f11a8c5fc4a3e4f4aa74136ef0fcd62cf7de9741afcf7d4d3360d,23574151289923690,11857364,30373082
flashbots,10979582,0x7cebdecbc5467183581318a8073cd06e737824c16e780550e218100ae0dde8f7,0xb67eaa5efcfa1d17319c344e1e5167811afbfe7922a2cf01c9a361f465597a5dc3a5472bd98843bac88d2541a78eab08,105241548661151559,15515656,30521904
flashbots,10979578,0x79a68dad313b266948b62b2c877fa6125e05814e3efcc4ae6d2ef062d68ca39d,0xb67eaa5efcfa1d17319c344e1e5167811afbfe7922a2cf01c9a361f465597a5dc3a5472bd98843bac88d2541a78eab08,40775268432647697,12647178,30581630
flashbots,10979575,0x4bab3a41e333c2d58b758e405c10dcbad829ad7011ad7e8075f0bfdc57f4b50b,0xa21a2f4807a2bcb6b07c10cea241322e0910c30869c1e4eda686b0d69bdcb74d2a140ef994afcf0bb38e0b960df4d2ee,46710004340312068,9863935,30611553
flashbots,10979566,0x0a536eb224dd50eecb67ddf982725d78ad1f459ac1f6ba0e17a49bca2baaedf5,0xb4a435cf816291596fe2e405651ec8b6c80b9cc34dace3c83202ca489a833756c9a0672ebdc17f23d9d43163db1caa5d,26343973225312258,13192631,30701494
flashbots,10979553,0x8dca4bd07b866444265c75321df9d43f2f187ad1f98ce8b7d2fe219374580113,0xb67eaa5efcfa1d17319c344e1e5167811afbfe7922a2cf01c9a361f465597a5dc3a5472bd98843bac88d2541a78eab08,41638264803136259,16442539,30552147
flashbots,10979550,0x87956f6945ecc4bc002af88099b89bafc339c23b14c9f5ef642e228bd9a771cc,0xb26f96664274e15fb6fcda862302e47de7e0e2a6687f8349327a9846043e42596ec44af676126e2cacbdd181f548e681,74468369684708984,27819520,30522371
flashbots,10979547,0x3d8f7fc2b56a0a639daac8a055fcc54c685f853a91db53c000fd2b94cde39a96,0xb67eaa5efcfa1d17319c344e1e5167811afbfe7922a2cf01c9a361f465597a5dc3a5472bd98843bac88d2541a78eab08,15985208529269100,12427379,30492624
flashbots,10979543,0xbc126f39d8365607fa1f38742df768b5b7bcec3552b269fc2c091bd52fd1653a,0xa21a2f4807a2bcb6b07c10cea241322e0910c30869c1e4eda686b0d69bdcb74d2a140ef994afcf0bb38e0b960df4d2ee,25535926865907902,11013310,30552294
flashbots,10979540,0x058121712f85c9cd416c21974e9374a8166f5037e7885a9ec71d648d4bbbd3a7,0xa00003f73b2dd7971dd3030d6af2ba42bdf9cd02197026fee7572f3b8147137cca109048cece90fdd0f73a5d9b5b5e41,44715316911625032,715709,30582187
flashbots,10979528,0x1f99f2998560975a3b2659334391151e49f82b34df4ce87c256a4fe8db9764bd,0x840c9dafb68f5cd460b5d5677b85114e89187e7c890f11a8c5fc4a3e4f4aa74136ef0fcd62cf7de9741afcf7d4d3360d,18345299758072307,11400486,30463137
flashbots,10979505,0x731668ffbca1d6efc57fd1ef70ad858b35057f2e61cdd7af584308e88bca4891,0xb26f96664274e15fb6fcda862302e47de7e0e2a6687f8349327a9846043e42596ec44af676126e2cacbdd181f548e681,40073359921412300,16469493,30672421
flashbots,10979488,0x6eff6f48443aa5ca35720d8b040a056d71cffd197a2ab691c9dc418b33cbd164,0xa21a2f4807a2bcb6b07c10cea241322e0910c30869c1e4eda686b0d69bdcb74d2a140ef994afcf0bb38e0b960df4d2ee,85296967215044594,21322113,30582943
flashbots,10979481,0xcd5d14e2517408a61858cb71a0b8cfae11c3ee20e088de5c5faa82543c09927f,0xa21a2f4807a2bcb6b07c10cea241322e0910c30869c1e4eda686b0d69bdcb74d2a140ef994afcf0bb38e0b960df4d2ee,31753023946810916,10276451,30642818
flashbots,10979478,0x7a3acff5fd595279b1405a377b5576e92d83a6251a0aba08aed9ffe86e8cd9d5,0x946fcf348bbf1044a3eaa3d27f1d01397cfc4d27495a949447c95ea7ec41db9f5c4fe3b867a937623685a0462996df09,24024162225044800,11890271,30612953
flashbots,10979473,0x27ea027983e7f5ea1b6cd8af4e069e8ab318af55862cdff65e2aa4b3a2276ee6,0xa21a2f4807a2bcb6b07c10cea241322e0910c30869c1e4eda686b0d69bdcb74d2a140ef994afcf0bb38e0b960df4d2ee,26613438824881397,6803038,30523474
flashbots,10979450,0x226575b1c47116700808dd62d49125097b9fed408a3a3319eb43872eca43cd61,0xacb407cfb554255db2fbbb320f79bb7f1cc1e8d2dc43324e8e31baafd0836340d49c43eebc51828f53bf6d364f9ac207,19177157472503503,11213070,30613361
flashbots,10979427,0x540f72bdeaa564112808d5b9531c20d28382a99dba71c899dc4d93978f2c8a2b,0xb67eaa5efcfa1d17319c344e1e5167811afbfe7922a2cf01c9a361f465597a5dc3a5472bd98843bac88d2541a78eab08,42740337162686561,10148225,30524145
flashbots,10979419,0xc7bafefd8dd5487c9f2eed3f769f8587a147f33a3c29eb90e851f400357f4056,0xb26f96664274e15fb6fcda862302e47de7e0e2a6687f8349327a9846043e42596ec44af676126e2cacbdd181f548e681,72390379624658405,12117608,30464705
flashbots,10979416,0x465781b28341f35b4b73104b9604430d17719a2f1d4ea43c943b6af485ce7766,0xb67eaa5efcfa1d17319c344e1e5167811afbfe7922a2cf01c9a361f465597a5dc3a5472bd98843bac88d2541a78eab08,44299053060141064,8786262,30494512
flashbots,10979407,0xc9ebfc6d0bb3eb496ef68b729534e2facec6d15030b4de6d23b71273caeeac0e,0xa21a2f4807a2bcb6b07c10cea241322e0910c30869c1e4eda686b0d69bdcb74d2a140ef994afcf0bb38e0b960df4d2ee,65801054488839260,9684469,30584110
flashbots,10979396,0x4e19cfae9ae90cb1d3faed57e27c993f186d73f80713ddb3581bf7bc16f4ef75,0xb4a435cf816291596fe2e405651ec8b6c80b9cc34dace3c83202ca489a833756c9a0672ebdc17f23d9d43163db1caa5d,86104297461052322,18131576,30614150
flashbots,10979392,0xaaa633e6dc8bc56073817511d1f0b5f746ef5efdcb71109ce97d8274f71e0869,0x852a00817dd13ce36535855192e218ccad6d489f90605c501fd4294940550592426552006ebd44f0e661b73d58a9765c,68396654114728764,11112146,30614209
flashbots,10979389,0x5ee1022ea6f9ecef38beef21d88eb4babe660a0a199c4030a9d437ba6b9e918e,0xa00001792da52b2ad6606033396337f86e7598c8e0927d640bb649e0a9fe230df41f8ffd3403a5cd4fffd5131e2fbe47,122005935775934448,16703903,30584372
flashbots,10979388,0x4460f3181c2f3f7bab03c8c0a72a9612c641bf18216086ef802f96109c93083b,0xacb407cfb554255db2fbbb320f79bb7f1cc1e8d2dc43324e8e31baafd0836340d49c43eebc51828f53bf6d364f9ac207,522903148747426812,10105959,30614267
flashbots,10979374,0xc56bd97ccefa93fe202348511d2109aa199719199538d8e29e2e4bf24497a9da,0x93582c97ac58670ba118aae52cf6355d8c680a2a538bf77c90873e3fe7ddc0a6dd231e2e2ea06bdc07e9b160883512a3,40659686608041107,12249068,30614472
flashbots,10979360,0xb7c465626c3c178e934758b1c22c4400fcc29328b525878c73cbfbdc3da8faaf,0x840c9dafb68f5cd460b5d5677b85114e89187e7c890f11a8c5fc4a3e4f4aa74136ef0fcd62cf7de9741afcf7d4d3360d,41977294050997704,10381718,30674527
flashbots,10979349,0x5965124a003136ca3e8712d9884e73af71a3920d94559a8c753d3b516342af31,0x82ba7cadcdfc1b156ba2c48c1c627428ba917858e62c3a97d8f919510da23d0f11cf5db53cb92a5faf5de7d31bf38632,882400848584565388,16010775,30525282
flashbots,10979348,0x6600a7424d207ff3c99e4e39dc35bf6ae2a46f78f517ed79418be500fceb5bb3,0xb67eaa5efcfa1d17319c344e1e5167811afbfe7922a2cf01c9a361f465597a5dc3a5472bd98843bac88d2541a78eab08,90426895910225229,11751605,30495503
flashbots,10979344,0xee162e7d9390ea5dab6d8229e6a0726fa644de42da6ced65e76c056182179195,0xb193dcaf1d485ba78094cb6b4126bff77e08c1244dff814447d3a31d9030b2584b369244ea67f13d48a02fa907b05f3a,63883110712687746,8672129,30495561
flashbots,10979314,0x2748073a7d0736e2c8b53bf7032499871f635c4dbbe5e3f93157f8c7bf09cebd,0xb67eaa5efcfa1d17319c344e1e5167811afbfe7922a2cf01c9a361f465597a5dc3a5472bd98843bac88d2541a78eab08,123801405134003691,17557074,30317840
flashbots,10979298,0x216f7777a359ada59351a41b7b7632157b59445db26550ba0f650c90de7e3875,0xb26f96664274e15fb6fcda862302e47de7e0e2a6687f8349327a9846043e42596ec44af676126e2cacbdd181f548e681,36339948819101550,14649652,30318072
flashbots,10979297,0x5feaf483bf341173d21eeb27a5b2e61e18533e08382f75175b32f81f6acdd131,0xa00001792da52b2ad6606033396337f86e7598c8e0927d640bb649e0a9fe230df41f8ffd3403a5cd4fffd5131e2fbe47,21952410282315524,10016733,30347707
flashbots,10979286,0x76cc20b919bee92cbb51f1e6f238a70acab5fe020ecbe85252dcdbfd1323e0c0,0xb67eaa5efcfa1d17319c344e1e5167811afbfe7922a2cf01c9a361f465597a5dc3a5472bd98843bac88d2541a78eab08,84765222805500766,12686684,30377516
flashbots,10979278,0xdd68ccd3afbd88047dc0d4c2028c29b948545d45fa1c0bd303ed957915b05b48,0x840c9dafb68f5cd460b5d5677b85114e89187e7c890f11a8c5fc4a3e4f4aa74136ef0fcd62cf7de9741afcf7d4d3360d,454295872159546870,10923060,30407296
flashbots,10979276,0xa123723a9c877027edafa46d9f55b6ea835224dfa559025c085a085491cbc3c1,0xb67eaa5efcfa1d17319c344e1e5167811afbfe7922a2cf01c9a361f465597a5dc3a5472bd98843bac88d2541a78eab08,91166614647550819,30397427,30407325
flashbots,10979241,0xc3f96b554dc1cf96305291d57ecdcf6a78520f74e7b1befc11e9918562cc42c8,0xb67eaa5efcfa1d17319c344e1e5167811afbfe7922a2cf01c9a361f465597a5dc3a5472bd98843bac88d2541a78eab08,22386435262127824,15788394,30289276
flashbots,10979216,0xa25d4cefae091462d729039812f490f36d4a7ccdb9485018a3023c2040fcf98a,0xa21a2f4807a2bcb6b07c10cea241322e0910c30869c1e4eda686b0d69bdcb74d2a140ef994afcf0bb38e0b960df4d2ee,43736917554100112,18920689,30260075
flashbots,10979215,0x1bcda626241e3ba914ed4d223d132edcd2d85d7f3ea7d53828b3dbee243e2e04,0x93582c97ac58670ba118aae52cf6355d8c680a2a538bf77c90873e3fe7ddc0a6dd231e2e2ea06bdc07e9b160883512a3,54219518185054624,15923005,30230554
flashbots,10979214,0xd656fcd274caace4893a00d4ae881c83467df8d488aeb5407e35d9ecef5557d4,0xb193dcaf1d485ba78094cb6b4126bff77e08c1244dff814447d3a31d9030b2584b369244ea67f13d48a02fa907b05f3a,82303849552278922,10951231,30201062
flashbots,10979210,0xd63c48c8b1f05e4ad0a8fe75aded0e552a7c3f5b2e6117e0933ab5159d956757,0x840c9dafb68f5cd460b5d5677b85114e89187e7c890f11a8c5fc4a3e4f4aa74136ef0fcd62cf7de9741afcf7d4d3360d,34667135299637089,12090157,30112760
flashbots,10979209,0x463e2884a71cdfeb684f14b8071131d7ba67f8218ded6cadbe0452fb01882fcf,0xa21a2f4807a2bcb6b07c10cea241322e0910c30869c1e4eda686b0d69bdcb74d2a140ef994afcf0bb38e0b960df4d2ee,22063692287827476,16270384,30142194
flashbots,10979208,0x9f62a9b7f68d92c71f546a3c7e7f86fbc4134201ae67795148ea036755f26a4c,0xa2d994ea26d7c3b94b444fc2f2a6070d5cc8164e51d1a5c65db8ad6381ba5fc5e0eb3aa088b46e8da96b5167f9b97569,24655827344373315,6464394,30171657
flashbots,10979201,0x03bf6705678b4dfc20e496b97887087211b110c7bd78a5ca244cb6e4ea21f0f2,0xacb407cfb554255db2fbbb320f79bb7f1cc1e8d2dc43324e8e31baafd0836340d49c43eebc51828f53bf6d364f9ac207,129575518424218051,16154022,30142307
flashbots,10979186,0xa3713d511e2f490bbc7a0ce1b4602fed54200baaf87d7eaba16f6cca807895b5,0x840c9dafb68f5cd460b5d5677b85114e89187e7c890f11a8c5fc4a3e4f4aa74136ef0fcd62cf7de9741afcf7d4d3360d,344674395316821455,28548117,30230956
flashbots,10979175,0x607129edf868f71ec66cdf6cfbdd987a307daf58b8e1f428192d0a96ae153ee6,0xa21a2f4807a2bcb6b07c10cea241322e0910c30869c1e4eda686b0d69bdcb74d2a140ef994afcf0bb38e0b960df4d2ee,66149383789737240,9052057,30172116
flashbots,10979170,0x5a93226c65fc28b9a9efabdbfb4c0ec7fb22ac6998beaea631bc138d4ba3b41c,0xacb407cfb554255db2fbbb320f79bb7f1cc1e8d2dc43324e8e31baafd0836340d49c43eebc51828f53bf6d364f9ac207,42492577223544465,8004288,30201666
flashbots,10979158,0x5a6e690752416c0c2194f58e703638a1d8345580fe1b1357cc8bebb86a072fd2,0xb26f96664274e15fb6fcda862302e47de7e0e2a6687f8349327a9846043e42596ec44af676126e2cacbdd181f548e681,86353931367248124,10178810,30142911
flashbots,10979136,0x3406104872cb5dc5e3aee6c4cfc37296e48fb16921d8e563f815df1fa97aee99,0x93582c97ac58670ba118aae52cf6355d8c680a2a538bf77c90873e3fe7ddc0a6dd231e2e2ea06bdc07e9b160883512a3,125111344466229869,7434216,30261196
flashbots,10979135,0xf5b13a48e1b904a4e3d2643c631e28e499d1f9eca022ab8b4c7acda7ebd3b451,0x93582c97ac58670ba118aae52cf6355d8c680a2a538bf77c90873e3fe7ddc0a6dd231e2e2ea06bdc07e9b160883512a3,137808812321535474,13947707,30290775
flashbots,10979129,0x7a1638ac58da150d6d0018a93eb79310f256df9b8e5b10e344c5783f3dec2f69,0x840c9dafb68f5cd460b5d5677b85114e89187e7c890f11a8c5fc4a3e4f4aa74136ef0fcd62cf7de9741afcf7d4d3360d,98551252205397869,14625451,30350078
flashbots,10979128,0x8f4c7a6558fc9d7be15c6ebcf9b47802e7a4d436dcd663bfc80751d3ce2a57c9,0xa21a2f4807a2bcb6b07c10cea241322e0910c30869c1e4eda686b0d69bdcb74d2a140ef994afcf0bb38e0b960df4d2ee,23967715309943103,19202525,30320470
flashbots,10979125,0x4a76a6171937d64eb8ed68ccfa9e956a7da13c047900027093546039cfe89922,0x840c9dafb68f5cd460b5d5677b85114e89187e7c890f11a8c5fc4a3e4f4aa74136ef0fcd62cf7de9741afcf7d4d3360d,93749403817151081,19540658,30290919
flashbots,10979111,0x7e6152afdb99325b31a40945d01f4a8adf192b6df5d74c2ba3b5add77268a287,0xb67eaa5efcfa1d17319c344e1e5167811afbfe7922a2cf01c9a361f465597a5dc3a5472bd98843bac88d2541a78eab08,117217538591133458,17081435,30291120
flashbots,10979104,0xf6be0fa08615f0a7338f90151c1fab840ea62056b67dd89858b27ec97150e638,0x88cd924ca0bc4ab6fe838f323d79a932d13ae25239d8960c6246a5250ef85a8ab8ba96a8b6d8b207fe8a6e70f7d2c512,77662066797773494,8371201,30320816
flashbots,10979090,0x05ec67ffcd600b0bda90eb2ae8783de76ac0dabe3159fab98ef2b46624750568,0xa21a2f4807a2bcb6b07c10cea241322e0910c30869c1e4eda686b0d69bdcb74d2a140ef994afcf0bb38e0b960df4d2ee,49051688185436610,11636928,30261859
flashbots,10979082,0xc25e950e9ef79be816bf3b81a9bf6a77939facffae925c9a164837cb24f98ba5,0x840c9dafb68f5cd460b5d5677b85114e89187e7c890f11a8c5fc4a3e4f4aa74136ef0fcd62cf7de9741afcf7d4d3360d,54876412817939500,17227053,30261975
flashbots,10979070,0xc74d58646387d2f685d2d7fc82a31a82be258a5818636755ad08e7e434b8e170,0x946fcf348bbf1044a3eaa3d27f1d01397cfc4d27495a949447c95ea7ec41db9f5c4fe3b867a937623685a0462996df09,20221524299551951,17578640,30232597
flashbots,10979063,0x4b20da91d8ab2d05e56bea5065c3245aeca6ea43b5f4e9a487e0fce478cb56a9,0xacb407cfb554255db2fbbb320f79bb7f1cc1e8d2dc43324e8e31baafd0836340d49c43eebc51828f53bf6d364f9ac207,35356247211913777,10402577,30262234
flashbots,10979059,0x83f94291907b0bbfa6b852f93f3a8c1d7da5bf4548839e109fa03d520d146b94,0xb26f96664274e15fb6fcda862302e47de7e0e2a6687f8349327a9846043e42596ec44af676126e2cacbdd181f548e681,63650667143072653,30242540,30262292
flashbots,10979055,0x1f4d4e29b527af48964a0ebcd7933c76cae080ae6f1ffd05aa6ca9eb380db41c,0xa00001792da52b2ad6606033396337f86e7598c8e0927d640bb649e0a9fe230df41f8ffd3403a5cd4fffd5131e2fbe47,598746749507610110,13274084,30262349
flashbots,10979053,0xe828c821e0a500113282c0cf820de094a59b23f57e537f0bee3d7e015dd64d7e,0xacb407cfb554255db2fbbb320f79bb7f1cc1e8d2dc43324e8e31baafd0836340d49c43eebc51828f53bf6d364f9ac207,50823405967759302,7650866,30262378
flashbots,10979041,0x1f6f88ea6b99f3cf5e9b2aa7b1b189636a330c10e0d73be246f7a1c59cd39ff1,0xa21a2f4807a2bcb6b07c10cea241322e0910c30869c1e4eda686b0d69bdcb74d2a140ef994afcf0bb38e0b960df4d2ee,185859308317423524,18044960,30321714
flashbots,10979038,0xe7c93df328b45ed792f31a2a2ff693f8e591730ce69f05844442264a638cfa8c,0xa21a2f4807a2bcb6b07c10cea241322e0910c30869c1e4eda686b0d69bdcb74d2a140ef994afcf0bb38e0b960df4d2ee,38531446917660072,15088580,30233058
flashbots,10979036,0x1a2d095ca70b322b729b25c1413295a0bf5e699b7ee3924f27c981f4225547d8,0x840c9dafb68f5cd460b5d5677b85114e89187e7c890f11a8c5fc4a3e4f4aa74136ef0fcd62cf7de9741afcf7d4d3360d,35867266571813049,8793038,30174099
flashbots,10979026,0x99df02abe07caab7fa9b1a09e82c06ebdf292fc7c1fa55878c34e4c4888a325d,0xb26f96664274e15fb6fcda862302e47de7e0e2a6687f8349327a9846043e42596ec44af676126e2cacbdd181f548e681,35203046714343558,18464124,30292336
flashbots,10979025,0xac91df6c37a5d0cf150dd1e8071e06636642287480f6033425532ebba493b989,0xb26f96664274e15fb6fcda862302e47de7e0e2a6687f8349327a9846043e42596ec44af676126e2cacbdd181f548e681,87244874316068855,22082096,30262784
flashbots,10979011,0xc05786fc742b09ffa002e1ff8b6a01b27a56ece670617da10bb4c07a3a233212,0xb67eaa5efcfa1d17319c344e1e5167811afbfe7922a2cf01c9a361f465597a5dc3a5472bd98843bac88d2541a78eab08,15309118876004608,9601794,30203940
flashbots,10979002,0x59c7b58b54500cfaaf58995165709d06a41e2d470fd61b2b6339897734ce3ab3,0xb67eaa5efcfa1d17319c344e1e5167811afbfe7922a2cf01c9a361f465597a5dc3a5472bd98843bac88d2541a78eab08,35026011844282285,14978495,30174589
flashbots,10978999,0xe7e1ad15d6544fee1554381879d40691bd09347285c58845c130c5346a68716c,0xa21a2f4807a2bcb6b07c10cea241322e0910c30869c1e4eda686b0d69bdcb74d2a140ef994afcf0bb38e0b960df4d2ee,219803376205179518,22874476,30204113
flashbots,10978994,0x709a63433ab54bddf07641594ceabaa7d96c87206c32770db55ca69b868bf888,0xb26f96664274e15fb6fcda862302e47de7e0e2a6687f8349327a9846043e42596ec44af676126e2cacbdd181f548e681,42960314815678263,13583995,30292799
flashbots,10978983,0xd95cb12bb98948e4acaa4b9cfb7b4db52be0276e0cd3030c0421c21811658be1,0xa00002326e62d66f690e457595023fa44699e4237fc4cc36eed5e4937f19398fc1452be33d2b2f553693e9eda2d26618,309262631770536256,23764348,30204343
flashbots,10978979,0x2831b708c5613b4b7f2cc36aeef6e55749f3297f777afa0d509d536ddd000439,0xa2d994ea26d7c3b94b444fc2f2a6070d5cc8164e51d1a5c65db8ad6381ba5fc5e0eb3aa088b46e8da96b5167f9b97569,35523455744840062,7598576,30233896
flashbots,10978973,0x1b950d226f9af950fa6ccd759aefe124d481de165aa78e56f1c1a9822c2bb233,0xa00003f73b2dd7971dd3030d6af2ba42bdf9cd02197026fee7572f3b8147137cca109048cece90fdd0f73a5d9b5b5e41,616515687647756416,4389785,30293088
flashbots,10978959,0xc6052d9f4e0fa09c1880e480414076dc1eeb4fe4406d42d2e12539e281f017aa,0xb26f96664274e15fb6fcda862302e47de7e0e2a6687f8349327a9846043e42596ec44af676126e2cacbdd181f548e681,138807691093957537,8806846,30204661
flashbots,10978908,0x1c795c43596db0a0548c253eb79a4b81aabd6c603353a929e56e8420558331ae,0xacb407cfb554255db2fbbb320f79bb7f1cc1e8d2dc43324e8e31baafd0836340d49c43eebc51828f53bf6d364f9ac207,735465385081498208,12134930,30087626
flashbots,10978897,0xa4af1eddff5e023cffe68d25e481157ceaed6591a20500e4b863df7e6cd83e78,0x93582c97ac58670ba118aae52cf6355d8c680a2a538bf77c90873e3fe7ddc0a6dd231e2e2ea06bdc07e9b160883512a3,67266251527732351,12865569,30117180
flashbots,10978894,0x5f85cfd2fa97d5e70e104e7f87150d388a1d22dfe0211233ef00abb7e07e2776,0x840c9dafb68f5cd460b5d5677b85114e89187e7c890f11a8c5fc4a3e4f4aa74136ef0fcd62cf7de9741afcf7d4d3360d,647945261031433924,10713661,30087828
flashbots,10978881,0x08610d9ca20a1f3c269bc719944936e170dfa2504dc979b1ee327485a4bc4ed4,0x93582c97ac58670ba118aae52cf6355d8c680a2a538bf77c90873e3fe7ddc0a6dd231e2e2ea06bdc07e9b160883512a3,30054454084141745,11608499,30029295
flashbots,10978877,0xeb01847fce0aa4534612f10f4fbfe2f282860bfc4ce459d38a9481a4a55e0df0,0x840c9dafb68f5cd460b5d5677b85114e89187e7c890f11a8c5fc4a3e4f4aa74136ef0fcd62cf7de9741afcf7d4d3360d,69021732389330557,9790990,30029295
flashbots,10978865,0x1eaafec2cc9fa334f626e977bb88278ffe4563dff578a238a97957506de0f4b5,0xa21a2f4807a2bcb6b07c10cea241322e0910c30869c1e4eda686b0d69bdcb74d2a140ef994afcf0bb38e0b960df4d2ee,22060754717316194,9482850,30029237
flashbots,10978854,0xa5a442b6ecaa2962eb8c9f02d9e05943dfa4d33573edaa47fa0c74576c1cc403,0x93582c97ac58670ba118aae52cf6355d8c680a2a538bf77c90873e3fe7ddc0a6dd231e2e2ea06bdc07e9b160883512a3,69253198756497058,11830930,30058590
flashbots,10978852,0xc13412dee20f28c0781ffac63730d6fdf148256d8b64e4f6fab719f83c1ec0dc,0x851a009553c46cae9384ebc59dcf17064ee8839de085910ec71d834ab1b8dc7a1f3271008c2438ae3b3e44be994108a6,15974646694641548,5269034,30058619
flashbots,10978838,0xaf317c6d156469ec330a0c4fac4579484d9312bb812ddadb58797e29d927d71d,0xb67eaa5efcfa1d17319c344e1e5167811afbfe7922a2cf01c9a361f465597a5dc3a5472bd98843bac88d2541a78eab08,41881072295396532,12412130,30000000
flashbots,10978836,0xd1670ba571e8848d44437284b81056aced99e1053d43acbef415c3d00abd59e3,0xb67eaa5efcfa1d17319c344e1e5167811afbfe7922a2cf01c9a361f465597a5dc3a5472bd98843bac88d2541a78eab08,164415320834908433,16175445,30058449
flashbots,10978824,0x9500f4161a4408e735af1202e1d04961321ece2edd33f9cce3e28d1bb15afdfa,0xb193dcaf1d485ba78094cb6b4126bff77e08c1244dff814447d3a31d9030b2584b369244ea67f13d48a02fa907b05f3a,172618731666894630,12941621,30058619
flashbots,10978792,0x7b6368f644e62a11ae194f4894750247b2818824d3b9f243e46c599a953b0da7,0x95c8cc31f8d4e54eddb0603b8f12d59d466f656f374bde2073e321bdd16082d420e3eef4d62467a7ea6b83818381f742,159263171256005977,15841092,30146132
flashbots,10978762,0xa95f36772253dfe3f505716c80461cf0a37fb7432e014cd59e8ab04d26eb3b5c,0xb67eaa5efcfa1d17319c344e1e5167811afbfe7922a2cf01c9a361f465597a5dc3a5472bd98843bac88d2541a78eab08,30317668762827221,16642307,30087743
flashbots,10978761,0xe3319dce73de42d9003b6ddffde7eda4665becfd21746f820052a3eec1b3bde3,0x840c9dafb68f5cd460b5d5677b85114e89187e7c890f11a8c5fc4a3e4f4aa74136ef0fcd62cf7de9741afcf7d4d3360d,300817668698469991,12597945,30058391
flashbots,10978712,0x4905e2c643f7470df0c2adf3a511e98cadae017c2559de2ef19ed7a01e8859dc,0xa21a2f4807a2bcb6b07c10cea241322e0910c30869c1e4eda686b0d69bdcb74d2a140ef994afcf0bb38e0b960df4d2ee,113796519139825878,9298915,30175796
flashbots,10978698,0x7fb9c52e08bf3ec1cfbdde23dc7d42f692bae39fe71cf8a804e3993a2ad205b3,0xb26f96664274e15fb6fcda862302e47de7e0e2a6687f8349327a9846043e42596ec44af676126e2cacbdd181f548e681,57734252260022533,17325260,30175999
flashbots,10978688,0xabd3006eb1c1ac4ddd519c2a60fb54176aa72b344fe09fb19d8de25d2f18d681,0x95c8cc31f8d4e54eddb0603b8f12d59d466f656f374bde2073e321bdd16082d420e3eef4d62467a7ea6b83818381f742,35528339714788810,12648143,30176144
flashbots,10978681,0xa76badbf7bd884bc1f466bc9e6dc4a097340a254caf3e7915986d501100a4f23,0xb67eaa5efcfa1d17319c344e1e5167811afbfe7922a2cf01c9a361f465597a5dc3a5472bd98843bac88d2541a78eab08,54020431712522751,13361203,30087972
flashbots,10978679,0x7c60b8700c135b6aa8b3a91bde7ed8b7a058e7bc2b94714458e1aecce2ab4568,0xb67eaa5efcfa1d17319c344e1e5167811afbfe7922a2cf01c9a361f465597a5dc3a5472bd98843bac88d2541a78eab08,53366686044390708,13832000,30029295
flashbots,10978676,0x441775b95c54f59bb4b89214c18505c2967b632116eb32560d353b5765da00b3,0x840c9dafb68f5cd460b5d5677b85114e89187e7c890f11a8c5fc4a3e4f4aa74136ef0fcd62cf7de9741afcf7d4d3360d,34645934663923401,12517717,30000000
flashbots,10978670,0x6ab6f8d83927de05b9c352fa1e32b95c3337b6a19d4a3787d48984e5572a106a,0xa21a2f4807a2bcb6b07c10cea241322e0910c30869c1e4eda686b0d69bdcb74d2a140ef994afcf0bb38e0b960df4d2ee,308070605649417930,9628263,30075837
flashbots,10978667,0x75c0b7137848e506473e2825db728f6aaae3db8530d71ed22174842d721e9c58,0x946fcf348bbf1044a3eaa3d27f1d01397cfc4d27495a949447c95ea7ec41db9f5c4fe3b867a937623685a0462996df09,37653828936383227,15214368,30105263
flashbots,10978661,0x094d2585b7f6cb42af01539fca3f0bfb6e9601bb06bfea72169ba86932ac5222,0xb67eaa5efcfa1d17319c344e1e5167811afbfe7922a2cf01c9a361f465597a5dc3a5472bd98843bac88d2541a78eab08,56157915670014592,15855665,30164204
flashbots,10978626,0x7690506419e0f60fa505df45e0187a391025b60f9a580c870ecf6bbd4048aefe,0xb67eaa5efcfa1d17319c344e1e5167811afbfe7922a2cf01c9a361f465597a5dc3a5472bd98843bac88d2541a78eab08,29683986271681032,13147726,30253206
flashbots,10978623,0xe32fb046864d09b95f52a3fca2fdb8c8bf59e17de1665b16d711f3d8b39f8c07,0x946fcf348bbf1044a3eaa3d27f1d01397cfc4d27495a949447c95ea7ec41db9f5c4fe3b867a937623685a0462996df09,64293492580756823,17463857,30282807
flashbots,10978613,0x760dd665772bfc17ff4b3569df17e1541405ca933e65049ff705955c93aa49e6,0xb67eaa5efcfa1d17319c344e1e5167811afbfe7922a2cf01c9a361f465597a5dc3a5472bd98843bac88d2541a78eab08,50709186505345186,16635664,30223864
flashbots,10978608,0x73e14b781e74648016da55edf1201008e3c45f073245d9c9cdfbe14cfb29b11c,0xb26f96664274e15fb6fcda862302e47de7e0e2a6687f8349327a9846043e42596ec44af676126e2cacbdd181f548e681,38498631575197806,8888853,30312609
flashbots,10978586,0x0e7010dd30f5f35876af788647c2a592072883786793cc93c976dfaf2bc7afeb,0xb67eaa5efcfa1d17319c344e1e5167811afbfe7922a2cf01c9a361f465597a5dc3a5472bd98843bac88d2541a78eab08,45454290462314584,14615773,30312928
flashbots,10978526,0x4393ef76e1e54b90303e2743e89590e704b2bb4066d97cf97909e3addd1be8bf,0xa9d0a0f9059972d775a45d8377768ff20234de91a6fbacba5737ff8803807c38021b5863e5084869e695ef1d6c2fdaef,26439320369576895,11391439,30373058
flashbots,10978524,0x865a0704847799c296fe8bb28c2f4e9dcee7b85dc2e0d4d2ad325575dc65e508,0x95c8cc31f8d4e54eddb0603b8f12d59d466f656f374bde2073e321bdd16082d420e3eef4d62467a7ea6b83818381f742,107152614681736188,20604887,30432465
flashbots,10978520,0x8d5865f9bf874efe61ce74a3d14131a253932e0c13294672b40152355f064f1b,0x840c9dafb68f5cd460b5d5677b85114e89187e7c890f11a8c5fc4a3e4f4aa74136ef0fcd62cf7de9741afcf7d4d3360d,75697750723707578,12310043,30432523
flashbots,10978518,0xad64b30002d618399603cfd171a0c9dd5d6654715000751d31dc92cc14c4215d,0xb67eaa5efcfa1d17319c344e1e5167811afbfe7922a2cf01c9a361f465597a5dc3a5472bd98843bac88d2541a78eab08,33021201867099980,11613400,30373174
flashbots,10978511,0x4e674276fc370099fa1c1ca713a3ab4ead841829dac1383536e4c26826a55509,0xb26f96664274e15fb6fcda862302e47de7e0e2a6687f8349327a9846043e42596ec44af676126e2cacbdd181f548e681,69044531630008039,17681156,30462386
flashbots,10978507,0x6dff16fe6c8968c427f2e09878525fca4bf89662d1e853b2e2e157e3dd8123e6,0x840c9dafb68f5cd460b5d5677b85114e89187e7c890f11a8c5fc4a3e4f4aa74136ef0fcd62cf7de9741afcf7d4d3360d,69371554075259855,8194149,30403008
flashbots,10978506,0x96b70966ae255f6e9893028e7f5fb87d8f541c47ce1d551ef25703d50305b5f9,0x840c9dafb68f5cd460b5d5677b85114e89187e7c890f11a8c5fc4a3e4f4aa74136ef0fcd62cf7de9741afcf7d4d3360d,57638123901459396,11584868,30432726
flashbots,10978503,0x128440125e36acbdf16f034440a8d42a341fcea76d921a9213ca1384fc3b94dd,0x851a009553c46cae9384ebc59dcf17064ee8839de085910ec71d834ab1b8dc7a1f3271008c2438ae3b3e44be994108a6,43603529534991414,7564772,30462502
flashbots,10978498,0xf41bc683e780ae55441d82e4ea613d7a8718cb0a6ce3ac0596cde7c4266962e4,0xb67eaa5efcfa1d17319c344e1e5167811afbfe7922a2cf01c9a361f465597a5dc3a5472bd98843bac88d2541a78eab08,11759818843451273,8810104,30492336
flashbots,10978495,0x388713441e7c9e1031ba55d218d4f89cf96c7f09040c20a6777ce52912c8f4e7,0xb26f96664274e15fb6fcda862302e47de7e0e2a6687f8349327a9846043e42596ec44af676126e2cacbdd181f548e681,23659746981497452,10350003,30522170
flashbots,10978493,0xeef0d9e62280d9bc49f021fc26f0d18f612a0db57ba9eff1403549c270437a45,0xb67eaa5efcfa1d17319c344e1e5167811afbfe7922a2cf01c9a361f465597a5dc3a5472bd98843bac88d2541a78eab08,43714192681520897,21697059,30522199
flashbots,10978492,0x1f1aee06ef6463582610b07df41dc8346571c8621274ee0b757538bcea272d68,0x82ba7cadcdfc1b156ba2c48c1c627428ba917858e62c3a97d8f919510da23d0f11cf5db53cb92a5faf5de7d31bf38632,54406444978578028,18175015,30492423
flashbots,10978487,0x7270721b170cdbf3be2ff532b17270b6479547c385379a9af5b8e00133321485,0xa21a2f4807a2bcb6b07c10cea241322e0910c30869c1e4eda686b0d69bdcb74d2a140ef994afcf0bb38e0b960df4d2ee,1146590951302892154,24097514,30462734
flashbots,10978477,0xfd364df4474241799e62e8b06da8e048f2552a639bf2dd7dade6f174b21ce011,0x93582c97ac58670ba118aae52cf6355d8c680a2a538bf77c90873e3fe7ddc0a6dd231e2e2ea06bdc07e9b160883512a3,41802453398200699,10665640,30403443
flashbots,10978473,0x091ed5ac167e85d4aebc88ad3b434a1a972637359b588e5fae3319f059016802,0xa21a2f4807a2bcb6b07c10cea241322e0910c30869c1e4eda686b0d69bdcb74d2a140ef994afcf0bb38e0b960df4d2ee,11206045036718633,7700182,30462937
flashbots,10978461,0xa0df9780e79af127eb93e02d58acf0a9a1089b3d12612f52185c924703598805,0xa21a2f4807a2bcb6b07c10cea241322e0910c30869c1e4eda686b0d69bdcb74d2a140ef994afcf0bb38e0b960df4d2ee,24678022258316654,14757502,30522668
flashbots,10978460,0x810478363675b3faa3d781230a2f59db7e129e94af9e3eacb620ff4a60ef16f4,0xa9d0a0f9059972d775a45d8377768ff20234de91a6fbacba5737ff8803807c38021b5863e5084869e695ef1d6c2fdaef,21612951852243182,8937190,30492891
flashbots,10978458,0x690cf34361e1d880ab5416a1745e36d2d7c2cd4954873744c3c847871b90b645,0xa21a2f4807a2bcb6b07c10cea241322e0910c30869c1e4eda686b0d69bdcb74d2a140ef994afcf0bb38e0b960df4d2ee,17714778621380725,13497523,30433424
flashbots,10978450,0x8a1b80848b072a3cf8a7214ea648d50269945caf36223f285117bb2ad2e34755,0xb26f96664274e15fb6fcda862302e47de7e0e2a6687f8349327a9846043e42596ec44af676126e2cacbdd181f548e681,36256083979617421,10771681,30552648
flashbots,10978447,0x47341e84b94cb27b8fce507c11623491d07c75a8ee78ccd721a839dfd2aeea06,0xa21a2f4807a2bcb6b07c10cea241322e0910c30869c1e4eda686b0d69bdcb74d2a140ef994afcf0bb38e0b960df4d2ee,39304243405974992,15156597,30463317
flashbots,10978446,0x2ac4620ccaf4c34f5084112d1a26db0c73523339ce047831cf543c5ff2b77c64,0x840c9dafb68f5cd460b5d5677b85114e89187e7c890f11a8c5fc4a3e4f4aa74136ef0fcd62cf7de9741afcf7d4d3360d,13978842144845472,8615529,30433598
flashbots,10978444,0xeeb430258acc0ceeab6abf73bec3d55173203723435930fccd44e79ffd5a036f,0x93582c97ac58670ba118aae52cf6355d8c680a2a538bf77c90873e3fe7ddc0a6dd231e2e2ea06bdc07e9b160883512a3,27657105648582272,12326311,30493123
flashbots,10978436,0x6461043fd10f7f3d8f47fa5ab817e7daa969c53d5db5dc2f3dfe96d60dedfea5,0xb67eaa5efcfa1d17319c344e1e5167811afbfe7922a2cf01c9a361f465597a5dc3a5472bd98843bac88d2541a78eab08,50368880628362468,11910468,30493239
flashbots,10978435,0x8888812aee96cc14b7ae33161aef04ed5931b365c3dd0da7536610e72a9294d0,0xb67eaa5efcfa1d17319c344e1e5167811afbfe7922a2cf01c9a361f465597a5dc3a5472bd98843bac88d2541a78eab08,158714787613463634,9155213,30463491
flashbots,10978430,0xfd88989cc724ab6aaaee50833afa96617c86db8bca367f93df7850f57eec31a4,0x946fcf348bbf1044a3eaa3d27f1d01397cfc4d27495a949447c95ea7ec41db9f5c4fe3b867a937623685a0462996df09,41822902803091437,13785579,30404111
flashbots,10978418,0x003dc9f0bb7ce802be60e347460c5fc4a3af5ecff09ec0e8c8a795f82e93bd29,0xb67eaa5efcfa1d17319c344e1e5167811afbfe7922a2cf01c9a361f465597a5dc3a5472bd98843bac88d2541a78eab08,30511857288949558,8912570,30404285
flashbots,10978407,0xf8d45dc7e9f208ecf1d29008ffc7c4bbb599eeac60ff82e5c8208b3370399c22,0x946fcf348bbf1044a3eaa3d27f1d01397cfc4d27495a949447c95ea7ec41db9f5c4fe3b867a937623685a0462996df09,32895500157602685,17632031,30434150
flashbots,10978381,0xb5dfea5bc67be57b9865d91a8064a321fdd798f6aa6318d2c8d5cf7a53095d8a,0x852a00817dd13ce36535855192e218ccad6d489f90605c501fd4294940550592426552006ebd44f0e661b73d58a9765c,55290664562359878,7827447,30613371
flashbots,10978367,0x74275484f0ced4e78aed2e4655b2f2a30b34559c8d24582f832f03998d6fce08,0xb26f96664274e15fb6fcda862302e47de7e0e2a6687f8349327a9846043e42596ec44af676126e2cacbdd181f548e681,147166176407026207,14421092,30553845
flashbots,10978360,0x65abc9b24edb5787a12a467bd088a4b3a06de72b7eb44c824f3d89c9af4b392e,0x840c9dafb68f5cd460b5d5677b85114e89187e7c890f11a8c5fc4a3e4f4aa74136ef0fcd62cf7de9741afcf7d4d3360d,73573131991391782,10305761,30524125
flashbots,10978323,0x55348f3c71e54d8e3381c7249a3325855596f51eabde94e0bba8c8aa5296e5a8,0xa21a2f4807a2bcb6b07c10cea241322e0910c30869c1e4eda686b0d69bdcb74d2a140ef994afcf0bb38e0b960df4d2ee,79224758574582441,15972875,30554483
flashbots,10978322,0x1c69074a7a54215f62f2f560f0a99a8be515094c343ed775369a6ef62e09e6e0,0xa21a2f4807a2bcb6b07c10cea241322e0910c30869c1e4eda686b0d69bdcb74d2a140ef994afcf0bb38e0b960df4d2ee,59569054445964701,14162300,30584349
flashbots,10978320,0x55864e8e0e4b04e460db845446cd6b2c614023e3def1b7a2d75003111c0d6377,0xacb407cfb554255db2fbbb320f79bb7f1cc1e8d2dc43324e8e31baafd0836340d49c43eebc51828f53bf6d364f9ac207,188720837395250769,6147123,30644168
flashbots,10978311,0xcd698df61856ea4d39fc09b559ecdfe3c07ddbe5280587560fd0c3f613e2e84c,0xae2ffc6986c9a368c5ad2d51f86db2031d780f6ac9b2348044dea4e3a75808b566c935099de8b1a1609db322f2110e7a,173931114303416551,14911654,30674239
flashbots,10978308,0x887d7351bd678d33b64037357bbbab9bd342fafd27b87665575451e854bd8beb,0x850a00ffd1319a04114cff3793f8403ccbf026e0cf67ddca2f9fbb1a03e056a916becc686cdfe7714b111e35c92a74cf,113327643802143384,10894644,30764276
flashbots,10978288,0xf2fbe96f0dc7224e34341b0f0cec576a51442bae540280c95f14a9b36841baa6,0xb67eaa5efcfa1d17319c344e1e5167811afbfe7922a2cf01c9a361f465597a5dc3a5472bd98843bac88d2541a78eab08,110311037156954591,30636854,30644635
flashbots,10978282,0x24bce7599f2b81b8ae5b4267b1928e0bee79b6b400b027cc0c90b6f20252bb64,0xa21a2f4807a2bcb6b07c10cea241322e0910c30869c1e4eda686b0d69bdcb74d2a140ef994afcf0bb38e0b960df4d2ee,62596374803784890,10425730,30644723
flashbots,10978269,0x2cad3e89d99081880ab76c29da5e000a4d7d26ba25d501ea8662ad1313395028,0xb67eaa5efcfa1d17319c344e1e5167811afbfe7922a2cf01c9a361f465597a5dc3a5472bd98843bac88d2541a78eab08,29060279515825939,20238389,30734819
flashbots,10978265,0xa83122e4f72ada876670ba11376752fa2d4abf07c1457abe82ed330c035de776,0xb26f96664274e15fb6fcda862302e47de7e0e2a6687f8349327a9846043e42596ec44af676126e2cacbdd181f548e681,24722344886435746,15122789,30734878
flashbots,10978255,0xfbf6f9f85657ca08e0553b07a07b4c803364c40b14686fb76e4010fc3b6f5c9a,0x95c8cc31f8d4e54eddb0603b8f12d59d466f656f374bde2073e321bdd16082d420e3eef4d62467a7ea6b83818381f742,54928362216617116,9402803,30615206
flashbots,10978241,0x565d974128e18c0cebc3533007bf31efbac7910e97a33164a8a9ea84f05ca042,0x93582c97ac58670ba118aae52cf6355d8c680a2a538bf77c90873e3fe7ddc0a6dd231e2e2ea06bdc07e9b160883512a3,125849282463268923,13225143,30735230
flashbots,10978239,0x2fd4537165a421f0e1f1bde179bf20b3a614953e572f66799062289143b7979a,0xa21a2f4807a2bcb6b07c10cea241322e0910c30869c1e4eda686b0d69bdcb74d2a140ef994afcf0bb38e0b960df4d2ee,40343712992019900,13556202,30735259
flashbots,10978225,0x78e783de1ae7e7cf23b0b258dc32433112775a89d542f5e5a44f27c9c5e7443e,0x840c9dafb68f5cd460b5d5677b85114e89187e7c890f11a8c5fc4a3e4f4aa74136ef0fcd62cf7de9741afcf7d4d3360d,272009583128011028,15848450,30615644
flashbots,10978205,0x7ae90667fe10422fde224b4b7ec64993879773ec8c417106b811aaa6b5f3ff04,0xb26f96664274e15fb6fcda862302e47de7e0e2a6687f8349327a9846043e42596ec44af676126e2cacbdd181f548e681,72782500986440012,9346948,30675787
flashbots,10978175,0x436bd5d483d21e98d48ee5092869e5a470e93b3b76763ce270f9b669346fb2f3,0x82ba7cadcdfc1b156ba2c48c1c627428ba917858e62c3a97d8f919510da23d0f11cf5db53cb92a5faf5de7d31bf38632,413745186169764519,9473517,30646268
flashbots,10978169,0x5ce920a1418479259e270b4c864618d2676f4844c2ad97535e93bf3739b50acb,0xa21a2f4807a2bcb6b07c10cea241322e0910c30869c1e4eda686b0d69bdcb74d2a140ef994afcf0bb38e0b960df4d2ee,299528905470725699,16518327,30646356
flashbots,10978166,0x838250b9569e364db18702be458478602d0971304bb5c47a3bcbae5333b0ace1,0x946fcf348bbf1044a3eaa3d27f1d01397cfc4d27495a949447c95ea7ec41db9f5c4fe3b867a937623685a0462996df09,183179715754365363,12827216,30616488
flashbots,10978144,0x53bea9637c80a0a627114db12e4d299d2296531544ee1cbebf7ef5127bd89e84,0x840c9dafb68f5cd460b5d5677b85114e89187e7c890f11a8c5fc4a3e4f4aa74136ef0fcd62cf7de9741afcf7d4d3360d,83242571985186764,15824177,30557075
flashbots,10978123,0xf4b606c19acf232b6cae11ec5baeeb0ed9056242def6c3d8c5b2cda988281e8a,0xa21a2f4807a2bcb6b07c10cea241322e0910c30869c1e4eda686b0d69bdcb74d2a140ef994afcf0bb38e0b960df4d2ee,36005820795967326,13809004,30706946
flashbots,10978120,0x71197d11f33207c791808576140d88fb0877a99174aab6bbc2e3dea0cc7263d1,0x840c9dafb68f5cd460b5d5677b85114e89187e7c890f11a8c5fc4a3e4f4aa74136ef0fcd62cf7de9741afcf7d4d3360d,36916909931968616,6031201,30677019
flashbots,10978107,0xdd781bc4fc7aba6a832b89976b006de0aae1164af253a52e867cd1a91b3d2681,0x95c8cc31f8d4e54eddb0603b8f12d59d466f656f374bde2073e321bdd16082d420e3eef4d62467a7ea6b83818381f742,2938986568891424931,30643307,30647267
flashbots,10978104,0xb85e27fe92bdda443e14773b6ba71e9a45a9ac969b629028800016cfc55edc7d,0xb67eaa5efcfa1d17319c344e1e5167811afbfe7922a2cf01c9a361f465597a5dc3a5472bd98843bac88d2541a78eab08,34290035470563953,17768785,30617398
flashbots,10978098,0x21a8a32ab18a4db1454bd9ce8e7a8708a992b3c9c6cb264e3563adb37981646f,0xa21a2f4807a2bcb6b07c10cea241322e0910c30869c1e4eda686b0d69bdcb74d2a140ef994afcf0bb38e0b960df4d2ee,54507628268420712,14122392,30677341
flashbots,10978092,0x08d5c36ea3ee7dedae52a21d649ed36ee86e10cd16669597069a44f4187955cc,0x93582c97ac58670ba118aae52cf6355d8c680a2a538bf77c90873e3fe7ddc0a6dd231e2e2ea06bdc07e9b160883512a3,70265293083110842,11778536,30617574
flashbots,10978091,0x3fba1a7f1b0f215809af94b9e7144e2bfefecd8bc2e1e196dde0c0b7127a97df,0xb67eaa5efcfa1d17319c344e1e5167811afbfe7922a2cf01c9a361f465597a5dc3a5472bd98843bac88d2541a78eab08,44585556877908494,11859005,30647502
flashbots,10978084,0xd88961ea96f0a3cb0e25403c572a1876ad2ee108816a0a83d90682f057373321,0x8b8edce58fafe098763e4fabdeb318d347f9238845f22c507e813186ea7d44adecd3028f9288048f9ad3bc7c7c735fba,32532982764911695,13128031,30677547
flashbots,10978058,0x52d4fe2f0d4ca3ee23206dcd03cedc1571cb588b8f7ad5c30e82631c400e3e64,0xb67eaa5efcfa1d17319c344e1e5167811afbfe7922a2cf01c9a361f465597a5dc3a5472bd98843bac88d2541a78eab08,44171023539287814,12726570,30737900
flashbots,10978055,0x3a11d5e8d1f563a5d3f55fb3ca0f637564307e56a8572a189f5f4c5bee394bdb,0xa00003f73b2dd7971dd3030d6af2ba42bdf9cd02197026fee7572f3b8147137cca109048cece90fdd0f73a5d9b5b5e41,463773130749253312,1398569,30767974
flashbots,10978035,0x496b05b4d5a3c0b6dc09f1e323c42251dba6170639de215a6358e3e7f1b35b32,0x840c9dafb68f5cd460b5d5677b85114e89187e7c890f11a8c5fc4a3e4f4aa74136ef0fcd62cf7de9741afcf7d4d3360d,56279994584845635,10324021,30888685
flashbots,10978024,0x9be5dfaf39807af5be94e878cddb27403e0ebe7c4867909698ecc12cdf84d6fc,0xb67eaa5efcfa1d17319c344e1e5167811afbfe7922a2cf01c9a361f465597a5dc3a5472bd98843bac88d2541a78eab08,52859909519851211,19314179,30919026
flashbots,10978016,0x5ed9794dab6df902bca52cf9d68b1b23b4172dd5fb5e8a384334144c0f12fb12,0xa00001792da52b2ad6606033396337f86e7598c8e0927d640bb649e0a9fe230df41f8ffd3403a5cd4fffd5131e2fbe47,135820711771881379,10650884,30919144
flashbots,10977999,0x63ce7792c0abee72fcc08bee8f9bd98aa0ce190ce3dffbb6f4107cd7688cbd08,0xa9bd259c09a526915575d096fd659d1e207caa94c7f92d584d256a5090dd5d81369e8fe67b8cc89b87199084aa42e20a,50385230193283938,7626386,30828946
flashbots,10977981,0x5fabc55f35a59d5b74627743fb28179346497111c46fd5c180dc009b7ddfad4c,0x93582c97ac58670ba118aae52cf6355d8c680a2a538bf77c90873e3fe7ddc0a6dd231e2e2ea06bdc07e9b160883512a3,57368640623574628,11833378,30709025
flashbots,10977976,0x4079f527be3d1c4d042836a158fe5c5e6baf064f59c220b859852c0a9383cf93,0xa2d994ea26d7c3b94b444fc2f2a6070d5cc8164e51d1a5c65db8ad6381ba5fc5e0eb3aa088b46e8da96b5167f9b97569,403357499488225392,7724261,30739100
flashbots,10977972,0x73dead2216114917075be8121e7d7fea6875538c19388169ff5e30f07d9647a5,0xa9bd259c09a526915575d096fd659d1e207caa94c7f92d584d256a5090dd5d81369e8fe67b8cc89b87199084aa42e20a,42745199891483392,6845287,30739158
flashbots,10977971,0xe674a8d63bbf2e967aa7a33056064067d4d0575e3ef0562031e5d8a29ac35bae,0xb26f96664274e15fb6fcda862302e47de7e0e2a6687f8349327a9846043e42596ec44af676126e2cacbdd181f548e681,721494511047287048,30706475,30709170
flashbots,10977948,0xecc4e627419020a2c7223d37eb90b6970a937b8951855f44e69be789bf5ea528,0xa2d994ea26d7c3b94b444fc2f2a6070d5cc8164e51d1a5c65db8ad6381ba5fc5e0eb3aa088b46e8da96b5167f9b97569,55228737122916148,8641831,30559930
flashbots,10977947,0x1e8e9833a805deb95d19c0e3e1d6a67e0be4710d6350ac13fa0bd94b5530e3b3,0xa2d994ea26d7c3b94b444fc2f2a6070d5cc8164e51d1a5c65db8ad6381ba5fc5e0eb3aa088b46e8da96b5167f9b97569,758483015817877676,5293338,30589801
flashbots,10977932,0xa3d8bdead9cde326722f010c133cd6b5aecd936b74b7b06b90dcaf8a27062df5,0xa21a2f4807a2bcb6b07c10cea241322e0910c30869c1e4eda686b0d69bdcb74d2a140ef994afcf0bb38e0b960df4d2ee,606453998777054321,18551148,30500536
flashbots,10977929,0x34794b3c9e99bb18d32e9f5e26d7d32d7e69b2d804cd34caa15e1d88440de022,0xa21a2f4807a2bcb6b07c10cea241322e0910c30869c1e4eda686b0d69bdcb74d2a140ef994afcf0bb38e0b960df4d2ee,268070834512159122,30525339,30530378
flashbots,10977927,0x7c0ee730100c31a30115913188da08c129e74ca8c83b2f8f1ac6fc18e0ce08fd,0xa21a2f4807a2bcb6b07c10cea241322e0910c30869c1e4eda686b0d69bdcb74d2a140ef994afcf0bb38e0b960df4d2ee,464080884246168122,12545703,30530407
flashbots,10977926,0x90d911c3b37909589e00f81e901c00cfd6f007ea6ca36e0eafb877c54f651fde,0x840c9dafb68f5cd460b5d5677b85114e89187e7c890f11a8c5fc4a3e4f4aa74136ef0fcd62cf7de9741afcf7d4d3360d,216324894906271669,10481573,30560249
flashbots,10977923,0xefc9547de2c9a2b7acfd77f751cd9af2d9783c924cb8e36f7fc8a3acdd816f78,0x840c9dafb68f5cd460b5d5677b85114e89187e7c890f11a8c5fc4a3e4f4aa74136ef0fcd62cf7de9741afcf7d4d3360d,274075799704925108,1851225,30590151
flashbots,10977922,0xa159643e78f021bcc520b1f6e5b2c2afc40efc60cb54d6b591ae05fd342be600,0x83bee51799e65130296f5d60ce7d78119578db6045c3c3631980514abae0be0f9b65fe82eb0c9a79d6d99030112c874c,23732428145968861184,8459721,30560308
flashbots,10977921,0xc190ecbdabb4f9fc2ff5bf9bdb28797c154bf224f98d8703f91acddb2631773e,0xb26f96664274e15fb6fcda862302e47de7e0e2a6687f8349327a9846043e42596ec44af676126e2cacbdd181f548e681,69205988133526074,30525980,30530495
flashbots,10977916,0xcd47602b8c1ba29d6535e32ad044debbf2b8648b2c53b91534398679aafed723,0xa2d994ea26d7c3b94b444fc2f2a6070d5cc8164e51d1a5c65db8ad6381ba5fc5e0eb3aa088b46e8da96b5167f9b97569,1854316764876740323,9234209,30560396
flashbots,10977909,0xb7655aea01587476254d6521ab9adfb5883e517f85796f29df57e572f4747662,0x840c9dafb68f5cd460b5d5677b85114e89187e7c890f11a8c5fc4a3e4f4aa74136ef0fcd62cf7de9741afcf7d4d3360d,1991404262751756401,8827847,30530670
flashbots,10977908,0xd2af710358ef3709eb31a71167b294dc3082a8f54b7c884dbc4f64f19ae76b78,0xaaf294c49fe14a402c7ffba447ec001032a8e9ff4cb4723c2f62aa0e76a707c7acb0abf545116c8221db50fed0d0d25c,2051824845056724540,6265325,30560513
flashbots,10977905,0x1e2c0304c3ccee900d64443d6e263046816177669123127772982f55fb8267f6,0xa00002326e62d66f690e457595023fa44699e4237fc4cc36eed5e4937f19398fc1452be33d2b2f553693e9eda2d26618,169902994781511712,9727510,30471159
flashbots,10977894,0x9287bb74bdc008dbdbcb586b5121467c3256c04ee1170033e718d04c6efa211d,0x840c9dafb68f5cd460b5d5677b85114e89187e7c890f11a8c5fc4a3e4f4aa74136ef0fcd62cf7de9741afcf7d4d3360d,4650158319402719580,11877871,30560717
flashbots,10977879,0xb36d83be3104453a7b17d751f7c31063bd7eab880912aa10a19301f6f17994c6,0x93582c97ac58670ba118aae52cf6355d8c680a2a538bf77c90873e3fe7ddc0a6dd231e2e2ea06bdc07e9b160883512a3,877673815975110478,7499394,30382384
flashbots,10977877,0xa5fae11f151ce76d29984cdaf17da9e84fd2fe0bedf218d9e557dee1a5c05fda,0xb67eaa5efcfa1d17319c344e1e5167811afbfe7922a2cf01c9a361f465597a5dc3a5472bd98843bac88d2541a78eab08,69771266457108326,18494928,30382413
flashbots,10977874,0x9ef3d6b0489f5031830c892d2e174f858d227e98063b5f3520e2f765900baf38,0xb67eaa5efcfa1d17319c344e1e5167811afbfe7922a2cf01c9a361f465597a5dc3a5472bd98843bac88d2541a78eab08,314731436914443625,16223472,30412140
flashbots,10977873,0x48a9f56c91367bb171aa9cd2b3f42af7afe9c5235f4e443b0b8172ad3cd39136,0xb67eaa5efcfa1d17319c344e1e5167811afbfe7922a2cf01c9a361f465597a5dc3a5472bd98843bac88d2541a78eab08,303661450488612008,30379451,30382471
flashbots,10977871,0xdb74bcf0ba483b72a1323a96b587c2af56dad846745cfe336301497cbac2b7d0,0xa21a2f4807a2bcb6b07c10cea241322e0910c30869c1e4eda686b0d69bdcb74d2a140ef994afcf0bb38e0b960df4d2ee,313380839689224809,14904387,30323220
flashbots,10977870,0xceff9e140810cc34c3c0e7abd0889332c8da20fc7f7ff83595e585114eb350e0,0xacb407cfb554255db2fbbb320f79bb7f1cc1e8d2dc43324e8e31baafd0836340d49c43eebc51828f53bf6d364f9ac207,123398337052994546,7559957,30293638
flashbots,10977867,0xe73a73130b441f9f6f49a32cfc97a426526f2fade45ce4bbfab5ca4021654322,0xb67eaa5efcfa1d17319c344e1e5167811afbfe7922a2cf01c9a361f465597a5dc3a5472bd98843bac88d2541a78eab08,308207957162676092,23644366,30205065
flashbots,10977864,0xc98e4c156604f83eaca5c277912b5b47f86a0732e2fd56ccb576a64c3fc36cb3,0xaaf294c49fe14a402c7ffba447ec001032a8e9ff4cb4723c2f62aa0e76a707c7acb0abf545116c8221db50fed0d0d25c,34678921304115092,7616226,30175627
flashbots,10977859,0xb4f6daef83df7df3b569948e0ec1207b83379fa92afa5fbfb7d617781edc982e,0x93582c97ac58670ba118aae52cf6355d8c680a2a538bf77c90873e3fe7ddc0a6dd231e2e2ea06bdc07e9b160883512a3,87531303119907921,14291086,30146247
flashbots,10977855,0xa9a40a2fce0aa0dcc7bcb834538ebd134fdec28b3fe9af716c92c2c913bacf25,0xa00002326e62d66f690e457595023fa44699e4237fc4cc36eed5e4937f19398fc1452be33d2b2f553693e9eda2d26618,306373513758830750,20558888,30146304
flashbots,10977852,0xc9213cd7a154a0fe9fa54e8a64b789dc3940904b90ba3260a35e1088d503b4b8,0x840c9dafb68f5cd460b5d5677b85114e89187e7c890f11a8c5fc4a3e4f4aa74136ef0fcd62cf7de9741afcf7d4d3360d,81583895489421083,14249852,30234792
flashbots,10977850,0xace1f2916880fc541650b1995d7a6a172b178381266add5ae163420be947cf96,0xa2d994ea26d7c3b94b444fc2f2a6070d5cc8164e51d1a5c65db8ad6381ba5fc5e0eb3aa088b46e8da96b5167f9b97569,86967048040380576,13804567,30234821
flashbots,10977841,0xcfb45bcd2956238376003c603e7827d7cbcf6d5018940dc49a822d3f8c3f7eef,0x81476ce973b358648ef2b990ed3fe9e9b264030116e5f6aa12c1b9f573b7a19ef75b9142426ec3a4e56719659940d224,156736606605261404,2974237,30146506
flashbots,10977834,0x345cf2270b81cda2ca49ef64bc38369c26fc0c8d71433f612599f3e495cdc491,0xa2d994ea26d7c3b94b444fc2f2a6070d5cc8164e51d1a5c65db8ad6381ba5fc5e0eb3aa088b46e8da96b5167f9b97569,336417838976018685,7272003,30176058
flashbots,10977816,0xe95b308b6c6e53c5c41ceb37bc772ffb016d32f0c2a0b903acdbfe019a720737,0xa00003f73b2dd7971dd3030d6af2ba42bdf9cd02197026fee7572f3b8147137cca109048cece90fdd0f73a5d9b5b5e41,609571185148173489,758329,30000000
flashbots,10977796,0x1f24d0396271080168e752f4533e67a5794f5cf6c4d87d8db5528eb63faa2d44,0xb26f96664274e15fb6fcda862302e47de7e0e2a6687f8349327a9846043e42596ec44af676126e2cacbdd181f548e681,133440478526757730,20624258,30029295
flashbots,10977789,0x9b0ae3972eceb5fe99f24ae66d2ca507998a977085963193cbb38b08022456d5,0x83bee51799e65130296f5d60ce7d78119578db6045c3c3631980514abae0be0f9b65fe82eb0c9a79d6d99030112c874c,130745107563891965952,10616290,30000000
flashbots,10977785,0xa776961d47850e86092ced5b1921f74a67b9d1cb8e4d6a47a68ef70494d3ea9a,0xb67eaa5efcfa1d17319c344e1e5167811afbfe7922a2cf01c9a361f465597a5dc3a5472bd98843bac88d2541a78eab08,378874327803047570,10226976,30029295
flashbots,10977765,0xeed1fcec4030538c65c2e6bd030c4411d3cbe1471ee20a0411edfbddcb1f1eb9,0x8bc8d110f8b5207e7edc407e8fa033937ddfe8d2c6f18c12a6171400eb6e04d49238ba2b0a95e633d15558e6a706fbe4,30784738619686357,8848424,30000000
flashbots,10977762,0x60fc61b8df101c5f9eee64bfce120a98245c71a8bf8e7ea898b20a6ab1498467,0xb67eaa5efcfa1d17319c344e1e5167811afbfe7922a2cf01c9a361f465597a5dc3a5472bd98843bac88d2541a78eab08,127643056576826436,30041369,30058476
flashbots,10977760,0x601bc6b137b277cfbc706e7d191034e24304739ea4482b53f8e6ad999c7f0bab,0xa00002326e62d66f690e457595023fa44699e4237fc4cc36eed5e4937f19398fc1452be33d2b2f553693e9eda2d26618,167279041728491627,20786663,30117267
flashbots,10977756,0x912d1f4e25f9e817ae29f38fa439acf6dfe8cee885fec727a1f315e5eb24f132,0xad251e6b9047500c4849d283fe2fdd0f59ebb4750eed883a2fba4fdbef588f13114fe9420f19b1c53968f3a78fdbe930,113666060380633209,2076739,30176202
flashbots,10977733,0x72f164e04c2ac421cf3e4c56d805ead1ac7dfc056736b6f0543a7b13898ba14c,0xad251e6b9047500c4849d283fe2fdd0f59ebb4750eed883a2fba4fdbef588f13114fe9420f19b1c53968f3a78fdbe930,60487884150492193,1103299,30205641
flashbots,10977723,0xb8e83d517661a6ca1b2ec786e1ca9e1838522ed4274bc4186b715fdf878d8bad,0xb67eaa5efcfa1d17319c344e1e5167811afbfe7922a2cf01c9a361f465597a5dc3a5472bd98843bac88d2541a78eab08,54997533693136065,14751061,30000000
flashbots,10977695,0x158ac30af1e88454b6e741e1cbd6e14d79e9bb1b34ce1eddfe771c7cf0aa0ab0,0xb26f96664274e15fb6fcda862302e47de7e0e2a6687f8349327a9846043e42596ec44af676126e2cacbdd181f548e681,80904170297562303,11221259,30087483
flashbots,10977692,0x719c0a9d7cf3901f672d0b76fb72eb673abe2812b8f30a03f5c1019812623b12,0x840c9dafb68f5cd460b5d5677b85114e89187e7c890f11a8c5fc4a3e4f4aa74136ef0fcd62cf7de9741afcf7d4d3360d,65348982360904116,11848362,30116922
flashbots,10977688,0x94673f1ed13940d5f9fedf66778a16b20f8601bd81594cc4de930a704e7e0491,0xa21a2f4807a2bcb6b07c10cea241322e0910c30869c1e4eda686b0d69bdcb74d2a140ef994afcf0bb38e0b960df4d2ee,138246568530648963,10549418,30116979
flashbots,10977682,0x8abff9740fd27c45ee8907834861b958065d947d5ab7edeccccaf4e903346e32,0x850a00ffd1319a04114cff3793f8403ccbf026e0cf67ddca2f9fbb1a03e056a916becc686cdfe7714b111e35c92a74cf,65625065551225639,12489466,30117066
flashbots,10977681,0x03878f9d31bcf6b5ebf708d25352ad8cf90b01c9733edc714d10bb450927341e,0xa21a2f4807a2bcb6b07c10cea241322e0910c30869c1e4eda686b0d69bdcb74d2a140ef994afcf0bb38e0b960df4d2ee,127873723623585702,13528551,30146504
flashbots,10977673,0x93a0f1149bea57660fb2e09dc9ba45487d0dbbbcfd45473983d6014a34f80ad5,0x93582c97ac58670ba118aae52cf6355d8c680a2a538bf77c90873e3fe7ddc0a6dd231e2e2ea06bdc07e9b160883512a3,193080921896783000,15947012,30087799
flashbots,10977664,0x10af69fcf034016c1b0af08c4294ed8fb6f64d96c5bddd421c8c8ea6431ac91d,0xa21a2f4807a2bcb6b07c10cea241322e0910c30869c1e4eda686b0d69bdcb74d2a140ef994afcf0bb38e0b960df4d2ee,1758056939172740159,14125763,30117324
flashbots,10977625,0xb1f219b638cf3d5e1a7f35b0dfb7d275a6a718598bf5dce28712b71a408429bd,0xa21a2f4807a2bcb6b07c10cea241322e0910c30869c1e4eda686b0d69bdcb74d2a140ef994afcf0bb38e0b960df4d2ee,59523214842207109,13246256,30000000
flashbots,10977620,0x40203e9fda8eadb934ff97af5ae40e96d19e4541384dbbb0907650bb73d92557,0xad251e6b9047500c4849d283fe2fdd0f59ebb4750eed883a2fba4fdbef588f13114fe9420f19b1c53968f3a78fdbe930,79098892272090359,1449856,30113708
flashbots,10977600,0x58f02eff456bda1fdf424e836f372de49e1e91856792b6e1f5374e88037d0819,0xa21a2f4807a2bcb6b07c10cea241322e0910c30869c1e4eda686b0d69bdcb74d2a140ef994afcf0bb38e0b960df4d2ee,62799492807035741,11991114,30290954
flashbots,10977561,0x0d31071fd2ac4ff30d0e50f7dc6e39f495032171b99fd42d125ff6acfaace7ce,0xb67eaa5efcfa1d17319c344e1e5167811afbfe7922a2cf01c9a361f465597a5dc3a5472bd98843bac88d2541a78eab08,164017362247255813,24380185,30558910
flashbots,10977553,0xcc1faff1aca2fc595a62f08b6f367a35c2ea076def26925b0ecb7ba49046ece8,0x852a00817dd13ce36535855192e218ccad6d489f90605c501fd4294940550592426552006ebd44f0e661b73d58a9765c,695458420538329703,11495353,30559026
flashbots,10977540,0xb1c6a4fce5c535d7a2ec4d2b623eb06ffcf6f4fe3b3d9578e9e5c3a709af1f4e,0x840c9dafb68f5cd460b5d5677b85114e89187e7c890f11a8c5fc4a3e4f4aa74136ef0fcd62cf7de9741afcf7d4d3360d,1254594335652666529,12439501,30589071
flashbots,10977532,0xb398fb6c4b6f6f669a336ef3941b738df2e5f3c51dc38b7369349f6043d0b080,0xa9bd259c09a526915575d096fd659d1e207caa94c7f92d584d256a5090dd5d81369e8fe67b8cc89b87199084aa42e20a,128823287775861066,11495823,30648988
flashbots,10977522,0x4ce6d265ad8c6b450086d6a53792bbf750c88665a3eacf38136d057c38accabe,0xa21a2f4807a2bcb6b07c10cea241322e0910c30869c1e4eda686b0d69bdcb74d2a140ef994afcf0bb38e0b960df4d2ee,152295558656796893,10719464,30709052
flashbots,10977511,0x27e27a2b3a6ea7b44b426d6855f16984c801f5dbab766c0e86c906a6ef1abfdd,0xa00001792da52b2ad6606033396337f86e7598c8e0927d640bb649e0a9fe230df41f8ffd3403a5cd4fffd5131e2fbe47,187686665517095271,16440478,30619381
flashbots,10977502,0x7b68ae6e6a20ed1d346cf1a7a243fc8aff200299471e0e98f2aed00d8cb2c34c,0xb3a6dc1f159cd010d6d4999822337524576d9ef9d14f34dc7337a735f2d80cd4d64414da809661967df09f39320bc2df,13364219569705258186,11988090,30739332
flashbots,10977477,0xcf861a7507246c29586341b67b2b8bce3f2a9a2fec4911ae1b362642262e8b69,0x840c9dafb68f5cd460b5d5677b85114e89187e7c890f11a8c5fc4a3e4f4aa74136ef0fcd62cf7de9741afcf7d4d3360d,48408529536234784,8737734,30649774
flashbots,10977474,0x839a98e13dd8cb4912f2ea12235dc5ca0f6fbc26fac6e4fef92e57bec3ec392f,0xad251e6b9047500c4849d283fe2fdd0f59ebb4750eed883a2fba4fdbef588f13114fe9420f19b1c53968f3a78fdbe930,113646157502176338,2540972,30619902
flashbots,10977460,0x89db5d2c1763ffdea03fa9c69975ed77d8b693d6b3ef49595e52ca3b2fa011ad,0xa21a2f4807a2bcb6b07c10cea241322e0910c30869c1e4eda686b0d69bdcb74d2a140ef994afcf0bb38e0b960df4d2ee,160351645851357578,24439582,30500738
flashbots,10977444,0x2fcb09ef5ceac45a38676e0d7e1e3311c11824d68257b48e460e81ff38696cde,0xa21a2f4807a2bcb6b07c10cea241322e0910c30869c1e4eda686b0d69bdcb74d2a140ef994afcf0bb38e0b960df4d2ee,87445112036787668,14195041,30382066
flashbots,10977441,0xade5441199669ff00ffaaffea3bfa60f814f549d0536bd09c783d84a8accfeb4,0xa21a2f4807a2bcb6b07c10cea241322e0910c30869c1e4eda686b0d69bdcb74d2a140ef994afcf0bb38e0b960df4d2ee,145285290227457445,8198427,30411793
flashbots,10977440,0x9aaa6e8b74da1a1f3100a9d5db8c2a963199ee607c0122d860c7041f4292e716,0xa21a2f4807a2bcb6b07c10cea241322e0910c30869c1e4eda686b0d69bdcb74d2a140ef994afcf0bb38e0b960df4d2ee,161110820746308354,15155555,30441520
flashbots,10977438,0xc6040a4965d073bd39de7049794d79e8f8ba703afcfb69799709bc40af39827b,0xb67eaa5efcfa1d17319c344e1e5167811afbfe7922a2cf01c9a361f465597a5dc3a5472bd98843bac88d2541a78eab08,63040068715532454,17836017,30441549
flashbots,10977432,0x83bf2ae26cf05492f18f36c5b5c2254f77bf69bdf3f367968cd661b1fbc4e449,0x840c9dafb68f5cd460b5d5677b85114e89187e7c890f11a8c5fc4a3e4f4aa74136ef0fcd62cf7de9741afcf7d4d3360d,585925171449401826,9959723,30382240
flashbots,10977402,0x3bd8b8490d1afc57aa764dcb8e6dedd8b23a490d60efaa03c3c3bb36268f5149,0xa21a2f4807a2bcb6b07c10cea241322e0910c30869c1e4eda686b0d69bdcb74d2a140ef994afcf0bb38e0b960df4d2ee,77769432225872080,13986884,30323395
flashbots,10977399,0x221bd36cc56083afec576e6da9e2bfee443860159f6534dd0b49346df90a7f54,0xa21a2f4807a2bcb6b07c10cea241322e0910c30869c1e4eda686b0d69bdcb74d2a140ef994afcf0bb38e0b960df4d2ee,55009332061034348,11392460,30234735
flashbots,10977390,0x7ccecd7427674b4ca8cea0cecc87c4c83947476bc205064c406cbcfe5942f237,0xa21a2f4807a2bcb6b07c10cea241322e0910c30869c1e4eda686b0d69bdcb74d2a140ef994afcf0bb38e0b960df4d2ee,7359460525742030065,26169952,30323567
flashbots,10977372,0x85e5c2f2ef2215574d522e71dfdbe90402eaa1d89f9e5c5c1e36ea8e12cb7158,0xacb407cfb554255db2fbbb320f79bb7f1cc1e8d2dc43324e8e31baafd0836340d49c43eebc51828f53bf6d364f9ac207,145083312543962347,9759043,30205612
flashbots,10977371,0x8a575a32d698d1cc1b4794165f1c5493e7862ea07c2972b50a820ad4d4b28397,0xa9bd259c09a526915575d096fd659d1e207caa94c7f92d584d256a5090dd5d81369e8fe67b8cc89b87199084aa42e20a,103645942240322617,9357352,30235137
flashbots,10977363,0x3b5d45578ebeac26ad2f124b5384cf5921a512cf46264a32a43efa7b1fef7602,0xacb407cfb554255db2fbbb320f79bb7f1cc1e8d2dc43324e8e31baafd0836340d49c43eebc51828f53bf6d364f9ac207,547408306257761665,12108623,30058619
flashbots,10977353,0x97a23304748d650d9507af890753b274c15197ee6ef8eb4f389cfefd2c505b28,0xb26f96664274e15fb6fcda862302e47de7e0e2a6687f8349327a9846043e42596ec44af676126e2cacbdd181f548e681,112676326025704009,9814514,30029266
flashbots,10977344,0x88f720aea614557ac3f8bcf3645784d9722eb62dbd09daae9f4cff63487db155,0xa21a2f4807a2bcb6b07c10cea241322e0910c30869c1e4eda686b0d69bdcb74d2a140ef994afcf0bb38e0b960df4d2ee,148588050656620630,14800871,30000000
flashbots,10977332,0xff0dc542d40bd1475808b8c022699078d709113f3574310b126744b8d5a523fc,0xacb407cfb554255db2fbbb320f79bb7f1cc1e8d2dc43324e8e31baafd0836340d49c43eebc51828f53bf6d364f9ac207,167627651266325821,9110784,30000000
flashbots,10977317,0x89b226e19c5b5d6cbaea0175d0006a642fc00722f4ddadf8451d0f77f0784604,0xaaf294c49fe14a402c7ffba447ec001032a8e9ff4cb4723c2f62aa0e76a707c7acb0abf545116c8221db50fed0d0d25c,1678704535731060274,12571324,30029295
flashbots,10977316,0x410f0b6181da65d482b64d60eadfb4139d6775c6c736e96aff1a89bf1b5eb58f,0x8c344feeb5426018c1855bc33cf739c15ce43fe780fc13275163f3c33075318619e6b2151407f87a970be24443c9cea4,5566323525637781757,3593022,30000000
flashbots,10977300,0xb6cedf5c622b1c63cc840ffae8255b9b8d489129fb384d24806b8cb021a9df08,0xaaf294c49fe14a402c7ffba447ec001032a8e9ff4cb4723c2f62aa0e76a707c7acb0abf545116c8221db50fed0d0d25c,6390486551193174337,13864148,30029295
flashbots,10977286,0xe727bc785c94e3a3841a0c5019f0fea1cb9ecb070ff4b4a12d65280461e0d238,0x850a00ffd1319a04114cff3793f8403ccbf026e0cf67ddca2f9fbb1a03e056a916becc686cdfe7714b111e35c92a74cf,240014895542360362,9871555,30087370
flashbots,10977270,0xcd6d4e6688533fe3febb7132bda8fe4550cc85529db1a37ce0f0dea18c5a6499,0xa00003f73b2dd7971dd3030d6af2ba42bdf9cd02197026fee7572f3b8147137cca109048cece90fdd0f73a5d9b5b5e41,2038925008060628335,150438,30175858
flashbots,10977266,0x51395bf2d82d2a7432055419ce2fd6377c9c63dcb377ebc491a5676505bacedc,0xb67eaa5efcfa1d17319c344e1e5167811afbfe7922a2cf01c9a361f465597a5dc3a5472bd98843bac88d2541a78eab08,1699462968645580494,30165993,30175915
flashbots,10977265,0x4adce95a08ee07998c08e6fc1944c8d90d96538d67c4f91d048af2a7161338ec,0x83bee51799e65130296f5d60ce7d78119578db6045c3c3631980514abae0be0f9b65fe82eb0c9a79d6d99030112c874c,982003664516030336,10930801,30146477
flashbots,10977263,0x65f5d025542403a9baa93da2f81cc07b3dbf8fc176be588fa7cacd4d7438221f,0x83bee51799e65130296f5d60ce7d78119578db6045c3c3631980514abae0be0f9b65fe82eb0c9a79d6d99030112c874c,7183956610309282816,10182971,30146505
flashbots,10977258,0xfe3326301780da633bdf2478cecac75ba3a607e9d0ff0296fef42a6ca57b6b97,0xa32aadb23e45595fe4981114a8230128443fd5407d557dc0c158ab93bc2b88939b5a87a84b6863b0d04a4b5a2447f847,271365387277522017,12818243,30117152
flashbots,10977256,0x1a5ed45704217f4a925ae25534bf13f812198ad06de9a71d8cd60988de49a66d,0xa2d994ea26d7c3b94b444fc2f2a6070d5cc8164e51d1a5c65db8ad6381ba5fc5e0eb3aa088b46e8da96b5167f9b97569,126569505697896184,8470924,30117181
flashbots,10977246,0x6e2dbf8fae77c18a26465576db57c68cafae77bbbd02741f508ed0b9829a26af,0x83bee51799e65130296f5d60ce7d78119578db6045c3c3631980514abae0be0f9b65fe82eb0c9a79d6d99030112c874c,1331046321451981312,8050033,30117325
flashbots,10977243,0x455e10ee1edafcf17d90bcf2e289c709769782a064adddc5c2c5a5c633b61cea,0x83bee51799e65130296f5d60ce7d78119578db6045c3c3631980514abae0be0f9b65fe82eb0c9a79d6d99030112c874c,4752543820218001408,4415893,30087972
flashbots,10977239,0xb1b77dfe37f3745714691a5f7c3040e600527616ca4b3e104f744f6492d3e545,0xa21a2f4807a2bcb6b07c10cea241322e0910c30869c1e4eda686b0d69bdcb74d2a140ef994afcf0bb38e0b960df4d2ee,1390865458725221528,19018488,30029295
flashbots,10977237,0xe821666e545bcca06b1d0bb8cb7b9b2ab3981d8d9e135a5da9ef8d6bebffb9ce,0x93582c97ac58670ba118aae52cf6355d8c680a2a538bf77c90873e3fe7ddc0a6dd231e2e2ea06bdc07e9b160883512a3,311178713723214279,16318166,30000000
flashbots,10977227,0xfde46ae792518a8fa3d0a5d98e2c28a8372bae9c08444020a601077deb465bed,0x83bee51799e65130296f5d60ce7d78119578db6045c3c3631980514abae0be0f9b65fe82eb0c9a79d6d99030112c874c,496742348204943040,6328370,30058619
flashbots,10977225,0x060643d2fb9371887b09b1c7ccacfbe083f99162d01c77b5c97b8d4de8740846,0x95c8cc31f8d4e54eddb0603b8f12d59d466f656f374bde2073e321bdd16082d420e3eef4d62467a7ea6b83818381f742,22997178449967556355,21873496,30000000
flashbots,10977223,0xe7f7e4ead3078b0ee83f491b07e4414d349cfb9102cb9d1eae40e4e627c6b942,0xa21a2f4807a2bcb6b07c10cea241322e0910c30869c1e4eda686b0d69bdcb74d2a140ef994afcf0bb38e0b960df4d2ee,92818434586844718,12315383,30029295
flashbots,10977218,0x7bd2fbc9b460610dee38500de4c6e786d0cbef9c5e8a9d0f0ce0c9f103879053,0xb67eaa5efcfa1d17319c344e1e5167811afbfe7922a2cf01c9a361f465597a5dc3a5472bd98843bac88d2541a78eab08,197953998342139218,12086411,30000000
flashbots,10977215,0x55682a2c950e018cda5f0da7c83dc83a29f02717c954e9555d7876ad04768bbc,0xb193dcaf1d485ba78094cb6b4126bff77e08c1244dff814447d3a31d9030b2584b369244ea67f13d48a02fa907b05f3a,416102640863049268,8560986,30056497
flashbots,10977212,0xbf2732ac8c1f72ab5dc1794ff120d6a09aca2595a3f90854d475f35d586b289b,0xb67eaa5efcfa1d17319c344e1e5167811afbfe7922a2cf01c9a361f465597a5dc3a5472bd98843bac88d2541a78eab08,347513188340462371,19997988,30085905
flashbots,10977194,0x33661d2bec1a0406f0e1ee2294bf181f00190651c3747bde9b05af6e3216e38d,0xa21a2f4807a2bcb6b07c10cea241322e0910c30869c1e4eda686b0d69bdcb74d2a140ef994afcf0bb38e0b960df4d2ee,344824831352180977,13627110,30144981
flashbots,10977189,0x641125e288b085a1dafb87694c72f7c3ab159c43aa4ca43b817e239825e55dab,0x840c9dafb68f5cd460b5d5677b85114e89187e7c890f11a8c5fc4a3e4f4aa74136ef0fcd62cf7de9741afcf7d4d3360d,308206681395901504,18384916,30233494
flashbots,10977185,0x25e789f6cca5be654600edfd29d4b08313449ebd4f953bb51e3fc5111197b45b,0xa00001792da52b2ad6606033396337f86e7598c8e0927d640bb649e0a9fe230df41f8ffd3403a5cd4fffd5131e2fbe47,1202501109693879066,13572783,30174562
flashbots,10977176,0xc4701a33fda8dec2d8a48a0454b727729ecca92e744e05a45dde0223b3c67fa4,0xa21a2f4807a2bcb6b07c10cea241322e0910c30869c1e4eda686b0d69bdcb74d2a140ef994afcf0bb38e0b960df4d2ee,283072945708165115,12675933,30233667
flashbots,10977146,0x58ffd18688e74f87f83ef88d968031e2b94e8b89592d755c3f65f8ce5ef257a3,0xb193dcaf1d485ba78094cb6b4126bff77e08c1244dff814447d3a31d9030b2584b369244ea67f13d48a02fa907b05f3a,752090893926965857,7868236,30352425
flashbots,10977143,0xa540e571739164c268bfa09d65ba5510c95e842bbf9c055c920d0a1adcf8e02c,0x83bee51799e65130296f5d60ce7d78119578db6045c3c3631980514abae0be0f9b65fe82eb0c9a79d6d99030112c874c,2492033745628856832,5043193,30322843
flashbots,10977125,0xd1099d4da8a92ac14e3d77cf86345c0e23f076b762f0fdac63e5b25323f11f23,0xacb407cfb554255db2fbbb320f79bb7f1cc1e8d2dc43324e8e31baafd0836340d49c43eebc51828f53bf6d364f9ac207,758960543042513283,12963861,30382384
flashbots,10977123,0x12743de29b5d3ab8c041f0ace5141a557867dac175b495acfa1391c36c6c04c8,0xa21a2f4807a2bcb6b07c10cea241322e0910c30869c1e4eda686b0d69bdcb74d2a140ef994afcf0bb38e0b960df4d2ee,762576206326598022,19570106,30323133
flashbots,10977116,0xdb9ed4efd45b07baac75d720695ab3f54cbb08161c3b19170c71a8cc48ed582b,0xb67eaa5efcfa1d17319c344e1e5167811afbfe7922a2cf01c9a361f465597a5dc3a5472bd98843bac88d2541a78eab08,1137095433873798871,19182890,30352860
flashbots,10977113,0x8700c8b166c4ddaf16d971f1632e8ff0115f9f9fbf27b9f9ed34ea3c401a7549,0x95c8cc31f8d4e54eddb0603b8f12d59d466f656f374bde2073e321bdd16082d420e3eef4d62467a7ea6b83818381f742,944501868916374914,30380465,30382558
flashbots,10977096,0x18aed8e028127b3878d9df0bd8366f90a10b731fba938752d54b0100060ebca9,0xb26f96664274e15fb6fcda862302e47de7e0e2a6687f8349327a9846043e42596ec44af676126e2cacbdd181f548e681,2118312019787795942,19490656,30382790
flashbots,10977093,0x7eea5aceb48bbbfbef0305ff8ddb1717331089c0089c19e6ad3235e3761a323e,0x81476ce973b358648ef2b990ed3fe9e9b264030116e5f6aa12c1b9f573b7a19ef75b9142426ec3a4e56719659940d224,6511980150920407247,4118956,30353179
flashbots,10977091,0x568070401ac1a9fe708c806fa836314b6cda43a7addf23dd1383b3626db3e10c,0x83bee51799e65130296f5d60ce7d78119578db6045c3c3631980514abae0be0f9b65fe82eb0c9a79d6d99030112c874c,597948136438616704,6741861,30293986
flashbots,10977089,0xadeee4c1b976919fc3ae2f4e859b5fd48b073c993a271e378056e9d20f47cd32,0xb67eaa5efcfa1d17319c344e1e5167811afbfe7922a2cf01c9a361f465597a5dc3a5472bd98843bac88d2541a78eab08,8786010084995157240,23758396,30294014
flashbots,10977088,0xb1acf6f7d81e6fa07b021dcdc65f766ed9a22c36b8f3fc51b60133e4b402dd85,0xa21a2f4807a2bcb6b07c10cea241322e0910c30869c1e4eda686b0d69bdcb74d2a140ef994afcf0bb38e0b960df4d2ee,7042874903261085122,10825339,30264460
flashbots,10977079,0x4db8af19305888cdb8efb72a30cb1d8e08f4b1003b76eb602d19c5a55f56e177,0x840c9dafb68f5cd460b5d5677b85114e89187e7c890f11a8c5fc4a3e4f4aa74136ef0fcd62cf7de9741afcf7d4d3360d,5793470962674431293,10377126,30176059
flashbots,10977077,0x31ec0fbb1ca4383beb161d7d5a2d9b4c02bcf2406582ecfa6328d252eccd4cd0,0x840c9dafb68f5cd460b5d5677b85114e89187e7c890f11a8c5fc4a3e4f4aa74136ef0fcd62cf7de9741afcf7d4d3360d,1530461450162691806,8839030,30176087
flashbots,10977072,0xb305e453dbd34315b124fc21be13c726d8c82b1cf97bfacfaec918e279037c1a,0x83bee51799e65130296f5d60ce7d78119578db6045c3c3631980514abae0be0f9b65fe82eb0c9a79d6d99030112c874c,10677473146078681088,5813515,30146705
flashbots,10977067,0x336d5e15bf0172513085426b905b9c4696095a92f645973424a88073da2ae7c3,0x83bee51799e65130296f5d60ce7d78119578db6045c3c3631980514abae0be0f9b65fe82eb0c9a79d6d99030112c874c,8783208400342322176,6817507,30058590
flashbots,10977057,0x56c9b13e51495c71313b0f00888e58889387a30a11df7cd2999d9e04ef7a3ffa,0x83bee51799e65130296f5d60ce7d78119578db6045c3c3631980514abae0be0f9b65fe82eb0c9a79d6d99030112c874c,10293312553698304000,5339814,30058619
flashbots,10977052,0xebd8c263bf74f85a0cab7c91fdfd11f632a6ad2ec05ad34ba0818d0f93af5d3c,0xacb407cfb554255db2fbbb320f79bb7f1cc1e8d2dc43324e8e31baafd0836340d49c43eebc51828f53bf6d364f9ac207,4467514794882953971,16681747,30029295
flashbots,10977040,0x9de80b4876d4d46f4817a9a3cb56f048b866546fd453fd807b02fbc20ffa5721,0xaaf294c49fe14a402c7ffba447ec001032a8e9ff4cb4723c2f62aa0e76a707c7acb0abf545116c8221db50fed0d0d25c,122413503959914072317,30119229,30168343
flashbots,10977032,0x26e88a4a95c3e9a5ab2bc79dd35ee43008c47f7846ac6ce921f865e1d5bc0085,0xaaf294c49fe14a402c7ffba447ec001032a8e9ff4cb4723c2f62aa0e76a707c7acb0abf545116c8221db50fed0d0d25c,17771102366383462415,15885947,30286528
flashbots,10977025,0xc106a382ebe3b981c5b16b9d4bf78c305eb103b1e292569a287d6d085943e201,0xb26f96664274e15fb6fcda862302e47de7e0e2a6687f8349327a9846043e42596ec44af676126e2cacbdd181f548e681,1316858641737837554,4584509,30375485
flashbots,10977022,0x0fc6e2717998fea50e9b16da6b4cd88edd477e0e8e94d7cde73fd3af669a0cf2,0xb67eaa5efcfa1d17319c344e1e5167811afbfe7922a2cf01c9a361f465597a5dc3a5472bd98843bac88d2541a78eab08,198470987587501935,9614578,30405205
flashbots,10977021,0x73373bc5bdd715a71cee6e456c115ef67a56589e7fb7f1141e8cd0ca0ac2b75b,0xacb407cfb554255db2fbbb320f79bb7f1cc1e8d2dc43324e8e31baafd0836340d49c43eebc51828f53bf6d364f9ac207,4542725927809505368,16083225,30375543
flashbots,10977015,0x06a932e47cc4167256c41bfc87181aa1f8a317ead4f47b3e53a37ca639c88f5d,0x83bee51799e65130296f5d60ce7d78119578db6045c3c3631980514abae0be0f9b65fe82eb0c9a79d6d99030112c874c,6843634856422505472,8886016,30316364
flashbots,10977012,0xb3ec6956cf3780c37a5c7c31796094310fc575a4cada362806f923bf79c0ab49,0x83bee51799e65130296f5d60ce7d78119578db6045c3c3631980514abae0be0f9b65fe82eb0c9a79d6d99030112c874c,2288058215908756736,9395854,30346026
flashbots,10977009,0xdc211c3a38db78b96f61757359d671ab7d8105143d172a520be72a043b016348,0x83bee51799e65130296f5d60ce7d78119578db6045c3c3631980514abae0be0f9b65fe82eb0c9a79d6d99030112c874c,3770774275161689088,8668114,30375717
flashbots,10977001,0x6c373da0b9fae63311a2210c1dc2fac7405196158dc80736654b2b8e9ae6e6c8,0x83bee51799e65130296f5d60ce7d78119578db6045c3c3631980514abae0be0f9b65fe82eb0c9a79d6d99030112c874c,7198766972863361024,6956102,30257415
flashbots,10976988,0x8952d8269e3311cfedd423a1952bb6a482a261e6c565e32883fffb64797190fe,0xb67eaa5efcfa1d17319c344e1e5167811afbfe7922a2cf01c9a361f465597a5dc3a5472bd98843bac88d2541a78eab08,9658706038848086010,30220891,30228071
flashbots,10976986,0x1907902e322af8610024fa643d2df23c326e85db4f8fa46a447a56ca0a389068,0x83bee51799e65130296f5d60ce7d78119578db6045c3c3631980514abae0be0f9b65fe82eb0c9a79d6d99030112c874c,36886718760525774848,29836834,30169121
flashbots,10976981,0xb1e710aab8e0cf68476bb68aa337661b9c1f1768f69a000447bf807289aabd2d,0x83bee51799e65130296f5d60ce7d78119578db6045c3c3631980514abae0be0f9b65fe82eb0c9a79d6d99030112c874c,50898555462657933312,30238315,30257704
flashbots,10976977,0x2349fa977a392c40ac97db0c5cb1e50a88d08e3fa9ad6359d013cf6f4174b2b4,0x83bee51799e65130296f5d60ce7d78119578db6045c3c3631980514abae0be0f9b65fe82eb0c9a79d6d99030112c874c,44205279261882040320,30295643,30316914
flashbots,10976971,0x63481f0e2784e4f0e3d7caad1cbf47c09372c6634fdf3de83f9cfc513a2e927b,0xb67eaa5efcfa1d17319c344e1e5167811afbfe7922a2cf01c9a361f465597a5dc3a5472bd98843bac88d2541a78eab08,2522022602175349601,22769823,30376269
flashbots,10976966,0x0bebb9c1dd61158dfddd4aa6620a63a1356c5c8819c2cc42090b8a03eea4a308,0xb3a6dc1f159cd010d6d4999822337524576d9ef9d14f34dc7337a735f2d80cd4d64414da809661967df09f39320bc2df,1305294234144616963,14642558,30346693
flashbots,10976965,0x0577c054f1a71943a32da0fab82d193230f1135813ba1df607e8a46aea42327c,0x95c8cc31f8d4e54eddb0603b8f12d59d466f656f374bde2073e321bdd16082d420e3eef4d62467a7ea6b83818381f742,3627420364899749794,30296135,30317088
flashbots,10976957,0x69685c621eaa177f94097a5c3513b87e81d594be30826c53a0ac2bbcda1eb45a,0x83bee51799e65130296f5d60ce7d78119578db6045c3c3631980514abae0be0f9b65fe82eb0c9a79d6d99030112c874c,1108419857671200128,30477433,30495356
flashbots,10976955,0xfd667f88cbb791c0078998475c0138d42bd4104c28b87a75fd2d15e81d322e56,0xb4a435cf816291596fe2e405651ec8b6c80b9cc34dace3c83202ca489a833756c9a0672ebdc17f23d9d43163db1caa5d,12631574153759695621,18564542,30555001
flashbots,10976951,0x32a8e33b378db7174d361cf7daeafdca47335024ca00c9408ae034c012f0f550,0x840c9dafb68f5cd460b5d5677b85114e89187e7c890f11a8c5fc4a3e4f4aa74136ef0fcd62cf7de9741afcf7d4d3360d,37653827408079583149,23052249,30555060
flashbots,10976938,0x3c08fb754a76ecf383ee4bb1508c596ad6f96b6ee94d68807f3a4107503f66f9,0xa00001792da52b2ad6606033396337f86e7598c8e0927d640bb649e0a9fe230df41f8ffd3403a5cd4fffd5131e2fbe47,6976143291177902143,30574514,30585106
flashbots,10976936,0x6e728e5c1a4918fd77b4b7a852c7f3865ac579a0fa8c2898c055d7b07a2dca16,0xb193dcaf1d485ba78094cb6b4126bff77e08c1244dff814447d3a31d9030b2584b369244ea67f13d48a02fa907b05f3a,2984296743280556189,30323150,30525459
flashbots,10976927,0xf7afcad54258231da52c0afb0b9f70d2e093a1bf1bf253fca403ed2342e1bf5e,0xacb407cfb554255db2fbbb320f79bb7f1cc1e8d2dc43324e8e31baafd0836340d49c43eebc51828f53bf6d364f9ac207,8752215692782782889,30580813,30585251
flashbots,10976920,0x80e8403ddf34fbb572d305aef98d4568fa3ba0011da4ca24b80a563cb90ce4e8,0x83bee51799e65130296f5d60ce7d78119578db6045c3c3631980514abae0be0f9b65fe82eb0c9a79d6d99030112c874c,893022354788841088,30652157,30675085
flashbots,10976900,0xf6147fb4b213130ab5c010569eb8cb52eebb5c87e30415ea1482b432433bcf8f,0xa21a2f4807a2bcb6b07c10cea241322e0910c30869c1e4eda686b0d69bdcb74d2a140ef994afcf0bb38e0b960df4d2ee,523064655447143473,12250803,30795433
flashbots,10976888,0xf579734767a7a232d730e1aea033e3511e2c9f94f116755941654ec8af7c6aad,0x8c344feeb5426018c1855bc33cf739c15ce43fe780fc13275163f3c33075318619e6b2151407f87a970be24443c9cea4,29233513902762231334,2702137,30795608
flashbots,10976885,0x0959c0124fab610c14a82c6b6475d82ab9260ed96d6265ec0ee4b90db8fc8c80,0x8c344feeb5426018c1855bc33cf739c15ce43fe780fc13275163f3c33075318619e6b2151407f87a970be24443c9cea4,41429574262994206008,2703728,30825740
flashbots,10976883,0xd0e425805687e8eb439eb067459b829f20ebb50a5829ea87380908ed92e194fd,0x83bee51799e65130296f5d60ce7d78119578db6045c3c3631980514abae0be0f9b65fe82eb0c9a79d6d99030112c874c,361285435236007424,7156189,30825769
flashbots,10976876,0x58eb45c4fcc365531566f8f33087a98c665c8762f45eec82537e8804e25f8e71,0x81476ce973b358648ef2b990ed3fe9e9b264030116e5f6aa12c1b9f573b7a19ef75b9142426ec3a4e56719659940d224,170684408655756984503,4032555,30795785
flashbots,10976872,0x33724ae2559b262fd18a99a83d2341fa43b80f61e8e0851a91c1a4adf7b43e27,0x95c8cc31f8d4e54eddb0603b8f12d59d466f656f374bde2073e321bdd16082d420e3eef4d62467a7ea6b83818381f742,12682280044256780,12571169,30795844
flashbots,10976865,0x172a68573875022debd7d908276a682f1bdad368fd535f60bb0ed6227ca8b1b9,0x93582c97ac58670ba118aae52cf6355d8c680a2a538bf77c90873e3fe7ddc0a6dd231e2e2ea06bdc07e9b160883512a3,82643768593612945,9114324,30765890
flashbots,10976849,0x70e1e0ebfa553a0519d55f58cec06766f48dcc2cc6494937c49bd6f230b44d6f,0x81476ce973b358648ef2b990ed3fe9e9b264030116e5f6aa12c1b9f573b7a19ef75b9142426ec3a4e56719659940d224,4081962679332316359,1732629,30706095
flashbots,10976847,0x3a4ab254cc7a3d86016c88e9e6ec32cc9ae9876cfc7dd75f8205f2fdb92a79b9,0x83bee51799e65130296f5d60ce7d78119578db6045c3c3631980514abae0be0f9b65fe82eb0c9a79d6d99030112c874c,142065232042839664,11706582,30646213
flashbots,10976844,0x8e9244a8996d3f3ad0475064201dbd1db34fc8589791fa2524b3d4f675115b47,0xb67eaa5efcfa1d17319c344e1e5167811afbfe7922a2cf01c9a361f465597a5dc3a5472bd98843bac88d2541a78eab08,65625971178971290,14738441,30616345
flashbots,10976842,0x7083d026b880d1ffa2fbf481bd1f520640adae5474f4124d269c70bdfe696dde,0xb193dcaf1d485ba78094cb6b4126bff77e08c1244dff814447d3a31d9030b2584b369244ea67f13d48a02fa907b05f3a,109930052957689149,5339160,30616374
flashbots,10976820,0xb451f46fd2439fcb1761faa04e431be29e088066a1beabf48f7616c5f6954c62,0xb67eaa5efcfa1d17319c344e1e5167811afbfe7922a2cf01c9a361f465597a5dc3a5472bd98843bac88d2541a78eab08,121268747493465359,8510459,30796607
flashbots,10976805,0x1528bb10603b8908e948f38eee014857723a34440bee4a5e1a0747ec17e124b1,0x840c9dafb68f5cd460b5d5677b85114e89187e7c890f11a8c5fc4a3e4f4aa74136ef0fcd62cf7de9741afcf7d4d3360d,427988844083208106,16218358,30706739
flashbots,10976803,0xc6ee56ee868fe8388391a3e3fd7d8643d4a2e956027462b7ea68c90b7ce70cde,0xa21a2f4807a2bcb6b07c10cea241322e0910c30869c1e4eda686b0d69bdcb74d2a140ef994afcf0bb38e0b960df4d2ee,149460946912880861,14080761,30646856
flashbots,10976801,0x8724b295e48f38b167d1847b3bc9e8f0161a106c0ce5d52d009f17b3bc339408,0xb26f96664274e15fb6fcda862302e47de7e0e2a6687f8349327a9846043e42596ec44af676126e2cacbdd181f548e681,82081193009127961,25627279,30646885
flashbots,10976799,0xf89ee252178efcee681abe51b4eb7dbd92cd06e93bf78bef4f59382636a8b8fc,0xa21a2f4807a2bcb6b07c10cea241322e0910c30869c1e4eda686b0d69bdcb74d2a140ef994afcf0bb38e0b960df4d2ee,22796027072761043,9699426,30646914
flashbots,10976795,0x8b2eb719cf342fbba7cdcc912001d2c612deea8e0d7f15ce997ceebbb4132ef0,0x93582c97ac58670ba118aae52cf6355d8c680a2a538bf77c90873e3fe7ddc0a6dd231e2e2ea06bdc07e9b160883512a3,66614383618515602,10825921,30706885
flashbots,10976788,0x95b67f2d497fc4defb78936e65ad98423476b9114e0db24fae48f649322b99a1,0x83bee51799e65130296f5d60ce7d78119578db6045c3c3631980514abae0be0f9b65fe82eb0c9a79d6d99030112c874c,193615021882450656,9007904,30617162
flashbots,10976782,0x6fbbb470404d086f97c8db73d893e0e7dc0e92cd56a51b448700977930a1dd7a,0x83bee51799e65130296f5d60ce7d78119578db6045c3c3631980514abae0be0f9b65fe82eb0c9a79d6d99030112c874c,735101131363610496,7921562,30677104
flashbots,10976758,0xd199149a3762aa81834801fceb26c3e513ae51d049e75fbcb90e8cef72bbe7b1,0x8b8edce58fafe098763e4fabdeb318d347f9238845f22c507e813186ea7d44adecd3028f9288048f9ad3bc7c7c735fba,37608884507490966,8704409,30617600
flashbots,10976742,0x1d937b9229ea096e6880c656775d21132f6300f739868ba74df3e62e6c290d0d,0x93582c97ac58670ba118aae52cf6355d8c680a2a538bf77c90873e3fe7ddc0a6dd231e2e2ea06bdc07e9b160883512a3,129335480447345208,8973047,30827827
flashbots,10976739,0x75b998ed55140f9b505af64a2bd574c2e96917840bb2efeadc4e1ad845dfcf7d,0x93582c97ac58670ba118aae52cf6355d8c680a2a538bf77c90873e3fe7ddc0a6dd231e2e2ea06bdc07e9b160883512a3,94676083563368485,18373953,30797783
flashbots,10976726,0xe0824dcd921fab66346a0b89a6e54dc38d5e4a0812f03ac9d4994440d65f4a9f,0xb67eaa5efcfa1d17319c344e1e5167811afbfe7922a2cf01c9a361f465597a5dc3a5472bd98843bac88d2541a78eab08,61561715572011531,17186099,30828062
flashbots,10976718,0xf673ea160aa196347c76b8d098cac53a3c5a26cdbda006f85eca85c1216939a4,0xb67eaa5efcfa1d17319c344e1e5167811afbfe7922a2cf01c9a361f465597a5dc3a5472bd98843bac88d2541a78eab08,54752445217317725,14358112,30888446
flashbots,10976717,0x134f4e422e1aff6add1d42e49146a942920d05a4d69bdc9c5d5845c88edd4b9e,0xb26f96664274e15fb6fcda862302e47de7e0e2a6687f8349327a9846043e42596ec44af676126e2cacbdd181f548e681,52034085063837912,7313218,30918638
flashbots,10976708,0x747106d765c8b0bb3b36588c1f0e4f08f23214a5b26d8a60d2b8a9a74d7ac445,0xb67eaa5efcfa1d17319c344e1e5167811afbfe7922a2cf01c9a361f465597a5dc3a5472bd98843bac88d2541a78eab08,97358598157056920,12287718,30858430
flashbots,10976704,0xd9e7765d3865306cfceefdba9d5d746dffd1c2f8056ea937fdb371b6b960d0ca,0xb193dcaf1d485ba78094cb6b4126bff77e08c1244dff814447d3a31d9030b2584b369244ea67f13d48a02fa907b05f3a,94863436019574776,11904411,30858489
flashbots,10976701,0xb7579b31e5f5e1ffb803757100beec05c0049a5fa738585018dcab665e639c03,0xa21a2f4807a2bcb6b07c10cea241322e0910c30869c1e4eda686b0d69bdcb74d2a140ef994afcf0bb38e0b960df4d2ee,51833138137846868,7879598,30888681
flashbots,10976691,0xa65c152306543f54168358e344d71793da6161c1d5a2c5d021aa66fb45668acb,0xa2d994ea26d7c3b94b444fc2f2a6070d5cc8164e51d1a5c65db8ad6381ba5fc5e0eb3aa088b46e8da96b5167f9b97569,84721067596200056,6306489,30949215
flashbots,10976686,0x8b4f4178f6887324c2336bfbf6ab3c1ce2d265ae4106eee2c128bad34b1e98fa,0x83bee51799e65130296f5d60ce7d78119578db6045c3c3631980514abae0be0f9b65fe82eb0c9a79d6d99030112c874c,188008707230268256,16018603,30858754
flashbots,10976683,0x4a4398d8ec34606e949fdc4ab1a1e1c8a69c45f62ff17cebfe1e8cf9d546d5a5,0xb67eaa5efcfa1d17319c344e1e5167811afbfe7922a2cf01c9a361f465597a5dc3a5472bd98843bac88d2541a78eab08,41316856405053682,13667182,30888946
flashbots,10976677,0x6b4b52b145dfa53e1b3b3881074743ead9fb00d9327a5a29aac230919b2fcdfa,0xa21a2f4807a2bcb6b07c10cea241322e0910c30869c1e4eda686b0d69bdcb74d2a140ef994afcf0bb38e0b960df4d2ee,50253289536187365,7859011,30828766
flashbots,10976672,0xd9069a43ed85e6f58e9492a3c0b10126e4ecb509b2063d26e35e8d49e1499061,0xb26f96664274e15fb6fcda862302e47de7e0e2a6687f8349327a9846043e42596ec44af676126e2cacbdd181f548e681,122065745119022465,12870956,30919287
flashbots,10976670,0xb079c2bb2f7bb42440c5e0b722a94b957114619612424c29c1f0cd6be50b9dee,0xb67eaa5efcfa1d17319c344e1e5167811afbfe7922a2cf01c9a361f465597a5dc3a5472bd98843bac88d2541a78eab08,58768122724810165,27191155,30919317
flashbots,10976668,0xc267778e57a6fd4ab49ecd81ddaf24af4c3caef97946067d305a7b1174fbc742,0xb193dcaf1d485ba78094cb6b4126bff77e08c1244dff814447d3a31d9030b2584b369244ea67f13d48a02fa907b05f3a,41072230153532724,11428622,30859019
flashbots,10976666,0xcfde741dacff2aaaee964da3cf0cb027cee214e3132745438f80c5811f79c209,0xb67eaa5efcfa1d17319c344e1e5167811afbfe7922a2cf01c9a361f465597a5dc3a5472bd98843bac88d2541a78eab08,416499110506271350,16822202,30889183
flashbots,10976664,0x15904ffe3213b3ae5ccb50a0677c6ccd6164ee7da5d5f89a9729d7ba2e71970f,0xa00003f73b2dd7971dd3030d6af2ba42bdf9cd02197026fee7572f3b8147137cca109048cece90fdd0f73a5d9b5b5e41,166304658046877155,2316573,30949599
flashbots,10976659,0x7792ab4b2185efc981ee6d046b3f810751318ea9c5fdf8225c37b6dd2eb1991a,0xa21a2f4807a2bcb6b07c10cea241322e0910c30869c1e4eda686b0d69bdcb74d2a140ef994afcf0bb38e0b960df4d2ee,131545652382194703,20268318,30979910
flashbots,10976635,0x7b2e93cae6da44851bc7f97203ef5fa4ffe73b68d8dbd51b023488cd5576f5f4,0xacb407cfb554255db2fbbb320f79bb7f1cc1e8d2dc43324e8e31baafd0836340d49c43eebc51828f53bf6d364f9ac207,60275527192619555,8902618,30739185
flashbots,10976631,0xdc3f3154e761ed797d56340522c28abf29158cf440040d3987697cbceabeb059,0x93582c97ac58670ba118aae52cf6355d8c680a2a538bf77c90873e3fe7ddc0a6dd231e2e2ea06bdc07e9b160883512a3,220281930433469183,6758367,30799337
flashbots,10976630,0x937613b0a39fe24c3374549e371802cd6efc149c2adbe242eaea60f7c89c359b,0x840c9dafb68f5cd460b5d5677b85114e89187e7c890f11a8c5fc4a3e4f4aa74136ef0fcd62cf7de9741afcf7d4d3360d,512005676422593734,11886421,30829442
flashbots,10976629,0x8bde8283a6b8651257cb3a940500add6f1f392cf29b1a7584199f04d711e9f9c,0xb4a435cf816291596fe2e405651ec8b6c80b9cc34dace3c83202ca489a833756c9a0672ebdc17f23d9d43163db1caa5d,3077480481986059638,15938360,30859577
flashbots,10976623,0xd64378bac3bd67a1b93b1e335b4b6543e8931af9b0accaac1b0ab2ca2205deb6,0xb4a435cf816291596fe2e405651ec8b6c80b9cc34dace3c83202ca489a833756c9a0672ebdc17f23d9d43163db1caa5d,729717623572807685,26086151,30739362
flashbots,10976620,0x11492cc3e3b3475eae1d8a0644134cc8cb9f153af8d73f49d6a926b6e5beb89e,0x840c9dafb68f5cd460b5d5677b85114e89187e7c890f11a8c5fc4a3e4f4aa74136ef0fcd62cf7de9741afcf7d4d3360d,41670261597428151,11321897,30709403
flashbots,10976607,0x47b684404a54b9c79d10f6acb32c7919d822b6d4a5bb016760d5bbbf7f519387,0x840c9dafb68f5cd460b5d5677b85114e89187e7c890f11a8c5fc4a3e4f4aa74136ef0fcd62cf7de9741afcf7d4d3360d,39205343967391797,9834994,30799690
flashbots,10976582,0x6b5bd035999181e1527e01fefe467119c3fd94d0cf864f966eae047d63286830,0xa21a2f4807a2bcb6b07c10cea241322e0910c30869c1e4eda686b0d69bdcb74d2a140ef994afcf0bb38e0b960df4d2ee,31848172715093189,10231239,30530552
flashbots,10976578,0xdd37437372642436476d7c8f1a0f74709619994b0c9997b957bdf926e5ec1330,0x840c9dafb68f5cd460b5d5677b85114e89187e7c890f11a8c5fc4a3e4f4aa74136ef0fcd62cf7de9741afcf7d4d3360d,155157086484310420,7913896,30590297
flashbots,10976575,0x66aaba2fe300a08624c68e5b39e7c76c83822cd7e29ecd67ae20e4aa1a25b017,0xa21a2f4807a2bcb6b07c10cea241322e0910c30869c1e4eda686b0d69bdcb74d2a140ef994afcf0bb38e0b960df4d2ee,94187260452502058,10450932,30500856
flashbots,10976571,0x56f596f5e47d8d36c20af51160ab7c0e0dc11afdd1057a7c4ddf0df612f776e8,0xa21a2f4807a2bcb6b07c10cea241322e0910c30869c1e4eda686b0d69bdcb74d2a140ef994afcf0bb38e0b960df4d2ee,86085136654010860,10353415,30500915
flashbots,10976561,0xdcd08afc55476dd8226f9471c6b4ae5c05618a7bac42b159d66dad72a55d4ae6,0xb26f96664274e15fb6fcda862302e47de7e0e2a6687f8349327a9846043e42596ec44af676126e2cacbdd181f548e681,123906585589654286,14961036,30441550
flashbots,10976542,0xc7a3675627b3fefdce3b1191ac34e66f33ca0bb5b8489798b786a631555f3a55,0x95c8cc31f8d4e54eddb0603b8f12d59d466f656f374bde2073e321bdd16082d420e3eef4d62467a7ea6b83818381f742,30946054628492823,10828537,30352775
flashbots,10976529,0x828e6c3141560b6e9d32756ebdc4cecad7a94144ef82f4b5ae062ea1d09ab911,0xb67eaa5efcfa1d17319c344e1e5167811afbfe7922a2cf01c9a361f465597a5dc3a5472bd98843bac88d2541a78eab08,1130732645971117550,30198445,30205123
flashbots,10976527,0xa6b12e59f7c1940ea5f9c817bf3acb3b4dd7caf55c494c1720a5d9b2cdcf1d8d,0xb26f96664274e15fb6fcda862302e47de7e0e2a6687f8349327a9846043e42596ec44af676126e2cacbdd181f548e681,1965049180734947204,8646536,30205152
flashbots,10976526,0x0e3c413e9cbb87f0758d4174c716d8109154467027c7d0a78903ad3949e27ff8,0x93582c97ac58670ba118aae52cf6355d8c680a2a538bf77c90873e3fe7ddc0a6dd231e2e2ea06bdc07e9b160883512a3,2030688776899934119,11050863,30175685
flashbots,10976525,0xa69bf96cbae5204ced8e6019624f3df408d35455d758a3d8a18f2632ae5d77c0,0xa21a2f4807a2bcb6b07c10cea241322e0910c30869c1e4eda686b0d69bdcb74d2a140ef994afcf0bb38e0b960df4d2ee,1815410598974246647,8392666,30146247
flashbots,10976509,0xbaedf14ed845f290963c751a2df82a9b3fa30cae20a6358adea508467e665a23,0x840c9dafb68f5cd460b5d5677b85114e89187e7c890f11a8c5fc4a3e4f4aa74136ef0fcd62cf7de9741afcf7d4d3360d,185952290994179551,20924773,30146476
flashbots,10976506,0xe0cead14c4a087226182b249814657ac700ce0b1d90da7bcde56391e59ad98f9,0xa2d994ea26d7c3b94b444fc2f2a6070d5cc8164e51d1a5c65db8ad6381ba5fc5e0eb3aa088b46e8da96b5167f9b97569,58913495765399076,12394706,30234964
flashbots,10976496,0xc8ace6dfb2e5f6c4be6a89fd5a1514193bb14e2851141fb479e3e7d6797b66a8,0xb67eaa5efcfa1d17319c344e1e5167811afbfe7922a2cf01c9a361f465597a5dc3a5472bd98843bac88d2541a78eab08,43885513919683638,28734186,30117239
flashbots,10976489,0xdb95f2c05dde18238ee93588eeccf7d4a1341afb0c2fe231eb385e1e1b8f6559,0xa21a2f4807a2bcb6b07c10cea241322e0910c30869c1e4eda686b0d69bdcb74d2a140ef994afcf0bb38e0b960df4d2ee,3450213536108291512,10610062,30087943
flashbots,10976487,0x81f340d59e5dc7708ae989d297e677e4dd36011aa28e3c213442d0f9cbdda67c,0x95c8cc31f8d4e54eddb0603b8f12d59d466f656f374bde2073e321bdd16082d420e3eef4d62467a7ea6b83818381f742,128618156882377223,13942067,30087972
flashbots,10976486,0x009e33d79a363b44293261a289f370c6dd8b05e0c68ab084f7fc77a1cef8f81d,0xb26f96664274e15fb6fcda862302e47de7e0e2a6687f8349327a9846043e42596ec44af676126e2cacbdd181f548e681,51382636375816287,18317408,30058619
flashbots,10976481,0xc562a1ec837bd7189ae3959014d4f4dc31f2cd34b9f8f3ff644a3376cdb3f236,0xb26f96664274e15fb6fcda862302e47de7e0e2a6687f8349327a9846043e42596ec44af676126e2cacbdd181f548e681,25848856196623815,11406274,30000000
flashbots,10976476,0x4807c1e8607dcb9c2c37128a62a65a024c66e9a05406115f1603ad06b44ff8f6,0xacb407cfb554255db2fbbb320f79bb7f1cc1e8d2dc43324e8e31baafd0836340d49c43eebc51828f53bf6d364f9ac207,25923502192341976,11275913,30058562
flashbots,10976447,0xc28dae62a841f75b116e604384827e928ca183cdcb7650ef240bd7bf41c2af9a,0xb26f96664274e15fb6fcda862302e47de7e0e2a6687f8349327a9846043e42596ec44af676126e2cacbdd181f548e681,88003144061102963,15113569,30116375
flashbots,10976441,0x7107aac4573a2c4ed5dad21f436eb230745f3b629d4f4b45a7663d58d2c9dd58,0x95c8cc31f8d4e54eddb0603b8f12d59d466f656f374bde2073e321bdd16082d420e3eef4d62467a7ea6b83818381f742,66450398263834297,14290300,30057701
flashbots,10976428,0x60af7338e2091bcd95bc595c9e66b4f8ddf9a284fb086ffb3a5c0b9499d4b6c7,0x840c9dafb68f5cd460b5d5677b85114e89187e7c890f11a8c5fc4a3e4f4aa74136ef0fcd62cf7de9741afcf7d4d3360d,494703104244534174,13969679,30146071
flashbots,10976417,0xb7940df8c4ebf8108b3421d38cc6a691856ef243c71d1d3ac57a7b4666beb7e6,0xb67eaa5efcfa1d17319c344e1e5167811afbfe7922a2cf01c9a361f465597a5dc3a5472bd98843bac88d2541a78eab08,33467575837522747,22128004,30116807
flashbots,10976384,0x10a4b324c9605910b342725ac8b1e194199744d0ddabdc329d6902407cfdd5ad,0xa21a2f4807a2bcb6b07c10cea241322e0910c30869c1e4eda686b0d69bdcb74d2a140ef994afcf0bb38e0b960df4d2ee,21368980130278204,18709846,30205640
flashbots,10976381,0x629b3a353452faec287966c86bcbd4b6c69bd83f7da435e2d64c276df7e33588,0x83bee51799e65130296f5d60ce7d78119578db6045c3c3631980514abae0be0f9b65fe82eb0c9a79d6d99030112c874c,2249337871118121472,5513160,30117324
flashbots,10976378,0x49ea27de78fdae9d027c4a471d217b495e3459b35f3a72510d6ce19a1018aff3,0x95c8cc31f8d4e54eddb0603b8f12d59d466f656f374bde2073e321bdd16082d420e3eef4d62467a7ea6b83818381f742,41830900890340932,9687466,30029266
flashbots,10976370,0xb0322ad0fda25458fc25e929bc78ce8f9f25aa11db98af9749038ee4468fa480,0xae2ffc6986c9a368c5ad2d51f86db2031d780f6ac9b2348044dea4e3a75808b566c935099de8b1a1609db322f2110e7a,44807299912431412,11845195,30029295
flashbots,10976365,0x0be95658540df4c23809194dbae51f404d848a6d1854e64ba8098bddd6719fc2,0x93582c97ac58670ba118aae52cf6355d8c680a2a538bf77c90873e3fe7ddc0a6dd231e2e2ea06bdc07e9b160883512a3,80186414546401243,10128088,30058591
flashbots,10976357,0xb806b1e2411edf50a499c7107d20f6951abd963d8e803541201e80aec34c865d,0xb67eaa5efcfa1d17319c344e1e5167811afbfe7922a2cf01c9a361f465597a5dc3a5472bd98843bac88d2541a78eab08,19234734948208404,13497394,30058619
flashbots,10976354,0xda5af0054640246f834b34c5405871b5bcde56420a67362d3f068504322c3431,0x840c9dafb68f5cd460b5d5677b85114e89187e7c890f11a8c5fc4a3e4f4aa74136ef0fcd62cf7de9741afcf7d4d3360d,17915787845188854,8913092,30029295
flashbots,10976350,0x2e8e013955ccacfa6a3eac17883297f8e98cd0b2c99b35e308695e2006686984,0xb26f96664274e15fb6fcda862302e47de7e0e2a6687f8349327a9846043e42596ec44af676126e2cacbdd181f548e681,224668701916403237,10077143,30058476
flashbots,10976335,0xcab70dba6373f727c5302799642dce79f2c8b09bcec52119a30b5cef65bb4a73,0x93582c97ac58670ba118aae52cf6355d8c680a2a538bf77c90873e3fe7ddc0a6dd231e2e2ea06bdc07e9b160883512a3,73893221562660346,10665746,30087055
flashbots,10976321,0x50231ab3cf87d9875ebcb707e8ff91d6b9d6392f1d8899edd4b41a9e099793fa,0x93582c97ac58670ba118aae52cf6355d8c680a2a538bf77c90873e3fe7ddc0a6dd231e2e2ea06bdc07e9b160883512a3,73022113984308754,9359664,30264056
flashbots,10976304,0x1cc13218daaa2dfbdff9b48a03634094b00ed751a4518ecd55c6d0bb6ed0cb05,0x95c8cc31f8d4e54eddb0603b8f12d59d466f656f374bde2073e321bdd16082d420e3eef4d62467a7ea6b83818381f742,65943121454342292,14275203,30116894
flashbots,10976298,0x7d702f070e9b812a7e16bd7ddea3ede9f865e979d7fee51de3efd2eaff7866a8,0xb26f96664274e15fb6fcda862302e47de7e0e2a6687f8349327a9846043e42596ec44af676126e2cacbdd181f548e681,138739620260320184,9859805,30116980
flashbots,10976289,0xe78ced88149b4bd19315834c2be8fffd6425d72842da6f467975edb222aabfa1,0xa00001792da52b2ad6606033396337f86e7598c8e0927d640bb649e0a9fe230df41f8ffd3403a5cd4fffd5131e2fbe47,72110939106587612,11771916,30264518
flashbots,10976276,0x83d6910506429f9560e9d79f62c828bd5e3587678a44820fe87c1137ed8f27ff,0xb67eaa5efcfa1d17319c344e1e5167811afbfe7922a2cf01c9a361f465597a5dc3a5472bd98843bac88d2541a78eab08,332660077636165087,13446181,30058534
flashbots,10976274,0xbf78927b676e8b528593bce10a7ba4d17fa0acd3836e1a51b9b6e78d10ff5a80,0xb4a435cf816291596fe2e405651ec8b6c80b9cc34dace3c83202ca489a833756c9a0672ebdc17f23d9d43163db1caa5d,35558560698696618,15432443,30058562
flashbots,10976273,0x437518e7bd9dd119ece28167ac34c8c494a7df6d5019aa32eb5c7b6b12aa6f8d,0x840c9dafb68f5cd460b5d5677b85114e89187e7c890f11a8c5fc4a3e4f4aa74136ef0fcd62cf7de9741afcf7d4d3360d,36862237454860555,20348807,30087943
flashbots,10976270,0xabce83d1722272c469b5cae8db3ba54da320b305d31039bdaef30fb7758fea14,0x840c9dafb68f5cd460b5d5677b85114e89187e7c890f11a8c5fc4a3e4f4aa74136ef0fcd62cf7de9741afcf7d4d3360d,88229994676836960,10111762,30058619
flashbots,10976255,0xa71d9f2454975829e78cc0fc2e142410b53cccc23b202bfd8b7c70f422e8f806,0xb67eaa5efcfa1d17319c344e1e5167811afbfe7922a2cf01c9a361f465597a5dc3a5472bd98843bac88d2541a78eab08,181101990988183491,12063527,30029266
flashbots,10976253,0xf9b7ef236650ade6b32e242fce65b90426bbcb7a610bf4924a1e5a19a3ad47f4,0xb67eaa5efcfa1d17319c344e1e5167811afbfe7922a2cf01c9a361f465597a5dc3a5472bd98843bac88d2541a78eab08,167778169535973887,18585843,30029295
flashbots,10976247,0x8ef9e5cdc85728b2338ad5d92aaddad1f5887d176cff2ca64832c9a4fcb0aac2,0xa9bd259c09a526915575d096fd659d1e207caa94c7f92d584d256a5090dd5d81369e8fe67b8cc89b87199084aa42e20a,113348504074078241,3338005,30029295
flashbots,10976225,0xfe48437a64df35c9465d4a3edf1fdeb120e838c82c0f9ed40f60f71dce367178,0xb4a435cf816291596fe2e405651ec8b6c80b9cc34dace3c83202ca489a833756c9a0672ebdc17f23d9d43163db1caa5d,374898329026799481,6789498,30117180
flashbots,10976223,0xcda4f39fbd9374da100416bc78f5cf2c27b88af3c6ec374f64d12b52c0ed2230,0x840c9dafb68f5cd460b5d5677b85114e89187e7c890f11a8c5fc4a3e4f4aa74136ef0fcd62cf7de9741afcf7d4d3360d,1757700902730133534,11673159,30117209
flashbots,10976213,0xf8c1bddde11d0b5e6f5b0aa47bf8e295584a48b10a97cc7354046934a8c620a8,0xb26f96664274e15fb6fcda862302e47de7e0e2a6687f8349327a9846043e42596ec44af676126e2cacbdd181f548e681,56906791572551900,12236723,30117353
flashbots,10976210,0x1a5ec7f9f7433050f0a8d8f076a8cec224dfd42e2cf7d72ecee6eb763626e71f,0xb9f88bc584a53fabb5b295e50638b20218c8b2303f3d26daef84ddb9609f1f93a95608806c94e564ebcd6e3976d3838d,44837938283833686,6597053,30029295
flashbots,10976201,0x245069fa1acd58a7a453fe3ff1f1e7e252efad073d2b512c296ff226f95b3ca2,0xb67eaa5efcfa1d17319c344e1e5167811afbfe7922a2cf01c9a361f465597a5dc3a5472bd98843bac88d2541a78eab08,443849014175097572,15272821,30087972
flashbots,10976193,0xdda085249c4ac17fa24ff755862b25117c3266958dea82bf83b38fb14e5023d3,0x840c9dafb68f5cd460b5d5677b85114e89187e7c890f11a8c5fc4a3e4f4aa74136ef0fcd62cf7de9741afcf7d4d3360d,41792159913005911,14047985,30087857
flashbots,10976190,0x94b486543fa4b51533f8740409a8157ee49230cb440957e1b3b7643267286c56,0xa2d994ea26d7c3b94b444fc2f2a6070d5cc8164e51d1a5c65db8ad6381ba5fc5e0eb3aa088b46e8da96b5167f9b97569,236121602982124892,18287511,30058532
flashbots,10976182,0xe0dfa8072312f07bf372b86b73679719565cfdc040800ea9db9a44a206ef9435,0xb26f96664274e15fb6fcda862302e47de7e0e2a6687f8349327a9846043e42596ec44af676126e2cacbdd181f548e681,291027481094078111,29913866,30000000
flashbots,10976176,0x3d26b100f3bba992376fb5e92820a902648a42cd75254c398cd4b740de23355d,0x840c9dafb68f5cd460b5d5677b85114e89187e7c890f11a8c5fc4a3e4f4aa74136ef0fcd62cf7de9741afcf7d4d3360d,51426631031662975,15708214,30028609
flashbots,10976174,0x1d492eb2d4db246d5f0587c22ac1b8e8d10fda2cc2e3b42cb025f4dfcd01660a,0xa21a2f4807a2bcb6b07c10cea241322e0910c30869c1e4eda686b0d69bdcb74d2a140ef994afcf0bb38e0b960df4d2ee,548319705458103026,17424318,30087342
flashbots,10976155,0x4ca4fd3d47a2f5d85c98b131d41a691b3641a707ebd074cf18e92820484146ed,0xa21a2f4807a2bcb6b07c10cea241322e0910c30869c1e4eda686b0d69bdcb74d2a140ef994afcf0bb38e0b960df4d2ee,147790675488418088,15858212,30293985
flashbots,10976152,0xa1efbfe8e0291c6d1e212dbad2afb1413b624472722d47b605084a1afa963eec,0xa21a2f4807a2bcb6b07c10cea241322e0910c30869c1e4eda686b0d69bdcb74d2a140ef994afcf0bb38e0b960df4d2ee,40835642750282270,12067457,30382905
flashbots,10976139,0x0db415cd692e5a00e3365ee1690753de6ddccc36adb33d463f1464fd0b0aba40,0xb26f96664274e15fb6fcda862302e47de7e0e2a6687f8349327a9846043e42596ec44af676126e2cacbdd181f548e681,133230938484979924,17941782,30176116
flashbots,10976135,0xd2c55b926d7b89adc59421c47ed17adb88a6373529502735161263bce8884b7e,0xa21a2f4807a2bcb6b07c10cea241322e0910c30869c1e4eda686b0d69bdcb74d2a140ef994afcf0bb38e0b960df4d2ee,112779369068435878,9924721,30058533
flashbots,10976134,0x739687118aba0e0b7370f0357a5f826cbb148580294db82d949b850343aa9a2b,0xb26f96664274e15fb6fcda862302e47de7e0e2a6687f8349327a9846043e42596ec44af676126e2cacbdd181f548e681,202193868042120168,12880500,30029209
flashbots,10976121,0xf2ff22e30e6892c9e3d2d638af169f1c52684c1cf0acefc718f7e33d6db07c30,0xb9f88bc584a53fabb5b295e50638b20218c8b2303f3d26daef84ddb9609f1f93a95608806c94e564ebcd6e3976d3838d,375911690893668489,10244033,30116982
flashbots,10976115,0x82a360fa893580dc7c36057dea1660e2852d4e9afb3971863ca2f78fdcee6591,0x840c9dafb68f5cd460b5d5677b85114e89187e7c890f11a8c5fc4a3e4f4aa74136ef0fcd62cf7de9741afcf7d4d3360d,401389127874741038,13295979,30117068
flashbots,10976111,0xabd2a88cb7e2e6a5f0d536cd11534817d2bdf6a7cfd6326566b81986917a7dab,0xb26f96664274e15fb6fcda862302e47de7e0e2a6687f8349327a9846043e42596ec44af676126e2cacbdd181f548e681,216417819881867321,11032851,30176002
flashbots,10976100,0x36bf164464dba1cf8eff46713956140db4f3fa87bb5e2f0e4ce9ae2e946c5f27,0x82ba7cadcdfc1b156ba2c48c1c627428ba917858e62c3a97d8f919510da23d0f11cf5db53cb92a5faf5de7d31bf38632,347393507561107764,7043863,30087886
flashbots,10976083,0x3c4518c14d44c234873c549d8d1119fb6cab395e26fbe11f410f719a0d5f5f39,0xb67eaa5efcfa1d17319c344e1e5167811afbfe7922a2cf01c9a361f465597a5dc3a5472bd98843bac88d2541a78eab08,66560497240056477,30045241,30087513
flashbots,10976041,0x15b47dee6af7cc88251b64e04574a4a429d43ccb603839000f28634d24afa3ad,0x93582c97ac58670ba118aae52cf6355d8c680a2a538bf77c90873e3fe7ddc0a6dd231e2e2ea06bdc07e9b160883512a3,95982966034944601,9397004,30146677
flashbots,10976032,0xce3de95d04e58b740f5a6d1de3e4d7908001d6cc194a06a768b6ccbcdfcf24ec,0xa9bd259c09a526915575d096fd659d1e207caa94c7f92d584d256a5090dd5d81369e8fe67b8cc89b87199084aa42e20a,158953480059874770,4699930,30058619
flashbots,10976010,0xa05bad955edf4bb5858d68b650607ba56fdeb2983b4f13c5f6649d56065bca18,0x83bee51799e65130296f5d60ce7d78119578db6045c3c3631980514abae0be0f9b65fe82eb0c9a79d6d99030112c874c,3994884166075035648,30087382,30117096
flashbots,10976002,0xc98ccc84bceb7780109e9a7c3de362aa7a2ef68229c0e0cf34535e43a58a4204,0x840c9dafb68f5cd460b5d5677b85114e89187e7c890f11a8c5fc4a3e4f4aa74136ef0fcd62cf7de9741afcf7d4d3360d,73873633239886198675,23689869,30117210
flashbots,10975988,0x7de0cecddee566d536a62da19d354e1c46e29922ccb986776eeea14f941d896c,0x82ba7cadcdfc1b156ba2c48c1c627428ba917858e62c3a97d8f919510da23d0f11cf5db53cb92a5faf5de7d31bf38632,21584478620842750,9485309,30000000
flashbots,10975983,0xbf3d5b22877f5c09e299f9268d68405b8c5b737e8c97e939e6b3f59f47cbab36,0x93582c97ac58670ba118aae52cf6355d8c680a2a538bf77c90873e3fe7ddc0a6dd231e2e2ea06bdc07e9b160883512a3,27223954505151829,10446204,30087972
flashbots,10975981,0x0fc07aec98dfeb5aa3e93c830654de2360bdf3567de6724b1275cee91ca08197,0xa21a2f4807a2bcb6b07c10cea241322e0910c30869c1e4eda686b0d69bdcb74d2a140ef994afcf0bb38e0b960df4d2ee,31515556150586441,13622252,30029295
flashbots,10975976,0x35ff9386d79c7f0dcbdd6bd48f241ac544b6f70b10cc0e0016f1584fd79af2af,0xb67eaa5efcfa1d17319c344e1e5167811afbfe7922a2cf01c9a361f465597a5dc3a5472bd98843bac88d2541a78eab08,21440856083641200,12556980,30058247
flashbots,10975971,0x639201e3d171dd3e6675f50d72ade81a5d09081603076ec869ad9a78801c322e,0xb67eaa5efcfa1d17319c344e1e5167811afbfe7922a2cf01c9a361f465597a5dc3a5472bd98843bac88d2541a78eab08,349002621828259887,27403747,30146504
flashbots,10975969,0x43e93ac0e39a9a24b23fb74c33fb38d5c928392d015fe84f1d695d2ea69b977b,0x94aa4ee318f39b56547a253700917982f4b737a49fc3f99ce08fa715e488e673d88a60f7d2cf9145a05127f17dcb7c67,84314561628166848,9541920,30205467
flashbots,10975962,0x860b9b785acf38bf0fef711d9d6baf8db1acc2b7d1a71781b325e609efed3db3,0xad251e6b9047500c4849d283fe2fdd0f59ebb4750eed883a2fba4fdbef588f13114fe9420f19b1c53968f3a78fdbe930,1213069459275716078,7264848,30117209
flashbots,10975960,0x620e06742184e7dfe9d9332bcd45dd60fcf16d5fdc875e727832df06de75afad,0x83bee51799e65130296f5d60ce7d78119578db6045c3c3631980514abae0be0f9b65fe82eb0c9a79d6d99030112c874c,4037778244817870848,23126201,30058476
flashbots,10975940,0xde69c5d80e7060a8d726b17d268139df556e9481c502c6f3647f51fe3964fcc8,0xb67eaa5efcfa1d17319c344e1e5167811afbfe7922a2cf01c9a361f465597a5dc3a5472bd98843bac88d2541a78eab08,17522286287385687,13118904,30000000
flashbots,10975923,0x0168a72cba1a2b4e6cecd7536b9810be901bc4f20cb46ef056de89b10a708626,0x840c9dafb68f5cd460b5d5677b85114e89187e7c890f11a8c5fc4a3e4f4aa74136ef0fcd62cf7de9741afcf7d4d3360d,105201813901351097,17024413,30058561
flashbots,10975896,0x0d58d820011f0badbeb9309838510061c02289041a479e314432300f1be8d3a4,0x946fcf348bbf1044a3eaa3d27f1d01397cfc4d27495a949447c95ea7ec41db9f5c4fe3b867a937623685a0462996df09,19485541670260023,9792758,30029266
flashbots,10975889,0x3f99486d8f37d589ee22457fe0e91cfc355d1e432f5fabefb03fc3d361de4d04,0xacb407cfb554255db2fbbb320f79bb7f1cc1e8d2dc43324e8e31baafd0836340d49c43eebc51828f53bf6d364f9ac207,79974037304212786,15949184,30000000
flashbots,10975887,0x2ee4c1380932aa5e97617afeb44d11ef4b5d801f3a3004d7964c79d919f664ef,0x840c9dafb68f5cd460b5d5677b85114e89187e7c890f11a8c5fc4a3e4f4aa74136ef0fcd62cf7de9741afcf7d4d3360d,30323387177223558,11104283,30029295
flashbots,10975885,0x43933558a6cacd92d966d858e91443e1eb790e56871ddae634fdf32ce3264ea6,0x93582c97ac58670ba118aae52cf6355d8c680a2a538bf77c90873e3fe7ddc0a6dd231e2e2ea06bdc07e9b160883512a3,107558241442688550,8607207,30029295
flashbots,10975878,0x0e74a6f40133c8a31b2662e55c15e7fd2fad117f6b12b4b1ec214475dafaa1a6,0xa2d994ea26d7c3b94b444fc2f2a6070d5cc8164e51d1a5c65db8ad6381ba5fc5e0eb3aa088b46e8da96b5167f9b97569,50144338683617930,17217242,30058591
flashbots,10975870,0xda28d65c935153a615333ca43000e6f35fb1a5d28a783412bd48d71a03ff484d,0xb67eaa5efcfa1d17319c344e1e5167811afbfe7922a2cf01c9a361f465597a5dc3a5472bd98843bac88d2541a78eab08,122738968807048747,25765510,30058619
flashbots,10975859,0xd92e6416da83d3d0cee5d20d04c81512158c5f439c525258079adb7875bd69d7,0x93582c97ac58670ba118aae52cf6355d8c680a2a538bf77c90873e3fe7ddc0a6dd231e2e2ea06bdc07e9b160883512a3,90585980440377013,11758156,30058619
flashbots,10975847,0x1677ab683d727fea8ae9732256c60a26e67201103d7ed04388f091a18dccda73,0x82ba7cadcdfc1b156ba2c48c1c627428ba917858e62c3a97d8f919510da23d0f11cf5db53cb92a5faf5de7d31bf38632,116657563214081253,11373828,30117353
flashbots,10975835,0xc2df7753ba51de259f7070b0e17166dff170af8c16826e24a103264421b623b8,0x840c9dafb68f5cd460b5d5677b85114e89187e7c890f11a8c5fc4a3e4f4aa74136ef0fcd62cf7de9741afcf7d4d3360d,24170657897607502,8175607,30029266
flashbots,10975827,0x882843c6dfcb2dca4f5607b9c94bcc3580280f686c53aab4802ff592e5083d4e,0x840c9dafb68f5cd460b5d5677b85114e89187e7c890f11a8c5fc4a3e4f4aa74136ef0fcd62cf7de9741afcf7d4d3360d,483440732890501371,27785229,30058418
flashbots,10975824,0xeb691d343fffbc66ce86d76e88b4cabb2fd1e0a738c89d3608b7657e8354ee8b,0xa21a2f4807a2bcb6b07c10cea241322e0910c30869c1e4eda686b0d69bdcb74d2a140ef994afcf0bb38e0b960df4d2ee,56839554661186014,14398554,30146648
flashbots,10975802,0x94453b643bcc2b977e6e93b5f0facd3de0b836e2d72757f3d4b575aa884d7593,0xa21a2f4807a2bcb6b07c10cea241322e0910c30869c1e4eda686b0d69bdcb74d2a140ef994afcf0bb38e0b960df4d2ee,29247652411543753,9688609,30117123
flashbots,10975791,0x334fd5f7e191a52313e4c68e3a510419e23ffbe1674b48bb8fc10ca2b1eee879,0xb26f96664274e15fb6fcda862302e47de7e0e2a6687f8349327a9846043e42596ec44af676126e2cacbdd181f548e681,30218553791919065,16684884,30087885
flashbots,10975779,0x0b16a07fd59e4e754bfc3c5528f99d0ff899b8d6362f1a8dc6d022293317a289,0x93582c97ac58670ba118aae52cf6355d8c680a2a538bf77c90873e3fe7ddc0a6dd231e2e2ea06bdc07e9b160883512a3,27581016919794940,17291299,30029295
flashbots,10975747,0x99c08060e7b7d7922c96313a8749009c1dcbf0351be63742e100f1576b20d9fe,0x95c8cc31f8d4e54eddb0603b8f12d59d466f656f374bde2073e321bdd16082d420e3eef4d62467a7ea6b83818381f742,44539776088478137,12907837,30058160
flashbots,10975739,0x0a7b5b89abff6803c915c27c9009a78a43e1db4ca84e19b527c431e97f73a577,0xacb407cfb554255db2fbbb320f79bb7f1cc1e8d2dc43324e8e31baafd0836340d49c43eebc51828f53bf6d364f9ac207,53774496075113763,9828608,30117037
flashbots,10975734,0x376afbe431b34f722fb5404581a4fc791887daef961fce303b42b7538d9324ed,0xb67eaa5efcfa1d17319c344e1e5167811afbfe7922a2cf01c9a361f465597a5dc3a5472bd98843bac88d2541a78eab08,54569423850695806,18081010,30146533
flashbots,10975731,0xd91435b6df91e1c9b7ad3e36a9bf8c766ab5203ceb8275ec164e85e8d1405871,0xb67eaa5efcfa1d17319c344e1e5167811afbfe7922a2cf01c9a361f465597a5dc3a5472bd98843bac88d2541a78eab08,152082384737945200,18129150,30176029
flashbots,10975723,0x21bb6ea599cf749d38d2b297c4e8a8d3c38a95a1a183fa36769a8aa1063185a6,0x93582c97ac58670ba118aae52cf6355d8c680a2a538bf77c90873e3fe7ddc0a6dd231e2e2ea06bdc07e9b160883512a3,33771280678740060,8841674,30117266
flashbots,10975715,0x6f73f6c3ceca80f242feb214704bfcb06378da2fd6cde01a5b44f8158e5a9558,0xb26f96664274e15fb6fcda862302e47de7e0e2a6687f8349327a9846043e42596ec44af676126e2cacbdd181f548e681,57395289552086503,30044623,30058619
flashbots,10975711,0xef95a9a8c67f8f7f1c8fabcecd15d93cdad59a3228cff81160023f1a08432ca9,0xacb407cfb554255db2fbbb320f79bb7f1cc1e8d2dc43324e8e31baafd0836340d49c43eebc51828f53bf6d364f9ac207,396075866407529681,10192066,30000000
flashbots,10975699,0x4bb442c00250c1fc63225d6df38e5f9c071877e73e0d410f03919e4a6ac65c2c,0xb67eaa5efcfa1d17319c344e1e5167811afbfe7922a2cf01c9a361f465597a5dc3a5472bd98843bac88d2541a78eab08,20089675053326938,17859010,30146705
flashbots,10975697,0x2d87e3fa12bc08caa6023b7a5c9bf2b93a6d2262ca1c7126cc4fec9b3c1fed3e,0xb67eaa5efcfa1d17319c344e1e5167811afbfe7922a2cf01c9a361f465597a5dc3a5472bd98843bac88d2541a78eab08,33160314398950741,15490723,30087914
flashbots,10975686,0x4e6f15e8090fe5c700889c7380cede7a471df19441006fcdeb6885d3057cb58f,0x95c8cc31f8d4e54eddb0603b8f12d59d466f656f374bde2073e321bdd16082d420e3eef4d62467a7ea6b83818381f742,37518795420118789,23128739,30058563
flashbots,10975664,0x00544c8135157257a9cb9f1a31905993a5343ffd14be7878bc20163098bff4f4,0xb4a435cf816291596fe2e405651ec8b6c80b9cc34dace3c83202ca489a833756c9a0672ebdc17f23d9d43163db1caa5d,24740586081709926,18765825,30029295
flashbots,10975663,0xc95686147a163289570fad8a6bfe9d4a63eb05601dc86f261407ae7b4af626e7,0xa21a2f4807a2bcb6b07c10cea241322e0910c30869c1e4eda686b0d69bdcb74d2a140ef994afcf0bb38e0b960df4d2ee,28470743642384924,13717269,30000000
flashbots,10975661,0x8941cee591013bf0f3eac83be1b27947b0ac51629795f49e7d7c9286b9ea3f55,0xb67eaa5efcfa1d17319c344e1e5167811afbfe7922a2cf01c9a361f465597a5dc3a5472bd98843bac88d2541a78eab08,20931337588300372,11289037,30000000
flashbots,10975656,0x993eef24d1e19db0d4392fe2a04b978edfacf564189aa5c8ed6e12df6e000b52,0xacb407cfb554255db2fbbb320f79bb7f1cc1e8d2dc43324e8e31baafd0836340d49c43eebc51828f53bf6d364f9ac207,35883079782379839,7077378,30000000
flashbots,10975649,0x4c55715cdbd8d22c6057e3031a8d407460141845addb09069ac633dccf7df60b,0xacb407cfb554255db2fbbb320f79bb7f1cc1e8d2dc43324e8e31baafd0836340d49c43eebc51828f53bf6d364f9ac207,79696048182928073,12716309,30000000
flashbots,10975648,0x8c01023dc0924fb9c41a69fa7d41f11993725b56ba9bcbe7dadee92ca785930a,0xb4a435cf816291596fe2e405651ec8b6c80b9cc34dace3c83202ca489a833756c9a0672ebdc17f23d9d43163db1caa5d,23252954528113917,15032085,30000000
flashbots,10975646,0x87b2ebfff5e82807ee4101f8c26ee536e160d7795bb3c2d7f5040f651960c8aa,0xb67eaa5efcfa1d17319c344e1e5167811afbfe7922a2cf01c9a361f465597a5dc3a5472bd98843bac88d2541a78eab08,93834710577810545,27874664,30029266
flashbots,10975645,0x27c5ad94fbdc3ce3cdbaa9c1b756c5efc2bc6825dae6c0053774bc117ec75866,0x840c9dafb68f5cd460b5d5677b85114e89187e7c890f11a8c5fc4a3e4f4aa74136ef0fcd62cf7de9741afcf7d4d3360d,382011443355652475,7818686,30058619
flashbots,10975644,0xcfde5948acd9a337178ef1be9b3f5027e7613b2c8f1c6bfc5d29250e4d601fdf,0xacb407cfb554255db2fbbb320f79bb7f1cc1e8d2dc43324e8e31baafd0836340d49c43eebc51828f53bf6d364f9ac207,123250272043716970,28288345,30029295
flashbots,10975641,0x5e84ab5f2de6bd4e1530d2735d408429dc60841b633e4e43021c61a86c409552,0xb26f96664274e15fb6fcda862302e47de7e0e2a6687f8349327a9846043e42596ec44af676126e2cacbdd181f548e681,412232214095630218,21128948,30000000
flashbots,10975634,0x39d93f78f0f6f1152114bfa14157bf2748c76427256020cc15c66c8532c68f11,0x95c8cc31f8d4e54eddb0603b8f12d59d466f656f374bde2073e321bdd16082d420e3eef4d62467a7ea6b83818381f742,31547134603953970,19770714,30029209
flashbots,10975612,0xb3ca2603145fea0cccb3c706d3aa9f22847ba1a5f4896c6b406a24bcaab5db2d,0xb67eaa5efcfa1d17319c344e1e5167811afbfe7922a2cf01c9a361f465597a5dc3a5472bd98843bac88d2541a78eab08,14456575504825059,10843632,30117295
flashbots,10975605,0x7f43be7841a225c592ddaa516c73cfe353975d21c120ec9809effbc56c8ce382,0x840c9dafb68f5cd460b5d5677b85114e89187e7c890f11a8c5fc4a3e4f4aa74136ef0fcd62cf7de9741afcf7d4d3360d,16471371546676340,9192234,30029295
flashbots,10975594,0x9ae11c001686c412a2a79d6ff5627529511ce751e6fd780309e071bc9845508f,0xa21a2f4807a2bcb6b07c10cea241322e0910c30869c1e4eda686b0d69bdcb74d2a140ef994afcf0bb38e0b960df4d2ee,326394626425319900,14918808,30086394
flashbots,10975588,0xd47ceb5e3af909a7a89bf5b2ebe95f4653d24eaba854d7bc4c776d5d9d961e76,0x840c9dafb68f5cd460b5d5677b85114e89187e7c890f11a8c5fc4a3e4f4aa74136ef0fcd62cf7de9741afcf7d4d3360d,19585689574288103,10253715,30086481
flashbots,10975587,0x136fc0e1459561e899e7b219c7a7d28d186f170e03a5a3b4a69dfd5f82dffad5,0xb67eaa5efcfa1d17319c344e1e5167811afbfe7922a2cf01c9a361f465597a5dc3a5472bd98843bac88d2541a78eab08,49708842427520181,30096424,30115890
flashbots,10975582,0xac30b337e99b00075d2c2d52b132e1cd03937603f61d5942463d2df72882e85f,0xb26f96664274e15fb6fcda862302e47de7e0e2a6687f8349327a9846043e42596ec44af676126e2cacbdd181f548e681,53870381933809602,11649036,30204316
flashbots,10975580,0x9d775a888cefba2bff7b1bcaa931a87af6dd808270ff9d8774429ec520247f35,0x840c9dafb68f5cd460b5d5677b85114e89187e7c890f11a8c5fc4a3e4f4aa74136ef0fcd62cf7de9741afcf7d4d3360d,31273920040594619,9557643,30145413
flashbots,10975579,0x8c3e19d0f818bda9259459226828da70e53ade9563dafcbffb26a0d7124e76de,0x95c8cc31f8d4e54eddb0603b8f12d59d466f656f374bde2073e321bdd16082d420e3eef4d62467a7ea6b83818381f742,13250083469568485,13867373,30174879
flashbots,10975576,0x6fca6f10a3ef16d2395c30589d5b36d2f5fafd297df7bcee4ad62d71e9143232,0xb67eaa5efcfa1d17319c344e1e5167811afbfe7922a2cf01c9a361f465597a5dc3a5472bd98843bac88d2541a78eab08,53019454182902551,14621121,30204403
flashbots,10975567,0x3e5bac6d9b3c466f8482c82e787e0d950cde278b039fdbd4c313ed0b8c527d18,0xb9f88bc584a53fabb5b295e50638b20218c8b2303f3d26daef84ddb9609f1f93a95608806c94e564ebcd6e3976d3838d,44863664660695121,10781796,30234043
flashbots,10975560,0x65ac9778bcf3a74b9896a4379df480473976629420c5f7df74d2a230d157f364,0xb67eaa5efcfa1d17319c344e1e5167811afbfe7922a2cf01c9a361f465597a5dc3a5472bd98843bac88d2541a78eab08,113601022415954644,18679910,30204635
flashbots,10975554,0x2c01af425e89273df0420f89863ddb12ff8bff171fa4598d5859848e1e8e3594,0x840c9dafb68f5cd460b5d5677b85114e89187e7c890f11a8c5fc4a3e4f4aa74136ef0fcd62cf7de9741afcf7d4d3360d,38398638329614542,11817736,30145789
flashbots,10975546,0x55adbe80c9ba279d2b7687f06c1ba26b1a154e37cc1fa12422b55e4d4aa343a6,0xb26f96664274e15fb6fcda862302e47de7e0e2a6687f8349327a9846043e42596ec44af676126e2cacbdd181f548e681,39738323406946259,30245708,30263886
flashbots,10975529,0x353d638b0fb123fcaffdae02aa896b1f618250fa5b4277b779df5cd2dc7d0bca,0xb67eaa5efcfa1d17319c344e1e5167811afbfe7922a2cf01c9a361f465597a5dc3a5472bd98843bac88d2541a78eab08,16847745693107077,14770125,30116725
flashbots,10975524,0x184fc4fd2d5ee22f0eb324e6fbcd48ffb6593a31d9f7fc99ecfc33b30f95ea7e,0x93582c97ac58670ba118aae52cf6355d8c680a2a538bf77c90873e3fe7ddc0a6dd231e2e2ea06bdc07e9b160883512a3,27205376851577245,10590627,30264204
flashbots,10975523,0xf8fdb94a46f2409676149bd38c6c39df6dc2ed4c2b04b2b1df5ebf114bb330e0,0xa21a2f4807a2bcb6b07c10cea241322e0910c30869c1e4eda686b0d69bdcb74d2a140ef994afcf0bb38e0b960df4d2ee,22708026344975599,12466111,30234679
flashbots,10975521,0x6f423cefa2250ed780c4d04a0c2ddd6ac3af4f543dcd95c02a314f32218847a0,0xa21a2f4807a2bcb6b07c10cea241322e0910c30869c1e4eda686b0d69bdcb74d2a140ef994afcf0bb38e0b960df4d2ee,99852815617323914,18125276,30234707
flashbots,10975505,0xbdf2ab0c0019d139ff7fea5541f6f3473a0e0c2f2aa84fa661ba14613e4f4c24,0xa21a2f4807a2bcb6b07c10cea241322e0910c30869c1e4eda686b0d69bdcb74d2a140ef994afcf0bb38e0b960df4d2ee,27405263865289774,11962580,30234935
flashbots,10975504,0x21b02a97855149a0796110d3098e3668b7336066f7e880d92628563aded33ffe,0xb26f96664274e15fb6fcda862302e47de7e0e2a6687f8349327a9846043e42596ec44af676126e2cacbdd181f548e681,39504080707426626,20230420,30205439
flashbots,10975490,0x875e97b3141cfb6e26aafcaa266e5bcb8309ead673dba2c72b37aa7379b40773,0x946fcf348bbf1044a3eaa3d27f1d01397cfc4d27495a949447c95ea7ec41db9f5c4fe3b867a937623685a0462996df09,16337381491063897,15458424,30264690
flashbots,10975485,0x576a513618fe098b6cb0179097034981938f8e5b585945f4d3b6df01f44cbbc5,0xb67eaa5efcfa1d17319c344e1e5167811afbfe7922a2cf01c9a361f465597a5dc3a5472bd98843bac88d2541a78eab08,21301430838058769,21010282,30117353
flashbots,10975482,0xf17e74b80c34a35832a692132502d1336b0ac5845c1352269322c085c09a0a6d,0xb67eaa5efcfa1d17319c344e1e5167811afbfe7922a2cf01c9a361f465597a5dc3a5472bd98843bac88d2541a78eab08,37895960168145389,12417143,30029295
flashbots,10975479,0xa377c0caf62280d8aeee68b516cf05c8b5aeb98f61da56bafa108d4c0f0f4c7c,0x840c9dafb68f5cd460b5d5677b85114e89187e7c890f11a8c5fc4a3e4f4aa74136ef0fcd62cf7de9741afcf7d4d3360d,38824205935470894,12821820,30000000
flashbots,10975474,0x40fa9ff08cd2b276b4d68f878f627b88413ee72925413974cf219b1fedadda0c,0x946fcf348bbf1044a3eaa3d27f1d01397cfc4d27495a949447c95ea7ec41db9f5c4fe3b867a937623685a0462996df09,16636094443683394,12710027,30023975
flashbots,10975469,0x723b82e51e1b939610ee16b91962da4e79eed62b9cbd78cba912699304b07312,0xa21a2f4807a2bcb6b07c10cea241322e0910c30869c1e4eda686b0d69bdcb74d2a140ef994afcf0bb38e0b960df4d2ee,22789509860194726,10665351,30053378
flashbots,10975460,0xd9eab5459a804b3d15158c373b00963e1ea604da402c641a551e20bb751c7c6b,0x95c8cc31f8d4e54eddb0603b8f12d59d466f656f374bde2073e321bdd16082d420e3eef4d62467a7ea6b83818381f742,12888479883766842,8883347,30200603
flashbots,10975457,0x6a1a751a34f261fbed464c310fd82b95207e207b6235ed649516afe3294cafb7,0x840c9dafb68f5cd460b5d5677b85114e89187e7c890f11a8c5fc4a3e4f4aa74136ef0fcd62cf7de9741afcf7d4d3360d,11475246987145652,9433961,30171169
flashbots,10975448,0x150e7c62bac19e67096cb642599636e24f2efa06fc7a613c707f9eb889088ff1,0xa21a2f4807a2bcb6b07c10cea241322e0910c30869c1e4eda686b0d69bdcb74d2a140ef994afcf0bb38e0b960df4d2ee,16363841622788205,11245793,30378244
flashbots,10975444,0x6d0e32bb311f659c9b2962391359691dcb2baa99904400fee1cf2d4afa5f4557,0x93582c97ac58670ba118aae52cf6355d8c680a2a538bf77c90873e3fe7ddc0a6dd231e2e2ea06bdc07e9b160883512a3,38897634044080112,23840423,30378302
flashbots,10975442,0x5c7631721ac49c4d59ec02f426b2cfb425247aabef27319b888f590266997d82,0xb3a6dc1f159cd010d6d4999822337524576d9ef9d14f34dc7337a735f2d80cd4d64414da809661967df09f39320bc2df,55371951074506063,5130536,30319059
flashbots,10975437,0xfaf81c57d926955726c2186f9e6152801acac1f3a0e3dcbe03e15fa774a1704e,0x93582c97ac58670ba118aae52cf6355d8c680a2a538bf77c90873e3fe7ddc0a6dd231e2e2ea06bdc07e9b160883512a3,16276830398163427,9238663,30348753
flashbots,10975430,0xb3499113b18b7f89fb5d976d9e89eeaafa5147799858ae7028cd707db9c8cbfa,0xa21a2f4807a2bcb6b07c10cea241322e0910c30869c1e4eda686b0d69bdcb74d2a140ef994afcf0bb38e0b960df4d2ee,78742559858565496,13159419,30260077
flashbots,10975427,0x687bd5c054a58e4aaab192fd0a17dd72300b80a35fe498196f8bb6528b478f8b,0xb67eaa5efcfa1d17319c344e1e5167811afbfe7922a2cf01c9a361f465597a5dc3a5472bd98843bac88d2541a78eab08,29197020650542554,19961296,30289683
flashbots,10975426,0x0dc9a794ec8b322adf6b398d10a73ee7c660c59f1e3adb8a41ff1b0d41089051,0x840c9dafb68f5cd460b5d5677b85114e89187e7c890f11a8c5fc4a3e4f4aa74136ef0fcd62cf7de9741afcf7d4d3360d,14800463663113691,10416651,30260134
flashbots,10975416,0x9214f2cbc6337b1715ca974192ab71d5750a0220f63fa6e058d457fe524c54fa,0xb26f96664274e15fb6fcda862302e47de7e0e2a6687f8349327a9846043e42596ec44af676126e2cacbdd181f548e681,13558807629788016,11219196,30260276
flashbots,10975414,0x59c0a2b26481ac03ebedd245b1055d596a325ec16d4157024fe2b08a264019d1,0xb67eaa5efcfa1d17319c344e1e5167811afbfe7922a2cf01c9a361f465597a5dc3a5472bd98843bac88d2541a78eab08,13994489472015571,10971728,30260305
flashbots,10975413,0x88605806c55f48bbd5a4ed5c0c8d210d321a607bfb448ca953bd2cfdfab6ab39,0xb26f96664274e15fb6fcda862302e47de7e0e2a6687f8349327a9846043e42596ec44af676126e2cacbdd181f548e681,20874740499391432,15518465,30289883
flashbots,10975393,0x0e2c4ad31b8d9f6166ac8d3b89dd51421617c744616d24f0118a966a3a65a971,0xa21a2f4807a2bcb6b07c10cea241322e0910c30869c1e4eda686b0d69bdcb74d2a140ef994afcf0bb38e0b960df4d2ee,24979951870925416,15796258,30231069
flashbots,10975387,0x3e0fc6ebaba560cbe9dd2984582a3d77d6e044b627fb97b618f021fc887eac96,0xa21a2f4807a2bcb6b07c10cea241322e0910c30869c1e4eda686b0d69bdcb74d2a140ef994afcf0bb38e0b960df4d2ee,11362252323558816,10081499,30290256
flashbots,10975377,0x58334596ecac83c37b0e4f1e4489e8fc52d3c6601b2d881e3f49449da68a4987,0xb4a435cf816291596fe2e405651ec8b6c80b9cc34dace3c83202ca489a833756c9a0672ebdc17f23d9d43163db1caa5d,29267766997740984,14026081,30290401
flashbots,10975367,0x2beb55555982d07854156bc1e18e1e53c23481b134d3ab3283b114a5ad59b69c,0xacb407cfb554255db2fbbb320f79bb7f1cc1e8d2dc43324e8e31baafd0836340d49c43eebc51828f53bf6d364f9ac207,32921422809712337,11805793,30113590
flashbots,10975363,0x76e16ea76191e7c76338035428775d6d855ea9fbf2ef4964c6a105665c05f7c4,0xb67eaa5efcfa1d17319c344e1e5167811afbfe7922a2cf01c9a361f465597a5dc3a5472bd98843bac88d2541a78eab08,99394694746113987,16584368,30172517
flashbots,10975361,0xfe2ddd347effa8be2993a3bc9710717c2d4ec6b6d0dd41afec55f3654c29deb2,0x840c9dafb68f5cd460b5d5677b85114e89187e7c890f11a8c5fc4a3e4f4aa74136ef0fcd62cf7de9741afcf7d4d3360d,58556109973780318,9508517,30113676
flashbots,10975355,0xdb5b89334367f38c207b93e065ec977c43a7c7f79a2224c2d76ce2def235e255,0x840c9dafb68f5cd460b5d5677b85114e89187e7c890f11a8c5fc4a3e4f4aa74136ef0fcd62cf7de9741afcf7d4d3360d,107802615073881242,20024442,30231618
flashbots,10975350,0x6d386b59cef77b9ee3ca0ddbd0ffbce38f52cec708a4b6bc3d78cfc417367bda,0x93582c97ac58670ba118aae52cf6355d8c680a2a538bf77c90873e3fe7ddc0a6dd231e2e2ea06bdc07e9b160883512a3,148067931328843776,6960509,30320384
flashbots,10975340,0x9ae32421467b56a2f0f9ed5743b55b83bb98037a91245b80174da4b750794c0f,0xb26f96664274e15fb6fcda862302e47de7e0e2a6687f8349327a9846043e42596ec44af676126e2cacbdd181f548e681,136138385799759680,17521665,30290920
flashbots,10975325,0x6786b425d55fcbdf139d678bf0377eef7a54772dd21e437ce9cf872392e03c8b,0x840c9dafb68f5cd460b5d5677b85114e89187e7c890f11a8c5fc4a3e4f4aa74136ef0fcd62cf7de9741afcf7d4d3360d,19690503830691811,15084498,30320732
flashbots,10975323,0xea251ce5201723d70e601bf16f1d5bd0cd01931f5afeb68f891cb8b9498b1fb5,0x93582c97ac58670ba118aae52cf6355d8c680a2a538bf77c90873e3fe7ddc0a6dd231e2e2ea06bdc07e9b160883512a3,21582824991509787,15659241,30380037
flashbots,10975296,0x8fb69b4678180b175aab1505b460105daadaf106cc46d799914feaca7e871743,0xacb407cfb554255db2fbbb320f79bb7f1cc1e8d2dc43324e8e31baafd0836340d49c43eebc51828f53bf6d364f9ac207,51158191236410876,12030528,30350776
flashbots,10975291,0xb71ac0ea3005b36e07f24b525a9f9669c844dc9158e5509fbc77fb9daaf57122,0x851a009553c46cae9384ebc59dcf17064ee8839de085910ec71d834ab1b8dc7a1f3271008c2438ae3b3e44be994108a6,27279685782629267,10084947,30380501
flashbots,10975279,0x8ecc566c823ebc414b79689261467756da2484ea9be479546ba9d7d6dad95770,0xb67eaa5efcfa1d17319c344e1e5167811afbfe7922a2cf01c9a361f465597a5dc3a5472bd98843bac88d2541a78eab08,40032684470339863,23905939,30559200
flashbots,10975278,0xc7ca37264e407ca19bc4963d7870f6f0c19346a6d9be9b3258cd4af17c8f11a4,0xa00002326e62d66f690e457595023fa44699e4237fc4cc36eed5e4937f19398fc1452be33d2b2f553693e9eda2d26618,33910569704743257,5966610,30589071
flashbots,10975277,0xeeba1874c96f649942a09f5aee314b06885664d64ab1236ea39d8ad2f52f3269,0x95c8cc31f8d4e54eddb0603b8f12d59d466f656f374bde2073e321bdd16082d420e3eef4d62467a7ea6b83818381f742,69074473130435791,16303076,30618971
flashbots,10975246,0x44b89a215e2dba14ea041f128e952ed3e0cccb76f7a51a9d89ea787598aab2cc,0xb9f88bc584a53fabb5b295e50638b20218c8b2303f3d26daef84ddb9609f1f93a95608806c94e564ebcd6e3976d3838d,27512685533776029,7600191,30709256
flashbots,10975233,0x4f8bf4b887304d64f93efdd52856d5290ba9a7d8ac215e6a39b5c2ef7be11a8d,0xb9f88bc584a53fabb5b295e50638b20218c8b2303f3d26daef84ddb9609f1f93a95608806c94e564ebcd6e3976d3838d,28542342338046383,13496319,30739449
flashbots,10975226,0xbebb270b894ad566600d4da49681a0db3b293c6be7fd417970f76d3b50a5bad1,0xa21a2f4807a2bcb6b07c10cea241322e0910c30869c1e4eda686b0d69bdcb74d2a140ef994afcf0bb38e0b960df4d2ee,104837509880147658,11340119,30559958
flashbots,10975212,0x92b93b308f3b44b7a98e4f29e5dbcb5026f4137bd300356116d1a3cfdb0fbdea,0xb26f96664274e15fb6fcda862302e47de7e0e2a6687f8349327a9846043e42596ec44af676126e2cacbdd181f548e681,153135976280305845,15048579,30441025
flashbots,10975203,0x4ad046395988b2403921f7271dfc43d11d75494291a079ee02f8d1d34f603174,0xb67eaa5efcfa1d17319c344e1e5167811afbfe7922a2cf01c9a361f465597a5dc3a5472bd98843bac88d2541a78eab08,50642554157238467,23700342,30530464
flashbots,10975199,0x2a4c0e38634dff884cab1115f83b905e8e6fdbd2afa8c624bf882dc7300bb096,0xa21a2f4807a2bcb6b07c10cea241322e0910c30869c1e4eda686b0d69bdcb74d2a140ef994afcf0bb38e0b960df4d2ee,163915109475480078,18687895,30470954
flashbots,10975198,0x4891d3b643b68d459072d762a1c14925c5bcaa591bc30058929e78dfbe49ea40,0xb67eaa5efcfa1d17319c344e1e5167811afbfe7922a2cf01c9a361f465597a5dc3a5472bd98843bac88d2541a78eab08,125679881289126609,16711144,30500738
flashbots,10975186,0xd2dc048ff9009dccb80d79f9f1e18eccc8cd19a0ed480448bd06b6d443351fa2,0xb67eaa5efcfa1d17319c344e1e5167811afbfe7922a2cf01c9a361f465597a5dc3a5472bd98843bac88d2541a78eab08,68213061357703326,14348971,30382009
flashbots,10975180,0x377c96711b0d37208813f5d68344fc4a40cf5d85809453b0e4f593e1a0bd9776,0xa21a2f4807a2bcb6b07c10cea241322e0910c30869c1e4eda686b0d69bdcb74d2a140ef994afcf0bb38e0b960df4d2ee,62833194452626622,10300084,30382095
flashbots,10975175,0x4cffd9cb48232e82aa824fc297f2bc065d7445d04178e803f59f22934cfcdd47,0xb26f96664274e15fb6fcda862302e47de7e0e2a6687f8349327a9846043e42596ec44af676126e2cacbdd181f548e681,42700712224150374,16540313,30293291
flashbots,10975163,0x60d072057b34f6c63efab4aedce36c613f7992e4f450dd1571b5501af159e57f,0xa2d994ea26d7c3b94b444fc2f2a6070d5cc8164e51d1a5c65db8ad6381ba5fc5e0eb3aa088b46e8da96b5167f9b97569,81970851582614572,4537598,30175368
flashbots,10975149,0xe9a3708fe3e47a9e2a3ce93a0eae44bb6ba4ccbf9130ab31de15c68cc3cf8024,0xa21a2f4807a2bcb6b07c10cea241322e0910c30869c1e4eda686b0d69bdcb74d2a140ef994afcf0bb38e0b960df4d2ee,81069114600509954,12452381,30116694
flashbots,10975147,0xe69504d10878eed9470928243597a63af51c4869d28a8bba272ca626f759f367,0x93582c97ac58670ba118aae52cf6355d8c680a2a538bf77c90873e3fe7ddc0a6dd231e2e2ea06bdc07e9b160883512a3,70659787257156088,16685230,30116723
flashbots,10975129,0x783eb6a7ae3429e2ff6af6c9af7af1c749677e4cdd1fdda460915b98925fd3c9,0xb67eaa5efcfa1d17319c344e1e5167811afbfe7922a2cf01c9a361f465597a5dc3a5472bd98843bac88d2541a78eab08,40105490003344972,10808679,30146390
flashbots,10975127,0x10502019d5b48a31110e676ced5c3a2c80e38df4a60e1912b35e7ce300a39f85,0xa9d0a0f9059972d775a45d8377768ff20234de91a6fbacba5737ff8803807c38021b5863e5084869e695ef1d6c2fdaef,40384297821782383,11557231,30087599
flashbots,10975113,0x5d0c0b605028a7eb67ef2d2df47b40a404e7d7f4767d5b051b84f04af396ee1e,0xb26f96664274e15fb6fcda862302e47de7e0e2a6687f8349327a9846043e42596ec44af676126e2cacbdd181f548e681,209087690772092629,14245543,30087799
flashbots,10975105,0x1f9e38d4731e2d4b441e570c18b8e9c4317b968641d415bb6a87e29a67a9dcbf,0x8c344feeb5426018c1855bc33cf739c15ce43fe780fc13275163f3c33075318619e6b2151407f87a970be24443c9cea4,55980956975622585,2888738,30087915
flashbots,10975101,0xa81ce84abd0171ddc8a5886370b3954a087e696e6e6515bd4dd86693ae5674e5,0xa21a2f4807a2bcb6b07c10cea241322e0910c30869c1e4eda686b0d69bdcb74d2a140ef994afcf0bb38e0b960df4d2ee,153388849964273952,19275386,30058591
flashbots,10975080,0x188e2837c04ecf9afee647ef84bbdb6fde489ea36e9dd67b38caca5d3582bfe0,0x852a00817dd13ce36535855192e218ccad6d489f90605c501fd4294940550592426552006ebd44f0e661b73d58a9765c,119876565187454124,7716774,30000000
flashbots,10975068,0xe22f774328f0e99958f9c872fd434601c9451b0ac5d3399279f9a6e718a91345,0xacb407cfb554255db2fbbb320f79bb7f1cc1e8d2dc43324e8e31baafd0836340d49c43eebc51828f53bf6d364f9ac207,263363302482328792,10947668,30087888
flashbots,10975060,0x105194bd77e5fc1c113bc60fa4133dcde8e6324d02612d74b4daf1a4df6de58e,0xacb407cfb554255db2fbbb320f79bb7f1cc1e8d2dc43324e8e31baafd0836340d49c43eebc51828f53bf6d364f9ac207,145210822171655547,13149975,30029295
flashbots,10975044,0x8015ac04044e9f373f405dd4a5c0467550ad58db1ab1092640bd2e2bf2ac5fc8,0xb67eaa5efcfa1d17319c344e1e5167811afbfe7922a2cf01c9a361f465597a5dc3a5472bd98843bac88d2541a78eab08,360950517424278905,14742816,30058619
flashbots,10975038,0xe5195588fa7dd73cb1922e003b935be2b8e1757591222e81ba9c735845e5d2a7,0xa21a2f4807a2bcb6b07c10cea241322e0910c30869c1e4eda686b0d69bdcb74d2a140ef994afcf0bb38e0b960df4d2ee,65290686385942399,14748873,30029295
flashbots,10975037,0xb4c14f6d42125e2e4ea5e8f8bbcbed93d56e393d4ece9fc6a0547106c49dc92b,0xa00002326e62d66f690e457595023fa44699e4237fc4cc36eed5e4937f19398fc1452be33d2b2f553693e9eda2d26618,293294981434695360,10402251,30000000
flashbots,10975027,0xc8603f9e106d773e6aed0db245055be26642d400880f026488de450cc88f6d2e,0xa21a2f4807a2bcb6b07c10cea241322e0910c30869c1e4eda686b0d69bdcb74d2a140ef994afcf0bb38e0b960df4d2ee,66860002937110189,7482675,30058421
flashbots,10975024,0xca4e8e568e3f64045feaa74b0ee8b5e0c2ddc2c28fa9cf8c63fa4df4271771af,0xa21a2f4807a2bcb6b07c10cea241322e0910c30869c1e4eda686b0d69bdcb74d2a140ef994afcf0bb38e0b960df4d2ee,5938209590700831063,17307969,30029126
flashbots,10975011,0x443ad8cce2448906f286ad8878208bc4d255bee49f9bc4abbe9895487a3ead61,0xb67eaa5efcfa1d17319c344e1e5167811afbfe7922a2cf01c9a361f465597a5dc3a5472bd98843bac88d2541a78eab08,287686285236151111,12367687,30000000
flashbots,10975007,0xba37bd69f4d747f4d5675bc96923589c3db8775bc2e31760f764133636e50b0a,0xb67eaa5efcfa1d17319c344e1e5167811afbfe7922a2cf01c9a361f465597a5dc3a5472bd98843bac88d2541a78eab08,275762768565830758,12796387,30039446
flashbots,10974984,0xa9ca86f925d1a8ef78ef8842e7bf5fcb61bc350b6cc76074bfd7976e43cf35c3,0xb9f88bc584a53fabb5b295e50638b20218c8b2303f3d26daef84ddb9609f1f93a95608806c94e564ebcd6e3976d3838d,66786165738285566,21247836,30304946
flashbots,10974956,0xe41548b658bebcf8446a0b507b866bd4f13ba66175ad6896c06d1d3a0a1d41f4,0xb67eaa5efcfa1d17319c344e1e5167811afbfe7922a2cf01c9a361f465597a5dc3a5472bd98843bac88d2541a78eab08,63537632998675079,15532333,30364596
flashbots,10974940,0xc0b1d69176972281509faa36ca0f2bb554da13f074119fb25962c1eb8f832aa5,0xa21a2f4807a2bcb6b07c10cea241322e0910c30869c1e4eda686b0d69bdcb74d2a140ef994afcf0bb38e0b960df4d2ee,122335025503666669,20335514,30305582
flashbots,10974936,0x603d6148dab536295dc0de4657f05427ee4dd21376c6b96477aefdb5c6aa6308,0xb67eaa5efcfa1d17319c344e1e5167811afbfe7922a2cf01c9a361f465597a5dc3a5472bd98843bac88d2541a78eab08,47774981186099886,10148320,30394538
flashbots,10974930,0xb189795eb27ba331bd110ec7fde1e8a7990a4b34837595eda54d289381cbb271,0x840c9dafb68f5cd460b5d5677b85114e89187e7c890f11a8c5fc4a3e4f4aa74136ef0fcd62cf7de9741afcf7d4d3360d,82703957078692561,10854328,30276133
flashbots,10974920,0x314eb836b020e1cf3321d94fffd23f4954da3d36f56024febe07b4341da8b7ff,0x91afe2631915f3fbd83f1d75e13ae8597b593441344bb55bf542b9bac31f662d1c820cafe4cde17291f115bb68a9945a,59186426558436819,4453260,30158248
flashbots,10974911,0x068ee0de7ea66cd1f620c5b01a706aff26b4bf96b8ba4d3dbc37e6a3aed506b2,0xa21a2f4807a2bcb6b07c10cea241322e0910c30869c1e4eda686b0d69bdcb74d2a140ef994afcf0bb38e0b960df4d2ee,131222113372510088,12079359,30305988
flashbots,10974907,0xa98a8be3cd7238753f2dcbec753e9ad0575d0e5ba6d1c80df02a03fd0d143a4b,0x83bee51799e65130296f5d60ce7d78119578db6045c3c3631980514abae0be0f9b65fe82eb0c9a79d6d99030112c874c,751899689916962432,10214207,30246915
flashbots,10974903,0x1f983f4b0bf10bea7778e8b16256a0c4e81a3e843429ace1990e175ae18827f6,0xa21a2f4807a2bcb6b07c10cea241322e0910c30869c1e4eda686b0d69bdcb74d2a140ef994afcf0bb38e0b960df4d2ee,725552437094011133,16159725,30187957
flashbots,10974898,0x270d9de7baf4ac17ee5fdc08a372509bae7a76c6c3de8326503fa03b7948b126,0xa00002326e62d66f690e457595023fa44699e4237fc4cc36eed5e4937f19398fc1452be33d2b2f553693e9eda2d26618,75931674479865467,8301590,30158565
flashbots,10974888,0x18a636de4cd0eeca87a23c5a62d9a28af317ee51112dc937c83c4446924f25af,0xa21a2f4807a2bcb6b07c10cea241322e0910c30869c1e4eda686b0d69bdcb74d2a140ef994afcf0bb38e0b960df4d2ee,33083613296515371,14282938,30217668
flashbots,10974884,0x7ed01704f052df2a448352a2bc893293b56fbf7d122356e3aa4c81a74a62197f,0xb67eaa5efcfa1d17319c344e1e5167811afbfe7922a2cf01c9a361f465597a5dc3a5472bd98843bac88d2541a78eab08,76110088798248291,20039140,30276800
flashbots,10974873,0x02699e0e1964a477bbf61a31e62511f134f34d92b3a74807403203491b67e3db,0x93582c97ac58670ba118aae52cf6355d8c680a2a538bf77c90873e3fe7ddc0a6dd231e2e2ea06bdc07e9b160883512a3,47118034482223276,13052636,30306540
flashbots,10974854,0x4327d7b7aeb88f43c7d1401301acc8c5e1f55556338d69eb3cc3335d748afda3,0xb67eaa5efcfa1d17319c344e1e5167811afbfe7922a2cf01c9a361f465597a5dc3a5472bd98843bac88d2541a78eab08,119660281499749103,12653058,30574345
flashbots,10974842,0x720b951cc1a9db806e8cd88cd6ddf4e6edbb0494f1a5388656f434c588a472ec,0xb67eaa5efcfa1d17319c344e1e5167811afbfe7922a2cf01c9a361f465597a5dc3a5472bd98843bac88d2541a78eab08,81992440863979417,16624018,30634290
flashbots,10974836,0x1b46cc16da212f94baace93e22f89526df3e9abb06c76f3c903aa6a4686e6a59,0x840c9dafb68f5cd460b5d5677b85114e89187e7c890f11a8c5fc4a3e4f4aa74136ef0fcd62cf7de9741afcf7d4d3360d,104075082324952466,14751911,30754271
flashbots,10974833,0x5238572732c158fd3e5d5f7c2dbb947eabcb997d02da7c941732181e0d9996fd,0xa2d994ea26d7c3b94b444fc2f2a6070d5cc8164e51d1a5c65db8ad6381ba5fc5e0eb3aa088b46e8da96b5167f9b97569,330833014156865352,8523305,30724297
flashbots,10974824,0x8b197be306ed0013459c4216494694ab8e360830eb24beecdfa1c4f466991bd6,0x83bee51799e65130296f5d60ce7d78119578db6045c3c3631980514abae0be0f9b65fe82eb0c9a79d6d99030112c874c,13707953331937849344,19799757,30574780
flashbots,10974791,0x0a605c4b2a287b28fcb707c9f5a7048d87db8861439f8825dbc1f57793100143,0x83bee51799e65130296f5d60ce7d78119578db6045c3c3631980514abae0be0f9b65fe82eb0c9a79d6d99030112c874c,1600579396605212416,8820068,30905460
flashbots,10974787,0xfffef197f7a93207a5913e84d40c0cf6efd78bde6f67ffb9b9a617cabd610b59,0xb26f96664274e15fb6fcda862302e47de7e0e2a6687f8349327a9846043e42596ec44af676126e2cacbdd181f548e681,77778558858971401,16159804,30905519
flashbots,10974765,0x82dafc20d6cc595cdfc33d351d99bf4f2375c5d0b47206801304a7f54395db09,0xb26f96664274e15fb6fcda862302e47de7e0e2a6687f8349327a9846043e42596ec44af676126e2cacbdd181f548e681,47757993085809448,15540162,30966262
flashbots,10974744,0x466e1d30a448cc357e5a9b76c26d7bf3107da707801963892d48c5656243f780,0xb26f96664274e15fb6fcda862302e47de7e0e2a6687f8349327a9846043e42596ec44af676126e2cacbdd181f548e681,308334038851202048,16332451,31178973
flashbots,10974734,0x32c88181a18a0e936ac2514390cd69fea0685881104cd8cb355d9cc0920d0109,0x93582c97ac58670ba118aae52cf6355d8c680a2a538bf77c90873e3fe7ddc0a6dd231e2e2ea06bdc07e9b160883512a3,77431039579217029,12753801,31118286
flashbots,10974721,0x01583b0d9e815ede67d4c43cfd7fdedebdc8e4b782e35142e0366380bb7b51e5,0x840c9dafb68f5cd460b5d5677b85114e89187e7c890f11a8c5fc4a3e4f4aa74136ef0fcd62cf7de9741afcf7d4d3360d,178554542521503298,10351625,31209776
flashbots,10974686,0x8013cbfd54de184b53f9871adbf895ccae9db6aeaf0b7a2ef037e4aeed6b2a09,0xb67eaa5efcfa1d17319c344e1e5167811afbfe7922a2cf01c9a361f465597a5dc3a5472bd98843bac88d2541a78eab08,108794385955833856,11287461,31363058
flashbots,10974679,0x0b5d0d82cffbc07d5a5c1e8d30a3618266852d9bd5852b3ab3f33459e98b2ac2,0xb67eaa5efcfa1d17319c344e1e5167811afbfe7922a2cf01c9a361f465597a5dc3a5472bd98843bac88d2541a78eab08,24664731339790082,12868971,31455176
flashbots,10974662,0x959cd313ca41d1640041902a00e3e03b883c58401700af8e6257d2ac5240b9dd,0xa9d0a0f9059972d775a45d8377768ff20234de91a6fbacba5737ff8803807c38021b5863e5084869e695ef1d6c2fdaef,28769785139215846,9626487,31609391
flashbots,10974650,0x6681df5f84d36eacaebaf4c361ce2a6350f2d5cd35099735c1304596d3221326,0xb26f96664274e15fb6fcda862302e47de7e0e2a6687f8349327a9846043e42596ec44af676126e2cacbdd181f548e681,28110796137096345,9405590,31547897
flashbots,10974644,0xbebbaa5d6cb1a0febf0c1b4e31c31b12056b6c70c77ce7cc16ac5efbc269a7a9,0xb26f96664274e15fb6fcda862302e47de7e0e2a6687f8349327a9846043e42596ec44af676126e2cacbdd181f548e681,67593293291493360,15262633,31609661
flashbots,10974625,0x84220babaccb336b67232036bbc9f338f8259bf69cc8f4ef8031fdf60063e969,0x840c9dafb68f5cd460b5d5677b85114e89187e7c890f11a8c5fc4a3e4f4aa74136ef0fcd62cf7de9741afcf7d4d3360d,118107029244180595,13289009,31394612
flashbots,10974622,0xa222a6e4fd560178296611ca29bc35d49650ad2b588ae01f66aaf5f8c559fba7,0x946fcf348bbf1044a3eaa3d27f1d01397cfc4d27495a949447c95ea7ec41db9f5c4fe3b867a937623685a0462996df09,227756462356163381,14411901,31425329
flashbots,10974618,0x7668a657e2e13e74fc26d43fcf29c9b9715b5db159a52e8da8ab4ce543d498d1,0xacb407cfb554255db2fbbb320f79bb7f1cc1e8d2dc43324e8e31baafd0836340d49c43eebc51828f53bf6d364f9ac207,54880383696466546,7288530,31425389
flashbots,10974613,0xa810c8b9f3564278c1a1acc5174b2d89304847f896801ba2814e4f9a55aadcd1,0xa21a2f4807a2bcb6b07c10cea241322e0910c30869c1e4eda686b0d69bdcb74d2a140ef994afcf0bb38e0b960df4d2ee,60359253252696003,18104664,31517661
flashbots,10974601,0x5141b55974423b69fe0ec93ba44e0a2f06a0a3186ef1400c9803c5ffe0618086,0xa21a2f4807a2bcb6b07c10cea241322e0910c30869c1e4eda686b0d69bdcb74d2a140ef994afcf0bb38e0b960df4d2ee,183191060171697159,15381389,31517842
flashbots,10974600,0xaa9d36bbdb91355e785943d10908fb4b2388a130ec4dccfca652762605cadb2d,0xb26f96664274e15fb6fcda862302e47de7e0e2a6687f8349327a9846043e42596ec44af676126e2cacbdd181f548e681,48490244626997414,27381609,31487094
flashbots,10974587,0x85d587cceb7f5ee1d38bacdc4f410187fbe624574e43e290cfbb1456e3c323a6,0xa21a2f4807a2bcb6b07c10cea241322e0910c30869c1e4eda686b0d69bdcb74d2a140ef994afcf0bb38e0b960df4d2ee,290501832637056594,21308308,31518052
flashbots,10974581,0x6576e72a1fd1cc10e1fe6b74f7a7401a563902e1935d6a5325568e392a256824,0xb26f96664274e15fb6fcda862302e47de7e0e2a6687f8349327a9846043e42596ec44af676126e2cacbdd181f548e681,52606345544279371,16620249,31395270
flashbots,10974571,0x176f65cd71a1ffa4d2b28e9f23da7221935b3ba8bfc4410e9071e6688d1ecf4e,0xb67eaa5efcfa1d17319c344e1e5167811afbfe7922a2cf01c9a361f465597a5dc3a5472bd98843bac88d2541a78eab08,78950046560509036,16429800,31273027
flashbots,10974560,0xbe42f905a744c1e75a50dd891719649586d0963c649e00079dfcac5170982dbd,0xa21a2f4807a2bcb6b07c10cea241322e0910c30869c1e4eda686b0d69bdcb74d2a140ef994afcf0bb38e0b960df4d2ee,99917816064947735,23862117,31303745
flashbots,10974559,0x3ac3c68e3026eb19da1f086425911c02f3a13a6baa530a7b025a3db6ae0fbed4,0x840c9dafb68f5cd460b5d5677b85114e89187e7c890f11a8c5fc4a3e4f4aa74136ef0fcd62cf7de9741afcf7d4d3360d,267126717410956494,18591228,31334343
flashbots,10974551,0xbdff98736b64a296f093ff1d4af79f16046f47a876c6bd7a0c8e45ca75a79d31,0x840c9dafb68f5cd460b5d5677b85114e89187e7c890f11a8c5fc4a3e4f4aa74136ef0fcd62cf7de9741afcf7d4d3360d,2629692873705840910,9920325,31395718
flashbots,10974550,0x887a2f1e4a7a24f7d8302e4c22c62208a623cf496afcf0d2d0a4a37f67d9b26c,0xb4a435cf816291596fe2e405651ec8b6c80b9cc34dace3c83202ca489a833756c9a0672ebdc17f23d9d43163db1caa5d,100730282451617199,17549230,31365090
flashbots,10974546,0xdccf1b2bc0c8963ae562252b65173a6744d10d60961e6eba2c881379d06ff1c9,0xb26f96664274e15fb6fcda862302e47de7e0e2a6687f8349327a9846043e42596ec44af676126e2cacbdd181f548e681,28604944991056127,14861264,31365148
flashbots,10974533,0x3cc54afb665ca1d3578a02379f8f0268503401c0ba3eef6c3ce417c0877e583f,0xb26f96664274e15fb6fcda862302e47de7e0e2a6687f8349327a9846043e42596ec44af676126e2cacbdd181f548e681,32362390742505552,20978604,31457364
flashbots,10974532,0xb4e005b4a05d67a3086007e91e6fe304dc0027a1cd8793fc76718ba64897912f,0xacb407cfb554255db2fbbb320f79bb7f1cc1e8d2dc43324e8e31baafd0836340d49c43eebc51828f53bf6d364f9ac207,37142286148616489,12817040,31426675
flashbots,10974528,0x9ea7bc8a3df8510cd05028776efd84b5166d5976342d11bc142924151cfb88f2,0xb9f88bc584a53fabb5b295e50638b20218c8b2303f3d26daef84ddb9609f1f93a95608806c94e564ebcd6e3976d3838d,71331586665731958,2385752,31426735
flashbots,10974512,0x55cd66084fe23663be96da90ba4ed5b74169806104374e60355c55d1cc469ed9,0xa9d0a0f9059972d775a45d8377768ff20234de91a6fbacba5737ff8803807c38021b5863e5084869e695ef1d6c2fdaef,40334081378183212,10973306,31365657
flashbots,10974494,0x27dad894bd259d33d78384f2c210ea992e892bbaedf233e761c18c985ef43336,0xa21a2f4807a2bcb6b07c10cea241322e0910c30869c1e4eda686b0d69bdcb74d2a140ef994afcf0bb38e0b960df4d2ee,181522543125267659,14297351,31061124
flashbots,10974490,0xb249a044282a6b59c29258f7f5a4bbd3be1192e9305a6a2217c24b1860056a0e,0xa2d994ea26d7c3b94b444fc2f2a6070d5cc8164e51d1a5c65db8ad6381ba5fc5e0eb3aa088b46e8da96b5167f9b97569,274272484675760763,9852604,31061184
flashbots,10974485,0xe01c9c0209d4463739ddf4be072dccfee31f23bbfcb23471d8cf4d677af507f3,0xa2d994ea26d7c3b94b444fc2f2a6070d5cc8164e51d1a5c65db8ad6381ba5fc5e0eb3aa088b46e8da96b5167f9b97569,96939679270757457,24129684,31091605
flashbots,10974481,0xc7c356b67988fd5dfec1b0484f4971ff4ab621d5d61486bd255061ba6db35670,0xa00001792da52b2ad6606033396337f86e7598c8e0927d640bb649e0a9fe230df41f8ffd3403a5cd4fffd5131e2fbe47,349093436040131205,9374195,31031001
flashbots,10974453,0x6ce8789f8827764c51f8f86824d4665d3453cede31c7391bd71b117a03ad54b1,0x946fcf348bbf1044a3eaa3d27f1d01397cfc4d27495a949447c95ea7ec41db9f5c4fe3b867a937623685a0462996df09,100007011707872245,12781410,31031417
flashbots,10974442,0x1e9895e36ec05f2c4002c8101161c82afea61fa46405e30e67f8a872f2e1df47,0x95c8cc31f8d4e54eddb0603b8f12d59d466f656f374bde2073e321bdd16082d420e3eef4d62467a7ea6b83818381f742,110477918158357429,11366864,30940803
flashbots,10974430,0x1e658b82f70f41b18a87d73e355c7c08ac54e100ffc3ffb48b1128dbf7e990fc,0xa21a2f4807a2bcb6b07c10cea241322e0910c30869c1e4eda686b0d69bdcb74d2a140ef994afcf0bb38e0b960df4d2ee,192907406658972747,18665782,30880611
flashbots,10974404,0x355b900e983f3f6b50af38f4dc3849d70a87d047867a63873dff5181d24f740f,0x840c9dafb68f5cd460b5d5677b85114e89187e7c890f11a8c5fc4a3e4f4aa74136ef0fcd62cf7de9741afcf7d4d3360d,68936388738131380,22131116,30941365
flashbots,10974400,0x959ff7d53cc4f5eb8f2a9590c27604360658406d431ca63ae01db28fa4a90dc5,0x840c9dafb68f5cd460b5d5677b85114e89187e7c890f11a8c5fc4a3e4f4aa74136ef0fcd62cf7de9741afcf7d4d3360d,104871625348903521,10074212,31001913
flashbots,10974395,0x9d67db540ab19806f06d0ad906ce5b34364595d1d344f0c6ed00317cfe7f35dd,0x95c8cc31f8d4e54eddb0603b8f12d59d466f656f374bde2073e321bdd16082d420e3eef4d62467a7ea6b83818381f742,30215046774561246,20892129,30911299
flashbots,10974387,0xa536baf49757e6cc8bb206bca9a1ce08ca81dd2ea16266ee2149b7c8520bf1fd,0x83bee51799e65130296f5d60ce7d78119578db6045c3c3631980514abae0be0f9b65fe82eb0c9a79d6d99030112c874c,21644118053815664640,16074463,30790910
flashbots,10974381,0x7260901b54f05f20fcdb176612522fcab54b617a324390169d842796306c091f,0xa21a2f4807a2bcb6b07c10cea241322e0910c30869c1e4eda686b0d69bdcb74d2a140ef994afcf0bb38e0b960df4d2ee,57626077694200852,12407533,30790999
flashbots,10974357,0xbd96e648ef715ebb7f78fd9d935d9229ede80df01c74706be157c4118a31ebae,0xb67eaa5efcfa1d17319c344e1e5167811afbfe7922a2cf01c9a361f465597a5dc3a5472bd98843bac88d2541a78eab08,34032562243888000,17287491,30851545
flashbots,10974356,0x60b2cb184376c462fd5233a4ddfb1e736a0418b560e15dfce16115abb7f2a610,0xb67eaa5efcfa1d17319c344e1e5167811afbfe7922a2cf01c9a361f465597a5dc3a5472bd98843bac88d2541a78eab08,12634352808223867,11985249,30881701
flashbots,10974353,0x87c5c048c3653f25f714f404c97888e3786bb9c954a865277fd720aefc5851f8,0xb67eaa5efcfa1d17319c344e1e5167811afbfe7922a2cf01c9a361f465597a5dc3a5472bd98843bac88d2541a78eab08,39601014721018942,19650552,30851603
flashbots,10974348,0xd46e2792f242545ea4d422b41e22862524071dc15b80d396dcc78b88c20bd42d,0xb26f96664274e15fb6fcda862302e47de7e0e2a6687f8349327a9846043e42596ec44af676126e2cacbdd181f548e681,34540332528063684,25398005,30881818
flashbots,10974343,0xc4c5e8688587f0d998b17523486725330a046974ab312bab3faa56713f4385e6,0x93582c97ac58670ba118aae52cf6355d8c680a2a538bf77c90873e3fe7ddc0a6dd231e2e2ea06bdc07e9b160883512a3,27035190387529763,7410047,30912063
flashbots,10974340,0x158c9458f848d3def0085ac733ffc8169257281cacd6ed5cf95b7deaae6a90d2,0xb67eaa5efcfa1d17319c344e1e5167811afbfe7922a2cf01c9a361f465597a5dc3a5472bd98843bac88d2541a78eab08,48289631191695236,14653373,31002799
flashbots,10974327,0x88984e238bc1b7eeb03f50959f303de3d561f1f5e82aa4d692ab3dba7230d3b7,0xa21a2f4807a2bcb6b07c10cea241322e0910c30869c1e4eda686b0d69bdcb74d2a140ef994afcf0bb38e0b960df4d2ee,25973033470792667,13634859,30882112
flashbots,10974321,0x77df7be41c0fd0add596d19ddbaabe28bd2fc91100c9da8904436a912cbdd065,0x840c9dafb68f5cd460b5d5677b85114e89187e7c890f11a8c5fc4a3e4f4aa74136ef0fcd62cf7de9741afcf7d4d3360d,133856936193668486,7473687,31003064
flashbots,10974295,0x945d12d2a182042f7b0c624581d8f01b5a3af571dd18b15a39aa17bbb7844079,0x840c9dafb68f5cd460b5d5677b85114e89187e7c890f11a8c5fc4a3e4f4aa74136ef0fcd62cf7de9741afcf7d4d3360d,51471584912013481,19008103,30882581
flashbots,10974276,0x99f982edb6ce2a0b5242e25155fd246a1a306b204ac401f7078406233e5cda01,0xb67eaa5efcfa1d17319c344e1e5167811afbfe7922a2cf01c9a361f465597a5dc3a5472bd98843bac88d2541a78eab08,81351319248068738,7480814,30822590
flashbots,10974259,0x421c95b246d7c6e479483c542590bcb8cc6c60f4372c6365451c3bb53b1e9df7,0xb193dcaf1d485ba78094cb6b4126bff77e08c1244dff814447d3a31d9030b2584b369244ea67f13d48a02fa907b05f3a,16861235884162154,7302181,30672713
flashbots,10974256,0x7f4af36b3e427ed3c77d4c2af672206301f663d3ffc0d1c7258fc5d2254facb6,0xb9f88bc584a53fabb5b295e50638b20218c8b2303f3d26daef84ddb9609f1f93a95608806c94e564ebcd6e3976d3838d,56839831073657509,8930525,30762746
flashbots,10974246,0xa9728857e33d3f76ed9c1da04aad5c747f22cf978265d246cf14e3fef4a85beb,0x83bee51799e65130296f5d60ce7d78119578db6045c3c3631980514abae0be0f9b65fe82eb0c9a79d6d99030112c874c,7686953239801739264,11557441,30883288
flashbots,10974244,0x7c1b223b8710e6a5858f9651507b68b8afd54107051f33058888e4c83984f535,0xb67eaa5efcfa1d17319c344e1e5167811afbfe7922a2cf01c9a361f465597a5dc3a5472bd98843bac88d2541a78eab08,368990131755324686,18614666,30823060
flashbots,10974215,0x3bb2320beeacff23bb11c50df1e26ef6eaa8e76237b363d69ca7e5e19caa78a9,0xb193dcaf1d485ba78094cb6b4126bff77e08c1244dff814447d3a31d9030b2584b369244ea67f13d48a02fa907b05f3a,27207908055330283,13933342,31186792
flashbots,10974209,0x0e2043b2683c5efeb0d656f4451d8151f50a173eca0463d67c5023e7da4c905d,0x95c8cc31f8d4e54eddb0603b8f12d59d466f656f374bde2073e321bdd16082d420e3eef4d62467a7ea6b83818381f742,64783190583847991,16520066,31095637
flashbots,10974196,0x561a080331c3ee2d3d6accdfa35843bbf16e60f4e320e824568fa04f78d77b87,0xa21a2f4807a2bcb6b07c10cea241322e0910c30869c1e4eda686b0d69bdcb74d2a140ef994afcf0bb38e0b960df4d2ee,78644930224065433,13020054,31004867
flashbots,10974179,0x7d0019fd646a6ac7264e1f33eea2a040a38de85db025a152a94ba0eda4012e16,0x840c9dafb68f5cd460b5d5677b85114e89187e7c890f11a8c5fc4a3e4f4aa74136ef0fcd62cf7de9741afcf7d4d3360d,192852156024089201,13844384,31156874
flashbots,10974168,0x2cc29d087c37a6cae7cdca40bb92fe014b6499bf772bcc455830229a22d0f923,0xacb407cfb554255db2fbbb320f79bb7f1cc1e8d2dc43324e8e31baafd0836340d49c43eebc51828f53bf6d364f9ac207,46860180446631317,8313653,31005281
flashbots,10974149,0x533059d4a61ccec9048648ba2b6da081b1bb1e6667b97354aae371d4816e9cfc,0xb67eaa5efcfa1d17319c344e1e5167811afbfe7922a2cf01c9a361f465597a5dc3a5472bd98843bac88d2541a78eab08,22753961230629265,30909446,31157320
flashbots,10974128,0x474ffc609a1378d0fe64986f0eb16a32723046ae320d9ee39ddc1ecfcafbcb66,0xae2ffc6986c9a368c5ad2d51f86db2031d780f6ac9b2348044dea4e3a75808b566c935099de8b1a1609db322f2110e7a,19028120570674231,14006487,31127223
flashbots,10974118,0xead8eb6100203e63f108c083c0e4cadab1b2fdbf00bbc67db1839cf618aa150a,0x840c9dafb68f5cd460b5d5677b85114e89187e7c890f11a8c5fc4a3e4f4aa74136ef0fcd62cf7de9741afcf7d4d3360d,18125769854303449,16561300,31127371
flashbots,10974117,0x3b1d720dc9ddc7fd2e59292314e8cc18ce31e7a005bcc9e4eb8d0d5e3b5808c5,0xacb407cfb554255db2fbbb320f79bb7f1cc1e8d2dc43324e8e31baafd0836340d49c43eebc51828f53bf6d364f9ac207,32776234484103036,12747172,31157797
flashbots,10974109,0x8ccd82ba77d39efa413aeaaed3a93d750b3d21eb6b1e1fca331c6d58b520f4b0,0xa9bd259c09a526915575d096fd659d1e207caa94c7f92d584d256a5090dd5d81369e8fe67b8cc89b87199084aa42e20a,71530160345961760,5746345,30975894
flashbots,10974085,0x582f3cc9172e06c6b8c6c45daf85a933acd2457618a5772875b53a4580efc6e8,0x840c9dafb68f5cd460b5d5677b85114e89187e7c890f11a8c5fc4a3e4f4aa74136ef0fcd62cf7de9741afcf7d4d3360d,250488262376379456,10182451,31036804
flashbots,10974065,0xf69d7b85a1de3807e3627c38d5eb8f75d0d3e186c812651695a0e562ea6383fd,0x93582c97ac58670ba118aae52cf6355d8c680a2a538bf77c90873e3fe7ddc0a6dd231e2e2ea06bdc07e9b160883512a3,35016564873985540,21174028,30946295
flashbots,10974041,0x2d4ddbdeafa6b148fe03d2444830fd66a57d5982ea2a6bf1ce4a408aeb4d13d9,0x83bee51799e65130296f5d60ce7d78119578db6045c3c3631980514abae0be0f9b65fe82eb0c9a79d6d99030112c874c,85625527365363072,6265884,30916429
flashbots,10974032,0xf3e6614993272d99b2ba979de0d97a70968fa4cfc25f5e704dd5a2b6f8593e97,0xa21a2f4807a2bcb6b07c10cea241322e0910c30869c1e4eda686b0d69bdcb74d2a140ef994afcf0bb38e0b960df4d2ee,16157914105777806,14408811,31007266
flashbots,10974030,0x97f5fb81219273a74e16733f09365def942b0ca3e5bd87320a4d978c5247bdc7,0xb4a435cf816291596fe2e405651ec8b6c80b9cc34dace3c83202ca489a833756c9a0672ebdc17f23d9d43163db1caa5d,19866852010200421,10185329,30946797
flashbots,10974017,0xaf6fba57771fc3af0b36053dc326a42ef9cd89cb3cbc7813ad2df3280377cb35,0xb67eaa5efcfa1d17319c344e1e5167811afbfe7922a2cf01c9a361f465597a5dc3a5472bd98843bac88d2541a78eab08,61538454722177469,31009404,31037783
flashbots,10974008,0x9c4ad5b5b54eee6704a6f45b58d2198921ee565069021d3fcd9e3f4158018b6f,0xb67eaa5efcfa1d17319c344e1e5167811afbfe7922a2cf01c9a361f465597a5dc3a5472bd98843bac88d2541a78eab08,20059484379013767,21940810,31128977
flashbots,10974005,0x1d952e738db0b555dc59fa2332f756beb92c02def87600e6a4fec50b7dd1a3de,0xb67eaa5efcfa1d17319c344e1e5167811afbfe7922a2cf01c9a361f465597a5dc3a5472bd98843bac88d2541a78eab08,11283302084577515,14397145,31159434
flashbots,10974003,0xd019816df293eb06394d61e2ae1dfc0ceac768202dbeef6b7827128da3fefac4,0xa21a2f4807a2bcb6b07c10cea241322e0910c30869c1e4eda686b0d69bdcb74d2a140ef994afcf0bb38e0b960df4d2ee,29808034938583429,10481428,31159464
flashbots,10973987,0x8f84820475b52fdda242e04862694237b234ecd941e246d3c4463efcc9720efd,0xb4a435cf816291596fe2e405651ec8b6c80b9cc34dace3c83202ca489a833756c9a0672ebdc17f23d9d43163db1caa5d,20298323114141780,16590707,30977667
flashbots,10973985,0x709517437620d06998476b49fe736bb887605c24079089ce3ad4481fe76bbd3f,0x946fcf348bbf1044a3eaa3d27f1d01397cfc4d27495a949447c95ea7ec41db9f5c4fe3b867a937623685a0462996df09,22656021042225823,10279613,30977696
flashbots,10973977,0x708b1d92bf0ad3395d582c7ff276937d7659113972891510e44c9787870eeb30,0xa9bd259c09a526915575d096fd659d1e207caa94c7f92d584d256a5090dd5d81369e8fe67b8cc89b87199084aa42e20a,14180195949878515,17497249,30736754
flashbots,10973967,0xba9894bce44c0497657351732b3c26640c656f5874e8033c0973c6c1d7e36ddf,0xb67eaa5efcfa1d17319c344e1e5167811afbfe7922a2cf01c9a361f465597a5dc3a5472bd98843bac88d2541a78eab08,33821877228126835,25066179,30617074
flashbots,10973966,0x14d09736bab40f54b3d5bef20a6bbd64f0ff9c6d0c2816e25c4b97b62667c7b6,0x840c9dafb68f5cd460b5d5677b85114e89187e7c890f11a8c5fc4a3e4f4aa74136ef0fcd62cf7de9741afcf7d4d3360d,73451109568957414,15043065,30587205
flashbots,10973953,0xd14ed4b2e11018d2c616bac570d946b3b287c9770cef6bc16f684a746289354d,0xb4a435cf816291596fe2e405651ec8b6c80b9cc34dace3c83202ca489a833756c9a0672ebdc17f23d9d43163db1caa5d,23267116004737371,12878940,30497920
flashbots,10973942,0x857e3417a4bdb67cff9678b2256495797b92dd74a5144191587b4d9779825169,0xb26f96664274e15fb6fcda862302e47de7e0e2a6687f8349327a9846043e42596ec44af676126e2cacbdd181f548e681,85236611507149164,26659710,30527876
flashbots,10973940,0x1368aa0d494791023b8ca8cabd180916067b5207e502f322e854a2770bc34d53,0xb67eaa5efcfa1d17319c344e1e5167811afbfe7922a2cf01c9a361f465597a5dc3a5472bd98843bac88d2541a78eab08,78871556559786369,12122134,30527905
flashbots,10973925,0x4c9c5ec0a2968bdd8d422494392c25284fe37ef4a6c9dd4e60f2413a3f26b105,0xb26f96664274e15fb6fcda862302e47de7e0e2a6687f8349327a9846043e42596ec44af676126e2cacbdd181f548e681,58507230845593654,27158556,30557948
flashbots,10973909,0x3faa5213e92f2fa36e6b82d76914d37213cbb4c7d37ae23ea99ac098a3e3f580,0xb67eaa5efcfa1d17319c344e1e5167811afbfe7922a2cf01c9a361f465597a5dc3a5472bd98843bac88d2541a78eab08,15472793892341809,18207913,30677777
flashbots,10973904,0xc193778edebc990c8ace7e251f131d3f756c24c61ccce9b3db9a75663fbc0b87,0xb26f96664274e15fb6fcda862302e47de7e0e2a6687f8349327a9846043e42596ec44af676126e2cacbdd181f548e681,35735200187202606,22954645,30707823
flashbots,10973902,0x6aa3ccf29e94036e904836b89595d38f00b672d3d4eb2b26f0df60e11554af1f,0xa21a2f4807a2bcb6b07c10cea241322e0910c30869c1e4eda686b0d69bdcb74d2a140ef994afcf0bb38e0b960df4d2ee,27074478791005023,14414961,30767884
flashbots,10973901,0x7acd978fcd93125c866d7f8cf87cf503afa4dd9badc2368f37273fdb8bba877b,0x946fcf348bbf1044a3eaa3d27f1d01397cfc4d27495a949447c95ea7ec41db9f5c4fe3b867a937623685a0462996df09,27259637284112641,12579365,30737868
flashbots,10973896,0x7087b5731a475bda34c6bfe090b1bfc00aed20ae28d84aa376f946eae71d3f6a,0xb67eaa5efcfa1d17319c344e1e5167811afbfe7922a2cf01c9a361f465597a5dc3a5472bd98843bac88d2541a78eab08,15377116961488382,14819417,30707940
flashbots,10973894,0xe65fa8235ecff6720f8a9a3b7b483457c6862cbd94280e6ac64e38e671a8cd58,0x93582c97ac58670ba118aae52cf6355d8c680a2a538bf77c90873e3fe7ddc0a6dd231e2e2ea06bdc07e9b160883512a3,42510927163003534,18569022,30768001
flashbots,10973850,0xe70d102ee56a74a518edeb8c7fa357b5491336dc614bebda2903ebd035dafaf3,0xb67eaa5efcfa1d17319c344e1e5167811afbfe7922a2cf01c9a361f465597a5dc3a5472bd98843bac88d2541a78eab08,15217211327820859,23429175,30678626
flashbots,10973846,0xd1891225714694b54f24af2b6c6d0465a5e41bff5936c58c47d9a0ff819927eb,0xa21a2f4807a2bcb6b07c10cea241322e0910c30869c1e4eda686b0d69bdcb74d2a140ef994afcf0bb38e0b960df4d2ee,14766347186145036,10875020,30678685
flashbots,10973834,0x634ee18479ef6f3406ca22068c9124c7092a82c6b2fe0476c91e1bd1379704d7,0xb67eaa5efcfa1d17319c344e1e5167811afbfe7922a2cf01c9a361f465597a5dc3a5472bd98843bac88d2541a78eab08,240378500237337715,23320048,30738836
flashbots,10973833,0x57c5bb559e775d6dc9660e5d0bf43f87d29296312141d77e57d23db9d235399e,0x840c9dafb68f5cd460b5d5677b85114e89187e7c890f11a8c5fc4a3e4f4aa74136ef0fcd62cf7de9741afcf7d4d3360d,38230148136837805,8458948,30768882
flashbots,10973790,0x8c713047e2267f66417dfd436e5a35b2a613338384a58c446a69ed907e0b472c,0xb4a435cf816291596fe2e405651ec8b6c80b9cc34dace3c83202ca489a833756c9a0672ebdc17f23d9d43163db1caa5d,45683273831117808,12171658,30381369
flashbots,10973784,0x788c2f1b0538e780d18c33549d0983ba837be57f60551aea41ad66fa616c931f,0xb67eaa5efcfa1d17319c344e1e5167811afbfe7922a2cf01c9a361f465597a5dc3a5472bd98843bac88d2541a78eab08,25471263301231319,30306351,30322178
flashbots,10973763,0x8d0b2fffa8e95624d963613601f07a8d04805238962592a71c7f0abeada2d947,0xb67eaa5efcfa1d17319c344e1e5167811afbfe7922a2cf01c9a361f465597a5dc3a5472bd98843bac88d2541a78eab08,24344181329561033,10470004,30174792
flashbots,10973760,0x06ff6556e347395bb5c3a9baccd0d785709ba00ce508a0adae1048e385651bf7,0xb67eaa5efcfa1d17319c344e1e5167811afbfe7922a2cf01c9a361f465597a5dc3a5472bd98843bac88d2541a78eab08,17666801984263606,14645855,30204316
flashbots,10973757,0x6d0b3cf2ce3a90a8e01d55d687b37cc7789cbe5f6d231eb5dcb711e9b8545e93,0x851a009553c46cae9384ebc59dcf17064ee8839de085910ec71d834ab1b8dc7a1f3271008c2438ae3b3e44be994108a6,11555814338499773,6848035,30233869
flashbots,10973754,0x152d4cbeae07f8bf6e6c3c6788db01f8d7aaf309cbd4ee3442a41bdcd8fd332d,0x840c9dafb68f5cd460b5d5677b85114e89187e7c890f11a8c5fc4a3e4f4aa74136ef0fcd62cf7de9741afcf7d4d3360d,20396317659611933,25506113,30263451
flashbots,10973740,0x17e70a0ab5ccf45ddf306aff7163f8b25d05e55033aa95d1937835ee0720206b,0x93582c97ac58670ba118aae52cf6355d8c680a2a538bf77c90873e3fe7ddc0a6dd231e2e2ea06bdc07e9b160883512a3,17287740055346897,14754168,30293203
flashbots,10973735,0x499c8224ad4d675ae3eedb027091202b519d85044219e1239c81b75199fc92a9,0xa21a2f4807a2bcb6b07c10cea241322e0910c30869c1e4eda686b0d69bdcb74d2a140ef994afcf0bb38e0b960df4d2ee,65089282223114908,16322636,30263708
flashbots,10973723,0x954193c6f32695df040028fcaccdf48a5854d9792ea21f79349b16df505907a4,0xa21a2f4807a2bcb6b07c10cea241322e0910c30869c1e4eda686b0d69bdcb74d2a140ef994afcf0bb38e0b960df4d2ee,27537059636703240,8502923,30263882
flashbots,10973719,0xf5b9531e1b6e3c4670a77293b858df350ac7a29325434f1c7c91b89b9c95e2b6,0xb67eaa5efcfa1d17319c344e1e5167811afbfe7922a2cf01c9a361f465597a5dc3a5472bd98843bac88d2541a78eab08,103619328600607721,17144086,30204891
flashbots,10973715,0xacf3d34cbd0595afe4c9d4b0729e39c4f42da369cd726755587fb1eb0222bde4,0xb67eaa5efcfa1d17319c344e1e5167811afbfe7922a2cf01c9a361f465597a5dc3a5472bd98843bac88d2541a78eab08,16855262423867831,22478023,30146015
flashbots,10973713,0xbc7950464e1b40e0a0ddcc5ffdafba652cce49a5f61bd7f825fb910cae62606b,0x93582c97ac58670ba118aae52cf6355d8c680a2a538bf77c90873e3fe7ddc0a6dd231e2e2ea06bdc07e9b160883512a3,29134574990355573,11108879,30087225
flashbots,10973705,0xc537ca17f2bd701f7d973e2d41a3bed9b5f91cfa27e56645dbc19b3716ee77d8,0xb26f96664274e15fb6fcda862302e47de7e0e2a6687f8349327a9846043e42596ec44af676126e2cacbdd181f548e681,50627669545875748,26428617,30205093
flashbots,10973678,0x4ea99501556b629d0ab977417b818f08765eaf36bf7476afa71d858f5b3bb59a,0xa9bd259c09a526915575d096fd659d1e207caa94c7f92d584d256a5090dd5d81369e8fe67b8cc89b87199084aa42e20a,17152182908866331,11176416,30176001
flashbots,10973614,0x377fe8a913527d4695d8827c95bac6eb281c0398f78cb8fce2aacaf44159c201,0xa21a2f4807a2bcb6b07c10cea241322e0910c30869c1e4eda686b0d69bdcb74d2a140ef994afcf0bb38e0b960df4d2ee,16172778952329685,17438626,30117268
flashbots,10973603,0xebf7318619d6395580dd94542a87bcf87deee2ebc1d384aa2cfd62adaad0fb85,0x840c9dafb68f5cd460b5d5677b85114e89187e7c890f11a8c5fc4a3e4f4aa74136ef0fcd62cf7de9741afcf7d4d3360d,358790518403224423,18003032,30029295
flashbots,10973563,0xb48fa6c300deb995e70af976e3320fa14bccf95f41b18a17e5af148311eb0367,0xb67eaa5efcfa1d17319c344e1e5167811afbfe7922a2cf01c9a361f465597a5dc3a5472bd98843bac88d2541a78eab08,43518676839346454,18750613,30058619
flashbots,10973528,0x16cb6a6daa7e313038042ed9d3b70424d33985ec19bb112753bd2fa65813fd8c,0xb26f96664274e15fb6fcda862302e47de7e0e2a6687f8349327a9846043e42596ec44af676126e2cacbdd181f548e681,10703602418171719,12114662,30087885
flashbots,10973512,0x3e43759596d7014bdaf9e99123a980e2a7ed6823e50caad3658972d1820ca6d1,0xa21a2f4807a2bcb6b07c10cea241322e0910c30869c1e4eda686b0d69bdcb74d2a140ef994afcf0bb38e0b960df4d2ee,21073866943366224,15890574,30029295
flashbots,10973499,0x06e53a6ea8f2c2f6b5ae61fc63b6f12ec4425c8b59ee8ce0945751eaaf6baa3e,0xa21a2f4807a2bcb6b07c10cea241322e0910c30869c1e4eda686b0d69bdcb74d2a140ef994afcf0bb38e0b960df4d2ee,80264918905728770,15360070,30112093
flashbots,10973489,0xaa3dda4cc1b535ef3616e5af29c230f8202d56b76f223d53d50e14e75f64af21,0xb67eaa5efcfa1d17319c344e1e5167811afbfe7922a2cf01c9a361f465597a5dc3a5472bd98843bac88d2541a78eab08,29218908605750631,15735870,30112237
flashbots,10973487,0xcd84881e65b3606be263ecc2de125aa8ba654a05cc178e51b817091b6f972ee8,0x95c8cc31f8d4e54eddb0603b8f12d59d466f656f374bde2073e321bdd16082d420e3eef4d62467a7ea6b83818381f742,22770576012745814,11385368,30112266
flashbots,10973485,0x217101287eaa6901375ac7c4a9612e2c67705c3ce175b576a3dbde825ec725ce,0x93582c97ac58670ba118aae52cf6355d8c680a2a538bf77c90873e3fe7ddc0a6dd231e2e2ea06bdc07e9b160883512a3,39647894576638917,14834122,30112295
flashbots,10973484,0xa4f1dd7861978150debc54d7817965ae8b27408ee9f3aaccb0eff96f1cdae6a5,0xb67eaa5efcfa1d17319c344e1e5167811afbfe7922a2cf01c9a361f465597a5dc3a5472bd98843bac88d2541a78eab08,39487961942743810,29698110,30141729
flashbots,10973460,0x4ef0560ace72872b49501881e6e07c1fd83d79d906947b2559889cf896ff15e9,0xb67eaa5efcfa1d17319c344e1e5167811afbfe7922a2cf01c9a361f465597a5dc3a5472bd98843bac88d2541a78eab08,505745603926741379,11899187,30201002
flashbots,10973424,0xb300548d12985a341629b41071367dd6d08cb6883f944f1bd2e29ca0d40a93af,0xb67eaa5efcfa1d17319c344e1e5167811afbfe7922a2cf01c9a361f465597a5dc3a5472bd98843bac88d2541a78eab08,18407719542248481,13639209,30142593
flashbots,10973416,0x6515464929a66682d281a7c3cc25d6ec8f3f4fdf48a4756b0b0b3a69644d706a,0xa21a2f4807a2bcb6b07c10cea241322e0910c30869c1e4eda686b0d69bdcb74d2a140ef994afcf0bb38e0b960df4d2ee,23828351367884926,14670370,30260676
flashbots,10973412,0x741932c2387f6f78e6a71f025a818aa99db42ba6345d0bc1888ad0d42b35fcab,0xa2d994ea26d7c3b94b444fc2f2a6070d5cc8164e51d1a5c65db8ad6381ba5fc5e0eb3aa088b46e8da96b5167f9b97569,57999809287081123,6041196,30319892
flashbots,10973388,0x9e800dc516ad2addc4b6dd685a8722106be2abfd1656229e5a3637e8530a634a,0xb67eaa5efcfa1d17319c344e1e5167811afbfe7922a2cf01c9a361f465597a5dc3a5472bd98843bac88d2541a78eab08,17277203278136421,18749116,30084298
flashbots,10973375,0x1eb40b865de6a87dd4a0fcbaca93936a7c275bb2c98b70ffbc1a600a642ba744,0xa21a2f4807a2bcb6b07c10cea241322e0910c30869c1e4eda686b0d69bdcb74d2a140ef994afcf0bb38e0b960df4d2ee,23434474342177293,13794484,30113875
flashbots,10973369,0x58ce5c06631a02568df7be5201d697352f17b22746f61cce7eb6655a70e792d3,0xb4a435cf816291596fe2e405651ec8b6c80b9cc34dace3c83202ca489a833756c9a0672ebdc17f23d9d43163db1caa5d,13208873271884747,10814194,30113962
flashbots,10973360,0xe8155fd3043a18c26e8a569c478096dfd65a6bcbc9336295008607eb44e6a09e,0x93582c97ac58670ba118aae52cf6355d8c680a2a538bf77c90873e3fe7ddc0a6dd231e2e2ea06bdc07e9b160883512a3,18252006254426178,10760404,30143513
flashbots,10973359,0xb31706efc8b22d24a8ec58efa6a61cedbe093fef1c6fd82b4e6df49cca28c3ac,0xa2d994ea26d7c3b94b444fc2f2a6070d5cc8164e51d1a5c65db8ad6381ba5fc5e0eb3aa088b46e8da96b5167f9b97569,25925270034275032,14167879,30114106
flashbots,10973338,0x44a1866a31ac02614cfc1dee3e33e8929b28bcb284b0f4faa2b59e14d6332818,0x93582c97ac58670ba118aae52cf6355d8c680a2a538bf77c90873e3fe7ddc0a6dd231e2e2ea06bdc07e9b160883512a3,79753883611046529,17222971,30085015
flashbots,10973335,0x751d659c4f920fdb38d0df87d6b003ee627280715fbdd4456b751a3e287d3654,0x95c8cc31f8d4e54eddb0603b8f12d59d466f656f374bde2073e321bdd16082d420e3eef4d62467a7ea6b83818381f742,349765391489967796,20019946,30173323
flashbots,10973313,0x07b610dbf46e3a7d1f76e1d7bdcfb02ab9d346b8cfa38fa5fc80f13283551eaa,0xa21a2f4807a2bcb6b07c10cea241322e0910c30869c1e4eda686b0d69bdcb74d2a140ef994afcf0bb38e0b960df4d2ee,51044909570773670,17352936,30056010
flashbots,10973311,0x3d35c576d97e174e73f259e31428c9e1d3c0e527763eb60a36caec4c464a4bd0,0xb67eaa5efcfa1d17319c344e1e5167811afbfe7922a2cf01c9a361f465597a5dc3a5472bd98843bac88d2541a78eab08,22153442763439027,16253241,30056039
flashbots,10973307,0x887e08d3213830fff33694d94ddb0e369cb8727d130e0e382cf13b81dd43d6d9,0xb67eaa5efcfa1d17319c344e1e5167811afbfe7922a2cf01c9a361f465597a5dc3a5472bd98843bac88d2541a78eab08,20951981319110971,14262629,30173727
flashbots,10973302,0x891dd42e309a4cb6c7095d532509a99c1e253aa30e0208a2b72755ad1b0cf61e,0x852a00817dd13ce36535855192e218ccad6d489f90605c501fd4294940550592426552006ebd44f0e661b73d58a9765c,15373796854818071,7689419,30203279
flashbots,10973296,0x1bfe7d8313c0d87ebbacb6054083071cb503574ceb84bd3b1b11288cd6d41e0f,0x840c9dafb68f5cd460b5d5677b85114e89187e7c890f11a8c5fc4a3e4f4aa74136ef0fcd62cf7de9741afcf7d4d3360d,25838543304922365,9680991,30144436
flashbots,10973283,0x98b5908a8454f2b283800a9e37825adc8152a98d18a91465133c5099cc1e2953,0x840c9dafb68f5cd460b5d5677b85114e89187e7c890f11a8c5fc4a3e4f4aa74136ef0fcd62cf7de9741afcf7d4d3360d,31832089128574332,12474676,30144609
flashbots,10973273,0xbafacb347222a84783095a6ff2b78644260a3fb546d212d7a48c7197af69c5ee,0xa21a2f4807a2bcb6b07c10cea241322e0910c30869c1e4eda686b0d69bdcb74d2a140ef994afcf0bb38e0b960df4d2ee,19826111396991350,9355365,30203683
flashbots,10973270,0xa405f9ce9d43e7600b26fa54e545da84a84197591ce0be1aed9d1cbc69430e14,0x852a00817dd13ce36535855192e218ccad6d489f90605c501fd4294940550592426552006ebd44f0e661b73d58a9765c,14666807183450730,9218506,30233235
flashbots,10973261,0xe0476b5e772ac518b5f74506b10581bb2b7190822e42db42b22aaba0c7d0679d,0xb193dcaf1d485ba78094cb6b4126bff77e08c1244dff814447d3a31d9030b2584b369244ea67f13d48a02fa907b05f3a,14712058623089181,9331518,30203857
flashbots,10973247,0x5c2d6f2d8d629db59a6c04e15ae27836072a0fad41954abcf143ed78652866a7,0x850a00ffd1319a04114cff3793f8403ccbf026e0cf67ddca2f9fbb1a03e056a916becc686cdfe7714b111e35c92a74cf,19421964298418279,10301183,30115689
flashbots,10973232,0xb7142436b2973df26a6da0e1c7b818d0685bbdc0ff3a219a3a2b131a7fab22f3,0x840c9dafb68f5cd460b5d5677b85114e89187e7c890f11a8c5fc4a3e4f4aa74136ef0fcd62cf7de9741afcf7d4d3360d,41565631969813514,11430992,30086509
flashbots,10973206,0xb65ee5c9996b87707f4765ad4eb9efe1c6822e055e8d49125d885f9a768a73bb,0xb67eaa5efcfa1d17319c344e1e5167811afbfe7922a2cf01c9a361f465597a5dc3a5472bd98843bac88d2541a78eab08,15574171379673283,10610066,30145701
flashbots,10973204,0xcdd4ae5e7c51eac45e01e07e754461d7028a740d2acbdd77434deb937b88cb4b,0x840c9dafb68f5cd460b5d5677b85114e89187e7c890f11a8c5fc4a3e4f4aa74136ef0fcd62cf7de9741afcf7d4d3360d,14957620389393347,10238729,30086912
flashbots,10973198,0xc1ea6ae79321d30829f61e56142af09fc00b9b9a950d09a07a2f2802ddbcfaf6,0xb4a435cf816291596fe2e405651ec8b6c80b9cc34dace3c83202ca489a833756c9a0672ebdc17f23d9d43163db1caa5d,26195910563320068,17604185,30145817
flashbots,10973189,0x6df2cbe25e61e70b0b0a1c5e8be8e344d740346aad7c37cd96ec01e684a147dc,0xb26f96664274e15fb6fcda862302e47de7e0e2a6687f8349327a9846043e42596ec44af676126e2cacbdd181f548e681,41388114769646600,21553133,30175400
flashbots,10973182,0xf1ef259179971977559cdddf3cf32a1500bcd41609abff06b77cea45247eabf9,0xb4a435cf816291596fe2e405651ec8b6c80b9cc34dace3c83202ca489a833756c9a0672ebdc17f23d9d43163db1caa5d,33904282584613447,13475470,30204982
flashbots,10973157,0xd16914fdd8ae05c7c1f0b62df5cee81b0d436c59b1f1030a04cc64ce87c5b47e,0xa21a2f4807a2bcb6b07c10cea241322e0910c30869c1e4eda686b0d69bdcb74d2a140ef994afcf0bb38e0b960df4d2ee,14285564083224052,18702976,30116982
flashbots,10973156,0xb1f1d911e29b052e9bc10743014bb96a91542842fc4467a8d1e405c9958aba53,0x82ba7cadcdfc1b156ba2c48c1c627428ba917858e62c3a97d8f919510da23d0f11cf5db53cb92a5faf5de7d31bf38632,462618825586724330,13253057,30146420
flashbots,10973155,0xd95d3fc39f8b260119c6e0b492883e7ab4dc18058f2bb7fc4ea45473bf0e483a,0xa21a2f4807a2bcb6b07c10cea241322e0910c30869c1e4eda686b0d69bdcb74d2a140ef994afcf0bb38e0b960df4d2ee,18466618159306991,9644772,30117010
flashbots,10973140,0x11134ad33faeecfcd29efcb32ce8473c7a1f1a43f937e84f898e2c9a580ffdbd,0x946fcf348bbf1044a3eaa3d27f1d01397cfc4d27495a949447c95ea7ec41db9f5c4fe3b867a937623685a0462996df09,17375596776908847,8608356,30146648
flashbots,10973136,0x60e1d6504adbd54ab4a59a6a9ab5bd16ed2e776e9282ecb2e2761455f3273e2a,0xb67eaa5efcfa1d17319c344e1e5167811afbfe7922a2cf01c9a361f465597a5dc3a5472bd98843bac88d2541a78eab08,63891372873178819,12779176,30205640
flashbots,10973135,0x7419ffb8c0e633bf62c072e5400839c90c25ab39dd8370973a6a8452e79f7168,0x95c8cc31f8d4e54eddb0603b8f12d59d466f656f374bde2073e321bdd16082d420e3eef4d62467a7ea6b83818381f742,11667625275924965,9860009,30176173
flashbots,10973129,0x1243babaf163ddfe8388cdb5ec48a2f70255e69dbfccc205e145f80d6eabb4ed,0x840c9dafb68f5cd460b5d5677b85114e89187e7c890f11a8c5fc4a3e4f4aa74136ef0fcd62cf7de9741afcf7d4d3360d,190167893279411766,14275529,30058619
flashbots,10973126,0x966f0b9549c37146a5c2f29c4ffdf3327428f6081822c5df40ade4c57b46cd93,0xa2d994ea26d7c3b94b444fc2f2a6070d5cc8164e51d1a5c65db8ad6381ba5fc5e0eb3aa088b46e8da96b5167f9b97569,38894272166083291,13874791,30000000
flashbots,10973116,0xcc2b576fc3dc86c6e41fab33ff956bf5674d845a011b8c752b2a93eefe6e0af3,0xb67eaa5efcfa1d17319c344e1e5167811afbfe7922a2cf01c9a361f465597a5dc3a5472bd98843bac88d2541a78eab08,44729581831763609,12771748,30057848
flashbots,10973104,0xa8e5b88c6a4641ab545d16ab4bb513e334e525f4aa17ed09a3368299b7432960,0xb67eaa5efcfa1d17319c344e1e5167811afbfe7922a2cf01c9a361f465597a5dc3a5472bd98843bac88d2541a78eab08,52129887547431137,25229737,30234649
flashbots,10973095,0x7accc24a7845e23d0bc87465df48b3605a0d0bd01dd61105d366a6e1a48f38fa,0xa21a2f4807a2bcb6b07c10cea241322e0910c30869c1e4eda686b0d69bdcb74d2a140ef994afcf0bb38e0b960df4d2ee,24188909355360356,12403122,30323482
flashbots,10973089,0x7a0a46ea64f65a8ce6c8527a2a872fab181b3f268ca2d93b75cab2df301c4d36,0xa21a2f4807a2bcb6b07c10cea241322e0910c30869c1e4eda686b0d69bdcb74d2a140ef994afcf0bb38e0b960df4d2ee,29420079866657256,15543328,30205354
flashbots,10973084,0xa8059524a4e1a63c2e4f238119c479eed406749941b7b73a07d9737f6aadd073,0x95c8cc31f8d4e54eddb0603b8f12d59d466f656f374bde2073e321bdd16082d420e3eef4d62467a7ea6b83818381f742,27974786929684365,12909159,30117068
flashbots,10973067,0xba613990855a7af665de8fe9f0f69278fffd0e8d67850e56abc1fb089f529843,0xa21a2f4807a2bcb6b07c10cea241322e0910c30869c1e4eda686b0d69bdcb74d2a140ef994afcf0bb38e0b960df4d2ee,12758480272620737,8241041,30087915
flashbots,10973062,0xec89f998966aeead21e1728847e63189c722cf6d4cb5c3252d986e14a97ccaf1,0xb67eaa5efcfa1d17319c344e1e5167811afbfe7922a2cf01c9a361f465597a5dc3a5472bd98843bac88d2541a78eab08,14279791194440561,9433225,30058619
flashbots,10973059,0xdcb24943e3dc8a628d5ad994bed04747ce076ec2f5abd7a1f12ee4792831e80b,0xb26f96664274e15fb6fcda862302e47de7e0e2a6687f8349327a9846043e42596ec44af676126e2cacbdd181f548e681,65299051645854999,16702743,30000000
flashbots,10973045,0xb5d264b824319ce06f26a4c04b33b684ef2455e00393ab570175e19b5d1f22c0,0xa9d0a0f9059972d775a45d8377768ff20234de91a6fbacba5737ff8803807c38021b5863e5084869e695ef1d6c2fdaef,14867759263738863,14541101,30230674
flashbots,10973042,0xecb9d22c2509198272c05d75ba0e4bf39a10c781f1fb652cae9e204de3bb45de,0x93582c97ac58670ba118aae52cf6355d8c680a2a538bf77c90873e3fe7ddc0a6dd231e2e2ea06bdc07e9b160883512a3,10781728883071399,10163610,30260252
flashbots,10973027,0x159967d7090bc5b1c7054bf29305e596a607ec53868c153789bb981b40703357,0xaaf294c49fe14a402c7ffba447ec001032a8e9ff4cb4723c2f62aa0e76a707c7acb0abf545116c8221db50fed0d0d25c,21428242498937171,9867817,30290031
flashbots,10973024,0xc735c1fac0f1aab3765b55b82a202844976be9b227e097cb1cafbd383f4b2c36,0x840c9dafb68f5cd460b5d5677b85114e89187e7c890f11a8c5fc4a3e4f4aa74136ef0fcd62cf7de9741afcf7d4d3360d,21406443446370592,15562590,30201468
flashbots,10973021,0x73e560062b082a95f69b3a881d527675d5cc7108afe25966fcf6042eb2866d3b,0x82ba7cadcdfc1b156ba2c48c1c627428ba917858e62c3a97d8f919510da23d0f11cf5db53cb92a5faf5de7d31bf38632,34161299400615824,8472997,30172034
flashbots,10973015,0xed0cedef8eef541b1696375ffa1b78c14f5c705e6cc26b124ea24df429a1b3a0,0xa00001792da52b2ad6606033396337f86e7598c8e0927d640bb649e0a9fe230df41f8ffd3403a5cd4fffd5131e2fbe47,82426802517525865,8681978,30113251
flashbots,10973010,0x7116f92a9f4363dc081ca308ed7803ac1b7563ffdc39e668753ace7a2725bcaa,0xa21a2f4807a2bcb6b07c10cea241322e0910c30869c1e4eda686b0d69bdcb74d2a140ef994afcf0bb38e0b960df4d2ee,24243836283175104,10593439,30083931
flashbots,10973005,0x53ab9b4d483b7dbba51a18c5c704df259b37c4384124727d61ed4626317856fd,0xa9d0a0f9059972d775a45d8377768ff20234de91a6fbacba5737ff8803807c38021b5863e5084869e695ef1d6c2fdaef,23316609563251989,12751366,30172265
flashbots,10972998,0xdc3bff6eec09f96d490a1c20d8ca0bd758da047e931136a2d9891cab277cf97c,0xb9f88bc584a53fabb5b295e50638b20218c8b2303f3d26daef84ddb9609f1f93a95608806c94e564ebcd6e3976d3838d,20360532796293555,14352381,30084103
flashbots,10972995,0x38830acad266432f9353b500cfaa2efbd3c0b58ea456706e52670a4d034556b6,0xb67eaa5efcfa1d17319c344e1e5167811afbfe7922a2cf01c9a361f465597a5dc3a5472bd98843bac88d2541a78eab08,76584074144840162,25810999,30172408
flashbots,10972990,0xb04a51227b4e9af61e168655c83febf510f31024a7be3380a8b5a859ccdf5ad8,0xacb407cfb554255db2fbbb320f79bb7f1cc1e8d2dc43324e8e31baafd0836340d49c43eebc51828f53bf6d364f9ac207,59695104730785240,15429762,30261001
flashbots,10972983,0x7cd7ec65132bea875eb78123bce7b32471ab8f75457c9b7d045ed5f3f174214a,0x93582c97ac58670ba118aae52cf6355d8c680a2a538bf77c90873e3fe7ddc0a6dd231e2e2ea06bdc07e9b160883512a3,15098790992237864,9287287,30349883
flashbots,10972981,0x02d80205f6351acf6212bd36d4e5d38babcd05af81073b0e3e83da85d5422a62,0xa21a2f4807a2bcb6b07c10cea241322e0910c30869c1e4eda686b0d69bdcb74d2a140ef994afcf0bb38e0b960df4d2ee,35971111446455533,15410593,30349912
flashbots,10972966,0x934459ba344e6cd60c1eeb6a8710b22b50813c6c032017f7565d798e82f36c7d,0xb67eaa5efcfa1d17319c344e1e5167811afbfe7922a2cf01c9a361f465597a5dc3a5472bd98843bac88d2541a78eab08,24237500925774717,21654058,30320507
flashbots,10972959,0x2345f74432fd09106159a32040d55d2584143a2ec7be7e5299b94a23572d72cc,0xb4a435cf816291596fe2e405651ec8b6c80b9cc34dace3c83202ca489a833756c9a0672ebdc17f23d9d43163db1caa5d,43856997090595921,17162747,30231912
flashbots,10972943,0xbf1555647ca1820d37d51f8910f0bb741d5519c3f0e6fe11fee9cb99a9ada670,0xb26f96664274e15fb6fcda862302e47de7e0e2a6687f8349327a9846043e42596ec44af676126e2cacbdd181f548e681,28908432138870276,20540932,30173156
flashbots,10972939,0x236d813e416167297d3539a557c94906aa4c193ca6d1137525c4f539ef22ce2e,0xacb407cfb554255db2fbbb320f79bb7f1cc1e8d2dc43324e8e31baafd0836340d49c43eebc51828f53bf6d364f9ac207,15550449315781465,8624602,30114342
flashbots,10972937,0xf6850d4d14c9d1e3b88a9ba40cb9c449fbbc0445db822498a9c14dddaacba0c7,0x850a00ffd1319a04114cff3793f8403ccbf026e0cf67ddca2f9fbb1a03e056a916becc686cdfe7714b111e35c92a74cf,16503357986600884,9220741,30173243
flashbots,10972915,0x5e4547dc87f1d2a1ec5b72087b219c331162a120a3872a354049c3b417dc8d1f,0xb26f96664274e15fb6fcda862302e47de7e0e2a6687f8349327a9846043e42596ec44af676126e2cacbdd181f548e681,154191079199428393,17213526,30173559
flashbots,10972890,0xf171e2ea2e638d84dc67ccf2173d5206266dbe31e632b199e4d3f407b6dab69c,0xb4a435cf816291596fe2e405651ec8b6c80b9cc34dace3c83202ca489a833756c9a0672ebdc17f23d9d43163db1caa5d,22105522836113652,13190326,30321604
flashbots,10972869,0x0469a375a3c98322cadcb2c6aee77590fe85d8ca7d20ea947e4bc6ec0f261df2,0xa21a2f4807a2bcb6b07c10cea241322e0910c30869c1e4eda686b0d69bdcb74d2a140ef994afcf0bb38e0b960df4d2ee,23056196373268684,11876035,30233207
flashbots,10972859,0x395233d85c86330d8749fef3d4a4419e761d0b5666aea09f9a20780f775acbbd,0x840c9dafb68f5cd460b5d5677b85114e89187e7c890f11a8c5fc4a3e4f4aa74136ef0fcd62cf7de9741afcf7d4d3360d,16910529994842854,11012742,30174362
flashbots,10972855,0x70ca0b5a100f3fc03e46511edbe8cf04cfeeb9baccd965aa5fac02323fb86672,0xa21a2f4807a2bcb6b07c10cea241322e0910c30869c1e4eda686b0d69bdcb74d2a140ef994afcf0bb38e0b960df4d2ee,35527530765266423,11008237,30174419
flashbots,10972851,0x43437a5451d7dd1eee0648a73088f5ba2b3bb91a207acfe5db21f7608f0fb531,0x840c9dafb68f5cd460b5d5677b85114e89187e7c890f11a8c5fc4a3e4f4aa74136ef0fcd62cf7de9741afcf7d4d3360d,24950946233247533,14107500,30115603
flashbots,10972849,0xcf6867f9426d07ade76c8ed159f376ca9a708dfbf9ebb8c3c13f2eaf2f17c2ce,0xa21a2f4807a2bcb6b07c10cea241322e0910c30869c1e4eda686b0d69bdcb74d2a140ef994afcf0bb38e0b960df4d2ee,23486087896849302,14327699,30056872
flashbots,10972847,0xf25860c02cb44ccf92bacaa15882a94d8e2e77128e0de7840313150700e68188,0xb67eaa5efcfa1d17319c344e1e5167811afbfe7922a2cf01c9a361f465597a5dc3a5472bd98843bac88d2541a78eab08,48238450289877239,19069948,30056901
flashbots,10972832,0x745ca9e9b38737343ff30658d66e6507551bed8d4ca8d0b68bdb773b8e5cfabd,0xb67eaa5efcfa1d17319c344e1e5167811afbfe7922a2cf01c9a361f465597a5dc3a5472bd98843bac88d2541a78eab08,18206593674011530,13693777,30233726
flashbots,10972816,0xe86e522f97b8cfa99b9c7292b94b466b81acf3a73ba3bd6443c6afd99eb20082,0xb67eaa5efcfa1d17319c344e1e5167811afbfe7922a2cf01c9a361f465597a5dc3a5472bd98843bac88d2541a78eab08,36226265861097170,16693945,30293062
flashbots,10972807,0x2da4b0c0e4d20b84ff5e9755bb6f4fe8c444a5db67f559401958e554f709f293,0x95c8cc31f8d4e54eddb0603b8f12d59d466f656f374bde2073e321bdd16082d420e3eef4d62467a7ea6b83818381f742,30249137389862200,26247755,30263622
flashbots,10972799,0x85e951913663306c15e32f10521dfc30e3f7210037d7a25a0feef364886f6e66,0xa21a2f4807a2bcb6b07c10cea241322e0910c30869c1e4eda686b0d69bdcb74d2a140ef994afcf0bb38e0b960df4d2ee,50452444752996079,19807913,30501090
flashbots,10972753,0x1bc5c966a10ebe8ed5ee9279fbd60bcf5d9513e61ee0b512ee1dada52f537d89,0xb67eaa5efcfa1d17319c344e1e5167811afbfe7922a2cf01c9a361f465597a5dc3a5472bd98843bac88d2541a78eab08,86673851359102080,9196893,30353179
flashbots,10972744,0xe2415856696e882a5cd09123bdc5b10f8a5ac375b707fa70782f9c6b146c8fe5,0x840c9dafb68f5cd460b5d5677b85114e89187e7c890f11a8c5fc4a3e4f4aa74136ef0fcd62cf7de9741afcf7d4d3360d,17411893348076122,10933578,30323683
flashbots,10972736,0x4b5698dfce91ece4a089d44da3358ea85f34d6aa814feb703ff3650b1f5afccd,0xa00003f73b2dd7971dd3030d6af2ba42bdf9cd02197026fee7572f3b8147137cca109048cece90fdd0f73a5d9b5b5e41,129120085420171240,4543400,30264633
flashbots,10972725,0xda3f21152c3c6714e4c6859ec0c2d4a455862a867aef9ae7af206cde1a586805,0xa00003f73b2dd7971dd3030d6af2ba42bdf9cd02197026fee7572f3b8147137cca109048cece90fdd0f73a5d9b5b5e41,107745368590934544,2229047,30058619
flashbots,10972719,0x70290f22dde5de2103b09f0a3acb5e61c8134f1a30f1beb320ef2889ae8c460b,0x840c9dafb68f5cd460b5d5677b85114e89187e7c890f11a8c5fc4a3e4f4aa74136ef0fcd62cf7de9741afcf7d4d3360d,28502098573972170,8572424,30000000
flashbots,10972714,0xb8079e14ce29218023672bdc7b1ccd772bfe168c5f0db40b1e7675d95a8fe444,0xacb407cfb554255db2fbbb320f79bb7f1cc1e8d2dc43324e8e31baafd0836340d49c43eebc51828f53bf6d364f9ac207,16529765080234537,11200043,30000000
flashbots,10972704,0x8b017d96b288ee6665c6c9a78d746730bbab62d05ec14a5d08befe85e661a131,0xa21a2f4807a2bcb6b07c10cea241322e0910c30869c1e4eda686b0d69bdcb74d2a140ef994afcf0bb38e0b960df4d2ee,47780856468525308,11176148,30028550
flashbots,10972686,0x364581195d8b75c089a5c6f5e890e85e8835279d732a95f261e11590564bc0ff,0xb67eaa5efcfa1d17319c344e1e5167811afbfe7922a2cf01c9a361f465597a5dc3a5472bd98843bac88d2541a78eab08,24844422393828814,14616649,30146333
flashbots,10972671,0xb669c219a0738e0a786fc85ea070a07c724c7f86e594c42ce6fabea8ec91b233,0xacb407cfb554255db2fbbb320f79bb7f1cc1e8d2dc43324e8e31baafd0836340d49c43eebc51828f53bf6d364f9ac207,36326649954693398,7737716,30117123
flashbots,10972670,0xe15bc1bcea6ed51875ef618c543717ef521fcbe9d2821722be6f42501682c2cc,0x840c9dafb68f5cd460b5d5677b85114e89187e7c890f11a8c5fc4a3e4f4aa74136ef0fcd62cf7de9741afcf7d4d3360d,50369729495564104,16442745,30146562
flashbots,10972667,0x861275603ab0d4aa0add9df7b13f594fcdf47ad98f98a1d65722ae19de79628b,0xa21a2f4807a2bcb6b07c10cea241322e0910c30869c1e4eda686b0d69bdcb74d2a140ef994afcf0bb38e0b960df4d2ee,27287986935319055,12288422,30117181
flashbots,10972657,0x0690f680bc3b3d3f23d61df3f5aef5ab8f6d3810be5a86fb7a5a90cd5a1f50f4,0xa9bd259c09a526915575d096fd659d1e207caa94c7f92d584d256a5090dd5d81369e8fe67b8cc89b87199084aa42e20a,99111049022775813,12843144,30176202
flashbots,10972633,0xbfb7be92ffcaae07d7a06ed6a49cbbc8a0ad0b7c046e6cd04ef0fae0541391c1,0xb67eaa5efcfa1d17319c344e1e5167811afbfe7922a2cf01c9a361f465597a5dc3a5472bd98843bac88d2541a78eab08,36794451992558095,16895782,30000000
flashbots,10972627,0xc033763e43de72004d106789ce34aec95ea9f5fde1f82180b25330e4c9b2e0b4,0x93582c97ac58670ba118aae52cf6355d8c680a2a538bf77c90873e3fe7ddc0a6dd231e2e2ea06bdc07e9b160883512a3,20942926763869025,13524201,30055814
flashbots,10972604,0x4306e6d3770acbc9398bf5e1dadc0a3e604149742729aacd160abf5db65de573,0xb67eaa5efcfa1d17319c344e1e5167811afbfe7922a2cf01c9a361f465597a5dc3a5472bd98843bac88d2541a78eab08,33052694612411523,21774955,30173758
flashbots,10972592,0x6273c0490299b0d40a69e542471f770c4ee3a35b472cd121f4cb639aff9bb5f7,0xa21a2f4807a2bcb6b07c10cea241322e0910c30869c1e4eda686b0d69bdcb74d2a140ef994afcf0bb38e0b960df4d2ee,18461904261977542,8786197,30115057
flashbots,10972585,0x5c8f6f0e6ed061d68cd30dfbd696cd25805d19e34ba1e9b939c163df09192c9f,0xacb407cfb554255db2fbbb320f79bb7f1cc1e8d2dc43324e8e31baafd0836340d49c43eebc51828f53bf6d364f9ac207,32569646154889889,7291591,30027063
flashbots,10972576,0x98f68c64181324948fb09b58e1f2d27d9489cb5a1129941f1c679e623119c152,0xb67eaa5efcfa1d17319c344e1e5167811afbfe7922a2cf01c9a361f465597a5dc3a5472bd98843bac88d2541a78eab08,13354772023436009,12209160,30174159
flashbots,10972560,0xc87e24974d02e851715a72352a98d0e8b03a247f955f0d8376ac6aeb4255c677,0xb26f96664274e15fb6fcda862302e47de7e0e2a6687f8349327a9846043e42596ec44af676126e2cacbdd181f548e681,16065502566509005,9922508,30351702
flashbots,10972547,0x8d5d9f7af8e8952694bcd61cc82d8fd54f54bc8643b8be5decb761b520a06e27,0xb67eaa5efcfa1d17319c344e1e5167811afbfe7922a2cf01c9a361f465597a5dc3a5472bd98843bac88d2541a78eab08,21914137817342686,29572189,30174562
flashbots,10972545,0x0ca7821174ce1e4be667768f22da4f100179afbadd417f92dc91cf7a54914db4,0xacb407cfb554255db2fbbb320f79bb7f1cc1e8d2dc43324e8e31baafd0836340d49c43eebc51828f53bf6d364f9ac207,32066938973695183,26910233,30174591
flashbots,10972516,0x2bf25d9a2ad1dc1490a976ac56f58acd51fbbca2cdf15a16dfec30c7c037c0d6,0xacb407cfb554255db2fbbb320f79bb7f1cc1e8d2dc43324e8e31baafd0836340d49c43eebc51828f53bf6d364f9ac207,30601467534693580,7126378,30322701
flashbots,10972508,0xc497f8121df4a9428cf8a222c7a7ff10a0e68d9264aace10d84706841ae8c5c0,0x852a00817dd13ce36535855192e218ccad6d489f90605c501fd4294940550592426552006ebd44f0e661b73d58a9765c,17751347808271412,7152400,30322816
flashbots,10972495,0x3d02db0072af15a878221acd3b8b735158be34e4c7f768c0d909e655369d8c31,0xa00001792da52b2ad6606033396337f86e7598c8e0927d640bb649e0a9fe230df41f8ffd3403a5cd4fffd5131e2fbe47,8711244987815232,7435573,30234302
flashbots,10972485,0x0dd8751900b6e04c1b57df81778c5022b22d893b0508933eee77e8a938bc5b5e,0xb26f96664274e15fb6fcda862302e47de7e0e2a6687f8349327a9846043e42596ec44af676126e2cacbdd181f548e681,22853134663901000,30215875,30234445
flashbots,10972481,0x921eb9d202d11c17863d49ebc8f12d2b9022771bda3737310f635646f287a1fb,0x95c8cc31f8d4e54eddb0603b8f12d59d466f656f374bde2073e321bdd16082d420e3eef4d62467a7ea6b83818381f742,9600891433128439,12098922,30175510
flashbots,10972480,0x668d2227542be0e6ab7a2f1e62bae98187fb0d0db39b6276275812b49f6f0a44,0xb26f96664274e15fb6fcda862302e47de7e0e2a6687f8349327a9846043e42596ec44af676126e2cacbdd181f548e681,9641972660861546,7440131,30205006
flashbots,10972478,0x00f7faf31a10a63141a01bacd50a46a89480c744b6f0bd0996fae81bb9676afd,0xa00001792da52b2ad6606033396337f86e7598c8e0927d640bb649e0a9fe230df41f8ffd3403a5cd4fffd5131e2fbe47,20685568008643624,5651210,30146101
flashbots,10972473,0xbcc2937d6925f4fc45e3e86a9c9a9f70bd2de13e1b34105c7cf58563d12561a2,0x840c9dafb68f5cd460b5d5677b85114e89187e7c890f11a8c5fc4a3e4f4aa74136ef0fcd62cf7de9741afcf7d4d3360d,13715486916324378,11744643,30116749
flashbots,10972450,0x6558fd71d613d187ccb508b42bb0b5f2e6850424832565772e2b2c7d74441b65,0x95c8cc31f8d4e54eddb0603b8f12d59d466f656f374bde2073e321bdd16082d420e3eef4d62467a7ea6b83818381f742,11583246053530304,10419717,30205438
flashbots,10972449,0x6c5dfd6ce38d9fc3c799c39530f9f3982a6f7118aa2a3ff5df29e3ccfb67d8e5,0xb26f96664274e15fb6fcda862302e47de7e0e2a6687f8349327a9846043e42596ec44af676126e2cacbdd181f548e681,52343948174586405,16066059,30175971
flashbots,10972445,0xd194d1af9cf13f8e2f7d5c72077910a80caff1a60a2290da176f628678ac618b,0x852a00817dd13ce36535855192e218ccad6d489f90605c501fd4294940550592426552006ebd44f0e661b73d58a9765c,18816717426166235,16315028,30058390
flashbots,10972435,0x7a6c5c29e81991b9ff89ded4a25fd0a3a244aa56ed6b56782be92b68871ca8af,0xb67eaa5efcfa1d17319c344e1e5167811afbfe7922a2cf01c9a361f465597a5dc3a5472bd98843bac88d2541a78eab08,16217956092713222,12155037,30058534
flashbots,10972413,0x58655583d11615f4b6c68be67602adbf9a6fa2e6ad78734316ec5d956681df17,0xa21a2f4807a2bcb6b07c10cea241322e0910c30869c1e4eda686b0d69bdcb74d2a140ef994afcf0bb38e0b960df4d2ee,49400659404600620,14741229,30000000
flashbots,10972397,0x1f2ec58473c635bf4acb3caa89ad6409e3425e1fdecc9cf7244911df1a47b116,0xacb407cfb554255db2fbbb320f79bb7f1cc1e8d2dc43324e8e31baafd0836340d49c43eebc51828f53bf6d364f9ac207,8250847566222867,6860243,30058619
flashbots,10972388,0xf68003a2dae8bcae5f5ac955c93f8dfe4b7d1306531c4e54673aee9338aa56be,0xa32aadb23e45595fe4981114a8230128443fd5407d557dc0c158ab93bc2b88939b5a87a84b6863b0d04a4b5a2447f847,44612751430462535,13851899,30146706
flashbots,10972386,0x7f06cf626560db71e93e3390d1a6a5f3265aab43a45e31d48f9eacac281e8ed3,0xacb407cfb554255db2fbbb320f79bb7f1cc1e8d2dc43324e8e31baafd0836340d49c43eebc51828f53bf6d364f9ac207,10070073893652912,7264870,30087915
flashbots,10972378,0x0ed8400f79a1f4039c0698a55c779ba605094482cd892c1bfb78c3a42500c610,0xa21a2f4807a2bcb6b07c10cea241322e0910c30869c1e4eda686b0d69bdcb74d2a140ef994afcf0bb38e0b960df4d2ee,22937627971348017,15994226,30000000
flashbots,10972353,0x04725972406c19b9d87c70624289ffbee0f042891a792d591606cc9a8e62e675,0x93582c97ac58670ba118aae52cf6355d8c680a2a538bf77c90873e3fe7ddc0a6dd231e2e2ea06bdc07e9b160883512a3,14743504336517779,17648965,30029295
flashbots,10972332,0xe156c224938d8fb1fe0c3132b429b6264a6da5dcf18adae78ac69d066da0d615,0x93582c97ac58670ba118aae52cf6355d8c680a2a538bf77c90873e3fe7ddc0a6dd231e2e2ea06bdc07e9b160883512a3,30241852016529452,9602766,30000000
flashbots,10972309,0xe42f80613e17b3c1bf1dcccbf39905ca5a5de4d05a910a8f119c4642971c781b,0x840c9dafb68f5cd460b5d5677b85114e89187e7c890f11a8c5fc4a3e4f4aa74136ef0fcd62cf7de9741afcf7d4d3360d,23817074569798226,8388880,30000000
flashbots,10972305,0xb7ad38229ade91db45526b909df70f50048e7d1c2ddea4c01d2145504c8be3f0,0xb193dcaf1d485ba78094cb6b4126bff77e08c1244dff814447d3a31d9030b2584b369244ea67f13d48a02fa907b05f3a,19953609961255730,8013867,30057470
flashbots,10972303,0xc9d0de4935e7c6f0aa57147c07c29f9f7005dcd8e3ebc73aae913bc5ffadbf29,0xb193dcaf1d485ba78094cb6b4126bff77e08c1244dff814447d3a31d9030b2584b369244ea67f13d48a02fa907b05f3a,35885541923944830,8002218,30057499
flashbots,10972289,0x69e00c615ec102a2a9cd49b68236fa0265d99a70305bfc7178d6c5fa81e21634,0xb4a435cf816291596fe2e405651ec8b6c80b9cc34dace3c83202ca489a833756c9a0672ebdc17f23d9d43163db1caa5d,14448764599031257,10519981,30116461
flashbots,10972287,0xef6fb708665e4785fcd54b1c6d6fba78990457ab65f37d678359407249ea0f4c,0xa00001792da52b2ad6606033396337f86e7598c8e0927d640bb649e0a9fe230df41f8ffd3403a5cd4fffd5131e2fbe47,54245618664053075,13180317,30116490
flashbots,10972268,0x35e81dc57978110ce30d2edda0d92d37ac15eb0c5985327dd59a0602cb2bad01,0xb67eaa5efcfa1d17319c344e1e5167811afbfe7922a2cf01c9a361f465597a5dc3a5472bd98843bac88d2541a78eab08,22974715017042809,10920231,30205120
flashbots,10972257,0xfd296c1626653b00b947f48663ed52b66cbea2a221f48ebdac2ed53117b7ecec,0xa21a2f4807a2bcb6b07c10cea241322e0910c30869c1e4eda686b0d69bdcb74d2a140ef994afcf0bb38e0b960df4d2ee,14010021585269651,9918717,30234789
flashbots,10972213,0xa12ac68a3a4408370cf9056d9e427b5a1b49724b8e4591571adac210c2bf5465,0x840c9dafb68f5cd460b5d5677b85114e89187e7c890f11a8c5fc4a3e4f4aa74136ef0fcd62cf7de9741afcf7d4d3360d,10385865388509755,9418031,30087972
flashbots,10972193,0xb911c5feffa9dce7a7b3e911cf983b0f6d6c07e59267bf30a2631da5ae9a4556,0xa21a2f4807a2bcb6b07c10cea241322e0910c30869c1e4eda686b0d69bdcb74d2a140ef994afcf0bb38e0b960df4d2ee,11447309336617419,9950613,30087887
flashbots,10972192,0xd4ab8454b6b666770057ea35c77e7c151f5b9daaa2f83226acecf34bf6de646f,0xb26f96664274e15fb6fcda862302e47de7e0e2a6687f8349327a9846043e42596ec44af676126e2cacbdd181f548e681,20293435706083314,14038394,30058534
flashbots,10972177,0xac83286ac14be99576c82bb9faf84f716883625f4530a91050ecc85fd7a49db5,0x946fcf348bbf1044a3eaa3d27f1d01397cfc4d27495a949447c95ea7ec41db9f5c4fe3b867a937623685a0462996df09,7577385332653175,13675747,30029295
flashbots,10972168,0x080cf591d4fdb583f054a8da4be06e30bad486245046f0cca79de5f522cea0dc,0x95c8cc31f8d4e54eddb0603b8f12d59d466f656f374bde2073e321bdd16082d420e3eef4d62467a7ea6b83818381f742,16368835842688513,12567808,30058533
flashbots,10972165,0x2ed84b478178760e379ace146159d5587896cdd8778bd4a28a9454516f361f77,0x840c9dafb68f5cd460b5d5677b85114e89187e7c890f11a8c5fc4a3e4f4aa74136ef0fcd62cf7de9741afcf7d4d3360d,16280920656136801,15587240,30029238
flashbots,10972123,0xbd1ea646157f3e26f5ed089b24df20c4ef80b6eb23816d7e2b35e85f100f977f,0x850a00ffd1319a04114cff3793f8403ccbf026e0cf67ddca2f9fbb1a03e056a916becc686cdfe7714b111e35c92a74cf,12722134403876777,9229706,30084147
flashbots,10972117,0x00d6a276aac1160464f45b3bf87fc75aa445773563747c0df4c1a0ccb673bb76,0x840c9dafb68f5cd460b5d5677b85114e89187e7c890f11a8c5fc4a3e4f4aa74136ef0fcd62cf7de9741afcf7d4d3360d,10689169499684128,8424969,30084233
flashbots,10972105,0xbb5319b1bd7a6ba52929f2af1a231f684ee0d7ac85dc7f180789080ce1fe0a6e,0xb4a435cf816291596fe2e405651ec8b6c80b9cc34dace3c83202ca489a833756c9a0672ebdc17f23d9d43163db1caa5d,15553938708242525,11837574,30261190
flashbots,10972092,0x260f54fdebfbfe189160e52c7bf4e013eb35b715199faff777e98cf9316e3d10,0xb67eaa5efcfa1d17319c344e1e5167811afbfe7922a2cf01c9a361f465597a5dc3a5472bd98843bac88d2541a78eab08,9109937254872614,14980957,30261363
flashbots,10972077,0xbbd29159a504ae47fdc48e75c78f53f388d7cbcd963048a902d21411b998d4e9,0xb67eaa5efcfa1d17319c344e1e5167811afbfe7922a2cf01c9a361f465597a5dc3a5472bd98843bac88d2541a78eab08,15853808667814498,14570619,30528706
flashbots,10972068,0xd452d99ee1d83aaedcc0d232f9074c52283e63c00430aa99b60fa456c66de61b,0x95c8cc31f8d4e54eddb0603b8f12d59d466f656f374bde2073e321bdd16082d420e3eef4d62467a7ea6b83818381f742,9580551074146348,9539702,30558663
flashbots,10972067,0xa8db7ae305e1bfd9ad7ef125a79a18a6634b8051b3859c038c2805e69fd2cbe0,0xa9bd259c09a526915575d096fd659d1e207caa94c7f92d584d256a5090dd5d81369e8fe67b8cc89b87199084aa42e20a,43940145454369199,16288633,30528851
flashbots,10972063,0xf50a4ecdca1aa1096b60d032107e577f09d77055cbf3411c1996711a32ce23e0,0xa21a2f4807a2bcb6b07c10cea241322e0910c30869c1e4eda686b0d69bdcb74d2a140ef994afcf0bb38e0b960df4d2ee,9200745384453848,7999886,30528909
flashbots,10972061,0xd9e2f13ad26cb36e23ed93f08a585aebfcbd7703f1eb8f909296113dc88e4e71,0xb4a435cf816291596fe2e405651ec8b6c80b9cc34dace3c83202ca489a833756c9a0672ebdc17f23d9d43163db1caa5d,8659055671477309,9276963,30528938
flashbots,10972035,0x5afe5082a518ee62688cecfbd0690fc47048fd12f7fc7d225e27a54406be9d83,0x840c9dafb68f5cd460b5d5677b85114e89187e7c890f11a8c5fc4a3e4f4aa74136ef0fcd62cf7de9741afcf7d4d3360d,29974247543927788,21366656,30529315
flashbots,10972033,0x13f35c6a506a05d74bd161afad05fb324d9a8f27b6a726fe3bbfb8ba97f396f9,0xa32aadb23e45595fe4981114a8230128443fd5407d557dc0c158ab93bc2b88939b5a87a84b6863b0d04a4b5a2447f847,26403063780510663,15737355,30589027
flashbots,10972014,0xe0cc37970f5ad87f25e7a251cde47fa42195b3369cf2d3928c713a4dcdb99c99,0x95c8cc31f8d4e54eddb0603b8f12d59d466f656f374bde2073e321bdd16082d420e3eef4d62467a7ea6b83818381f742,13899008414068430,16279582,30499824
flashbots,10972001,0xe7dc80160d46824408f34016fea9566dd08e92abe2ed2fd162f70815d19666c2,0x81476ce973b358648ef2b990ed3fe9e9b264030116e5f6aa12c1b9f573b7a19ef75b9142426ec3a4e56719659940d224,19792669588929556,2834145,30589495
flashbots,10971998,0xb357197aaa113b7ed8bb5ad9829661caf34e0ec1bcb7ffdeabdc31a25aa5fa13,0xb4a435cf816291596fe2e405651ec8b6c80b9cc34dace3c83202ca489a833756c9a0672ebdc17f23d9d43163db1caa5d,26003486792641113,24931016,30559682
flashbots,10971982,0x86fb952c97c139426a7065a0f38074574922ef1e2c335fae7a5bbe45ad300bfa,0xa32aadb23e45595fe4981114a8230128443fd5407d557dc0c158ab93bc2b88939b5a87a84b6863b0d04a4b5a2447f847,22273274009361146,19708117,30619656
flashbots,10971981,0x239eead4a837c4ee03b0053ddd5b5daf892460acfbd1c5e077c07f269d4229be,0xa21a2f4807a2bcb6b07c10cea241322e0910c30869c1e4eda686b0d69bdcb74d2a140ef994afcf0bb38e0b960df4d2ee,9868364931974637,10999128,30589785
flashbots,10971958,0x8fa735aa0e47a7f9d71daea5caebd640f59cade13959827c0dd94bc0aab5c6eb,0xb67eaa5efcfa1d17319c344e1e5167811afbfe7922a2cf01c9a361f465597a5dc3a5472bd98843bac88d2541a78eab08,26190095372125876,9707500,30530424
flashbots,10971935,0x36f6453f862c0204ac2494bf4b22649a1460ad58f736ad01f9e9e2bb8e4140d4,0xb26f96664274e15fb6fcda862302e47de7e0e2a6687f8349327a9846043e42596ec44af676126e2cacbdd181f548e681,11463688834648641,16149344,30620335
flashbots,10971930,0xebfbf8e1f8741bb541e618811a9fc352a95bd180b72abe95cdcaf3a1644c18f7,0x93582c97ac58670ba118aae52cf6355d8c680a2a538bf77c90873e3fe7ddc0a6dd231e2e2ea06bdc07e9b160883512a3,14308771590529765,11150346,30650324
flashbots,10971928,0x87842053a0057142f882819e86dc7878f0cd5730a1f3c82ddecf069a50ff2283,0x840c9dafb68f5cd460b5d5677b85114e89187e7c890f11a8c5fc4a3e4f4aa74136ef0fcd62cf7de9741afcf7d4d3360d,11944490522631878,14722648,30710273
flashbots,10971919,0xdf207184c8fb7e204a3e0b8a9cb2368fc046ee78dac83f7f3af5198da2fe3408,0xa87b7288a39c48a71913926dcf55a7e423705b741e3893474658d3ea4413d98b0fcad61bc725ad6b5604af6a2d9a1029,8269826982138396,5161070,30620568
flashbots,10971915,0xf79cd393b17f1a5a3990ffe5eda6d4cb4cf42ef2a752d77a4a7e59d1f0249e0c,0x840c9dafb68f5cd460b5d5677b85114e89187e7c890f11a8c5fc4a3e4f4aa74136ef0fcd62cf7de9741afcf7d4d3360d,15311490467995994,14275679,30620628
flashbots,10971902,0xd14f8b49da88cba24c41e1e77312f176f4ac8bbcd2427ba2cf9754951dcbf241,0x93582c97ac58670ba118aae52cf6355d8c680a2a538bf77c90873e3fe7ddc0a6dd231e2e2ea06bdc07e9b160883512a3,16008009224122609,11165012,30590902
flashbots,10971882,0xbfa565964503c544d6a72b6ca461504b6b37a254c103e1709f7cb2fe918fed01,0xacb407cfb554255db2fbbb320f79bb7f1cc1e8d2dc43324e8e31baafd0836340d49c43eebc51828f53bf6d364f9ac207,9959405561539410,9366433,30471940
flashbots,10971876,0xde78dc615252675c3eabffa44c7ef943d74bbcd5dfa75ec9ee66ee040f708063,0xa21a2f4807a2bcb6b07c10cea241322e0910c30869c1e4eda686b0d69bdcb74d2a140ef994afcf0bb38e0b960df4d2ee,21284463600229892,15884739,30353235
flashbots,10971872,0x25eeed1e7fefdb11b871d2f967c753967abdb96c14b53e0b250fea553698ab93,0xb9f88bc584a53fabb5b295e50638b20218c8b2303f3d26daef84ddb9609f1f93a95608806c94e564ebcd6e3976d3838d,10249282982019897,13519549,30294070
flashbots,10971858,0x5c9ee7d51e688ece326476034c91bd7f7fe36644d6648cd164441f7ac9477141,0xacb407cfb554255db2fbbb320f79bb7f1cc1e8d2dc43324e8e31baafd0836340d49c43eebc51828f53bf6d364f9ac207,15377120481117430,11877387,30117295
flashbots,10971852,0xd6c28149730fbba8b13ffd7024e652e7d0e7a981c20dcbf4716edb755708b066,0xa9bd259c09a526915575d096fd659d1e207caa94c7f92d584d256a5090dd5d81369e8fe67b8cc89b87199084aa42e20a,14000024799519778,13680964,30058619
flashbots,10971841,0x9f05d6fc6a79bdd1f9bc883c00316d4e1a218f99b8427d8969bdcc0d014c9a28,0x840c9dafb68f5cd460b5d5677b85114e89187e7c890f11a8c5fc4a3e4f4aa74136ef0fcd62cf7de9741afcf7d4d3360d,19110973699711746,14658707,30029295
flashbots,10971834,0x8583fc538dd770f11393f641a015696691753c2dad2d25159751ba74820337a6,0xa21a2f4807a2bcb6b07c10cea241322e0910c30869c1e4eda686b0d69bdcb74d2a140ef994afcf0bb38e0b960df4d2ee,16575111412967244,11741095,30000000
flashbots,10971824,0x0378e8be1279c11769b1ab16640acd46ea4c9747e9851127cc7380a58d18ac57,0xa21a2f4807a2bcb6b07c10cea241322e0910c30869c1e4eda686b0d69bdcb74d2a140ef994afcf0bb38e0b960df4d2ee,13924112190692812,13041865,30029266
flashbots,10971804,0xd288a1f407800b9505f1c6b41440b37517c36af00c64815cef42906648413b49,0xb26f96664274e15fb6fcda862302e47de7e0e2a6687f8349327a9846043e42596ec44af676126e2cacbdd181f548e681,41422446900123139,26850115,30087858
flashbots,10971802,0xc82b39f5b4e1e995add0f43993a0b0e6b1a71a11ba21997860a31a06bf817cc8,0xb26f96664274e15fb6fcda862302e47de7e0e2a6687f8349327a9846043e42596ec44af676126e2cacbdd181f548e681,68900725616085524,15580543,30087886
flashbots,10971757,0xd0ffaebdbf24578bfec9d0c8dae40271e4b1ae13d5f2068d2fdb5fc677140c47,0x95c8cc31f8d4e54eddb0603b8f12d59d466f656f374bde2073e321bdd16082d420e3eef4d62467a7ea6b83818381f742,40904912442700460,20573875,30057817
flashbots,10971746,0xaaef0e2193d2c586ba525478b72bbd610dd69af5af3bce6d6b5319c167bdc769,0xa21a2f4807a2bcb6b07c10cea241322e0910c30869c1e4eda686b0d69bdcb74d2a140ef994afcf0bb38e0b960df4d2ee,42071957126109006,21133747,30146158
flashbots,10971745,0x1ab795abbed5f2a93ae320d0a46fd02afab10aad759f3c364fc53b9d6c94a477,0xb67eaa5efcfa1d17319c344e1e5167811afbfe7922a2cf01c9a361f465597a5dc3a5472bd98843bac88d2541a78eab08,15705221884833261,13244742,30116749
flashbots,10971733,0x452a849b55566b168926f5cf057f7d6a59236233d16f44f4223aa25690046cbf,0xb67eaa5efcfa1d17319c344e1e5167811afbfe7922a2cf01c9a361f465597a5dc3a5472bd98843bac88d2541a78eab08,11398439583272022,10490918,30175797
flashbots,10971732,0xf3201e0e81322f81d2cbdc024d09c9e5d3b1dae6ec508bfec7e6bd9a45690c59,0xb67eaa5efcfa1d17319c344e1e5167811afbfe7922a2cf01c9a361f465597a5dc3a5472bd98843bac88d2541a78eab08,13099745571520820,16796604,30205293
flashbots,10971706,0xd42fa0241016bd90121b8cddb265d0f9690eb2a8c56731ac856022f313b933e6,0x95c8cc31f8d4e54eddb0603b8f12d59d466f656f374bde2073e321bdd16082d420e3eef4d62467a7ea6b83818381f742,22685216343533498,14729709,30146734
flashbots,10971683,0x5c66ac700b348f01a98ebb2a2d6556e20be27898cca47dbf542eb10c9587065f,0x852a00817dd13ce36535855192e218ccad6d489f90605c501fd4294940550592426552006ebd44f0e661b73d58a9765c,15492139426741442,10112479,30145269
flashbots,10971673,0xde2d4020503103304204e830c34f539acb6d410447a1345999142a5dfd3bf42e,0xb9f88bc584a53fabb5b295e50638b20218c8b2303f3d26daef84ddb9609f1f93a95608806c94e564ebcd6e3976d3838d,11053920145666013,11804835,30086596
flashbots,10971648,0xc38dcce0a547f02bfe7e1ef468842810c8788ad601613a77510a0585ffa5dc9c,0x840c9dafb68f5cd460b5d5677b85114e89187e7c890f11a8c5fc4a3e4f4aa74136ef0fcd62cf7de9741afcf7d4d3360d,47642429610699917,14586861,30263740
flashbots,10971647,0x77f9082d756c53889a134f2972426ba7ef437d51f62fd604510a18eb70dc3969,0xb26f96664274e15fb6fcda862302e47de7e0e2a6687f8349327a9846043e42596ec44af676126e2cacbdd181f548e681,92741932898615352,12686419,30234216
flashbots,10971637,0xbe7e0a7d0e12f7861bdc1272fb5be7f590e8422ca6807468af778ad9609c21f1,0xa9bd259c09a526915575d096fd659d1e207caa94c7f92d584d256a5090dd5d81369e8fe67b8cc89b87199084aa42e20a,11523754826318024,12487240,30175369
flashbots,10971618,0x88f6b779ff36bf3f7aac0d4204e967611ec694cdac4bc1a3a8e7e812e9416659,0xb67eaa5efcfa1d17319c344e1e5167811afbfe7922a2cf01c9a361f465597a5dc3a5472bd98843bac88d2541a78eab08,15490481513289967,23838067,30382617
flashbots,10971607,0x5bb17892541ab34a756e16bc76188854ab5e2855ace4713e539b00620a79f95f,0xb67eaa5efcfa1d17319c344e1e5167811afbfe7922a2cf01c9a361f465597a5dc3a5472bd98843bac88d2541a78eab08,84282824654942826,23693490,30353122
flashbots,10971606,0x8eeb29c81643ecaf7c67534db1ebec0f3e21133f7498769fd3866cabce031b2b,0xaaf294c49fe14a402c7ffba447ec001032a8e9ff4cb4723c2f62aa0e76a707c7acb0abf545116c8221db50fed0d0d25c,78334299234474828,9574165,30323511
flashbots,10971601,0x28f00280ff2641ce25b1e7f56c9a8b2dbdd16cbb64c83d0c28e823fb538cd9fe,0xa21a2f4807a2bcb6b07c10cea241322e0910c30869c1e4eda686b0d69bdcb74d2a140ef994afcf0bb38e0b960df4d2ee,31806217600087063,14597286,30293986
flashbots,10971575,0x7ed0b1fb75c443669a38ebfcf40102eb9c6d628d8cc60a26ac756331ac183f5c,0xa21a2f4807a2bcb6b07c10cea241322e0910c30869c1e4eda686b0d69bdcb74d2a140ef994afcf0bb38e0b960df4d2ee,54796252154422096,18007610,30058619
flashbots,10971573,0x0bc8b610540f552e908c8def2a287a09c3a608aef4fae0fa49f2b193db99f6e9,0xa21a2f4807a2bcb6b07c10cea241322e0910c30869c1e4eda686b0d69bdcb74d2a140ef994afcf0bb38e0b960df4d2ee,29773422726333502,14990062,30000000
flashbots,10971570,0x791c28e451425b31e59efd51e38246f57c4718e0a0d3514d6859642b4e433325,0x93582c97ac58670ba118aae52cf6355d8c680a2a538bf77c90873e3fe7ddc0a6dd231e2e2ea06bdc07e9b160883512a3,19255607111216207,11655449,30029295
flashbots,10971559,0xcff9a8e62950545e2a425a9c6d077471da7f25d53d04a220c407df271e919c8c,0xa32aadb23e45595fe4981114a8230128443fd5407d557dc0c158ab93bc2b88939b5a87a84b6863b0d04a4b5a2447f847,36569537316821929,13146916,30000000
flashbots,10971557,0x558519283c39752553093838485b653a89a235d78d692f3dab552069b4ec7d10,0xb67eaa5efcfa1d17319c344e1e5167811afbfe7922a2cf01c9a361f465597a5dc3a5472bd98843bac88d2541a78eab08,16853408317035452,17601064,30029238
flashbots,10971556,0xc608ee60b6aed3189a8bf0ba10fdc035b323110cd6b79b991310639c9ea24ac6,0xacb407cfb554255db2fbbb320f79bb7f1cc1e8d2dc43324e8e31baafd0836340d49c43eebc51828f53bf6d364f9ac207,14685112484571193,13218295,30058591
flashbots,10971541,0xe076e655c4d76d8b3fc43ed67e4ed7f2d1d4d6ee6c158914e58d7ec6bf936285,0xb26f96664274e15fb6fcda862302e47de7e0e2a6687f8349327a9846043e42596ec44af676126e2cacbdd181f548e681,34444707819082962,13081646,30142684
flashbots,10971527,0x413d61e457710263f452055ec40006d0ed91004a5c6b16bde884f51d8bf11dce,0x946fcf348bbf1044a3eaa3d27f1d01397cfc4d27495a949447c95ea7ec41db9f5c4fe3b867a937623685a0462996df09,20051928238971916,15578011,30201813
flashbots,10971524,0x78fa0bd760f0dbb837ba91bf5fc3b8a5c2b54f50500c5a7572086fd7129ebde9,0xacb407cfb554255db2fbbb320f79bb7f1cc1e8d2dc43324e8e31baafd0836340d49c43eebc51828f53bf6d364f9ac207,14094156010658462,11924551,30231362
flashbots,10971515,0x3a5e5624473b3796a617d38e66e09a8e94e681ce23ca7a1f5cd03542b3a942bb,0x840c9dafb68f5cd460b5d5677b85114e89187e7c890f11a8c5fc4a3e4f4aa74136ef0fcd62cf7de9741afcf7d4d3360d,9950238985926215,12867321,30320186
flashbots,10971483,0x8f159691ee5f31800f99c41e5801a6b5a7d6485dfee0bbe588313d594ccecddd,0xa21a2f4807a2bcb6b07c10cea241322e0910c30869c1e4eda686b0d69bdcb74d2a140ef994afcf0bb38e0b960df4d2ee,25485250593455805,14179455,30588285
flashbots,10971479,0xbf897c18dd53d67d6f80873eaa1f819107fcc14e3d7dbc2b6c004398502dac11,0xa2d994ea26d7c3b94b444fc2f2a6070d5cc8164e51d1a5c65db8ad6381ba5fc5e0eb3aa088b46e8da96b5167f9b97569,11690737738759591,28716154,30588343
flashbots,10971472,0x1fabf2317040f07ffbf6372ea5384a85bb935409e42567a1c92a90f0c67fd316,0x93582c97ac58670ba118aae52cf6355d8c680a2a538bf77c90873e3fe7ddc0a6dd231e2e2ea06bdc07e9b160883512a3,12691519515955064,14096716,30558589
flashbots,10971466,0x312653353fb5f0b6c35df3fa53719834644707c8c84242908db38c4ce30de87e,0xb67eaa5efcfa1d17319c344e1e5167811afbfe7922a2cf01c9a361f465597a5dc3a5472bd98843bac88d2541a78eab08,14219351326227512,9659742,30439544
flashbots,10971464,0xba63ee4477a37d7b9075993a70a256b4744e3797cdb44806365ff692055862b1,0x840c9dafb68f5cd460b5d5677b85114e89187e7c890f11a8c5fc4a3e4f4aa74136ef0fcd62cf7de9741afcf7d4d3360d,13103553926417721,22216033,30439573
flashbots,10971459,0x6686e48f7ff6f6fd7cb8cd62c3a6a1a66ab8ccfd004f0c0fde37744c45a2389e,0xb67eaa5efcfa1d17319c344e1e5167811afbfe7922a2cf01c9a361f465597a5dc3a5472bd98843bac88d2541a78eab08,17167742109642420,13468489,30469385
flashbots,10971440,0x70b184546a5d860cb7f28f0ac08816b76ee53600ecfa190b1acc64e5620e19da,0x95c8cc31f8d4e54eddb0603b8f12d59d466f656f374bde2073e321bdd16082d420e3eef4d62467a7ea6b83818381f742,32351641050215457,30371356,30380529
flashbots,10971431,0x97219e2522f62b883c81ea9f067db2fb3b61c0833e0ef1f3eb39bf3b6ca1b9e3,0xa00003f73b2dd7971dd3030d6af2ba42bdf9cd02197026fee7572f3b8147137cca109048cece90fdd0f73a5d9b5b5e41,92475152357309792,2159775,30351007
flashbots,10971428,0x8023545d4b8e93bdd6d06da8f9d09b14c4435588017abb93298631a6d829a621,0xb67eaa5efcfa1d17319c344e1e5167811afbfe7922a2cf01c9a361f465597a5dc3a5472bd98843bac88d2541a78eab08,29513396337975953,30372367,30380703
flashbots,10971427,0x8c07996e074b621ac40bda0796e1b22512fff622eaa4b4f9853eac612c69c79b,0xa00002326e62d66f690e457595023fa44699e4237fc4cc36eed5e4937f19398fc1452be33d2b2f553693e9eda2d26618,14745987721470220,11931950,30410399
flashbots,10971403,0x656e058bba4164290df1f4e2377059243e148cddbeafad1c8063b57ce41137fc,0xa2d994ea26d7c3b94b444fc2f2a6070d5cc8164e51d1a5c65db8ad6381ba5fc5e0eb3aa088b46e8da96b5167f9b97569,19092411571026180,6556359,30115226
flashbots,10971376,0x28ff23872a230e3d936bc4cb4cf8b85115ba5fe8303800f6b1394733010fc055,0xae2ffc6986c9a368c5ad2d51f86db2031d780f6ac9b2348044dea4e3a75808b566c935099de8b1a1609db322f2110e7a,14497612641525178,9656250,30203970
flashbots,10971374,0x974ccea6d5a3f0c102c98e46b72d330894b51e7dbf11b56aa812002c51b7f127,0xa00001792da52b2ad6606033396337f86e7598c8e0927d640bb649e0a9fe230df41f8ffd3403a5cd4fffd5131e2fbe47,35834600128502329,13749424,30263045
flashbots,10971370,0xef0776b65ed8d59d32ef650ee01679d154c746fa316ae89204540876d3a0c08c,0x946fcf348bbf1044a3eaa3d27f1d01397cfc4d27495a949447c95ea7ec41db9f5c4fe3b867a937623685a0462996df09,41208329033948785,11669262,30204056
flashbots,10971367,0x2b4a7262a97f1a223fd6f38a2b1531b0989380ec0793a9f105122e41461df05f,0xa21a2f4807a2bcb6b07c10cea241322e0910c30869c1e4eda686b0d69bdcb74d2a140ef994afcf0bb38e0b960df4d2ee,8943159705684260,8918443,30233608
flashbots,10971364,0x65426f16e5e0586a204ea45e84378b802b1c7eef67efa8f4e49f6db99b924aa9,0xb26f96664274e15fb6fcda862302e47de7e0e2a6687f8349327a9846043e42596ec44af676126e2cacbdd181f548e681,70640331662238026,10970090,30263189
flashbots,10971351,0x1edc7401e367d988417665ea2b6979a2717841e92ee992e7512f417e9a3168c6,0xaaf294c49fe14a402c7ffba447ec001032a8e9ff4cb4723c2f62aa0e76a707c7acb0abf545116c8221db50fed0d0d25c,1108757243553716584,9260887,30352164
flashbots,10971338,0xe6bfd73ea973f84982de1bc64cb88172042d8cb2ca8cbb512deed78f4e1666a5,0xb26f96664274e15fb6fcda862302e47de7e0e2a6687f8349327a9846043e42596ec44af676126e2cacbdd181f548e681,14927800805849892,10946167,30322728
flashbots,10971336,0x7cb66fc63acb454df77286429aeb6edfe5b6e789dab59e651c48dba745244726,0x840c9dafb68f5cd460b5d5677b85114e89187e7c890f11a8c5fc4a3e4f4aa74136ef0fcd62cf7de9741afcf7d4d3360d,12063189329424211,11333018,30263593
flashbots,10971329,0x314fb0693ff319914e3d0e8c3b85c8b0db3a546676cc87c3c1d036dfa9c12c01,0x93582c97ac58670ba118aae52cf6355d8c680a2a538bf77c90873e3fe7ddc0a6dd231e2e2ea06bdc07e9b160883512a3,48566636037396399,29371373,30352484
flashbots,10971326,0x3febc3a7716d6753df797cd793e165fc6238d1bd8c16d16d958be3cf64bba1f4,0xb67eaa5efcfa1d17319c344e1e5167811afbfe7922a2cf01c9a361f465597a5dc3a5472bd98843bac88d2541a78eab08,36878926226515392,30320334,30322902
flashbots,10971318,0xf39bcfc92884dae7df0e46039be5b7fe03ae5572b3fc6b138d6f5cba9dae836c,0xb67eaa5efcfa1d17319c344e1e5167811afbfe7922a2cf01c9a361f465597a5dc3a5472bd98843bac88d2541a78eab08,8654930398711512,10082892,30501206
flashbots,10971317,0x2c2f5b215755a38cbe2d5984648a76a5b8ace131363fb2047f14f9372f5a9f84,0xb4a435cf816291596fe2e405651ec8b6c80b9cc34dace3c83202ca489a833756c9a0672ebdc17f23d9d43163db1caa5d,12887098224945302,17458656,30471450
flashbots,10971308,0x9aef86bdc2db104bbdafcba8c37cd0bb24c0173ea4251fbd54709a24d99997bb,0xb4a435cf816291596fe2e405651ec8b6c80b9cc34dace3c83202ca489a833756c9a0672ebdc17f23d9d43163db1caa5d,7769080176306973,9039007,30323163
flashbots,10971276,0xdb2367f79e84a97b63d97fd0c63ea66c666ef10a510eef0d2a807c90bf9c1c78,0xb67eaa5efcfa1d17319c344e1e5167811afbfe7922a2cf01c9a361f465597a5dc3a5472bd98843bac88d2541a78eab08,16415770085901459,22257012,30117037
flashbots,10971274,0x82a29aff84ad1312274baa4b46771ef3144db8c3203f234796a0a2b7465430be,0xa9bd259c09a526915575d096fd659d1e207caa94c7f92d584d256a5090dd5d81369e8fe67b8cc89b87199084aa42e20a,23807604545462052,13055660,30058304
flashbots,10971269,0xc9d9658074b9740f133f0ce7dce9a22d0bd8224cfbb1fb9e3e312c1f5922920f,0x93582c97ac58670ba118aae52cf6355d8c680a2a538bf77c90873e3fe7ddc0a6dd231e2e2ea06bdc07e9b160883512a3,14319389170007216,10786057,30146562
flashbots,10971266,0x95cfe9987236222704dfb4b7f363093e374baf777d5862567bfd480659b18d23,0xa9bd259c09a526915575d096fd659d1e207caa94c7f92d584d256a5090dd5d81369e8fe67b8cc89b87199084aa42e20a,12674338339948314,11872706,30117181
flashbots,10971255,0x2e89635701266ba105cff5beba8ea8e7a3108e7ce04daf998549c58d9cbf9ab7,0xa00002326e62d66f690e457595023fa44699e4237fc4cc36eed5e4937f19398fc1452be33d2b2f553693e9eda2d26618,12797871516083094,6221032,30029238
flashbots,10971254,0x8d3428139369e92aa832aacc4657d566cc87074c1f4dec74b163ab29abf5ea08,0xae2ffc6986c9a368c5ad2d51f86db2031d780f6ac9b2348044dea4e3a75808b566c935099de8b1a1609db322f2110e7a,19943023388595101,18204160,30058591
flashbots,10971253,0x588517577ce0d41cb8222818d9064a140fe8f58a4264b3645b1a043af72885e7,0xa9bd259c09a526915575d096fd659d1e207caa94c7f92d584d256a5090dd5d81369e8fe67b8cc89b87199084aa42e20a,10235845941648978,11518477,30087972
flashbots,10971239,0x008aa1c9c9b9af82ef1279ca7e0668106c1e0c1f9f6788c7d8e1c90b272167b2,0xa9bd259c09a526915575d096fd659d1e207caa94c7f92d584d256a5090dd5d81369e8fe67b8cc89b87199084aa42e20a,21138470800725171,8864136,30029295
flashbots,10971233,0x424aad24892b43de55443cc5eedf7f66d2ff913c7148c5ce681a3ebcd7cd15a3,0xb4a435cf816291596fe2e405651ec8b6c80b9cc34dace3c83202ca489a833756c9a0672ebdc17f23d9d43163db1caa5d,10752791526754837,10314656,30029266
flashbots,10971224,0x0d09fbd2bb37acc4ddca129d2e107f7f98fd9982c497c055eb1a7e547154cf91,0xa9d0a0f9059972d775a45d8377768ff20234de91a6fbacba5737ff8803807c38021b5863e5084869e695ef1d6c2fdaef,13258744953663464,13883456,30029295
flashbots,10971219,0x2e2bb983dd9dfdaa842512cf0eba484eb3c3574b689626143684fc30aedeaab1,0xb4a435cf816291596fe2e405651ec8b6c80b9cc34dace3c83202ca489a833756c9a0672ebdc17f23d9d43163db1caa5d,13609989340973751,14614330,30058619
flashbots,10971215,0x0b19e68cc26cea0379d76e208344f255672acf1ebc855245d27b1642cfa159e3,0xb4a435cf816291596fe2e405651ec8b6c80b9cc34dace3c83202ca489a833756c9a0672ebdc17f23d9d43163db1caa5d,15467384720023111,17806387,30029295
flashbots,10971192,0xcb101c09f00565a0956af7455e8451c15fde6cb39e2c4785daf4f99d0d2a8df6,0x93582c97ac58670ba118aae52cf6355d8c680a2a538bf77c90873e3fe7ddc0a6dd231e2e2ea06bdc07e9b160883512a3,14695668780449002,7632326,30000000
flashbots,10971191,0x16a51a9ace2d6c95c2feac055fe3e9444c8780632bf8a4c27c576f01db27b4b6,0xb67eaa5efcfa1d17319c344e1e5167811afbfe7922a2cf01c9a361f465597a5dc3a5472bd98843bac88d2541a78eab08,27556549067955233,20017072,30029295
flashbots,10971190,0x2474f81d0147c1bd313c1cd1d6994e9e9b307ec7574ed4962550388ac00667cb,0x840c9dafb68f5cd460b5d5677b85114e89187e7c890f11a8c5fc4a3e4f4aa74136ef0fcd62cf7de9741afcf7d4d3360d,34424524072758721,16118665,30000000
flashbots,10971188,0x087888abe2301fb52a364edba6577baca4215ceaaee970b19a243e29b350f72d,0xb193dcaf1d485ba78094cb6b4126bff77e08c1244dff814447d3a31d9030b2584b369244ea67f13d48a02fa907b05f3a,15696662941361160,17588692,30000000
flashbots,10971185,0xd8b0fac44bbfbfc94b42d5b77b557ef91bf87a70f197bddf74757b8f0ce348fc,0x840c9dafb68f5cd460b5d5677b85114e89187e7c890f11a8c5fc4a3e4f4aa74136ef0fcd62cf7de9741afcf7d4d3360d,15273773397206255,8596072,30029266
flashbots,10971172,0x739ebf77da6c6eb9a50d3e6975ee81c85340dc2a53ed1d05feade5c5e6346b43,0xb67eaa5efcfa1d17319c344e1e5167811afbfe7922a2cf01c9a361f465597a5dc3a5472bd98843bac88d2541a78eab08,14514008880865032,12760760,30058475
flashbots,10971152,0x5f19e850aa7e5d02e70b92b643dd29ff8e62861ce510fa81c3c95574e899519a,0xa00001792da52b2ad6606033396337f86e7598c8e0927d640bb649e0a9fe230df41f8ffd3403a5cd4fffd5131e2fbe47,10373743544467032,7046795,30029295
flashbots,10971141,0xdbc801272211ef0c5593431662e7930c5601eb848f4803c346a6c4476b47b2cd,0xb67eaa5efcfa1d17319c344e1e5167811afbfe7922a2cf01c9a361f465597a5dc3a5472bd98843bac88d2541a78eab08,10843085636543599,30008951,30028667
flashbots,10971128,0xa5823ffe4c13c9cfc0dde32ae3eefab5e4d0bc26edbbd4f494ca0370a2b54d86,0x82ba7cadcdfc1b156ba2c48c1c627428ba917858e62c3a97d8f919510da23d0f11cf5db53cb92a5faf5de7d31bf38632,15877326237182763,9378779,30116952
flashbots,10971114,0x435acd05aeb7989b5f56d9e0cf55b6119637eee8a661b86d355e35f570c7f58d,0x946fcf348bbf1044a3eaa3d27f1d01397cfc4d27495a949447c95ea7ec41db9f5c4fe3b867a937623685a0462996df09,18471767012802729,13563817,30235021
flashbots,10971103,0xc78b938ff8f151ef44bdbd266a93c7d649f0814617e3c570de498a4830ac4b23,0x95c8cc31f8d4e54eddb0603b8f12d59d466f656f374bde2073e321bdd16082d420e3eef4d62467a7ea6b83818381f742,57420080426461124,13082247,30205669
flashbots,10971088,0x19a2e5dcd070b64562621127322862730147967d70fe565f8714fae2f220d77d,0xb9f88bc584a53fabb5b295e50638b20218c8b2303f3d26daef84ddb9609f1f93a95608806c94e564ebcd6e3976d3838d,13043554366171852,7013199,30116408
flashbots,10971087,0x42a8c2ffc658110416b728a720f0ec98496050cd304d1dc0a9faae6a1fd33384,0xa9d0a0f9059972d775a45d8377768ff20234de91a6fbacba5737ff8803807c38021b5863e5084869e695ef1d6c2fdaef,28659193295761660,10488075,30145846
flashbots,10971076,0xcecb83bf613d36b9d0d1b1bc68f0ad82451279e687db0f17599364a3f747a5db,0xa21a2f4807a2bcb6b07c10cea241322e0910c30869c1e4eda686b0d69bdcb74d2a140ef994afcf0bb38e0b960df4d2ee,12806413427231019,16429661,30234448
flashbots,10971070,0x07e0a22a4bbe4289080080894345db9d4bece73354416322895569ce64ca101a,0xb67eaa5efcfa1d17319c344e1e5167811afbfe7922a2cf01c9a361f465597a5dc3a5472bd98843bac88d2541a78eab08,13614536789667139,13979994,30234535
flashbots,10971056,0x1edea151e4bf08b30918eea1bf5b67f6e698c7f802ba43ac22169b2074338117,0xb193dcaf1d485ba78094cb6b4126bff77e08c1244dff814447d3a31d9030b2584b369244ea67f13d48a02fa907b05f3a,9929224752471940,12669771,30293842
flashbots,10971053,0x0d565c8d7eb21fe530e08d76c8b46b806fb03cb3a035d0150147b34591d50825,0xa9d0a0f9059972d775a45d8377768ff20234de91a6fbacba5737ff8803807c38021b5863e5084869e695ef1d6c2fdaef,13440059886659587,9392376,30293871
flashbots,10971052,0xdf5c8b8dda1289c03feceedeab64fe0c561fa8650c0f4ab34511a91b6b6d2811,0xa21a2f4807a2bcb6b07c10cea241322e0910c30869c1e4eda686b0d69bdcb74d2a140ef994afcf0bb38e0b960df4d2ee,21496463446858831,22921441,30264318
flashbots,10971051,0x7d2dc2ac31adcaddaf5dad88e08ffcf03a0822bdf45b293d9b0f2ea88f1f5ec6,0x851a009553c46cae9384ebc59dcf17064ee8839de085910ec71d834ab1b8dc7a1f3271008c2438ae3b3e44be994108a6,28518968335645136,18297839,30293900
flashbots,10971047,0xa0ff13cd5ffdef29fb566e4e973acb9c0fafc4c8eba54cb56d2b243af07a4538,0xb193dcaf1d485ba78094cb6b4126bff77e08c1244dff814447d3a31d9030b2584b369244ea67f13d48a02fa907b05f3a,44760260871121871,4758119,30293957
flashbots,10971038,0x0f96908a21a97bf8c4033c97c9f341b8a990f50d631c7357ba437bc0de0e4352,0xacb407cfb554255db2fbbb320f79bb7f1cc1e8d2dc43324e8e31baafd0836340d49c43eebc51828f53bf6d364f9ac207,12876220954460820,6282119,30264518
flashbots,10971031,0x720d9526a104b0bbebccdc52d08faa28c99a38e9cdd69b8d0f07f9696a25bb78,0xb67eaa5efcfa1d17319c344e1e5167811afbfe7922a2cf01c9a361f465597a5dc3a5472bd98843bac88d2541a78eab08,60707620383999185,13956931,30176088
flashbots,10971026,0x295f13a0516351d043f7914a33cbc7bc58fe6f9bc13ad8e171b87215788f02ad,0xa2d994ea26d7c3b94b444fc2f2a6070d5cc8164e51d1a5c65db8ad6381ba5fc5e0eb3aa088b46e8da96b5167f9b97569,18703509357354946,18401198,30029181
flashbots,10971020,0x2abd773a255ef832e743ef8676dbaf37b9d4139b6d3ff388c54863c2c443e8e2,0x946fcf348bbf1044a3eaa3d27f1d01397cfc4d27495a949447c95ea7ec41db9f5c4fe3b867a937623685a0462996df09,47141784629569875,17046455,30087972
flashbots,10971006,0x0a8376735bb047ceea4735a037a6db44c71d2386c5395a224a409342501ad1cc,0x840c9dafb68f5cd460b5d5677b85114e89187e7c890f11a8c5fc4a3e4f4aa74136ef0fcd62cf7de9741afcf7d4d3360d,15197473112050055,8385463,30056328
flashbots,10971003,0x4e7b3d9fffb2c55b2572dbd333fbbd00aa50dff7303cd707f0008c5e385695fa,0x851a009553c46cae9384ebc59dcf17064ee8839de085910ec71d834ab1b8dc7a1f3271008c2438ae3b3e44be994108a6,14069651595621786,13980076,30144552
flashbots,10970993,0xb25e9097c37ea79d6d2a9a4abd104780e57ae516cb57e1612fdc16a4c952df95,0x840c9dafb68f5cd460b5d5677b85114e89187e7c890f11a8c5fc4a3e4f4aa74136ef0fcd62cf7de9741afcf7d4d3360d,10759491111665156,6815033,30085879
flashbots,10970987,0xbba45cb4e64e742ee2b360e1a00f22856d86750c3b8c0094e006a246bb4ee374,0x946fcf348bbf1044a3eaa3d27f1d01397cfc4d27495a949447c95ea7ec41db9f5c4fe3b867a937623685a0462996df09,11038265973171674,11583918,30203711
flashbots,10970984,0xce22d2f593b984e35fe8c439a435e97956e1d6f696d7bc5b78e814dad8079103,0xb26f96664274e15fb6fcda862302e47de7e0e2a6687f8349327a9846043e42596ec44af676126e2cacbdd181f548e681,19697848721401902,30035201,30174274
flashbots,10970981,0xb36e3a2b0a7fa7f5b36082263fa6c89825218bf3ff7a4c86b6b45c47ddf7c3d6,0xb67eaa5efcfa1d17319c344e1e5167811afbfe7922a2cf01c9a361f465597a5dc3a5472bd98843bac88d2541a78eab08,8657437165015086,9280536,30086050
flashbots,10970978,0xe6f53265e28fb9661eed5d15235a3ac96e59c3a8773834ad1ecf572e8f31d7d8,0xb4a435cf816291596fe2e405651ec8b6c80b9cc34dace3c83202ca489a833756c9a0672ebdc17f23d9d43163db1caa5d,7615974442881172,13428761,30115487
flashbots,10970977,0x68230d3769c6a2052db411f49e9486e7b84130c743330a5c0d68d82998bbbd0a,0x93582c97ac58670ba118aae52cf6355d8c680a2a538bf77c90873e3fe7ddc0a6dd231e2e2ea06bdc07e9b160883512a3,14027942122463667,7551124,30144924
flashbots,10970974,0xa1a386df09bfd5ca0b22e0d0b62dbafe5f222a376ffbc5f33add65057aaa2dc9,0x82ba7cadcdfc1b156ba2c48c1c627428ba917858e62c3a97d8f919510da23d0f11cf5db53cb92a5faf5de7d31bf38632,92795414560976609,8199148,30115545
flashbots,10970972,0xfecc4e4a2daf35b058113e9edb6e8dc1ade0db36a931529037ec2319a2363895,0x946fcf348bbf1044a3eaa3d27f1d01397cfc4d27495a949447c95ea7ec41db9f5c4fe3b867a937623685a0462996df09,8175068119615540,11311752,30115574
flashbots,10970949,0xe871ad41a48a7648a8387973ba40af8e93e625684804eb2bf4f30c06c5694510,0x93582c97ac58670ba118aae52cf6355d8c680a2a538bf77c90873e3fe7ddc0a6dd231e2e2ea06bdc07e9b160883512a3,34635576462365170,15208100,30263305
flashbots,10970948,0x6e4fc0e1279436d266b26f91a0c7f5f48214bb3308175c46ecc81cd5a02aa3c5,0xb26f96664274e15fb6fcda862302e47de7e0e2a6687f8349327a9846043e42596ec44af676126e2cacbdd181f548e681,18726840143709994,30228634,30233781
flashbots,10970941,0x145ced45f1d79e6cb6a91a37565e437f72490b424f91854d64748e9ebc23630c,0x82ba7cadcdfc1b156ba2c48c1c627428ba917858e62c3a97d8f919510da23d0f11cf5db53cb92a5faf5de7d31bf38632,71144096462671120,7720448,30174878
flashbots,10970938,0x0e362f8a8483da5a770e49ec9abe5085af811dbd9666c191aa7ec60ec8565ccc,0xb67eaa5efcfa1d17319c344e1e5167811afbfe7922a2cf01c9a361f465597a5dc3a5472bd98843bac88d2541a78eab08,10211081938959081,30244909,30263450
flashbots,10970927,0xbcffc22160343094cb9b340566a0e2caedf79e5178fe33c6d71e1d8964e0e261,0x840c9dafb68f5cd460b5d5677b85114e89187e7c890f11a8c5fc4a3e4f4aa74136ef0fcd62cf7de9741afcf7d4d3360d,12035942660864094,9250088,30234070
flashbots,10970922,0x08cbb5853ad44b1b05ef835016add19d926b15fdaaf523e956d69e4e1e5e316b,0xa00001792da52b2ad6606033396337f86e7598c8e0927d640bb649e0a9fe230df41f8ffd3403a5cd4fffd5131e2fbe47,12237004091923109,8393449,30204633
flashbots,10970915,0x9b9aa1a000e4205fee869d2da5554ff82d9ad1dc33d64c891d649983b8e8c631,0xb4a435cf816291596fe2e405651ec8b6c80b9cc34dace3c83202ca489a833756c9a0672ebdc17f23d9d43163db1caa5d,16098272942058777,12975904,30293350
flashbots,10970913,0x046b83b74c132b4875aa6e5c1d1d12d6718cd0d0cb7556abcfef91cc57c16974,0xb4a435cf816291596fe2e405651ec8b6c80b9cc34dace3c83202ca489a833756c9a0672ebdc17f23d9d43163db1caa5d,23026208990082273,30212336,30234273
flashbots,10970892,0xb526b01df52e7468c7ac16585a1b78362053a4466195741ca2696eeac1e75d12,0x840c9dafb68f5cd460b5d5677b85114e89187e7c890f11a8c5fc4a3e4f4aa74136ef0fcd62cf7de9741afcf7d4d3360d,161807044107674043,11881063,30205065
flashbots,10970873,0xa225968972baea507580650da02a04c857553ca8e1d9aaa4dc77caaa4bc51635,0x840c9dafb68f5cd460b5d5677b85114e89187e7c890f11a8c5fc4a3e4f4aa74136ef0fcd62cf7de9741afcf7d4d3360d,43125063832975125,13875724,30116980
flashbots,10970863,0xd707287329b283804e42b3768d3deb6eaea4e18488b66f60013731e3fadfd1e8,0xb67eaa5efcfa1d17319c344e1e5167811afbfe7922a2cf01c9a361f465597a5dc3a5472bd98843bac88d2541a78eab08,13237299388781217,12541119,30176000
flashbots,10970860,0x21b129de6730d8f6a0d3e403dbe59605a3f90dbb60fc99bafe5eb91aa238bb0a,0xb4a435cf816291596fe2e405651ec8b6c80b9cc34dace3c83202ca489a833756c9a0672ebdc17f23d9d43163db1caa5d,12525519287187034,14160661,30264575
flashbots,10970856,0x86951e7c67eaf97fa060c230d608a5e0c27a89bf6450cf73717ea9d5fb0e1a9a,0xb67eaa5efcfa1d17319c344e1e5167811afbfe7922a2cf01c9a361f465597a5dc3a5472bd98843bac88d2541a78eab08,49138185867753565,10314578,30205583
flashbots,10970853,0x411ce77bc4d58ca99133dab46402db619de76096d28c57561cde8176bb2fbb1c,0xa00001792da52b2ad6606033396337f86e7598c8e0927d640bb649e0a9fe230df41f8ffd3403a5cd4fffd5131e2fbe47,22885127264525068,11767654,30176145
flashbots,10970817,0xd4ced6a075f44f42e719653fe18d98b26eb371704a422b17fc9684bcef56e6bb,0xa21a2f4807a2bcb6b07c10cea241322e0910c30869c1e4eda686b0d69bdcb74d2a140ef994afcf0bb38e0b960df4d2ee,12794902782970218,11905294,30146563
flashbots,10970816,0xdcadd544560100c9ac1097927650b2e595094327a7587c3d99eba285ef2f1f96,0xb9f88bc584a53fabb5b295e50638b20218c8b2303f3d26daef84ddb9609f1f93a95608806c94e564ebcd6e3976d3838d,32348581568762858,9999954,30117153
flashbots,10970806,0xc9240fb1505a43df9140014aca53a49de253c0fda299cae02b001f9f58a3b950,0xa21a2f4807a2bcb6b07c10cea241322e0910c30869c1e4eda686b0d69bdcb74d2a140ef994afcf0bb38e0b960df4d2ee,57355300168967294,22153009,30176174
flashbots,10970797,0xb690713acf4644f4e0181446d938d0c66b8e6ba70b0e81d3550faca8c4f8e099,0x93582c97ac58670ba118aae52cf6355d8c680a2a538bf77c90873e3fe7ddc0a6dd231e2e2ea06bdc07e9b160883512a3,39714352743246522,25161920,30000000
flashbots,10970795,0x2c74245e2b4db0e3c2a65d671e833dc7a756cf3b6f416ed6aa33592c5cb0a14c,0x840c9dafb68f5cd460b5d5677b85114e89187e7c890f11a8c5fc4a3e4f4aa74136ef0fcd62cf7de9741afcf7d4d3360d,49449098044886638,29990838,30000000
flashbots,10970792,0x1d6bfd9f2c3c8aaaa2391611cec845810767861602b9c926007e49a248c8c425,0xa21a2f4807a2bcb6b07c10cea241322e0910c30869c1e4eda686b0d69bdcb74d2a140ef994afcf0bb38e0b960df4d2ee,27069312345835812,12082394,30000000
flashbots,10970773,0xd134f02adb64c7c3f5e9ac638e39112b5e204a26d3c0808fb603bc53162b1ea8,0xb26f96664274e15fb6fcda862302e47de7e0e2a6687f8349327a9846043e42596ec44af676126e2cacbdd181f548e681,15510564326940984,12707416,30058619
flashbots,10970761,0xcd29f0a266af0669cf8a6e760fae0269741537cb15a9b5723b6c6050b2783c09,0xb67eaa5efcfa1d17319c344e1e5167811afbfe7922a2cf01c9a361f465597a5dc3a5472bd98843bac88d2541a78eab08,43407484297458962,29502409,30087541
flashbots,10970754,0xe146d6d788eb05cd3c45d62bfea4b3fe1a27b2ed0194ab739e8f2ddfc9acc7f4,0xa00002326e62d66f690e457595023fa44699e4237fc4cc36eed5e4937f19398fc1452be33d2b2f553693e9eda2d26618,14075744790208099,23840150,30234906
flashbots,10970745,0x1b7da021998b32432241629b055eabe2d54ddddfaec38280d3a426fd4b9f84d9,0xa21a2f4807a2bcb6b07c10cea241322e0910c30869c1e4eda686b0d69bdcb74d2a140ef994afcf0bb38e0b960df4d2ee,8117803674739193,10117656,30146592
flashbots,10970742,0xcb86a3e78055f0a94ca0e8cd2c7c536809e7362f7a1fda94906107c9db0d970d,0xa21a2f4807a2bcb6b07c10cea241322e0910c30869c1e4eda686b0d69bdcb74d2a140ef994afcf0bb38e0b960df4d2ee,27418292682086594,12388747,30176087
flashbots,10970711,0x072de2a9ca98b63924c15e22940b241478a2d956eeb265c449e3ab8017af8f92,0xb67eaa5efcfa1d17319c344e1e5167811afbfe7922a2cf01c9a361f465597a5dc3a5472bd98843bac88d2541a78eab08,147764817091943267,15983860,30117152
flashbots,10970678,0x4d4ecb70622b64ed35bbac3f4d38870f152a4ef684e91fa07a9a61fc30abe707,0xb67eaa5efcfa1d17319c344e1e5167811afbfe7922a2cf01c9a361f465597a5dc3a5472bd98843bac88d2541a78eab08,12925799909235847,17862158,30029295
flashbots,10970668,0x4fb90f61c321f2501a19588ecb485f8f164de2a8c9a10378fbbaccd9f10396ff,0xb67eaa5efcfa1d17319c344e1e5167811afbfe7922a2cf01c9a361f465597a5dc3a5472bd98843bac88d2541a78eab08,21988277966859006,30045588,30058619
flashbots,10970662,0x96d6962ccc43997a1508ab0c4667b01118aa87a483bf541cfb942651481694b5,0xacb407cfb554255db2fbbb320f79bb7f1cc1e8d2dc43324e8e31baafd0836340d49c43eebc51828f53bf6d364f9ac207,48923244781106068,10212873,30000000
flashbots,10970657,0x2c7c546125d4439eab44e3e8a4eb2c8b2cb97320e0c342817543ce148b2d4af6,0x946fcf348bbf1044a3eaa3d27f1d01397cfc4d27495a949447c95ea7ec41db9f5c4fe3b867a937623685a0462996df09,15435504046892337,10251449,30000000
flashbots,10970651,0xb584efb6680a664752efe230edbc88f22dbe67da94751827274f616c542aa2b2,0xb9f88bc584a53fabb5b295e50638b20218c8b2303f3d26daef84ddb9609f1f93a95608806c94e564ebcd6e3976d3838d,17223586708514438,6545868,30029295
flashbots,10970637,0x7991e9df6344eee8ade1f0ab3afdf86dd3c88c623c2aa00905592636662fdf3e,0x93582c97ac58670ba118aae52cf6355d8c680a2a538bf77c90873e3fe7ddc0a6dd231e2e2ea06bdc07e9b160883512a3,62409318453267052,12032208,30029295
flashbots,10970635,0x5df7b8fee0cf32ef0614705f2441036d83fbd37d980c3ec0779a5b58b0392d20,0xb26f96664274e15fb6fcda862302e47de7e0e2a6687f8349327a9846043e42596ec44af676126e2cacbdd181f548e681,56104804689216719,14396778,30000000
flashbots,10970623,0x388e62afc019f2325c43b3bb85c5707303b6734281bb45f6931e1977f1292624,0xa21a2f4807a2bcb6b07c10cea241322e0910c30869c1e4eda686b0d69bdcb74d2a140ef994afcf0bb38e0b960df4d2ee,8126607769908639,9109438,30000000
flashbots,10970616,0xb0b30426dba71b38c0189c470517701472cd61a0231b6776b8167ecafcae0b34,0xb67eaa5efcfa1d17319c344e1e5167811afbfe7922a2cf01c9a361f465597a5dc3a5472bd98843bac88d2541a78eab08,34191497980568903,30056824,30058619
flashbots,10970609,0x7b7a526b03bca2047035805a886c56069a321edc0cc219d6fd72c4e807331dca,0x840c9dafb68f5cd460b5d5677b85114e89187e7c890f11a8c5fc4a3e4f4aa74136ef0fcd62cf7de9741afcf7d4d3360d,23920783059557355,11324334,30000000
flashbots,10970599,0x30a8572c0f6a9915a894d59f64f467b90ed5fcbca8e92f34aae94a45ac402886,0x93582c97ac58670ba118aae52cf6355d8c680a2a538bf77c90873e3fe7ddc0a6dd231e2e2ea06bdc07e9b160883512a3,19601311469665017,13379464,30111079
flashbots,10970594,0x0b09d3fb5e3793c0c2e2f48b2f8a52bd6ead42417c232742948a333929a71ae5,0x82ba7cadcdfc1b156ba2c48c1c627428ba917858e62c3a97d8f919510da23d0f11cf5db53cb92a5faf5de7d31bf38632,20626425721777472,11858582,30140569
flashbots,10970590,0x7df5e439d01caef9c3bf638cda02917ca419ba68327972474a56a0e538dc00b9,0xb26f96664274e15fb6fcda862302e47de7e0e2a6687f8349327a9846043e42596ec44af676126e2cacbdd181f548e681,9438911726652017,14179039,30140626
flashbots,10970581,0x3764c51ad6078bd5561ec07f65eb2260bfb32ed6f3e291f9b1a15eac26e18788,0x840c9dafb68f5cd460b5d5677b85114e89187e7c890f11a8c5fc4a3e4f4aa74136ef0fcd62cf7de9741afcf7d4d3360d,16024860775490134,22483215,30229183
flashbots,10970554,0xf8a84d4bcb41b47b3ffba6faf2a8c29efa00a750fb0d3a83930ed6323bb3a8ba,0xb26f96664274e15fb6fcda862302e47de7e0e2a6687f8349327a9846043e42596ec44af676126e2cacbdd181f548e681,45032429535703076,26573487,30436918
flashbots,10970548,0x50b302b4e55a39365119edc056d175f5801d8149249b2999fa8d06d3237fc5b3,0xb67eaa5efcfa1d17319c344e1e5167811afbfe7922a2cf01c9a361f465597a5dc3a5472bd98843bac88d2541a78eab08,13525372535204143,17675602,30377619
flashbots,10970540,0x8f21f8a26a8de2d1a08d1e3708aa3aa6654342468731591a59e734e67713fe5c,0x840c9dafb68f5cd460b5d5677b85114e89187e7c890f11a8c5fc4a3e4f4aa74136ef0fcd62cf7de9741afcf7d4d3360d,11658207099696630,7839673,30377735
flashbots,10970538,0x588e4ab6b9d7331dc1669660f07750852d4a07caea6d2c0f8eadc23acc6deefa,0xb67eaa5efcfa1d17319c344e1e5167811afbfe7922a2cf01c9a361f465597a5dc3a5472bd98843bac88d2541a78eab08,13885592771913821,14270921,30318494
flashbots,10970536,0xd8b4f16d798274959db11bb4ff1fb7d81f81fa9e32ab079f0f556720f7a0693e,0x95c8cc31f8d4e54eddb0603b8f12d59d466f656f374bde2073e321bdd16082d420e3eef4d62467a7ea6b83818381f742,19757194422348681,13135171,30318522
flashbots,10970518,0x283fc9123df94ea9fa3c61ab07675b89fb231cec4279b5fe8c3039ff2dcb3ff8,0xb67eaa5efcfa1d17319c344e1e5167811afbfe7922a2cf01c9a361f465597a5dc3a5472bd98843bac88d2541a78eab08,38362523713533752,19829828,30141660
flashbots,10970500,0xa2ce54fa88355cb46760f78bbb172e786fbbb558f7a9a5a55681a28995824083,0xb67eaa5efcfa1d17319c344e1e5167811afbfe7922a2cf01c9a361f465597a5dc3a5472bd98843bac88d2541a78eab08,60924936412197814,28341113,30378313
flashbots,10970499,0xa047cf2be603a71935ef8092006c1e45a4eddb2bb84455d51a4b2258d663dfc3,0x82ba7cadcdfc1b156ba2c48c1c627428ba917858e62c3a97d8f919510da23d0f11cf5db53cb92a5faf5de7d31bf38632,147087986076223896,11680011,30408007
flashbots,10970491,0xa4e2cbe6fb05b2f76e1738f0a394e6a07ec89312bc468ab6188acf2682326154,0xb67eaa5efcfa1d17319c344e1e5167811afbfe7922a2cf01c9a361f465597a5dc3a5472bd98843bac88d2541a78eab08,186661927748821951,17999589,30467569
flashbots,10970484,0x8f0a852195a69f565f79c877b16022e729d7a2580e6b0ddfd73654bb1bb9d9eb,0xa21a2f4807a2bcb6b07c10cea241322e0910c30869c1e4eda686b0d69bdcb74d2a140ef994afcf0bb38e0b960df4d2ee,50237573344443020,23422599,30378545
flashbots,10970479,0x48376a9617c2bdfe38bb0255bb6b109bc3428af60e3ac16477c0cb89d9c9c371,0x840c9dafb68f5cd460b5d5677b85114e89187e7c890f11a8c5fc4a3e4f4aa74136ef0fcd62cf7de9741afcf7d4d3360d,25836460852102736,11957686,30230654
flashbots,10970473,0x9ee59a9dc8cf6ffdfc20e074280e38d63005ef6cda401e137670b31152de2b75,0xa2d994ea26d7c3b94b444fc2f2a6070d5cc8164e51d1a5c65db8ad6381ba5fc5e0eb3aa088b46e8da96b5167f9b97569,16946947394287867,8086981,30289840
flashbots,10970464,0xb5a54b486026bc73665f8e5d67d45bc4b474e3c034e63e1d83d6dfb8f57afa08,0xacb407cfb554255db2fbbb320f79bb7f1cc1e8d2dc43324e8e31baafd0836340d49c43eebc51828f53bf6d364f9ac207,14141494250879422,6529927,30260404
flashbots,10970461,0x62380910029dd4336b6225066cd7f9a6cbe18e6d9978f8842f7690ad51b02887,0x840c9dafb68f5cd460b5d5677b85114e89187e7c890f11a8c5fc4a3e4f4aa74136ef0fcd62cf7de9741afcf7d4d3360d,20276235979920226,8006115,30230912
flashbots,10970445,0xc21f8d5e8c0ffaa8d97e048cf8dbf18205172edc8beca5361389973543df53f4,0xa21a2f4807a2bcb6b07c10cea241322e0910c30869c1e4eda686b0d69bdcb74d2a140ef994afcf0bb38e0b960df4d2ee,9847069262052800,7908329,30349460
flashbots,10970441,0x929ea4fb5b4f2196e12858e66a8ac08413c07821cf7afe3767c67acdf0eb51dc,0xa9d0a0f9059972d775a45d8377768ff20234de91a6fbacba5737ff8803807c38021b5863e5084869e695ef1d6c2fdaef,31974918346205875,14704674,30349518
flashbots,10970434,0x12f7bf40b35295ef97e62b64d7460778e8894fcea1e4f4e9d981d2098dd4e55d,0xb67eaa5efcfa1d17319c344e1e5167811afbfe7922a2cf01c9a361f465597a5dc3a5472bd98843bac88d2541a78eab08,49639659448106624,10181816,30438661
flashbots,10970415,0xf6e46163425bdcfa35c23957c54d2e1b220d150e47b25a69b7926db9c5b81f44,0x946fcf348bbf1044a3eaa3d27f1d01397cfc4d27495a949447c95ea7ec41db9f5c4fe3b867a937623685a0462996df09,59547529178018732,18600665,30528239
flashbots,10970388,0x165a8819a1ff7919831160627a30e2d5a8170ee7d51a8b41aedb59280899b4d5,0xb67eaa5efcfa1d17319c344e1e5167811afbfe7922a2cf01c9a361f465597a5dc3a5472bd98843bac88d2541a78eab08,35280530547190076,25383060,30528621
flashbots,10970386,0x45d5697c82c929b288966d54c008115c0006d8f62bdc94153317ad57d1a3f320,0x83bee51799e65130296f5d60ce7d78119578db6045c3c3631980514abae0be0f9b65fe82eb0c9a79d6d99030112c874c,72894568303781280,18993209,30528650
flashbots,10970382,0x931ad3e80d7a19c28c785fe9d2c867fa3c205fddaa0ebee8b4fe8206d0e5a20b,0x95c8cc31f8d4e54eddb0603b8f12d59d466f656f374bde2073e321bdd16082d420e3eef4d62467a7ea6b83818381f742,369060215864129397,29677319,30588390
flashbots,10970373,0x8378e0222229f3fe1f6feb9e23f025f38b4842dbba857f625975b7c7bc766dc2,0xb67eaa5efcfa1d17319c344e1e5167811afbfe7922a2cf01c9a361f465597a5dc3a5472bd98843bac88d2541a78eab08,40380868240439124,13927975,30678263
flashbots,10970367,0xafa4fc379e127711881fab4cf7b672f153af0607a7edaf5363cc60d73db5b0d0,0x946fcf348bbf1044a3eaa3d27f1d01397cfc4d27495a949447c95ea7ec41db9f5c4fe3b867a937623685a0462996df09,109491704894114936,17489734,30618493
flashbots,10970364,0x27296b77d986ca651ca3f86c621915924cac4d21ec1046609f5683d3a9ebb043,0xb26f96664274e15fb6fcda862302e47de7e0e2a6687f8349327a9846043e42596ec44af676126e2cacbdd181f548e681,140116502882028252,18575840,30588652
flashbots,10970340,0x7e7833656a0afafff36c206bfa07f3d626ec82ac8414fc528fbfe3f07295e52d,0xb26f96664274e15fb6fcda862302e47de7e0e2a6687f8349327a9846043e42596ec44af676126e2cacbdd181f548e681,35335818926928842,15148289,30589001
flashbots,10970316,0x46b4f4029193d90a73d757814984371d3637823573752f24653c9ff1dc4028cc,0x840c9dafb68f5cd460b5d5677b85114e89187e7c890f11a8c5fc4a3e4f4aa74136ef0fcd62cf7de9741afcf7d4d3360d,16261484681266206,6781832,30499858
flashbots,10970309,0x1c5cebe2455dcf8349b13c586468398e699db189e318b6c09b4d3fd4af5aae5a,0xb4a435cf816291596fe2e405651ec8b6c80b9cc34dace3c83202ca489a833756c9a0672ebdc17f23d9d43163db1caa5d,51168168742649440,11755441,30589442
flashbots,10970307,0x856ae661002bbe50156987270b841b43b20b45cee9ab4f67096321328df334b9,0xb9f88bc584a53fabb5b295e50638b20218c8b2303f3d26daef84ddb9609f1f93a95608806c94e564ebcd6e3976d3838d,50020682848991437,7806387,30589471
flashbots,10970304,0x2f0c96e00419ab7ef2e76e3fa0b21c4db2f17727aaf370a92b134aaff56738b8,0x93582c97ac58670ba118aae52cf6355d8c680a2a538bf77c90873e3fe7ddc0a6dd231e2e2ea06bdc07e9b160883512a3,18832196801219024,19306655,30559658
flashbots,10970274,0xce7dffe7546299a715845ca0372e124f94fab6a801c24a1cf8b5f54524aec483,0xb26f96664274e15fb6fcda862302e47de7e0e2a6687f8349327a9846043e42596ec44af676126e2cacbdd181f548e681,94792103689881557,22968114,30560096
flashbots,10970269,0xffe3b9dafc77562b3c1fe1bd5581befc3c45eded01e2a201bea991d719cd2919,0x95c8cc31f8d4e54eddb0603b8f12d59d466f656f374bde2073e321bdd16082d420e3eef4d62467a7ea6b83818381f742,63523899499747526,15520635,30649828
flashbots,10970261,0x594e24a4ed4d11d13307e75d27e10c4aab288187860b9623a47b1688062805ab,0x840c9dafb68f5cd460b5d5677b85114e89187e7c890f11a8c5fc4a3e4f4aa74136ef0fcd62cf7de9741afcf7d4d3360d,74640862425406801,8403062,30590143
flashbots,10970253,0x19d0b669e11666245706b4273ee17bf4b70af9a66a09fabc703e7ded3a0dfc7e,0xa21a2f4807a2bcb6b07c10cea241322e0910c30869c1e4eda686b0d69bdcb74d2a140ef994afcf0bb38e0b960df4d2ee,89360991269452592,13807582,30471007
flashbots,10970216,0xf7fbc77c6008e746050f6ac5279866a64cf94d95674d0c4422ca15c5fb6caa50,0xb26f96664274e15fb6fcda862302e47de7e0e2a6687f8349327a9846043e42596ec44af676126e2cacbdd181f548e681,13420403134147621,11564181,30263967
flashbots,10970212,0x224993a4ec84fa704f49dfab6e090ad393ad3e4268d9e36d717987abea2d5df9,0xb67eaa5efcfa1d17319c344e1e5167811afbfe7922a2cf01c9a361f465597a5dc3a5472bd98843bac88d2541a78eab08,25452326831190078,11291981,30264025
flashbots,10970200,0x57d30780d3d4515be86057eb275c267ff18ee88e604d3a4d4d3a8172859e14cf,0xb26f96664274e15fb6fcda862302e47de7e0e2a6687f8349327a9846043e42596ec44af676126e2cacbdd181f548e681,65534264934091027,16220752,30146216
flashbots,10970181,0x6351e715416dfcb0ef14ed1fe86fe3576a69c17e7ef5c6276eb529a137102128,0xaaf294c49fe14a402c7ffba447ec001032a8e9ff4cb4723c2f62aa0e76a707c7acb0abf545116c8221db50fed0d0d25c,48526069938364610,7397024,30175941
flashbots,10970175,0x569529d1fc843297cd085b054965989ab6e77aaaa16c262ea37a8e51e2421d95,0x840c9dafb68f5cd460b5d5677b85114e89187e7c890f11a8c5fc4a3e4f4aa74136ef0fcd62cf7de9741afcf7d4d3360d,25780337348471169,10628334,30294128
flashbots,10970155,0x18faa08832576ab8857492d0c591fac6e253867a2e06054775d5bbd015b5015d,0xa21a2f4807a2bcb6b07c10cea241322e0910c30869c1e4eda686b0d69bdcb74d2a140ef994afcf0bb38e0b960df4d2ee,28891134072802497,9033398,30058619
flashbots,10970152,0xfb7610529f3969f46faccc1ec88885060f3d572a8c72640e6278c7b1107911f9,0xb26f96664274e15fb6fcda862302e47de7e0e2a6687f8349327a9846043e42596ec44af676126e2cacbdd181f548e681,32615252032644403,10750888,30029295
flashbots,10970146,0x411790cb518075181d5d4fd29c42bdde582794b11b50fd4f0eecf9fd944fc8c3,0x946fcf348bbf1044a3eaa3d27f1d01397cfc4d27495a949447c95ea7ec41db9f5c4fe3b867a937623685a0462996df09,8578521513137837,7532948,30000000
flashbots,10970144,0xd17a240f9b347a3cb17635bb3f07bcad49b16bce27b3773c648ab728a93b29aa,0xa21a2f4807a2bcb6b07c10cea241322e0910c30869c1e4eda686b0d69bdcb74d2a140ef994afcf0bb38e0b960df4d2ee,32322640434996667,11206954,30000000
flashbots,10970139,0x6742841fbb59130834ea361df545a0cd966147d1ea1f26e14354bc776fa560a2,0xb26f96664274e15fb6fcda862302e47de7e0e2a6687f8349327a9846043e42596ec44af676126e2cacbdd181f548e681,31446905243464001,28352777,30029295
flashbots,10970133,0x591e01ad811469ca1709abbb4d0e12ebb322ebc9d1cf55264694dd29d0a64e63,0xa21a2f4807a2bcb6b07c10cea241322e0910c30869c1e4eda686b0d69bdcb74d2a140ef994afcf0bb38e0b960df4d2ee,8816925541123046,7694527,30086995
flashbots,10970125,0x36e0fe67dcb0e18c76bedabfdb48c1fbd6e198b9a05ec74be7630f8c8e23b6ef,0xa00002326e62d66f690e457595023fa44699e4237fc4cc36eed5e4937f19398fc1452be33d2b2f553693e9eda2d26618,13608417808372115,7089569,30145929
flashbots,10970113,0x1d4c94f0566ffb19c1bbf5df47a580cea0c51855c9f5a8c4325f8dc0486c9325,0xa21a2f4807a2bcb6b07c10cea241322e0910c30869c1e4eda686b0d69bdcb74d2a140ef994afcf0bb38e0b960df4d2ee,80102655186849191,16712030,30323248
flashbots,10970107,0xeee8de2affb5329bc69f05a48f7c0249726f44614d825c1063d271d72d3f813c,0xa21a2f4807a2bcb6b07c10cea241322e0910c30869c1e4eda686b0d69bdcb74d2a140ef994afcf0bb38e0b960df4d2ee,48820590397967004,12594316,30323335
flashbots,10970081,0x38708d0c4c9af50363275d95a766e0c1532394a5f467884f738e0c7466dcef4d,0xb26f96664274e15fb6fcda862302e47de7e0e2a6687f8349327a9846043e42596ec44af676126e2cacbdd181f548e681,25440297155133854,16891341,30264545
flashbots,10970074,0x796983b02c0f21e46c3aecbc8e5c793b9087cc61141d5034c434373c66e049e9,0xa21a2f4807a2bcb6b07c10cea241322e0910c30869c1e4eda686b0d69bdcb74d2a140ef994afcf0bb38e0b960df4d2ee,26582547893857244,9775597,30117237
flashbots,10970067,0xb2fd0f954da22477bd808034dd675ed8844a098dde67d0bd5019d8c8a3b8d32b,0xa21a2f4807a2bcb6b07c10cea241322e0910c30869c1e4eda686b0d69bdcb74d2a140ef994afcf0bb38e0b960df4d2ee,22246797761574224,9703161,30029237
flashbots,10970061,0x3fe0de543a3193caed7045f9f5032d36f009bd6ec428323d094537305d810fd1,0xb9f88bc584a53fabb5b295e50638b20218c8b2303f3d26daef84ddb9609f1f93a95608806c94e564ebcd6e3976d3838d,56190379663414524,11208994,30029295
flashbots,10970053,0x187a027bcc2ec15b8ccc21e69766e429b4e0efb2189da9085717441c9e7cb57d,0xb67eaa5efcfa1d17319c344e1e5167811afbfe7922a2cf01c9a361f465597a5dc3a5472bd98843bac88d2541a78eab08,12569121245603997,30014627,30029295
flashbots,10970051,0xc2610b51d5655c554e1f400bf977d22e695488c61c3c07164c66c459848aa89c,0x93582c97ac58670ba118aae52cf6355d8c680a2a538bf77c90873e3fe7ddc0a6dd231e2e2ea06bdc07e9b160883512a3,19871099913352313,11119733,30027836
flashbots,10970032,0x1d2efdad8a283feb9b85d5d3abac23d3e5236c41b789d18b1ab46f78c2f5002a,0xb67eaa5efcfa1d17319c344e1e5167811afbfe7922a2cf01c9a361f465597a5dc3a5472bd98843bac88d2541a78eab08,18420497426166262,13252246,30116205
flashbots,10970029,0xa194ba18a3cfef241fd3880ec50c3373dc62aae5e7cec409f1993e276ee12471,0x88cd924ca0bc4ab6fe838f323d79a932d13ae25239d8960c6246a5250ef85a8ab8ba96a8b6d8b207fe8a6e70f7d2c512,11322195217285232,9566309,30086854
flashbots,10970023,0x26a205ae681dd476c76975dff805000d9b5259831db4ea4243297bd5e7d8353b,0xa00001792da52b2ad6606033396337f86e7598c8e0927d640bb649e0a9fe230df41f8ffd3403a5cd4fffd5131e2fbe47,31929629339284008,7078872,30116320
flashbots,10970008,0x022d354fc9cf1a643b7779c9e49779d936028365da2f5c2d2616c1006ce907ef,0x840c9dafb68f5cd460b5d5677b85114e89187e7c890f11a8c5fc4a3e4f4aa74136ef0fcd62cf7de9741afcf7d4d3360d,12143304385997709,9036614,30204892
flashbots,10970006,0x3f08bd5b20429b46b1ea3ffbbeac8f504100717c480dc5bc1b13472739d84b91,0x93582c97ac58670ba118aae52cf6355d8c680a2a538bf77c90873e3fe7ddc0a6dd231e2e2ea06bdc07e9b160883512a3,11806634469604034,9834757,30263969
flashbots,10970005,0x4b2698a877bd8108f30aeac67e741b481e48914cfb50938afde452405fe11eec,0x850a00ffd1319a04114cff3793f8403ccbf026e0cf67ddca2f9fbb1a03e056a916becc686cdfe7714b111e35c92a74cf,10770168467406756,10457712,30234445
flashbots,10969986,0xbd13edd1688928e26f5ce4613732889ed47f67e3e6ee5947ae20b0641cc09ffa,0xb4a435cf816291596fe2e405651ec8b6c80b9cc34dace3c83202ca489a833756c9a0672ebdc17f23d9d43163db1caa5d,7871960595893096,12720878,30382702
flashbots,10969972,0x4e21d721189035dbe932b8b974e6272318445e1e438fd0c18d753205b67009ef,0x946fcf348bbf1044a3eaa3d27f1d01397cfc4d27495a949447c95ea7ec41db9f5c4fe3b867a937623685a0462996df09,12545868655013634,11114791,30323625
flashbots,10969963,0xa47604daaf9cdc081cc59710475d59f792326add996e485f37d0a7f7f822e7df,0xb9f88bc584a53fabb5b295e50638b20218c8b2303f3d26daef84ddb9609f1f93a95608806c94e564ebcd6e3976d3838d,8973858370930536,14663406,30176057
flashbots,10969948,0x17e4c987aee009106ef10a1fa304fc810389bbaebefd0c3cf911214c7c46cec0,0xb4a435cf816291596fe2e405651ec8b6c80b9cc34dace3c83202ca489a833756c9a0672ebdc17f23d9d43163db1caa5d,12978055399617218,12188276,30029295
flashbots,10969941,0x985561bd276358089165458b5595dfe2208bbe45df92ca91a6e41e6b3713eecc,0xa21a2f4807a2bcb6b07c10cea241322e0910c30869c1e4eda686b0d69bdcb74d2a140ef994afcf0bb38e0b960df4d2ee,13965143700631375,10359936,30058534
flashbots,10969920,0xe05d44a103dc7016cd002b59dfb761f620fe126bcca6511a761277633c49a412,0xa21a2f4807a2bcb6b07c10cea241322e0910c30869c1e4eda686b0d69bdcb74d2a140ef994afcf0bb38e0b960df4d2ee,9096118512072074,7223274,30028867
flashbots,10969918,0x56e19db66ad726742aeb77350a89fec60d0424585e0c461f20c3231a10a62fe4,0x946fcf348bbf1044a3eaa3d27f1d01397cfc4d27495a949447c95ea7ec41db9f5c4fe3b867a937623685a0462996df09,22605813501449538,16336466,30087600
flashbots,10969910,0xf0792ddae58c12b056d9d2f06494514a37bfc9c98d6401dc80878b01bca9376e,0xa9d0a0f9059972d775a45d8377768ff20234de91a6fbacba5737ff8803807c38021b5863e5084869e695ef1d6c2fdaef,21755702962289866,13651544,30146535
flashbots,10969842,0x6c466f18901bcc4bd8036207757c3ca38ea3c4d53c6472514a9b842ec4c4ae08,0xa9bd259c09a526915575d096fd659d1e207caa94c7f92d584d256a5090dd5d81369e8fe67b8cc89b87199084aa42e20a,20199301505795707,8270967,30000000
flashbots,10969821,0x3131b1cbee0a902eae7416ae0b740b0e45a542f5064d1eaf01efee0553f3aa7c,0x93582c97ac58670ba118aae52cf6355d8c680a2a538bf77c90873e3fe7ddc0a6dd231e2e2ea06bdc07e9b160883512a3,10564658773875319,7278805,30117353
flashbots,10969778,0x06c99a4a14a20bf536a75abd2a95996310c61312d0b8efa8a485a7e169408bf2,0x840c9dafb68f5cd460b5d5677b85114e89187e7c890f11a8c5fc4a3e4f4aa74136ef0fcd62cf7de9741afcf7d4d3360d,16617895608449297,8666902,30145241
flashbots,10969776,0x27f45e2b075434af25fa792164cb5773bb123afff8be468c4eedfcef74d6075c,0x93582c97ac58670ba118aae52cf6355d8c680a2a538bf77c90873e3fe7ddc0a6dd231e2e2ea06bdc07e9b160883512a3,14296128369748021,9331121,30145270
flashbots,10969766,0x7705ec1e6c1d2be5f164d6256b1628122d3b17af4cc8f5a6df0edc191ce55e36,0xb67eaa5efcfa1d17319c344e1e5167811afbfe7922a2cf01c9a361f465597a5dc3a5472bd98843bac88d2541a78eab08,14184186193190073,30378121,30381835
flashbots,10969759,0xb1160b7d4453c71ca069fbca0f4c5ce88e88f233b6b30f457fd2fb49b40b2466,0x93582c97ac58670ba118aae52cf6355d8c680a2a538bf77c90873e3fe7ddc0a6dd231e2e2ea06bdc07e9b160883512a3,11516656426505059,9383102,30293061
flashbots,10969719,0x8dc667e22a5b46ebdac0746c7afcedafa639c0a8c7438d51119c8d05ef1c316d,0xaaf294c49fe14a402c7ffba447ec001032a8e9ff4cb4723c2f62aa0e76a707c7acb0abf545116c8221db50fed0d0d25c,382507250464697021,7330360,30057904
flashbots,10969717,0xe1175b6fd285830c78c9aa0af29c986faef365b731a9df83ebd47fd8db5eb9b0,0xb26f96664274e15fb6fcda862302e47de7e0e2a6687f8349327a9846043e42596ec44af676126e2cacbdd181f548e681,36108477780036924,12235805,30116694
flashbots,10969700,0x5c7645e0857582139364c1d818463e19120a0a41b1598bf2b69f60ab47164eb6,0xb4a435cf816291596fe2e405651ec8b6c80b9cc34dace3c83202ca489a833756c9a0672ebdc17f23d9d43163db1caa5d,25311691067038342,11957664,30205295
flashbots,10969694,0xc82248e411911edde30275b7468b36c3b9970036b89658626adcf155c52fc379,0xb67eaa5efcfa1d17319c344e1e5167811afbfe7922a2cf01c9a361f465597a5dc3a5472bd98843bac88d2541a78eab08,11667347948814563,12507149,30146447
flashbots,10969688,0x645b4b389440c4bd46f053f94003133435bef5f1e61dca7afe18b6a230d9279f,0xa9bd259c09a526915575d096fd659d1e207caa94c7f92d584d256a5090dd5d81369e8fe67b8cc89b87199084aa42e20a,21174727600346697,30184991,30205467
flashbots,10969679,0x82125b882fcb6cd9cf8c95d610d5f53ed572d4b23fb008ee6b113dfef6360896,0xb67eaa5efcfa1d17319c344e1e5167811afbfe7922a2cf01c9a361f465597a5dc3a5472bd98843bac88d2541a78eab08,32720632806500353,14040404,30176115
flashbots,10969678,0x9c58ff155937e17187ba02986c5b13423bd8b45b8d472d1a00c5933d5da034ef,0x946fcf348bbf1044a3eaa3d27f1d01397cfc4d27495a949447c95ea7ec41db9f5c4fe3b867a937623685a0462996df09,14076288812526872,10131227,30205611
flashbots,10969660,0x5113ad25f360ac0d1a3622b8cb258fa93bed652e955368936aca2ebf66313f4d,0xa21a2f4807a2bcb6b07c10cea241322e0910c30869c1e4eda686b0d69bdcb74d2a140ef994afcf0bb38e0b960df4d2ee,129289233251113826,19717954,30146160
flashbots,10969635,0xd0da056c800266fcddfd7474b4f89e1a937f25f1b22c9d769d5e3272d4c52b4e,0x93582c97ac58670ba118aae52cf6355d8c680a2a538bf77c90873e3fe7ddc0a6dd231e2e2ea06bdc07e9b160883512a3,29697303209185089,10931095,30353296
flashbots,10969621,0x59784cde075dab82e2d60bb895a7d4f0fafc9179b36bbe6bd34da4d796504f22,0xb67eaa5efcfa1d17319c344e1e5167811afbfe7922a2cf01c9a361f465597a5dc3a5472bd98843bac88d2541a78eab08,8601762497600269,30228895,30235165
flashbots,10969580,0xc7d6fd2ee5757ba5f415b073e77d0db53a0546dbb3e87eeb5f9139c97bb4f019,0xb67eaa5efcfa1d17319c344e1e5167811afbfe7922a2cf01c9a361f465597a5dc3a5472bd98843bac88d2541a78eab08,12092547806866761,8149868,30087741
flashbots,10969570,0x87c5813b91e11b03c231eb531c2d00cbc07d7efc3da674c7fff1cee5085bd09b,0x850a00ffd1319a04114cff3793f8403ccbf026e0cf67ddca2f9fbb1a03e056a916becc686cdfe7714b111e35c92a74cf,9828478112954512,8581041,30087886
flashbots,10969528,0xcc2641b4a62440c3a804ede8ecdde05cc7dfc6dec4b591a9ab3599de6a134049,0xa21a2f4807a2bcb6b07c10cea241322e0910c30869c1e4eda686b0d69bdcb74d2a140ef994afcf0bb38e0b960df4d2ee,34418305198006352,8614938,30087514
flashbots,10969520,0x9607618c191ea4856f63f5a5d48ef0a4089f497b75fecbcb7261a569681ae26d,0xb67eaa5efcfa1d17319c344e1e5167811afbfe7922a2cf01c9a361f465597a5dc3a5472bd98843bac88d2541a78eab08,93106374571667889,19054439,30146448
flashbots,10969502,0xa2afe8bb65394249d76714bca67b62b9976c345c9f7366ba79c9c91a666b9f72,0xa87b7288a39c48a71913926dcf55a7e423705b741e3893474658d3ea4413d98b0fcad61bc725ad6b5604af6a2d9a1029,12150134545888994,7745743,30146706
flashbots,10969482,0x3db7380600857b5a99cfa94b7f4c630f0e9e7a7ed36a2c11c931302921ecbda9,0xa21a2f4807a2bcb6b07c10cea241322e0910c30869c1e4eda686b0d69bdcb74d2a140ef994afcf0bb38e0b960df4d2ee,30262547046583254,18717881,30058591
flashbots,10969477,0x6f0eda58c6561123661627fb5a3b4ddbb7eb7f4dc5f6cdea7c4984d721b1772c,0x840c9dafb68f5cd460b5d5677b85114e89187e7c890f11a8c5fc4a3e4f4aa74136ef0fcd62cf7de9741afcf7d4d3360d,8701699352159247,9952485,30029210
flashbots,10969457,0xca48cfefd58788e06bb70924a3d307a84b57166c4faa8bc7d3e9e35f56072a79,0x840c9dafb68f5cd460b5d5677b85114e89187e7c890f11a8c5fc4a3e4f4aa74136ef0fcd62cf7de9741afcf7d4d3360d,14774887301847019,6716019,30000000
flashbots,10969455,0xac7a27e44929ac1f24f5fed2493717169679e177b0a58d9c29888474356e7833,0xa21a2f4807a2bcb6b07c10cea241322e0910c30869c1e4eda686b0d69bdcb74d2a140ef994afcf0bb38e0b960df4d2ee,51834250156568795,12274841,30000000
flashbots,10969446,0x08521a0488357e3ce2c839858383bf0bcda71c7ac214e30266c6626368e87f6d,0x851a009553c46cae9384ebc59dcf17064ee8839de085910ec71d834ab1b8dc7a1f3271008c2438ae3b3e44be994108a6,19087150642928888,11956795,30058590
flashbots,10969442,0x69ec254d69eada9cf9bd6b4e709813b24093b5bfaec00d18d02759f3b7cffeee,0x840c9dafb68f5cd460b5d5677b85114e89187e7c890f11a8c5fc4a3e4f4aa74136ef0fcd62cf7de9741afcf7d4d3360d,15219120236987587,8793486,30000000
flashbots,10969440,0xe56a203120cef470e42413691997aba010aa2e661e2a0b7b0c54143c0339beab,0xa21a2f4807a2bcb6b07c10cea241322e0910c30869c1e4eda686b0d69bdcb74d2a140ef994afcf0bb38e0b960df4d2ee,37549105066443277,30019919,30029295
flashbots,10969424,0xb3245282c8b8b26d4511f0eab6004848d8d9a8e2b5204fbdac155e6635b487ed,0xa21a2f4807a2bcb6b07c10cea241322e0910c30869c1e4eda686b0d69bdcb74d2a140ef994afcf0bb38e0b960df4d2ee,35006808742304014,10963032,30000000
flashbots,10969408,0x558a6e6ba2233cd01ca259bad5ee00d67eac7f935c3f83194abe939107100d99,0xa21a2f4807a2bcb6b07c10cea241322e0910c30869c1e4eda686b0d69bdcb74d2a140ef994afcf0bb38e0b960df4d2ee,13122421782458800,13710522,30146763
flashbots,10969368,0x5a55101c9367bea45406931f7eb3a5c5cfd56dba5360e8a40d7bc9b8564ad0bd,0xb26f96664274e15fb6fcda862302e47de7e0e2a6687f8349327a9846043e42596ec44af676126e2cacbdd181f548e681,37781346896594269,30110437,30115711
flashbots,10969355,0xf558f0dcb65c4afef13fde7c5640908fe2ca18d0ec38f67617cd7aa8bb3fe193,0xb26f96664274e15fb6fcda862302e47de7e0e2a6687f8349327a9846043e42596ec44af676126e2cacbdd181f548e681,59293823012771734,13527930,30145321
flashbots,10969345,0xc42fa74e043829b0fa82fcb1b1fdfb2bb230fe1eee46c29262907bf85c26b90f,0xb193dcaf1d485ba78094cb6b4126bff77e08c1244dff814447d3a31d9030b2584b369244ea67f13d48a02fa907b05f3a,73221938799758395,7871572,30263446
flashbots,10969334,0x22d08f0ff1ba2746f58588ea707e661ebcd75835cdfdcd5d75c4df7d7d1e1374,0xb26f96664274e15fb6fcda862302e47de7e0e2a6687f8349327a9846043e42596ec44af676126e2cacbdd181f548e681,19632954774079438,15793124,30293170
flashbots,10969331,0x5026935c4085bf8b0dd01e674d8023f4c6b295d9d335bb7217e9d25c27dfeb2c,0x851a009553c46cae9384ebc59dcf17064ee8839de085910ec71d834ab1b8dc7a1f3271008c2438ae3b3e44be994108a6,15779414167736486,21251819,30263646
flashbots,10969329,0xf2babd06384474a4603de9626aac69014ba57c2cb4710c1324e3c42a45bd8d4c,0x93582c97ac58670ba118aae52cf6355d8c680a2a538bf77c90873e3fe7ddc0a6dd231e2e2ea06bdc07e9b160883512a3,28537316344013574,28196592,30263675
flashbots,10969327,0xde72c6205782574b967a7e77d54b24014feb890391a768329953ae496cacb0b6,0x851a009553c46cae9384ebc59dcf17064ee8839de085910ec71d834ab1b8dc7a1f3271008c2438ae3b3e44be994108a6,27663663461426473,18637806,30204656
flashbots,10969320,0xc7a948e64044aa34ad8c314cffdef1599e9ca48446c4837be115261cf4e155c6,0x840c9dafb68f5cd460b5d5677b85114e89187e7c890f11a8c5fc4a3e4f4aa74136ef0fcd62cf7de9741afcf7d4d3360d,31256937161590303,12240182,30352595
flashbots,10969304,0xbabe80b2d361846625e602971bb3e5c9f9f46ea1f4f2652db76ee3b5b05def9c,0xa21a2f4807a2bcb6b07c10cea241322e0910c30869c1e4eda686b0d69bdcb74d2a140ef994afcf0bb38e0b960df4d2ee,30344812973617520,14661698,30175507
flashbots,10969295,0xcd8df550a4c49856466280d4ee160e3fe0cd2019178509c898d686c72866e825,0xa21a2f4807a2bcb6b07c10cea241322e0910c30869c1e4eda686b0d69bdcb74d2a140ef994afcf0bb38e0b960df4d2ee,15087040367214345,12598200,30146185
flashbots,10969269,0x50add767b101865bc180f870f8150823a0e0e231778bc82546d42b64b89091fe,0xb193dcaf1d485ba78094cb6b4126bff77e08c1244dff814447d3a31d9030b2584b369244ea67f13d48a02fa907b05f3a,35533331942045906,7478595,30146560
flashbots,10969244,0x1e99040b719e8ec16dc8ba035e822e24c33bd520670883ff8cdecfdd89c7c473,0xb26f96664274e15fb6fcda862302e47de7e0e2a6687f8349327a9846043e42596ec44af676126e2cacbdd181f548e681,29248352857973167,18858689,30029210
flashbots,10969206,0xbfaf57651ea4a49e23d6484f240a3fa0ee7eb7732be7f9ea04a375d78f730221,0xb9f88bc584a53fabb5b295e50638b20218c8b2303f3d26daef84ddb9609f1f93a95608806c94e564ebcd6e3976d3838d,24167603638667357,8104766,30000000
flashbots,10969198,0x00d9c9a48967d96237db45aed95cd69b0a7f1e90d7158b065880ba2cceca8b0d,0x840c9dafb68f5cd460b5d5677b85114e89187e7c890f11a8c5fc4a3e4f4aa74136ef0fcd62cf7de9741afcf7d4d3360d,13045197870961307,9918630,30058619
flashbots,10969185,0xeba044934a88724ec5587e5cd2391699213f7d4fcd77b5171e0ec7fcab9db99a,0xa21a2f4807a2bcb6b07c10cea241322e0910c30869c1e4eda686b0d69bdcb74d2a140ef994afcf0bb38e0b960df4d2ee,12961819912254963,8764880,30000000
flashbots,10969181,0xb393d469b108cab160c6b2af2021b9413944636628a83554991f436464608218,0xb4a435cf816291596fe2e405651ec8b6c80b9cc34dace3c83202ca489a833756c9a0672ebdc17f23d9d43163db1caa5d,24596132161640083,17664410,30057791
flashbots,10969180,0xd8545ec107b646533f4d1652cd2896c29bf2c8c5e19906ab8b7604cfa212ee0d,0xb26f96664274e15fb6fcda862302e47de7e0e2a6687f8349327a9846043e42596ec44af676126e2cacbdd181f548e681,47223828845377627,10627466,30028468
flashbots,10969167,0x3a8f9d5132f1c0a88a1c472088e04aded137d4f6d335f10f88a1bf25ab7c5428,0x93582c97ac58670ba118aae52cf6355d8c680a2a538bf77c90873e3fe7ddc0a6dd231e2e2ea06bdc07e9b160883512a3,29927637208978796,11081279,30175630
flashbots,10969131,0x046b0e0b713dba85ae8b485296d3f5a85b74f92e89d2ed5e999c5510bee74226,0xb67eaa5efcfa1d17319c344e1e5167811afbfe7922a2cf01c9a361f465597a5dc3a5472bd98843bac88d2541a78eab08,9290470548075527,18478504,30176146
flashbots,10969125,0xa61a1d5af4c8ac2cdf343a8a6f1a37aace0f5ace864141562491a70a7edb5d48,0xb67eaa5efcfa1d17319c344e1e5167811afbfe7922a2cf01c9a361f465597a5dc3a5472bd98843bac88d2541a78eab08,13657399436509151,10544515,30058591
flashbots,10969119,0x1a40640fd23b1867f25d7ceb1977058fc4cdea787dc1abe5e599fba8b823269d,0xb26f96664274e15fb6fcda862302e47de7e0e2a6687f8349327a9846043e42596ec44af676126e2cacbdd181f548e681,111173213390938395,19113004,30029209
flashbots,10969109,0xa2ce58cd064290ddc59d54f086f46e4c8292a91a4eb0cf20b2f0a12619302dd2,0xa21a2f4807a2bcb6b07c10cea241322e0910c30869c1e4eda686b0d69bdcb74d2a140ef994afcf0bb38e0b960df4d2ee,19775219368693954,15964802,30029238
flashbots,10969088,0x8951237cdb004177a928fde82a6ea253e4e3aae98499f23c14b3d56297bfa77b,0xa21a2f4807a2bcb6b07c10cea241322e0910c30869c1e4eda686b0d69bdcb74d2a140ef994afcf0bb38e0b960df4d2ee,31812987022814403,17221814,30087599
flashbots,10969087,0x4eb0ad3829714ea81aad044b6c181541635bbeebe55772cd20aa51476e230a9f,0xa2d994ea26d7c3b94b444fc2f2a6070d5cc8164e51d1a5c65db8ad6381ba5fc5e0eb3aa088b46e8da96b5167f9b97569,43943102341509120,9714465,30058247
flashbots,10969086,0x662a39e9ab97fd68e96d9fa75dc57ca55d992aa807758be7ccd55561cc19aa2c,0xb26f96664274e15fb6fcda862302e47de7e0e2a6687f8349327a9846043e42596ec44af676126e2cacbdd181f548e681,26329708063481321,14136901,30028923
flashbots,10969079,0x99edc8136256b8fff734455866de0ecc92f02988b085987b565ef506ebe1692a,0x840c9dafb68f5cd460b5d5677b85114e89187e7c890f11a8c5fc4a3e4f4aa74136ef0fcd62cf7de9741afcf7d4d3360d,31964108028410347,12928519,30058361
flashbots,10969071,0x20d039fb8583f5b4f42152768d7e36d81b00347b7c60cf616e63233c419fce17,0x95c8cc31f8d4e54eddb0603b8f12d59d466f656f374bde2073e321bdd16082d420e3eef4d62467a7ea6b83818381f742,13807904235674117,14258815,30176116
flashbots,10969061,0x175bcb829989d0d3e9ce1f9e5388f8f78b3651c460605e2ebb1cf977897c97a9,0xb67eaa5efcfa1d17319c344e1e5167811afbfe7922a2cf01c9a361f465597a5dc3a5472bd98843bac88d2541a78eab08,112349613501913314,15085067,30058619
flashbots,10969050,0x4165def2c495577495d35eb82c8264690b7102d3a6d14c8e12152df27a8be195,0xacb407cfb554255db2fbbb320f79bb7f1cc1e8d2dc43324e8e31baafd0836340d49c43eebc51828f53bf6d364f9ac207,20694587443092860,16143442,30087914
flashbots,10969012,0x711770d1c60c870c08aef6e440969b2a3a3f590a1f660b893819fab77c72eff8,0xa21a2f4807a2bcb6b07c10cea241322e0910c30869c1e4eda686b0d69bdcb74d2a140ef994afcf0bb38e0b960df4d2ee,75243461285439186,24066107,30000000
flashbots,10968979,0x2884c632020a10a25db5291bedead6e903473f848e9f83fd0cef03cd9b84a682,0xb26f96664274e15fb6fcda862302e47de7e0e2a6687f8349327a9846043e42596ec44af676126e2cacbdd181f548e681,23356811195406598,13278989,30058619
flashbots,10968970,0xdc8b69f46dc75b6b599b1b1db3282a31c60bd305aa00fc2961b7b57d88dba537,0xb67eaa5efcfa1d17319c344e1e5167811afbfe7922a2cf01c9a361f465597a5dc3a5472bd98843bac88d2541a78eab08,275278519358211136,14308866,30058562
flashbots,10968967,0x0339bdedb96938eb85e8f73a8e5761c3bbf80c46cd8d8910a1b917c31994a5db,0x93582c97ac58670ba118aae52cf6355d8c680a2a538bf77c90873e3fe7ddc0a6dd231e2e2ea06bdc07e9b160883512a3,30843376345100990,16510569,30087972
flashbots,10968957,0x80f7b0dc5d84e34726ce17be2aa5c6fd4ef99470b3aad0207a173305d2860ad3,0xa21a2f4807a2bcb6b07c10cea241322e0910c30869c1e4eda686b0d69bdcb74d2a140ef994afcf0bb38e0b960df4d2ee,60531348789965880,13504574,30029295
flashbots,10968951,0x8e3ccb3c6650900bacfcf57610f970a4e7c58f8e8e3eef3ec2dffbe29b4ab83b,0xa21a2f4807a2bcb6b07c10cea241322e0910c30869c1e4eda686b0d69bdcb74d2a140ef994afcf0bb38e0b960df4d2ee,20589213876103672,13950327,30029266
flashbots,10968949,0xefb29e2b04a036003f1db6c72bc8a09e2e69ba7321abd99a8fe5c8693f9c30a6,0x840c9dafb68f5cd460b5d5677b85114e89187e7c890f11a8c5fc4a3e4f4aa74136ef0fcd62cf7de9741afcf7d4d3360d,17518071546896636,10751755,30029295
flashbots,10968939,0x8279b34c62b11603013a30e0cb45e6ba4b6832fcf326847fbe722d29498b0783,0xa21a2f4807a2bcb6b07c10cea241322e0910c30869c1e4eda686b0d69bdcb74d2a140ef994afcf0bb38e0b960df4d2ee,47287238526095055,10356790,30000000
flashbots,10968931,0x8a1753d39941c526e0195dd8e3e0c333a167eec83e089f146cd1e2695a569977,0xb9f88bc584a53fabb5b295e50638b20218c8b2303f3d26daef84ddb9609f1f93a95608806c94e564ebcd6e3976d3838d,49640668787168137,10119767,30000000
flashbots,10968896,0x84f4f849d1f6d1ddf11bad273ec0b2628d317c8a890c9837a3b41d78c39c9729,0xacb407cfb554255db2fbbb320f79bb7f1cc1e8d2dc43324e8e31baafd0836340d49c43eebc51828f53bf6d364f9ac207,15006328397161480,9338909,30000000
flashbots,10968864,0x8e604aff6e7b30b4b8b0ef8f9dacf542010b35476d970199dd3721c2ddb9cdff,0xa21a2f4807a2bcb6b07c10cea241322e0910c30869c1e4eda686b0d69bdcb74d2a140ef994afcf0bb38e0b960df4d2ee,32458039181005404,18731393,30169124
flashbots,10968861,0xe4737e5b8877b10b101d084cb38c9d9de4d393e2f1d788bf54492823c1e0999e,0xb67eaa5efcfa1d17319c344e1e5167811afbfe7922a2cf01c9a361f465597a5dc3a5472bd98843bac88d2541a78eab08,110733321983290583,19359533,30198642
flashbots,10968854,0x62515472784f7276d32c4b1a9709ba702939a54b7548bc839d3c25d19ac93c05,0xa21a2f4807a2bcb6b07c10cea241322e0910c30869c1e4eda686b0d69bdcb74d2a140ef994afcf0bb38e0b960df4d2ee,19596719841603766,15808308,30228246
flashbots,10968828,0x69d6a2f5e3ff2f4833848eeb15e6174778384a7b45a93b248dd49eea130f62f1,0xa9bd259c09a526915575d096fd659d1e207caa94c7f92d584d256a5090dd5d81369e8fe67b8cc89b87199084aa42e20a,28867717156007298,10309412,30287712
flashbots,10968810,0x036963ba8c0704916df01fbea9f3098a59648a7d663064fc011e296b8dd9ecd3,0xa21a2f4807a2bcb6b07c10cea241322e0910c30869c1e4eda686b0d69bdcb74d2a140ef994afcf0bb38e0b960df4d2ee,37715901272347616,22668230,30287969
flashbots,10968801,0x17567a437368e6df6f3590ffe70b17efa4165bdab4f0e19a93cf27f82f21b01c,0xb67eaa5efcfa1d17319c344e1e5167811afbfe7922a2cf01c9a361f465597a5dc3a5472bd98843bac88d2541a78eab08,18377979384294437,26153503,30199499
flashbots,10968796,0x6ca7276e808e2177f427b84c2f4eb2bd49b86e7be8b763db95d8a70e97d399fd,0x840c9dafb68f5cd460b5d5677b85114e89187e7c890f11a8c5fc4a3e4f4aa74136ef0fcd62cf7de9741afcf7d4d3360d,8975294015396897,6415815,30229076
flashbots,10968788,0x46bf3311baa9cef82279caac77c4b285d987ec4acfa0a9fff8c1bc9d7805719f,0xb4a435cf816291596fe2e405651ec8b6c80b9cc34dace3c83202ca489a833756c9a0672ebdc17f23d9d43163db1caa5d,48538628888326858,12612748,30288288
flashbots,10968741,0x80cc65c3ad8f0241c3497ba01ec882db36109f7b27caa8a82a131c151b54b042,0xa32aadb23e45595fe4981114a8230128443fd5407d557dc0c158ab93bc2b88939b5a87a84b6863b0d04a4b5a2447f847,27209209794591164,13711870,30141442
flashbots,10968738,0x7b5a1259c3f0a3808ceb30fd80452d2c45efec51fdba296c378ec4fa44d622a1,0xb26f96664274e15fb6fcda862302e47de7e0e2a6687f8349327a9846043e42596ec44af676126e2cacbdd181f548e681,13428512141604111,16081003,30170933
flashbots,10968733,0x0bf23613a2042c3d098b96cbe4fd46bd69a9a2c6634a9e93e357891c28b17608,0x840c9dafb68f5cd460b5d5677b85114e89187e7c890f11a8c5fc4a3e4f4aa74136ef0fcd62cf7de9741afcf7d4d3360d,15029148179279347,9221449,30200482
flashbots,10968732,0xd4c161f1c54d03c661898d31d89cca2ffd9e2bb3309d49fff59716bddf0b712f,0xb67eaa5efcfa1d17319c344e1e5167811afbfe7922a2cf01c9a361f465597a5dc3a5472bd98843bac88d2541a78eab08,22243307576476754,13678571,30230002
flashbots,10968723,0xdb4bf36f6a0293e5fad735175ac6012e87115ec0e0fef533b93fefe3e5f95f15,0x840c9dafb68f5cd460b5d5677b85114e89187e7c890f11a8c5fc4a3e4f4aa74136ef0fcd62cf7de9741afcf7d4d3360d,40592838267304004,20044203,30082892
flashbots,10968714,0xeffe6cec504722dfb8e3ef2c96525185774b743ffed36165ff4252210aac488f,0xb67eaa5efcfa1d17319c344e1e5167811afbfe7922a2cf01c9a361f465597a5dc3a5472bd98843bac88d2541a78eab08,33254134738741775,19118894,30171281
flashbots,10968713,0x1116cbaf3c6f0ed5089ee796845db6a688b1307d0a9865cda44bf9f9fad08e74,0x840c9dafb68f5cd460b5d5677b85114e89187e7c890f11a8c5fc4a3e4f4aa74136ef0fcd62cf7de9741afcf7d4d3360d,12922705404429105,10038654,30200772
flashbots,10968690,0x9e42d11a131ccbc74130ded2591e341e7ac2ea17f857baccaf5a04d6a2cfe4cf,0xb67eaa5efcfa1d17319c344e1e5167811afbfe7922a2cf01c9a361f465597a5dc3a5472bd98843bac88d2541a78eab08,23571835115891780,13449863,30230581
flashbots,10968687,0xb511a266280052a0c11349fb607458ad42b1163ace4ff971ba20afe2c2a727ee,0xb4a435cf816291596fe2e405651ec8b6c80b9cc34dace3c83202ca489a833756c9a0672ebdc17f23d9d43163db1caa5d,23347084687139053,13820845,30319315
flashbots,10968678,0xf08f1c491f97d3b0e982f358a45760723273b4c631eb9ac69aabd85b681bad4e,0x840c9dafb68f5cd460b5d5677b85114e89187e7c890f11a8c5fc4a3e4f4aa74136ef0fcd62cf7de9741afcf7d4d3360d,13449741243809757,8679890,30289852
flashbots,10968677,0xb19590a6a9ed5495982e04107a517abf37ff4989b02a8678d1195a81bb92e5a9,0xa21a2f4807a2bcb6b07c10cea241322e0910c30869c1e4eda686b0d69bdcb74d2a140ef994afcf0bb38e0b960df4d2ee,21486128423071409,14989875,30319459
flashbots,10968667,0x054b9fa4a9a9d84dade34884f745366edaad73d91c5bee41001ba4087ee1e7b3,0xb193dcaf1d485ba78094cb6b4126bff77e08c1244dff814447d3a31d9030b2584b369244ea67f13d48a02fa907b05f3a,36960991827755579,8610318,30260447
flashbots,10968651,0x05d8f22be54459056193573966cbd69b1146ca0edba433938dd4ec54d356e020,0xa00002326e62d66f690e457595023fa44699e4237fc4cc36eed5e4937f19398fc1452be33d2b2f553693e9eda2d26618,15195772777227251,10401512,30319837
flashbots,10968638,0x6ae689cfaf67225257d8ea9467bf1da0d3c185520284d4211b2e1705fd2412a2,0xacb407cfb554255db2fbbb320f79bb7f1cc1e8d2dc43324e8e31baafd0836340d49c43eebc51828f53bf6d364f9ac207,16676856094047592,10950282,30172347
flashbots,10968631,0x302f1e8d5bc58b266cbb88a43c22a01033ede4b6d46decc9e748c24f0aed05fc,0xb9f88bc584a53fabb5b295e50638b20218c8b2303f3d26daef84ddb9609f1f93a95608806c94e564ebcd6e3976d3838d,143636805749667165,9314966,30201927
flashbots,10968627,0xbe7abd3fbb5e659a4a275c0267c0731e1968c17edf8959f9f5041954f65e3034,0x93582c97ac58670ba118aae52cf6355d8c680a2a538bf77c90873e3fe7ddc0a6dd231e2e2ea06bdc07e9b160883512a3,19099359080543665,7827564,30143057
flashbots,10968625,0x93578f71280a7ee1ba66282f064070185a5af6ff240ffcc7a4305c55ec69ecd8,0xa2d994ea26d7c3b94b444fc2f2a6070d5cc8164e51d1a5c65db8ad6381ba5fc5e0eb3aa088b46e8da96b5167f9b97569,27562412414644636,4747596,30143086
flashbots,10968621,0xa5e2d97e2641cc54fdd3c7d1c6432041f0cd2e510b705cec963d57e35e7cd7d6,0xb67eaa5efcfa1d17319c344e1e5167811afbfe7922a2cf01c9a361f465597a5dc3a5472bd98843bac88d2541a78eab08,16381346702808802,15009811,30143144
flashbots,10968614,0x1053aa631302587b0b5486481c826da1b307ba85b850fe473c76b6749b30d334,0xb67eaa5efcfa1d17319c344e1e5167811afbfe7922a2cf01c9a361f465597a5dc3a5472bd98843bac88d2541a78eab08,20577689518654962,15919165,30055069
flashbots,10968577,0x8157c1fb8c5ee0b9dfd4a91e5af0e42c7a4fad247415382a3699e3f04438076b,0x840c9dafb68f5cd460b5d5677b85114e89187e7c890f11a8c5fc4a3e4f4aa74136ef0fcd62cf7de9741afcf7d4d3360d,25984547841827104,11171234,30202708
flashbots,10968563,0x2bb6d1da112c47bc597478b4b47d9f100b8882a4c1d25bf1cbd397eb976e8a3d,0xb9f88bc584a53fabb5b295e50638b20218c8b2303f3d26daef84ddb9609f1f93a95608806c94e564ebcd6e3976d3838d,22898551919576332,11114778,30143979
flashbots,10968556,0xf3d70f79f62e0487416ae25d1efd9f47acddac4f88a3a0e4b631d88bbc23e200,0xa21a2f4807a2bcb6b07c10cea241322e0910c30869c1e4eda686b0d69bdcb74d2a140ef994afcf0bb38e0b960df4d2ee,21906527794278906,6728791,30114658
flashbots,10968552,0x3c2df5a72c9ac5d1de774e7bb16762a76cbe94f2cb2d93bee1bad5c53c36191e,0x840c9dafb68f5cd460b5d5677b85114e89187e7c890f11a8c5fc4a3e4f4aa74136ef0fcd62cf7de9741afcf7d4d3360d,183118483036758241,13708413,30232576
flashbots,10968548,0xd7ccbc10e2664c95c1d1554baab72232bc034f0f9248675bdc0a4ddcc588ff37,0xb67eaa5efcfa1d17319c344e1e5167811afbfe7922a2cf01c9a361f465597a5dc3a5472bd98843bac88d2541a78eab08,44273683479123645,25678958,30232632
flashbots,10968525,0x59de17c869dded79e2a87a42b43e2c3ee15e137afe5dc4b22b4bf1e75254a4da,0x82ba7cadcdfc1b156ba2c48c1c627428ba917858e62c3a97d8f919510da23d0f11cf5db53cb92a5faf5de7d31bf38632,15960611581615723,7641797,30203454
flashbots,10968510,0x5ce9026aeba8af00cde80c10e3c56c61cb202e7b99d99196c5d22a88ff50d862,0xa9bd259c09a526915575d096fd659d1e207caa94c7f92d584d256a5090dd5d81369e8fe67b8cc89b87199084aa42e20a,23647219403083263,9525819,30233179
flashbots,10968505,0xc8b3fca9a8f01786240d0ac41b7dedff9cf6564d7ce4894937b81dd51eae1d62,0x840c9dafb68f5cd460b5d5677b85114e89187e7c890f11a8c5fc4a3e4f4aa74136ef0fcd62cf7de9741afcf7d4d3360d,78214641346107473,10390082,30262789
flashbots,10968497,0xe74d1dacacf38a455c55ca2f9d675d060fb705c87b502156a05d79c83efbe6b8,0x93582c97ac58670ba118aae52cf6355d8c680a2a538bf77c90873e3fe7ddc0a6dd231e2e2ea06bdc07e9b160883512a3,22335679776322904,8565103,30203859
flashbots,10968493,0x3d3766fe8a508ed64fc05f410b28f55f2bcc40a04d9f2f4f5bf9e01fda2dde70,0x840c9dafb68f5cd460b5d5677b85114e89187e7c890f11a8c5fc4a3e4f4aa74136ef0fcd62cf7de9741afcf7d4d3360d,16820604894264392,8416802,30144985
flashbots,10968484,0xb9c8cf2998ed472383d27260410a6b1f357c4c41a7133d434d3fb2a4dec386dc,0xb67eaa5efcfa1d17319c344e1e5167811afbfe7922a2cf01c9a361f465597a5dc3a5472bd98843bac88d2541a78eab08,32513953286437714,18717150,30115690
flashbots,10968441,0xd4016dd5b64330e76ab326d65194dbfba2678ab93475370b1a801cf8785021e1,0xb26f96664274e15fb6fcda862302e47de7e0e2a6687f8349327a9846043e42596ec44af676126e2cacbdd181f548e681,16693893879750345,11610327,30352483
flashbots,10968424,0x8ea7be100deef0ff8381c8165990f2459f4a1795528e7dbfd70c262360e83eb1,0x840c9dafb68f5cd460b5d5677b85114e89187e7c890f11a8c5fc4a3e4f4aa74136ef0fcd62cf7de9741afcf7d4d3360d,58332735773886806,12537737,30263940
flashbots,10968399,0x35acedc1e863198c4207be80465462e103a1c270d487fdcae3164fbd01bff4f0,0xb67eaa5efcfa1d17319c344e1e5167811afbfe7922a2cf01c9a361f465597a5dc3a5472bd98843bac88d2541a78eab08,38867175134861032,16501134,30234761
flashbots,10968396,0x3fc3a472124b847c23a9b01c024d84a60ec8532e8f6017067776076ed31979b4,0x946fcf348bbf1044a3eaa3d27f1d01397cfc4d27495a949447c95ea7ec41db9f5c4fe3b867a937623685a0462996df09,18797689250862937,11867789,30205294
flashbots,10968393,0x5188c60763a8e731c75e0e8679cfc27dd67c78086e7cc247c80423850924238b,0xa00002326e62d66f690e457595023fa44699e4237fc4cc36eed5e4937f19398fc1452be33d2b2f553693e9eda2d26618,43443043526714957,7905426,30116979
flashbots,10968389,0x942df7baa14b95f2998b87326e0160c1d3988fe4bab86e48ebf65f36504157f4,0x8b8edce58fafe098763e4fabdeb318d347f9238845f22c507e813186ea7d44adecd3028f9288048f9ad3bc7c7c735fba,26223475145937994,12978906,30058275
flashbots,10968388,0x8da5bd18a1aebd98a2f6f5c5b7233773809253f80a7b00a60c794d0c3b82be6d,0x840c9dafb68f5cd460b5d5677b85114e89187e7c890f11a8c5fc4a3e4f4aa74136ef0fcd62cf7de9741afcf7d4d3360d,24327927605913084,9731564,30087656
flashbots,10968379,0x04a19ef276555ee6aeb25dd6e06db8441b3b4c1efa0557df6ff28a667e416532,0xb26f96664274e15fb6fcda862302e47de7e0e2a6687f8349327a9846043e42596ec44af676126e2cacbdd181f548e681,26120157271865001,15882051,30117181
flashbots,10968362,0x7edf1b1df1dd93cf3141210e2721b55fcf54be37cca104339d283907b8b9c236,0xa21a2f4807a2bcb6b07c10cea241322e0910c30869c1e4eda686b0d69bdcb74d2a140ef994afcf0bb38e0b960df4d2ee,14237051291181252,8894197,30029209
flashbots,10968359,0x771d8888f3d41ead80c0ee66656654bacf07519ff2a8a0ec9d6bbc332e98b832,0x95c8cc31f8d4e54eddb0603b8f12d59d466f656f374bde2073e321bdd16082d420e3eef4d62467a7ea6b83818381f742,19525279150449885,15197041,30058591
flashbots,10968344,0x88b7be885f5cfcfacff6b455d6e4737cae7a05eaadeffdf0410b534037fc148e,0xb67eaa5efcfa1d17319c344e1e5167811afbfe7922a2cf01c9a361f465597a5dc3a5472bd98843bac88d2541a78eab08,56998896822562694,24555215,30029295
flashbots,10968306,0xc9ef28f8512965e742b4a221b413a2e310167ec8434a040a47ac69276230657d,0xb67eaa5efcfa1d17319c344e1e5167811afbfe7922a2cf01c9a361f465597a5dc3a5472bd98843bac88d2541a78eab08,30813905216665578,27299770,30058475
flashbots,10968288,0xafa12c3a90d1b404fa5430e5a763f4d4a978f3aaf33872f9fac598afff022c29,0xa21a2f4807a2bcb6b07c10cea241322e0910c30869c1e4eda686b0d69bdcb74d2a140ef994afcf0bb38e0b960df4d2ee,34534158995525706,17489491,30029266
flashbots,10968276,0xe30400531aeea75533a29be7db66957252901a999dfa245424d4b3f64d9e21ce,0x840c9dafb68f5cd460b5d5677b85114e89187e7c890f11a8c5fc4a3e4f4aa74136ef0fcd62cf7de9741afcf7d4d3360d,21614413983500060,13027986,30145124
flashbots,10968271,0x7d74c35498f1fa5a3ffe498b0e3061c57c1baa5803d514af8243d4f878fbe989,0xb26f96664274e15fb6fcda862302e47de7e0e2a6687f8349327a9846043e42596ec44af676126e2cacbdd181f548e681,147354380282361345,9044413,30233638
flashbots,10968256,0xa8e3c5b32ac710b5a9fdb38592b3734cd48fd74cb065eba59c9191e30af1b8b3,0x850a00ffd1319a04114cff3793f8403ccbf026e0cf67ddca2f9fbb1a03e056a916becc686cdfe7714b111e35c92a74cf,22607315996583051,8100477,30086593
flashbots,10968244,0x94b7a0d6bd3eae35ef56eaea710f14562b2066caea1a0a5a73ee2e883cb74b87,0x840c9dafb68f5cd460b5d5677b85114e89187e7c890f11a8c5fc4a3e4f4aa74136ef0fcd62cf7de9741afcf7d4d3360d,17784693736870485,15927100,30204516
flashbots,10968232,0xee53ba0f7217ffacd3f2de2d02fc29b6ed82f58129846e2cbf7a106823a71669,0xb67eaa5efcfa1d17319c344e1e5167811afbfe7922a2cf01c9a361f465597a5dc3a5472bd98843bac88d2541a78eab08,40543998606211251,7851895,30382182
flashbots,10968231,0xb26565434efae4c8f1f4999af00c06e94bf45d1630997a21bc1d466416548145,0xb4a435cf816291596fe2e405651ec8b6c80b9cc34dace3c83202ca489a833756c9a0672ebdc17f23d9d43163db1caa5d,38187236212062879,12274034,30352542
flashbots,10968220,0x98fb07c8e1b6085aa12d5631a35201d4ec39055605b68b5f595452ef6c54110e,0x93582c97ac58670ba118aae52cf6355d8c680a2a538bf77c90873e3fe7ddc0a6dd231e2e2ea06bdc07e9b160883512a3,18165518185961858,12959210,30263912
flashbots,10968201,0xab51a5ddd964440d4605106a68d9804bdb7e1b9313f43b061f9345ceaa1c2afd,0x82ba7cadcdfc1b156ba2c48c1c627428ba917858e62c3a97d8f919510da23d0f11cf5db53cb92a5faf5de7d31bf38632,32161614991005591,18362783,30323337
flashbots,10968199,0x0a74b8d9626cd3b4c2ebec9476829e18fe7518d77151b8247276485e71643c77,0xb67eaa5efcfa1d17319c344e1e5167811afbfe7922a2cf01c9a361f465597a5dc3a5472bd98843bac88d2541a78eab08,31551774017606788,16825339,30264202
flashbots,10968196,0x9207181923c47f043788e9ee975b89789a3bc01e2218219aae4021c674c83915,0xa21a2f4807a2bcb6b07c10cea241322e0910c30869c1e4eda686b0d69bdcb74d2a140ef994afcf0bb38e0b960df4d2ee,34029793833807247,14271837,30234705
flashbots,10968195,0x9d2c980ee40b6db2e79b0b96968c9d9c96f42b03348c4bca71419111eeaaf6c9,0xb67eaa5efcfa1d17319c344e1e5167811afbfe7922a2cf01c9a361f465597a5dc3a5472bd98843bac88d2541a78eab08,35182313948068326,13202432,30264258
flashbots,10968191,0xc67a749e9bce27782bcde01e43e54702bccdec4c855860f6aad5d69a0220b833,0xa21a2f4807a2bcb6b07c10cea241322e0910c30869c1e4eda686b0d69bdcb74d2a140ef994afcf0bb38e0b960df4d2ee,29705863761854059,14524732,30205266
flashbots,10968167,0x53ba4ee3a8144f7733d3b195f586e6265e241a5c1aedc70e727e4f3077d05353,0xb193dcaf1d485ba78094cb6b4126bff77e08c1244dff814447d3a31d9030b2584b369244ea67f13d48a02fa907b05f3a,44916305899852641,6451026,30205612
flashbots,10968164,0xb6e3a2e8b06c79cd7b975b8d03e83a4910b0ed54e456d86c44c7849f94c5eece,0x83bee51799e65130296f5d60ce7d78119578db6045c3c3631980514abae0be0f9b65fe82eb0c9a79d6d99030112c874c,123702413761959936,8696185,30176173
flashbots,10968151,0x96cebd73666841951356f788e27b03f6df1e1150b6db13936518ae1ade248663,0xa9d0a0f9059972d775a45d8377768ff20234de91a6fbacba5737ff8803807c38021b5863e5084869e695ef1d6c2fdaef,156133720859497409,19852433,30087972
flashbots,10968147,0x5c80ceba1b02232d8df3b617ba5739f249b352551a4f1567348cbb87dfa66818,0xaaf294c49fe14a402c7ffba447ec001032a8e9ff4cb4723c2f62aa0e76a707c7acb0abf545116c8221db50fed0d0d25c,18962652796414844,9246307,30029266
flashbots,10968146,0x4d5f8b3274a16ed4d7b1b18a8356ac9791ccd04bc4bd347fbdd3f45bd3f46755,0xb67eaa5efcfa1d17319c344e1e5167811afbfe7922a2cf01c9a361f465597a5dc3a5472bd98843bac88d2541a78eab08,43326686662124483,12421714,30058619
flashbots,10968109,0x93172468c83bbcb61696dad3b346f747ba9bcefb18902c2698fef68bb192cc26,0xa21a2f4807a2bcb6b07c10cea241322e0910c30869c1e4eda686b0d69bdcb74d2a140ef994afcf0bb38e0b960df4d2ee,26117629555721893,11156511,30087539
flashbots,10968100,0x1dbad07f9bb579739cc6870d2aa459ca7fff41e7985d8ef98dd06e8551e5d451,0xb67eaa5efcfa1d17319c344e1e5167811afbfe7922a2cf01c9a361f465597a5dc3a5472bd98843bac88d2541a78eab08,12235920118493269,13455758,30058302
flashbots,10968090,0x418c32086223b7e5215747be7ece972db2b8beca6339c2cc09d5d813d512616d,0xb193dcaf1d485ba78094cb6b4126bff77e08c1244dff814447d3a31d9030b2584b369244ea67f13d48a02fa907b05f3a,29413075889772261,7570104,30058447
flashbots,10968086,0xcb0f08c71b028231ebf087ba4bf4679e6be496da0e9a52f54d3f4b153223e1db,0x95c8cc31f8d4e54eddb0603b8f12d59d466f656f374bde2073e321bdd16082d420e3eef4d62467a7ea6b83818381f742,16319186728580062,16018855,30117266
flashbots,10968082,0x577f14de2c939ad282a669e778913336f7844e270cc517c662dabc1f255cb74d,0xb193dcaf1d485ba78094cb6b4126bff77e08c1244dff814447d3a31d9030b2584b369244ea67f13d48a02fa907b05f3a,51752710873654786,9905766,30117324
flashbots,10968078,0x5d39258c6c12689ae81c4167ef68e1b64984302de66412717e73a6d9372ac3e5,0x946fcf348bbf1044a3eaa3d27f1d01397cfc4d27495a949447c95ea7ec41db9f5c4fe3b867a937623685a0462996df09,32910066485356781,11743779,30058619
flashbots,10968077,0xc5ed642022d8cf68d8e9c06233dd56ab4de6d6b2ff6503a0ba69dfeeb3e95966,0xb4a435cf816291596fe2e405651ec8b6c80b9cc34dace3c83202ca489a833756c9a0672ebdc17f23d9d43163db1caa5d,24459981814260221,14601296,30029295
flashbots,10968059,0x58e196b26a42bc58e8faf4fb1ac8ede3c182febba0575ae9c1e46d13c35de1e0,0xa00002326e62d66f690e457595023fa44699e4237fc4cc36eed5e4937f19398fc1452be33d2b2f553693e9eda2d26618,23522316012998036,8065022,30000000
flashbots,10968054,0xf449e7a1eef19b97d8a352c6c5735d6d12398b798c526d34d78bf5a133b6bd75,0xa21a2f4807a2bcb6b07c10cea241322e0910c30869c1e4eda686b0d69bdcb74d2a140ef994afcf0bb38e0b960df4d2ee,31557552934697928,14816375,30029237
flashbots,10968051,0x6a7121c50f6f3bb9e2a5431bd723eaf06f4ec210490ec129a46e75dd2ead399a,0xb26f96664274e15fb6fcda862302e47de7e0e2a6687f8349327a9846043e42596ec44af676126e2cacbdd181f548e681,26234345519459015,14427889,30058619
flashbots,10968044,0x6d06b4c6a9074a64f134780c6fc68e7d3e6f65149f8e3d8147a8d88d98802c74,0xb67eaa5efcfa1d17319c344e1e5167811afbfe7922a2cf01c9a361f465597a5dc3a5472bd98843bac88d2541a78eab08,93798499953859173,30056567,30058333
flashbots,10968039,0x335a2354b131250b57531402d12d47409cdae8c93cbaed523b9941790cc7d023,0xa21a2f4807a2bcb6b07c10cea241322e0910c30869c1e4eda686b0d69bdcb74d2a140ef994afcf0bb38e0b960df4d2ee,48477860592940081,13315598,30087771
flashbots,10968032,0xb44bc7de387381106075186a2a0ce7e6e8d737d8f9a405a8f217cbd64cfc25bc,0x840c9dafb68f5cd460b5d5677b85114e89187e7c890f11a8c5fc4a3e4f4aa74136ef0fcd62cf7de9741afcf7d4d3360d,41531000134203966,11494385,30176144
flashbots,10968022,0x7d1eaaf5d7b698cddd8000b51af874dc505a3bda69dcd901658db29935ace1ad,0xb67eaa5efcfa1d17319c344e1e5167811afbfe7922a2cf01c9a361f465597a5dc3a5472bd98843bac88d2541a78eab08,153214911146467889,23513808,30000000
flashbots,10968021,0x11cd6338858394634e3c856b23f3702919ba50b96ba3992a29feb4b48a82880a,0x840c9dafb68f5cd460b5d5677b85114e89187e7c890f11a8c5fc4a3e4f4aa74136ef0fcd62cf7de9741afcf7d4d3360d,19627680346337683,8708701,30029295
flashbots,10968014,0x0edb034e4e2b84ea87168bbaa583cab9b620108bf3623484ef4047431747b4c3,0xa21a2f4807a2bcb6b07c10cea241322e0910c30869c1e4eda686b0d69bdcb74d2a140ef994afcf0bb38e0b960df4d2ee,24915889780727620,13013810,30000000
flashbots,10968006,0xb05fc3bfc3d7c3a607035a68468e8dcb0906cbf5b5dffdff23731ea15d8ea5a7,0xa21a2f4807a2bcb6b07c10cea241322e0910c30869c1e4eda686b0d69bdcb74d2a140ef994afcf0bb38e0b960df4d2ee,18522904644359022,9301662,30029295
flashbots,10968001,0x44832bea2be0cf74ff078b9370beb8835d7e83411f4574bde9cbdcfbb8625691,0xacb407cfb554255db2fbbb320f79bb7f1cc1e8d2dc43324e8e31baafd0836340d49c43eebc51828f53bf6d364f9ac207,42623119679203618,12905004,30000000
flashbots,10967996,0x35351eb6c63876e9dc4ce6f48437647c2e966152d58bcee1855659ec1c7de133,0x840c9dafb68f5cd460b5d5677b85114e89187e7c890f11a8c5fc4a3e4f4aa74136ef0fcd62cf7de9741afcf7d4d3360d,33435252234323493,16258336,30000000
flashbots,10967978,0x9c5edd7d3882c9b1af3bb53bbac7e8b305aef533e245e5a48bb70a097c53c27f,0xa21a2f4807a2bcb6b07c10cea241322e0910c30869c1e4eda686b0d69bdcb74d2a140ef994afcf0bb38e0b960df4d2ee,145756024870901968,11906718,30173014
flashbots,10967946,0xb89016315ca7fe9897ef404101db87529866dd7db5a507c3a9be42d4fc014450,0xb26f96664274e15fb6fcda862302e47de7e0e2a6687f8349327a9846043e42596ec44af676126e2cacbdd181f548e681,23168840094932940,15404145,30291566
flashbots,10967930,0x1982ae3785444b8b7a10b1f16233e06c2faa266b1a64703a4a93be229dc36c1c,0xa00002326e62d66f690e457595023fa44699e4237fc4cc36eed5e4937f19398fc1452be33d2b2f553693e9eda2d26618,182629518205339227,12109616,30410350
flashbots,10967927,0xda6da3f1de88f8022fa13b6dbf742f923297f0b7b82828d9a53a2ffe6da05f52,0xb26f96664274e15fb6fcda862302e47de7e0e2a6687f8349327a9846043e42596ec44af676126e2cacbdd181f548e681,59530286884693962,20197806,30380712
flashbots,10967924,0x2103178001e5cc60cd9cf48056d773107503f73c3081547a9184cfe533d8d40c,0xa00002326e62d66f690e457595023fa44699e4237fc4cc36eed5e4937f19398fc1452be33d2b2f553693e9eda2d26618,192862413211199776,15607461,30351103
flashbots,10967922,0x2bf2aa370459f21220352558a60674db665640d297cf2d5eb5eabf18943cc112,0xb67eaa5efcfa1d17319c344e1e5167811afbfe7922a2cf01c9a361f465597a5dc3a5472bd98843bac88d2541a78eab08,13581907971592028,11828905,30351132
flashbots,10967912,0xbd27647cd8bf57c50edde65445c40ccd5b65946aa41462262237346826485247,0xb67eaa5efcfa1d17319c344e1e5167811afbfe7922a2cf01c9a361f465597a5dc3a5472bd98843bac88d2541a78eab08,45702487240893070,18964722,30115094
flashbots,10967903,0x3b00e5c45946a2f39c20d5b474325c49c5f83d205d327c1db220198a995f4809,0x840c9dafb68f5cd460b5d5677b85114e89187e7c890f11a8c5fc4a3e4f4aa74136ef0fcd62cf7de9741afcf7d4d3360d,71488965231148911,10977128,30203576
flashbots,10967894,0xaf480ba62e760691a9712ec06029b246666641c26a2edfe667dd52cef9949b7a,0xb67eaa5efcfa1d17319c344e1e5167811afbfe7922a2cf01c9a361f465597a5dc3a5472bd98843bac88d2541a78eab08,25193428538794316,18025390,30233213
flashbots,10967892,0x038f0e232e42e1df4dacf6fd00ed996ad365d795060777f46a48841b7e24a2c5,0x93582c97ac58670ba118aae52cf6355d8c680a2a538bf77c90873e3fe7ddc0a6dd231e2e2ea06bdc07e9b160883512a3,22595025465381847,9192536,30174253
flashbots,10967884,0xd378784ed02c0eec200ae0f2c5c6647fcc1f56c1e84cbcef38635b89c7a3c2d8,0xb26f96664274e15fb6fcda862302e47de7e0e2a6687f8349327a9846043e42596ec44af676126e2cacbdd181f548e681,278249602819833084,30099172,30115494
flashbots,10967880,0xfb3af11c3cfca8658e2fb420acd973fefe878281a6d10dc9eddb319c1b5f6fb3,0x93582c97ac58670ba118aae52cf6355d8c680a2a538bf77c90873e3fe7ddc0a6dd231e2e2ea06bdc07e9b160883512a3,36379019056327609,14011696,30115552
flashbots,10967879,0xc1cac46f2e21bf46f5890ec5c1f5788994844fdd716d4e6eebed0b8715482102,0xb67eaa5efcfa1d17319c344e1e5167811afbfe7922a2cf01c9a361f465597a5dc3a5472bd98843bac88d2541a78eab08,27610153358314556,13635720,30086172
flashbots,10967865,0xaca58078e98033f1acbf770184363428aa6a781807940a18e64e483bd17960f8,0x946fcf348bbf1044a3eaa3d27f1d01397cfc4d27495a949447c95ea7ec41db9f5c4fe3b867a937623685a0462996df09,95706144218491842,21835006,30263167
flashbots,10967850,0xdb21f8e8ccf2c52df201a3c42603098130741d82dc726bf4fa424c874713c760,0xb67eaa5efcfa1d17319c344e1e5167811afbfe7922a2cf01c9a361f465597a5dc3a5472bd98843bac88d2541a78eab08,15763780921508511,14080821,30115979
flashbots,10967845,0x130c6f074826fd6ce6c9cf44c7cb8736af6260e4e94c9539894a0ee40a476721,0xb26f96664274e15fb6fcda862302e47de7e0e2a6687f8349327a9846043e42596ec44af676126e2cacbdd181f548e681,30391587817070291,18199705,30086657
flashbots,10967844,0x203bd2a9ab1d9346af6fd7af42080ff64c2eaf41706895a61311a9d86d4dd4a6,0xa21a2f4807a2bcb6b07c10cea241322e0910c30869c1e4eda686b0d69bdcb74d2a140ef994afcf0bb38e0b960df4d2ee,30225257045505146,16175486,30057306
flashbots,10967825,0x578196437927c77444315a2dd2d6549d55f1b18440d6b3322dc1989b6242557f,0xb67eaa5efcfa1d17319c344e1e5167811afbfe7922a2cf01c9a361f465597a5dc3a5472bd98843bac88d2541a78eab08,711843793429560394,20677587,30086942
flashbots,10967823,0x81eb2b8caf38f7b8ddd2df51e4fa417f9e8b8a2a09287d018fac1c7cd88d20f9,0x852a00817dd13ce36535855192e218ccad6d489f90605c501fd4294940550592426552006ebd44f0e661b73d58a9765c,40981367689681859,10971789,30086971
flashbots,10967811,0xf1c10e292a536a17c258bc7aed1a7be9236ccaaa9522c1db301fe35d33453726,0xb4a435cf816291596fe2e405651ec8b6c80b9cc34dace3c83202ca489a833756c9a0672ebdc17f23d9d43163db1caa5d,110727309956822259,10838956,30204895
flashbots,10967807,0x14704838eeb49b94260600c1896611261dc08c11e9f17ce278161a2f9967cdaf,0xb67eaa5efcfa1d17319c344e1e5167811afbfe7922a2cf01c9a361f465597a5dc3a5472bd98843bac88d2541a78eab08,23360451074779619,18919655,30204951
flashbots,10967806,0x38cfdec7f0c884a8a3c28b26fe1990649f5f58d121190d9db3f92d9f59f5bda5,0x93582c97ac58670ba118aae52cf6355d8c680a2a538bf77c90873e3fe7ddc0a6dd231e2e2ea06bdc07e9b160883512a3,34618512540452808,10110742,30175484
flashbots,10967801,0x45ab672b6e7e02b279c51b0e8a9771477216e6d60a3800a1a82aabe4d00ffb0e,0xa21a2f4807a2bcb6b07c10cea241322e0910c30869c1e4eda686b0d69bdcb74d2a140ef994afcf0bb38e0b960df4d2ee,35289468548345484,5771878,30234532
flashbots,10967790,0xce7b70bea412d39590fcbc0d9ffe554b6c95fb93594c3a8f61b17c7bd61707c9,0xa00001792da52b2ad6606033396337f86e7598c8e0927d640bb649e0a9fe230df41f8ffd3403a5cd4fffd5131e2fbe47,706993113409460136,11509073,30087427
flashbots,10967763,0xe671a5fa51741cd6898ddb3bc471293801982fa28104b045fdae1a5bc1629b34,0x840c9dafb68f5cd460b5d5677b85114e89187e7c890f11a8c5fc4a3e4f4aa74136ef0fcd62cf7de9741afcf7d4d3360d,45093911493615664,10846606,30117210
flashbots,10967755,0x251570e7a371ff6641671c6f5dc33a212bbcc7c38524dd15f4c4c8aa606c2a17,0x840c9dafb68f5cd460b5d5677b85114e89187e7c890f11a8c5fc4a3e4f4aa74136ef0fcd62cf7de9741afcf7d4d3360d,33529294053005903,9525078,30117325
flashbots,10967731,0xd26db1fa7a0b524f8f182754f8a1b40f7c84359e4628a7c974c7c1e2353c5e93,0xacb407cfb554255db2fbbb320f79bb7f1cc1e8d2dc43324e8e31baafd0836340d49c43eebc51828f53bf6d364f9ac207,32924396264933548,13411507,30029295
flashbots,10967706,0x098ff521d1f94581402f8d61e77326af7082eb523e54b2cd6d167318ccb38757,0xa21a2f4807a2bcb6b07c10cea241322e0910c30869c1e4eda686b0d69bdcb74d2a140ef994afcf0bb38e0b960df4d2ee,50867861257828536,12014634,30086971
flashbots,10967672,0x1fdacf126ed140962bba9d51b4e464b7649eba245baee77023f57685588be4ae,0xb26f96664274e15fb6fcda862302e47de7e0e2a6687f8349327a9846043e42596ec44af676126e2cacbdd181f548e681,13497622101173883,16989332,30293812
flashbots,10967649,0x6c5eae77dcd38cf351936e9bd71b786d776ecdcffb80475412cd3e37313ef47b,0x93582c97ac58670ba118aae52cf6355d8c680a2a538bf77c90873e3fe7ddc0a6dd231e2e2ea06bdc07e9b160883512a3,20223906426063717,13356456,30205527
flashbots,10967645,0x1831a375ff1dc4d89f838c11ae7fc6f5081bff7183e1497461df89266c8fe3bd,0x852a00817dd13ce36535855192e218ccad6d489f90605c501fd4294940550592426552006ebd44f0e661b73d58a9765c,36246772504421803,12127232,30146649
flashbots,10967638,0xbba5e24131306bd1ac0faa58f1343620435bd1cad9bf7fd590801438e4b531e3,0x840c9dafb68f5cd460b5d5677b85114e89187e7c890f11a8c5fc4a3e4f4aa74136ef0fcd62cf7de9741afcf7d4d3360d,22563452379803320,15484457,30117324
flashbots,10967601,0xaf1e507ae85a512dbd716d9d8d8d48f14c3600b12ec0f0a1dc92df962fe26ee9,0xa9d0a0f9059972d775a45d8377768ff20234de91a6fbacba5737ff8803807c38021b5863e5084869e695ef1d6c2fdaef,15709092951220999,12449015,30117325
flashbots,10967594,0x8a06284d0b8be62bdda93a453d08dc56f13a7912607b54fce591a58f82cc8d57,0xb26f96664274e15fb6fcda862302e47de7e0e2a6687f8349327a9846043e42596ec44af676126e2cacbdd181f548e681,59550400719455569,11233869,30000000
